timestamp,temperature,humidity,solar_radiation,wind_speed,rainfall,scenario,water_availability_factor,atmospheric_pressure,saturation_vapor_pressure,actual_vapor_pressure,vpd,delta,gamma,net_shortwave_radiation,net_longwave_radiation,net_radiation,soil_heat_flux,et0,et0_rate_mm_day
2026-06-01 00:00:00,22.84,72.7,0.0,1.46,0.0,Normal,1.0,100.675,2.7824,2.0228,0.7596,0.16849,0.06695,0.0,0.00244,-0.00244,-0.00122,0.000264,0.38
2026-06-01 00:01:00,22.61,73.71,0.0,1.62,0.0,Normal,1.0,100.675,2.7438,2.0225,0.7214,0.16645,0.06695,0.0,0.002432,-0.002432,-0.001216,0.000298,0.4295
2026-06-01 00:02:00,22.84,72.97,0.0,1.3,0.0,Normal,1.0,100.675,2.7824,2.0303,0.7521,0.16849,0.06695,0.0,0.002433,-0.002433,-0.001217,0.000199,0.2869
2026-06-01 00:03:00,22.84,73.21,0.0,1.62,0.0,Normal,1.0,100.675,2.7824,2.037,0.7454,0.16849,0.06695,0.0,0.002428,-0.002428,-0.001214,0.000312,0.4499
2026-06-01 00:04:00,22.37,73.82,0.0,1.41,0.0,Normal,1.0,100.675,2.7041,1.9962,0.7079,0.16435,0.06695,0.0,0.002447,-0.002447,-0.001223,0.000218,0.3143
2026-06-01 00:05:00,22.44,73.82,0.0,1.5,0.0,Normal,1.0,100.675,2.7157,2.0047,0.711,0.16496,0.06695,0.0,0.002442,-0.002442,-0.001221,0.000251,0.3618
2026-06-01 00:06:00,22.62,73.44,0.0,1.8,0.0,Normal,1.0,100.675,2.7455,2.0163,0.7292,0.16654,0.06695,0.0,0.002438,-0.002438,-0.001219,0.000366,0.5272
2026-06-01 00:07:00,22.52,73.5,0.0,1.68,0.0,Normal,1.0,100.675,2.7289,2.0057,0.7232,0.16566,0.06695,0.0,0.002444,-0.002444,-0.001222,0.000322,0.4633
2026-06-01 00:08:00,22.53,73.14,0.0,1.7,0.0,Normal,1.0,100.675,2.7306,1.9971,0.7334,0.16575,0.06695,0.0,0.002451,-0.002451,-0.001226,0.000336,0.4844
2026-06-01 00:09:00,22.38,73.61,0.0,1.23,0.0,Normal,1.0,100.675,2.7058,1.9917,0.7141,0.16443,0.06695,0.0,0.002451,-0.002451,-0.001225,0.000156,0.2251
2026-06-01 00:10:00,22.6,72.69,0.0,1.95,0.0,Normal,1.0,100.675,2.7422,1.9933,0.7489,0.16636,0.06695,0.0,0.002457,-0.002457,-0.001228,0.000434,0.6252
2026-06-01 00:11:00,22.56,73.57,0.0,1.34,0.0,Normal,1.0,100.675,2.7355,2.0125,0.723,0.16601,0.06695,0.0,0.002439,-0.002439,-0.00122,0.0002,0.2882
2026-06-01 00:12:00,22.42,73.64,0.0,1.88,0.0,Normal,1.0,100.675,2.7124,1.9974,0.715,0.16478,0.06695,0.0,0.002447,-0.002447,-0.001224,0.000385,0.5538
2026-06-01 00:13:00,22.54,72.95,0.0,1.78,0.0,Normal,1.0,100.675,2.7322,1.9932,0.7391,0.16583,0.06695,0.0,0.002455,-0.002455,-0.001228,0.000369,0.5307
2026-06-01 00:14:00,22.41,73.31,0.0,1.69,0.0,Normal,1.0,100.675,2.7107,1.9872,0.7235,0.1647,0.06695,0.0,0.002456,-0.002456,-0.001228,0.000327,0.4711
2026-06-01 00:15:00,22.18,73.63,0.0,1.4,0.0,Normal,1.0,100.675,2.6731,1.9682,0.7049,0.1627,0.06695,0.0,0.002464,-0.002464,-0.001232,0.000215,0.3096
2026-06-01 00:16:00,22.33,74.52,0.0,1.6,0.0,Normal,1.0,100.675,2.6976,2.0102,0.6873,0.164,0.06695,0.0,0.002434,-0.002434,-0.001217,0.00027,0.3895
2026-06-01 00:17:00,22.1,74.62,0.0,1.48,0.0,Normal,1.0,100.675,2.6601,1.985,0.6751,0.162,0.06695,0.0,0.002447,-0.002447,-0.001224,0.000224,0.323
2026-06-01 00:18:00,22.35,73.38,0.0,1.57,0.0,Normal,1.0,100.675,2.7009,1.9819,0.719,0.16417,0.06695,0.0,0.002458,-0.002458,-0.001229,0.000283,0.4071
2026-06-01 00:19:00,22.18,74.85,0.0,1.52,0.0,Normal,1.0,100.675,2.6731,2.0008,0.6723,0.1627,0.06695,0.0,0.002437,-0.002437,-0.001218,0.000235,0.3381
2026-06-01 00:20:00,22.12,74.18,0.0,1.16,0.0,Normal,1.0,100.675,2.6633,1.9757,0.6877,0.16218,0.06695,0.0,0.002456,-0.002456,-0.001228,0.000119,0.171
2026-06-01 00:21:00,22.02,73.96,0.0,1.79,0.0,Normal,1.0,100.675,2.6472,1.9578,0.6893,0.16132,0.06695,0.0,0.002468,-0.002468,-0.001234,0.00034,0.4895
2026-06-01 00:22:00,22.27,74.71,0.0,1.54,0.0,Normal,1.0,100.675,2.6878,2.008,0.6797,0.16348,0.06695,0.0,0.002433,-0.002433,-0.001217,0.000246,0.3537
2026-06-01 00:23:00,22.03,74.44,0.0,1.46,0.0,Normal,1.0,100.675,2.6488,1.9717,0.677,0.1614,0.06695,0.0,0.002456,-0.002456,-0.001228,0.00022,0.3162
2026-06-01 00:24:00,21.96,74.72,0.0,1.45,0.0,Normal,1.0,100.675,2.6375,1.9707,0.6668,0.1608,0.06695,0.0,0.002455,-0.002455,-0.001227,0.00021,0.3026
2026-06-01 00:25:00,21.94,75.04,0.0,1.63,0.0,Normal,1.0,100.675,2.6343,1.9768,0.6575,0.16063,0.06695,0.0,0.002449,-0.002449,-0.001225,0.000264,0.3796
2026-06-01 00:26:00,22.04,75.42,0.0,1.38,0.0,Normal,1.0,100.675,2.6504,1.9989,0.6515,0.16149,0.06695,0.0,0.002434,-0.002434,-0.001217,0.000176,0.2529
2026-06-01 00:27:00,21.99,74.91,0.0,1.1,0.0,Normal,1.0,100.675,2.6423,1.9794,0.663,0.16106,0.06695,0.0,0.002449,-0.002449,-0.001224,8.5e-05,0.123
2026-06-01 00:28:00,21.96,74.24,0.0,1.63,0.0,Normal,1.0,100.675,2.6375,1.9581,0.6794,0.1608,0.06695,0.0,0.002466,-0.002466,-0.001233,0.00028,0.403
2026-06-01 00:29:00,21.93,75.37,0.0,1.65,0.0,Normal,1.0,100.675,2.6327,1.9842,0.6484,0.16055,0.06695,0.0,0.002442,-0.002442,-0.001221,0.000263,0.3791
2026-06-01 00:30:00,22.16,74.12,0.0,1.51,0.0,Normal,1.0,100.675,2.6698,1.9789,0.691,0.16252,0.06695,0.0,0.002455,-0.002455,-0.001227,0.000245,0.3523
2026-06-01 00:31:00,21.75,76.7,0.0,1.32,0.0,Normal,1.0,100.675,2.6039,1.9972,0.6067,0.15901,0.06695,0.0,0.002426,-0.002426,-0.001213,0.000131,0.1884
2026-06-01 00:32:00,21.7,75.69,0.0,1.56,0.0,Normal,1.0,100.675,2.596,1.9649,0.6311,0.15859,0.06695,0.0,0.002451,-0.002451,-0.001226,0.000225,0.3233
2026-06-01 00:33:00,21.62,74.56,0.0,1.25,0.0,Normal,1.0,100.675,2.5833,1.9261,0.6572,0.15791,0.06695,0.0,0.002482,-0.002482,-0.001241,0.000139,0.1999
2026-06-01 00:34:00,21.81,75.61,0.0,1.34,0.0,Normal,1.0,100.675,2.6135,1.976,0.6374,0.15952,0.06695,0.0,0.002445,-0.002445,-0.001223,0.000156,0.2243
2026-06-01 00:35:00,21.85,76.43,0.0,1.39,0.0,Normal,1.0,100.675,2.6199,2.0024,0.6175,0.15986,0.06695,0.0,0.002424,-0.002424,-0.001212,0.000159,0.2291
2026-06-01 00:36:00,21.64,76.81,0.0,1.71,0.0,Normal,1.0,100.675,2.5865,1.9867,0.5998,0.15808,0.06695,0.0,0.002431,-0.002431,-0.001215,0.000247,0.3564
2026-06-01 00:37:00,21.5,77.35,0.0,1.47,0.0,Normal,1.0,100.675,2.5644,1.9836,0.5808,0.1569,0.06695,0.0,0.002429,-0.002429,-0.001214,0.000163,0.2348
2026-06-01 00:38:00,21.47,75.72,0.0,1.45,0.0,Normal,1.0,100.675,2.5597,1.9382,0.6215,0.15665,0.06695,0.0,0.002466,-0.002466,-0.001233,0.000185,0.2667
2026-06-01 00:39:00,21.66,76.35,0.0,1.93,0.0,Normal,1.0,100.675,2.5896,1.9772,0.6124,0.15825,0.06695,0.0,0.002439,-0.002439,-0.00122,0.000323,0.4648
2026-06-01 00:40:00,21.64,75.42,0.0,1.6,0.0,Normal,1.0,100.675,2.5865,1.9507,0.6358,0.15808,0.06695,0.0,0.002461,-0.002461,-0.001231,0.000242,0.3478
2026-06-01 00:41:00,21.58,76.15,0.0,1.6,0.0,Normal,1.0,100.675,2.577,1.9624,0.6146,0.15758,0.06695,0.0,0.002449,-0.002449,-0.001225,0.000226,0.326
2026-06-01 00:42:00,21.37,75.84,0.0,1.46,0.0,Normal,1.0,100.675,2.5441,1.9294,0.6147,0.15582,0.06695,0.0,0.002471,-0.002471,-0.001235,0.000185,0.2662
2026-06-01 00:43:00,21.48,75.93,0.0,1.41,0.0,Normal,1.0,100.675,2.5613,1.9448,0.6165,0.15674,0.06695,0.0,0.002461,-0.002461,-0.001231,0.000169,0.2431
2026-06-01 00:44:00,21.43,76.04,0.0,1.09,0.0,Normal,1.0,100.675,2.5535,1.9416,0.6118,0.15632,0.06695,0.0,0.002462,-0.002462,-0.001231,6e-05,0.087
2026-06-01 00:45:00,21.41,77.03,0.0,1.72,0.0,Normal,1.0,100.675,2.5503,1.9645,0.5858,0.15615,0.06695,0.0,0.002442,-0.002442,-0.001221,0.000242,0.3487
2026-06-01 00:46:00,21.48,76.78,0.0,1.62,0.0,Normal,1.0,100.675,2.5613,1.9666,0.5947,0.15674,0.06695,0.0,0.002443,-0.002443,-0.001221,0.000219,0.3149
2026-06-01 00:47:00,21.35,76.82,0.0,1.49,0.0,Normal,1.0,100.675,2.541,1.952,0.589,0.15565,0.06695,0.0,0.002451,-0.002451,-0.001225,0.000177,0.2542
2026-06-01 00:48:00,21.39,75.73,0.0,1.5,0.0,Normal,1.0,100.675,2.5472,1.929,0.6182,0.15598,0.06695,0.0,0.002472,-0.002472,-0.001236,0.0002,0.2879
2026-06-01 00:49:00,21.27,76.69,0.0,1.67,0.0,Normal,1.0,100.675,2.5286,1.9391,0.5894,0.15498,0.06695,0.0,0.002459,-0.002459,-0.001229,0.000232,0.3343
2026-06-01 00:50:00,21.27,76.42,0.0,1.21,0.0,Normal,1.0,100.675,2.5286,1.9323,0.5962,0.15498,0.06695,0.0,0.002465,-0.002465,-0.001232,9.3e-05,0.1344
2026-06-01 00:51:00,21.3,77.33,0.0,1.4,0.0,Normal,1.0,100.675,2.5332,1.9589,0.5743,0.15523,0.06695,0.0,0.002443,-0.002443,-0.001222,0.000139,0.2008
2026-06-01 00:52:00,20.95,78.47,0.0,1.29,0.0,Normal,1.0,100.675,2.4794,1.9456,0.5338,0.15235,0.06695,0.0,0.002443,-0.002443,-0.001221,8.4e-05,0.1204
2026-06-01 00:53:00,21.1,78.0,0.0,1.87,0.0,Normal,1.0,100.675,2.5023,1.9518,0.5505,0.15358,0.06695,0.0,0.002442,-0.002442,-0.001221,0.000258,0.3721
2026-06-01 00:54:00,21.04,77.06,0.0,1.69,0.0,Normal,1.0,100.675,2.4931,1.9212,0.5719,0.15308,0.06695,0.0,0.002466,-0.002466,-0.001233,0.000227,0.3269
2026-06-01 00:55:00,20.99,76.02,0.0,1.08,0.0,Normal,1.0,100.675,2.4855,1.8895,0.596,0.15267,0.06695,0.0,0.002492,-0.002492,-0.001246,5.2e-05,0.0754
2026-06-01 00:56:00,21.01,76.53,0.0,1.21,0.0,Normal,1.0,100.675,2.4885,1.9045,0.5841,0.15284,0.06695,0.0,0.00248,-0.00248,-0.00124,8.9e-05,0.1276
2026-06-01 00:57:00,21.25,77.79,0.0,1.49,0.0,Normal,1.0,100.675,2.5255,1.9646,0.5609,0.15482,0.06695,0.0,0.002437,-0.002437,-0.001218,0.000158,0.227
2026-06-01 00:58:00,20.87,77.76,0.0,1.42,0.0,Normal,1.0,100.675,2.4672,1.9185,0.5487,0.15169,0.06695,0.0,0.002463,-0.002463,-0.001232,0.000132,0.1907
2026-06-01 00:59:00,21.11,76.87,0.0,1.25,0.0,Normal,1.0,100.675,2.5039,1.9247,0.5791,0.15366,0.06695,0.0,0.002466,-0.002466,-0.001233,9.8e-05,0.1406
2026-06-01 01:00:00,20.69,79.49,0.0,1.9,0.0,Normal,1.0,100.675,2.44,1.9396,0.5005,0.15023,0.06695,0.0,0.002439,-0.002439,-0.00122,0.000226,0.3257
2026-06-01 01:01:00,20.86,78.78,0.0,1.57,0.0,Normal,1.0,100.675,2.4657,1.9425,0.5232,0.15161,0.06695,0.0,0.002442,-0.002442,-0.001221,0.000157,0.2258
2026-06-01 01:02:00,20.91,77.91,0.0,1.6,0.0,Normal,1.0,100.675,2.4733,1.9269,0.5463,0.15202,0.06695,0.0,0.002457,-0.002457,-0.001229,0.000182,0.2627
2026-06-01 01:03:00,20.94,77.62,0.0,1.37,0.0,Normal,1.0,100.675,2.4779,1.9233,0.5545,0.15227,0.06695,0.0,0.002461,-0.002461,-0.001231,0.000121,0.174
2026-06-01 01:04:00,20.93,77.74,0.0,1.65,0.0,Normal,1.0,100.675,2.4763,1.9251,0.5512,0.15218,0.06695,0.0,0.002459,-0.002459,-0.00123,0.0002,0.2883
2026-06-01 01:05:00,20.92,78.0,0.0,1.43,0.0,Normal,1.0,100.675,2.4748,1.9304,0.5445,0.1521,0.06695,0.0,0.002455,-0.002455,-0.001227,0.000132,0.19
2026-06-01 01:06:00,20.72,79.38,0.0,1.45,0.0,Normal,1.0,100.675,2.4446,1.9405,0.5041,0.15048,0.06695,0.0,0.002439,-0.002439,-0.00122,0.000111,0.1602
2026-06-01 01:07:00,20.67,78.8,0.0,1.63,0.0,Normal,1.0,100.675,2.437,1.9204,0.5167,0.15007,0.06695,0.0,0.002455,-0.002455,-0.001227,0.00017,0.245
2026-06-01 01:08:00,20.84,78.51,0.0,1.18,0.0,Normal,1.0,100.675,2.4627,1.9334,0.5292,0.15145,0.06695,0.0,0.002449,-0.002449,-0.001225,4.9e-05,0.0708
2026-06-01 01:09:00,20.66,79.29,0.0,1.82,0.0,Normal,1.0,100.675,2.4355,1.9311,0.5044,0.14999,0.06695,0.0,0.002445,-0.002445,-0.001223,0.00021,0.3023
2026-06-01 01:10:00,20.47,78.42,0.0,1.54,0.0,Normal,1.0,100.675,2.4072,1.8877,0.5195,0.14846,0.06695,0.0,0.002476,-0.002476,-0.001238,0.00015,0.2159
2026-06-01 01:11:00,20.46,79.59,0.0,1.76,0.0,Normal,1.0,100.675,2.4057,1.9147,0.491,0.14838,0.06695,0.0,0.002453,-0.002453,-0.001226,0.000185,0.2669
2026-06-01 01:12:00,20.46,78.95,0.0,1.28,0.0,Normal,1.0,100.675,2.4057,1.8993,0.5064,0.14838,0.06695,0.0,0.002466,-0.002466,-0.001233,6.8e-05,0.0975
2026-06-01 01:13:00,20.65,77.1,0.0,1.31,0.0,Normal,1.0,100.675,2.434,1.8766,0.5574,0.14991,0.06695,0.0,0.002491,-0.002491,-0.001246,0.000107,0.1545
2026-06-01 01:14:00,20.57,77.56,0.0,1.27,0.0,Normal,1.0,100.675,2.4221,1.8786,0.5435,0.14926,0.06695,0.0,0.002487,-0.002487,-0.001244,8.7e-05,0.1254
2026-06-01 01:15:00,20.62,78.07,0.0,1.55,0.0,Normal,1.0,100.675,2.4295,1.8967,0.5328,0.14967,0.06695,0.0,0.002473,-0.002473,-0.001237,0.000161,0.2321
2026-06-01 01:16:00,20.43,79.54,0.0,1.51,0.0,Normal,1.0,100.675,2.4013,1.91,0.4913,0.14814,0.06695,0.0,0.002456,-0.002456,-0.001228,0.000121,0.1741
2026-06-01 01:17:00,20.49,79.12,0.0,1.4,0.0,Normal,1.0,100.675,2.4102,1.9069,0.5032,0.14862,0.06695,0.0,0.00246,-0.00246,-0.00123,9.9e-05,0.1427
2026-06-01 01:18:00,20.53,79.05,0.0,1.29,0.0,Normal,1.0,100.675,2.4161,1.9099,0.5062,0.14894,0.06695,0.0,0.002459,-0.002459,-0.001229,7e-05,0.1005
2026-06-01 01:19:00,20.36,80.57,0.0,1.24,0.0,Normal,1.0,100.675,2.3909,1.9263,0.4646,0.14758,0.06695,0.0,0.002439,-0.002439,-0.00122,3.1e-05,0.0452
2026-06-01 01:20:00,20.45,78.39,0.0,1.48,0.0,Normal,1.0,100.675,2.4042,1.8847,0.5196,0.1483,0.06695,0.0,0.002478,-0.002478,-0.001239,0.000133,0.1921
2026-06-01 01:21:00,20.26,79.68,0.0,1.4,0.0,Normal,1.0,100.675,2.3762,1.8933,0.4828,0.14679,0.06695,0.0,0.002464,-0.002464,-0.001232,8.7e-05,0.1253
2026-06-01 01:22:00,20.28,79.83,0.0,1.36,0.0,Normal,1.0,100.675,2.3791,1.8993,0.4799,0.14695,0.06695,0.0,0.00246,-0.00246,-0.00123,7.4e-05,0.1067
2026-06-01 01:23:00,20.25,79.29,0.0,1.8,0.0,Normal,1.0,100.675,2.3747,1.8829,0.4918,0.14671,0.06695,0.0,0.002473,-0.002473,-0.001236,0.000199,0.2863
2026-06-01 01:24:00,20.1,80.16,0.0,1.47,0.0,Normal,1.0,100.675,2.3528,1.886,0.4668,0.14553,0.06695,0.0,0.002465,-0.002465,-0.001232,9.5e-05,0.1375
2026-06-01 01:25:00,20.32,78.55,0.0,1.74,0.0,Normal,1.0,100.675,2.385,1.8734,0.5116,0.14727,0.06695,0.0,0.002483,-0.002483,-0.001242,0.0002,0.2876
2026-06-01 01:26:00,20.15,80.83,0.0,1.38,0.0,Normal,1.0,100.675,2.3601,1.9077,0.4524,0.14592,0.06695,0.0,0.002448,-0.002448,-0.001224,6.2e-05,0.0887
2026-06-01 01:27:00,20.2,79.45,0.0,1.54,0.0,Normal,1.0,100.675,2.3674,1.8809,0.4865,0.14631,0.06695,0.0,0.002473,-0.002473,-0.001236,0.000128,0.1838
2026-06-01 01:28:00,20.24,80.95,0.0,1.48,0.0,Normal,1.0,100.675,2.3732,1.9211,0.4521,0.14663,0.06695,0.0,0.00244,-0.00244,-0.00122,8.6e-05,0.1236
2026-06-01 01:29:00,20.21,79.8,0.0,1.15,0.0,Normal,1.0,100.675,2.3689,1.8903,0.4785,0.14639,0.06695,0.0,0.002465,-0.002465,-0.001232,1.6e-05,0.0233
2026-06-01 01:30:00,20.22,80.42,0.0,1.77,0.0,Normal,1.0,100.675,2.3703,1.9062,0.4641,0.14647,0.06695,0.0,0.002452,-0.002452,-0.001226,0.000167,0.2407
2026-06-01 01:31:00,20.08,80.16,0.0,1.46,0.0,Normal,1.0,100.675,2.3499,1.8837,0.4662,0.14537,0.06695,0.0,0.002466,-0.002466,-0.001233,9.3e-05,0.1334
2026-06-01 01:32:00,20.01,80.38,0.0,1.64,0.0,Normal,1.0,100.675,2.3397,1.8807,0.4591,0.14482,0.06695,0.0,0.002466,-0.002466,-0.001233,0.000133,0.192
2026-06-01 01:33:00,20.03,79.97,0.0,1.34,0.0,Normal,1.0,100.675,2.3426,1.8734,0.4692,0.14498,0.06695,0.0,0.002473,-0.002473,-0.001237,6.4e-05,0.0917
2026-06-01 01:34:00,19.77,81.14,0.0,1.45,0.0,Normal,1.0,100.675,2.3052,1.8704,0.4348,0.14295,0.06695,0.0,0.002467,-0.002467,-0.001234,7e-05,0.1005
2026-06-01 01:35:00,19.78,81.22,0.0,1.31,0.0,Normal,1.0,100.675,2.3066,1.8734,0.4332,0.14303,0.06695,0.0,0.002465,-0.002465,-0.001232,3.4e-05,0.0487
2026-06-01 01:36:00,19.77,80.58,0.0,1.73,0.0,Normal,1.0,100.675,2.3052,1.8575,0.4477,0.14295,0.06695,0.0,0.002478,-0.002478,-0.001239,0.000148,0.2134
2026-06-01 01:37:00,19.79,80.91,0.0,1.55,0.0,Normal,1.0,100.675,2.3081,1.8674,0.4406,0.1431,0.06695,0.0,0.00247,-0.00247,-0.001235,9.9e-05,0.142
2026-06-01 01:38:00,19.98,80.11,0.0,1.56,0.0,Normal,1.0,100.675,2.3354,1.8709,0.4645,0.14458,0.06695,0.0,0.002474,-0.002474,-0.001237,0.000118,0.1699
2026-06-01 01:39:00,19.76,82.47,0.0,1.76,0.0,Normal,1.0,100.675,2.3038,1.8999,0.4039,0.14287,0.06695,0.0,0.002442,-0.002442,-0.001221,0.000116,0.1675
2026-06-01 01:40:00,19.81,80.88,0.0,1.71,0.0,Normal,1.0,100.675,2.3109,1.8691,0.4418,0.14326,0.06695,0.0,0.00247,-0.00247,-0.001235,0.000138,0.1986
2026-06-01 01:41:00,20.04,81.23,0.0,1.64,0.0,Normal,1.0,100.675,2.3441,1.9041,0.44,0.14505,0.06695,0.0,0.002448,-0.002448,-0.001224,0.000117,0.1688
2026-06-01 01:42:00,19.77,80.95,0.0,1.2,0.0,Normal,1.0,100.675,2.3052,1.8661,0.4391,0.14295,0.06695,0.0,0.002471,-0.002471,-0.001235,1e-05,0.0137
2026-06-01 01:43:00,19.91,80.83,0.0,1.34,0.0,Normal,1.0,100.675,2.3253,1.8795,0.4458,0.14404,0.06695,0.0,0.002464,-0.002464,-0.001232,4.9e-05,0.0703
2026-06-01 01:44:00,19.63,80.65,0.0,1.28,0.0,Normal,1.0,100.675,2.2853,1.8431,0.4422,0.14187,0.06695,0.0,0.002486,-0.002486,-0.001243,3.3e-05,0.0479
2026-06-01 01:45:00,19.72,80.93,0.0,1.63,0.0,Normal,1.0,100.675,2.2981,1.8598,0.4382,0.14256,0.06695,0.0,0.002474,-0.002474,-0.001237,0.000117,0.1681
2026-06-01 01:46:00,19.58,81.71,0.0,1.52,0.0,Normal,1.0,100.675,2.2782,1.8615,0.4167,0.14148,0.06695,0.0,0.002468,-0.002468,-0.001234,7.5e-05,0.1074
2026-06-01 01:47:00,19.65,82.34,0.0,1.2,0.0,Normal,1.0,100.675,2.2881,1.884,0.4041,0.14202,0.06695,0.0,0.002451,-0.002451,-0.001226,0.0,0.0
2026-06-01 01:48:00,19.8,81.1,0.0,1.44,0.0,Normal,1.0,100.675,2.3095,1.873,0.4365,0.14318,0.06695,0.0,0.002466,-0.002466,-0.001233,6.8e-05,0.0984
2026-06-01 01:49:00,19.39,82.93,0.0,1.18,0.0,Normal,1.0,100.675,2.2514,1.8671,0.3843,0.14003,0.06695,0.0,0.002457,-0.002457,-0.001229,0.0,0.0
2026-06-01 01:50:00,19.69,81.65,0.0,1.47,0.0,Normal,1.0,100.675,2.2938,1.8729,0.4209,0.14233,0.06695,0.0,0.002462,-0.002462,-0.001231,6.5e-05,0.0936
2026-06-01 01:51:00,19.64,82.39,0.0,1.15,0.0,Normal,1.0,100.675,2.2867,1.884,0.4027,0.14194,0.06695,0.0,0.002451,-0.002451,-0.001226,0.0,0.0
2026-06-01 01:52:00,19.49,81.79,0.0,1.59,0.0,Normal,1.0,100.675,2.2655,1.8529,0.4125,0.14079,0.06695,0.0,0.002472,-0.002472,-0.001236,8.8e-05,0.1274
2026-06-01 01:53:00,19.34,83.68,0.0,1.56,0.0,Normal,1.0,100.675,2.2444,1.8781,0.3663,0.13965,0.06695,0.0,0.002446,-0.002446,-0.001223,4.5e-05,0.0655
2026-06-01 01:54:00,19.54,81.39,0.0,1.86,0.0,Normal,1.0,100.675,2.2725,1.8496,0.4229,0.14117,0.06695,0.0,0.002477,-0.002477,-0.001238,0.000158,0.2281
2026-06-01 01:55:00,19.43,81.53,0.0,1.65,0.0,Normal,1.0,100.675,2.257,1.8402,0.4169,0.14033,0.06695,0.0,0.002481,-0.002481,-0.001241,0.000106,0.1534
2026-06-01 01:56:00,19.52,81.01,0.0,1.4,0.0,Normal,1.0,100.675,2.2697,1.8387,0.431,0.14102,0.06695,0.0,0.002486,-0.002486,-0.001243,5.7e-05,0.082
2026-06-01 01:57:00,19.47,83.29,0.0,1.64,0.0,Normal,1.0,100.675,2.2627,1.8846,0.3781,0.14064,0.06695,0.0,0.002445,-0.002445,-0.001222,7.1e-05,0.1022
2026-06-01 01:58:00,19.68,81.78,0.0,1.2,0.0,Normal,1.0,100.675,2.2924,1.8747,0.4177,0.14225,0.06695,0.0,0.00246,-0.00246,-0.00123,0.0,0.0
2026-06-01 01:59:00,19.38,81.92,0.0,1.29,0.0,Normal,1.0,100.675,2.25,1.8432,0.4068,0.13995,0.06695,0.0,0.002477,-0.002477,-0.001239,1.4e-05,0.0206
2026-06-01 02:00:00,19.24,83.26,0.0,1.55,0.0,Normal,1.0,100.675,2.2305,1.8571,0.3734,0.13889,0.06695,0.0,0.00246,-0.00246,-0.00123,5e-05,0.072
2026-06-01 02:01:00,19.4,82.48,0.0,1.05,0.0,Normal,1.0,100.675,2.2528,1.8581,0.3947,0.1401,0.06695,0.0,0.002465,-0.002465,-0.001233,0.0,0.0
2026-06-01 02:02:00,19.39,83.3,0.0,1.47,0.0,Normal,1.0,100.675,2.2514,1.8754,0.376,0.14003,0.06695,0.0,0.00245,-0.00245,-0.001225,3.4e-05,0.0482
2026-06-01 02:03:00,19.54,80.77,0.0,1.28,0.0,Normal,1.0,100.675,2.2725,1.8355,0.437,0.14117,0.06695,0.0,0.002489,-0.002489,-0.001245,3.1e-05,0.0441
2026-06-01 02:04:00,19.43,81.82,0.0,1.5,0.0,Normal,1.0,100.675,2.257,1.8467,0.4103,0.14033,0.06695,0.0,0.002476,-0.002476,-0.001238,6.6e-05,0.0956
2026-06-01 02:05:00,19.34,81.96,0.0,1.26,0.0,Normal,1.0,100.675,2.2444,1.8395,0.4049,0.13965,0.06695,0.0,0.002479,-0.002479,-0.001239,6e-06,0.0088
2026-06-01 02:06:00,19.49,80.66,0.0,1.57,0.0,Normal,1.0,100.675,2.2655,1.8273,0.4381,0.14079,0.06695,0.0,0.002494,-0.002494,-0.001247,0.000105,0.1505
2026-06-01 02:07:00,19.07,83.64,0.0,1.48,0.0,Normal,1.0,100.675,2.207,1.8459,0.3611,0.13761,0.06695,0.0,0.002464,-0.002464,-0.001232,2.7e-05,0.0384
2026-06-01 02:08:00,19.13,82.67,0.0,1.76,0.0,Normal,1.0,100.675,2.2153,1.8314,0.3839,0.13806,0.06695,0.0,0.002479,-0.002479,-0.001239,0.000105,0.1509
2026-06-01 02:09:00,19.06,83.46,0.0,1.48,0.0,Normal,1.0,100.675,2.2056,1.8408,0.3648,0.13753,0.06695,0.0,0.002468,-0.002468,-0.001234,3e-05,0.0428
2026-06-01 02:10:00,19.12,84.27,0.0,1.33,0.0,Normal,1.0,100.675,2.2139,1.8657,0.3482,0.13798,0.06695,0.0,0.002449,-0.002449,-0.001225,0.0,0.0
2026-06-01 02:11:00,18.95,83.11,0.0,1.43,0.0,Normal,1.0,100.675,2.1905,1.8206,0.37,0.13671,0.06695,0.0,0.002482,-0.002482,-0.001241,2.4e-05,0.0342
2026-06-01 02:12:00,19.23,82.29,0.0,1.21,0.0,Normal,1.0,100.675,2.2291,1.8343,0.3948,0.13881,0.06695,0.0,0.002479,-0.002479,-0.00124,0.0,0.0
2026-06-01 02:13:00,19.08,83.03,0.0,1.56,0.0,Normal,1.0,100.675,2.2084,1.8336,0.3748,0.13768,0.06695,0.0,0.002475,-0.002475,-0.001238,5.5e-05,0.0787
2026-06-01 02:14:00,18.88,84.12,0.0,1.6,0.0,Normal,1.0,100.675,2.181,1.8347,0.3463,0.13619,0.06695,0.0,0.002467,-0.002467,-0.001234,4.1e-05,0.0591
2026-06-01 02:15:00,18.92,83.06,0.0,1.98,0.0,Normal,1.0,100.675,2.1865,1.8161,0.3704,0.13649,0.06695,0.0,0.002485,-0.002485,-0.001242,0.000139,0.2001
2026-06-01 02:16:00,19.1,82.52,0.0,1.36,0.0,Normal,1.0,100.675,2.2111,1.8246,0.3865,0.13783,0.06695,0.0,0.002483,-0.002483,-0.001242,1.9e-05,0.0273
2026-06-01 02:17:00,19.16,83.37,0.0,1.43,0.0,Normal,1.0,100.675,2.2194,1.8503,0.3691,0.13828,0.06695,0.0,0.002464,-0.002464,-0.001232,2.1e-05,0.0308
2026-06-01 02:18:00,19.32,82.54,0.0,1.37,0.0,Normal,1.0,100.675,2.2416,1.8503,0.3914,0.13949,0.06695,0.0,0.002469,-0.002469,-0.001235,2.3e-05,0.0331
2026-06-01 02:19:00,19.43,80.76,0.0,1.53,0.0,Normal,1.0,100.675,2.257,1.8228,0.4343,0.14033,0.06695,0.0,0.002496,-0.002496,-0.001248,9.2e-05,0.1329
2026-06-01 02:20:00,19.04,82.35,0.0,1.56,0.0,Normal,1.0,100.675,2.2029,1.8141,0.3888,0.13738,0.06695,0.0,0.00249,-0.00249,-0.001245,6.7e-05,0.0958
2026-06-01 02:21:00,18.81,84.62,0.0,1.47,0.0,Normal,1.0,100.675,2.1715,1.8375,0.334,0.13567,0.06695,0.0,0.002463,-0.002463,-0.001231,6e-06,0.0079
2026-06-01 02:22:00,18.62,84.49,0.0,1.7,0.0,Normal,1.0,100.675,2.1458,1.813,0.3328,0.13426,0.06695,0.0,0.002477,-0.002477,-0.001238,5.1e-05,0.0736
2026-06-01 02:23:00,18.96,82.85,0.0,1.36,0.0,Normal,1.0,100.675,2.1919,1.816,0.3759,0.13678,0.06695,0.0,0.002486,-0.002486,-0.001243,1.2e-05,0.0179
2026-06-01 02:24:00,18.78,83.71,0.0,1.68,0.0,Normal,1.0,100.675,2.1674,1.8143,0.3531,0.13544,0.06695,0.0,0.002481,-0.002481,-0.001241,6.4e-05,0.092
2026-06-01 02:25:00,18.82,83.71,0.0,1.59,0.0,Normal,1.0,100.675,2.1728,1.8189,0.354,0.13574,0.06695,0.0,0.002479,-0.002479,-0.001239,4.6e-05,0.0662
2026-06-01 02:26:00,18.77,84.27,0.0,1.48,0.0,Normal,1.0,100.675,2.1661,1.8253,0.3407,0.13537,0.06695,0.0,0.002472,-0.002472,-0.001236,1.3e-05,0.0189
2026-06-01 02:27:00,18.82,82.87,0.0,1.42,0.0,Normal,1.0,100.675,2.1728,1.8006,0.3722,0.13574,0.06695,0.0,0.002494,-0.002494,-0.001247,2.4e-05,0.0349
2026-06-01 02:28:00,18.98,82.73,0.0,1.97,0.0,Normal,1.0,100.675,2.1947,1.8156,0.379,0.13693,0.06695,0.0,0.002487,-0.002487,-0.001243,0.000145,0.209
2026-06-01 02:29:00,18.83,83.83,0.0,1.32,0.0,Normal,1.0,100.675,2.1742,1.8226,0.3516,0.13582,0.06695,0.0,0.002476,-0.002476,-0.001238,0.0,0.0
2026-06-01 02:30:00,18.76,83.79,0.0,1.55,0.0,Normal,1.0,100.675,2.1647,1.8138,0.3509,0.1353,0.06695,0.0,0.002481,-0.002481,-0.001241,3.6e-05,0.0514
2026-06-01 02:31:00,18.61,84.61,0.0,1.34,0.0,Normal,1.0,100.675,2.1445,1.8145,0.33,0.13419,0.06695,0.0,0.002475,-0.002475,-0.001238,0.0,0.0
2026-06-01 02:32:00,18.5,83.85,0.0,1.85,0.0,Normal,1.0,100.675,2.1298,1.7858,0.344,0.13338,0.06695,0.0,0.002496,-0.002496,-0.001248,9.2e-05,0.1319
2026-06-01 02:33:00,18.66,84.35,0.0,1.67,0.0,Normal,1.0,100.675,2.1512,1.8145,0.3367,0.13456,0.06695,0.0,0.002477,-0.002477,-0.001238,4.8e-05,0.0697
2026-06-01 02:34:00,18.7,84.66,0.0,1.35,0.0,Normal,1.0,100.675,2.1566,1.8258,0.3308,0.13485,0.06695,0.0,0.002469,-0.002469,-0.001234,0.0,0.0
2026-06-01 02:35:00,18.96,83.59,0.0,1.59,0.0,Normal,1.0,100.675,2.1919,1.8322,0.3597,0.13678,0.06695,0.0,0.002472,-0.002472,-0.001236,5e-05,0.0714
2026-06-01 02:36:00,18.7,84.12,0.0,1.54,0.0,Normal,1.0,100.675,2.1566,1.8141,0.3425,0.13485,0.06695,0.0,0.002479,-0.002479,-0.001239,2.7e-05,0.0392
2026-06-01 02:37:00,18.81,83.67,0.0,1.39,0.0,Normal,1.0,100.675,2.1715,1.8169,0.3546,0.13567,0.06695,0.0,0.00248,-0.00248,-0.00124,5e-06,0.0067
2026-06-01 02:38:00,18.57,83.89,0.0,1.64,0.0,Normal,1.0,100.675,2.1391,1.7945,0.3446,0.1339,0.06695,0.0,0.002491,-0.002491,-0.001245,5e-05,0.0725
2026-06-01 02:39:00,18.45,84.68,0.0,1.57,0.0,Normal,1.0,100.675,2.1231,1.7979,0.3253,0.13302,0.06695,0.0,0.002484,-0.002484,-0.001242,2.1e-05,0.0301
2026-06-01 02:40:00,18.46,85.44,0.0,1.54,0.0,Normal,1.0,100.675,2.1244,1.8151,0.3093,0.13309,0.06695,0.0,0.00247,-0.00247,-0.001235,2e-06,0.0026
2026-06-01 02:41:00,18.48,84.56,0.0,1.49,0.0,Normal,1.0,100.675,2.1271,1.7987,0.3284,0.13324,0.06695,0.0,0.002484,-0.002484,-0.001242,8e-06,0.011
2026-06-01 02:42:00,18.89,82.95,0.0,1.58,0.0,Normal,1.0,100.675,2.1824,1.8103,0.3721,0.13626,0.06695,0.0,0.002488,-0.002488,-0.001244,5.8e-05,0.0842
2026-06-01 02:43:00,18.43,84.47,0.0,1.54,0.0,Normal,1.0,100.675,2.1205,1.7912,0.3293,0.13287,0.06695,0.0,0.002489,-0.002489,-0.001245,1.9e-05,0.0268
2026-06-01 02:44:00,18.67,84.24,0.0,1.51,0.0,Normal,1.0,100.675,2.1526,1.8133,0.3392,0.13463,0.06695,0.0,0.002478,-0.002478,-0.001239,1.9e-05,0.0271
2026-06-01 02:45:00,18.39,84.66,0.0,1.37,0.0,Normal,1.0,100.675,2.1151,1.7907,0.3245,0.13258,0.06695,0.0,0.002488,-0.002488,-0.001244,0.0,0.0
2026-06-01 02:46:00,18.65,84.46,0.0,1.84,0.0,Normal,1.0,100.675,2.1499,1.8158,0.3341,0.13448,0.06695,0.0,0.002476,-0.002476,-0.001238,7.9e-05,0.113
2026-06-01 02:47:00,18.55,84.75,0.0,1.29,0.0,Normal,1.0,100.675,2.1365,1.8106,0.3258,0.13375,0.06695,0.0,0.002477,-0.002477,-0.001238,0.0,0.0
2026-06-01 02:48:00,18.45,85.24,0.0,1.59,0.0,Normal,1.0,100.675,2.1231,1.8097,0.3134,0.13302,0.06695,0.0,0.002474,-0.002474,-0.001237,1.5e-05,0.021
2026-06-01 02:49:00,18.45,85.56,0.0,1.44,0.0,Normal,1.0,100.675,2.1231,1.8165,0.3066,0.13302,0.06695,0.0,0.002468,-0.002468,-0.001234,0.0,0.0
2026-06-01 02:50:00,18.35,85.6,0.0,1.85,0.0,Normal,1.0,100.675,2.1099,1.806,0.3038,0.13229,0.06695,0.0,0.002474,-0.002474,-0.001237,5.3e-05,0.0769
2026-06-01 02:51:00,18.5,84.03,0.0,1.32,0.0,Normal,1.0,100.675,2.1298,1.7897,0.3401,0.13338,0.06695,0.0,0.002493,-0.002493,-0.001246,0.0,0.0
2026-06-01 02:52:00,18.35,84.47,0.0,1.36,0.0,Normal,1.0,100.675,2.1099,1.7822,0.3277,0.13229,0.06695,0.0,0.002494,-0.002494,-0.001247,0.0,0.0
2026-06-01 02:53:00,18.21,85.33,0.0,1.31,0.0,Normal,1.0,100.675,2.0914,1.7846,0.3068,0.13128,0.06695,0.0,0.002487,-0.002487,-0.001244,0.0,0.0
2026-06-01 02:54:00,18.19,85.16,0.0,1.57,0.0,Normal,1.0,100.675,2.0888,1.7788,0.31,0.13113,0.06695,0.0,0.002491,-0.002491,-0.001246,1e-05,0.0145
2026-06-01 02:55:00,18.39,84.19,0.0,1.23,0.0,Normal,1.0,100.675,2.1151,1.7807,0.3344,0.13258,0.06695,0.0,0.002497,-0.002497,-0.001248,0.0,0.0
2026-06-01 02:56:00,18.59,84.06,0.0,1.41,0.0,Normal,1.0,100.675,2.1418,1.8004,0.3414,0.13404,0.06695,0.0,0.002487,-0.002487,-0.001243,1e-06,0.001
2026-06-01 02:57:00,18.36,84.67,0.0,1.08,0.0,Normal,1.0,100.675,2.1112,1.7875,0.3236,0.13236,0.06695,0.0,0.00249,-0.00249,-0.001245,0.0,0.0
2026-06-01 02:58:00,18.31,84.71,0.0,1.56,0.0,Normal,1.0,100.675,2.1046,1.7828,0.3218,0.132,0.06695,0.0,0.002492,-0.002492,-0.001246,1.7e-05,0.0248
2026-06-01 02:59:00,18.35,84.8,0.0,1.41,0.0,Normal,1.0,100.675,2.1099,1.7892,0.3207,0.13229,0.06695,0.0,0.002488,-0.002488,-0.001244,0.0,0.0
2026-06-01 03:00:00,18.49,85.31,0.0,1.21,0.0,Normal,1.0,100.675,2.1284,1.8158,0.3127,0.13331,0.06695,0.0,0.00247,-0.00247,-0.001235,0.0,0.0
2026-06-01 03:01:00,18.31,85.21,0.0,1.73,0.0,Normal,1.0,100.675,2.1046,1.7933,0.3113,0.132,0.06695,0.0,0.002483,-0.002483,-0.001242,4e-05,0.0571
2026-06-01 03:02:00,18.21,86.88,0.0,1.25,0.0,Normal,1.0,100.675,2.0914,1.817,0.2744,0.13128,0.06695,0.0,0.00246,-0.00246,-0.00123,0.0,0.0
2026-06-01 03:03:00,18.42,84.9,0.0,1.67,0.0,Normal,1.0,100.675,2.1191,1.7991,0.32,0.1328,0.06695,0.0,0.002482,-0.002482,-0.001241,3.6e-05,0.0513
2026-06-01 03:04:00,18.31,84.95,0.0,1.37,0.0,Normal,1.0,100.675,2.1046,1.7878,0.3167,0.132,0.06695,0.0,0.002488,-0.002488,-0.001244,0.0,0.0
2026-06-01 03:05:00,18.46,84.7,0.0,1.84,0.0,Normal,1.0,100.675,2.1244,1.7994,0.325,0.13309,0.06695,0.0,0.002483,-0.002483,-0.001242,7.2e-05,0.103
2026-06-01 03:06:00,18.24,85.45,0.0,1.67,0.0,Normal,1.0,100.675,2.0953,1.7905,0.3049,0.13149,0.06695,0.0,0.002483,-0.002483,-0.001242,2.4e-05,0.0339
2026-06-01 03:07:00,18.02,86.18,0.0,1.32,0.0,Normal,1.0,100.675,2.0666,1.781,0.2856,0.12991,0.06695,0.0,0.002484,-0.002484,-0.001242,0.0,0.0
2026-06-01 03:08:00,17.98,87.26,0.0,1.34,0.0,Normal,1.0,100.675,2.0614,1.7988,0.2626,0.12963,0.06695,0.0,0.002467,-0.002467,-0.001234,0.0,0.0
2026-06-01 03:09:00,18.42,84.29,0.0,1.64,0.0,Normal,1.0,100.675,2.1191,1.7862,0.3329,0.1328,0.06695,0.0,0.002493,-0.002493,-0.001246,4.1e-05,0.0596
2026-06-01 03:10:00,18.42,85.31,0.0,1.47,0.0,Normal,1.0,100.675,2.1191,1.8078,0.3113,0.1328,0.06695,0.0,0.002475,-0.002475,-0.001237,0.0,0.0
2026-06-01 03:11:00,18.12,85.75,0.0,1.49,0.0,Normal,1.0,100.675,2.0796,1.7833,0.2963,0.13063,0.06695,0.0,0.002485,-0.002485,-0.001243,0.0,0.0
2026-06-01 03:12:00,18.08,84.8,0.0,1.78,0.0,Normal,1.0,100.675,2.0744,1.7591,0.3153,0.13034,0.06695,0.0,0.002505,-0.002505,-0.001252,5.5e-05,0.0788
2026-06-01 03:13:00,18.34,85.47,0.0,1.38,0.0,Normal,1.0,100.675,2.1085,1.8022,0.3064,0.13222,0.06695,0.0,0.002477,-0.002477,-0.001238,0.0,0.0
2026-06-01 03:14:00,17.95,86.88,0.0,1.54,0.0,Normal,1.0,100.675,2.0575,1.7876,0.2699,0.12941,0.06695,0.0,0.002476,-0.002476,-0.001238,0.0,0.0
2026-06-01 03:15:00,17.97,85.55,0.0,1.72,0.0,Normal,1.0,100.675,2.0601,1.7624,0.2977,0.12956,0.06695,0.0,0.002498,-0.002498,-0.001249,2.8e-05,0.0405
2026-06-01 03:16:00,18.19,85.45,0.0,1.69,0.0,Normal,1.0,100.675,2.0888,1.7849,0.3039,0.13113,0.06695,0.0,0.002486,-0.002486,-0.001243,2.7e-05,0.0384
2026-06-01 03:17:00,18.02,84.88,0.0,1.5,0.0,Normal,1.0,100.675,2.0666,1.7541,0.3125,0.12991,0.06695,0.0,0.002507,-0.002507,-0.001253,0.0,0.0004
2026-06-01 03:18:00,18.06,85.03,0.0,1.47,0.0,Normal,1.0,100.675,2.0718,1.7616,0.3101,0.1302,0.06695,0.0,0.002502,-0.002502,-0.001251,0.0,0.0
2026-06-01 03:19:00,18.03,86.51,0.0,1.19,0.0,Normal,1.0,100.675,2.0679,1.7889,0.279,0.12999,0.06695,0.0,0.002477,-0.002477,-0.001239,0.0,0.0
2026-06-01 03:20:00,18.09,85.43,0.0,1.32,0.0,Normal,1.0,100.675,2.0757,1.7733,0.3024,0.13042,0.06695,0.0,0.002493,-0.002493,-0.001246,0.0,0.0
2026-06-01 03:21:00,18.24,84.63,0.0,1.6,0.0,Normal,1.0,100.675,2.0953,1.7733,0.3221,0.13149,0.06695,0.0,0.002498,-0.002498,-0.001249,2.6e-05,0.037
2026-06-01 03:22:00,18.03,86.01,0.0,1.51,0.0,Normal,1.0,100.675,2.0679,1.7786,0.2893,0.12999,0.06695,0.0,0.002486,-0.002486,-0.001243,0.0,0.0
2026-06-01 03:23:00,18.11,85.36,0.0,1.55,0.0,Normal,1.0,100.675,2.0783,1.774,0.3043,0.13056,0.06695,0.0,0.002493,-0.002493,-0.001246,2e-06,0.003
2026-06-01 03:24:00,17.69,86.54,0.0,1.75,0.0,Normal,1.0,100.675,2.0241,1.7517,0.2724,0.12757,0.06695,0.0,0.002497,-0.002497,-0.001249,1.2e-05,0.0167
2026-06-01 03:25:00,17.98,86.46,0.0,1.3,0.0,Normal,1.0,100.675,2.0614,1.7823,0.2791,0.12963,0.06695,0.0,0.002481,-0.002481,-0.001241,0.0,0.0
2026-06-01 03:26:00,17.85,85.68,0.0,1.5,0.0,Normal,1.0,100.675,2.0446,1.7518,0.2928,0.1287,0.06695,0.0,0.002503,-0.002503,-0.001251,0.0,0.0
2026-06-01 03:27:00,17.79,86.02,0.0,1.58,0.0,Normal,1.0,100.675,2.0369,1.7521,0.2848,0.12828,0.06695,0.0,0.0025,-0.0025,-0.00125,0.0,0.0
2026-06-01 03:28:00,17.83,86.54,0.0,1.4,0.0,Normal,1.0,100.675,2.042,1.7672,0.2749,0.12856,0.06695,0.0,0.002489,-0.002489,-0.001245,0.0,0.0
2026-06-01 03:29:00,17.9,86.83,0.0,1.83,0.0,Normal,1.0,100.675,2.051,1.7809,0.2701,0.12906,0.06695,0.0,0.00248,-0.00248,-0.00124,2e-05,0.0295
2026-06-01 03:30:00,18.08,86.5,0.0,1.73,0.0,Normal,1.0,100.675,2.0744,1.7944,0.28,0.13034,0.06695,0.0,0.002474,-0.002474,-0.001237,1.2e-05,0.0178
2026-06-01 03:31:00,17.73,86.32,0.0,1.61,0.0,Normal,1.0,100.675,2.0292,1.7516,0.2776,0.12785,0.06695,0.0,0.002499,-0.002499,-0.001249,0.0,0.0
2026-06-01 03:32:00,17.93,86.74,0.0,1.91,0.0,Normal,1.0,100.675,2.0549,1.7824,0.2725,0.12927,0.06695,0.0,0.002479,-0.002479,-0.00124,3.5e-05,0.0509
2026-06-01 03:33:00,17.84,85.94,0.0,1.25,0.0,Normal,1.0,100.675,2.0433,1.756,0.2873,0.12863,0.06695,0.0,0.002499,-0.002499,-0.001249,0.0,0.0
2026-06-01 03:34:00,17.85,87.47,0.0,1.55,0.0,Normal,1.0,100.675,2.0446,1.7884,0.2562,0.1287,0.06695,0.0,0.002472,-0.002472,-0.001236,0.0,0.0
2026-06-01 03:35:00,18.04,85.17,0.0,1.63,0.0,Normal,1.0,100.675,2.0692,1.7623,0.3069,0.13006,0.06695,0.0,0.0025,-0.0025,-0.00125,2e-05,0.0284
2026-06-01 03:36:00,17.97,86.86,0.0,1.37,0.0,Normal,1.0,100.675,2.0601,1.7894,0.2707,0.12956,0.06695,0.0,0.002475,-0.002475,-0.001237,0.0,0.0
2026-06-01 03:37:00,18.08,85.36,0.0,1.62,0.0,Normal,1.0,100.675,2.0744,1.7707,0.3037,0.13034,0.06695,0.0,0.002495,-0.002495,-0.001247,1.5e-05,0.0212
2026-06-01 03:38:00,17.84,87.61,0.0,1.34,0.0,Normal,1.0,100.675,2.0433,1.7901,0.2532,0.12863,0.06695,0.0,0.00247,-0.00247,-0.001235,0.0,0.0
2026-06-01 03:39:00,17.76,87.0,0.0,1.7,0.0,Normal,1.0,100.675,2.033,1.7688,0.2643,0.12807,0.06695,0.0,0.002485,-0.002485,-0.001243,0.0,0.0
2026-06-01 03:40:00,17.82,85.86,0.0,1.78,0.0,Normal,1.0,100.675,2.0407,1.7522,0.2886,0.12849,0.06695,0.0,0.002501,-0.002501,-0.001251,3.1e-05,0.0448
2026-06-01 03:41:00,17.88,85.99,0.0,1.62,0.0,Normal,1.0,100.675,2.0485,1.7615,0.287,0.12892,0.06695,0.0,0.002496,-0.002496,-0.001248,2e-06,0.0022
2026-06-01 03:42:00,17.86,86.82,0.0,1.2,0.0,Normal,1.0,100.675,2.0459,1.7762,0.2696,0.12877,0.06695,0.0,0.002482,-0.002482,-0.001241,0.0,0.0
2026-06-01 03:43:00,17.67,87.53,0.0,1.38,0.0,Normal,1.0,100.675,2.0215,1.7695,0.2521,0.12743,0.06695,0.0,0.002482,-0.002482,-0.001241,0.0,0.0
2026-06-01 03:44:00,17.83,86.39,0.0,1.68,0.0,Normal,1.0,100.675,2.042,1.7641,0.2779,0.12856,0.06695,0.0,0.002492,-0.002492,-0.001246,4e-06,0.0058
2026-06-01 03:45:00,17.85,86.42,0.0,1.58,0.0,Normal,1.0,100.675,2.0446,1.7669,0.2777,0.1287,0.06695,0.0,0.00249,-0.00249,-0.001245,0.0,0.0
2026-06-01 03:46:00,18.18,85.91,0.0,1.04,0.0,Normal,1.0,100.675,2.0875,1.7933,0.2941,0.13106,0.06695,0.0,0.002479,-0.002479,-0.001239,0.0,0.0
2026-06-01 03:47:00,18.08,85.82,0.0,1.82,0.0,Normal,1.0,100.675,2.0744,1.7802,0.2941,0.13034,0.06695,0.0,0.002486,-0.002486,-0.001243,4.1e-05,0.0592
2026-06-01 03:48:00,17.66,86.12,0.0,1.61,0.0,Normal,1.0,100.675,2.0203,1.7399,0.2804,0.12736,0.06695,0.0,0.002507,-0.002507,-0.001253,0.0,0.0
2026-06-01 03:49:00,17.74,86.2,0.0,1.42,0.0,Normal,1.0,100.675,2.0305,1.7503,0.2802,0.12793,0.06695,0.0,0.0025,-0.0025,-0.00125,0.0,0.0
2026-06-01 03:50:00,17.56,87.33,0.0,1.78,0.0,Normal,1.0,100.675,2.0076,1.7532,0.2544,0.12666,0.06695,0.0,0.002492,-0.002492,-0.001246,0.0,0.0
2026-06-01 03:51:00,17.68,87.57,0.0,1.45,0.0,Normal,1.0,100.675,2.0228,1.7714,0.2514,0.1275,0.06695,0.0,0.00248,-0.00248,-0.00124,0.0,0.0
2026-06-01 03:52:00,17.81,87.45,0.0,1.45,0.0,Normal,1.0,100.675,2.0395,1.7835,0.256,0.12842,0.06695,0.0,0.002474,-0.002474,-0.001237,0.0,0.0
2026-06-01 03:53:00,17.94,86.6,0.0,1.66,0.0,Normal,1.0,100.675,2.0562,1.7807,0.2755,0.12934,0.06695,0.0,0.002481,-0.002481,-0.001241,0.0,0.0
2026-06-01 03:54:00,17.65,87.13,0.0,1.95,0.0,Normal,1.0,100.675,2.019,1.7592,0.2598,0.12729,0.06695,0.0,0.00249,-0.00249,-0.001245,3.1e-05,0.0442
2026-06-01 03:55:00,17.65,87.39,0.0,1.92,0.0,Normal,1.0,100.675,2.019,1.7644,0.2546,0.12729,0.06695,0.0,0.002485,-0.002485,-0.001243,2.1e-05,0.0297
2026-06-01 03:56:00,17.42,87.18,0.0,1.66,0.0,Normal,1.0,100.675,1.9899,1.7348,0.2551,0.12568,0.06695,0.0,0.002503,-0.002503,-0.001251,0.0,0.0
2026-06-01 03:57:00,17.71,86.67,0.0,1.69,0.0,Normal,1.0,100.675,2.0267,1.7565,0.2702,0.12771,0.06695,0.0,0.002494,-0.002494,-0.001247,0.0,0.0
2026-06-01 03:58:00,17.57,86.66,0.0,1.75,0.0,Normal,1.0,100.675,2.0088,1.7409,0.268,0.12673,0.06695,0.0,0.002503,-0.002503,-0.001251,8e-06,0.0119
2026-06-01 03:59:00,17.65,86.2,0.0,1.35,0.0,Normal,1.0,100.675,2.019,1.7404,0.2786,0.12729,0.06695,0.0,0.002506,-0.002506,-0.001253,0.0,0.0
2026-06-01 04:00:00,17.59,87.3,0.0,1.73,0.0,Normal,1.0,100.675,2.0114,1.7559,0.2554,0.12687,0.06695,0.0,0.00249,-0.00249,-0.001245,0.0,0.0
2026-06-01 04:01:00,17.7,86.9,0.0,1.46,0.0,Normal,1.0,100.675,2.0254,1.7601,0.2653,0.12764,0.06695,0.0,0.002491,-0.002491,-0.001245,0.0,0.0
2026-06-01 04:02:00,17.45,87.91,0.0,1.67,0.0,Normal,1.0,100.675,1.9937,1.7526,0.241,0.12589,0.06695,0.0,0.002488,-0.002488,-0.001244,0.0,0.0
2026-06-01 04:03:00,17.49,87.72,0.0,1.56,0.0,Normal,1.0,100.675,1.9987,1.7533,0.2454,0.12617,0.06695,0.0,0.002489,-0.002489,-0.001245,0.0,0.0
2026-06-01 04:04:00,18.02,86.05,0.0,1.71,0.0,Normal,1.0,100.675,2.0666,1.7783,0.2883,0.12991,0.06695,0.0,0.002486,-0.002486,-0.001243,1.7e-05,0.0247
2026-06-01 04:05:00,17.51,87.67,0.0,1.63,0.0,Normal,1.0,100.675,2.0012,1.7545,0.2468,0.12631,0.06695,0.0,0.002489,-0.002489,-0.001244,0.0,0.0
2026-06-01 04:06:00,17.53,87.24,0.0,1.0,0.0,Normal,1.0,100.675,2.0038,1.7481,0.2557,0.12645,0.06695,0.0,0.002495,-0.002495,-0.001247,0.0,0.0
2026-06-01 04:07:00,17.97,86.3,0.0,1.65,0.0,Normal,1.0,100.675,2.0601,1.7779,0.2822,0.12956,0.06695,0.0,0.002485,-0.002485,-0.001242,2e-06,0.0025
2026-06-01 04:08:00,18.12,85.19,0.0,1.75,0.0,Normal,1.0,100.675,2.0796,1.7716,0.308,0.13063,0.06695,0.0,0.002495,-0.002495,-0.001248,4.2e-05,0.0603
2026-06-01 04:09:00,17.51,87.55,0.0,1.71,0.0,Normal,1.0,100.675,2.0012,1.7521,0.2492,0.12631,0.06695,0.0,0.002491,-0.002491,-0.001245,0.0,0.0
2026-06-01 04:10:00,17.63,87.4,0.0,1.6,0.0,Normal,1.0,100.675,2.0165,1.7624,0.2541,0.12715,0.06695,0.0,0.002486,-0.002486,-0.001243,0.0,0.0
2026-06-01 04:11:00,17.73,86.31,0.0,1.95,0.0,Normal,1.0,100.675,2.0292,1.7514,0.2778,0.12785,0.06695,0.0,0.002499,-0.002499,-0.00125,4.9e-05,0.0707
2026-06-01 04:12:00,17.94,86.18,0.0,1.69,0.0,Normal,1.0,100.675,2.0562,1.772,0.2842,0.12934,0.06695,0.0,0.002489,-0.002489,-0.001244,1.1e-05,0.0152
2026-06-01 04:13:00,17.53,86.91,0.0,1.71,0.0,Normal,1.0,100.675,2.0038,1.7415,0.2623,0.12645,0.06695,0.0,0.002501,-0.002501,-0.00125,0.0,0.0
2026-06-01 04:14:00,17.63,86.67,0.0,1.84,0.0,Normal,1.0,100.675,2.0165,1.7477,0.2688,0.12715,0.06695,0.0,0.002499,-0.002499,-0.001249,2.3e-05,0.0332
2026-06-01 04:15:00,17.78,85.89,0.0,1.7,0.0,Normal,1.0,100.675,2.0356,1.7484,0.2872,0.12821,0.06695,0.0,0.002503,-0.002503,-0.001252,1.6e-05,0.0237
2026-06-01 04:16:00,17.73,87.47,0.0,1.45,0.0,Normal,1.0,100.675,2.0292,1.7749,0.2543,0.12785,0.06695,0.0,0.002479,-0.002479,-0.001239,0.0,0.0
2026-06-01 04:17:00,17.61,87.7,0.0,1.15,0.0,Normal,1.0,100.675,2.0139,1.7662,0.2477,0.12701,0.06695,0.0,0.002482,-0.002482,-0.001241,0.0,0.0
2026-06-01 04:18:00,17.64,87.29,0.0,1.54,0.0,Normal,1.0,100.675,2.0177,1.7613,0.2565,0.12722,0.06695,0.0,0.002488,-0.002488,-0.001244,0.0,0.0
2026-06-01 04:19:00,17.45,88.67,0.0,1.79,0.0,Normal,1.0,100.675,1.9937,1.7678,0.2259,0.12589,0.06695,0.0,0.002476,-0.002476,-0.001238,0.0,0.0
2026-06-01 04:20:00,17.62,86.9,0.0,1.57,0.0,Normal,1.0,100.675,2.0152,1.7512,0.264,0.12708,0.06695,0.0,0.002495,-0.002495,-0.001248,0.0,0.0
2026-06-01 04:21:00,17.62,88.85,0.0,1.81,0.0,Normal,1.0,100.675,2.0152,1.7905,0.2247,0.12708,0.06695,0.0,0.002462,-0.002462,-0.001231,0.0,0.0
2026-06-01 04:22:00,17.69,86.69,0.0,1.68,0.0,Normal,1.0,100.675,2.0241,1.7547,0.2694,0.12757,0.06695,0.0,0.002495,-0.002495,-0.001247,0.0,0.0
2026-06-01 04:23:00,17.57,87.31,0.0,1.91,0.0,Normal,1.0,100.675,2.0088,1.7539,0.2549,0.12673,0.06695,0.0,0.002491,-0.002491,-0.001246,2e-05,0.029
2026-06-01 04:24:00,17.72,86.5,0.0,1.59,0.0,Normal,1.0,100.675,2.0279,1.7542,0.2738,0.12778,0.06695,0.0,0.002496,-0.002496,-0.001248,0.0,0.0
2026-06-01 04:25:00,17.8,86.74,0.0,1.75,0.0,Normal,1.0,100.675,2.0382,1.7679,0.2703,0.12835,0.06695,0.0,0.002487,-0.002487,-0.001244,9e-06,0.0124
2026-06-01 04:26:00,17.67,87.37,0.0,1.76,0.0,Normal,1.0,100.675,2.0215,1.7662,0.2553,0.12743,0.06695,0.0,0.002484,-0.002484,-0.001242,0.0,0.0
2026-06-01 04:27:00,17.7,86.72,0.0,1.96,0.0,Normal,1.0,100.675,2.0254,1.7564,0.269,0.12764,0.06695,0.0,0.002494,-0.002494,-0.001247,4.2e-05,0.0598
2026-06-01 04:28:00,17.66,87.98,0.0,1.32,0.0,Normal,1.0,100.675,2.0203,1.7774,0.2428,0.12736,0.06695,0.0,0.002474,-0.002474,-0.001237,0.0,0.0
2026-06-01 04:29:00,17.65,87.08,0.0,1.57,0.0,Normal,1.0,100.675,2.019,1.7581,0.2609,0.12729,0.06695,0.0,0.002491,-0.002491,-0.001245,0.0,0.0
2026-06-01 04:30:00,17.54,87.4,0.0,1.84,0.0,Normal,1.0,100.675,2.005,1.7524,0.2526,0.12652,0.06695,0.0,0.002492,-0.002492,-0.001246,7e-06,0.0107
2026-06-01 04:31:00,17.7,86.26,0.0,1.98,0.0,Normal,1.0,100.675,2.0254,1.7471,0.2783,0.12764,0.06695,0.0,0.002502,-0.002502,-0.001251,5.5e-05,0.0788
2026-06-01 04:32:00,17.64,87.23,0.0,1.72,0.0,Normal,1.0,100.675,2.0177,1.7601,0.2577,0.12722,0.06695,0.0,0.002489,-0.002489,-0.001244,0.0,0.0
2026-06-01 04:33:00,17.96,85.99,0.0,1.61,0.0,Normal,1.0,100.675,2.0588,1.7704,0.2884,0.12949,0.06695,0.0,0.002491,-0.002491,-0.001245,0.0,0.0006
2026-06-01 04:34:00,17.89,85.92,0.0,1.83,0.0,Normal,1.0,100.675,2.0498,1.7612,0.2886,0.12899,0.06695,0.0,0.002496,-0.002496,-0.001248,3.9e-05,0.0562
2026-06-01 04:35:00,17.71,86.31,0.0,1.85,0.0,Normal,1.0,100.675,2.0267,1.7492,0.2774,0.12771,0.06695,0.0,0.0025,-0.0025,-0.00125,3.3e-05,0.0472
2026-06-01 04:36:00,17.54,88.85,0.0,1.61,0.0,Normal,1.0,100.675,2.005,1.7815,0.2236,0.12652,0.06695,0.0,0.002467,-0.002467,-0.001233,0.0,0.0
2026-06-01 04:37:00,17.49,87.23,0.0,1.75,0.0,Normal,1.0,100.675,1.9987,1.7435,0.2552,0.12617,0.06695,0.0,0.002498,-0.002498,-0.001249,0.0,0.0
2026-06-01 04:38:00,17.83,85.56,0.0,1.92,0.0,Normal,1.0,100.675,2.042,1.7472,0.2949,0.12856,0.06695,0.0,0.002506,-0.002506,-0.001253,6.1e-05,0.0881
2026-06-01 04:39:00,17.7,86.39,0.0,2.07,0.0,Normal,1.0,100.675,2.0254,1.7497,0.2757,0.12764,0.06695,0.0,0.002499,-0.002499,-0.00125,6.6e-05,0.095
2026-06-01 04:40:00,17.73,86.69,0.0,1.84,0.0,Normal,1.0,100.675,2.0292,1.7591,0.2701,0.12785,0.06695,0.0,0.002492,-0.002492,-0.001246,2.3e-05,0.0338
2026-06-01 04:41:00,17.4,87.97,0.0,1.7,0.0,Normal,1.0,100.675,1.9874,1.7483,0.2391,0.12554,0.06695,0.0,0.00249,-0.00249,-0.001245,0.0,0.0
2026-06-01 04:42:00,17.8,86.85,0.0,1.68,0.0,Normal,1.0,100.675,2.0382,1.7702,0.268,0.12835,0.06695,0.0,0.002485,-0.002485,-0.001243,0.0,0.0
2026-06-01 04:43:00,17.73,87.12,0.0,1.81,0.0,Normal,1.0,100.675,2.0292,1.7678,0.2614,0.12785,0.06695,0.0,0.002485,-0.002485,-0.001243,1e-05,0.0144
2026-06-01 04:44:00,17.5,86.97,0.0,1.68,0.0,Normal,1.0,100.675,2.0,1.7394,0.2606,0.12624,0.06695,0.0,0.002501,-0.002501,-0.001251,0.0,0.0
2026-06-01 04:45:00,17.6,87.29,0.0,1.74,0.0,Normal,1.0,100.675,2.0126,1.7568,0.2558,0.12694,0.06695,0.0,0.00249,-0.00249,-0.001245,0.0,0.0
2026-06-01 04:46:00,17.71,86.25,0.0,1.49,0.0,Normal,1.0,100.675,2.0267,1.748,0.2787,0.12771,0.06695,0.0,0.002501,-0.002501,-0.001251,0.0,0.0
2026-06-01 04:47:00,17.68,86.48,0.0,1.97,0.0,Normal,1.0,100.675,2.0228,1.7493,0.2735,0.1275,0.06695,0.0,0.002499,-0.002499,-0.00125,4.8e-05,0.0693
2026-06-01 04:48:00,17.63,86.44,0.0,1.48,0.0,Normal,1.0,100.675,2.0165,1.743,0.2734,0.12715,0.06695,0.0,0.002503,-0.002503,-0.001251,0.0,0.0
2026-06-01 04:49:00,17.66,86.19,0.0,1.63,0.0,Normal,1.0,100.675,2.0203,1.7413,0.279,0.12736,0.06695,0.0,0.002505,-0.002505,-0.001253,0.0,0.0
2026-06-01 04:50:00,17.64,87.59,0.0,1.74,0.0,Normal,1.0,100.675,2.0177,1.7673,0.2504,0.12722,0.06695,0.0,0.002482,-0.002482,-0.001241,0.0,0.0
2026-06-01 04:51:00,17.71,87.19,0.0,2.12,0.0,Normal,1.0,100.675,2.0267,1.767,0.2596,0.12771,0.06695,0.0,0.002485,-0.002485,-0.001243,5.5e-05,0.0795
2026-06-01 04:52:00,17.91,86.8,0.0,1.64,0.0,Normal,1.0,100.675,2.0523,1.7814,0.2709,0.12913,0.06695,0.0,0.00248,-0.00248,-0.00124,0.0,0.0
2026-06-01 04:53:00,17.31,87.91,0.0,1.59,0.0,Normal,1.0,100.675,1.9761,1.7372,0.2389,0.12492,0.06695,0.0,0.002497,-0.002497,-0.001248,0.0,0.0
2026-06-01 04:54:00,17.66,87.38,0.0,1.62,0.0,Normal,1.0,100.675,2.0203,1.7653,0.255,0.12736,0.06695,0.0,0.002485,-0.002485,-0.001242,0.0,0.0
2026-06-01 04:55:00,17.73,85.67,0.0,2.06,0.0,Normal,1.0,100.675,2.0292,1.7384,0.2908,0.12785,0.06695,0.0,0.00251,-0.00251,-0.001255,8.1e-05,0.1167
2026-06-01 04:56:00,17.75,87.18,0.0,1.17,0.0,Normal,1.0,100.675,2.0318,1.7713,0.2605,0.128,0.06695,0.0,0.002483,-0.002483,-0.001241,0.0,0.0
2026-06-01 04:57:00,17.65,87.04,0.0,1.53,0.0,Normal,1.0,100.675,2.019,1.7573,0.2617,0.12729,0.06695,0.0,0.002491,-0.002491,-0.001246,0.0,0.0
2026-06-01 04:58:00,17.45,87.87,0.0,2.28,0.0,Normal,1.0,100.675,1.9937,1.7518,0.2418,0.12589,0.06695,0.0,0.002489,-0.002489,-0.001245,5.9e-05,0.085
2026-06-01 04:59:00,17.77,86.84,0.0,1.86,0.0,Normal,1.0,100.675,2.0343,1.7666,0.2677,0.12814,0.06695,0.0,0.002487,-0.002487,-0.001244,2.4e-05,0.0345
2026-06-01 05:00:00,17.98,85.43,0.0,1.52,0.0,Normal,1.0,100.675,2.0614,1.761,0.3003,0.12963,0.06695,0.0,0.002499,-0.002499,-0.00125,0.0,0.0
2026-06-01 05:01:00,17.5,86.46,0.0,1.74,0.0,Normal,1.0,100.675,2.0,1.7292,0.2708,0.12624,0.06695,0.0,0.00251,-0.00251,-0.001255,1e-05,0.0144
2026-06-01 05:02:00,17.86,85.92,0.0,1.76,0.0,Normal,1.0,100.675,2.0459,1.7578,0.2881,0.12877,0.06695,0.0,0.002498,-0.002498,-0.001249,2.7e-05,0.0387
2026-06-01 05:03:00,17.69,87.17,0.0,1.92,0.0,Normal,1.0,100.675,2.0241,1.7644,0.2597,0.12757,0.06695,0.0,0.002487,-0.002487,-0.001243,2.6e-05,0.0369
2026-06-01 05:04:00,17.73,87.12,0.0,2.12,0.0,Normal,1.0,100.675,2.0292,1.7678,0.2614,0.12785,0.06695,0.0,0.002485,-0.002485,-0.001243,5.7e-05,0.0822
2026-06-01 05:05:00,17.59,86.28,0.0,1.84,0.0,Normal,1.0,100.675,2.0114,1.7354,0.276,0.12687,0.06695,0.0,0.002508,-0.002508,-0.001254,3.1e-05,0.0442
2026-06-01 05:06:00,17.7,86.2,0.0,1.65,0.0,Normal,1.0,100.675,2.0254,1.7459,0.2795,0.12764,0.06695,0.0,0.002503,-0.002503,-0.001251,1e-06,0.002
2026-06-01 05:07:00,17.96,85.66,0.0,1.92,0.0,Normal,1.0,100.675,2.0588,1.7636,0.2952,0.12949,0.06695,0.0,0.002497,-0.002497,-0.001248,6e-05,0.0869
2026-06-01 05:08:00,17.85,86.16,0.0,1.63,0.0,Normal,1.0,100.675,2.0446,1.7616,0.283,0.1287,0.06695,0.0,0.002494,-0.002494,-0.001247,0.0,0.0
2026-06-01 05:09:00,18.03,85.06,0.0,1.56,0.0,Normal,1.0,100.675,2.0679,1.7589,0.3089,0.12999,0.06695,0.0,0.002503,-0.002503,-0.001251,9e-06,0.0124
2026-06-01 05:10:00,17.96,85.24,0.0,1.42,0.0,Normal,1.0,100.675,2.0588,1.7549,0.3039,0.12949,0.06695,0.0,0.002504,-0.002504,-0.001252,0.0,0.0
2026-06-01 05:11:00,17.85,85.89,0.0,1.46,0.0,Normal,1.0,100.675,2.0446,1.7561,0.2885,0.1287,0.06695,0.0,0.002499,-0.002499,-0.00125,0.0,0.0
2026-06-01 05:12:00,18.05,85.87,0.0,1.6,0.0,Normal,1.0,100.675,2.0705,1.7779,0.2926,0.13013,0.06695,0.0,0.002487,-0.002487,-0.001244,2e-06,0.0023
2026-06-01 05:13:00,17.87,85.63,0.0,1.55,0.0,Normal,1.0,100.675,2.0472,1.753,0.2942,0.12885,0.06695,0.0,0.002502,-0.002502,-0.001251,0.0,0.0
2026-06-01 05:14:00,17.93,86.09,0.0,1.85,0.0,Normal,1.0,100.675,2.0549,1.7691,0.2858,0.12927,0.06695,0.0,0.002491,-0.002491,-0.001245,3.9e-05,0.0565
2026-06-01 05:15:00,17.77,87.24,0.0,1.55,0.0,Normal,1.0,100.675,2.0343,1.7747,0.2596,0.12814,0.06695,0.0,0.002481,-0.002481,-0.00124,0.0,0.0
2026-06-01 05:16:00,17.83,85.66,0.0,1.16,0.0,Normal,1.0,100.675,2.042,1.7492,0.2928,0.12856,0.06695,0.0,0.002504,-0.002504,-0.001252,0.0,0.0
2026-06-01 05:17:00,17.72,86.61,0.0,1.58,0.0,Normal,1.0,100.675,2.0279,1.7564,0.2715,0.12778,0.06695,0.0,0.002494,-0.002494,-0.001247,0.0,0.0
2026-06-01 05:18:00,17.98,86.63,0.0,1.7,0.0,Normal,1.0,100.675,2.0614,1.7858,0.2756,0.12963,0.06695,0.0,0.002478,-0.002478,-0.001239,4e-06,0.0058
2026-06-01 05:19:00,17.67,86.64,0.0,1.68,0.0,Normal,1.0,100.675,2.0215,1.7515,0.2701,0.12743,0.06695,0.0,0.002497,-0.002497,-0.001248,0.0,0.0
2026-06-01 05:20:00,17.97,85.71,0.0,2.11,0.0,Normal,1.0,100.675,2.0601,1.7657,0.2944,0.12956,0.06695,0.0,0.002495,-0.002495,-0.001248,9.1e-05,0.1307
2026-06-01 05:21:00,17.83,87.14,0.0,1.68,0.0,Normal,1.0,100.675,2.042,1.7794,0.2626,0.12856,0.06695,0.0,0.002479,-0.002479,-0.001239,0.0,0.0
2026-06-01 05:22:00,18.04,85.66,0.0,1.98,0.0,Normal,1.0,100.675,2.0692,1.7725,0.2967,0.13006,0.06695,0.0,0.002492,-0.002492,-0.001246,7.1e-05,0.1025
2026-06-01 05:23:00,17.99,86.66,0.0,1.81,0.0,Normal,1.0,100.675,2.0627,1.7875,0.2752,0.1297,0.06695,0.0,0.002477,-0.002477,-0.001239,2.2e-05,0.031
2026-06-01 05:24:00,18.16,85.79,0.0,1.81,0.0,Normal,1.0,100.675,2.0848,1.7886,0.2963,0.13092,0.06695,0.0,0.002482,-0.002482,-0.001241,4.1e-05,0.0587
2026-06-01 05:25:00,18.0,85.75,0.0,1.65,0.0,Normal,1.0,100.675,2.064,1.7699,0.2941,0.12977,0.06695,0.0,0.002493,-0.002493,-0.001246,1.2e-05,0.0176
2026-06-01 05:26:00,17.67,87.18,0.0,1.81,0.0,Normal,1.0,100.675,2.0215,1.7624,0.2592,0.12743,0.06695,0.0,0.002488,-0.002488,-0.001244,8e-06,0.012
2026-06-01 05:27:00,17.9,86.43,0.0,1.67,0.0,Normal,1.0,100.675,2.051,1.7727,0.2783,0.12906,0.06695,0.0,0.002487,-0.002487,-0.001243,2e-06,0.0031
2026-06-01 05:28:00,17.74,87.29,0.0,1.86,0.0,Normal,1.0,100.675,2.0305,1.7724,0.2581,0.12793,0.06695,0.0,0.002481,-0.002481,-0.001241,1.4e-05,0.0207
2026-06-01 05:29:00,17.85,86.05,0.0,1.78,0.0,Normal,1.0,100.675,2.0446,1.7594,0.2852,0.1287,0.06695,0.0,0.002496,-0.002496,-0.001248,2.8e-05,0.0398
2026-06-01 05:30:00,18.17,85.53,0.0,1.64,0.0,Normal,1.0,100.675,2.0862,1.7843,0.3019,0.13099,0.06695,0.0,0.002486,-0.002486,-0.001243,1.6e-05,0.023
2026-06-01 05:31:00,18.04,85.81,3.43,2.03,0.0,Normal,1.0,100.675,2.0692,1.7756,0.2936,0.13006,0.06695,0.000158,0.002489,-0.002331,-0.001165,9.3e-05,0.1345
2026-06-01 05:32:00,17.85,86.8,6.58,1.92,0.0,Normal,1.0,100.675,2.0446,1.7747,0.2699,0.1287,0.06695,0.000304,0.002483,-0.002179,-0.00109,6.8e-05,0.0983
2026-06-01 05:33:00,17.82,85.86,10.79,1.75,0.0,Normal,1.0,100.675,2.0407,1.7522,0.2886,0.12849,0.06695,0.000498,0.002501,-0.002003,-0.001001,8.2e-05,0.1174
2026-06-01 05:34:00,17.98,86.62,14.15,1.87,0.0,Normal,1.0,100.675,2.0614,1.7856,0.2758,0.12963,0.06695,0.000654,0.002478,-0.001825,-0.000912,0.000104,0.1501
2026-06-01 05:35:00,17.81,86.78,17.27,1.83,0.0,Normal,1.0,100.675,2.0395,1.7698,0.2696,0.12842,0.06695,0.000798,0.002486,-0.001688,-0.000844,0.000109,0.1569
2026-06-01 05:36:00,17.9,85.46,19.71,1.68,0.0,Normal,1.0,100.675,2.051,1.7528,0.2982,0.12906,0.06695,0.000911,0.002504,-0.001593,-0.000797,0.000124,0.1793
2026-06-01 05:37:00,18.06,86.53,24.11,1.87,0.0,Normal,1.0,100.675,2.0718,1.7927,0.2791,0.1302,0.06695,0.001114,0.002475,-0.001361,-0.000681,0.000158,0.2275
2026-06-01 05:38:00,18.19,86.77,26.46,1.73,0.0,Normal,1.0,100.675,2.0888,1.8124,0.2763,0.13113,0.06695,0.001222,0.002463,-0.00124,-0.00062,0.000146,0.2098
2026-06-01 05:39:00,18.12,86.23,32.15,1.67,0.0,Normal,1.0,100.675,2.0796,1.7933,0.2864,0.13063,0.06695,0.001485,0.002477,-0.000991,-0.000496,0.000176,0.253
2026-06-01 05:40:00,17.7,87.66,35.05,1.54,0.0,Normal,1.0,100.675,2.0254,1.7754,0.2499,0.12764,0.06695,0.001619,0.002478,-0.000858,-0.000429,0.000141,0.2026
2026-06-01 05:41:00,18.1,85.74,37.75,1.8,0.0,Normal,1.0,100.675,2.077,1.7808,0.2962,0.13049,0.06695,0.001744,0.002487,-0.000743,-0.000371,0.000234,0.3373
2026-06-01 05:42:00,18.08,84.76,38.06,1.98,0.0,Normal,1.0,100.675,2.0744,1.7583,0.3161,0.13034,0.06695,0.001758,0.002505,-0.000747,-0.000373,0.000284,0.4095
2026-06-01 05:43:00,18.14,84.47,43.17,1.73,0.0,Normal,1.0,100.675,2.0822,1.7589,0.3234,0.13077,0.06695,0.001994,0.002507,-0.000512,-0.000256,0.000277,0.3988
2026-06-01 05:44:00,18.33,85.2,48.89,2.38,0.0,Normal,1.0,100.675,2.1072,1.7953,0.3119,0.13215,0.06695,0.002259,0.002482,-0.000223,-0.000112,0.000392,0.5638
2026-06-01 05:45:00,17.79,86.19,53.18,2.06,0.0,Normal,1.0,100.675,2.0369,1.7556,0.2813,0.12828,0.06695,0.002457,0.002498,-4.1e-05,-2e-05,0.000335,0.483
2026-06-01 05:46:00,18.02,85.35,56.55,2.14,0.0,Normal,1.0,100.675,2.0666,1.7638,0.3028,0.12991,0.06695,0.002613,0.002498,0.000114,1.1e-05,0.000396,0.5709
2026-06-01 05:47:00,18.21,85.34,55.37,2.05,0.0,Normal,1.0,100.675,2.0914,1.7848,0.3066,0.13128,0.06695,0.002558,0.002487,7.1e-05,7e-06,0.000378,0.5441
2026-06-01 05:48:00,17.9,86.62,62.12,2.26,0.0,Normal,1.0,100.675,2.051,1.7766,0.2744,0.12906,0.06695,0.00287,0.002483,0.000387,3.9e-05,0.00043,0.6188
2026-06-01 05:49:00,18.37,84.07,66.96,1.74,0.0,Normal,1.0,100.675,2.1125,1.776,0.3365,0.13244,0.06695,0.003094,0.0025,0.000594,5.9e-05,0.000468,0.6738
2026-06-01 05:50:00,18.22,85.09,64.99,1.38,0.0,Normal,1.0,100.675,2.0927,1.7807,0.312,0.13135,0.06695,0.003003,0.002491,0.000512,5.1e-05,0.000373,0.5374
2026-06-01 05:51:00,18.3,86.04,71.79,1.81,0.0,Normal,1.0,100.675,2.1032,1.8096,0.2936,0.13193,0.06695,0.003317,0.002469,0.000848,8.5e-05,0.000485,0.6981
2026-06-01 05:52:00,18.1,85.04,75.84,2.01,0.0,Normal,1.0,100.675,2.077,1.7663,0.3107,0.13049,0.06695,0.003504,0.002499,0.001005,0.0001,0.000562,0.8096
2026-06-01 05:53:00,18.32,85.59,77.92,1.94,0.0,Normal,1.0,100.675,2.1059,1.8024,0.3035,0.13207,0.06695,0.0036,0.002476,0.001124,0.000112,0.000567,0.8169
2026-06-01 05:54:00,18.37,84.64,77.48,1.96,0.0,Normal,1.0,100.675,2.1125,1.788,0.3245,0.13244,0.06695,0.00358,0.00249,0.00109,0.000109,0.000587,0.8446
2026-06-01 05:55:00,18.26,85.57,84.61,2.18,0.0,Normal,1.0,100.675,2.098,1.7952,0.3027,0.13164,0.06695,0.003909,0.00248,0.001429,0.000143,0.000655,0.9435
2026-06-01 05:56:00,18.28,85.86,87.98,1.99,0.0,Normal,1.0,100.675,2.1006,1.8036,0.297,0.13178,0.06695,0.004065,0.002473,0.001591,0.000159,0.000659,0.9488
2026-06-01 05:57:00,18.29,85.59,91.85,2.08,0.0,Normal,1.0,100.675,2.1019,1.799,0.3029,0.13186,0.06695,0.004243,0.002478,0.001766,0.000177,0.00071,1.0225
2026-06-01 05:58:00,18.14,86.13,94.05,1.74,0.0,Normal,1.0,100.675,2.0822,1.7934,0.2888,0.13077,0.06695,0.004345,0.002477,0.001868,0.000187,0.000678,0.9766
2026-06-01 05:59:00,18.26,84.55,97.75,1.71,0.0,Normal,1.0,100.675,2.098,1.7738,0.3241,0.13164,0.06695,0.004516,0.002498,0.002018,0.000202,0.000741,1.0677
2026-06-01 06:00:00,18.27,85.88,102.35,2.25,0.0,Normal,1.0,100.675,2.0993,1.8029,0.2964,0.13171,0.06695,0.004729,0.002474,0.002255,0.000225,0.000815,1.1733
2026-06-01 06:01:00,18.37,84.43,107.28,1.95,0.0,Normal,1.0,100.675,2.1125,1.7836,0.3289,0.13244,0.06695,0.004956,0.002493,0.002463,0.000246,0.000864,1.2443
2026-06-01 06:02:00,18.47,84.8,108.27,1.81,0.0,Normal,1.0,100.675,2.1258,1.8027,0.3231,0.13317,0.06695,0.005002,0.002481,0.002521,0.000252,0.000854,1.2301
2026-06-01 06:03:00,18.18,85.62,111.28,1.82,0.0,Normal,1.0,100.675,2.0875,1.7873,0.3002,0.13106,0.06695,0.005141,0.002484,0.002657,0.000266,0.000858,1.235
2026-06-01 06:04:00,18.34,85.33,116.38,1.81,0.0,Normal,1.0,100.675,2.1085,1.7992,0.3093,0.13222,0.06695,0.005377,0.002479,0.002898,0.00029,0.000915,1.3181
2026-06-01 06:05:00,18.59,84.53,112.57,1.81,0.0,Normal,1.0,100.675,2.1418,1.8105,0.3313,0.13404,0.06695,0.005201,0.002478,0.002723,0.000272,0.000904,1.3016
2026-06-01 06:06:00,18.27,84.71,124.61,1.69,0.0,Normal,1.0,100.675,2.0993,1.7783,0.321,0.13171,0.06695,0.005757,0.002495,0.003262,0.000326,0.00099,1.4251
2026-06-01 06:07:00,18.28,84.39,126.24,1.65,0.0,Normal,1.0,100.675,2.1006,1.7727,0.3279,0.13178,0.06695,0.005832,0.0025,0.003333,0.000333,0.001007,1.4501
2026-06-01 06:08:00,18.44,85.26,129.78,1.92,0.0,Normal,1.0,100.675,2.1218,1.809,0.3128,0.13295,0.06695,0.005996,0.002474,0.003522,0.000352,0.001055,1.5191
2026-06-01 06:09:00,18.56,84.53,136.85,1.84,0.0,Normal,1.0,100.675,2.1378,1.8071,0.3307,0.13382,0.06695,0.006322,0.00248,0.003843,0.000384,0.001133,1.6319
2026-06-01 06:10:00,18.45,85.42,128.41,2.19,0.0,Normal,1.0,100.675,2.1231,1.8136,0.3096,0.13302,0.06695,0.005933,0.002471,0.003462,0.000346,0.001061,1.5282
2026-06-01 06:11:00,18.66,84.11,131.51,2.03,0.0,Normal,1.0,100.675,2.1512,1.8094,0.3418,0.13456,0.06695,0.006076,0.002481,0.003594,0.000359,0.001113,1.6034
2026-06-01 06:12:00,18.6,83.44,144.34,2.02,0.0,Normal,1.0,100.675,2.1432,1.7882,0.3549,0.13412,0.06695,0.006669,0.002497,0.004171,0.000417,0.001242,1.789
2026-06-01 06:13:00,18.62,84.83,146.52,1.83,0.0,Normal,1.0,100.675,2.1458,1.8203,0.3255,0.13426,0.06695,0.006769,0.002471,0.004298,0.00043,0.00122,1.7566
2026-06-01 06:14:00,18.59,84.1,150.69,1.95,0.0,Normal,1.0,100.675,2.1418,1.8013,0.3405,0.13404,0.06695,0.006962,0.002486,0.004476,0.000448,0.001281,1.8447
2026-06-01 06:15:00,18.87,83.75,151.18,2.05,0.0,Normal,1.0,100.675,2.1796,1.8254,0.3542,0.13611,0.06695,0.006985,0.002475,0.00451,0.000451,0.001314,1.8919
2026-06-01 06:16:00,18.51,84.16,159.8,2.13,0.0,Normal,1.0,100.675,2.1311,1.7935,0.3376,0.13346,0.06695,0.007383,0.00249,0.004893,0.000489,0.001373,1.9765
2026-06-01 06:17:00,18.26,86.24,164.52,1.97,0.0,Normal,1.0,100.675,2.098,1.8093,0.2887,0.13164,0.06695,0.007601,0.002468,0.005133,0.000513,0.00135,1.9446
2026-06-01 06:18:00,18.82,83.18,165.79,2.21,0.0,Normal,1.0,100.675,2.1728,1.8074,0.3655,0.13574,0.06695,0.007659,0.002489,0.005171,0.000517,0.00147,2.1174
2026-06-01 06:19:00,18.52,84.31,165.48,2.0,0.0,Normal,1.0,100.675,2.1324,1.7979,0.3346,0.13353,0.06695,0.007645,0.002486,0.005159,0.000516,0.001413,2.0354
2026-06-01 06:20:00,18.62,84.3,159.39,2.16,0.0,Normal,1.0,100.675,2.1458,1.8089,0.3369,0.13426,0.06695,0.007364,0.00248,0.004883,0.000488,0.001373,1.9772
2026-06-01 06:21:00,18.82,83.03,177.51,1.91,0.0,Normal,1.0,100.675,2.1728,1.8041,0.3687,0.13574,0.06695,0.008201,0.002491,0.00571,0.000571,0.001561,2.2476
2026-06-01 06:22:00,18.4,85.05,183.35,1.64,0.0,Normal,1.0,100.675,2.1165,1.8001,0.3164,0.13265,0.06695,0.008471,0.00248,0.00599,0.000599,0.001542,2.2202
2026-06-01 06:23:00,18.47,85.62,183.71,2.06,0.0,Normal,1.0,100.675,2.1258,1.8201,0.3057,0.13317,0.06695,0.008487,0.002466,0.006022,0.000602,0.001553,2.2366
2026-06-01 06:24:00,18.44,84.46,178.73,2.16,0.0,Normal,1.0,100.675,2.1218,1.7921,0.3297,0.13295,0.06695,0.008257,0.002489,0.005769,0.000577,0.001536,2.2115
2026-06-01 06:25:00,18.58,84.6,190.71,2.13,0.0,Normal,1.0,100.675,2.1405,1.8108,0.3296,0.13397,0.06695,0.008811,0.002477,0.006333,0.000633,0.001648,2.3729
2026-06-01 06:26:00,18.78,82.15,195.19,2.11,0.0,Normal,1.0,100.675,2.1674,1.7805,0.3869,0.13544,0.06695,0.009018,0.00251,0.006508,0.000651,0.001754,2.5253
2026-06-01 06:27:00,18.81,83.7,202.68,1.96,0.0,Normal,1.0,100.675,2.1715,1.8175,0.354,0.13567,0.06695,0.009364,0.00248,0.006884,0.000688,0.001784,2.5692
2026-06-01 06:28:00,18.79,83.58,191.79,1.87,0.0,Normal,1.0,100.675,2.1688,1.8127,0.3561,0.13552,0.06695,0.008861,0.002483,0.006378,0.000638,0.00168,2.4188
2026-06-01 06:29:00,18.56,83.93,198.95,2.14,0.0,Normal,1.0,100.675,2.1378,1.7943,0.3435,0.13382,0.06695,0.009191,0.002491,0.006701,0.00067,0.001737,2.5014
2026-06-01 06:30:00,18.44,85.4,208.22,2.12,0.0,Normal,1.0,100.675,2.1218,1.812,0.3098,0.13295,0.06695,0.00962,0.002472,0.007148,0.000715,0.001781,2.5648
2026-06-01 06:31:00,18.81,83.52,207.34,1.93,0.0,Normal,1.0,100.675,2.1715,1.8136,0.3579,0.13567,0.06695,0.009579,0.002483,0.007096,0.00071,0.00183,2.6355
2026-06-01 06:32:00,18.75,83.77,203.27,2.26,0.0,Normal,1.0,100.675,2.1634,1.8122,0.3511,0.13522,0.06695,0.009391,0.002482,0.006909,0.000691,0.001795,2.5854
2026-06-01 06:33:00,18.91,83.21,216.31,1.87,0.0,Normal,1.0,100.675,2.1851,1.8182,0.3669,0.13641,0.06695,0.009994,0.002482,0.007511,0.000751,0.001924,2.7712
2026-06-01 06:34:00,18.97,82.14,220.74,1.93,0.0,Normal,1.0,100.675,2.1933,1.8016,0.3917,0.13686,0.06695,0.010198,0.002499,0.0077,0.00077,0.001993,2.8705
2026-06-01 06:35:00,18.9,82.79,220.88,2.38,0.0,Normal,1.0,100.675,2.1837,1.8079,0.3758,0.13634,0.06695,0.010205,0.002491,0.007714,0.000771,0.001991,2.8675
2026-06-01 06:36:00,19.01,83.73,225.09,2.23,0.0,Normal,1.0,100.675,2.1988,1.841,0.3577,0.13716,0.06695,0.010399,0.002466,0.007933,0.000793,0.00201,2.8946
2026-06-01 06:37:00,18.95,82.06,225.18,1.99,0.0,Normal,1.0,100.675,2.1905,1.7976,0.393,0.13671,0.06695,0.010403,0.002501,0.007902,0.00079,0.002038,2.9341
2026-06-01 06:38:00,19.02,82.68,240.46,2.12,0.0,Normal,1.0,100.675,2.2001,1.8191,0.3811,0.13723,0.06695,0.011109,0.002485,0.008624,0.000862,0.002174,3.1305
2026-06-01 06:39:00,18.85,83.36,227.25,2.1,0.0,Normal,1.0,100.675,2.1769,1.8147,0.3622,0.13596,0.06695,0.010499,0.002483,0.008016,0.000802,0.002025,2.9166
2026-06-01 06:40:00,18.95,84.38,232.7,1.52,0.0,Normal,1.0,100.675,2.1905,1.8484,0.3422,0.13671,0.06695,0.010751,0.002458,0.008293,0.000829,0.002056,2.9605
2026-06-01 06:41:00,19.03,83.58,240.25,1.89,0.0,Normal,1.0,100.675,2.2015,1.84,0.3615,0.13731,0.06695,0.0111,0.002468,0.008632,0.000863,0.002151,3.0968
2026-06-01 06:42:00,19.14,82.47,249.9,2.07,0.0,Normal,1.0,100.675,2.2167,1.8281,0.3886,0.13813,0.06695,0.011545,0.002482,0.009064,0.000906,0.002274,3.274
2026-06-01 06:43:00,18.98,84.04,235.69,2.01,0.0,Normal,1.0,100.675,2.1947,1.8444,0.3503,0.13693,0.06695,0.010889,0.002463,0.008426,0.000843,0.002096,3.0183
2026-06-01 06:44:00,19.13,82.37,240.24,2.14,0.0,Normal,1.0,100.675,2.2153,1.8247,0.3906,0.13806,0.06695,0.011099,0.002484,0.008615,0.000861,0.002187,3.1491
2026-06-01 06:45:00,19.04,83.69,237.87,2.32,0.0,Normal,1.0,100.675,2.2029,1.8436,0.3593,0.13738,0.06695,0.01099,0.002465,0.008524,0.000852,0.002131,3.0681
2026-06-01 06:46:00,19.08,82.15,256.9,2.03,0.0,Normal,1.0,100.675,2.2084,1.8142,0.3942,0.13768,0.06695,0.011869,0.002492,0.009377,0.000938,0.002341,3.3709
2026-06-01 06:47:00,19.24,83.16,251.21,1.89,0.0,Normal,1.0,100.675,2.2305,1.8549,0.3756,0.13889,0.06695,0.011606,0.002462,0.009144,0.000914,0.002277,3.2786
2026-06-01 06:48:00,18.84,83.39,260.17,2.17,0.0,Normal,1.0,100.675,2.1756,1.8142,0.3614,0.13589,0.06695,0.01202,0.002483,0.009536,0.000954,0.002326,3.35
2026-06-01 06:49:00,18.97,82.67,271.77,2.04,0.0,Normal,1.0,100.675,2.1933,1.8132,0.3801,0.13686,0.06695,0.012556,0.002489,0.010067,0.001007,0.00246,3.5422
2026-06-01 06:50:00,18.96,83.18,264.57,2.08,0.0,Normal,1.0,100.675,2.1919,1.8232,0.3687,0.13678,0.06695,0.012223,0.00248,0.009743,0.000974,0.002381,3.4286
2026-06-01 06:51:00,18.85,83.77,274.92,2.05,0.0,Normal,1.0,100.675,2.1769,1.8236,0.3533,0.13596,0.06695,0.012701,0.002476,0.010226,0.001023,0.002456,3.5368
2026-06-01 06:52:00,19.12,82.56,273.81,2.57,0.0,Normal,1.0,100.675,2.2139,1.8278,0.3861,0.13798,0.06695,0.01265,0.002481,0.010169,0.001017,0.002488,3.5829
2026-06-01 06:53:00,19.36,82.53,285.19,1.67,0.0,Normal,1.0,100.675,2.2472,1.8546,0.3926,0.1398,0.06695,0.013176,0.002467,0.010709,0.001071,0.002624,3.779
2026-06-01 06:54:00,19.22,82.22,286.84,2.05,0.0,Normal,1.0,100.675,2.2277,1.8316,0.3961,0.13874,0.06695,0.013252,0.002481,0.010771,0.001077,0.002629,3.7857
2026-06-01 06:55:00,19.32,82.68,280.13,2.13,0.0,Normal,1.0,100.675,2.2416,1.8534,0.3883,0.13949,0.06695,0.012942,0.002466,0.010476,0.001048,0.002563,3.6908
2026-06-01 06:56:00,19.47,82.14,287.85,1.98,0.0,Normal,1.0,100.675,2.2627,1.8585,0.4041,0.14064,0.06695,0.013299,0.002467,0.010832,0.001083,0.002661,3.8318
2026-06-01 06:57:00,19.53,81.68,301.72,2.32,0.0,Normal,1.0,100.675,2.2711,1.855,0.4161,0.1411,0.06695,0.013939,0.002472,0.011467,0.001147,0.0028,4.0319
2026-06-01 06:58:00,19.34,81.97,299.29,2.3,0.0,Normal,1.0,100.675,2.2444,1.8398,0.4047,0.13965,0.06695,0.013827,0.002479,0.011349,0.001135,0.002755,3.967
2026-06-01 06:59:00,19.58,81.67,286.51,2.13,0.0,Normal,1.0,100.675,2.2782,1.8606,0.4176,0.14148,0.06695,0.013237,0.002469,0.010768,0.001077,0.002666,3.8389
2026-06-01 07:00:00,19.41,82.38,308.22,2.09,0.0,Normal,1.0,100.675,2.2542,1.857,0.3972,0.14018,0.06695,0.01424,0.002466,0.011773,0.001177,0.00284,4.0889
2026-06-01 07:01:00,19.29,83.61,295.56,2.13,0.0,Normal,1.0,100.675,2.2375,1.8707,0.3667,0.13927,0.06695,0.013655,0.002451,0.011204,0.00112,0.002683,3.8632
2026-06-01 07:02:00,19.35,82.77,321.81,2.13,0.0,Normal,1.0,100.675,2.2458,1.8589,0.387,0.13972,0.06695,0.014868,0.002463,0.012405,0.00124,0.002951,4.2488
2026-06-01 07:03:00,19.24,83.1,321.53,2.14,0.0,Normal,1.0,100.675,2.2305,1.8536,0.377,0.13889,0.06695,0.014855,0.002464,0.012391,0.001239,0.00293,4.2197
2026-06-01 07:04:00,19.35,84.06,317.9,2.12,0.0,Normal,1.0,100.675,2.2458,1.8878,0.358,0.13972,0.06695,0.014687,0.002438,0.012249,0.001225,0.002886,4.1552
2026-06-01 07:05:00,19.46,82.23,319.87,2.22,0.0,Normal,1.0,100.675,2.2613,1.8594,0.4018,0.14056,0.06695,0.014778,0.002466,0.012312,0.001231,0.002951,4.249
2026-06-01 07:06:00,19.65,81.66,319.56,2.32,0.0,Normal,1.0,100.675,2.2881,1.8685,0.4196,0.14202,0.06695,0.014764,0.002465,0.012299,0.00123,0.002975,4.2837
2026-06-01 07:07:00,19.82,81.35,331.39,1.93,0.0,Normal,1.0,100.675,2.3124,1.8811,0.4313,0.14334,0.06695,0.01531,0.00246,0.012851,0.001285,0.003122,4.496
2026-06-01 07:08:00,19.37,81.55,324.33,1.97,0.0,Normal,1.0,100.675,2.2486,1.8338,0.4149,0.13987,0.06695,0.014984,0.002485,0.012499,0.00125,0.00301,4.3337
2026-06-01 07:09:00,19.66,81.08,333.51,1.83,0.0,Normal,1.0,100.675,2.2895,1.8563,0.4332,0.1421,0.06695,0.015408,0.002475,0.012933,0.001293,0.003138,4.5184
2026-06-01 07:10:00,19.47,81.58,343.11,2.36,0.0,Normal,1.0,100.675,2.2627,1.8459,0.4168,0.14064,0.06695,0.015852,0.002478,0.013374,0.001337,0.003174,4.5712
2026-06-01 07:11:00,19.72,81.57,331.85,2.24,0.0,Normal,1.0,100.675,2.2981,1.8745,0.4235,0.14256,0.06695,0.015331,0.002462,0.01287,0.001287,0.0031,4.4638
2026-06-01 07:12:00,19.65,81.27,334.42,2.29,0.0,Normal,1.0,100.675,2.2881,1.8595,0.4286,0.14202,0.06695,0.01545,0.002472,0.012978,0.001298,0.003122,4.4963
2026-06-01 07:13:00,19.42,82.1,331.58,1.91,0.0,Normal,1.0,100.675,2.2556,1.8519,0.4038,0.14026,0.06695,0.015319,0.002471,0.012848,0.001285,0.003074,4.4264
2026-06-01 07:14:00,19.86,81.45,335.98,2.56,0.0,Normal,1.0,100.675,2.3181,1.8881,0.43,0.14365,0.06695,0.015522,0.002455,0.013067,0.001307,0.003141,4.5227
2026-06-01 07:15:00,19.66,81.89,331.02,2.08,0.0,Normal,1.0,100.675,2.2895,1.8749,0.4146,0.1421,0.06695,0.015293,0.00246,0.012834,0.001283,0.003086,4.4442
2026-06-01 07:16:00,19.69,81.18,361.13,2.24,0.0,Normal,1.0,100.675,2.2938,1.8621,0.4317,0.14233,0.06695,0.016684,0.002471,0.014213,0.001421,0.003378,4.8644
2026-06-01 07:17:00,19.63,81.03,375.9,2.38,0.0,Normal,1.0,100.675,2.2853,1.8517,0.4335,0.14187,0.06695,0.017367,0.002478,0.014888,0.001489,0.003503,5.0437
2026-06-01 07:18:00,19.72,81.87,375.08,2.02,0.0,Normal,1.0,100.675,2.2981,1.8814,0.4166,0.14256,0.06695,0.017329,0.002456,0.014873,0.001487,0.003512,5.0572
2026-06-01 07:19:00,19.91,81.13,345.14,2.11,0.0,Normal,1.0,100.675,2.3253,1.8865,0.4388,0.14404,0.06695,0.015945,0.002458,0.013487,0.001349,0.003258,4.6914
2026-06-01 07:20:00,19.84,79.89,373.94,2.26,0.0,Normal,1.0,100.675,2.3152,1.8496,0.4656,0.14349,0.06695,0.017276,0.002487,0.014789,0.001479,0.003542,5.1004
2026-06-01 07:21:00,19.94,80.38,384.86,2.8,0.0,Normal,1.0,100.675,2.3296,1.8725,0.4571,0.14427,0.06695,0.017781,0.002471,0.01531,0.001531,0.003606,5.1922
2026-06-01 07:22:00,19.97,80.59,367.14,2.29,0.0,Normal,1.0,100.675,2.3339,1.8809,0.453,0.14451,0.06695,0.016962,0.002465,0.014497,0.00145,0.003473,5.0012
2026-06-01 07:23:00,20.14,80.49,376.51,2.56,0.0,Normal,1.0,100.675,2.3586,1.8985,0.4602,0.14584,0.06695,0.017395,0.002456,0.014939,0.001494,0.003564,5.1315
2026-06-01 07:24:00,19.92,81.19,355.69,2.48,0.0,Normal,1.0,100.675,2.3267,1.8891,0.4377,0.14411,0.06695,0.016433,0.002456,0.013977,0.001398,0.003337,4.8048
2026-06-01 07:25:00,19.77,81.22,384.66,2.32,0.0,Normal,1.0,100.675,2.3052,1.8723,0.4329,0.14295,0.06695,0.017771,0.002465,0.015306,0.001531,0.003597,5.1802
2026-06-01 07:26:00,20.18,80.27,372.44,2.05,0.0,Normal,1.0,100.675,2.3645,1.898,0.4665,0.14616,0.06695,0.017207,0.002457,0.014749,0.001475,0.003566,5.1345
2026-06-01 07:27:00,19.99,80.47,390.14,2.46,0.0,Normal,1.0,100.675,2.3368,1.8805,0.4564,0.14466,0.06695,0.018024,0.002466,0.015559,0.001556,0.00368,5.2985
2026-06-01 07:28:00,20.24,79.35,372.6,1.96,0.0,Normal,1.0,100.675,2.3732,1.8832,0.4901,0.14663,0.06695,0.017214,0.002472,0.014742,0.001474,0.003598,5.1812
2026-06-01 07:29:00,20.15,79.83,400.42,2.58,0.0,Normal,1.0,100.675,2.3601,1.8841,0.476,0.14592,0.06695,0.018499,0.002468,0.016031,0.001603,0.0038,5.4713
2026-06-01 07:30:00,20.1,80.14,409.3,2.3,0.0,Normal,1.0,100.675,2.3528,1.8855,0.4673,0.14553,0.06695,0.01891,0.002465,0.016444,0.001644,0.00389,5.6012
2026-06-01 07:31:00,20.2,79.84,390.77,1.74,0.0,Normal,1.0,100.675,2.3674,1.8901,0.4773,0.14631,0.06695,0.018054,0.002465,0.015589,0.001559,0.003775,5.4353
2026-06-01 07:32:00,20.47,77.99,389.49,2.2,0.0,Normal,1.0,100.675,2.4072,1.8774,0.5298,0.14846,0.06695,0.017994,0.002485,0.01551,0.001551,0.003802,5.4754
2026-06-01 07:33:00,20.51,78.76,380.04,2.41,0.0,Normal,1.0,100.675,2.4131,1.9006,0.5125,0.14878,0.06695,0.017558,0.002466,0.015092,0.001509,0.003689,5.3124
2026-06-01 07:34:00,20.24,79.79,406.11,2.23,0.0,Normal,1.0,100.675,2.3732,1.8936,0.4796,0.14663,0.06695,0.018762,0.002463,0.016299,0.00163,0.00389,5.601
2026-06-01 07:35:00,20.28,79.48,405.24,2.43,0.0,Normal,1.0,100.675,2.3791,1.8909,0.4882,0.14695,0.06695,0.018722,0.002467,0.016255,0.001626,0.003878,5.585
2026-06-01 07:36:00,20.44,79.04,396.16,2.12,0.0,Normal,1.0,100.675,2.4027,1.8991,0.5036,0.14822,0.06695,0.018303,0.002465,0.015837,0.001584,0.003842,5.5331
2026-06-01 07:37:00,20.18,80.21,424.23,2.03,0.0,Normal,1.0,100.675,2.3645,1.8965,0.4679,0.14616,0.06695,0.019599,0.002459,0.017141,0.001714,0.004063,5.8512
2026-06-01 07:38:00,20.38,78.71,415.89,2.28,0.0,Normal,1.0,100.675,2.3939,1.8842,0.5097,0.14774,0.06695,0.019214,0.002476,0.016738,0.001674,0.00402,5.7882
2026-06-01 07:39:00,20.35,78.45,410.91,2.3,0.0,Normal,1.0,100.675,2.3894,1.8745,0.5149,0.1475,0.06695,0.018984,0.002483,0.016501,0.00165,0.003974,5.7233
2026-06-01 07:40:00,20.43,79.01,420.53,2.23,0.0,Normal,1.0,100.675,2.4013,1.8972,0.504,0.14814,0.06695,0.019428,0.002466,0.016962,0.001696,0.004066,5.8544
2026-06-01 07:41:00,20.29,80.08,444.51,2.55,0.0,Normal,1.0,100.675,2.3806,1.9064,0.4742,0.14703,0.06695,0.020536,0.002454,0.018082,0.001808,0.004215,6.069
2026-06-01 07:42:00,20.2,80.87,441.53,2.14,0.0,Normal,1.0,100.675,2.3674,1.9145,0.4529,0.14631,0.06695,0.020399,0.002444,0.017955,0.001795,0.004203,6.0525
2026-06-01 07:43:00,20.15,80.45,434.99,2.38,0.0,Normal,1.0,100.675,2.3601,1.8987,0.4614,0.14592,0.06695,0.020097,0.002456,0.017641,0.001764,0.004119,5.9309
2026-06-01 07:44:00,20.32,78.63,447.87,2.33,0.0,Normal,1.0,100.675,2.385,1.8753,0.5097,0.14727,0.06695,0.020692,0.002481,0.01821,0.001821,0.00431,6.2065
2026-06-01 07:45:00,20.45,79.02,427.28,2.01,0.0,Normal,1.0,100.675,2.4042,1.8998,0.5044,0.1483,0.06695,0.01974,0.002465,0.017275,0.001728,0.004151,5.9773
2026-06-01 07:46:00,20.5,79.17,446.12,2.06,0.0,Normal,1.0,100.675,2.4116,1.9093,0.5023,0.1487,0.06695,0.020611,0.002459,0.018152,0.001815,0.00433,6.2348
2026-06-01 07:47:00,20.86,78.12,450.66,2.33,0.0,Normal,1.0,100.675,2.4657,1.9262,0.5395,0.15161,0.06695,0.02082,0.002456,0.018364,0.001836,0.004415,6.3569
2026-06-01 07:48:00,20.77,78.6,445.29,2.73,0.0,Normal,1.0,100.675,2.4521,1.9273,0.5247,0.15088,0.06695,0.020572,0.002452,0.01812,0.001812,0.004305,6.199
2026-06-01 07:49:00,20.49,78.51,460.57,2.45,0.0,Normal,1.0,100.675,2.4102,1.8922,0.5179,0.14862,0.06695,0.021278,0.002473,0.018806,0.001881,0.00444,6.3939
2026-06-01 07:50:00,20.71,78.48,446.89,2.0,0.0,Normal,1.0,100.675,2.443,1.9173,0.5257,0.15039,0.06695,0.020646,0.002459,0.018188,0.001819,0.004383,6.3118
2026-06-01 07:51:00,20.62,78.93,467.61,1.72,0.0,Normal,1.0,100.675,2.4295,1.9176,0.5119,0.14967,0.06695,0.021604,0.002455,0.019148,0.001915,0.004598,6.6218
2026-06-01 07:52:00,20.67,79.05,471.19,2.5,0.0,Normal,1.0,100.675,2.437,1.9265,0.5106,0.15007,0.06695,0.021769,0.00245,0.019319,0.001932,0.004542,6.5398
2026-06-01 07:53:00,20.77,77.79,425.64,2.33,0.0,Normal,1.0,100.675,2.4521,1.9075,0.5446,0.15088,0.06695,0.019665,0.002469,0.017195,0.00172,0.004176,6.0128
2026-06-01 07:54:00,20.86,77.81,486.17,2.58,0.0,Normal,1.0,100.675,2.4657,1.9186,0.5471,0.15161,0.06695,0.022461,0.002463,0.019998,0.002,0.00473,6.8117
2026-06-01 07:55:00,20.75,76.72,429.15,2.18,0.0,Normal,1.0,100.675,2.4491,1.8789,0.5701,0.15072,0.06695,0.019827,0.002493,0.017334,0.001733,0.004243,6.1093
2026-06-01 07:56:00,20.99,77.3,466.49,2.43,0.0,Normal,1.0,100.675,2.4855,1.9213,0.5642,0.15267,0.06695,0.021552,0.002465,0.019087,0.001909,0.004592,6.6129
2026-06-01 07:57:00,20.68,78.2,492.9,2.54,0.0,Normal,1.0,100.675,2.4385,1.9069,0.5316,0.15015,0.06695,0.022772,0.002467,0.020305,0.002031,0.004763,6.8584
2026-06-01 07:58:00,20.88,77.35,476.53,2.28,0.0,Normal,1.0,100.675,2.4687,1.9096,0.5592,0.15178,0.06695,0.022016,0.002471,0.019545,0.001954,0.004687,6.749
2026-06-01 07:59:00,21.3,76.9,462.72,2.29,0.0,Normal,1.0,100.675,2.5332,1.948,0.5852,0.15523,0.06695,0.021378,0.002452,0.018925,0.001893,0.004618,6.6499
2026-06-01 08:00:00,20.97,77.67,470.94,2.39,0.0,Normal,1.0,100.675,2.4824,1.9281,0.5543,0.15251,0.06695,0.021757,0.002458,0.019299,0.00193,0.004626,6.6613
2026-06-01 08:01:00,21.18,75.77,504.9,2.49,0.0,Normal,1.0,100.675,2.5146,1.9053,0.6093,0.15424,0.06695,0.023326,0.002485,0.020842,0.002084,0.005014,7.2206
2026-06-01 08:02:00,21.01,77.73,464.3,2.38,0.0,Normal,1.0,100.675,2.4885,1.9343,0.5542,0.15284,0.06695,0.021451,0.002454,0.018996,0.0019,0.004568,6.5773
2026-06-01 08:03:00,21.11,76.76,512.36,2.59,0.0,Normal,1.0,100.675,2.5039,1.922,0.5819,0.15366,0.06695,0.023671,0.002468,0.021203,0.00212,0.005036,7.252
2026-06-01 08:04:00,21.05,77.8,497.63,2.3,0.0,Normal,1.0,100.675,2.4947,1.9408,0.5538,0.15317,0.06695,0.022991,0.00245,0.02054,0.002054,0.004896,7.0507
2026-06-01 08:05:00,21.06,76.7,483.39,2.13,0.0,Normal,1.0,100.675,2.4962,1.9146,0.5816,0.15325,0.06695,0.022333,0.002473,0.01986,0.001986,0.004807,6.9218
2026-06-01 08:06:00,21.0,77.66,495.36,2.8,0.0,Normal,1.0,100.675,2.487,1.9314,0.5556,0.15276,0.06695,0.022886,0.002456,0.020429,0.002043,0.004814,6.9316
2026-06-01 08:07:00,21.21,76.89,491.56,2.29,0.0,Normal,1.0,100.675,2.5193,1.9371,0.5822,0.15449,0.06695,0.02271,0.002459,0.020251,0.002025,0.004883,7.032
2026-06-01 08:08:00,21.04,77.69,523.13,2.3,0.0,Normal,1.0,100.675,2.4931,1.9369,0.5562,0.15308,0.06695,0.024169,0.002453,0.021716,0.002172,0.005141,7.4029
2026-06-01 08:09:00,21.3,76.87,523.98,2.4,0.0,Normal,1.0,100.675,2.5332,1.9473,0.5859,0.15523,0.06695,0.024208,0.002453,0.021755,0.002175,0.005192,7.4771
2026-06-01 08:10:00,21.39,76.39,488.96,2.43,0.0,Normal,1.0,100.675,2.5472,1.9458,0.6014,0.15598,0.06695,0.02259,0.002457,0.020133,0.002013,0.004881,7.0285
2026-06-01 08:11:00,21.32,75.84,512.1,2.35,0.0,Normal,1.0,100.675,2.5363,1.9235,0.6128,0.1554,0.06695,0.023659,0.002474,0.021185,0.002119,0.005115,7.3654
2026-06-01 08:12:00,21.25,76.06,507.7,2.42,0.0,Normal,1.0,100.675,2.5255,1.9209,0.6046,0.15482,0.06695,0.023456,0.002474,0.020982,0.002098,0.00505,7.2719
2026-06-01 08:13:00,21.39,76.2,544.34,2.42,0.0,Normal,1.0,100.675,2.5472,1.941,0.6062,0.15598,0.06695,0.025149,0.002461,0.022687,0.002269,0.005414,7.7962
2026-06-01 08:14:00,21.3,76.79,505.47,2.47,0.0,Normal,1.0,100.675,2.5332,1.9452,0.588,0.15523,0.06695,0.023353,0.002455,0.020898,0.00209,0.00501,7.2151
2026-06-01 08:15:00,21.52,75.82,555.09,1.97,0.0,Normal,1.0,100.675,2.5676,1.9467,0.6208,0.15707,0.06695,0.025645,0.002461,0.023184,0.002318,0.005611,8.0801
2026-06-01 08:16:00,21.14,77.63,531.86,2.82,0.0,Normal,1.0,100.675,2.5085,1.9473,0.5611,0.15391,0.06695,0.024572,0.002448,0.022124,0.002212,0.005166,7.4386
2026-06-01 08:17:00,21.39,76.38,516.51,2.42,0.0,Normal,1.0,100.675,2.5472,1.9456,0.6017,0.15598,0.06695,0.023863,0.002457,0.021405,0.002141,0.005144,7.4079
2026-06-01 08:18:00,21.17,76.58,527.01,2.57,0.0,Normal,1.0,100.675,2.5131,1.9245,0.5886,0.15416,0.06695,0.024348,0.002468,0.02188,0.002188,0.005189,7.4719
2026-06-01 08:19:00,21.28,76.7,527.7,2.18,0.0,Normal,1.0,100.675,2.5301,1.9406,0.5895,0.15507,0.06695,0.02438,0.002458,0.021922,0.002192,0.005259,7.5729
2026-06-01 08:20:00,21.74,75.73,522.68,2.36,0.0,Normal,1.0,100.675,2.6023,1.9707,0.6316,0.15893,0.06695,0.024148,0.002448,0.0217,0.00217,0.005276,7.5975
2026-06-01 08:21:00,21.7,75.9,547.77,2.33,0.0,Normal,1.0,100.675,2.596,1.9703,0.6256,0.15859,0.06695,0.025307,0.002447,0.02286,0.002286,0.005512,7.937
2026-06-01 08:22:00,21.48,77.42,528.73,2.76,0.0,Normal,1.0,100.675,2.5613,1.9829,0.5783,0.15674,0.06695,0.024427,0.002429,0.021999,0.0022,0.0052,7.4882
2026-06-01 08:23:00,21.4,76.13,515.61,2.35,0.0,Normal,1.0,100.675,2.5488,1.9404,0.6084,0.15607,0.06695,0.023821,0.002462,0.021359,0.002136,0.005152,7.4187
2026-06-01 08:24:00,21.21,77.01,548.1,2.63,0.0,Normal,1.0,100.675,2.5193,1.9401,0.5792,0.15449,0.06695,0.025322,0.002456,0.022866,0.002287,0.005371,7.7343
2026-06-01 08:25:00,21.6,76.22,527.01,2.35,0.0,Normal,1.0,100.675,2.5802,1.9666,0.6136,0.15774,0.06695,0.024348,0.002447,0.021901,0.00219,0.005287,7.6128
2026-06-01 08:26:00,22.08,74.63,547.22,2.39,0.0,Normal,1.0,100.675,2.6569,1.9828,0.674,0.16183,0.06695,0.025282,0.002449,0.022833,0.002283,0.005587,8.0457
2026-06-01 08:27:00,21.81,75.08,547.21,2.44,0.0,Normal,1.0,100.675,2.6135,1.9622,0.6513,0.15952,0.06695,0.025281,0.002457,0.022824,0.002282,0.00553,7.963
2026-06-01 08:28:00,21.69,74.78,550.48,2.75,0.0,Normal,1.0,100.675,2.5944,1.9401,0.6543,0.1585,0.06695,0.025432,0.002472,0.02296,0.002296,0.005514,7.9407
2026-06-01 08:29:00,21.88,74.89,602.03,2.12,0.0,Normal,1.0,100.675,2.6247,1.9656,0.6591,0.16012,0.06695,0.027814,0.002457,0.025357,0.002536,0.006126,8.8207
2026-06-01 08:30:00,21.6,75.31,571.58,2.23,0.0,Normal,1.0,100.675,2.5802,1.9431,0.637,0.15774,0.06695,0.026407,0.002467,0.02394,0.002394,0.005757,8.2902
2026-06-01 08:31:00,21.82,74.31,577.51,2.11,0.0,Normal,1.0,100.675,2.6151,1.9433,0.6718,0.15961,0.06695,0.026681,0.002474,0.024207,0.002421,0.00589,8.4812
2026-06-01 08:32:00,21.92,74.62,545.26,2.29,0.0,Normal,1.0,100.675,2.6311,1.9633,0.6678,0.16046,0.06695,0.025191,0.00246,0.022731,0.002273,0.005557,8.0022
2026-06-01 08:33:00,21.92,74.45,567.26,2.35,0.0,Normal,1.0,100.675,2.6311,1.9588,0.6722,0.16046,0.06695,0.026207,0.002464,0.023744,0.002374,0.005768,8.3054
2026-06-01 08:34:00,22.08,74.98,585.01,2.19,0.0,Normal,1.0,100.675,2.6569,1.9921,0.6647,0.16183,0.06695,0.027027,0.002441,0.024587,0.002459,0.005975,8.6036
2026-06-01 08:35:00,22.05,75.09,565.95,2.37,0.0,Normal,1.0,100.675,2.652,1.9914,0.6606,0.16157,0.06695,0.026147,0.00244,0.023707,0.002371,0.005755,8.287
2026-06-01 08:36:00,22.13,73.97,602.51,2.12,0.0,Normal,1.0,100.675,2.665,1.9713,0.6937,0.16226,0.06695,0.027836,0.00246,0.025376,0.002538,0.006191,8.9144
2026-06-01 08:37:00,21.95,74.83,567.9,2.32,0.0,Normal,1.0,100.675,2.6359,1.9724,0.6635,0.16072,0.06695,0.026237,0.002453,0.023784,0.002378,0.005773,8.3125
2026-06-01 08:38:00,22.22,73.12,586.68,2.77,0.0,Normal,1.0,100.675,2.6796,1.9593,0.7203,0.16304,0.06695,0.027105,0.002473,0.024631,0.002463,0.005984,8.6174
2026-06-01 08:39:00,22.36,73.55,583.92,2.61,0.0,Normal,1.0,100.675,2.7025,1.9877,0.7148,0.16426,0.06695,0.026977,0.002454,0.024523,0.002452,0.005987,8.6213
2026-06-01 08:40:00,22.01,75.08,599.92,2.57,0.0,Normal,1.0,100.675,2.6455,1.9863,0.6593,0.16123,0.06695,0.027716,0.002443,0.025273,0.002527,0.006046,8.7068
2026-06-01 08:41:00,22.05,75.21,588.04,2.34,0.0,Normal,1.0,100.675,2.652,1.9946,0.6574,0.16157,0.06695,0.027167,0.002438,0.02473,0.002473,0.005971,8.5979
2026-06-01 08:42:00,22.42,73.27,597.25,2.24,0.0,Normal,1.0,100.675,2.7124,1.9874,0.725,0.16478,0.06695,0.027593,0.002456,0.025137,0.002514,0.006183,8.903
2026-06-01 08:43:00,22.22,74.88,600.44,2.32,0.0,Normal,1.0,100.675,2.6796,2.0065,0.6731,0.16304,0.06695,0.02774,0.002433,0.025307,0.002531,0.00613,8.8269
2026-06-01 08:44:00,22.49,72.59,593.9,2.54,0.0,Normal,1.0,100.675,2.7239,1.9773,0.7466,0.1654,0.06695,0.027438,0.002467,0.024971,0.002497,0.00614,8.8414
2026-06-01 08:45:00,22.24,73.43,618.72,2.73,0.0,Normal,1.0,100.675,2.6829,1.97,0.7128,0.16322,0.06695,0.028585,0.002465,0.02612,0.002612,0.006286,9.0525
2026-06-01 08:46:00,22.56,73.72,616.77,2.74,0.0,Normal,1.0,100.675,2.7355,2.0166,0.7189,0.16601,0.06695,0.028495,0.002436,0.026059,0.002606,0.006311,9.0872
2026-06-01 08:47:00,22.39,74.76,613.29,2.69,0.0,Normal,1.0,100.675,2.7074,2.0241,0.6834,0.16452,0.06695,0.028334,0.002424,0.02591,0.002591,0.006225,8.9647
2026-06-01 08:48:00,22.45,73.92,609.48,2.42,0.0,Normal,1.0,100.675,2.7173,2.0086,0.7087,0.16504,0.06695,0.028158,0.002439,0.025719,0.002572,0.006264,9.0205
2026-06-01 08:49:00,22.67,72.96,634.8,2.58,0.0,Normal,1.0,100.675,2.7538,2.0092,0.7446,0.16698,0.06695,0.029328,0.002446,0.026882,0.002688,0.006549,9.4302
2026-06-01 08:50:00,22.42,72.38,618.09,2.51,0.0,Normal,1.0,100.675,2.7124,1.9632,0.7492,0.16478,0.06695,0.028556,0.002477,0.026079,0.002608,0.006372,9.1763
2026-06-01 08:51:00,22.36,72.64,619.25,2.54,0.0,Normal,1.0,100.675,2.7025,1.9631,0.7394,0.16426,0.06695,0.028609,0.002475,0.026135,0.002613,0.006362,9.1616
2026-06-01 08:52:00,22.47,73.63,629.47,2.99,0.0,Normal,1.0,100.675,2.7206,2.0032,0.7174,0.16522,0.06695,0.029082,0.002444,0.026637,0.002664,0.006381,9.1888
2026-06-01 08:53:00,22.64,72.88,662.05,2.23,0.0,Normal,1.0,100.675,2.7488,2.0034,0.7455,0.16672,0.06695,0.030587,0.00245,0.028137,0.002814,0.006872,9.8961
2026-06-01 08:54:00,22.37,73.18,607.03,2.54,0.0,Normal,1.0,100.675,2.7041,1.9789,0.7253,0.16435,0.06695,0.028045,0.002462,0.025583,0.002558,0.006231,8.9722
2026-06-01 08:55:00,22.73,72.87,649.59,2.84,0.0,Normal,1.0,100.675,2.7639,2.014,0.7498,0.16751,0.06695,0.030011,0.002444,0.027568,0.002757,0.006663,9.5949
2026-06-01 08:56:00,22.58,73.3,601.19,2.3,0.0,Normal,1.0,100.675,2.7389,2.0076,0.7313,0.16619,0.06695,0.027775,0.002444,0.025331,0.002533,0.006237,8.9818
2026-06-01 08:57:00,22.87,73.01,644.01,2.47,0.0,Normal,1.0,100.675,2.7874,2.0351,0.7523,0.16876,0.06695,0.029753,0.00243,0.027323,0.002732,0.006688,9.6308
2026-06-01 08:58:00,22.37,73.91,672.64,2.5,0.0,Normal,1.0,100.675,2.7041,1.9986,0.7055,0.16435,0.06695,0.031076,0.002445,0.028631,0.002863,0.006851,9.8649
2026-06-01 08:59:00,22.64,73.8,654.17,2.56,0.0,Normal,1.0,100.675,2.7488,2.0286,0.7202,0.16672,0.06695,0.030223,0.002428,0.027795,0.002779,0.00671,9.6629
2026-06-01 09:00:00,22.54,73.35,650.46,2.29,0.0,Normal,1.0,100.675,2.7322,2.0041,0.7281,0.16583,0.06695,0.030051,0.002446,0.027606,0.002761,0.006718,9.6736
2026-06-01 09:01:00,22.7,72.83,638.64,2.74,0.0,Normal,1.0,100.675,2.7589,2.0093,0.7496,0.16725,0.06695,0.029505,0.002447,0.027059,0.002706,0.00657,9.4611
2026-06-01 09:02:00,22.9,73.0,652.57,2.75,0.0,Normal,1.0,100.675,2.7925,2.0385,0.754,0.16902,0.06695,0.030149,0.002428,0.02772,0.002772,0.006731,9.6931
2026-06-01 09:03:00,22.87,71.86,649.42,2.73,0.0,Normal,1.0,100.675,2.7874,2.003,0.7844,0.16876,0.06695,0.030003,0.002458,0.027546,0.002755,0.006734,9.6971
2026-06-01 09:04:00,22.89,74.08,641.27,2.45,0.0,Normal,1.0,100.675,2.7908,2.0674,0.7234,0.16893,0.06695,0.029627,0.002403,0.027223,0.002722,0.006638,9.5589
2026-06-01 09:05:00,22.94,72.48,653.4,2.65,0.0,Normal,1.0,100.675,2.7993,2.0289,0.7704,0.16938,0.06695,0.030187,0.002438,0.027749,0.002775,0.006778,9.7604
2026-06-01 09:06:00,23.02,72.24,665.44,2.46,0.0,Normal,1.0,100.675,2.8128,2.032,0.7808,0.1701,0.06695,0.030743,0.002438,0.028306,0.002831,0.006947,10.0042
2026-06-01 09:07:00,22.87,72.74,648.58,2.57,0.0,Normal,1.0,100.675,2.7874,2.0276,0.7599,0.16876,0.06695,0.029964,0.002437,0.027528,0.002753,0.006724,9.683
2026-06-01 09:08:00,23.16,72.75,650.1,3.07,0.0,Normal,1.0,100.675,2.8367,2.0637,0.773,0.17136,0.06695,0.030035,0.002415,0.027619,0.002762,0.006712,9.6659
2026-06-01 09:09:00,23.19,72.02,641.27,2.67,0.0,Normal,1.0,100.675,2.8419,2.0467,0.7952,0.17163,0.06695,0.029627,0.002431,0.027196,0.00272,0.006714,9.6682
2026-06-01 09:10:00,23.18,70.61,678.75,2.41,0.0,Normal,1.0,100.675,2.8402,2.0054,0.8347,0.17154,0.06695,0.031358,0.002466,0.028892,0.002889,0.00716,10.3103
2026-06-01 09:11:00,23.24,72.25,684.23,2.69,0.0,Normal,1.0,100.675,2.8505,2.0595,0.791,0.17208,0.06695,0.031611,0.002422,0.02919,0.002919,0.00713,10.2679
2026-06-01 09:12:00,23.23,71.22,680.22,2.39,0.0,Normal,1.0,100.675,2.8488,2.0289,0.8199,0.17199,0.06695,0.031426,0.002447,0.028979,0.002898,0.00717,10.3248
2026-06-01 09:13:00,23.53,70.67,697.46,2.42,0.0,Normal,1.0,100.675,2.9008,2.05,0.8508,0.17473,0.06695,0.032223,0.002439,0.029783,0.002978,0.007405,10.6635
2026-06-01 09:14:00,23.24,70.63,681.92,2.46,0.0,Normal,1.0,100.675,2.8505,2.0133,0.8372,0.17208,0.06695,0.031505,0.002461,0.029044,0.002904,0.007193,10.3585
2026-06-01 09:15:00,23.24,71.72,690.44,2.58,0.0,Normal,1.0,100.675,2.8505,2.0444,0.8061,0.17208,0.06695,0.031898,0.002434,0.029464,0.002946,0.007226,10.4056
2026-06-01 09:16:00,23.21,71.1,690.93,2.86,0.0,Normal,1.0,100.675,2.8453,2.023,0.8223,0.17181,0.06695,0.031921,0.002452,0.029469,0.002947,0.007197,10.3641
2026-06-01 09:17:00,23.2,71.58,685.07,2.79,0.0,Normal,1.0,100.675,2.8436,2.0355,0.8082,0.17172,0.06695,0.03165,0.002441,0.029209,0.002921,0.007135,10.2747
2026-06-01 09:18:00,23.2,71.34,678.24,2.79,0.0,Normal,1.0,100.675,2.8436,2.0286,0.815,0.17172,0.06695,0.031335,0.002447,0.028888,0.002889,0.007077,10.1908
2026-06-01 09:19:00,23.29,72.43,737.39,2.46,0.0,Normal,1.0,100.675,2.8591,2.0708,0.7883,0.17254,0.06695,0.034067,0.002414,0.031654,0.003165,0.007701,11.0901
2026-06-01 09:20:00,23.45,72.03,684.29,2.58,0.0,Normal,1.0,100.675,2.8868,2.0794,0.8074,0.174,0.06695,0.031614,0.002412,0.029203,0.00292,0.007194,10.3597
2026-06-01 09:21:00,23.54,70.61,682.02,2.75,0.0,Normal,1.0,100.675,2.9025,2.0495,0.853,0.17482,0.06695,0.031509,0.00244,0.029069,0.002907,0.007204,10.3739
2026-06-01 09:22:00,23.53,70.64,707.23,2.57,0.0,Normal,1.0,100.675,2.9008,2.0491,0.8517,0.17473,0.06695,0.032674,0.00244,0.030234,0.003023,0.007477,10.7676
2026-06-01 09:23:00,23.44,70.63,705.64,2.64,0.0,Normal,1.0,100.675,2.8851,2.0377,0.8473,0.17391,0.06695,0.032601,0.002447,0.030154,0.003015,0.007434,10.7043
2026-06-01 09:24:00,23.72,70.73,672.94,2.79,0.0,Normal,1.0,100.675,2.9341,2.0753,0.8588,0.17648,0.06695,0.03109,0.002424,0.028666,0.002867,0.007138,10.2794
2026-06-01 09:25:00,23.73,69.84,728.47,2.64,0.0,Normal,1.0,100.675,2.9359,2.0504,0.8855,0.17658,0.06695,0.033655,0.002445,0.03121,0.003121,0.007736,11.1401
2026-06-01 09:26:00,23.63,70.07,704.92,2.76,0.0,Normal,1.0,100.675,2.9183,2.0448,0.8734,0.17565,0.06695,0.032567,0.002447,0.03012,0.003012,0.007459,10.7414
2026-06-01 09:27:00,23.59,71.02,685.45,3.03,0.0,Normal,1.0,100.675,2.9113,2.0676,0.8437,0.17528,0.06695,0.031668,0.002426,0.029242,0.002924,0.007191,10.3555
2026-06-01 09:28:00,23.81,69.52,736.61,2.68,0.0,Normal,1.0,100.675,2.9501,2.0509,0.8992,0.17732,0.06695,0.034031,0.002448,0.031584,0.003158,0.007835,11.2817
2026-06-01 09:29:00,23.79,69.87,726.78,2.96,0.0,Normal,1.0,100.675,2.9465,2.0587,0.8878,0.17713,0.06695,0.033577,0.00244,0.031137,0.003114,0.007676,11.0536
2026-06-01 09:30:00,23.57,69.54,688.39,2.84,0.0,Normal,1.0,100.675,2.9078,2.0221,0.8857,0.1751,0.06695,0.031804,0.002464,0.029339,0.002934,0.007293,10.5012
2026-06-01 09:31:00,23.81,70.24,755.92,2.43,0.0,Normal,1.0,100.675,2.9501,2.0721,0.8779,0.17732,0.06695,0.034924,0.002429,0.032494,0.003249,0.008053,11.5961
2026-06-01 09:32:00,23.9,70.75,734.01,2.51,0.0,Normal,1.0,100.675,2.9661,2.0985,0.8676,0.17816,0.06695,0.033911,0.00241,0.031501,0.00315,0.00782,11.2612
2026-06-01 09:33:00,23.76,70.41,721.67,2.57,0.0,Normal,1.0,100.675,2.9412,2.0709,0.8703,0.17685,0.06695,0.033341,0.002429,0.030912,0.003091,0.00767,11.0447
2026-06-01 09:34:00,23.95,70.31,758.53,2.57,0.0,Normal,1.0,100.675,2.975,2.0917,0.8833,0.17863,0.06695,0.035044,0.002417,0.032627,0.003263,0.008076,11.6291
2026-06-01 09:35:00,23.74,69.52,729.55,2.72,0.0,Normal,1.0,100.675,2.9377,2.0423,0.8954,0.17667,0.06695,0.033705,0.002453,0.031252,0.003125,0.007745,11.1525
2026-06-01 09:36:00,24.19,68.91,727.54,2.87,0.0,Normal,1.0,100.675,3.0181,2.0798,0.9383,0.18088,0.06695,0.033612,0.002435,0.031177,0.003118,0.007807,11.2423
2026-06-01 09:37:00,24.21,68.14,715.76,3.0,0.0,Normal,1.0,100.675,3.0217,2.059,0.9627,0.18107,0.06695,0.033068,0.002991,0.030077,0.003008,0.007591,10.9306
2026-06-01 09:38:00,24.02,69.11,745.06,2.81,0.0,Normal,1.0,100.675,2.9875,2.0647,0.9228,0.17928,0.06695,0.034422,0.003141,0.031281,0.003128,0.007801,11.2331
2026-06-01 09:39:00,24.15,69.36,744.83,2.67,0.0,Normal,1.0,100.675,3.0109,2.0884,0.9225,0.18051,0.06695,0.034411,0.003108,0.031303,0.00313,0.007842,11.2921
2026-06-01 09:40:00,23.76,70.02,736.69,2.34,0.0,Normal,1.0,100.675,2.9412,2.0594,0.8818,0.17685,0.06695,0.034035,0.003064,0.030971,0.003097,0.007737,11.141
2026-06-01 09:41:00,23.99,68.49,720.9,2.78,0.0,Normal,1.0,100.675,2.9821,2.0425,0.9397,0.179,0.06695,0.033306,0.002987,0.030319,0.003032,0.007619,10.9711
2026-06-01 09:42:00,24.15,68.1,743.3,2.77,0.0,Normal,1.0,100.675,3.0109,2.0504,0.9605,0.18051,0.06695,0.03434,0.003107,0.031234,0.003123,0.007858,11.315
2026-06-01 09:43:00,24.07,68.29,740.86,2.81,0.0,Normal,1.0,100.675,2.9965,2.0463,0.9502,0.17975,0.06695,0.034228,0.003083,0.031145,0.003115,0.007812,11.2487
2026-06-01 09:44:00,24.37,68.58,714.64,3.2,0.0,Normal,1.0,100.675,3.0508,2.0923,0.9586,0.18259,0.06695,0.033016,0.002882,0.030134,0.003013,0.007588,10.927
2026-06-01 09:45:00,24.59,68.89,713.44,3.03,0.0,Normal,1.0,100.675,3.0912,2.1296,0.9617,0.1847,0.06695,0.032961,0.002836,0.030125,0.003012,0.007633,10.9919
2026-06-01 09:46:00,24.15,69.7,761.07,2.94,0.0,Normal,1.0,100.675,3.0109,2.0986,0.9123,0.18051,0.06695,0.035161,0.003115,0.032046,0.003205,0.007942,11.4362
2026-06-01 09:47:00,24.24,67.51,691.77,2.59,0.0,Normal,1.0,100.675,3.0272,2.0436,0.9835,0.18136,0.06695,0.03196,0.002762,0.029198,0.00292,0.00748,10.7708
2026-06-01 09:48:00,24.43,68.96,756.93,2.69,0.0,Normal,1.0,100.675,3.0618,2.1114,0.9504,0.18316,0.06695,0.03497,0.003068,0.031902,0.00319,0.008031,11.5651
2026-06-01 09:49:00,24.67,68.0,743.42,2.77,0.0,Normal,1.0,100.675,3.106,2.1121,0.9939,0.18547,0.06695,0.034346,0.00299,0.031356,0.003136,0.00798,11.4907
2026-06-01 09:50:00,24.28,67.6,785.85,2.64,0.0,Normal,1.0,100.675,3.0344,2.0513,0.9832,0.18174,0.06695,0.036306,0.003275,0.033031,0.003303,0.008306,11.9607
2026-06-01 09:51:00,24.53,67.64,746.87,2.9,0.0,Normal,1.0,100.675,3.0802,2.0834,0.9967,0.18412,0.06695,0.034505,0.003015,0.031491,0.003149,0.00798,11.4906
2026-06-01 09:52:00,24.8,67.73,775.05,2.87,0.0,Normal,1.0,100.675,3.1302,2.1201,1.0101,0.18673,0.06695,0.035807,0.003138,0.03267,0.003267,0.008282,11.9259
2026-06-01 09:53:00,24.31,68.76,752.84,2.59,0.0,Normal,1.0,100.675,3.0399,2.0902,0.9497,0.18202,0.06695,0.034781,0.003013,0.031768,0.003177,0.008005,11.5268
2026-06-01 09:54:00,24.4,67.4,766.41,3.05,0.0,Normal,1.0,100.675,3.0563,2.06,0.9964,0.18288,0.06695,0.035408,0.003118,0.032291,0.003229,0.008114,11.6835
2026-06-01 09:55:00,24.56,68.1,782.61,2.83,0.0,Normal,1.0,100.675,3.0857,2.1014,0.9843,0.18441,0.06695,0.036157,0.003161,0.032995,0.0033,0.008299,11.9512
2026-06-01 09:56:00,24.58,66.4,756.9,2.47,0.0,Normal,1.0,100.675,3.0894,2.0514,1.038,0.1846,0.06695,0.034969,0.00306,0.031909,0.003191,0.008183,11.7842
2026-06-01 09:57:00,24.82,66.9,792.41,2.81,0.0,Normal,1.0,100.675,3.134,2.0966,1.0373,0.18692,0.06695,0.036609,0.003214,0.033395,0.00334,0.008483,12.2159
2026-06-01 09:58:00,24.76,67.86,748.27,2.88,0.0,Normal,1.0,100.675,3.1228,2.1191,1.0037,0.18634,0.06695,0.03457,0.002928,0.031642,0.003164,0.008047,11.5881
2026-06-01 09:59:00,24.5,67.94,779.93,3.02,0.0,Normal,1.0,100.675,3.0746,2.0889,0.9857,0.18384,0.06695,0.036033,0.003119,0.032913,0.003291,0.008246,11.8747
2026-06-01 10:00:00,24.87,66.58,796.37,2.76,0.0,Normal,1.0,100.675,3.1433,2.0928,1.0505,0.18741,0.06695,0.036792,0.003214,0.033578,0.003358,0.008552,12.3151
2026-06-01 10:01:00,24.74,67.77,792.12,3.0,0.0,Normal,1.0,100.675,3.119,2.1138,1.0053,0.18615,0.06695,0.036596,0.003152,0.033444,0.003344,0.008414,12.1165
2026-06-01 10:02:00,25.05,66.96,823.3,2.87,0.0,Normal,1.0,100.675,3.1772,2.1275,1.0498,0.18917,0.06695,0.038036,0.003315,0.034722,0.003472,0.008802,12.6742
2026-06-01 10:03:00,24.8,67.86,762.46,2.58,0.0,Normal,1.0,100.675,3.1302,2.1242,1.0061,0.18673,0.06695,0.035226,0.00296,0.032266,0.003227,0.008234,11.8563
2026-06-01 10:04:00,24.83,67.51,749.76,2.56,0.0,Normal,1.0,100.675,3.1358,2.117,1.0188,0.18702,0.06695,0.034639,0.002889,0.03175,0.003175,0.008141,11.7229
2026-06-01 10:05:00,25.04,67.06,760.51,3.07,0.0,Normal,1.0,100.675,3.1753,2.1294,1.046,0.18907,0.06695,0.035136,0.002936,0.0322,0.00322,0.008224,11.8431
2026-06-01 10:06:00,25.11,66.66,801.22,3.09,0.0,Normal,1.0,100.675,3.1886,2.1255,1.0631,0.18976,0.06695,0.037016,0.00316,0.033856,0.003386,0.008604,12.3904
2026-06-01 10:07:00,25.09,66.42,799.16,2.92,0.0,Normal,1.0,100.675,3.1848,2.1153,1.0695,0.18957,0.06695,0.036921,0.00315,0.033771,0.003377,0.008617,12.409
2026-06-01 10:08:00,24.81,67.11,791.56,3.16,0.0,Normal,1.0,100.675,3.1321,2.102,1.0301,0.18683,0.06695,0.03657,0.003103,0.033467,0.003347,0.008435,12.146
2026-06-01 10:09:00,25.17,65.9,764.23,3.07,0.0,Normal,1.0,100.675,3.2,2.1088,1.0912,0.19035,0.06695,0.035307,0.00295,0.032357,0.003236,0.00833,11.9957
2026-06-01 10:10:00,24.97,65.88,810.82,3.0,0.0,Normal,1.0,100.675,3.1621,2.0832,1.0789,0.18839,0.06695,0.03746,0.00322,0.03424,0.003424,0.008705,12.5346
2026-06-01 10:11:00,25.19,65.41,765.11,2.68,0.0,Normal,1.0,100.675,3.2038,2.0956,1.1082,0.19055,0.06695,0.035348,0.002953,0.032395,0.003239,0.008408,12.107
2026-06-01 10:12:00,24.98,66.42,823.66,3.22,0.0,Normal,1.0,100.675,3.164,2.1015,1.0625,0.18849,0.06695,0.038053,0.003254,0.034799,0.00348,0.008769,12.6268
2026-06-01 10:13:00,25.29,65.86,866.05,2.98,0.0,Normal,1.0,100.675,3.2229,2.1226,1.1003,0.19154,0.06695,0.040012,0.003468,0.036544,0.003654,0.009267,13.3448
2026-06-01 10:14:00,25.13,67.01,808.13,2.8,0.0,Normal,1.0,100.675,3.1924,2.1392,1.0532,0.18996,0.06695,0.037336,0.003117,0.034219,0.003422,0.008718,12.5534
2026-06-01 10:15:00,25.1,66.23,815.02,2.75,0.0,Normal,1.0,100.675,3.1867,2.1105,1.0761,0.18966,0.06695,0.037654,0.003177,0.034477,0.003448,0.008806,12.6809
2026-06-01 10:16:00,25.43,65.94,790.79,2.93,0.0,Normal,1.0,100.675,3.2498,2.1429,1.1069,0.19294,0.06695,0.036534,0.003015,0.03352,0.003352,0.008645,12.4493
2026-06-01 10:17:00,25.39,66.09,760.62,2.55,0.0,Normal,1.0,100.675,3.2421,2.1427,1.0994,0.19254,0.06695,0.035141,0.002842,0.032298,0.00323,0.008413,12.1146
2026-06-01 10:18:00,25.29,65.57,791.35,3.03,0.0,Normal,1.0,100.675,3.2229,2.1133,1.1096,0.19154,0.06695,0.03656,0.003029,0.033532,0.003353,0.008623,12.4174
2026-06-01 10:19:00,25.63,65.12,781.06,2.7,0.0,Normal,1.0,100.675,3.2886,2.1415,1.1471,0.19494,0.06695,0.036085,0.002949,0.033136,0.003314,0.00866,12.47
2026-06-01 10:20:00,25.38,65.32,774.02,2.97,0.0,Normal,1.0,100.675,3.2402,2.1165,1.1237,0.19244,0.06695,0.03576,0.00292,0.03284,0.003284,0.008509,12.2528
2026-06-01 10:21:00,25.48,65.97,852.63,2.8,0.0,Normal,1.0,100.675,3.2595,2.1503,1.1092,0.19344,0.06695,0.039392,0.003304,0.036087,0.003609,0.009234,13.2966
2026-06-01 10:22:00,25.55,65.37,818.97,2.85,0.0,Normal,1.0,100.675,3.2731,2.1396,1.1335,0.19414,0.06695,0.037836,0.003131,0.034706,0.003471,0.008961,12.9032
2026-06-01 10:23:00,25.45,64.56,823.16,2.75,0.0,Normal,1.0,100.675,3.2537,2.1006,1.1531,0.19314,0.06695,0.03803,0.003185,0.034845,0.003484,0.009018,12.9853
2026-06-01 10:24:00,25.64,64.83,807.89,2.88,0.0,Normal,1.0,100.675,3.2906,2.1333,1.1573,0.19504,0.06695,0.037325,0.003067,0.034257,0.003426,0.008897,12.812
2026-06-01 10:25:00,25.52,66.06,812.76,3.29,0.0,Normal,1.0,100.675,3.2672,2.1583,1.1089,0.19384,0.06695,0.03755,0.003054,0.034495,0.00345,0.008818,12.6972
2026-06-01 10:26:00,25.57,64.82,842.22,3.19,0.0,Normal,1.0,100.675,3.2769,2.1241,1.1528,0.19434,0.06695,0.038911,0.003245,0.035665,0.003567,0.009145,13.1693
2026-06-01 10:27:00,25.87,64.38,819.26,2.99,0.0,Normal,1.0,100.675,3.3357,2.1475,1.1882,0.19737,0.06695,0.03785,0.003101,0.034749,0.003475,0.009053,13.0368
2026-06-01 10:28:00,25.54,65.36,834.65,2.92,0.0,Normal,1.0,100.675,3.2711,2.138,1.1331,0.19404,0.06695,0.038561,0.003173,0.035388,0.003539,0.009097,13.1001
2026-06-01 10:29:00,25.36,64.9,818.24,3.09,0.0,Normal,1.0,100.675,3.2363,2.1004,1.136,0.19224,0.06695,0.037803,0.003113,0.03469,0.003469,0.008905,12.8235
2026-06-01 10:30:00,25.99,64.08,816.1,3.15,0.0,Normal,1.0,100.675,3.3595,2.1527,1.2067,0.1986,0.06695,0.037704,0.003063,0.034641,0.003464,0.009047,13.0274
2026-06-01 10:31:00,26.18,62.41,791.18,2.77,0.0,Normal,1.0,100.675,3.3974,2.1203,1.2771,0.20055,0.06695,0.036553,0.002965,0.033587,0.003359,0.008959,12.9017
2026-06-01 10:32:00,25.78,63.98,778.42,2.92,0.0,Normal,1.0,100.675,3.318,2.1228,1.1951,0.19646,0.06695,0.035963,0.002872,0.033091,0.003309,0.008698,12.5256
2026-06-01 10:33:00,25.59,65.53,822.47,2.57,0.0,Normal,1.0,100.675,3.2808,2.1499,1.1309,0.19454,0.06695,0.037998,0.003064,0.034934,0.003493,0.009055,13.0386
2026-06-01 10:34:00,25.88,64.3,831.82,3.16,0.0,Normal,1.0,100.675,3.3377,2.1461,1.1915,0.19747,0.06695,0.03843,0.003123,0.035307,0.003531,0.009158,13.1873
2026-06-01 10:35:00,25.92,63.78,799.75,3.36,0.0,Normal,1.0,100.675,3.3456,2.1338,1.2118,0.19788,0.06695,0.036948,0.002962,0.033987,0.003399,0.008883,12.7915
2026-06-01 10:36:00,25.98,64.08,832.41,2.96,0.0,Normal,1.0,100.675,3.3575,2.1515,1.206,0.19849,0.06695,0.038457,0.003112,0.035345,0.003535,0.009222,13.2791
2026-06-01 10:37:00,25.88,64.05,836.02,2.52,0.0,Normal,1.0,100.675,3.3377,2.1378,1.1999,0.19747,0.06695,0.038624,0.003136,0.035488,0.003549,0.009295,13.3848
2026-06-01 10:38:00,26.17,63.28,782.0,3.07,0.0,Normal,1.0,100.675,3.3954,2.1486,1.2468,0.20045,0.06695,0.036128,0.002845,0.033284,0.003328,0.00883,12.7147
2026-06-01 10:39:00,26.2,63.58,814.47,2.77,0.0,Normal,1.0,100.675,3.4014,2.1626,1.2388,0.20076,0.06695,0.037629,0.002997,0.034632,0.003463,0.00915,13.1762
2026-06-01 10:40:00,25.94,63.48,849.09,2.83,0.0,Normal,1.0,100.675,3.3495,2.1263,1.2233,0.19809,0.06695,0.039228,0.003202,0.036026,0.003603,0.009405,13.5431
2026-06-01 10:41:00,26.31,62.92,849.96,3.09,0.0,Normal,1.0,100.675,3.4235,2.1541,1.2694,0.20189,0.06695,0.039268,0.003185,0.036083,0.003608,0.009482,13.654
2026-06-01 10:42:00,26.55,62.03,812.43,3.02,0.0,Normal,1.0,100.675,3.4723,2.1539,1.3184,0.2044,0.06695,0.037534,0.002992,0.034542,0.003454,0.009237,13.3009
2026-06-01 10:43:00,26.31,61.94,846.9,2.87,0.0,Normal,1.0,100.675,3.4235,2.1205,1.303,0.20189,0.06695,0.039127,0.003195,0.035931,0.003593,0.009515,13.7015
2026-06-01 10:44:00,26.27,62.45,870.11,2.84,0.0,Normal,1.0,100.675,3.4155,2.133,1.2825,0.20148,0.06695,0.040199,0.003297,0.036903,0.00369,0.009705,13.9759
2026-06-01 10:45:00,26.34,63.75,865.25,3.0,0.0,Normal,1.0,100.675,3.4296,2.1864,1.2432,0.20221,0.06695,0.039975,0.003207,0.036768,0.003677,0.009615,13.8451
2026-06-01 10:46:00,26.49,62.62,844.42,2.89,0.0,Normal,1.0,100.675,3.46,2.1667,1.2934,0.20377,0.06695,0.039012,0.003121,0.035891,0.003589,0.009512,13.697
2026-06-01 10:47:00,26.17,62.47,836.22,2.76,0.0,Normal,1.0,100.675,3.3954,2.1211,1.2743,0.20045,0.06695,0.038633,0.00311,0.035523,0.003552,0.009388,13.5183
2026-06-01 10:48:00,26.5,61.44,833.37,2.92,0.0,Normal,1.0,100.675,3.4621,2.1271,1.335,0.20387,0.06695,0.038502,0.003097,0.035405,0.00354,0.009451,13.61
2026-06-01 10:49:00,26.45,62.43,862.62,3.05,0.0,Normal,1.0,100.675,3.4519,2.155,1.2969,0.20335,0.06695,0.039853,0.003212,0.036641,0.003664,0.009659,13.9088
2026-06-01 10:50:00,26.82,62.39,856.92,2.95,0.0,Normal,1.0,100.675,3.5279,2.201,1.3268,0.20724,0.06695,0.03959,0.003141,0.036449,0.003645,0.009705,13.9753
2026-06-01 10:51:00,26.56,62.08,869.29,2.71,0.0,Normal,1.0,100.675,3.4743,2.1569,1.3175,0.2045,0.06695,0.040161,0.003239,0.036923,0.003692,0.0098,14.1118
2026-06-01 10:52:00,26.87,62.1,857.79,3.19,0.0,Normal,1.0,100.675,3.5382,2.1972,1.341,0.20777,0.06695,0.03963,0.003141,0.036489,0.003649,0.009711,13.9832
2026-06-01 10:53:00,26.49,62.58,876.65,2.45,0.0,Normal,1.0,100.675,3.46,2.1653,1.2947,0.20377,0.06695,0.040501,0.003254,0.037247,0.003725,0.009876,14.221
2026-06-01 10:54:00,26.79,61.85,859.27,2.91,0.0,Normal,1.0,100.675,3.5216,2.1781,1.3435,0.20693,0.06695,0.039698,0.003157,0.036541,0.003654,0.009746,14.0349
2026-06-01 10:55:00,26.78,60.77,878.24,2.88,0.0,Normal,1.0,100.675,3.5196,2.1388,1.3807,0.20682,0.06695,0.040575,0.003296,0.037279,0.003728,0.009957,14.3386
2026-06-01 10:56:00,26.64,62.52,881.67,3.03,0.0,Normal,1.0,100.675,3.4907,2.1824,1.3083,0.20534,0.06695,0.040733,0.003252,0.037481,0.003748,0.009882,14.2301
2026-06-01 10:57:00,26.84,61.22,839.63,3.12,0.0,Normal,1.0,100.675,3.532,2.1623,1.3697,0.20746,0.06695,0.038791,0.003061,0.03573,0.003573,0.009583,13.7998
2026-06-01 10:58:00,27.03,61.41,814.82,3.24,0.0,Normal,1.0,100.675,3.5716,2.1933,1.3783,0.20948,0.06695,0.037645,0.002903,0.034742,0.003474,0.009386,13.5161
2026-06-01 10:59:00,26.84,60.94,902.65,2.87,0.0,Normal,1.0,100.675,3.532,2.1524,1.3796,0.20746,0.06695,0.041702,0.00339,0.038312,0.003831,0.010195,14.6814
2026-06-01 11:00:00,26.67,62.0,870.49,3.13,0.0,Normal,1.0,100.675,3.4969,2.1681,1.3288,0.20566,0.06695,0.040217,0.003193,0.037023,0.003702,0.009798,14.1084
2026-06-01 11:01:00,26.95,61.3,820.48,3.06,0.0,Normal,1.0,100.675,3.5549,2.1792,1.3757,0.20863,0.06695,0.037906,0.002931,0.034975,0.003498,0.00944,13.5929
2026-06-01 11:02:00,26.86,61.27,847.53,2.68,0.0,Normal,1.0,100.675,3.5362,2.1666,1.3696,0.20767,0.06695,0.039156,0.003076,0.03608,0.003608,0.009703,13.9728
2026-06-01 11:03:00,26.98,61.27,887.26,3.4,0.0,Normal,1.0,100.675,3.5612,2.1819,1.3792,0.20895,0.06695,0.040991,0.003264,0.037727,0.003773,0.01002,14.4291
2026-06-01 11:04:00,27.06,60.65,860.98,2.74,0.0,Normal,1.0,100.675,3.5779,2.17,1.4079,0.2098,0.06695,0.039777,0.003142,0.036636,0.003664,0.009888,14.2385
2026-06-01 11:05:00,26.85,61.0,855.99,3.11,0.0,Normal,1.0,100.675,3.5341,2.1558,1.3783,0.20756,0.06695,0.039547,0.003119,0.036428,0.003643,0.00975,14.0396
2026-06-01 11:06:00,26.9,62.21,906.99,3.11,0.0,Normal,1.0,100.675,3.5445,2.205,1.3395,0.20809,0.06695,0.041903,0.003321,0.038582,0.003858,0.010183,14.6632
2026-06-01 11:07:00,27.25,60.91,844.08,3.09,0.0,Normal,1.0,100.675,3.618,2.2037,1.4143,0.21185,0.06695,0.038996,0.003014,0.035982,0.003598,0.009738,14.0232
2026-06-01 11:08:00,27.13,60.14,851.61,2.94,0.0,Normal,1.0,100.675,3.5926,2.1606,1.432,0.21055,0.06695,0.039344,0.003091,0.036253,0.003625,0.00982,14.1401
2026-06-01 11:09:00,26.86,61.69,879.06,3.21,0.0,Normal,1.0,100.675,3.5362,2.1815,1.3547,0.20767,0.06695,0.040613,0.003193,0.037419,0.003742,0.009929,14.2977
2026-06-01 11:10:00,27.4,59.4,884.78,2.73,0.0,Normal,1.0,100.675,3.6499,2.168,1.4818,0.21347,0.06695,0.040877,0.003257,0.037619,0.003762,0.010231,14.733
2026-06-01 11:11:00,27.36,59.25,888.58,3.03,0.0,Normal,1.0,100.675,3.6413,2.1575,1.4838,0.21304,0.06695,0.041052,0.003284,0.037769,0.003777,0.010238,14.7423
2026-06-01 11:12:00,27.25,60.89,900.5,2.94,0.0,Normal,1.0,100.675,3.618,2.203,1.415,0.21185,0.06695,0.041603,0.003283,0.03832,0.003832,0.010277,14.7988
2026-06-01 11:13:00,27.2,59.4,882.74,2.92,0.0,Normal,1.0,100.675,3.6074,2.1428,1.4646,0.21131,0.06695,0.040783,0.003256,0.037526,0.003753,0.010153,14.6199
2026-06-01 11:14:00,27.55,59.98,891.38,3.14,0.0,Normal,1.0,100.675,3.682,2.2085,1.4735,0.21511,0.06695,0.041182,0.003237,0.037945,0.003795,0.010276,14.797
2026-06-01 11:15:00,27.52,59.38,872.59,3.27,0.0,Normal,1.0,100.675,3.6756,2.1825,1.493,0.21478,0.06695,0.040314,0.003166,0.037148,0.003715,0.010109,14.557
2026-06-01 11:16:00,27.86,58.46,882.03,2.99,0.0,Normal,1.0,100.675,3.7492,2.1918,1.5574,0.21852,0.06695,0.04075,0.003215,0.037535,0.003754,0.010327,14.8707
2026-06-01 11:17:00,27.6,59.55,884.15,3.22,0.0,Normal,1.0,100.675,3.6928,2.1991,1.4937,0.21566,0.06695,0.040848,0.003203,0.037645,0.003764,0.010232,14.7343
2026-06-01 11:18:00,27.63,59.57,887.91,3.07,0.0,Normal,1.0,100.675,3.6993,2.2036,1.4956,0.21599,0.06695,0.041021,0.003215,0.037806,0.003781,0.010286,14.8115
2026-06-01 11:19:00,27.58,58.85,903.59,2.89,0.0,Normal,1.0,100.675,3.6885,2.1707,1.5178,0.21544,0.06695,0.041746,0.003328,0.038418,0.003842,0.010459,15.0616
2026-06-01 11:20:00,27.77,59.27,898.74,3.02,0.0,Normal,1.0,100.675,3.7296,2.2105,1.5191,0.21753,0.06695,0.041522,0.003262,0.03826,0.003826,0.010435,15.0261
2026-06-01 11:21:00,27.77,58.89,886.07,3.01,0.0,Normal,1.0,100.675,3.7296,2.1964,1.5332,0.21753,0.06695,0.040936,0.003211,0.037725,0.003773,0.010331,14.877
2026-06-01 11:22:00,27.9,57.71,864.26,2.94,0.0,Normal,1.0,100.675,3.758,2.1687,1.5892,0.21897,0.06695,0.039929,0.003133,0.036796,0.00368,0.010202,14.6907
2026-06-01 11:23:00,27.67,59.0,888.42,3.16,0.0,Normal,1.0,100.675,3.7079,2.1877,1.5202,0.21642,0.06695,0.041045,0.003223,0.037822,0.003782,0.010316,14.8554
2026-06-01 11:24:00,27.72,59.8,886.71,3.13,0.0,Normal,1.0,100.675,3.7187,2.2238,1.4949,0.21698,0.06695,0.040966,0.003173,0.037793,0.003779,0.010287,14.8128
2026-06-01 11:25:00,27.75,59.9,893.44,2.76,0.0,Normal,1.0,100.675,3.7253,2.2314,1.4938,0.21731,0.06695,0.041277,0.003196,0.038081,0.003808,0.010386,14.9552
2026-06-01 11:26:00,27.97,58.7,947.96,2.75,0.0,Normal,1.0,100.675,3.7733,2.2149,1.5584,0.21975,0.06695,0.043796,0.003497,0.040298,0.00403,0.010992,15.8291
2026-06-01 11:27:00,28.11,57.16,875.93,3.17,0.0,Normal,1.0,100.675,3.8042,2.1745,1.6297,0.22131,0.06695,0.040468,0.003183,0.037285,0.003729,0.010372,14.9361
2026-06-01 11:28:00,27.85,58.89,901.99,2.93,0.0,Normal,1.0,100.675,3.747,2.2066,1.5404,0.21841,0.06695,0.041672,0.003265,0.038407,0.003841,0.010509,15.1326
2026-06-01 11:29:00,27.89,58.99,920.06,3.15,0.0,Normal,1.0,100.675,3.7558,2.2155,1.5402,0.21886,0.06695,0.042507,0.003345,0.039162,0.003916,0.010665,15.358
2026-06-01 11:30:00,28.04,58.51,894.88,3.25,0.0,Normal,1.0,100.675,3.7887,2.2168,1.5719,0.22053,0.06695,0.041343,0.003221,0.038123,0.003812,0.010479,15.0899
2026-06-01 11:31:00,27.99,58.69,955.64,2.84,0.0,Normal,1.0,100.675,3.7777,2.2171,1.5606,0.21997,0.06695,0.044151,0.003522,0.040629,0.004063,0.011064,15.9317
2026-06-01 11:32:00,28.21,57.84,883.62,2.82,0.0,Normal,1.0,100.675,3.8264,2.2132,1.6132,0.22243,0.06695,0.040823,0.003171,0.037652,0.003765,0.010461,15.0645
2026-06-01 11:33:00,27.76,58.82,903.18,3.44,0.0,Normal,1.0,100.675,3.7274,2.1925,1.535,0.21742,0.06695,0.041727,0.003272,0.038454,0.003845,0.010464,15.0677
2026-06-01 11:34:00,28.01,57.8,873.75,3.17,0.0,Normal,1.0,100.675,3.7821,2.1861,1.5961,0.22019,0.06695,0.040367,0.003139,0.037228,0.003723,0.010309,14.8449
2026-06-01 11:35:00,28.05,56.92,886.46,3.02,0.0,Normal,1.0,100.675,3.7909,2.1578,1.6331,0.22064,0.06695,0.040954,0.003236,0.037718,0.003772,0.010474,15.0828
2026-06-01 11:36:00,27.85,58.81,903.29,2.92,0.0,Normal,1.0,100.675,3.747,2.2036,1.5434,0.21841,0.06695,0.041732,0.003258,0.038474,0.003847,0.010528,15.1605
2026-06-01 11:37:00,28.09,58.05,920.06,3.01,0.0,Normal,1.0,100.675,3.7998,2.2058,1.594,0.22109,0.06695,0.042507,0.003349,0.039158,0.003916,0.010761,15.4958
2026-06-01 11:38:00,28.13,58.16,906.54,2.87,0.0,Normal,1.0,100.675,3.8086,2.2151,1.5935,0.22153,0.06695,0.041882,0.00327,0.038612,0.003861,0.01065,15.3357
2026-06-01 11:39:00,28.27,56.63,932.55,3.29,0.0,Normal,1.0,100.675,3.8398,2.1745,1.6653,0.22311,0.06695,0.043084,0.003455,0.039629,0.003963,0.010953,15.7729
2026-06-01 11:40:00,28.5,57.18,896.68,2.96,0.0,Normal,1.0,100.675,3.8914,2.2251,1.6663,0.22572,0.06695,0.041427,0.003222,0.038205,0.003821,0.010671,15.3659
2026-06-01 11:41:00,28.33,58.5,890.91,3.34,0.0,Normal,1.0,100.675,3.8532,2.2541,1.5991,0.22379,0.06695,0.04116,0.003151,0.038009,0.003801,0.010511,15.1362
2026-06-01 11:42:00,28.25,57.54,973.54,3.04,0.0,Normal,1.0,100.675,3.8353,2.2068,1.6285,0.22288,0.06695,0.044978,0.003617,0.04136,0.004136,0.011318,16.2979
2026-06-01 11:43:00,28.43,56.96,911.75,2.92,0.0,Normal,1.0,100.675,3.8756,2.2075,1.6681,0.22492,0.06695,0.042123,0.003311,0.038812,0.003881,0.010807,15.5624
2026-06-01 11:44:00,28.63,56.63,882.23,3.04,0.0,Normal,1.0,100.675,3.9208,2.2204,1.7005,0.2272,0.06695,0.040759,0.003154,0.037605,0.00376,0.010582,15.2377
2026-06-01 11:45:00,28.36,58.41,883.48,2.6,0.0,Normal,1.0,100.675,3.8599,2.2546,1.6053,0.22413,0.06695,0.040817,0.00311,0.037707,0.003771,0.010492,15.1091
2026-06-01 11:46:00,28.4,56.46,877.3,3.11,0.0,Normal,1.0,100.675,3.8689,2.1844,1.6845,0.22458,0.06695,0.040531,0.003158,0.037373,0.003737,0.010487,15.1011
2026-06-01 11:47:00,28.66,56.49,928.77,3.1,0.0,Normal,1.0,100.675,3.9276,2.2187,1.7089,0.22755,0.06695,0.042909,0.003389,0.03952,0.003952,0.011031,15.8852
2026-06-01 11:48:00,28.57,56.12,894.05,3.3,0.0,Normal,1.0,100.675,3.9072,2.1927,1.7145,0.22652,0.06695,0.041305,0.003239,0.038066,0.003807,0.010692,15.396
2026-06-01 11:49:00,28.74,55.82,907.92,2.76,0.0,Normal,1.0,100.675,3.9459,2.2026,1.7433,0.22847,0.06695,0.041946,0.003305,0.038641,0.003864,0.010887,15.6768
2026-06-01 11:50:00,28.67,56.3,903.25,3.37,0.0,Normal,1.0,100.675,3.9299,2.2125,1.7174,0.22766,0.06695,0.04173,0.003266,0.038465,0.003846,0.010793,15.5417
2026-06-01 11:51:00,28.81,56.74,925.35,3.31,0.0,Normal,1.0,100.675,3.9619,2.248,1.7139,0.22927,0.06695,0.042751,0.00334,0.039411,0.003941,0.011018,15.8663
2026-06-01 11:52:00,28.58,57.65,882.96,3.39,0.0,Normal,1.0,100.675,3.9095,2.2538,1.6557,0.22663,0.06695,0.040793,0.003111,0.037681,0.003768,0.010531,15.164
2026-06-01 11:53:00,28.77,56.32,877.2,3.13,0.0,Normal,1.0,100.675,3.9527,2.2262,1.7266,0.22881,0.06695,0.040527,0.003121,0.037406,0.003741,0.010578,15.2321
2026-06-01 11:54:00,28.77,55.81,913.02,3.35,0.0,Normal,1.0,100.675,3.9527,2.206,1.7467,0.22881,0.06695,0.042182,0.003325,0.038857,0.003886,0.010928,15.7359
2026-06-01 11:55:00,28.66,57.86,923.73,2.86,0.0,Normal,1.0,100.675,3.9276,2.2725,1.6551,0.22755,0.06695,0.042676,0.003294,0.039382,0.003938,0.010952,15.7714
2026-06-01 11:56:00,28.64,56.16,916.87,3.29,0.0,Normal,1.0,100.675,3.9231,2.2032,1.7199,0.22732,0.06695,0.042359,0.003341,0.039018,0.003902,0.01092,15.7255
2026-06-01 11:57:00,29.01,55.05,886.18,3.0,0.0,Normal,1.0,100.675,4.008,2.2064,1.8016,0.23159,0.06695,0.040942,0.003197,0.037744,0.003774,0.010764,15.5005
2026-06-01 11:58:00,28.88,54.67,927.12,2.83,0.0,Normal,1.0,100.675,3.978,2.1748,1.8032,0.23008,0.06695,0.042833,0.003438,0.039395,0.003939,0.011139,16.0403
2026-06-01 11:59:00,28.82,56.76,888.77,2.93,0.0,Normal,1.0,100.675,3.9642,2.2501,1.7141,0.22939,0.06695,0.041061,0.003152,0.037909,0.003791,0.010688,15.3908
2026-06-01 12:00:00,28.99,56.03,895.22,3.16,0.0,Normal,1.0,100.675,4.0034,2.2431,1.7603,0.23136,0.06695,0.041359,0.0032,0.038159,0.003816,0.01081,15.5664
2026-06-01 12:01:00,29.2,56.3,884.06,3.0,0.0,Normal,1.0,100.675,4.0522,2.2814,1.7708,0.23381,0.06695,0.040844,0.003109,0.037734,0.003773,0.010745,15.4729
2026-06-01 12:02:00,28.73,55.34,945.72,3.24,0.0,Normal,1.0,100.675,3.9436,2.1824,1.7612,0.22835,0.06695,0.043692,0.003517,0.040175,0.004018,0.011244,16.191
2026-06-01 12:03:00,28.88,56.63,927.84,2.8,0.0,Normal,1.0,100.675,3.978,2.2527,1.7253,0.23008,0.06695,0.042866,0.003347,0.039519,0.003952,0.011086,15.9638
2026-06-01 12:04:00,28.99,55.47,927.41,2.74,0.0,Normal,1.0,100.675,4.0034,2.2207,1.7827,0.23136,0.06695,0.042846,0.003389,0.039457,0.003946,0.011145,16.0493
2026-06-01 12:05:00,29.38,54.83,945.3,3.44,0.0,Normal,1.0,100.675,4.0945,2.245,1.8495,0.23593,0.06695,0.043673,0.003468,0.040205,0.004021,0.011417,16.4399
2026-06-01 12:06:00,29.24,53.76,988.43,3.35,0.0,Normal,1.0,100.675,4.0616,2.1835,1.8781,0.23428,0.06695,0.045665,0.00376,0.041905,0.00419,0.011827,17.0305
2026-06-01 12:07:00,29.34,55.34,865.06,2.96,0.0,Normal,1.0,100.675,4.0851,2.2607,1.8244,0.23546,0.06695,0.039966,0.003045,0.036921,0.003692,0.010627,15.3025
2026-06-01 12:08:00,29.09,55.64,891.9,3.17,0.0,Normal,1.0,100.675,4.0266,2.2404,1.7862,0.23253,0.06695,0.041206,0.003193,0.038013,0.003801,0.010816,15.5748
2026-06-01 12:09:00,29.12,55.04,895.51,3.38,0.0,Normal,1.0,100.675,4.0335,2.2201,1.8135,0.23288,0.06695,0.041373,0.003236,0.038136,0.003814,0.010879,15.6655
2026-06-01 12:10:00,29.39,54.71,889.35,3.26,0.0,Normal,1.0,100.675,4.0968,2.2414,1.8555,0.23605,0.06695,0.041088,0.003193,0.037895,0.00379,0.010897,15.6921
2026-06-01 12:11:00,29.36,53.94,883.38,3.21,0.0,Normal,1.0,100.675,4.0898,2.206,1.8837,0.2357,0.06695,0.040812,0.003202,0.03761,0.003761,0.010861,15.6402
2026-06-01 12:12:00,29.47,53.76,904.92,3.4,0.0,Normal,1.0,100.675,4.1158,2.2126,1.9031,0.237,0.06695,0.041807,0.00331,0.038497,0.00385,0.011101,15.9861
2026-06-01 12:13:00,29.39,54.05,880.02,3.04,0.0,Normal,1.0,100.675,4.0968,2.2143,1.8825,0.23605,0.06695,0.040657,0.003179,0.037478,0.003748,0.010827,15.5912
2026-06-01 12:14:00,29.49,52.93,922.74,3.19,0.0,Normal,1.0,100.675,4.1205,2.181,1.9395,0.23724,0.06695,0.042631,0.003443,0.039188,0.003919,0.011301,16.2735
2026-06-01 12:15:00,29.51,54.53,915.18,3.18,0.0,Normal,1.0,100.675,4.1253,2.2495,1.8758,0.23748,0.06695,0.042281,0.003324,0.038958,0.003896,0.011176,16.0934
2026-06-01 12:16:00,29.63,54.38,927.13,3.13,0.0,Normal,1.0,100.675,4.1538,2.2589,1.895,0.23891,0.06695,0.042833,0.003379,0.039454,0.003945,0.011324,16.3067
2026-06-01 12:17:00,29.67,53.14,928.04,3.11,0.0,Normal,1.0,100.675,4.1634,2.2124,1.951,0.23938,0.06695,0.042875,0.003444,0.039432,0.003943,0.011386,16.3952
2026-06-01 12:18:00,29.33,54.7,930.82,3.21,0.0,Normal,1.0,100.675,4.0827,2.2332,1.8495,0.23534,0.06695,0.043004,0.003418,0.039586,0.003959,0.011274,16.2339
2026-06-01 12:19:00,29.27,54.5,904.18,3.2,0.0,Normal,1.0,100.675,4.0686,2.2174,1.8512,0.23464,0.06695,0.041773,0.0033,0.038473,0.003847,0.011014,15.8599
2026-06-01 12:20:00,29.79,53.42,972.76,2.99,0.0,Normal,1.0,100.675,4.1922,2.2395,1.9527,0.24082,0.06695,0.044942,0.003648,0.041294,0.004129,0.011834,17.0414
2026-06-01 12:21:00,29.85,52.68,921.11,3.36,0.0,Normal,1.0,100.675,4.2067,2.2161,1.9906,0.24155,0.06695,0.042555,0.003417,0.039138,0.003914,0.011385,16.3951
2026-06-01 12:22:00,29.55,53.37,863.68,3.0,0.0,Normal,1.0,100.675,4.1348,2.2067,1.928,0.23795,0.06695,0.039902,0.003122,0.03678,0.003678,0.010727,15.4462
2026-06-01 12:23:00,29.45,54.79,887.37,3.16,0.0,Normal,1.0,100.675,4.111,2.2524,1.8586,0.23676,0.06695,0.040996,0.003188,0.037808,0.003781,0.010885,15.6739
2026-06-01 12:24:00,29.78,53.22,867.19,3.14,0.0,Normal,1.0,100.675,4.1898,2.2298,1.96,0.2407,0.06695,0.040064,0.003127,0.036938,0.003694,0.010825,15.5876
2026-06-01 12:25:00,29.93,54.04,915.52,3.28,0.0,Normal,1.0,100.675,4.2261,2.2838,1.9423,0.24251,0.06695,0.042297,0.003318,0.038979,0.003898,0.011297,16.2674
2026-06-01 12:26:00,30.09,52.41,911.75,2.78,0.0,Normal,1.0,100.675,4.265,2.2353,2.0297,0.24446,0.06695,0.042123,0.003366,0.038757,0.003876,0.011336,16.3245
2026-06-01 12:27:00,29.93,52.27,902.28,3.39,0.0,Normal,1.0,100.675,4.2261,2.209,2.0171,0.24251,0.06695,0.041685,0.003343,0.038342,0.003834,0.011242,16.1878
2026-06-01 12:28:00,29.83,53.85,970.38,3.07,0.0,Normal,1.0,100.675,4.2019,2.2627,1.9392,0.24131,0.06695,0.044832,0.003623,0.041209,0.004121,0.011803,16.9958
2026-06-01 12:29:00,29.78,53.63,930.27,3.45,0.0,Normal,1.0,100.675,4.1898,2.247,1.9428,0.2407,0.06695,0.042978,0.003439,0.03954,0.003954,0.011416,16.4392
2026-06-01 12:30:00,29.94,53.22,935.14,3.12,0.0,Normal,1.0,100.675,4.2285,2.2504,1.9781,0.24264,0.06695,0.043203,0.003469,0.039735,0.003973,0.011511,16.5763
2026-06-01 12:31:00,29.93,53.55,889.63,3.2,0.0,Normal,1.0,100.675,4.2261,2.2631,1.963,0.24251,0.06695,0.041101,0.003224,0.037877,0.003788,0.011062,15.9295
2026-06-01 12:32:00,29.85,52.66,887.74,3.6,0.0,Normal,1.0,100.675,4.2067,2.2152,1.9914,0.24155,0.06695,0.041014,0.003268,0.037745,0.003775,0.011078,15.9518
2026-06-01 12:33:00,30.34,51.61,916.15,3.16,0.0,Normal,1.0,100.675,4.3265,2.2329,2.0936,0.24752,0.06695,0.042326,0.003418,0.038908,0.003891,0.011482,16.5344
2026-06-01 12:34:00,30.33,51.61,919.85,3.47,0.0,Normal,1.0,100.675,4.324,2.2316,2.0924,0.2474,0.06695,0.042497,0.003441,0.039056,0.003906,0.011533,16.6072
2026-06-01 12:35:00,30.26,51.13,864.08,3.23,0.0,Normal,1.0,100.675,4.3068,2.202,2.1047,0.24654,0.06695,0.03992,0.003186,0.036735,0.003673,0.010984,15.8175
2026-06-01 12:36:00,29.98,52.52,910.02,3.3,0.0,Normal,1.0,100.675,4.2382,2.2259,2.0123,0.24312,0.06695,0.042043,0.003387,0.038656,0.003866,0.011308,16.284
2026-06-01 12:37:00,30.28,52.66,915.27,3.24,0.0,Normal,1.0,100.675,4.3117,2.2705,2.0412,0.24678,0.06695,0.042285,0.003376,0.038909,0.003891,0.011423,16.449
2026-06-01 12:38:00,30.28,52.01,908.89,3.39,0.0,Normal,1.0,100.675,4.3117,2.2425,2.0692,0.24678,0.06695,0.041991,0.00338,0.038611,0.003861,0.011394,16.4067
2026-06-01 12:39:00,30.28,51.06,892.36,3.09,0.0,Normal,1.0,100.675,4.3117,2.2015,2.1101,0.24678,0.06695,0.041227,0.003346,0.037881,0.003788,0.011249,16.1982
2026-06-01 12:40:00,30.43,50.52,899.76,3.03,0.0,Normal,1.0,100.675,4.3488,2.197,2.1518,0.24863,0.06695,0.041569,0.0034,0.038169,0.003817,0.011369,16.3708
2026-06-01 12:41:00,30.36,52.62,909.57,3.1,0.0,Normal,1.0,100.675,4.3315,2.2792,2.0523,0.24777,0.06695,0.042022,0.003352,0.03867,0.003867,0.011379,16.3855
2026-06-01 12:42:00,30.41,51.45,916.77,3.25,0.0,Normal,1.0,100.675,4.3439,2.2349,2.109,0.24838,0.06695,0.042355,0.003449,0.038906,0.003891,0.01151,16.575
2026-06-01 12:43:00,30.42,51.07,930.7,3.19,0.0,Normal,1.0,100.675,4.3464,2.2197,2.1267,0.24851,0.06695,0.042998,0.003544,0.039454,0.003945,0.011656,16.7847
2026-06-01 12:44:00,30.41,51.34,943.58,3.37,0.0,Normal,1.0,100.675,4.3439,2.2301,2.1137,0.24838,0.06695,0.043593,0.003601,0.039992,0.003999,0.011776,16.9579
2026-06-01 12:45:00,30.12,51.42,905.69,3.49,0.0,Normal,1.0,100.675,4.2724,2.1968,2.0755,0.24482,0.06695,0.041843,0.003434,0.038408,0.003841,0.011348,16.341
2026-06-01 12:46:00,30.43,52.31,901.06,3.04,0.0,Normal,1.0,100.675,4.3488,2.2749,2.074,0.24863,0.06695,0.041629,0.003333,0.038296,0.00383,0.011316,16.2951
2026-06-01 12:47:00,30.36,51.4,925.34,3.09,0.0,Normal,1.0,100.675,4.3315,2.2264,2.1051,0.24777,0.06695,0.042751,0.003519,0.039231,0.003923,0.011569,16.6588
2026-06-01 12:48:00,30.28,52.68,929.86,2.95,0.0,Normal,1.0,100.675,4.3117,2.2714,2.0403,0.24678,0.06695,0.04296,0.003486,0.039473,0.003947,0.011543,16.6213
2026-06-01 12:49:00,30.75,50.58,901.0,3.64,0.0,Normal,1.0,100.675,4.429,2.2402,2.1888,0.25261,0.06695,0.041626,0.0034,0.038226,0.003823,0.011502,16.5634
2026-06-01 12:50:00,30.79,51.31,934.28,3.3,0.0,Normal,1.0,100.675,4.4392,2.2777,2.1614,0.25311,0.06695,0.043164,0.003532,0.039631,0.003963,0.011774,16.9544
2026-06-01 12:51:00,30.76,50.68,939.19,3.34,0.0,Normal,1.0,100.675,4.4316,2.2459,2.1857,0.25274,0.06695,0.043391,0.003601,0.039789,0.003979,0.011839,17.048
2026-06-01 12:52:00,30.62,51.42,947.45,2.97,0.0,Normal,1.0,100.675,4.3963,2.2606,2.1357,0.25099,0.06695,0.043772,0.003623,0.040149,0.004015,0.011835,17.0419
2026-06-01 12:53:00,30.81,50.81,960.46,3.24,0.0,Normal,1.0,100.675,4.4442,2.2581,2.1861,0.25336,0.06695,0.044373,0.003708,0.040666,0.004067,0.012043,17.3424
2026-06-01 12:54:00,30.64,51.23,887.82,3.34,0.0,Normal,1.0,100.675,4.4013,2.2548,2.1465,0.25124,0.06695,0.041017,0.003328,0.037689,0.003769,0.011293,16.2617
2026-06-01 12:55:00,30.7,50.91,911.58,3.19,0.0,Normal,1.0,100.675,4.4164,2.2484,2.168,0.25198,0.06695,0.042115,0.003467,0.038648,0.003865,0.011534,16.6092
2026-06-01 12:56:00,30.53,51.02,911.18,3.46,0.0,Normal,1.0,100.675,4.3738,2.2315,2.1423,0.24987,0.06695,0.042097,0.003483,0.038613,0.003861,0.011505,16.567
2026-06-01 12:57:00,30.78,51.61,907.86,3.71,0.0,Normal,1.0,100.675,4.4366,2.2897,2.1469,0.25299,0.06695,0.041943,0.003409,0.038534,0.003853,0.011529,16.6017
2026-06-01 12:58:00,30.76,49.98,892.46,3.06,0.0,Normal,1.0,100.675,4.4316,2.2149,2.2167,0.25274,0.06695,0.041232,0.003424,0.037808,0.003781,0.01138,16.3872
2026-06-01 12:59:00,30.58,51.02,869.27,3.04,0.0,Normal,1.0,100.675,4.3863,2.2379,2.1484,0.25049,0.06695,0.04016,0.00327,0.036891,0.003689,0.011073,15.9457
2026-06-01 13:00:00,30.8,50.43,911.97,3.07,0.0,Normal,1.0,100.675,4.4417,2.2399,2.2017,0.25324,0.06695,0.042133,0.003508,0.038626,0.003863,0.011563,16.6505
2026-06-01 13:01:00,30.82,50.6,888.1,3.57,0.0,Normal,1.0,100.675,4.4468,2.2501,2.1967,0.25349,0.06695,0.04103,0.003374,0.037656,0.003766,0.011378,16.3849
2026-06-01 13:02:00,31.13,49.24,911.0,3.46,0.0,Normal,1.0,100.675,4.5259,2.2286,2.2974,0.25741,0.06695,0.042088,0.003542,0.038546,0.003855,0.011715,16.8695
2026-06-01 13:03:00,31.02,49.99,886.6,3.23,0.0,Normal,1.0,100.675,4.4977,2.2484,2.2493,0.25601,0.06695,0.040961,0.003387,0.037574,0.003757,0.011397,16.4121
2026-06-01 13:04:00,30.92,49.99,877.86,3.26,0.0,Normal,1.0,100.675,4.4722,2.2356,2.2365,0.25475,0.06695,0.040557,0.003356,0.037201,0.00372,0.011291,16.2597
2026-06-01 13:05:00,30.98,48.97,913.75,3.09,0.0,Normal,1.0,100.675,4.4875,2.1975,2.29,0.2555,0.06695,0.042215,0.003605,0.038611,0.003861,0.011669,16.8035
2026-06-01 13:06:00,30.97,49.94,911.02,3.43,0.0,Normal,1.0,100.675,4.4849,2.2398,2.2452,0.25538,0.06695,0.042089,0.003541,0.038548,0.003855,0.01164,16.7619
2026-06-01 13:07:00,30.96,49.3,922.2,3.18,0.0,Normal,1.0,100.675,4.4824,2.2098,2.2726,0.25525,0.06695,0.042606,0.003645,0.038961,0.003896,0.011742,16.9089
2026-06-01 13:08:00,30.86,49.21,965.38,3.2,0.0,Normal,1.0,100.675,4.4569,2.1932,2.2637,0.25399,0.06695,0.044601,0.003859,0.040741,0.004074,0.012149,17.4943
2026-06-01 13:09:00,31.02,49.87,913.01,3.38,0.0,Normal,1.0,100.675,4.4977,2.243,2.2547,0.25601,0.06695,0.042181,0.003566,0.038615,0.003861,0.011665,16.7982
2026-06-01 13:10:00,30.96,50.26,918.15,3.22,0.0,Normal,1.0,100.675,4.4824,2.2528,2.2295,0.25525,0.06695,0.042419,0.003584,0.038835,0.003883,0.011669,16.8032
2026-06-01 13:11:00,30.91,50.42,875.22,3.21,0.0,Normal,1.0,100.675,4.4696,2.2536,2.216,0.25462,0.06695,0.040435,0.003357,0.037078,0.003708,0.011233,16.1758
2026-06-01 13:12:00,31.2,49.64,869.03,3.26,0.0,Normal,1.0,100.675,4.544,2.2556,2.2884,0.2583,0.06695,0.040149,0.00334,0.03681,0.003681,0.011275,16.2357
2026-06-01 13:13:00,31.21,48.11,946.29,3.42,0.0,Normal,1.0,100.675,4.5466,2.1874,2.3592,0.25843,0.06695,0.043719,0.003854,0.039865,0.003986,0.012097,17.4201
2026-06-01 13:14:00,30.91,49.29,877.82,3.59,0.0,Normal,1.0,100.675,4.4696,2.2031,2.2665,0.25462,0.06695,0.040555,0.00345,0.037106,0.003711,0.011343,16.3344
2026-06-01 13:15:00,31.18,50.53,874.01,3.38,0.0,Normal,1.0,100.675,4.5388,2.2935,2.2454,0.25804,0.06695,0.040379,0.003337,0.037042,0.003704,0.011295,16.2654
2026-06-01 13:16:00,31.38,48.18,900.63,3.42,0.0,Normal,1.0,100.675,4.5907,2.2118,2.3789,0.2606,0.06695,0.041609,0.003598,0.038011,0.003801,0.011695,16.8401
2026-06-01 13:17:00,31.41,49.08,898.66,3.22,0.0,Normal,1.0,100.675,4.5985,2.257,2.3416,0.26099,0.06695,0.041518,0.003537,0.037981,0.003798,0.01162,16.7335
2026-06-01 13:18:00,31.43,48.24,876.11,3.12,0.0,Normal,1.0,100.675,4.6037,2.2208,2.3829,0.26125,0.06695,0.040476,0.003466,0.03701,0.003701,0.011419,16.4432
2026-06-01 13:19:00,31.31,49.04,891.64,3.4,0.0,Normal,1.0,100.675,4.5725,2.2423,2.3301,0.25971,0.06695,0.041194,0.003525,0.037668,0.003767,0.011551,16.633
2026-06-01 13:20:00,31.2,48.91,932.41,3.3,0.0,Normal,1.0,100.675,4.544,2.2225,2.3215,0.2583,0.06695,0.043077,0.003776,0.039302,0.00393,0.011908,17.147
2026-06-01 13:21:00,31.19,49.66,876.87,2.98,0.0,Normal,1.0,100.675,4.5414,2.2553,2.2861,0.25817,0.06695,0.040511,0.003436,0.037075,0.003708,0.011297,16.2684
2026-06-01 13:22:00,31.43,48.74,860.4,3.2,0.0,Normal,1.0,100.675,4.6037,2.2439,2.3599,0.26125,0.06695,0.03975,0.003378,0.036373,0.003637,0.011254,16.2061
2026-06-01 13:23:00,31.46,48.3,922.65,3.25,0.0,Normal,1.0,100.675,4.6116,2.2274,2.3842,0.26163,0.06695,0.042626,0.003749,0.038877,0.003888,0.011888,17.119
2026-06-01 13:24:00,31.62,47.49,909.84,3.17,0.0,Normal,1.0,100.675,4.6536,2.21,2.4436,0.2637,0.06695,0.042035,0.003716,0.038318,0.003832,0.011818,17.0175
2026-06-01 13:25:00,31.62,48.29,879.23,3.57,0.0,Normal,1.0,100.675,4.6536,2.2472,2.4064,0.2637,0.06695,0.04062,0.003506,0.037115,0.003711,0.011551,16.6341
2026-06-01 13:26:00,31.46,47.85,852.71,3.37,0.0,Normal,1.0,100.675,4.6116,2.2066,2.4049,0.26163,0.06695,0.039395,0.003408,0.035987,0.003599,0.011242,16.1886
2026-06-01 13:27:00,31.32,49.23,874.5,3.55,0.0,Normal,1.0,100.675,4.5751,2.2523,2.3228,0.25983,0.06695,0.040402,0.003473,0.036928,0.003693,0.011389,16.4002
2026-06-01 13:28:00,31.48,50.1,892.29,3.32,0.0,Normal,1.0,100.675,4.6168,2.313,2.3038,0.26189,0.06695,0.041224,0.003508,0.037716,0.003772,0.011533,16.6074
2026-06-01 13:29:00,31.59,49.04,924.24,3.29,0.0,Normal,1.0,100.675,4.6457,2.2783,2.3675,0.26331,0.06695,0.0427,0.00374,0.03896,0.003896,0.011903,17.141
2026-06-01 13:30:00,31.55,48.77,864.51,3.08,0.0,Normal,1.0,100.675,4.6352,2.2606,2.3746,0.2628,0.06695,0.03994,0.00344,0.0365,0.00365,0.011288,16.2553
2026-06-01 13:31:00,31.52,48.37,889.23,3.28,0.0,Normal,1.0,100.675,4.6273,2.2382,2.3891,0.26241,0.06695,0.041082,0.003611,0.037471,0.003747,0.011566,16.6553
2026-06-01 13:32:00,31.66,46.85,908.75,3.28,0.0,Normal,1.0,100.675,4.6642,2.1852,2.479,0.26422,0.06695,0.041984,0.003806,0.038178,0.003818,0.011842,17.0529
2026-06-01 13:33:00,31.57,47.47,826.34,3.0,0.0,Normal,1.0,100.675,4.6405,2.2028,2.4376,0.26306,0.06695,0.038177,0.003319,0.034857,0.003486,0.010942,15.7571
2026-06-01 13:34:00,31.58,49.02,916.68,3.17,0.0,Normal,1.0,100.675,4.6431,2.276,2.367,0.26319,0.06695,0.042351,0.00374,0.03861,0.003861,0.011804,16.9971
2026-06-01 13:35:00,31.74,47.32,856.78,3.21,0.0,Normal,1.0,100.675,4.6854,2.2171,2.4682,0.26527,0.06695,0.039583,0.003497,0.036086,0.003609,0.011321,16.3028
2026-06-01 13:36:00,31.66,47.6,896.3,3.36,0.0,Normal,1.0,100.675,4.6642,2.2201,2.444,0.26422,0.06695,0.041409,0.003721,0.037688,0.003769,0.0117,16.8474
2026-06-01 13:37:00,31.78,47.59,893.18,3.37,0.0,Normal,1.0,100.675,4.696,2.2348,2.4612,0.26579,0.06695,0.041265,0.003698,0.037566,0.003757,0.011698,16.8458
2026-06-01 13:38:00,31.81,46.97,914.58,3.16,0.0,Normal,1.0,100.675,4.704,2.2095,2.4945,0.26618,0.06695,0.042254,0.003864,0.038389,0.003839,0.011899,17.1349
2026-06-01 13:39:00,31.62,47.4,899.52,3.37,0.0,Normal,1.0,100.675,4.6536,2.2058,2.4478,0.2637,0.06695,0.041558,0.003782,0.037775,0.003778,0.011724,16.8824
2026-06-01 13:40:00,31.74,47.77,820.97,3.24,0.0,Normal,1.0,100.675,4.6854,2.2382,2.4472,0.26527,0.06695,0.037929,0.003308,0.034621,0.003462,0.010953,15.7718
2026-06-01 13:41:00,32.05,46.4,862.33,2.7,0.0,Normal,1.0,100.675,4.7682,2.2125,2.5558,0.26934,0.06695,0.03984,0.003598,0.036241,0.003624,0.01136,16.3577
2026-06-01 13:42:00,31.69,47.51,885.88,3.18,0.0,Normal,1.0,100.675,4.6721,2.2197,2.4524,0.26461,0.06695,0.040928,0.003716,0.037212,0.003721,0.011567,16.6565
2026-06-01 13:43:00,31.56,47.82,876.15,3.49,0.0,Normal,1.0,100.675,4.6378,2.2178,2.42,0.26293,0.06695,0.040478,0.003665,0.036813,0.003681,0.01148,16.5316
2026-06-01 13:44:00,31.63,48.43,892.99,2.94,0.0,Normal,1.0,100.675,4.6563,2.255,2.4012,0.26383,0.06695,0.041256,0.003724,0.037532,0.003753,0.011548,16.6298
2026-06-01 13:45:00,31.93,47.13,900.26,3.3,0.0,Normal,1.0,100.675,4.736,2.2321,2.5039,0.26775,0.06695,0.041592,0.00382,0.037772,0.003777,0.011792,16.9798
2026-06-01 13:46:00,31.95,47.1,894.51,3.6,0.0,Normal,1.0,100.675,4.7414,2.2332,2.5082,0.26802,0.06695,0.041326,0.003796,0.03753,0.003753,0.011791,16.9797
2026-06-01 13:47:00,31.95,47.56,871.87,3.13,0.0,Normal,1.0,100.675,4.7414,2.255,2.4864,0.26802,0.06695,0.04028,0.003647,0.036634,0.003663,0.011469,16.5157
2026-06-01 13:48:00,32.18,46.5,827.98,3.28,0.0,Normal,1.0,100.675,4.8034,2.2336,2.5698,0.27106,0.06695,0.038253,0.003441,0.034812,0.003481,0.01116,16.0697
2026-06-01 13:49:00,31.62,47.98,863.58,3.02,0.0,Normal,1.0,100.675,4.6536,2.2328,2.4208,0.2637,0.06695,0.039897,0.003631,0.036267,0.003627,0.011274,16.2339
2026-06-01 13:50:00,32.1,47.09,885.46,3.6,0.0,Normal,1.0,100.675,4.7817,2.2517,2.53,0.27,0.06695,0.040908,0.003765,0.037144,0.003714,0.011733,16.896
2026-06-01 13:51:00,32.29,46.66,844.95,3.26,0.0,Normal,1.0,100.675,4.8333,2.2552,2.5781,0.27252,0.06695,0.039037,0.003545,0.035492,0.003549,0.011333,16.3197
2026-06-01 13:52:00,31.91,47.23,889.02,3.29,0.0,Normal,1.0,100.675,4.7306,2.2343,2.4964,0.26749,0.06695,0.041073,0.003819,0.037253,0.003725,0.011656,16.7848
2026-06-01 13:53:00,32.05,47.0,895.21,3.55,0.0,Normal,1.0,100.675,4.7682,2.2411,2.5272,0.26934,0.06695,0.041359,0.003853,0.037505,0.003751,0.011804,16.9981
2026-06-01 13:54:00,32.01,46.58,873.72,3.41,0.0,Normal,1.0,100.675,4.7575,2.216,2.5414,0.26881,0.06695,0.040366,0.00378,0.036586,0.003659,0.011574,16.6662
2026-06-01 13:55:00,32.01,46.53,789.44,3.1,0.0,Normal,1.0,100.675,4.7575,2.2136,2.5438,0.26881,0.06695,0.036472,0.003296,0.033176,0.003318,0.010686,15.3884
2026-06-01 13:56:00,32.12,47.21,834.98,3.15,0.0,Normal,1.0,100.675,4.7871,2.26,2.5271,0.27026,0.06695,0.038576,0.003521,0.035055,0.003506,0.011142,16.0441
2026-06-01 13:57:00,32.4,46.23,916.25,3.38,0.0,Normal,1.0,100.675,4.8633,2.2483,2.615,0.27399,0.06695,0.042331,0.003861,0.03847,0.003847,0.012121,17.4548
2026-06-01 13:58:00,32.48,46.0,851.88,3.16,0.0,Normal,1.0,100.675,4.8853,2.2472,2.638,0.27507,0.06695,0.039357,0.003673,0.035683,0.003568,0.011429,16.4572
2026-06-01 13:59:00,32.18,46.75,813.48,2.86,0.0,Normal,1.0,100.675,4.8034,2.2456,2.5578,0.27106,0.06695,0.037583,0.003445,0.034137,0.003414,0.010884,15.6729
2026-06-01 14:00:00,32.54,45.62,895.85,3.27,0.0,Normal,1.0,100.675,4.9018,2.2362,2.6656,0.27588,0.06695,0.041388,0.003885,0.037503,0.00375,0.011928,17.1759
2026-06-01 14:01:00,32.28,46.73,863.05,2.98,0.0,Normal,1.0,100.675,4.8305,2.2573,2.5732,0.27239,0.06695,0.039873,0.003748,0.036125,0.003612,0.011421,16.4462
2026-06-01 14:02:00,32.56,46.1,890.12,3.6,0.0,Normal,1.0,100.675,4.9073,2.2623,2.645,0.27615,0.06695,0.041124,0.00385,0.037274,0.003727,0.011919,17.1637
2026-06-01 14:03:00,32.3,46.8,867.55,3.32,0.0,Normal,1.0,100.675,4.836,2.2632,2.5727,0.27266,0.06695,0.040081,0.003789,0.036291,0.003629,0.011534,16.6085
2026-06-01 14:04:00,32.35,46.04,871.04,3.1,0.0,Normal,1.0,100.675,4.8496,2.2328,2.6169,0.27333,0.06695,0.040242,0.003866,0.036376,0.003638,0.011556,16.6409
2026-06-01 14:05:00,32.41,46.78,867.38,3.14,0.0,Normal,1.0,100.675,4.8661,2.2763,2.5897,0.27413,0.06695,0.040073,0.003798,0.036275,0.003627,0.011515,16.582
2026-06-01 14:06:00,32.85,44.86,874.77,2.9,0.0,Normal,1.0,100.675,4.988,2.2376,2.7504,0.28008,0.06695,0.040414,0.003899,0.036516,0.003652,0.011699,16.8464
2026-06-01 14:07:00,32.52,46.01,914.09,3.06,0.0,Normal,1.0,100.675,4.8963,2.2528,2.6435,0.27561,0.06695,0.042231,0.003861,0.03837,0.003837,0.012072,17.3839
2026-06-01 14:08:00,32.31,46.4,879.3,3.48,0.0,Normal,1.0,100.675,4.8387,2.2452,2.5935,0.27279,0.06695,0.040624,0.003861,0.036763,0.003676,0.011703,16.8521
2026-06-01 14:09:00,32.58,45.62,812.73,3.73,0.0,Normal,1.0,100.675,4.9129,2.2412,2.6716,0.27642,0.06695,0.037548,0.003571,0.033977,0.003398,0.011196,16.1227
2026-06-01 14:10:00,32.4,45.53,863.35,3.42,0.0,Normal,1.0,100.675,4.8633,2.2143,2.649,0.27399,0.06695,0.039887,0.003908,0.035978,0.003598,0.011568,16.6578
2026-06-01 14:11:00,32.4,46.4,879.81,3.26,0.0,Normal,1.0,100.675,4.8633,2.2566,2.6067,0.27399,0.06695,0.040647,0.00385,0.036798,0.00368,0.011685,16.8264
2026-06-01 14:12:00,32.63,47.05,880.06,3.19,0.0,Normal,1.0,100.675,4.9267,2.318,2.6087,0.27709,0.06695,0.040659,0.003777,0.036882,0.003688,0.011705,16.8548
2026-06-01 14:13:00,32.51,45.43,837.28,3.09,0.0,Normal,1.0,100.675,4.8935,2.2231,2.6704,0.27547,0.06695,0.038682,0.003788,0.034894,0.003489,0.011253,16.2042
2026-06-01 14:14:00,32.57,45.54,876.43,3.69,0.0,Normal,1.0,100.675,4.9101,2.2361,2.674,0.27628,0.06695,0.040491,0.003887,0.036604,0.00366,0.011813,17.0103
2026-06-01 14:15:00,32.55,45.28,869.07,3.24,0.0,Normal,1.0,100.675,4.9046,2.2208,2.6838,0.27601,0.06695,0.040151,0.003907,0.036244,0.003624,0.011635,16.7539
2026-06-01 14:16:00,32.62,45.07,909.37,3.7,0.0,Normal,1.0,100.675,4.9239,2.2192,2.7047,0.27696,0.06695,0.042013,0.003913,0.0381,0.00381,0.012208,17.5796
2026-06-01 14:17:00,32.65,46.2,823.93,3.56,0.0,Normal,1.0,100.675,4.9322,2.2787,2.6535,0.27736,0.06695,0.038066,0.003688,0.034378,0.003438,0.011231,16.1734
2026-06-01 14:18:00,32.31,45.81,828.74,2.93,0.0,Normal,1.0,100.675,4.8387,2.2166,2.6221,0.27279,0.06695,0.038288,0.003797,0.034491,0.003449,0.011057,15.9216
2026-06-01 14:19:00,32.72,44.79,832.48,3.14,0.0,Normal,1.0,100.675,4.9517,2.2179,2.7338,0.27831,0.06695,0.038461,0.003852,0.034609,0.003461,0.011269,16.2271
2026-06-01 14:20:00,32.49,44.76,826.5,3.14,0.0,Normal,1.0,100.675,4.888,2.1879,2.7001,0.2752,0.06695,0.038184,0.003857,0.034327,0.003433,0.011157,16.0658
2026-06-01 14:21:00,32.44,45.4,815.1,3.26,0.0,Normal,1.0,100.675,4.8743,2.2129,2.6614,0.27453,0.06695,0.037658,0.003762,0.033896,0.00339,0.011041,15.8994
2026-06-01 14:22:00,32.67,44.2,766.78,3.26,0.0,Normal,1.0,100.675,4.9378,2.1825,2.7553,0.27763,0.06695,0.035425,0.003518,0.031907,0.003191,0.010664,15.3563
2026-06-01 14:23:00,32.71,45.5,823.79,3.87,0.0,Normal,1.0,100.675,4.9489,2.2517,2.6972,0.27818,0.06695,0.038059,0.003803,0.034256,0.003426,0.011331,16.3165
2026-06-01 14:24:00,32.61,47.07,842.5,3.06,0.0,Normal,1.0,100.675,4.9211,2.3164,2.6048,0.27682,0.06695,0.038924,0.002503,0.036421,0.003642,0.011559,16.6453
2026-06-01 14:25:00,32.85,44.49,819.54,3.32,0.0,Normal,1.0,100.675,4.988,2.2192,2.7688,0.28008,0.06695,0.037863,0.0026,0.035263,0.003526,0.011518,16.5857
2026-06-01 14:26:00,32.55,44.56,878.63,3.4,0.0,Normal,1.0,100.675,4.9046,2.1855,2.7191,0.27601,0.06695,0.040593,0.002621,0.037971,0.003797,0.012127,17.4628
2026-06-01 14:27:00,32.7,45.67,829.3,3.27,0.0,Normal,1.0,100.675,4.9461,2.2589,2.6872,0.27804,0.06695,0.038314,0.002558,0.035755,0.003576,0.011533,16.6076
2026-06-01 14:28:00,32.69,44.72,859.56,3.3,0.0,Normal,1.0,100.675,4.9433,2.2107,2.7327,0.27791,0.06695,0.039712,0.002603,0.037109,0.003711,0.011917,17.1604
2026-06-01 14:29:00,32.79,45.66,832.52,3.06,0.0,Normal,1.0,100.675,4.9712,2.2698,2.7013,0.27926,0.06695,0.038462,0.002551,0.035911,0.003591,0.011539,16.6157
2026-06-01 14:30:00,32.86,44.53,845.01,3.29,0.0,Normal,1.0,100.675,4.9908,2.2224,2.7684,0.28022,0.06695,0.039039,0.002597,0.036442,0.003644,0.011797,16.9882
2026-06-01 14:31:00,32.68,44.81,829.97,3.37,0.0,Normal,1.0,100.675,4.9406,2.2139,2.7267,0.27777,0.06695,0.038345,0.002599,0.035745,0.003575,0.011596,16.6986
2026-06-01 14:32:00,32.96,44.31,855.31,3.34,0.0,Normal,1.0,100.675,5.0189,2.2239,2.795,0.28159,0.06695,0.039515,0.002599,0.036916,0.003692,0.011958,17.2189
2026-06-01 14:33:00,32.88,45.1,821.44,3.38,0.0,Normal,1.0,100.675,4.9964,2.2534,2.743,0.28049,0.06695,0.037951,0.002569,0.035381,0.003538,0.011536,16.6114
2026-06-01 14:34:00,32.6,45.28,830.72,3.55,0.0,Normal,1.0,100.675,4.9184,2.227,2.6913,0.27669,0.06695,0.038379,0.002584,0.035795,0.003579,0.011609,16.7174
2026-06-01 14:35:00,32.6,45.1,825.98,3.46,0.0,Normal,1.0,100.675,4.9184,2.2182,2.7002,0.27669,0.06695,0.03816,0.002592,0.035568,0.003557,0.011543,16.6223
2026-06-01 14:36:00,32.91,44.42,808.4,3.28,0.0,Normal,1.0,100.675,5.0048,2.2231,2.7817,0.2809,0.06695,0.037348,0.002598,0.03475,0.003475,0.011398,16.4127
2026-06-01 14:37:00,32.9,43.82,823.78,3.03,0.0,Normal,1.0,100.675,5.002,2.1919,2.8101,0.28077,0.06695,0.038059,0.002627,0.035431,0.003543,0.011524,16.5951
2026-06-01 14:38:00,32.93,44.73,866.77,3.15,0.0,Normal,1.0,100.675,5.0104,2.2412,2.7693,0.28118,0.06695,0.040045,0.002582,0.037462,0.003746,0.012017,17.3046
2026-06-01 14:39:00,32.96,43.35,804.16,3.22,0.0,Normal,1.0,100.675,5.0189,2.1757,2.8432,0.28159,0.06695,0.037152,0.002644,0.034508,0.003451,0.011387,16.3973
2026-06-01 14:40:00,33.01,44.0,819.32,3.32,0.0,Normal,1.0,100.675,5.033,2.2145,2.8185,0.28227,0.06695,0.037853,0.00261,0.035243,0.003524,0.011571,16.6625
2026-06-01 14:41:00,33.14,44.38,838.01,3.17,0.0,Normal,1.0,100.675,5.0698,2.25,2.8198,0.28407,0.06695,0.038716,0.002581,0.036135,0.003613,0.011756,16.9281
2026-06-01 14:42:00,32.84,44.92,833.49,3.08,0.0,Normal,1.0,100.675,4.9852,2.2393,2.7458,0.27995,0.06695,0.038507,0.002581,0.035926,0.003593,0.011594,16.6952
2026-06-01 14:43:00,32.85,45.08,804.58,3.03,0.0,Normal,1.0,100.675,4.988,2.2486,2.7394,0.28008,0.06695,0.037172,0.002573,0.034599,0.00346,0.011247,16.1957
2026-06-01 14:44:00,32.88,44.61,745.26,2.93,0.0,Normal,1.0,100.675,4.9964,2.2289,2.7675,0.28049,0.06695,0.034431,0.002592,0.031839,0.003184,0.010561,15.2081
2026-06-01 14:45:00,33.1,44.73,813.42,3.22,0.0,Normal,1.0,100.675,5.0584,2.2626,2.7958,0.28351,0.06695,0.03758,0.002568,0.035012,0.003501,0.011467,16.5122
2026-06-01 14:46:00,33.26,44.15,746.12,2.97,0.0,Normal,1.0,100.675,5.104,2.2534,2.8506,0.28573,0.06695,0.034471,0.002582,0.031889,0.003189,0.010676,15.3737
2026-06-01 14:47:00,33.02,44.52,832.85,3.06,0.0,Normal,1.0,100.675,5.0358,2.2419,2.7939,0.28241,0.06695,0.038478,0.002585,0.035893,0.003589,0.011636,16.7554
2026-06-01 14:48:00,32.72,45.63,800.03,3.18,0.0,Normal,1.0,100.675,4.9517,2.2595,2.6922,0.27831,0.06695,0.036961,0.002558,0.034403,0.00344,0.011186,16.1085
2026-06-01 14:49:00,32.86,45.15,818.11,2.99,0.0,Normal,1.0,100.675,4.9908,2.2533,2.7374,0.28022,0.06695,0.037797,0.002569,0.035228,0.003523,0.01139,16.4023
2026-06-01 14:50:00,33.0,44.03,771.14,3.33,0.0,Normal,1.0,100.675,5.0301,2.2148,2.8154,0.28214,0.06695,0.035627,0.002609,0.033017,0.003302,0.011028,15.8799
2026-06-01 14:51:00,33.06,43.33,754.03,3.41,0.0,Normal,1.0,100.675,5.0471,2.1869,2.8602,0.28296,0.06695,0.034836,0.002637,0.032199,0.00322,0.010903,15.6998
2026-06-01 14:52:00,33.09,44.29,795.31,3.15,0.0,Normal,1.0,100.675,5.0556,2.2391,2.8165,0.28338,0.06695,0.036743,0.00259,0.034154,0.003415,0.011256,16.2092
2026-06-01 14:53:00,33.18,44.14,786.61,3.17,0.0,Normal,1.0,100.675,5.0812,2.2428,2.8383,0.28462,0.06695,0.036341,0.002589,0.033752,0.003375,0.011188,16.111
2026-06-01 14:54:00,33.14,44.58,774.07,3.36,0.0,Normal,1.0,100.675,5.0698,2.2601,2.8097,0.28407,0.06695,0.035762,0.002572,0.03319,0.003319,0.011076,15.9501
2026-06-01 14:55:00,33.35,42.76,785.88,3.11,0.0,Normal,1.0,100.675,5.1297,2.1935,2.9363,0.28698,0.06695,0.036308,0.002641,0.033666,0.003367,0.011251,16.2009
2026-06-01 14:56:00,33.11,43.45,847.05,3.1,0.0,Normal,1.0,100.675,5.0613,2.1991,2.8621,0.28365,0.06695,0.039134,0.002628,0.036506,0.003651,0.01187,17.0921
2026-06-01 14:57:00,33.09,44.31,799.87,3.49,0.0,Normal,1.0,100.675,5.0556,2.2401,2.8155,0.28338,0.06695,0.036954,0.002589,0.034365,0.003437,0.011404,16.4223
2026-06-01 14:58:00,33.31,43.4,803.05,3.43,0.0,Normal,1.0,100.675,5.1183,2.2213,2.8969,0.28642,0.06695,0.037101,0.002614,0.034487,0.003449,0.011511,16.576
2026-06-01 14:59:00,33.02,43.11,796.4,3.37,0.0,Normal,1.0,100.675,5.0358,2.1709,2.8649,0.28241,0.06695,0.036794,0.002651,0.034143,0.003414,0.011367,16.3685
2026-06-01 15:00:00,33.32,43.63,809.32,3.43,0.0,Normal,1.0,100.675,5.1211,2.2344,2.8868,0.28656,0.06695,0.037391,0.002602,0.034789,0.003479,0.011574,16.6666
2026-06-01 15:01:00,33.29,42.38,768.69,2.85,0.0,Normal,1.0,100.675,5.1126,2.1667,2.9459,0.28614,0.06695,0.035513,0.002664,0.032849,0.003285,0.010965,15.7902
2026-06-01 15:02:00,33.27,42.99,723.72,3.52,0.0,Normal,1.0,100.675,5.1068,2.1954,2.9114,0.28587,0.06695,0.033436,0.002637,0.030799,0.00308,0.010658,15.3481
2026-06-01 15:03:00,33.54,43.61,765.06,3.32,0.0,Normal,1.0,100.675,5.1845,2.261,2.9236,0.28964,0.06695,0.035346,0.002585,0.032761,0.003276,0.011088,15.966
2026-06-01 15:04:00,33.22,44.78,786.24,3.45,0.0,Normal,1.0,100.675,5.0926,2.2804,2.8121,0.28517,0.06695,0.036324,0.002556,0.033768,0.003377,0.011248,16.1975
2026-06-01 15:05:00,33.63,41.81,743.4,3.32,0.0,Normal,1.0,100.675,5.2107,2.1786,3.0321,0.2909,0.06695,0.034345,0.002665,0.03168,0.003168,0.010935,15.7462
2026-06-01 15:06:00,33.3,43.26,759.76,3.25,0.0,Normal,1.0,100.675,5.1154,2.2129,2.9025,0.28628,0.06695,0.035101,0.002621,0.03248,0.003248,0.010968,15.7945
2026-06-01 15:07:00,33.16,43.89,746.1,3.19,0.0,Normal,1.0,100.675,5.0755,2.2276,2.8478,0.28434,0.06695,0.03447,0.002603,0.031867,0.003187,0.010739,15.4642
2026-06-01 15:08:00,33.37,44.34,794.26,3.31,0.0,Normal,1.0,100.675,5.1355,2.2771,2.8584,0.28726,0.06695,0.036695,0.002564,0.034131,0.003413,0.011349,16.3431
2026-06-01 15:09:00,33.21,43.42,775.14,3.18,0.0,Normal,1.0,100.675,5.0897,2.2099,2.8798,0.28503,0.06695,0.035811,0.002621,0.033191,0.003319,0.011095,15.9775
2026-06-01 15:10:00,33.27,43.26,770.95,3.41,0.0,Normal,1.0,100.675,5.1068,2.2092,2.8976,0.28587,0.06695,0.035618,0.002624,0.032994,0.003299,0.011141,16.0426
2026-06-01 15:11:00,33.46,43.96,768.31,2.92,0.0,Normal,1.0,100.675,5.1614,2.269,2.8924,0.28852,0.06695,0.035496,0.002574,0.032921,0.003292,0.010963,15.7866
2026-06-01 15:12:00,33.49,42.71,751.46,3.13,0.0,Normal,1.0,100.675,5.1701,2.2081,2.9619,0.28894,0.06695,0.034717,0.002632,0.032085,0.003209,0.010894,15.6866
2026-06-01 15:13:00,33.33,43.83,754.79,3.64,0.0,Normal,1.0,100.675,5.124,2.2459,2.8782,0.2867,0.06695,0.034871,0.002592,0.03228,0.003228,0.01102,15.8687
2026-06-01 15:14:00,33.58,41.81,721.77,3.11,0.0,Normal,1.0,100.675,5.1961,2.1725,3.0236,0.2902,0.06695,0.033346,0.002669,0.030677,0.003068,0.010598,15.261
2026-06-01 15:15:00,33.61,42.49,697.44,3.18,0.0,Normal,1.0,100.675,5.2048,2.2115,2.9933,0.29062,0.06695,0.032222,0.002633,0.029589,0.002959,0.010325,14.8679
2026-06-01 15:16:00,33.67,41.45,747.77,3.05,0.0,Normal,1.0,100.675,5.2223,2.1646,3.0577,0.29147,0.06695,0.034547,0.00268,0.031867,0.003187,0.010906,15.705
2026-06-01 15:17:00,33.54,42.16,749.64,3.3,0.0,Normal,1.0,100.675,5.1845,2.1858,2.9987,0.28964,0.06695,0.034633,0.002655,0.031978,0.003198,0.010965,15.7903
2026-06-01 15:18:00,33.68,42.92,767.27,3.08,0.0,Normal,1.0,100.675,5.2252,2.2427,2.9826,0.29161,0.06695,0.035448,0.002606,0.032841,0.003284,0.011089,15.9675
2026-06-01 15:19:00,33.2,43.71,773.2,3.19,0.0,Normal,1.0,100.675,5.0869,2.2235,2.8634,0.2849,0.06695,0.035722,0.002608,0.033114,0.003311,0.011063,15.9306
2026-06-01 15:20:00,33.45,42.87,771.05,3.4,0.0,Normal,1.0,100.675,5.1585,2.2115,2.9471,0.28838,0.06695,0.035623,0.002628,0.032995,0.003299,0.011194,16.1191
2026-06-01 15:21:00,33.37,42.81,712.34,3.08,0.0,Normal,1.0,100.675,5.1355,2.1985,2.937,0.28726,0.06695,0.03291,0.002637,0.030273,0.003027,0.010398,14.9737
2026-06-01 15:22:00,33.53,42.69,724.54,3.38,0.0,Normal,1.0,100.675,5.1816,2.212,2.9696,0.2895,0.06695,0.033474,0.00263,0.030844,0.003084,0.010685,15.3863
2026-06-01 15:23:00,33.44,43.27,740.75,3.39,0.0,Normal,1.0,100.675,5.1556,2.2308,2.9248,0.28824,0.06695,0.034223,0.002609,0.031613,0.003161,0.010829,15.5933
2026-06-01 15:24:00,33.51,43.48,783.46,3.43,0.0,Normal,1.0,100.675,5.1758,2.2505,2.9254,0.28922,0.06695,0.036196,0.002593,0.033603,0.00336,0.01133,16.3158
2026-06-01 15:25:00,33.82,40.44,758.32,3.25,0.0,Normal,1.0,100.675,5.2662,2.1296,3.1365,0.29359,0.06695,0.035034,0.002718,0.032316,0.003232,0.011175,16.0913
2026-06-01 15:26:00,33.53,42.34,748.3,3.87,0.0,Normal,1.0,100.675,5.1816,2.1939,2.9877,0.2895,0.06695,0.034571,0.002647,0.031924,0.003192,0.011137,16.0378
2026-06-01 15:27:00,33.62,42.67,713.49,3.43,0.0,Normal,1.0,100.675,5.2077,2.2221,2.9856,0.29076,0.06695,0.032963,0.002624,0.03034,0.003034,0.010597,15.2601
2026-06-01 15:28:00,33.54,42.76,700.71,3.28,0.0,Normal,1.0,100.675,5.1845,2.2169,2.9676,0.28964,0.06695,0.032373,0.002626,0.029747,0.002975,0.010376,14.9417
2026-06-01 15:29:00,33.59,42.9,734.65,3.04,0.0,Normal,1.0,100.675,5.199,2.2304,2.9686,0.29034,0.06695,0.033941,0.002615,0.031326,0.003133,0.01068,15.3796
2026-06-01 15:30:00,33.59,42.83,691.91,3.19,0.0,Normal,1.0,100.675,5.199,2.2267,2.9723,0.29034,0.06695,0.031966,0.002618,0.029348,0.002935,0.010248,14.7572
2026-06-01 15:31:00,33.66,42.28,708.29,3.5,0.0,Normal,1.0,100.675,5.2194,2.2068,3.0126,0.29133,0.06695,0.032723,0.002639,0.030084,0.003008,0.01059,15.2493
2026-06-01 15:32:00,33.78,41.82,708.79,3.55,0.0,Normal,1.0,100.675,5.2544,2.1974,3.057,0.29302,0.06695,0.032746,0.002652,0.030094,0.003009,0.01066,15.3498
2026-06-01 15:33:00,33.86,41.76,742.97,3.5,0.0,Normal,1.0,100.675,5.2779,2.2041,3.0739,0.29416,0.06695,0.034325,0.002649,0.031676,0.003168,0.011046,15.9068
2026-06-01 15:34:00,33.67,43.14,699.39,3.36,0.0,Normal,1.0,100.675,5.2223,2.2529,2.9694,0.29147,0.06695,0.032312,0.002596,0.029715,0.002972,0.010401,14.9779
2026-06-01 15:35:00,33.72,41.87,653.17,2.95,0.0,Normal,1.0,100.675,5.2369,2.1927,3.0442,0.29217,0.06695,0.030176,0.002655,0.027522,0.002752,0.009762,14.058
2026-06-01 15:36:00,33.46,42.97,713.18,3.3,0.0,Normal,1.0,100.675,5.1614,2.2179,2.9435,0.28852,0.06695,0.032949,0.002622,0.030327,0.003033,0.010501,15.1214
2026-06-01 15:37:00,33.63,42.66,685.66,2.95,0.0,Normal,1.0,100.675,5.2107,2.2229,2.9878,0.2909,0.06695,0.031677,0.002623,0.029054,0.002905,0.010095,14.5365
2026-06-01 15:38:00,33.79,43.03,699.03,2.9,0.0,Normal,1.0,100.675,5.2574,2.2623,2.9951,0.29317,0.06695,0.032295,0.002592,0.029703,0.00297,0.010247,14.7555
2026-06-01 15:39:00,33.79,41.93,694.11,3.25,0.0,Normal,1.0,100.675,5.2574,2.2044,3.053,0.29317,0.06695,0.032068,0.002646,0.029422,0.002942,0.010372,14.936
2026-06-01 15:40:00,33.7,42.93,688.0,3.3,0.0,Normal,1.0,100.675,5.2311,2.2457,2.9854,0.29189,0.06695,0.031786,0.002604,0.029181,0.002918,0.010263,14.7793
2026-06-01 15:41:00,33.81,42.8,707.85,3.37,0.0,Normal,1.0,100.675,5.2632,2.2527,3.0106,0.29345,0.06695,0.032703,0.002601,0.030101,0.00301,0.010544,15.183
2026-06-01 15:42:00,33.76,42.16,657.52,3.29,0.0,Normal,1.0,100.675,5.2486,2.2128,3.0358,0.29274,0.06695,0.030377,0.002637,0.02774,0.002774,0.009955,14.3348
2026-06-01 15:43:00,33.87,41.76,676.3,3.3,0.0,Normal,1.0,100.675,5.2809,2.2053,3.0756,0.2943,0.06695,0.031245,0.002648,0.028597,0.00286,0.010211,14.7043
2026-06-01 15:44:00,33.74,42.05,698.74,2.99,0.0,Normal,1.0,100.675,5.2427,2.2046,3.0382,0.29246,0.06695,0.032282,0.002644,0.029638,0.002964,0.010306,14.8406
2026-06-01 15:45:00,33.65,42.35,669.84,3.17,0.0,Normal,1.0,100.675,5.2165,2.2092,3.0073,0.29119,0.06695,0.030947,0.002637,0.02831,0.002831,0.010018,14.4252
2026-06-01 15:46:00,33.76,42.71,647.3,2.88,0.0,Normal,1.0,100.675,5.2486,2.2417,3.0069,0.29274,0.06695,0.029905,0.00261,0.027295,0.00273,0.00964,13.8823
2026-06-01 15:47:00,33.28,43.67,691.43,2.78,0.0,Normal,1.0,100.675,5.1097,2.2314,2.8783,0.28601,0.06695,0.031944,0.002603,0.029341,0.002934,0.009994,14.3918
2026-06-01 15:48:00,33.78,42.28,698.29,3.33,0.0,Normal,1.0,100.675,5.2544,2.2216,3.0329,0.29302,0.06695,0.032261,0.00263,0.029631,0.002963,0.010435,15.0269
2026-06-01 15:49:00,33.18,43.13,672.3,3.03,0.0,Normal,1.0,100.675,5.0812,2.1915,2.8897,0.28462,0.06695,0.03106,0.002637,0.028423,0.002842,0.009871,14.2143
2026-06-01 15:50:00,33.47,42.4,631.42,3.35,0.0,Normal,1.0,100.675,5.1643,2.1897,2.9746,0.28866,0.06695,0.029172,0.002649,0.026523,0.002652,0.009618,13.85
2026-06-01 15:51:00,33.81,43.35,682.72,3.4,0.0,Normal,1.0,100.675,5.2632,2.2816,2.9816,0.29345,0.06695,0.031542,0.002574,0.028967,0.002897,0.010246,14.7538
2026-06-01 15:52:00,33.82,41.93,633.04,3.05,0.0,Normal,1.0,100.675,5.2662,2.2081,3.0581,0.29359,0.06695,0.029246,0.002644,0.026603,0.00266,0.009589,13.8084
2026-06-01 15:53:00,33.58,42.24,670.01,3.29,0.0,Normal,1.0,100.675,5.1961,2.1948,3.0013,0.2902,0.06695,0.030954,0.002648,0.028307,0.002831,0.01006,14.4857
2026-06-01 15:54:00,33.65,43.36,643.89,3.04,0.0,Normal,1.0,100.675,5.2165,2.2619,2.9546,0.29119,0.06695,0.029748,0.002587,0.02716,0.002716,0.009626,13.8609
2026-06-01 15:55:00,33.97,41.79,636.2,2.8,0.0,Normal,1.0,100.675,5.3104,2.2192,3.0912,0.29573,0.06695,0.029392,0.002638,0.026754,0.002675,0.009543,13.7422
2026-06-01 15:56:00,33.69,42.72,648.05,3.19,0.0,Normal,1.0,100.675,5.2281,2.2335,2.9947,0.29175,0.06695,0.02994,0.002615,0.027325,0.002732,0.009769,14.0667
2026-06-01 15:57:00,34.11,41.14,650.77,3.07,0.0,Normal,1.0,100.675,5.3519,2.2018,3.1501,0.29774,0.06695,0.030066,0.00266,0.027406,0.002741,0.009886,14.2365
2026-06-01 15:58:00,33.77,41.96,639.37,3.08,0.0,Normal,1.0,100.675,5.2515,2.2035,3.048,0.29288,0.06695,0.029539,0.002646,0.026893,0.002689,0.009666,13.9184
2026-06-01 15:59:00,33.84,41.86,661.03,3.56,0.0,Normal,1.0,100.675,5.2721,2.2069,3.0652,0.29388,0.06695,0.03054,0.002645,0.027894,0.002789,0.010135,14.5946
2026-06-01 16:00:00,34.03,40.62,638.48,2.85,0.0,Normal,1.0,100.675,5.3282,2.1643,3.1639,0.29659,0.06695,0.029498,0.002693,0.026805,0.002681,0.009644,13.8879
2026-06-01 16:01:00,33.81,42.0,663.68,3.23,0.0,Normal,1.0,100.675,5.2632,2.2106,3.0527,0.29345,0.06695,0.030662,0.002641,0.028021,0.002802,0.010016,14.4232
2026-06-01 16:02:00,33.64,42.69,647.7,2.96,0.0,Normal,1.0,100.675,5.2136,2.2257,2.9879,0.29105,0.06695,0.029924,0.002621,0.027303,0.00273,0.009659,13.9089
2026-06-01 16:03:00,33.78,43.24,626.45,3.34,0.0,Normal,1.0,100.675,5.2544,2.272,2.9824,0.29302,0.06695,0.028942,0.002582,0.02636,0.002636,0.00958,13.7949
2026-06-01 16:04:00,33.8,42.14,620.83,3.21,0.0,Normal,1.0,100.675,5.2603,2.2167,3.0436,0.29331,0.06695,0.028682,0.002635,0.026048,0.002605,0.009508,13.6917
2026-06-01 16:05:00,33.6,41.24,603.55,3.23,0.0,Normal,1.0,100.675,5.2019,2.1453,3.0567,0.29048,0.06695,0.027884,0.002696,0.025188,0.002519,0.009319,13.4197
2026-06-01 16:06:00,33.77,42.11,637.98,2.96,0.0,Normal,1.0,100.675,5.2515,2.2114,3.0401,0.29288,0.06695,0.029475,0.002639,0.026836,0.002684,0.009591,13.8103
2026-06-01 16:07:00,33.7,44.0,623.28,2.99,0.0,Normal,1.0,100.675,5.2311,2.3017,2.9294,0.29189,0.06695,0.028796,0.002552,0.026243,0.002624,0.009351,13.4651
2026-06-01 16:08:00,33.95,42.17,582.84,3.33,0.0,Normal,1.0,100.675,5.3045,2.2369,3.0676,0.29544,0.06695,0.026927,0.002621,0.024306,0.002431,0.009153,13.1805
2026-06-01 16:09:00,33.82,41.53,614.95,3.5,0.0,Normal,1.0,100.675,5.2662,2.187,3.0791,0.29359,0.06695,0.028411,0.002664,0.025747,0.002575,0.0096,13.8235
2026-06-01 16:10:00,33.78,42.49,605.67,3.24,0.0,Normal,1.0,100.675,5.2544,2.2326,3.0218,0.29302,0.06695,0.027982,0.002619,0.025363,0.002536,0.00933,13.435
2026-06-01 16:11:00,33.81,41.61,649.29,2.96,0.0,Normal,1.0,100.675,5.2632,2.19,3.0732,0.29345,0.06695,0.029997,0.00266,0.027337,0.002734,0.009748,14.0364
2026-06-01 16:12:00,33.86,41.1,585.92,3.2,0.0,Normal,1.0,100.675,5.2779,2.1692,3.1087,0.29416,0.06695,0.02707,0.002682,0.024388,0.002439,0.009155,13.1826
2026-06-01 16:13:00,33.92,41.53,588.34,3.62,0.0,Normal,1.0,100.675,5.2956,2.1993,3.0963,0.29502,0.06695,0.027181,0.002655,0.024526,0.002453,0.009372,13.4958
2026-06-01 16:14:00,33.68,42.46,632.78,3.15,0.0,Normal,1.0,100.675,5.2252,2.2186,3.0066,0.29161,0.06695,0.029234,0.002629,0.026606,0.002661,0.009585,13.8017
2026-06-01 16:15:00,33.68,41.3,634.66,3.42,0.0,Normal,1.0,100.675,5.2252,2.158,3.0672,0.29161,0.06695,0.029321,0.002686,0.026635,0.002664,0.009771,14.0704
2026-06-01 16:16:00,34.0,40.83,593.71,2.98,0.0,Normal,1.0,100.675,5.3193,2.1719,3.1474,0.29616,0.06695,0.027429,0.002684,0.024745,0.002475,0.009171,13.2069
2026-06-01 16:17:00,33.78,42.15,593.25,3.12,0.0,Normal,1.0,100.675,5.2544,2.2147,3.0397,0.29302,0.06695,0.027408,0.002636,0.024772,0.002477,0.009146,13.1699
2026-06-01 16:18:00,33.63,42.31,613.28,3.25,0.0,Normal,1.0,100.675,5.2107,2.2046,3.006,0.2909,0.06695,0.028334,0.00264,0.025693,0.002569,0.009402,13.5384
2026-06-01 16:19:00,33.91,42.02,557.71,3.2,0.0,Normal,1.0,100.675,5.2927,2.224,3.0687,0.29487,0.06695,0.025766,0.002632,0.023134,0.002313,0.008802,12.6748
2026-06-01 16:20:00,33.91,41.04,563.64,2.96,0.0,Normal,1.0,100.675,5.2927,2.1721,3.1206,0.29487,0.06695,0.02604,0.002681,0.023359,0.002336,0.008788,12.6547
2026-06-01 16:21:00,33.61,43.02,589.37,2.95,0.0,Normal,1.0,100.675,5.2048,2.2391,2.9657,0.29062,0.06695,0.027229,0.002607,0.024622,0.002462,0.00896,12.9026
2026-06-01 16:22:00,33.88,41.15,619.28,3.31,0.0,Normal,1.0,100.675,5.2838,2.1743,3.1095,0.29445,0.06695,0.028611,0.002678,0.025933,0.002593,0.009591,13.8104
2026-06-01 16:23:00,33.96,42.63,581.45,3.35,0.0,Normal,1.0,100.675,5.3074,2.2626,3.0449,0.29559,0.06695,0.026863,0.002597,0.024266,0.002427,0.009129,13.1457
2026-06-01 16:24:00,33.9,40.76,588.31,3.41,0.0,Normal,1.0,100.675,5.2897,2.1561,3.1336,0.29473,0.06695,0.02718,0.002696,0.024484,0.002448,0.009304,13.3978
2026-06-01 16:25:00,33.94,41.03,603.76,3.47,0.0,Normal,1.0,100.675,5.3015,2.1752,3.1263,0.2953,0.06695,0.027894,0.002679,0.025215,0.002521,0.009504,13.6851
2026-06-01 16:26:00,33.64,42.78,618.0,3.13,0.0,Normal,1.0,100.675,5.2136,2.2304,2.9832,0.29105,0.06695,0.028552,0.002617,0.025935,0.002594,0.009386,13.516
2026-06-01 16:27:00,33.9,42.8,568.6,3.04,0.0,Normal,1.0,100.675,5.2897,2.264,3.0257,0.29473,0.06695,0.026269,0.002594,0.023675,0.002368,0.008818,12.6985
2026-06-01 16:28:00,33.8,42.26,575.66,3.37,0.0,Normal,1.0,100.675,5.2603,2.223,3.0373,0.29331,0.06695,0.026595,0.002629,0.023967,0.002397,0.009059,13.0455
2026-06-01 16:29:00,33.78,42.48,604.63,3.24,0.0,Normal,1.0,100.675,5.2544,2.2321,3.0224,0.29302,0.06695,0.027934,0.00262,0.025314,0.002531,0.009318,13.4184
2026-06-01 16:30:00,33.98,41.59,544.56,2.9,0.0,Normal,1.0,100.675,5.3133,2.2098,3.1035,0.29587,0.06695,0.025159,0.002648,0.022511,0.002251,0.008526,12.2771
2026-06-01 16:31:00,34.07,40.71,585.45,2.88,0.0,Normal,1.0,100.675,5.34,2.1739,3.1661,0.29716,0.06695,0.027048,0.002685,0.024363,0.002436,0.00904,13.0183
2026-06-01 16:32:00,34.12,40.9,547.98,3.19,0.0,Normal,1.0,100.675,5.3549,2.1902,3.1647,0.29788,0.06695,0.025317,0.002671,0.022646,0.002265,0.008765,12.6214
2026-06-01 16:33:00,34.05,40.67,564.28,3.05,0.0,Normal,1.0,100.675,5.3341,2.1694,3.1647,0.29687,0.06695,0.02607,0.002688,0.023381,0.002338,0.008879,12.7853
2026-06-01 16:34:00,33.83,41.22,555.78,3.08,0.0,Normal,1.0,100.675,5.2691,2.1719,3.0972,0.29373,0.06695,0.025677,0.002678,0.022999,0.0023,0.008738,12.5825
2026-06-01 16:35:00,33.9,42.04,541.13,3.3,0.0,Normal,1.0,100.675,5.2897,2.2238,3.0659,0.29473,0.06695,0.025,0.002632,0.022369,0.002237,0.008658,12.4679
2026-06-01 16:36:00,33.96,40.95,538.07,3.23,0.0,Normal,1.0,100.675,5.3074,2.1734,3.134,0.29559,0.06695,0.024859,0.002681,0.022177,0.002218,0.008642,12.4452
2026-06-01 16:37:00,33.86,42.09,556.27,3.34,0.0,Normal,1.0,100.675,5.2779,2.2215,3.0565,0.29416,0.06695,0.0257,0.002632,0.023067,0.002307,0.008842,12.7323
2026-06-01 16:38:00,33.86,41.12,565.35,2.69,0.0,Normal,1.0,100.675,5.2779,2.1703,3.1076,0.29416,0.06695,0.026119,0.002681,0.023438,0.002344,0.008657,12.4668
2026-06-01 16:39:00,33.97,41.79,544.09,3.12,0.0,Normal,1.0,100.675,5.3104,2.2192,3.0912,0.29573,0.06695,0.025137,0.002638,0.022499,0.00225,0.008624,12.4188
2026-06-01 16:40:00,33.83,41.69,544.61,3.21,0.0,Normal,1.0,100.675,5.2691,2.1967,3.0724,0.29373,0.06695,0.025161,0.002655,0.022506,0.002251,0.008656,12.4646
2026-06-01 16:41:00,33.73,43.11,549.97,2.76,0.0,Normal,1.0,100.675,5.2398,2.2589,2.9809,0.29232,0.06695,0.025409,0.002593,0.022816,0.002282,0.008426,12.1329
2026-06-01 16:42:00,33.78,42.34,522.26,2.93,0.0,Normal,1.0,100.675,5.2544,2.2247,3.0297,0.29302,0.06695,0.024128,0.002627,0.021502,0.00215,0.008222,11.8402
2026-06-01 16:43:00,33.93,42.45,547.04,2.89,0.0,Normal,1.0,100.675,5.2986,2.2492,3.0493,0.29516,0.06695,0.025273,0.002609,0.022665,0.002266,0.008511,12.2559
2026-06-01 16:44:00,33.84,41.53,545.47,3.06,0.0,Normal,1.0,100.675,5.2721,2.1895,3.0826,0.29388,0.06695,0.025201,0.002662,0.022539,0.002254,0.008598,12.3814
2026-06-01 16:45:00,33.88,41.88,570.97,3.38,0.0,Normal,1.0,100.675,5.2838,2.2129,3.071,0.29445,0.06695,0.026379,0.002641,0.023738,0.002374,0.009041,13.019
2026-06-01 16:46:00,33.93,41.12,520.86,3.46,0.0,Normal,1.0,100.675,5.2986,2.1788,3.1198,0.29516,0.06695,0.024064,0.002675,0.021389,0.002139,0.008552,12.3143
2026-06-01 16:47:00,33.77,41.91,516.8,2.89,0.0,Normal,1.0,100.675,5.2515,2.2009,3.0506,0.29288,0.06695,0.023876,0.002649,0.021227,0.002123,0.008152,11.7383
2026-06-01 16:48:00,33.94,41.53,533.22,3.15,0.0,Normal,1.0,100.675,5.3015,2.2017,3.0998,0.2953,0.06695,0.024635,0.002654,0.021981,0.002198,0.008519,12.2674
2026-06-01 16:49:00,33.88,41.42,531.11,3.16,0.0,Normal,1.0,100.675,5.2838,2.1886,3.0953,0.29445,0.06695,0.024537,0.002664,0.021873,0.002187,0.008494,12.2318
2026-06-01 16:50:00,33.64,41.81,507.27,3.12,0.0,Normal,1.0,100.675,5.2136,2.1798,3.0338,0.29105,0.06695,0.023436,0.002664,0.020772,0.002077,0.008145,11.7287
2026-06-01 16:51:00,34.03,40.58,506.52,3.12,0.0,Normal,1.0,100.675,5.3282,2.1622,3.166,0.29659,0.06695,0.023401,0.002695,0.020707,0.002071,0.008246,11.8742
2026-06-01 16:52:00,33.74,40.84,518.16,3.1,0.0,Normal,1.0,100.675,5.2427,2.1411,3.1016,0.29246,0.06695,0.023939,0.002704,0.021235,0.002123,0.008313,11.9712
2026-06-01 16:53:00,33.56,42.1,494.45,3.37,0.0,Normal,1.0,100.675,5.1903,2.1851,3.0052,0.28992,0.06695,0.022844,0.002656,0.020187,0.002019,0.008102,11.6674
2026-06-01 16:54:00,33.65,42.87,497.97,3.25,0.0,Normal,1.0,100.675,5.2165,2.2363,2.9802,0.29119,0.06695,0.023006,0.002611,0.020395,0.002039,0.008064,11.6126
2026-06-01 16:55:00,33.65,41.53,502.67,2.82,0.0,Normal,1.0,100.675,5.2165,2.1664,3.0501,0.29119,0.06695,0.023223,0.002677,0.020546,0.002055,0.007944,11.4391
2026-06-01 16:56:00,33.81,41.23,513.35,3.19,0.0,Normal,1.0,100.675,5.2632,2.17,3.0932,0.29345,0.06695,0.023717,0.002679,0.021037,0.002104,0.008302,11.9542
2026-06-01 16:57:00,33.76,43.28,486.59,3.2,0.0,Normal,1.0,100.675,5.2486,2.2716,2.977,0.29274,0.06695,0.02248,0.002582,0.019898,0.00199,0.007909,11.3896
2026-06-01 16:58:00,33.74,41.86,465.47,3.08,0.0,Normal,1.0,100.675,5.2427,2.1946,3.0481,0.29246,0.06695,0.021505,0.002654,0.018851,0.001885,0.007655,11.0235
2026-06-01 16:59:00,33.88,42.05,461.65,3.25,0.0,Normal,1.0,100.675,5.2838,2.2218,3.062,0.29445,0.06695,0.021328,0.002633,0.018695,0.00187,0.007718,11.1137
2026-06-01 17:00:00,33.84,42.37,468.52,3.05,0.0,Normal,1.0,100.675,5.2721,2.2338,3.0383,0.29388,0.06695,0.021646,0.00262,0.019025,0.001903,0.00767,11.0444
2026-06-01 17:01:00,33.83,42.4,464.95,3.05,0.0,Normal,1.0,100.675,5.2691,2.2341,3.035,0.29373,0.06695,0.021481,0.00262,0.018861,0.001886,0.007626,10.981
2026-06-01 17:02:00,33.84,41.06,478.87,3.04,0.0,Normal,1.0,100.675,5.2721,2.1647,3.1073,0.29388,0.06695,0.022124,0.002685,0.019438,0.001944,0.007834,11.2803
2026-06-01 17:03:00,33.86,41.77,461.14,2.6,0.0,Normal,1.0,100.675,5.2779,2.2046,3.0733,0.29416,0.06695,0.021305,0.002648,0.018656,0.001866,0.007353,10.5878
2026-06-01 17:04:00,33.45,42.08,465.25,2.99,0.0,Normal,1.0,100.675,5.1585,2.1707,2.9878,0.28838,0.06695,0.021495,0.002666,0.018828,0.001883,0.007552,10.8745
2026-06-01 17:05:00,33.71,43.81,461.37,2.87,0.0,Normal,1.0,100.675,5.234,2.293,2.941,0.29203,0.06695,0.021315,0.002561,0.018755,0.001875,0.007417,10.6811
2026-06-01 17:06:00,33.43,42.15,463.2,2.76,0.0,Normal,1.0,100.675,5.1527,2.1719,2.9809,0.2881,0.06695,0.0214,0.002664,0.018735,0.001874,0.007396,10.6498
2026-06-01 17:07:00,33.76,41.57,484.97,3.28,0.0,Normal,1.0,100.675,5.2486,2.1818,3.0668,0.29274,0.06695,0.022406,0.002666,0.019739,0.001974,0.008002,11.5227
2026-06-01 17:08:00,33.74,41.61,472.72,3.09,0.0,Normal,1.0,100.675,5.2427,2.1815,3.0612,0.29246,0.06695,0.02184,0.002666,0.019174,0.001917,0.007754,11.1657
2026-06-01 17:09:00,33.9,40.92,460.78,2.98,0.0,Normal,1.0,100.675,5.2897,2.1646,3.1252,0.29473,0.06695,0.021288,0.002688,0.0186,0.00186,0.007604,10.9492
2026-06-01 17:10:00,33.91,42.58,451.27,2.88,0.0,Normal,1.0,100.675,5.2927,2.2536,3.039,0.29487,0.06695,0.020849,0.002604,0.018245,0.001824,0.007377,10.6232
2026-06-01 17:11:00,33.76,43.65,448.72,3.04,0.0,Normal,1.0,100.675,5.2486,2.291,2.9576,0.29274,0.06695,0.020731,0.002564,0.018167,0.001817,0.007375,10.6194
2026-06-01 17:12:00,33.65,42.22,456.1,3.18,0.0,Normal,1.0,100.675,5.2165,2.2024,3.0141,0.29119,0.06695,0.021072,0.002643,0.018429,0.001843,0.007574,10.907
2026-06-01 17:13:00,33.79,41.32,456.54,2.81,0.0,Normal,1.0,100.675,5.2574,2.1723,3.085,0.29317,0.06695,0.021092,0.002676,0.018416,0.001842,0.007426,10.6929
2026-06-01 17:14:00,33.63,41.21,433.56,2.98,0.0,Normal,1.0,100.675,5.2107,2.1473,3.0633,0.2909,0.06695,0.02003,0.002695,0.017336,0.001734,0.007238,10.4221
2026-06-01 17:15:00,33.7,42.21,443.18,3.15,0.0,Normal,1.0,100.675,5.2311,2.208,3.023,0.29189,0.06695,0.020475,0.00264,0.017835,0.001784,0.007417,10.6809
2026-06-01 17:16:00,33.84,41.77,412.9,2.58,0.0,Normal,1.0,100.675,5.2721,2.2021,3.0699,0.29388,0.06695,0.019076,0.00265,0.016426,0.001643,0.006765,9.7415
2026-06-01 17:17:00,33.61,42.23,439.47,2.96,0.0,Normal,1.0,100.675,5.2048,2.198,3.0068,0.29062,0.06695,0.020304,0.002646,0.017658,0.001766,0.007254,10.4464
2026-06-01 17:18:00,33.8,42.2,443.6,2.88,0.0,Normal,1.0,100.675,5.2603,2.2199,3.0405,0.29331,0.06695,0.020494,0.002632,0.017862,0.001786,0.007285,10.4908
2026-06-01 17:19:00,33.78,42.38,427.05,2.93,0.0,Normal,1.0,100.675,5.2544,2.2268,3.0276,0.29302,0.06695,0.01973,0.002625,0.017105,0.001711,0.007112,10.2407
2026-06-01 17:20:00,33.52,43.04,450.95,2.86,0.0,Normal,1.0,100.675,5.1787,2.2289,2.9498,0.28936,0.06695,0.020834,0.002614,0.01822,0.001822,0.00729,10.4982
2026-06-01 17:21:00,33.81,41.87,413.39,2.98,0.0,Normal,1.0,100.675,5.2632,2.2037,3.0595,0.29345,0.06695,0.019099,0.002647,0.016451,0.001645,0.007005,10.0865
2026-06-01 17:22:00,33.76,41.54,424.33,3.34,0.0,Normal,1.0,100.675,5.2486,2.1803,3.0683,0.29274,0.06695,0.019604,0.002668,0.016936,0.001694,0.007344,10.575
2026-06-01 17:23:00,33.66,42.87,418.09,2.88,0.0,Normal,1.0,100.675,5.2194,2.2376,2.9818,0.29133,0.06695,0.019316,0.00261,0.016705,0.001671,0.006944,9.9997
2026-06-01 17:24:00,33.52,42.86,414.24,3.0,0.0,Normal,1.0,100.675,5.1787,2.2196,2.9591,0.28936,0.06695,0.019138,0.002623,0.016515,0.001652,0.006949,10.0065
2026-06-01 17:25:00,33.5,43.44,411.02,3.34,0.0,Normal,1.0,100.675,5.173,2.2471,2.9258,0.28908,0.06695,0.018989,0.002596,0.016393,0.001639,0.007074,10.1868
2026-06-01 17:26:00,33.54,43.27,410.7,2.83,0.0,Normal,1.0,100.675,5.1845,2.2433,2.9412,0.28964,0.06695,0.018974,0.002601,0.016373,0.001637,0.006799,9.7906
2026-06-01 17:27:00,33.69,41.52,416.65,3.3,0.0,Normal,1.0,100.675,5.2281,2.1707,3.0574,0.29175,0.06695,0.019249,0.002675,0.016575,0.001657,0.007224,10.4025
2026-06-01 17:28:00,33.46,42.16,419.91,2.94,0.0,Normal,1.0,100.675,5.1614,2.176,2.9854,0.28852,0.06695,0.0194,0.002661,0.016738,0.001674,0.006998,10.0766
2026-06-01 17:29:00,33.66,42.01,400.14,3.29,0.0,Normal,1.0,100.675,5.2194,2.1927,3.0267,0.29133,0.06695,0.018486,0.002653,0.015834,0.001583,0.007005,10.0876
2026-06-01 17:30:00,33.4,42.55,406.8,3.08,0.0,Normal,1.0,100.675,5.1441,2.1888,2.9553,0.28768,0.06695,0.018794,0.002647,0.016147,0.001615,0.006903,9.941
2026-06-01 17:31:00,33.55,43.23,385.71,2.99,0.0,Normal,1.0,100.675,5.1874,2.2425,2.9449,0.28978,0.06695,0.01782,0.002602,0.015218,0.001522,0.006604,9.5092
2026-06-01 17:32:00,33.59,42.88,399.89,2.91,0.0,Normal,1.0,100.675,5.199,2.2293,2.9697,0.29034,0.06695,0.018475,0.002616,0.015859,0.001586,0.00674,9.7053
2026-06-01 17:33:00,33.93,42.38,378.95,2.79,0.0,Normal,1.0,100.675,5.2986,2.2455,3.053,0.29516,0.06695,0.017507,0.002612,0.014895,0.00149,0.006485,9.3385
2026-06-01 17:34:00,33.35,43.58,397.3,2.93,0.0,Normal,1.0,100.675,5.1297,2.2355,2.8942,0.28698,0.06695,0.018355,0.002602,0.015753,0.001575,0.006664,9.5957
2026-06-01 17:35:00,33.76,42.31,406.91,3.09,0.0,Normal,1.0,100.675,5.2486,2.2207,3.0279,0.29274,0.06695,0.018799,0.00263,0.01617,0.001617,0.00697,10.037
2026-06-01 17:36:00,33.56,43.48,377.1,2.91,0.0,Normal,1.0,100.675,5.1903,2.2568,2.9336,0.28992,0.06695,0.017422,0.002589,0.014833,0.001483,0.006449,9.287
2026-06-01 17:37:00,33.58,42.96,350.68,2.84,0.0,Normal,1.0,100.675,5.1961,2.2323,2.9639,0.2902,0.06695,0.016201,0.002613,0.013589,0.001359,0.00612,8.8134
2026-06-01 17:38:00,33.53,42.87,366.12,2.85,0.0,Normal,1.0,100.675,5.1816,2.2214,2.9603,0.2895,0.06695,0.016915,0.002621,0.014294,0.001429,0.006303,9.0769
2026-06-01 17:39:00,33.57,43.61,382.76,3.1,0.0,Normal,1.0,100.675,5.1932,2.2648,2.9285,0.29006,0.06695,0.017684,0.002582,0.015101,0.00151,0.006621,9.5344
2026-06-01 17:40:00,33.47,43.06,372.05,3.14,0.0,Normal,1.0,100.675,5.1643,2.2237,2.9405,0.28866,0.06695,0.017189,0.002617,0.014572,0.001457,0.006529,9.4016
2026-06-01 17:41:00,33.7,42.17,365.55,2.76,0.0,Normal,1.0,100.675,5.2311,2.2059,3.0251,0.29189,0.06695,0.016888,0.002642,0.014247,0.001425,0.006287,9.053
2026-06-01 17:42:00,33.4,42.67,370.58,2.76,0.0,Normal,1.0,100.675,5.1441,2.195,2.9491,0.28768,0.06695,0.017121,0.002642,0.014479,0.001448,0.006291,9.0593
2026-06-01 17:43:00,33.63,42.97,361.73,2.96,0.0,Normal,1.0,100.675,5.2107,2.239,2.9716,0.2909,0.06695,0.016712,0.002608,0.014104,0.00141,0.006328,9.1124
2026-06-01 17:44:00,33.36,44.06,366.3,3.19,0.0,Normal,1.0,100.675,5.1326,2.2614,2.8712,0.28712,0.06695,0.016923,0.002578,0.014345,0.001434,0.006437,9.2697
2026-06-01 17:45:00,33.43,43.07,359.89,3.11,0.0,Normal,1.0,100.675,5.1527,2.2193,2.9335,0.2881,0.06695,0.016627,0.00262,0.014007,0.001401,0.006366,9.1673
2026-06-01 17:46:00,33.27,44.34,362.91,2.63,0.0,Normal,1.0,100.675,5.1068,2.2644,2.8425,0.28587,0.06695,0.016766,0.002572,0.014194,0.001419,0.006052,8.7153
2026-06-01 17:47:00,33.49,41.77,347.6,2.82,0.0,Normal,1.0,100.675,5.1701,2.1595,3.0105,0.28894,0.06695,0.016059,0.002678,0.013381,0.001338,0.006102,8.7868
2026-06-01 17:48:00,33.62,42.53,349.98,2.68,0.0,Normal,1.0,100.675,5.2077,2.2149,2.9929,0.29076,0.06695,0.016169,0.00263,0.013539,0.001354,0.006032,8.6854
2026-06-01 17:49:00,33.39,43.21,334.43,2.81,0.0,Normal,1.0,100.675,5.1412,2.2215,2.9197,0.28754,0.06695,0.015451,0.002616,0.012834,0.001283,0.00588,8.4677
2026-06-01 17:50:00,33.36,42.88,328.33,3.18,0.0,Normal,1.0,100.675,5.1326,2.2009,2.9318,0.28712,0.06695,0.015169,0.002635,0.012534,0.001253,0.006045,8.7046
2026-06-01 17:51:00,33.21,45.16,348.13,2.58,0.0,Normal,1.0,100.675,5.0897,2.2985,2.7912,0.28503,0.06695,0.016084,0.002539,0.013545,0.001354,0.005816,8.3746
2026-06-01 17:52:00,33.33,43.35,330.11,2.53,0.0,Normal,1.0,100.675,5.124,2.2213,2.9028,0.2867,0.06695,0.015251,0.002614,0.012637,0.001264,0.005642,8.1241
2026-06-01 17:53:00,33.11,43.75,332.62,2.69,0.0,Normal,1.0,100.675,5.0613,2.2143,2.847,0.28365,0.06695,0.015367,0.002613,0.012754,0.001275,0.005734,8.2563
2026-06-01 17:54:00,33.2,43.76,322.77,2.91,0.0,Normal,1.0,100.675,5.0869,2.226,2.8608,0.2849,0.06695,0.014912,0.002606,0.012306,0.001231,0.005764,8.3003
2026-06-01 17:55:00,33.36,42.1,312.77,2.97,0.0,Normal,1.0,100.675,5.1326,2.1608,2.9718,0.28712,0.06695,0.01445,0.002672,0.011778,0.001178,0.005765,8.3022
2026-06-01 17:56:00,33.51,42.42,315.26,2.93,0.0,Normal,1.0,100.675,5.1758,2.1956,2.9803,0.28922,0.06695,0.014565,0.002645,0.01192,0.001192,0.005775,8.3163
2026-06-01 17:57:00,33.72,42.88,325.38,3.08,0.0,Normal,1.0,100.675,5.2369,2.2456,2.9913,0.29217,0.06695,0.015033,0.002605,0.012428,0.001243,0.005995,8.6334
2026-06-01 17:58:00,33.2,43.37,313.87,2.48,0.0,Normal,1.0,100.675,5.0869,2.2062,2.8807,0.2849,0.06695,0.014501,0.002624,0.011877,0.001188,0.005402,7.7792
2026-06-01 17:59:00,33.49,42.44,289.81,3.07,0.0,Normal,1.0,100.675,5.1701,2.1942,2.9759,0.28894,0.06695,0.013389,0.002645,0.010744,0.001074,0.005568,8.0175
2026-06-01 18:00:00,33.3,44.25,300.32,2.77,0.0,Normal,1.0,100.675,5.1154,2.2636,2.8518,0.28628,0.06695,0.013875,0.002574,0.011301,0.00113,0.005412,7.7926
2026-06-01 18:01:00,33.23,44.47,315.03,2.97,0.0,Normal,1.0,100.675,5.0954,2.2659,2.8295,0.28531,0.06695,0.014554,0.00257,0.011985,0.001198,0.005689,8.1919
2026-06-01 18:02:00,33.3,43.77,293.9,2.56,0.0,Normal,1.0,100.675,5.1154,2.239,2.8764,0.28628,0.06695,0.013578,0.002597,0.010981,0.001098,0.005217,7.5128
2026-06-01 18:03:00,33.23,43.38,276.76,2.82,0.0,Normal,1.0,100.675,5.0954,2.2104,2.885,0.28531,0.06695,0.012786,0.002621,0.010165,0.001017,0.005191,7.4751
2026-06-01 18:04:00,33.23,43.53,305.75,2.86,0.0,Normal,1.0,100.675,5.0954,2.218,2.8774,0.28531,0.06695,0.014126,0.002614,0.011512,0.001151,0.005548,7.989
2026-06-01 18:05:00,33.14,43.44,291.92,3.04,0.0,Normal,1.0,100.675,5.0698,2.2023,2.8675,0.28407,0.06695,0.013487,0.002626,0.010861,0.001086,0.005494,7.9107
2026-06-01 18:06:00,32.97,43.78,282.22,2.49,0.0,Normal,1.0,100.675,5.0217,2.1985,2.8232,0.28173,0.06695,0.013039,0.002623,0.010415,0.001042,0.004998,7.1972
2026-06-01 18:07:00,32.94,43.85,276.44,2.81,0.0,Normal,1.0,100.675,5.0132,2.1983,2.8149,0.28131,0.06695,0.012772,0.002623,0.010149,0.001015,0.005133,7.3909
2026-06-01 18:08:00,33.25,43.23,285.27,2.59,0.0,Normal,1.0,100.675,5.1011,2.2052,2.8959,0.28559,0.06695,0.013179,0.002627,0.010553,0.001055,0.005147,7.411
2026-06-01 18:09:00,33.1,43.4,268.59,2.9,0.0,Normal,1.0,100.675,5.0584,2.1954,2.8631,0.28351,0.06695,0.012409,0.002631,0.009778,0.000978,0.005133,7.3917
2026-06-01 18:10:00,33.04,43.26,279.05,2.95,0.0,Normal,1.0,100.675,5.0414,2.1809,2.8605,0.28269,0.06695,0.012892,0.002642,0.01025,0.001025,0.005284,7.609
2026-06-01 18:11:00,33.11,44.12,270.82,3.05,0.0,Normal,1.0,100.675,5.0613,2.233,2.8282,0.28365,0.06695,0.012512,0.002596,0.009916,0.000992,0.005229,7.5294
2026-06-01 18:12:00,33.22,43.84,265.14,2.68,0.0,Normal,1.0,100.675,5.0926,2.2326,2.86,0.28517,0.06695,0.012249,0.0026,0.009649,0.000965,0.004947,7.1239
2026-06-01 18:13:00,33.11,45.01,261.07,2.97,0.0,Normal,1.0,100.675,5.0613,2.2781,2.7832,0.28365,0.06695,0.012061,0.002554,0.009507,0.000951,0.005034,7.2484
2026-06-01 18:14:00,32.97,43.98,255.3,3.05,0.0,Normal,1.0,100.675,5.0217,2.2085,2.8132,0.28173,0.06695,0.011795,0.002614,0.009181,0.000918,0.005041,7.2585
2026-06-01 18:15:00,33.24,43.82,261.31,2.45,0.0,Normal,1.0,100.675,5.0983,2.2341,2.8642,0.28545,0.06695,0.012073,0.002599,0.009473,0.000947,0.00475,6.8406
2026-06-01 18:16:00,33.28,43.72,243.58,2.9,0.0,Normal,1.0,100.675,5.1097,2.234,2.8757,0.28601,0.06695,0.011253,0.002601,0.008652,0.000865,0.004852,6.9869
2026-06-01 18:17:00,33.1,43.88,234.77,2.96,0.0,Normal,1.0,100.675,5.0584,2.2196,2.8388,0.28351,0.06695,0.010846,0.002608,0.008238,0.000824,0.004765,6.8615
2026-06-01 18:18:00,33.15,44.32,247.96,2.72,0.0,Normal,1.0,100.675,5.0726,2.2482,2.8244,0.2842,0.06695,0.011456,0.002583,0.008872,0.000887,0.00475,6.8395
2026-06-01 18:19:00,33.18,44.27,244.72,2.52,0.0,Normal,1.0,100.675,5.0812,2.2494,2.8317,0.28462,0.06695,0.011306,0.002583,0.008723,0.000872,0.004582,6.5986
2026-06-01 18:20:00,33.15,44.09,240.28,2.95,0.0,Normal,1.0,100.675,5.0726,2.2365,2.8361,0.2842,0.06695,0.011101,0.002594,0.008507,0.000851,0.00482,6.9401
2026-06-01 18:21:00,33.05,44.0,236.42,2.52,0.0,Normal,1.0,100.675,5.0443,2.2195,2.8248,0.28282,0.06695,0.010923,0.002607,0.008316,0.000832,0.00448,6.451
2026-06-01 18:22:00,33.04,43.99,228.04,2.72,0.0,Normal,1.0,100.675,5.0414,2.2177,2.8237,0.28269,0.06695,0.010535,0.002608,0.007928,0.000793,0.004517,6.5046
2026-06-01 18:23:00,33.01,43.46,232.3,2.74,0.0,Normal,1.0,100.675,5.033,2.1873,2.8456,0.28227,0.06695,0.010732,0.002635,0.008097,0.00081,0.004595,6.6165
2026-06-01 18:24:00,32.75,44.51,223.31,2.89,0.0,Normal,1.0,100.675,4.96,2.2077,2.7523,0.27872,0.06695,0.010317,0.002607,0.00771,0.000771,0.004528,6.5205
2026-06-01 18:25:00,33.0,43.92,217.08,2.62,0.0,Normal,1.0,100.675,5.0301,2.2092,2.8209,0.28214,0.06695,0.010029,0.002614,0.007415,0.000741,0.004319,6.2195
2026-06-01 18:26:00,32.68,44.52,214.95,2.6,0.0,Normal,1.0,100.675,4.9406,2.1995,2.741,0.27777,0.06695,0.009931,0.002613,0.007318,0.000732,0.004231,6.0928
2026-06-01 18:27:00,32.75,45.27,226.6,2.76,0.0,Normal,1.0,100.675,4.96,2.2454,2.7146,0.27872,0.06695,0.010469,0.002572,0.007897,0.00079,0.004455,6.4153
2026-06-01 18:28:00,33.04,44.9,199.37,2.93,0.0,Normal,1.0,100.675,5.0414,2.2636,2.7778,0.28269,0.06695,0.009211,0.002565,0.006646,0.000665,0.004294,6.1836
2026-06-01 18:29:00,32.96,43.87,210.09,3.19,0.0,Normal,1.0,100.675,5.0189,2.2018,2.8171,0.28159,0.06695,0.009706,0.00262,0.007086,0.000709,0.004619,6.6514
2026-06-01 18:30:00,33.04,44.36,193.39,2.42,0.0,Normal,1.0,100.675,5.0414,2.2364,2.8051,0.28269,0.06695,0.008935,0.002591,0.006344,0.000634,0.00389,5.6013
2026-06-01 18:31:00,32.76,44.35,199.66,2.78,0.0,Normal,1.0,100.675,4.9628,2.201,2.7618,0.27886,0.06695,0.009224,0.002614,0.00661,0.000661,0.004189,6.0319
2026-06-01 18:32:00,32.61,45.21,194.41,2.5,0.0,Normal,1.0,100.675,4.9211,2.2249,2.6963,0.27682,0.06695,0.008982,0.002587,0.006395,0.00064,0.003895,5.6089
2026-06-01 18:33:00,32.73,44.64,181.52,2.92,0.0,Normal,1.0,100.675,4.9545,2.2117,2.7428,0.27845,0.06695,0.008386,0.002603,0.005783,0.000578,0.004062,5.8487
2026-06-01 18:34:00,32.76,45.32,192.5,2.52,0.0,Normal,1.0,100.675,4.9628,2.2492,2.7137,0.27886,0.06695,0.008894,0.002569,0.006324,0.000632,0.003896,5.6109
2026-06-01 18:35:00,32.74,44.61,184.8,2.57,0.0,Normal,1.0,100.675,4.9573,2.2114,2.7458,0.27858,0.06695,0.008538,0.002604,0.005934,0.000593,0.003861,5.5598
2026-06-01 18:36:00,32.88,45.24,172.02,2.58,0.0,Normal,1.0,100.675,4.9964,2.2604,2.736,0.28049,0.06695,0.007947,0.002563,0.005384,0.000538,0.003711,5.344
2026-06-01 18:37:00,32.64,45.15,184.76,2.68,0.0,Normal,1.0,100.675,4.9295,2.2257,2.7038,0.27723,0.06695,0.008536,0.002587,0.005949,0.000595,0.00391,5.6309
2026-06-01 18:38:00,32.73,44.66,184.48,2.76,0.0,Normal,1.0,100.675,4.9545,2.2127,2.7418,0.27845,0.06695,0.008523,0.002602,0.005921,0.000592,0.003986,5.7402
2026-06-01 18:39:00,32.51,44.91,181.26,2.79,0.0,Normal,1.0,100.675,4.8935,2.1977,2.6958,0.27547,0.06695,0.008374,0.002608,0.005766,0.000577,0.003941,5.6746
2026-06-01 18:40:00,32.71,45.27,171.98,2.69,0.0,Normal,1.0,100.675,4.9489,2.2404,2.7085,0.27818,0.06695,0.007945,0.002576,0.00537,0.000537,0.003771,5.4305
2026-06-01 18:41:00,32.62,45.89,167.01,2.42,0.0,Normal,1.0,100.675,4.9239,2.2596,2.6643,0.27696,0.06695,0.007716,0.002555,0.005161,0.000516,0.003498,5.0378
2026-06-01 18:42:00,32.49,45.88,169.93,2.83,0.0,Normal,1.0,100.675,4.888,2.2426,2.6454,0.2752,0.06695,0.007851,0.002566,0.005285,0.000528,0.003802,5.4749
2026-06-01 18:43:00,32.55,46.9,168.12,2.67,0.0,Normal,1.0,100.675,4.9046,2.3002,2.6043,0.27601,0.06695,0.007767,0.002516,0.005252,0.000525,0.003645,5.2495
2026-06-01 18:44:00,32.54,46.44,162.0,2.91,0.0,Normal,1.0,100.675,4.9018,2.2764,2.6254,0.27588,0.06695,0.007484,0.002537,0.004947,0.000495,0.003749,5.3983
2026-06-01 18:45:00,32.51,45.49,148.97,2.53,0.0,Normal,1.0,100.675,4.8935,2.2261,2.6675,0.27547,0.06695,0.006882,0.002582,0.0043,0.00043,0.003367,4.849
2026-06-01 18:46:00,32.79,44.68,150.83,2.35,0.0,Normal,1.0,100.675,4.9712,2.2211,2.7501,0.27926,0.06695,0.006968,0.002596,0.004372,0.000437,0.003305,4.7587
2026-06-01 18:47:00,32.49,45.99,148.48,2.66,0.0,Normal,1.0,100.675,4.888,2.248,2.64,0.2752,0.06695,0.00686,0.002561,0.004299,0.00043,0.003435,4.9469
2026-06-01 18:48:00,32.45,45.32,135.4,2.92,0.0,Normal,1.0,100.675,4.877,2.2103,2.6668,0.27467,0.06695,0.006255,0.002595,0.003661,0.000366,0.003484,5.0168
2026-06-01 18:49:00,32.16,47.34,141.76,2.69,0.0,Normal,1.0,100.675,4.7979,2.2713,2.5266,0.27079,0.06695,0.006549,0.002529,0.00402,0.000402,0.003307,4.7616
2026-06-01 18:50:00,32.32,46.41,145.7,2.61,0.0,Normal,1.0,100.675,4.8414,2.2469,2.5945,0.27292,0.06695,0.006731,0.002557,0.004175,0.000417,0.003341,4.8112
2026-06-01 18:51:00,32.39,46.14,135.57,2.47,0.0,Normal,1.0,100.675,4.8606,2.2427,2.6179,0.27386,0.06695,0.006263,0.002563,0.003701,0.00037,0.003139,4.5202
2026-06-01 18:52:00,32.31,46.63,135.36,2.99,0.0,Normal,1.0,100.675,4.8387,2.2563,2.5824,0.27279,0.06695,0.006254,0.002548,0.003706,0.000371,0.003471,4.9978
2026-06-01 18:53:00,32.6,46.45,126.93,2.43,0.0,Normal,1.0,100.675,4.9184,2.2846,2.6338,0.27669,0.06695,0.005864,0.002531,0.003333,0.000333,0.003016,4.343
2026-06-01 18:54:00,32.35,46.21,122.58,2.49,0.0,Normal,1.0,100.675,4.8496,2.241,2.6086,0.27333,0.06695,0.005663,0.002563,0.0031,0.00031,0.002996,4.3146
2026-06-01 18:55:00,32.55,45.49,120.82,2.75,0.0,Normal,1.0,100.675,4.9046,2.2311,2.6735,0.27601,0.06695,0.005582,0.002579,0.003003,0.0003,0.0032,4.6079
2026-06-01 18:56:00,32.34,47.03,113.22,2.26,0.0,Normal,1.0,100.675,4.8469,2.2795,2.5674,0.27319,0.06695,0.005231,0.002527,0.002703,0.00027,0.002696,3.8823
2026-06-01 18:57:00,32.32,46.78,109.41,2.88,0.0,Normal,1.0,100.675,4.8414,2.2648,2.5766,0.27292,0.06695,0.005055,0.00254,0.002515,0.000251,0.003097,4.459
2026-06-01 18:58:00,32.28,46.11,113.42,2.75,0.0,Normal,1.0,100.675,4.8305,2.2274,2.6032,0.27239,0.06695,0.00524,0.002573,0.002667,0.000267,0.003072,4.4241
2026-06-01 18:59:00,32.27,46.33,110.23,2.8,0.0,Normal,1.0,100.675,4.8278,2.2367,2.5911,0.27226,0.06695,0.005093,0.002564,0.002528,0.000253,0.003062,4.4098
2026-06-01 19:00:00,32.51,45.78,99.42,2.72,0.0,Normal,1.0,100.675,4.8935,2.2403,2.6533,0.27547,0.06695,0.004593,0.002569,0.002024,0.000202,0.002918,4.2025
2026-06-01 19:01:00,31.88,47.62,101.94,2.58,0.0,Normal,1.0,100.675,4.7226,2.2489,2.4737,0.2671,0.06695,0.00471,0.00254,0.00217,0.000217,0.002742,3.9486
2026-06-01 19:02:00,31.91,46.52,95.41,2.39,0.0,Normal,1.0,100.675,4.7306,2.2007,2.5299,0.26749,0.06695,0.004408,0.002585,0.001823,0.000182,0.002566,3.6949
2026-06-01 19:03:00,32.11,45.86,93.2,2.57,0.0,Normal,1.0,100.675,4.7844,2.1941,2.5903,0.27013,0.06695,0.004306,0.002598,0.001708,0.000171,0.002705,3.8957
2026-06-01 19:04:00,32.17,46.08,90.08,2.4,0.0,Normal,1.0,100.675,4.8006,2.2121,2.5885,0.27093,0.06695,0.004162,0.002584,0.001578,0.000158,0.002541,3.6594
2026-06-01 19:05:00,32.25,45.81,88.0,2.69,0.0,Normal,1.0,100.675,4.8224,2.2091,2.6132,0.27199,0.06695,0.004066,0.002589,0.001477,0.000148,0.002744,3.9519
2026-06-01 19:06:00,32.2,46.15,82.24,2.75,0.0,Normal,1.0,100.675,4.8088,2.2193,2.5895,0.27132,0.06695,0.003799,0.002578,0.001222,0.000122,0.002707,3.8975
2026-06-01 19:07:00,32.05,47.33,81.95,2.88,0.0,Normal,1.0,100.675,4.7682,2.2568,2.5114,0.26934,0.06695,0.003786,0.002539,0.001248,0.000125,0.002743,3.95
2026-06-01 19:08:00,32.23,46.33,75.92,2.66,0.0,Normal,1.0,100.675,4.8169,2.2317,2.5852,0.27172,0.06695,0.003508,0.002568,0.00094,9.4e-05,0.002565,3.6933
2026-06-01 19:09:00,32.21,46.6,73.15,2.76,0.0,Normal,1.0,100.675,4.8115,2.2422,2.5693,0.27146,0.06695,0.00338,0.002557,0.000822,8.2e-05,0.002595,3.7368
2026-06-01 19:10:00,32.07,46.16,66.68,2.52,0.0,Normal,1.0,100.675,4.7736,2.2035,2.5701,0.2696,0.06695,0.003081,0.002588,0.000493,4.9e-05,0.002349,3.3824
2026-06-01 19:11:00,32.16,46.36,69.19,2.48,0.0,Normal,1.0,100.675,4.7979,2.2243,2.5736,0.27079,0.06695,0.003197,0.002572,0.000625,6.2e-05,0.002348,3.3813
2026-06-01 19:12:00,32.04,47.33,62.43,2.66,0.0,Normal,1.0,100.675,4.7655,2.2555,2.51,0.2692,0.06695,0.002884,0.002539,0.000345,3.4e-05,0.002364,3.4039
2026-06-01 19:13:00,31.89,47.75,59.39,2.49,0.0,Normal,1.0,100.675,4.7253,2.2563,2.469,0.26723,0.06695,0.002744,0.002534,0.00021,2.1e-05,0.002183,3.143
2026-06-01 19:14:00,32.05,46.49,52.09,2.61,0.0,Normal,1.0,100.675,4.7682,2.2167,2.5515,0.26934,0.06695,0.002407,0.002575,-0.000169,-8.4e-05,0.002254,3.2461
2026-06-01 19:15:00,31.94,47.33,50.05,2.34,0.0,Normal,1.0,100.675,4.7387,2.2428,2.4959,0.26789,0.06695,0.002312,0.002548,-0.000235,-0.000118,0.002004,2.8861
2026-06-01 19:16:00,31.91,48.66,49.68,2.38,0.0,Normal,1.0,100.675,4.7306,2.3019,2.4287,0.26749,0.06695,0.002295,0.002493,-0.000198,-9.9e-05,0.001986,2.8601
2026-06-01 19:17:00,32.1,46.78,44.86,2.67,0.0,Normal,1.0,100.675,4.7817,2.2369,2.5448,0.27,0.06695,0.002073,0.002558,-0.000486,-0.000243,0.002244,3.232
2026-06-01 19:18:00,31.49,48.07,38.7,2.72,0.0,Normal,1.0,100.675,4.6194,2.2206,2.3989,0.26202,0.06695,0.001788,0.002553,-0.000765,-0.000382,0.002159,3.1086
2026-06-01 19:19:00,31.62,48.02,38.81,2.34,0.0,Normal,1.0,100.675,4.6536,2.2347,2.419,0.2637,0.06695,0.001793,0.002544,-0.000751,-0.000376,0.001893,2.7258
2026-06-01 19:20:00,31.64,48.15,33.66,2.67,0.0,Normal,1.0,100.675,4.6589,2.2433,2.4156,0.26396,0.06695,0.001555,0.002537,-0.000982,-0.000491,0.002097,3.019
2026-06-01 19:21:00,31.74,47.72,32.1,2.43,0.0,Normal,1.0,100.675,4.6854,2.2359,2.4495,0.26527,0.06695,0.001483,0.002547,-0.001064,-0.000532,0.001932,2.7825
2026-06-01 19:22:00,31.73,47.81,27.31,2.53,0.0,Normal,1.0,100.675,4.6827,2.2388,2.4439,0.26514,0.06695,0.001262,0.002544,-0.001283,-0.000641,0.001972,2.8393
2026-06-01 19:23:00,31.52,47.55,24.1,2.81,0.0,Normal,1.0,100.675,4.6273,2.2003,2.427,0.26241,0.06695,0.001113,0.002572,-0.001459,-0.00073,0.002152,3.0992
2026-06-01 19:24:00,31.57,47.69,21.26,2.68,0.0,Normal,1.0,100.675,4.6405,2.213,2.4274,0.26306,0.06695,0.000982,0.002562,-0.00158,-0.00079,0.002038,2.9353
2026-06-01 19:25:00,31.57,48.19,16.65,2.68,0.0,Normal,1.0,100.675,4.6405,2.2362,2.4042,0.26306,0.06695,0.000769,0.002541,-0.001772,-0.000886,0.001991,2.8664
2026-06-01 19:26:00,32.04,46.86,13.28,2.89,0.0,Normal,1.0,100.675,4.7655,2.2331,2.5324,0.2692,0.06695,0.000614,0.00256,-0.001946,-0.000973,0.002198,3.1658
2026-06-01 19:27:00,31.92,46.96,10.21,2.37,0.0,Normal,1.0,100.675,4.7333,2.2228,2.5106,0.26762,0.06695,0.000472,0.002565,-0.002094,-0.001047,0.001779,2.5623
2026-06-01 19:28:00,31.56,48.18,7.02,2.31,0.0,Normal,1.0,100.675,4.6378,2.2345,2.4033,0.26293,0.06695,0.000324,0.002543,-0.002218,-0.001109,0.001657,2.3855
2026-06-01 19:29:00,31.55,48.37,3.29,2.36,0.0,Normal,1.0,100.675,4.6352,2.242,2.3932,0.2628,0.06695,0.000152,0.002535,-0.002383,-0.001192,0.001663,2.3953
2026-06-01 19:30:00,31.41,49.26,0.0,2.45,0.0,Normal,1.0,100.675,4.5985,2.2652,2.3333,0.26099,0.06695,0.0,0.00251,-0.00251,-0.001255,0.001672,2.4081
2026-06-01 19:31:00,31.27,49.05,0.0,2.02,0.0,Normal,1.0,100.675,4.5621,2.2377,2.3244,0.25919,0.06695,0.0,0.00253,-0.00253,-0.001265,0.001353,1.9477
2026-06-01 19:32:00,31.51,48.67,0.0,2.45,0.0,Normal,1.0,100.675,4.6247,2.2508,2.3739,0.26228,0.06695,0.0,0.002526,-0.002526,-0.001263,0.001697,2.4438
2026-06-01 19:33:00,31.36,48.55,0.0,2.38,0.0,Normal,1.0,100.675,4.5855,2.2263,2.3592,0.26035,0.06695,0.0,0.002543,-0.002543,-0.001272,0.001643,2.3652
2026-06-01 19:34:00,31.47,48.9,0.0,2.64,0.0,Normal,1.0,100.675,4.6142,2.2563,2.3579,0.26176,0.06695,0.0,0.00252,-0.00252,-0.00126,0.001825,2.6278
2026-06-01 19:35:00,31.22,49.48,0.0,2.55,0.0,Normal,1.0,100.675,4.5492,2.2509,2.2982,0.25855,0.06695,0.0,0.002516,-0.002516,-0.001258,0.001728,2.4877
2026-06-01 19:36:00,31.32,49.5,0.0,2.35,0.0,Normal,1.0,100.675,4.5751,2.2647,2.3104,0.25983,0.06695,0.0,0.002507,-0.002507,-0.001254,0.001588,2.286
2026-06-01 19:37:00,31.43,49.1,0.0,2.59,0.0,Normal,1.0,100.675,4.6037,2.2604,2.3433,0.26125,0.06695,0.0,0.002515,-0.002515,-0.001257,0.00178,2.5629
2026-06-01 19:38:00,31.44,49.0,0.0,2.61,0.0,Normal,1.0,100.675,4.6064,2.2571,2.3492,0.26138,0.06695,0.0,0.002518,-0.002518,-0.001259,0.001798,2.5894
2026-06-01 19:39:00,31.42,48.64,0.0,2.31,0.0,Normal,1.0,100.675,4.6011,2.238,2.3631,0.26112,0.06695,0.0,0.002535,-0.002535,-0.001267,0.00159,2.2899
2026-06-01 19:40:00,31.13,49.64,0.0,2.36,0.0,Normal,1.0,100.675,4.5259,2.2467,2.2793,0.25741,0.06695,0.0,0.002517,-0.002517,-0.001259,0.001582,2.2777
2026-06-01 19:41:00,31.43,49.29,0.0,2.01,0.0,Normal,1.0,100.675,4.6037,2.2692,2.3346,0.26125,0.06695,0.0,0.002507,-0.002507,-0.001253,0.001344,1.9361
2026-06-01 19:42:00,31.16,49.02,0.0,2.23,0.0,Normal,1.0,100.675,4.5337,2.2224,2.3113,0.25779,0.06695,0.0,0.00254,-0.00254,-0.00127,0.001507,2.1706
2026-06-01 19:43:00,31.35,48.51,0.0,2.3,0.0,Normal,1.0,100.675,4.5829,2.2232,2.3597,0.26022,0.06695,0.0,0.002546,-0.002546,-0.001273,0.001584,2.2807
2026-06-01 19:44:00,31.23,49.33,0.0,2.46,0.0,Normal,1.0,100.675,4.5518,2.2454,2.3064,0.25868,0.06695,0.0,0.002522,-0.002522,-0.001261,0.001669,2.4031
2026-06-01 19:45:00,31.0,50.12,0.0,2.25,0.0,Normal,1.0,100.675,4.4926,2.2517,2.2409,0.25576,0.06695,0.0,0.002508,-0.002508,-0.001254,0.001481,2.133
2026-06-01 19:46:00,31.13,49.0,0.0,2.33,0.0,Normal,1.0,100.675,4.5259,2.2177,2.3082,0.25741,0.06695,0.0,0.002543,-0.002543,-0.001272,0.001581,2.2761
2026-06-01 19:47:00,31.21,49.24,0.0,2.19,0.0,Normal,1.0,100.675,4.5466,2.2387,2.3078,0.25843,0.06695,0.0,0.002527,-0.002527,-0.001264,0.001473,2.1211
2026-06-01 19:48:00,31.22,49.2,0.0,2.46,0.0,Normal,1.0,100.675,4.5492,2.2382,2.311,0.25855,0.06695,0.0,0.002528,-0.002528,-0.001264,0.001673,2.4088
2026-06-01 19:49:00,31.08,48.31,0.0,2.51,0.0,Normal,1.0,100.675,4.5131,2.1803,2.3328,0.25677,0.06695,0.0,0.002576,-0.002576,-0.001288,0.001733,2.4957
2026-06-01 19:50:00,31.3,48.88,0.0,2.5,0.0,Normal,1.0,100.675,4.5699,2.2338,2.3361,0.25958,0.06695,0.0,0.002535,-0.002535,-0.001267,0.001716,2.4718
2026-06-01 19:51:00,31.2,49.21,0.0,2.42,0.0,Normal,1.0,100.675,4.544,2.2361,2.3079,0.2583,0.06695,0.0,0.002529,-0.002529,-0.001265,0.001643,2.3653
2026-06-01 19:52:00,30.98,49.81,0.0,2.1,0.0,Normal,1.0,100.675,4.4875,2.2352,2.2523,0.2555,0.06695,0.0,0.002523,-0.002523,-0.001261,0.00138,1.987
2026-06-01 19:53:00,31.11,50.41,0.0,2.28,0.0,Normal,1.0,100.675,4.5208,2.2789,2.2419,0.25715,0.06695,0.0,0.002487,-0.002487,-0.001244,0.001498,2.1578
2026-06-01 19:54:00,31.26,48.41,0.0,2.32,0.0,Normal,1.0,100.675,4.5595,2.2073,2.3523,0.25906,0.06695,0.0,0.002557,-0.002557,-0.001279,0.001598,2.3011
2026-06-01 19:55:00,31.23,48.71,0.0,2.32,0.0,Normal,1.0,100.675,4.5518,2.2172,2.3346,0.25868,0.06695,0.0,0.002547,-0.002547,-0.001274,0.001587,2.2853
2026-06-01 19:56:00,30.73,49.04,0.0,2.41,0.0,Normal,1.0,100.675,4.424,2.1695,2.2545,0.25236,0.06695,0.0,0.002574,-0.002574,-0.001287,0.00162,2.3323
2026-06-01 19:57:00,30.75,50.27,0.0,2.68,0.0,Normal,1.0,100.675,4.429,2.2265,2.2026,0.25261,0.06695,0.0,0.002523,-0.002523,-0.001261,0.001767,2.5439
2026-06-01 19:58:00,31.08,49.39,0.0,2.55,0.0,Normal,1.0,100.675,4.5131,2.229,2.2841,0.25677,0.06695,0.0,0.002532,-0.002532,-0.001266,0.001724,2.4826
2026-06-01 19:59:00,30.67,50.46,0.0,2.19,0.0,Normal,1.0,100.675,4.4089,2.2247,2.1842,0.25161,0.06695,0.0,0.002522,-0.002522,-0.001261,0.001414,2.0359
2026-06-01 20:00:00,30.61,51.61,0.0,2.52,0.0,Normal,1.0,100.675,4.3938,2.2676,2.1262,0.25086,0.06695,0.0,0.002481,-0.002481,-0.001241,0.001604,2.3091
2026-06-01 20:01:00,30.7,51.19,0.0,2.5,0.0,Normal,1.0,100.675,4.4164,2.2608,2.1557,0.25198,0.06695,0.0,0.00249,-0.00249,-0.001245,0.001609,2.3164
2026-06-01 20:02:00,30.81,50.42,0.0,2.21,0.0,Normal,1.0,100.675,4.4442,2.2408,2.2034,0.25336,0.06695,0.0,0.002512,-0.002512,-0.001256,0.001435,2.0667
2026-06-01 20:03:00,30.71,50.45,0.0,2.54,0.0,Normal,1.0,100.675,4.4189,2.2294,2.1896,0.25211,0.06695,0.0,0.002519,-0.002519,-0.001259,0.001662,2.3937
2026-06-01 20:04:00,30.6,51.59,0.0,2.33,0.0,Normal,1.0,100.675,4.3913,2.2655,2.1258,0.25074,0.06695,0.0,0.002483,-0.002483,-0.001241,0.001474,2.123
2026-06-01 20:05:00,30.57,51.05,0.0,2.08,0.0,Normal,1.0,100.675,4.3838,2.2379,2.1459,0.25036,0.06695,0.0,0.002507,-0.002507,-0.001253,0.001314,1.8915
2026-06-01 20:06:00,30.53,50.66,0.0,2.45,0.0,Normal,1.0,100.675,4.3738,2.2158,2.158,0.24987,0.06695,0.0,0.002525,-0.002525,-0.001263,0.001585,2.2819
2026-06-01 20:07:00,30.48,50.27,0.0,2.4,0.0,Normal,1.0,100.675,4.3613,2.1924,2.1689,0.24925,0.06695,0.0,0.002545,-0.002545,-0.001272,0.001561,2.2474
2026-06-01 20:08:00,30.93,49.8,0.0,2.3,0.0,Normal,1.0,100.675,4.4747,2.2284,2.2463,0.25487,0.06695,0.0,0.002527,-0.002527,-0.001264,0.001524,2.1952
2026-06-01 20:09:00,30.6,51.42,0.0,2.34,0.0,Normal,1.0,100.675,4.3913,2.258,2.1333,0.25074,0.06695,0.0,0.00249,-0.00249,-0.001245,0.001487,2.1408
2026-06-01 20:10:00,30.66,52.17,0.0,2.2,0.0,Normal,1.0,100.675,4.4064,2.2988,2.1076,0.25148,0.06695,0.0,0.002455,-0.002455,-0.001228,0.001369,1.9711
2026-06-01 20:11:00,30.43,51.49,0.0,2.46,0.0,Normal,1.0,100.675,4.3488,2.2392,2.1096,0.24863,0.06695,0.0,0.002501,-0.002501,-0.00125,0.001559,2.2449
2026-06-01 20:12:00,30.44,50.95,0.0,2.32,0.0,Normal,1.0,100.675,4.3513,2.217,2.1343,0.24875,0.06695,0.0,0.002521,-0.002521,-0.001261,0.001481,2.1327
2026-06-01 20:13:00,30.33,50.99,0.0,2.36,0.0,Normal,1.0,100.675,4.324,2.2048,2.1192,0.2474,0.06695,0.0,0.002528,-0.002528,-0.001264,0.001503,2.164
2026-06-01 20:14:00,30.02,52.92,0.0,2.4,0.0,Normal,1.0,100.675,4.2479,2.248,1.9999,0.24361,0.06695,0.0,0.002479,-0.002479,-0.00124,0.001453,2.0928
2026-06-01 20:15:00,30.18,51.08,0.0,2.09,0.0,Normal,1.0,100.675,4.2871,2.1898,2.0972,0.24556,0.06695,0.0,0.002537,-0.002537,-0.001268,0.001305,1.8788
2026-06-01 20:16:00,30.08,52.73,0.0,2.14,0.0,Normal,1.0,100.675,4.2626,2.2477,2.0149,0.24434,0.06695,0.0,0.002482,-0.002482,-0.001241,0.001288,1.8547
2026-06-01 20:17:00,29.99,53.16,0.0,1.87,0.0,Normal,1.0,100.675,4.2406,2.2543,1.9863,0.24324,0.06695,0.0,0.002473,-0.002473,-0.001236,0.001087,1.5652
2026-06-01 20:18:00,30.12,52.57,0.0,2.42,0.0,Normal,1.0,100.675,4.2724,2.246,2.0264,0.24482,0.06695,0.0,0.002485,-0.002485,-0.001242,0.001482,2.1346
2026-06-01 20:19:00,30.47,51.2,0.0,2.06,0.0,Normal,1.0,100.675,4.3588,2.2317,2.1271,0.24912,0.06695,0.0,0.002509,-0.002509,-0.001254,0.001291,1.8592
2026-06-01 20:20:00,30.23,52.33,0.0,2.33,0.0,Normal,1.0,100.675,4.2994,2.2499,2.0495,0.24617,0.06695,0.0,0.002485,-0.002485,-0.001242,0.001435,2.0663
2026-06-01 20:21:00,30.4,51.62,0.0,2.37,0.0,Normal,1.0,100.675,4.3414,2.241,2.1004,0.24826,0.06695,0.0,0.002498,-0.002498,-0.001249,0.001492,2.1487
2026-06-01 20:22:00,30.24,51.49,0.0,2.41,0.0,Normal,1.0,100.675,4.3018,2.215,2.0868,0.24629,0.06695,0.0,0.002516,-0.002516,-0.001258,0.001517,2.184
2026-06-01 20:23:00,30.27,53.0,0.0,2.05,0.0,Normal,1.0,100.675,4.3092,2.2839,2.0253,0.24666,0.06695,0.0,0.002456,-0.002456,-0.001228,0.001226,1.7653
2026-06-01 20:24:00,29.99,52.46,0.0,2.27,0.0,Normal,1.0,100.675,4.2406,2.2246,2.016,0.24324,0.06695,0.0,0.002499,-0.002499,-0.00125,0.00138,1.9879
2026-06-01 20:25:00,30.17,52.63,0.0,2.62,0.0,Normal,1.0,100.675,4.2846,2.255,2.0296,0.24543,0.06695,0.0,0.002478,-0.002478,-0.001239,0.001613,2.3227
2026-06-01 20:26:00,30.17,50.71,0.0,2.62,0.0,Normal,1.0,100.675,4.2846,2.1727,2.1119,0.24543,0.06695,0.0,0.002552,-0.002552,-0.001276,0.001682,2.422
2026-06-01 20:27:00,29.95,53.55,0.0,2.47,0.0,Normal,1.0,100.675,4.2309,2.2657,1.9653,0.24276,0.06695,0.0,0.002462,-0.002462,-0.001231,0.001475,2.1235
2026-06-01 20:28:00,30.09,53.27,0.0,2.34,0.0,Normal,1.0,100.675,4.265,2.272,1.993,0.24446,0.06695,0.0,0.00246,-0.00246,-0.00123,0.001406,2.024
2026-06-01 20:29:00,30.06,52.49,0.0,2.07,0.0,Normal,1.0,100.675,4.2577,2.2349,2.0228,0.24409,0.06695,0.0,0.002493,-0.002493,-0.001246,0.001246,1.7944
2026-06-01 20:30:00,29.86,53.36,0.0,2.41,0.0,Normal,1.0,100.675,4.2091,2.246,1.9631,0.24167,0.06695,0.0,0.002476,-0.002476,-0.001238,0.001439,2.0715
2026-06-01 20:31:00,29.74,53.68,0.0,2.23,0.0,Normal,1.0,100.675,4.1802,2.2439,1.9363,0.24022,0.06695,0.0,0.002474,-0.002474,-0.001237,0.001306,1.8812
2026-06-01 20:32:00,29.7,53.07,0.0,2.37,0.0,Normal,1.0,100.675,4.1706,2.2133,1.9573,0.23974,0.06695,0.0,0.0025,-0.0025,-0.00125,0.001415,2.038
2026-06-01 20:33:00,29.87,53.34,0.0,2.12,0.0,Normal,1.0,100.675,4.2115,2.2464,1.9651,0.24179,0.06695,0.0,0.002476,-0.002476,-0.001238,0.001249,1.798
2026-06-01 20:34:00,29.87,52.51,0.0,2.21,0.0,Normal,1.0,100.675,4.2115,2.2115,2.0001,0.24179,0.06695,0.0,0.002507,-0.002507,-0.001254,0.001334,1.9205
2026-06-01 20:35:00,29.67,53.18,0.0,2.28,0.0,Normal,1.0,100.675,4.1634,2.2141,1.9493,0.23938,0.06695,0.0,0.002498,-0.002498,-0.001249,0.001352,1.9465
2026-06-01 20:36:00,29.76,53.96,0.0,2.29,0.0,Normal,1.0,100.675,4.185,2.2582,1.9268,0.24046,0.06695,0.0,0.002462,-0.002462,-0.001231,0.001338,1.9261
2026-06-01 20:37:00,29.82,53.73,0.0,2.33,0.0,Normal,1.0,100.675,4.1995,2.2564,1.9431,0.24119,0.06695,0.0,0.002466,-0.002466,-0.001233,0.001373,1.9773
2026-06-01 20:38:00,29.79,52.79,0.0,2.12,0.0,Normal,1.0,100.675,4.1922,2.2131,1.9791,0.24082,0.06695,0.0,0.002503,-0.002503,-0.001252,0.001261,1.8165
2026-06-01 20:39:00,29.9,52.47,0.0,1.96,0.0,Normal,1.0,100.675,4.2188,2.2136,2.0052,0.24215,0.06695,0.0,0.002506,-0.002506,-0.001253,0.001164,1.6768
2026-06-01 20:40:00,29.83,52.72,0.0,2.55,0.0,Normal,1.0,100.675,4.2019,2.2152,1.9866,0.24131,0.06695,0.0,0.002502,-0.002502,-0.001251,0.001549,2.2308
2026-06-01 20:41:00,29.46,54.58,0.0,2.72,0.0,Normal,1.0,100.675,4.1134,2.2451,1.8683,0.23688,0.06695,0.0,0.002464,-0.002464,-0.001232,0.001571,2.2623
2026-06-01 20:42:00,29.83,52.51,0.0,2.31,0.0,Normal,1.0,100.675,4.2019,2.2064,1.9955,0.24131,0.06695,0.0,0.00251,-0.00251,-0.001255,0.001399,2.0147
2026-06-01 20:43:00,29.46,54.34,0.0,1.95,0.0,Normal,1.0,100.675,4.1134,2.2352,1.8782,0.23688,0.06695,0.0,0.002473,-0.002473,-0.001236,0.001093,1.5732
2026-06-01 20:44:00,29.67,54.0,0.0,2.05,0.0,Normal,1.0,100.675,4.1634,2.2482,1.9152,0.23938,0.06695,0.0,0.002468,-0.002468,-0.001234,0.001176,1.693
2026-06-01 20:45:00,29.49,53.99,0.0,2.31,0.0,Normal,1.0,100.675,4.1205,2.2247,1.8958,0.23724,0.06695,0.0,0.002483,-0.002483,-0.001241,0.001339,1.9275
2026-06-01 20:46:00,29.39,54.94,0.0,2.47,0.0,Normal,1.0,100.675,4.0968,2.2508,1.846,0.23605,0.06695,0.0,0.002456,-0.002456,-0.001228,0.001404,2.0213
2026-06-01 20:47:00,29.15,54.82,0.0,1.95,0.0,Normal,1.0,100.675,4.0405,2.215,1.8255,0.23323,0.06695,0.0,0.00248,-0.00248,-0.00124,0.001069,1.5396
2026-06-01 20:48:00,29.36,54.28,0.0,2.17,0.0,Normal,1.0,100.675,4.0898,2.2199,1.8698,0.2357,0.06695,0.0,0.002483,-0.002483,-0.001241,0.001235,1.7779
2026-06-01 20:49:00,29.12,54.49,0.0,2.23,0.0,Normal,1.0,100.675,4.0335,2.1979,1.8357,0.23288,0.06695,0.0,0.002494,-0.002494,-0.001247,0.001258,1.8109
2026-06-01 20:50:00,29.47,54.72,0.0,2.36,0.0,Normal,1.0,100.675,4.1158,2.2521,1.8636,0.237,0.06695,0.0,0.002458,-0.002458,-0.001229,0.001346,1.9385
2026-06-01 20:51:00,29.52,53.51,0.0,2.11,0.0,Normal,1.0,100.675,4.1276,2.2087,1.9189,0.23759,0.06695,0.0,0.002498,-0.002498,-0.001249,0.001224,1.7623
2026-06-01 20:52:00,29.14,55.23,0.0,1.86,0.0,Normal,1.0,100.675,4.0382,2.2303,1.8079,0.23311,0.06695,0.0,0.002466,-0.002466,-0.001233,0.000999,1.4392
2026-06-01 20:53:00,29.27,54.61,0.0,2.3,0.0,Normal,1.0,100.675,4.0686,2.2219,1.8467,0.23464,0.06695,0.0,0.002478,-0.002478,-0.001239,0.001304,1.8777
2026-06-01 20:54:00,29.09,54.54,0.0,2.39,0.0,Normal,1.0,100.675,4.0266,2.1961,1.8305,0.23253,0.06695,0.0,0.002495,-0.002495,-0.001248,0.001355,1.9513
2026-06-01 20:55:00,29.07,54.85,0.0,2.15,0.0,Normal,1.0,100.675,4.0219,2.206,1.8159,0.23229,0.06695,0.0,0.002486,-0.002486,-0.001243,0.001194,1.7197
2026-06-01 20:56:00,29.25,55.55,0.0,2.24,0.0,Normal,1.0,100.675,4.0639,2.2575,1.8064,0.2344,0.06695,0.0,0.002446,-0.002446,-0.001223,0.001237,1.7809
2026-06-01 20:57:00,29.09,55.27,0.0,2.06,0.0,Normal,1.0,100.675,4.0266,2.2255,1.8011,0.23253,0.06695,0.0,0.002469,-0.002469,-0.001235,0.001126,1.6212
2026-06-01 20:58:00,29.33,53.9,0.0,1.99,0.0,Normal,1.0,100.675,4.0827,2.2006,1.8821,0.23534,0.06695,0.0,0.002499,-0.002499,-0.00125,0.001126,1.6219
2026-06-01 20:59:00,28.96,55.7,0.0,2.36,0.0,Normal,1.0,100.675,3.9964,2.226,1.7704,0.23101,0.06695,0.0,0.002464,-0.002464,-0.001232,0.001294,1.8636
2026-06-01 21:00:00,29.15,54.9,0.0,2.22,0.0,Normal,1.0,100.675,4.0405,2.2183,1.8223,0.23323,0.06695,0.0,0.002477,-0.002477,-0.001239,0.00124,1.7857
2026-06-01 21:01:00,28.98,57.53,0.0,2.24,0.0,Normal,1.0,100.675,4.0011,2.3018,1.6992,0.23124,0.06695,0.0,0.002399,-0.002399,-0.001199,0.001166,1.6794
2026-06-01 21:02:00,29.06,55.43,0.0,2.44,0.0,Normal,1.0,100.675,4.0196,2.2281,1.7915,0.23217,0.06695,0.0,0.002466,-0.002466,-0.001233,0.001355,1.9516
2026-06-01 21:03:00,28.84,55.64,0.0,1.92,0.0,Normal,1.0,100.675,3.9688,2.2082,1.7606,0.22962,0.06695,0.0,0.002476,-0.002476,-0.001238,0.001018,1.4658
2026-06-01 21:04:00,28.86,56.64,0.0,2.02,0.0,Normal,1.0,100.675,3.9734,2.2505,1.7229,0.22985,0.06695,0.0,0.00244,-0.00244,-0.00122,0.001055,1.519
2026-06-01 21:05:00,28.82,54.8,0.0,2.16,0.0,Normal,1.0,100.675,3.9642,2.1724,1.7918,0.22939,0.06695,0.0,0.002507,-0.002507,-0.001254,0.001193,1.7175
2026-06-01 21:06:00,28.68,56.36,0.0,2.01,0.0,Normal,1.0,100.675,3.9322,2.2162,1.716,0.22778,0.06695,0.0,0.002464,-0.002464,-0.001232,0.00105,1.5121
2026-06-01 21:07:00,28.87,56.96,0.0,2.28,0.0,Normal,1.0,100.675,3.9757,2.2645,1.7111,0.22997,0.06695,0.0,0.002428,-0.002428,-0.001214,0.001203,1.7326
2026-06-01 21:08:00,28.84,55.8,0.0,2.08,0.0,Normal,1.0,100.675,3.9688,2.2146,1.7542,0.22962,0.06695,0.0,0.00247,-0.00247,-0.001235,0.001115,1.6051
2026-06-01 21:09:00,28.8,54.94,0.0,1.91,0.0,Normal,1.0,100.675,3.9596,2.1754,1.7842,0.22916,0.06695,0.0,0.002504,-0.002504,-0.001252,0.001028,1.4805
2026-06-01 21:10:00,28.9,55.44,0.0,2.12,0.0,Normal,1.0,100.675,3.9826,2.2079,1.7746,0.23031,0.06695,0.0,0.002478,-0.002478,-0.001239,0.001152,1.6589
2026-06-01 21:11:00,28.86,56.68,0.0,2.14,0.0,Normal,1.0,100.675,3.9734,2.2521,1.7213,0.22985,0.06695,0.0,0.002438,-0.002438,-0.001219,0.001127,1.6232
2026-06-01 21:12:00,28.55,56.89,0.0,2.29,0.0,Normal,1.0,100.675,3.9027,2.2202,1.6824,0.22629,0.06695,0.0,0.002456,-0.002456,-0.001228,0.001199,1.7266
2026-06-01 21:13:00,28.63,55.94,0.0,2.18,0.0,Normal,1.0,100.675,3.9208,2.1933,1.7275,0.2272,0.06695,0.0,0.002482,-0.002482,-0.001241,0.001165,1.6772
2026-06-01 21:14:00,28.45,56.54,0.0,2.19,0.0,Normal,1.0,100.675,3.8801,2.1938,1.6863,0.22515,0.06695,0.0,0.002476,-0.002476,-0.001238,0.001147,1.651
2026-06-01 21:15:00,28.51,56.44,0.0,2.15,0.0,Normal,1.0,100.675,3.8936,2.1976,1.6961,0.22583,0.06695,0.0,0.002475,-0.002475,-0.001237,0.001128,1.6237
2026-06-01 21:16:00,28.38,57.35,0.0,2.05,0.0,Normal,1.0,100.675,3.8644,2.2162,1.6482,0.22435,0.06695,0.0,0.002454,-0.002454,-0.001227,0.001037,1.4935
2026-06-01 21:17:00,28.68,57.1,0.0,1.94,0.0,Normal,1.0,100.675,3.9322,2.2453,1.6869,0.22778,0.06695,0.0,0.002438,-0.002438,-0.001219,0.000987,1.4216
2026-06-01 21:18:00,28.46,57.55,0.0,2.14,0.0,Normal,1.0,100.675,3.8824,2.2343,1.6481,0.22526,0.06695,0.0,0.002441,-0.002441,-0.00122,0.001088,1.5664
2026-06-01 21:19:00,28.34,57.53,0.0,2.01,0.0,Normal,1.0,100.675,3.8554,2.218,1.6374,0.2239,0.06695,0.0,0.002451,-0.002451,-0.001226,0.001007,1.45
2026-06-01 21:20:00,28.52,55.96,0.0,2.41,0.0,Normal,1.0,100.675,3.8959,2.1801,1.7158,0.22595,0.06695,0.0,0.00249,-0.00249,-0.001245,0.001298,1.8691
2026-06-01 21:21:00,27.98,57.46,0.0,2.34,0.0,Normal,1.0,100.675,3.7755,2.1694,1.6061,0.21986,0.06695,0.0,0.002482,-0.002482,-0.001241,0.001189,1.7115
2026-06-01 21:22:00,27.97,58.6,0.0,2.19,0.0,Normal,1.0,100.675,3.7733,2.2112,1.5622,0.21975,0.06695,0.0,0.002445,-0.002445,-0.001223,0.001069,1.539
2026-06-01 21:23:00,28.35,56.4,0.0,2.14,0.0,Normal,1.0,100.675,3.8576,2.1757,1.6819,0.22401,0.06695,0.0,0.002489,-0.002489,-0.001244,0.001117,1.6083
2026-06-01 21:24:00,28.21,57.47,0.0,2.04,0.0,Normal,1.0,100.675,3.8264,2.199,1.6274,0.22243,0.06695,0.0,0.002464,-0.002464,-0.001232,0.001022,1.4718
2026-06-01 21:25:00,28.2,57.81,0.0,1.8,0.0,Normal,1.0,100.675,3.8242,2.2108,1.6134,0.22232,0.06695,0.0,0.002453,-0.002453,-0.001226,0.000869,1.2507
2026-06-01 21:26:00,27.93,57.7,0.0,2.01,0.0,Normal,1.0,100.675,3.7646,2.1721,1.5924,0.2193,0.06695,0.0,0.002478,-0.002478,-0.001239,0.000989,1.4237
2026-06-01 21:27:00,28.09,57.32,0.0,2.07,0.0,Normal,1.0,100.675,3.7998,2.178,1.6217,0.22109,0.06695,0.0,0.002478,-0.002478,-0.001239,0.00104,1.4975
2026-06-01 21:28:00,28.36,57.13,0.0,2.09,0.0,Normal,1.0,100.675,3.8599,2.2052,1.6547,0.22413,0.06695,0.0,0.002463,-0.002463,-0.001232,0.001066,1.5358
2026-06-01 21:29:00,28.15,58.07,0.0,2.13,0.0,Normal,1.0,100.675,3.8131,2.2142,1.5988,0.22176,0.06695,0.0,0.002448,-0.002448,-0.001224,0.001056,1.5208
2026-06-01 21:30:00,28.02,58.78,0.0,2.22,0.0,Normal,1.0,100.675,3.7843,2.2244,1.5599,0.2203,0.06695,0.0,0.002435,-0.002435,-0.001218,0.001082,1.5582
2026-06-01 21:31:00,27.89,58.85,0.0,1.89,0.0,Normal,1.0,100.675,3.7558,2.2103,1.5455,0.21886,0.06695,0.0,0.002443,-0.002443,-0.001222,0.000887,1.2774
2026-06-01 21:32:00,27.86,58.61,0.0,1.89,0.0,Normal,1.0,100.675,3.7492,2.1974,1.5518,0.21852,0.06695,0.0,0.002454,-0.002454,-0.001227,0.000892,1.2848
2026-06-01 21:33:00,27.57,58.94,0.0,2.31,0.0,Normal,1.0,100.675,3.6863,2.1727,1.5136,0.21533,0.06695,0.0,0.002466,-0.002466,-0.001233,0.001111,1.5995
2026-06-01 21:34:00,27.89,57.85,0.0,2.18,0.0,Normal,1.0,100.675,3.7558,2.1727,1.5831,0.21886,0.06695,0.0,0.002476,-0.002476,-0.001238,0.001082,1.5582
2026-06-01 21:35:00,27.95,58.03,0.0,1.94,0.0,Normal,1.0,100.675,3.7689,2.1871,1.5818,0.21952,0.06695,0.0,0.002466,-0.002466,-0.001233,0.000939,1.3526
2026-06-01 21:36:00,27.55,59.69,0.0,1.99,0.0,Normal,1.0,100.675,3.682,2.1978,1.4842,0.21511,0.06695,0.0,0.002443,-0.002443,-0.001222,0.000912,1.3131
2026-06-01 21:37:00,27.65,59.37,0.0,1.99,0.0,Normal,1.0,100.675,3.7036,2.1988,1.5048,0.2162,0.06695,0.0,0.002446,-0.002446,-0.001223,0.000924,1.3299
2026-06-01 21:38:00,27.54,58.21,0.0,2.01,0.0,Normal,1.0,100.675,3.6799,2.142,1.5378,0.215,0.06695,0.0,0.002492,-0.002492,-0.001246,0.000962,1.3856
2026-06-01 21:39:00,27.53,59.02,0.0,2.1,0.0,Normal,1.0,100.675,3.6777,2.1706,1.5071,0.21489,0.06695,0.0,0.002466,-0.002466,-0.001233,0.000991,1.427
2026-06-01 21:40:00,27.65,59.88,0.0,2.51,0.0,Normal,1.0,100.675,3.7036,2.2177,1.4859,0.2162,0.06695,0.0,0.002429,-0.002429,-0.001215,0.00119,1.7139
2026-06-01 21:41:00,27.29,60.2,0.0,2.03,0.0,Normal,1.0,100.675,3.6265,2.1831,1.4433,0.21228,0.06695,0.0,0.002447,-0.002447,-0.001224,0.000912,1.3134
2026-06-01 21:42:00,27.66,58.27,0.0,2.13,0.0,Normal,1.0,100.675,3.7057,2.1593,1.5464,0.21631,0.06695,0.0,0.00248,-0.00248,-0.00124,0.001033,1.4881
2026-06-01 21:43:00,27.65,60.58,0.0,1.65,0.0,Normal,1.0,100.675,3.7036,2.2436,1.46,0.2162,0.06695,0.0,0.002407,-0.002407,-0.001203,0.0007,1.0087
2026-06-01 21:44:00,27.46,59.66,0.0,1.89,0.0,Normal,1.0,100.675,3.6627,2.1852,1.4775,0.21413,0.06695,0.0,0.002451,-0.002451,-0.001226,0.000854,1.2291
2026-06-01 21:45:00,27.09,60.94,0.0,2.23,0.0,Normal,1.0,100.675,3.5842,2.1842,1.4,0.21012,0.06695,0.0,0.00244,-0.00244,-0.00122,0.000991,1.4272
2026-06-01 21:46:00,27.28,60.43,0.0,2.06,0.0,Normal,1.0,100.675,3.6243,2.1902,1.4341,0.21217,0.06695,0.0,0.002441,-0.002441,-0.00122,0.000922,1.3275
2026-06-01 21:47:00,27.58,59.14,0.0,1.1,0.0,Normal,1.0,100.675,3.6885,2.1814,1.5071,0.21544,0.06695,0.0,0.002458,-0.002458,-0.001229,0.000389,0.5605
2026-06-01 21:48:00,26.94,60.7,0.0,2.11,0.0,Normal,1.0,100.675,3.5528,2.1566,1.3963,0.20852,0.06695,0.0,0.002459,-0.002459,-0.00123,0.00093,1.3394
2026-06-01 21:49:00,27.27,61.49,0.0,2.35,0.0,Normal,1.0,100.675,3.6222,2.2273,1.3949,0.21206,0.06695,0.0,0.002409,-0.002409,-0.001204,0.001042,1.5007
2026-06-01 21:50:00,27.11,61.27,0.0,1.57,0.0,Normal,1.0,100.675,3.5884,2.1986,1.3898,0.21034,0.06695,0.0,0.002428,-0.002428,-0.001214,0.000626,0.9015
2026-06-01 21:51:00,27.37,60.43,0.0,2.26,0.0,Normal,1.0,100.675,3.6435,2.2017,1.4417,0.21315,0.06695,0.0,0.002434,-0.002434,-0.001217,0.001032,1.4855
2026-06-01 21:52:00,27.11,61.0,0.0,1.4,0.0,Normal,1.0,100.675,3.5884,2.1889,1.3995,0.21034,0.06695,0.0,0.002437,-0.002437,-0.001218,0.000534,0.7685
2026-06-01 21:53:00,27.24,59.71,0.0,2.14,0.0,Normal,1.0,100.675,3.6158,2.159,1.4568,0.21174,0.06695,0.0,0.002467,-0.002467,-0.001233,0.000984,1.4169
2026-06-01 21:54:00,27.23,61.11,0.0,1.95,0.0,Normal,1.0,100.675,3.6137,2.2084,1.4054,0.21163,0.06695,0.0,0.002424,-0.002424,-0.001212,0.000843,1.2137
2026-06-01 21:55:00,27.38,59.41,0.0,1.48,0.0,Normal,1.0,100.675,3.6456,2.1659,1.4797,0.21325,0.06695,0.0,0.002465,-0.002465,-0.001233,0.000617,0.8888
2026-06-01 21:56:00,27.04,61.04,0.0,2.03,0.0,Normal,1.0,100.675,3.5737,2.1814,1.3923,0.20959,0.06695,0.0,0.002441,-0.002441,-0.00122,0.000882,1.2696
2026-06-01 21:57:00,27.09,59.74,0.0,2.17,0.0,Normal,1.0,100.675,3.5842,2.1412,1.443,0.21012,0.06695,0.0,0.002478,-0.002478,-0.001239,0.000994,1.4317
2026-06-01 21:58:00,26.77,60.38,0.0,2.01,0.0,Normal,1.0,100.675,3.5175,2.1239,1.3936,0.20671,0.06695,0.0,0.002482,-0.002482,-0.001241,0.00088,1.2674
2026-06-01 21:59:00,27.14,60.78,0.0,2.05,0.0,Normal,1.0,100.675,3.5947,2.1849,1.4099,0.21066,0.06695,0.0,0.002441,-0.002441,-0.001221,0.000902,1.2996
2026-06-01 22:00:00,26.81,61.02,0.0,1.85,0.0,Normal,1.0,100.675,3.5258,2.1514,1.3744,0.20714,0.06695,0.0,0.002459,-0.002459,-0.00123,0.000779,1.1212
2026-06-01 22:01:00,26.8,60.33,0.0,1.55,0.0,Normal,1.0,100.675,3.5237,2.1259,1.3979,0.20703,0.06695,0.0,0.002481,-0.002481,-0.001241,0.000626,0.9013
2026-06-01 22:02:00,26.84,61.73,0.0,2.06,0.0,Normal,1.0,100.675,3.532,2.1803,1.3517,0.20746,0.06695,0.0,0.002435,-0.002435,-0.001218,0.000873,1.2564
2026-06-01 22:03:00,26.58,63.42,0.0,2.27,0.0,Normal,1.0,100.675,3.4784,2.206,1.2724,0.20471,0.06695,0.0,0.002405,-0.002405,-0.001202,0.00092,1.3255
2026-06-01 22:04:00,26.81,62.34,0.0,2.14,0.0,Normal,1.0,100.675,3.5258,2.198,1.3278,0.20714,0.06695,0.0,0.002419,-0.002419,-0.00121,0.000896,1.2895
2026-06-01 22:05:00,26.88,61.15,0.0,1.52,0.0,Normal,1.0,100.675,3.5403,2.1649,1.3754,0.20788,0.06695,0.0,0.00245,-0.00245,-0.001225,0.000594,0.8559
2026-06-01 22:06:00,26.74,61.69,0.0,1.61,0.0,Normal,1.0,100.675,3.5113,2.1661,1.3452,0.2064,0.06695,0.0,0.002444,-0.002444,-0.001222,0.00063,0.9076
2026-06-01 22:07:00,26.42,63.11,0.0,1.74,0.0,Normal,1.0,100.675,3.4458,2.1746,1.2712,0.20304,0.06695,0.0,0.002427,-0.002427,-0.001213,0.00066,0.951
2026-06-01 22:08:00,26.6,62.74,0.0,1.58,0.0,Normal,1.0,100.675,3.4825,2.1849,1.2976,0.20492,0.06695,0.0,0.002423,-0.002423,-0.001212,0.000589,0.8477
2026-06-01 22:09:00,26.7,61.6,0.0,1.91,0.0,Normal,1.0,100.675,3.5031,2.1579,1.3452,0.20597,0.06695,0.0,0.00245,-0.00245,-0.001225,0.000793,1.1423
2026-06-01 22:10:00,26.27,63.03,0.0,1.98,0.0,Normal,1.0,100.675,3.4155,2.1528,1.2627,0.20148,0.06695,0.0,0.002441,-0.002441,-0.00122,0.00078,1.1235
2026-06-01 22:11:00,26.35,62.96,0.0,1.61,0.0,Normal,1.0,100.675,3.4316,2.1605,1.2711,0.20231,0.06695,0.0,0.002436,-0.002436,-0.001218,0.000594,0.8552
2026-06-01 22:12:00,26.6,62.4,0.0,2.05,0.0,Normal,1.0,100.675,3.4825,2.1731,1.3094,0.20492,0.06695,0.0,0.002434,-0.002434,-0.001217,0.000842,1.2123
2026-06-01 22:13:00,26.47,62.35,0.0,2.01,0.0,Normal,1.0,100.675,3.456,2.1548,1.3012,0.20356,0.06695,0.0,0.002445,-0.002445,-0.001223,0.000819,1.1793
2026-06-01 22:14:00,26.46,62.4,0.0,1.77,0.0,Normal,1.0,100.675,3.4539,2.1553,1.2987,0.20345,0.06695,0.0,0.002445,-0.002445,-0.001222,0.000693,0.9985
2026-06-01 22:15:00,26.64,62.81,0.0,1.85,0.0,Normal,1.0,100.675,3.4907,2.1925,1.2982,0.20534,0.06695,0.0,0.002418,-0.002418,-0.001209,0.00073,1.0516
2026-06-01 22:16:00,26.39,63.39,0.0,1.49,0.0,Normal,1.0,100.675,3.4397,2.1804,1.2593,0.20273,0.06695,0.0,0.002421,-0.002421,-0.00121,0.000523,0.7524
2026-06-01 22:17:00,26.38,62.98,0.0,1.81,0.0,Normal,1.0,100.675,3.4377,2.1651,1.2726,0.20262,0.06695,0.0,0.002434,-0.002434,-0.001217,0.000698,1.0058
2026-06-01 22:18:00,26.65,62.98,0.0,1.87,0.0,Normal,1.0,100.675,3.4928,2.1998,1.293,0.20545,0.06695,0.0,0.002412,-0.002412,-0.001206,0.000737,1.0609
2026-06-01 22:19:00,26.17,63.04,0.0,1.9,0.0,Normal,1.0,100.675,3.3954,2.1404,1.2549,0.20045,0.06695,0.0,0.002448,-0.002448,-0.001224,0.000737,1.0613
2026-06-01 22:20:00,26.04,64.6,0.0,1.94,0.0,Normal,1.0,100.675,3.3694,2.1766,1.1928,0.19911,0.06695,0.0,0.002413,-0.002413,-0.001206,0.000714,1.028
2026-06-01 22:21:00,26.19,63.55,0.0,1.91,0.0,Normal,1.0,100.675,3.3994,2.1603,1.2391,0.20065,0.06695,0.0,0.002431,-0.002431,-0.001216,0.00073,1.051
2026-06-01 22:22:00,26.15,65.29,0.0,1.8,0.0,Normal,1.0,100.675,3.3914,2.2142,1.1771,0.20024,0.06695,0.0,0.002384,-0.002384,-0.001192,0.000633,0.9114
2026-06-01 22:23:00,25.97,63.13,0.0,1.91,0.0,Normal,1.0,100.675,3.3555,2.1183,1.2372,0.19839,0.06695,0.0,0.002461,-0.002461,-0.00123,0.000734,1.0572
2026-06-01 22:24:00,25.85,63.75,0.0,2.05,0.0,Normal,1.0,100.675,3.3317,2.124,1.2078,0.19717,0.06695,0.0,0.002452,-0.002452,-0.001226,0.000783,1.1279
2026-06-01 22:25:00,26.31,63.13,0.0,1.83,0.0,Normal,1.0,100.675,3.4235,2.1613,1.2623,0.20189,0.06695,0.0,0.002435,-0.002435,-0.001217,0.000703,1.0126
2026-06-01 22:26:00,25.97,64.06,0.0,1.91,0.0,Normal,1.0,100.675,3.3555,2.1495,1.206,0.19839,0.06695,0.0,0.002434,-0.002434,-0.001217,0.000711,1.0239
2026-06-01 22:27:00,25.77,65.55,0.0,1.8,0.0,Normal,1.0,100.675,3.316,2.1736,1.1424,0.19636,0.06695,0.0,0.002406,-0.002406,-0.001203,0.000617,0.8885
2026-06-01 22:28:00,25.98,63.41,0.0,1.71,0.0,Normal,1.0,100.675,3.3575,2.129,1.2285,0.19849,0.06695,0.0,0.002452,-0.002452,-0.001226,0.000627,0.9027
2026-06-01 22:29:00,25.78,64.9,0.0,1.94,0.0,Normal,1.0,100.675,3.318,2.1534,1.1646,0.19646,0.06695,0.0,0.002424,-0.002424,-0.001212,0.000699,1.0068
2026-06-01 22:30:00,25.71,65.24,0.0,1.72,0.0,Normal,1.0,100.675,3.3042,2.1557,1.1486,0.19575,0.06695,0.0,0.00242,-0.00242,-0.00121,0.000584,0.8416
2026-06-01 22:31:00,25.81,64.7,0.0,1.91,0.0,Normal,1.0,100.675,3.3239,2.1505,1.1733,0.19676,0.06695,0.0,0.002428,-0.002428,-0.001214,0.000691,0.9947
2026-06-01 22:32:00,25.5,64.56,0.0,1.83,0.0,Normal,1.0,100.675,3.2634,2.1068,1.1565,0.19364,0.06695,0.0,0.002455,-0.002455,-0.001228,0.000648,0.9326
2026-06-01 22:33:00,25.72,65.37,0.0,1.76,0.0,Normal,1.0,100.675,3.3062,2.1613,1.1449,0.19585,0.06695,0.0,0.002415,-0.002415,-0.001208,0.000601,0.8653
2026-06-01 22:34:00,25.92,64.7,0.0,1.75,0.0,Normal,1.0,100.675,3.3456,2.1646,1.181,0.19788,0.06695,0.0,0.002419,-0.002419,-0.00121,0.000616,0.8876
2026-06-01 22:35:00,25.67,65.01,0.0,1.72,0.0,Normal,1.0,100.675,3.2964,2.143,1.1534,0.19534,0.06695,0.0,0.002429,-0.002429,-0.001215,0.000589,0.8475
2026-06-01 22:36:00,25.52,65.21,0.0,1.48,0.0,Normal,1.0,100.675,3.2672,2.1306,1.1367,0.19384,0.06695,0.0,0.002435,-0.002435,-0.001218,0.000463,0.6668
2026-06-01 22:37:00,25.47,65.36,0.0,1.89,0.0,Normal,1.0,100.675,3.2576,2.1291,1.1284,0.19334,0.06695,0.0,0.002435,-0.002435,-0.001217,0.000656,0.9446
2026-06-01 22:38:00,25.45,65.23,0.0,1.85,0.0,Normal,1.0,100.675,3.2537,2.1224,1.1313,0.19314,0.06695,0.0,0.00244,-0.00244,-0.00122,0.00064,0.9215
2026-06-01 22:39:00,25.44,65.68,0.0,1.97,0.0,Normal,1.0,100.675,3.2518,2.1358,1.116,0.19304,0.06695,0.0,0.002428,-0.002428,-0.001214,0.000684,0.985
2026-06-01 22:40:00,25.39,65.46,0.0,1.7,0.0,Normal,1.0,100.675,3.2421,2.1223,1.1198,0.19254,0.06695,0.0,0.002438,-0.002438,-0.001219,0.000562,0.8095
2026-06-01 22:41:00,25.55,64.48,0.0,2.18,0.0,Normal,1.0,100.675,3.2731,2.1105,1.1626,0.19414,0.06695,0.0,0.002454,-0.002454,-0.001227,0.000815,1.174
2026-06-01 22:42:00,25.12,65.55,0.0,1.72,0.0,Normal,1.0,100.675,3.1905,2.0914,1.0991,0.18986,0.06695,0.0,0.002456,-0.002456,-0.001228,0.000563,0.811
2026-06-01 22:43:00,25.48,64.73,0.0,1.62,0.0,Normal,1.0,100.675,3.2595,2.1099,1.1496,0.19344,0.06695,0.0,0.002452,-0.002452,-0.001226,0.000541,0.7792
2026-06-01 22:44:00,25.26,65.93,0.0,1.59,0.0,Normal,1.0,100.675,3.2172,2.1211,1.0961,0.19124,0.06695,0.0,0.002435,-0.002435,-0.001217,0.000497,0.7153
2026-06-01 22:45:00,25.34,65.55,0.0,1.44,0.0,Normal,1.0,100.675,3.2325,2.1189,1.1136,0.19204,0.06695,0.0,0.002439,-0.002439,-0.00122,0.000433,0.6236
2026-06-01 22:46:00,25.09,66.41,0.0,2.09,0.0,Normal,1.0,100.675,3.1848,2.115,1.0698,0.18957,0.06695,0.0,0.002435,-0.002435,-0.001217,0.000709,1.0205
2026-06-01 22:47:00,25.42,65.65,0.0,2.05,0.0,Normal,1.0,100.675,3.2479,2.1322,1.1157,0.19284,0.06695,0.0,0.002431,-0.002431,-0.001215,0.00072,1.0375
2026-06-01 22:48:00,25.38,65.1,0.0,1.9,0.0,Normal,1.0,100.675,3.2402,2.1094,1.1308,0.19244,0.06695,0.0,0.002449,-0.002449,-0.001224,0.000665,0.9571
2026-06-01 22:49:00,25.3,66.56,0.0,1.6,0.0,Normal,1.0,100.675,3.2248,2.1464,1.0784,0.19164,0.06695,0.0,0.002414,-0.002414,-0.001207,0.000489,0.7049
2026-06-01 22:50:00,24.9,66.65,0.0,2.13,0.0,Normal,1.0,100.675,3.149,2.0988,1.0502,0.1877,0.06695,0.0,0.002442,-0.002442,-0.001221,0.000714,1.0284
2026-06-01 22:51:00,25.22,65.66,0.0,1.7,0.0,Normal,1.0,100.675,3.2095,2.1074,1.1022,0.19085,0.06695,0.0,0.002445,-0.002445,-0.001223,0.000554,0.7974
2026-06-01 22:52:00,25.12,66.48,0.0,1.71,0.0,Normal,1.0,100.675,3.1905,2.121,1.0695,0.18986,0.06695,0.0,0.00243,-0.00243,-0.001215,0.000538,0.7748
2026-06-01 22:53:00,24.79,66.02,0.0,2.05,0.0,Normal,1.0,100.675,3.1284,2.0653,1.063,0.18663,0.06695,0.0,0.002468,-0.002468,-0.001234,0.000693,0.9984
2026-06-01 22:54:00,24.99,66.08,0.0,1.89,0.0,Normal,1.0,100.675,3.1659,2.092,1.0739,0.18858,0.06695,0.0,0.002451,-0.002451,-0.001226,0.000626,0.9014
2026-06-01 22:55:00,25.02,67.07,0.0,2.2,0.0,Normal,1.0,100.675,3.1716,2.1272,1.0444,0.18888,0.06695,0.0,0.002422,-0.002422,-0.001211,0.000735,1.0591
2026-06-01 22:56:00,25.01,65.45,0.0,1.8,0.0,Normal,1.0,100.675,3.1697,2.0745,1.0951,0.18878,0.06695,0.0,0.002467,-0.002467,-0.001233,0.0006,0.8643
2026-06-01 22:57:00,24.92,67.41,0.0,1.67,0.0,Normal,1.0,100.675,3.1527,2.1252,1.0275,0.1879,0.06695,0.0,0.00242,-0.00242,-0.00121,0.000495,0.713
2026-06-01 22:58:00,24.91,67.69,0.0,1.63,0.0,Normal,1.0,100.675,3.1508,2.1328,1.018,0.1878,0.06695,0.0,0.002414,-0.002414,-0.001207,0.000471,0.6784
2026-06-01 22:59:00,25.05,66.16,0.0,1.38,0.0,Normal,1.0,100.675,3.1772,2.1021,1.0752,0.18917,0.06695,0.0,0.002444,-0.002444,-0.001222,0.000387,0.5569
2026-06-01 23:00:00,24.98,66.76,0.0,1.69,0.0,Normal,1.0,100.675,3.164,2.1123,1.0517,0.18849,0.06695,0.0,0.002433,-0.002433,-0.001217,0.00052,0.7481
2026-06-01 23:01:00,24.33,69.05,0.0,1.97,0.0,Normal,1.0,100.675,3.0435,2.1016,0.942,0.18221,0.06695,0.0,0.002421,-0.002421,-0.001211,0.00057,0.8212
2026-06-01 23:02:00,24.68,67.13,0.0,1.86,0.0,Normal,1.0,100.675,3.1079,2.0863,1.0216,0.18557,0.06695,0.0,0.002446,-0.002446,-0.001223,0.00058,0.8348
2026-06-01 23:03:00,24.67,67.96,0.0,1.74,0.0,Normal,1.0,100.675,3.106,2.1109,0.9952,0.18547,0.06695,0.0,0.002424,-0.002424,-0.001212,0.000508,0.7319
2026-06-01 23:04:00,24.4,67.79,0.0,1.53,0.0,Normal,1.0,100.675,3.0563,2.0719,0.9844,0.18288,0.06695,0.0,0.002449,-0.002449,-0.001225,0.000414,0.5955
2026-06-01 23:05:00,24.64,67.23,0.0,1.78,0.0,Normal,1.0,100.675,3.1005,2.0845,1.016,0.18518,0.06695,0.0,0.002446,-0.002446,-0.001223,0.000541,0.7797
2026-06-01 23:06:00,24.78,66.65,0.0,1.93,0.0,Normal,1.0,100.675,3.1265,2.0838,1.0427,0.18654,0.06695,0.0,0.002451,-0.002451,-0.001226,0.000624,0.8992
2026-06-01 23:07:00,24.4,68.4,0.0,1.81,0.0,Normal,1.0,100.675,3.0563,2.0905,0.9658,0.18288,0.06695,0.0,0.002433,-0.002433,-0.001217,0.000522,0.7516
2026-06-01 23:08:00,24.58,68.39,0.0,1.76,0.0,Normal,1.0,100.675,3.0894,2.1128,0.9766,0.1846,0.06695,0.0,0.00242,-0.00242,-0.00121,0.000505,0.7275
2026-06-01 23:09:00,24.36,68.2,0.0,1.56,0.0,Normal,1.0,100.675,3.049,2.0794,0.9696,0.1825,0.06695,0.0,0.002441,-0.002441,-0.001221,0.000418,0.6019
2026-06-01 23:10:00,24.36,67.54,0.0,1.89,0.0,Normal,1.0,100.675,3.049,2.0593,0.9897,0.1825,0.06695,0.0,0.002459,-0.002459,-0.001229,0.000575,0.828
2026-06-01 23:11:00,24.65,66.85,0.0,1.09,0.0,Normal,1.0,100.675,3.1023,2.0739,1.0284,0.18528,0.06695,0.0,0.002456,-0.002456,-0.001228,0.000226,0.3258
2026-06-01 23:12:00,24.31,68.67,0.0,1.79,0.0,Normal,1.0,100.675,3.0399,2.0875,0.9524,0.18202,0.06695,0.0,0.002433,-0.002433,-0.001216,0.000505,0.7277
2026-06-01 23:13:00,24.43,69.21,0.0,2.22,0.0,Normal,1.0,100.675,3.0618,2.1191,0.9427,0.18316,0.06695,0.0,0.00241,-0.00241,-0.001205,0.000667,0.9602
2026-06-01 23:14:00,24.05,69.41,0.0,1.4,0.0,Normal,1.0,100.675,2.9929,2.0774,0.9155,0.17956,0.06695,0.0,0.002433,-0.002433,-0.001216,0.00032,0.4605
2026-06-01 23:15:00,24.57,67.48,0.0,1.66,0.0,Normal,1.0,100.675,3.0875,2.0835,1.0041,0.18451,0.06695,0.0,0.002445,-0.002445,-0.001222,0.000481,0.6932
2026-06-01 23:16:00,24.35,68.79,0.0,1.7,0.0,Normal,1.0,100.675,3.0472,2.0962,0.951,0.1824,0.06695,0.0,0.002427,-0.002427,-0.001213,0.000466,0.6708
2026-06-01 23:17:00,24.2,68.6,0.0,1.61,0.0,Normal,1.0,100.675,3.0199,2.0717,0.9483,0.18098,0.06695,0.0,0.002443,-0.002443,-0.001221,0.000428,0.6168
2026-06-01 23:18:00,24.28,68.3,0.0,1.9,0.0,Normal,1.0,100.675,3.0344,2.0725,0.9619,0.18174,0.06695,0.0,0.002445,-0.002445,-0.001222,0.000559,0.8049
2026-06-01 23:19:00,23.95,68.87,0.0,1.79,0.0,Normal,1.0,100.675,2.975,2.0489,0.9261,0.17863,0.06695,0.0,0.002454,-0.002454,-0.001227,0.000493,0.7094
2026-06-01 23:20:00,24.3,69.3,0.0,1.72,0.0,Normal,1.0,100.675,3.0381,2.1054,0.9327,0.18193,0.06695,0.0,0.002417,-0.002417,-0.001209,0.000462,0.6653
2026-06-01 23:21:00,24.04,67.66,0.0,1.85,0.0,Normal,1.0,100.675,2.9911,2.0238,0.9673,0.17947,0.06695,0.0,0.002479,-0.002479,-0.001239,0.000548,0.7884
2026-06-01 23:22:00,24.03,69.7,0.0,1.69,0.0,Normal,1.0,100.675,2.9893,2.0835,0.9058,0.17938,0.06695,0.0,0.002427,-0.002427,-0.001213,0.000435,0.6267
2026-06-01 23:23:00,23.95,69.16,0.0,2.32,0.0,Normal,1.0,100.675,2.975,2.0575,0.9175,0.17863,0.06695,0.0,0.002447,-0.002447,-0.001223,0.000693,0.9979
2026-06-01 23:24:00,23.9,69.32,0.0,1.71,0.0,Normal,1.0,100.675,2.9661,2.0561,0.91,0.17816,0.06695,0.0,0.002446,-0.002446,-0.001223,0.000449,0.6463
2026-06-01 23:25:00,24.06,70.14,0.0,1.72,0.0,Normal,1.0,100.675,2.9947,2.1005,0.8942,0.17966,0.06695,0.0,0.002413,-0.002413,-0.001207,0.000438,0.6314
2026-06-01 23:26:00,23.96,68.98,0.0,1.33,0.0,Normal,1.0,100.675,2.9768,2.0534,0.9234,0.17872,0.06695,0.0,0.00245,-0.00245,-0.001225,0.000295,0.4248
2026-06-01 23:27:00,23.99,68.92,0.0,1.56,0.0,Normal,1.0,100.675,2.9821,2.0553,0.9268,0.179,0.06695,0.0,0.00245,-0.00245,-0.001225,0.000396,0.5706
2026-06-01 23:28:00,23.86,69.62,0.0,1.9,0.0,Normal,1.0,100.675,2.9589,2.06,0.8989,0.17778,0.06695,0.0,0.002441,-0.002441,-0.001221,0.000517,0.745
2026-06-01 23:29:00,23.9,69.82,0.0,1.4,0.0,Normal,1.0,100.675,2.9661,2.0709,0.8952,0.17816,0.06695,0.0,0.002433,-0.002433,-0.001217,0.00031,0.4462
2026-06-01 23:30:00,23.73,69.79,0.0,1.23,0.0,Normal,1.0,100.675,2.9359,2.049,0.8869,0.17658,0.06695,0.0,0.002447,-0.002447,-0.001223,0.000234,0.3376
2026-06-01 23:31:00,24.09,68.1,0.0,1.67,0.0,Normal,1.0,100.675,3.0001,2.0431,0.957,0.17994,0.06695,0.0,0.002464,-0.002464,-0.001232,0.000462,0.6655
2026-06-01 23:32:00,23.49,70.2,0.0,1.94,0.0,Normal,1.0,100.675,2.8938,2.0314,0.8623,0.17436,0.06695,0.0,0.002454,-0.002454,-0.001227,0.00051,0.7348
2026-06-01 23:33:00,23.88,70.41,0.0,1.67,0.0,Normal,1.0,100.675,2.9625,2.0859,0.8766,0.17797,0.06695,0.0,0.00242,-0.00242,-0.00121,0.000409,0.5889
2026-06-01 23:34:00,23.86,69.73,0.0,1.59,0.0,Normal,1.0,100.675,2.9589,2.0633,0.8957,0.17778,0.06695,0.0,0.002439,-0.002439,-0.001219,0.00039,0.5618
2026-06-01 23:35:00,23.5,70.97,0.0,1.28,0.0,Normal,1.0,100.675,2.8955,2.055,0.8406,0.17446,0.06695,0.0,0.002434,-0.002434,-0.001217,0.000234,0.3364
2026-06-01 23:36:00,23.92,69.35,0.0,1.74,0.0,Normal,1.0,100.675,2.9696,2.0594,0.9102,0.17834,0.06695,0.0,0.002444,-0.002444,-0.001222,0.000461,0.6636
2026-06-01 23:37:00,23.71,69.72,0.0,1.78,0.0,Normal,1.0,100.675,2.9324,2.0444,0.8879,0.17639,0.06695,0.0,0.00245,-0.00245,-0.001225,0.000464,0.6684
2026-06-01 23:38:00,23.67,71.23,0.0,1.29,0.0,Normal,1.0,100.675,2.9253,2.0837,0.8416,0.17602,0.06695,0.0,0.002415,-0.002415,-0.001208,0.000236,0.3403
2026-06-01 23:39:00,23.49,70.59,0.0,1.87,0.0,Normal,1.0,100.675,2.8938,2.0427,0.8511,0.17436,0.06695,0.0,0.002444,-0.002444,-0.001222,0.000474,0.6831
2026-06-01 23:40:00,23.42,70.64,0.0,1.8,0.0,Normal,1.0,100.675,2.8816,2.0356,0.846,0.17372,0.06695,0.0,0.002448,-0.002448,-0.001224,0.000445,0.6409
2026-06-01 23:41:00,23.39,71.65,0.0,1.87,0.0,Normal,1.0,100.675,2.8764,2.0609,0.8155,0.17345,0.06695,0.0,0.002425,-0.002425,-0.001213,0.000447,0.6442
2026-06-01 23:42:00,23.45,70.4,0.0,1.75,0.0,Normal,1.0,100.675,2.8868,2.0323,0.8545,0.174,0.06695,0.0,0.002452,-0.002452,-0.001226,0.000432,0.6217
2026-06-01 23:43:00,23.57,70.15,0.0,1.77,0.0,Normal,1.0,100.675,2.9078,2.0398,0.868,0.1751,0.06695,0.0,0.002449,-0.002449,-0.001225,0.000448,0.6446
2026-06-01 23:44:00,23.35,71.11,0.0,1.74,0.0,Normal,1.0,100.675,2.8695,2.0405,0.829,0.17308,0.06695,0.0,0.002441,-0.002441,-0.001221,0.00041,0.5909
2026-06-01 23:45:00,23.15,71.65,0.0,1.81,0.0,Normal,1.0,100.675,2.835,2.0313,0.8037,0.17127,0.06695,0.0,0.002443,-0.002443,-0.001221,0.00042,0.6053
2026-06-01 23:46:00,23.38,71.18,0.0,1.27,0.0,Normal,1.0,100.675,2.8747,2.0462,0.8285,0.17336,0.06695,0.0,0.002438,-0.002438,-0.001219,0.000224,0.3229
2026-06-01 23:47:00,23.36,72.33,0.0,1.33,0.0,Normal,1.0,100.675,2.8712,2.0767,0.7945,0.17318,0.06695,0.0,0.002411,-0.002411,-0.001205,0.000229,0.3303
2026-06-01 23:48:00,23.29,71.48,0.0,1.48,0.0,Normal,1.0,100.675,2.8591,2.0437,0.8154,0.17254,0.06695,0.0,0.002437,-0.002437,-0.001218,0.000302,0.4343
2026-06-01 23:49:00,23.27,69.9,0.0,1.6,0.0,Normal,1.0,100.675,2.8556,1.9961,0.8595,0.17236,0.06695,0.0,0.002477,-0.002477,-0.001238,0.000379,0.5461
2026-06-01 23:50:00,23.08,72.04,0.0,1.7,0.0,Normal,1.0,100.675,2.8231,2.0337,0.7893,0.17064,0.06695,0.0,0.002438,-0.002438,-0.001219,0.00037,0.5328
2026-06-01 23:51:00,22.95,72.24,0.0,1.68,0.0,Normal,1.0,100.675,2.801,2.0234,0.7775,0.16947,0.06695,0.0,0.002443,-0.002443,-0.001221,0.000356,0.5126
2026-06-01 23:52:00,22.93,72.3,0.0,1.84,0.0,Normal,1.0,100.675,2.7976,2.0226,0.7749,0.16929,0.06695,0.0,0.002443,-0.002443,-0.001221,0.000412,0.5931
2026-06-01 23:53:00,22.78,72.84,0.0,1.84,0.0,Normal,1.0,100.675,2.7723,2.0193,0.7529,0.16796,0.06695,0.0,0.002441,-0.002441,-0.00122,0.000397,0.571
2026-06-01 23:54:00,23.03,71.98,0.0,1.44,0.0,Normal,1.0,100.675,2.8145,2.0259,0.7886,0.17019,0.06695,0.0,0.002443,-0.002443,-0.001222,0.000272,0.3924
2026-06-01 23:55:00,22.95,72.19,0.0,1.66,0.0,Normal,1.0,100.675,2.801,2.022,0.7789,0.16947,0.06695,0.0,0.002444,-0.002444,-0.001222,0.00035,0.5036
2026-06-01 23:56:00,22.86,72.83,0.0,1.44,0.0,Normal,1.0,100.675,2.7857,2.0289,0.7569,0.16867,0.06695,0.0,0.002435,-0.002435,-0.001218,0.000254,0.3664
2026-06-01 23:57:00,22.45,73.28,0.0,1.57,0.0,Normal,1.0,100.675,2.7173,1.9913,0.7261,0.16504,0.06695,0.0,0.002454,-0.002454,-0.001227,0.000286,0.4124
2026-06-01 23:58:00,22.67,72.42,0.0,1.67,0.0,Normal,1.0,100.675,2.7538,1.9943,0.7595,0.16698,0.06695,0.0,0.002458,-0.002458,-0.001229,0.000343,0.4944
2026-06-01 23:59:00,23.0,73.9,0.0,0.92,0.0,Normal,1.0,100.675,2.8094,2.0762,0.7333,0.16992,0.06695,0.0,0.0024,-0.0024,-0.0012,4.2e-05,0.0609
