timestamp,zone_id,crop,growth_stage,soil_type,temperature,humidity,solar_radiation,wind_speed,rainfall,soil_moisture,field_capacity,wilting_point,target_moisture,kc,moisture_error,available_water,et0,etc,effective_rainfall,water_deficit
2026-06-01 00:00:00,1,Tomato,Mid-season,Loam,19.8,82.4,0.0,1.8,0.0,55.0,70.0,25.0,60.0,1.15,,,0.000264,0.000304,0.0,0.000304
2026-06-01 00:00:00,2,Wheat,Development,Sandy,19.8,82.4,0.0,1.8,0.0,42.0,60.0,18.0,55.0,0.85,,,0.000264,0.000224,0.0,0.000224
2026-06-01 00:00:00,3,Maize,Mid-season,Clay,19.8,82.4,0.0,1.8,0.0,65.0,75.0,30.0,65.0,1.2,,,0.000264,0.000317,0.0,0.000317
2026-06-01 00:01:00,1,Tomato,Mid-season,Loam,19.79,82.42833333333334,0.0,1.7966666666666666,0.0,55.0,70.0,25.0,60.0,1.15,,,0.000298,0.000343,0.0,0.000343
2026-06-01 00:01:00,2,Wheat,Development,Sandy,19.79,82.42833333333334,0.0,1.7966666666666666,0.0,42.0,60.0,18.0,55.0,0.85,,,0.000298,0.000253,0.0,0.000253
2026-06-01 00:01:00,3,Maize,Mid-season,Clay,19.79,82.42833333333334,0.0,1.7966666666666666,0.0,65.0,75.0,30.0,65.0,1.2,,,0.000298,0.000358,0.0,0.000358
2026-06-01 00:02:00,1,Tomato,Mid-season,Loam,19.78,82.45666666666668,0.0,1.7933333333333334,0.0,55.0,70.0,25.0,60.0,1.15,,,0.000199,0.000229,0.0,0.000229
2026-06-01 00:02:00,2,Wheat,Development,Sandy,19.78,82.45666666666668,0.0,1.7933333333333334,0.0,42.0,60.0,18.0,55.0,0.85,,,0.000199,0.000169,0.0,0.000169
2026-06-01 00:02:00,3,Maize,Mid-season,Clay,19.78,82.45666666666668,0.0,1.7933333333333334,0.0,65.0,75.0,30.0,65.0,1.2,,,0.000199,0.000239,0.0,0.000239
2026-06-01 00:03:00,1,Tomato,Mid-season,Loam,19.77,82.485,0.0,1.79,0.0,55.0,70.0,25.0,60.0,1.15,,,0.000312,0.000359,0.0,0.000359
2026-06-01 00:03:00,2,Wheat,Development,Sandy,19.77,82.485,0.0,1.79,0.0,42.0,60.0,18.0,55.0,0.85,,,0.000312,0.000265,0.0,0.000265
2026-06-01 00:03:00,3,Maize,Mid-season,Clay,19.77,82.485,0.0,1.79,0.0,65.0,75.0,30.0,65.0,1.2,,,0.000312,0.000374,0.0,0.000374
2026-06-01 00:04:00,1,Tomato,Mid-season,Loam,19.76,82.51333333333334,0.0,1.7866666666666666,0.0,55.0,70.0,25.0,60.0,1.15,,,0.000218,0.000251,0.0,0.000251
2026-06-01 00:04:00,2,Wheat,Development,Sandy,19.76,82.51333333333334,0.0,1.7866666666666666,0.0,42.0,60.0,18.0,55.0,0.85,,,0.000218,0.000185,0.0,0.000185
2026-06-01 00:04:00,3,Maize,Mid-season,Clay,19.76,82.51333333333334,0.0,1.7866666666666666,0.0,65.0,75.0,30.0,65.0,1.2,,,0.000218,0.000262,0.0,0.000262
2026-06-01 00:05:00,1,Tomato,Mid-season,Loam,19.75,82.54166666666667,0.0,1.7833333333333334,0.0,55.0,70.0,25.0,60.0,1.15,,,0.000251,0.000289,0.0,0.000289
2026-06-01 00:05:00,2,Wheat,Development,Sandy,19.75,82.54166666666667,0.0,1.7833333333333334,0.0,42.0,60.0,18.0,55.0,0.85,,,0.000251,0.000213,0.0,0.000213
2026-06-01 00:05:00,3,Maize,Mid-season,Clay,19.75,82.54166666666667,0.0,1.7833333333333334,0.0,65.0,75.0,30.0,65.0,1.2,,,0.000251,0.000301,0.0,0.000301
2026-06-01 00:06:00,1,Tomato,Mid-season,Loam,19.74,82.57000000000001,0.0,1.78,0.0,55.0,70.0,25.0,60.0,1.15,,,0.000366,0.000421,0.0,0.000421
2026-06-01 00:06:00,2,Wheat,Development,Sandy,19.74,82.57000000000001,0.0,1.78,0.0,42.0,60.0,18.0,55.0,0.85,,,0.000366,0.000311,0.0,0.000311
2026-06-01 00:06:00,3,Maize,Mid-season,Clay,19.74,82.57000000000001,0.0,1.78,0.0,65.0,75.0,30.0,65.0,1.2,,,0.000366,0.000439,0.0,0.000439
2026-06-01 00:07:00,1,Tomato,Mid-season,Loam,19.73,82.59833333333334,0.0,1.7766666666666666,0.0,55.0,70.0,25.0,60.0,1.15,,,0.000322,0.00037,0.0,0.00037
2026-06-01 00:07:00,2,Wheat,Development,Sandy,19.73,82.59833333333334,0.0,1.7766666666666666,0.0,42.0,60.0,18.0,55.0,0.85,,,0.000322,0.000274,0.0,0.000274
2026-06-01 00:07:00,3,Maize,Mid-season,Clay,19.73,82.59833333333334,0.0,1.7766666666666666,0.0,65.0,75.0,30.0,65.0,1.2,,,0.000322,0.000386,0.0,0.000386
2026-06-01 00:08:00,1,Tomato,Mid-season,Loam,19.72,82.62666666666667,0.0,1.7733333333333334,0.0,55.0,70.0,25.0,60.0,1.15,,,0.000336,0.000386,0.0,0.000386
2026-06-01 00:08:00,2,Wheat,Development,Sandy,19.72,82.62666666666667,0.0,1.7733333333333334,0.0,42.0,60.0,18.0,55.0,0.85,,,0.000336,0.000286,0.0,0.000286
2026-06-01 00:08:00,3,Maize,Mid-season,Clay,19.72,82.62666666666667,0.0,1.7733333333333334,0.0,65.0,75.0,30.0,65.0,1.2,,,0.000336,0.000403,0.0,0.000403
2026-06-01 00:09:00,1,Tomato,Mid-season,Loam,19.71,82.655,0.0,1.77,0.0,55.0,70.0,25.0,60.0,1.15,,,0.000156,0.000179,0.0,0.000179
2026-06-01 00:09:00,2,Wheat,Development,Sandy,19.71,82.655,0.0,1.77,0.0,42.0,60.0,18.0,55.0,0.85,,,0.000156,0.000133,0.0,0.000133
2026-06-01 00:09:00,3,Maize,Mid-season,Clay,19.71,82.655,0.0,1.77,0.0,65.0,75.0,30.0,65.0,1.2,,,0.000156,0.000187,0.0,0.000187
2026-06-01 00:10:00,1,Tomato,Mid-season,Loam,19.7,82.68333333333334,0.0,1.7666666666666666,0.0,55.0,70.0,25.0,60.0,1.15,,,0.000434,0.000499,0.0,0.000499
2026-06-01 00:10:00,2,Wheat,Development,Sandy,19.7,82.68333333333334,0.0,1.7666666666666666,0.0,42.0,60.0,18.0,55.0,0.85,,,0.000434,0.000369,0.0,0.000369
2026-06-01 00:10:00,3,Maize,Mid-season,Clay,19.7,82.68333333333334,0.0,1.7666666666666666,0.0,65.0,75.0,30.0,65.0,1.2,,,0.000434,0.000521,0.0,0.000521
2026-06-01 00:11:00,1,Tomato,Mid-season,Loam,19.69,82.71166666666667,0.0,1.7633333333333334,0.0,55.0,70.0,25.0,60.0,1.15,,,0.0002,0.00023,0.0,0.00023
2026-06-01 00:11:00,2,Wheat,Development,Sandy,19.69,82.71166666666667,0.0,1.7633333333333334,0.0,42.0,60.0,18.0,55.0,0.85,,,0.0002,0.00017,0.0,0.00017
2026-06-01 00:11:00,3,Maize,Mid-season,Clay,19.69,82.71166666666667,0.0,1.7633333333333334,0.0,65.0,75.0,30.0,65.0,1.2,,,0.0002,0.00024,0.0,0.00024
2026-06-01 00:12:00,1,Tomato,Mid-season,Loam,19.68,82.74000000000001,0.0,1.76,0.0,55.0,70.0,25.0,60.0,1.15,,,0.000385,0.000443,0.0,0.000443
2026-06-01 00:12:00,2,Wheat,Development,Sandy,19.68,82.74000000000001,0.0,1.76,0.0,42.0,60.0,18.0,55.0,0.85,,,0.000385,0.000327,0.0,0.000327
2026-06-01 00:12:00,3,Maize,Mid-season,Clay,19.68,82.74000000000001,0.0,1.76,0.0,65.0,75.0,30.0,65.0,1.2,,,0.000385,0.000462,0.0,0.000462
2026-06-01 00:13:00,1,Tomato,Mid-season,Loam,19.67,82.76833333333333,0.0,1.7566666666666668,0.0,55.0,70.0,25.0,60.0,1.15,,,0.000369,0.000424,0.0,0.000424
2026-06-01 00:13:00,2,Wheat,Development,Sandy,19.67,82.76833333333333,0.0,1.7566666666666668,0.0,42.0,60.0,18.0,55.0,0.85,,,0.000369,0.000314,0.0,0.000314
2026-06-01 00:13:00,3,Maize,Mid-season,Clay,19.67,82.76833333333333,0.0,1.7566666666666668,0.0,65.0,75.0,30.0,65.0,1.2,,,0.000369,0.000443,0.0,0.000443
2026-06-01 00:14:00,1,Tomato,Mid-season,Loam,19.66,82.79666666666667,0.0,1.7533333333333334,0.0,55.0,70.0,25.0,60.0,1.15,,,0.000327,0.000376,0.0,0.000376
2026-06-01 00:14:00,2,Wheat,Development,Sandy,19.66,82.79666666666667,0.0,1.7533333333333334,0.0,42.0,60.0,18.0,55.0,0.85,,,0.000327,0.000278,0.0,0.000278
2026-06-01 00:14:00,3,Maize,Mid-season,Clay,19.66,82.79666666666667,0.0,1.7533333333333334,0.0,65.0,75.0,30.0,65.0,1.2,,,0.000327,0.000392,0.0,0.000392
2026-06-01 00:15:00,1,Tomato,Mid-season,Loam,19.65,82.825,0.0,1.75,0.0,55.0,70.0,25.0,60.0,1.15,,,0.000215,0.000247,0.0,0.000247
2026-06-01 00:15:00,2,Wheat,Development,Sandy,19.65,82.825,0.0,1.75,0.0,42.0,60.0,18.0,55.0,0.85,,,0.000215,0.000183,0.0,0.000183
2026-06-01 00:15:00,3,Maize,Mid-season,Clay,19.65,82.825,0.0,1.75,0.0,65.0,75.0,30.0,65.0,1.2,,,0.000215,0.000258,0.0,0.000258
2026-06-01 00:16:00,1,Tomato,Mid-season,Loam,19.64,82.85333333333334,0.0,1.7466666666666668,0.0,55.0,70.0,25.0,60.0,1.15,,,0.00027,0.00031,0.0,0.00031
2026-06-01 00:16:00,2,Wheat,Development,Sandy,19.64,82.85333333333334,0.0,1.7466666666666668,0.0,42.0,60.0,18.0,55.0,0.85,,,0.00027,0.00023,0.0,0.00023
2026-06-01 00:16:00,3,Maize,Mid-season,Clay,19.64,82.85333333333334,0.0,1.7466666666666668,0.0,65.0,75.0,30.0,65.0,1.2,,,0.00027,0.000324,0.0,0.000324
2026-06-01 00:17:00,1,Tomato,Mid-season,Loam,19.63,82.88166666666667,0.0,1.7433333333333334,0.0,55.0,70.0,25.0,60.0,1.15,,,0.000224,0.000258,0.0,0.000258
2026-06-01 00:17:00,2,Wheat,Development,Sandy,19.63,82.88166666666667,0.0,1.7433333333333334,0.0,42.0,60.0,18.0,55.0,0.85,,,0.000224,0.00019,0.0,0.00019
2026-06-01 00:17:00,3,Maize,Mid-season,Clay,19.63,82.88166666666667,0.0,1.7433333333333334,0.0,65.0,75.0,30.0,65.0,1.2,,,0.000224,0.000269,0.0,0.000269
2026-06-01 00:18:00,1,Tomato,Mid-season,Loam,19.62,82.91,0.0,1.74,0.0,55.0,70.0,25.0,60.0,1.15,,,0.000283,0.000325,0.0,0.000325
2026-06-01 00:18:00,2,Wheat,Development,Sandy,19.62,82.91,0.0,1.74,0.0,42.0,60.0,18.0,55.0,0.85,,,0.000283,0.000241,0.0,0.000241
2026-06-01 00:18:00,3,Maize,Mid-season,Clay,19.62,82.91,0.0,1.74,0.0,65.0,75.0,30.0,65.0,1.2,,,0.000283,0.00034,0.0,0.00034
2026-06-01 00:19:00,1,Tomato,Mid-season,Loam,19.61,82.93833333333333,0.0,1.7366666666666668,0.0,55.0,70.0,25.0,60.0,1.15,,,0.000235,0.00027,0.0,0.00027
2026-06-01 00:19:00,2,Wheat,Development,Sandy,19.61,82.93833333333333,0.0,1.7366666666666668,0.0,42.0,60.0,18.0,55.0,0.85,,,0.000235,0.0002,0.0,0.0002
2026-06-01 00:19:00,3,Maize,Mid-season,Clay,19.61,82.93833333333333,0.0,1.7366666666666668,0.0,65.0,75.0,30.0,65.0,1.2,,,0.000235,0.000282,0.0,0.000282
2026-06-01 00:20:00,1,Tomato,Mid-season,Loam,19.6,82.96666666666667,0.0,1.7333333333333334,0.0,55.0,70.0,25.0,60.0,1.15,,,0.000119,0.000137,0.0,0.000137
2026-06-01 00:20:00,2,Wheat,Development,Sandy,19.6,82.96666666666667,0.0,1.7333333333333334,0.0,42.0,60.0,18.0,55.0,0.85,,,0.000119,0.000101,0.0,0.000101
2026-06-01 00:20:00,3,Maize,Mid-season,Clay,19.6,82.96666666666667,0.0,1.7333333333333334,0.0,65.0,75.0,30.0,65.0,1.2,,,0.000119,0.000143,0.0,0.000143
2026-06-01 00:21:00,1,Tomato,Mid-season,Loam,19.59,82.995,0.0,1.73,0.0,55.0,70.0,25.0,60.0,1.15,,,0.00034,0.000391,0.0,0.000391
2026-06-01 00:21:00,2,Wheat,Development,Sandy,19.59,82.995,0.0,1.73,0.0,42.0,60.0,18.0,55.0,0.85,,,0.00034,0.000289,0.0,0.000289
2026-06-01 00:21:00,3,Maize,Mid-season,Clay,19.59,82.995,0.0,1.73,0.0,65.0,75.0,30.0,65.0,1.2,,,0.00034,0.000408,0.0,0.000408
2026-06-01 00:22:00,1,Tomato,Mid-season,Loam,19.58,83.02333333333334,0.0,1.7266666666666668,0.0,55.0,70.0,25.0,60.0,1.15,,,0.000246,0.000283,0.0,0.000283
2026-06-01 00:22:00,2,Wheat,Development,Sandy,19.58,83.02333333333334,0.0,1.7266666666666668,0.0,42.0,60.0,18.0,55.0,0.85,,,0.000246,0.000209,0.0,0.000209
2026-06-01 00:22:00,3,Maize,Mid-season,Clay,19.58,83.02333333333334,0.0,1.7266666666666668,0.0,65.0,75.0,30.0,65.0,1.2,,,0.000246,0.000295,0.0,0.000295
2026-06-01 00:23:00,1,Tomato,Mid-season,Loam,19.57,83.05166666666666,0.0,1.7233333333333334,0.0,55.0,70.0,25.0,60.0,1.15,,,0.00022,0.000253,0.0,0.000253
2026-06-01 00:23:00,2,Wheat,Development,Sandy,19.57,83.05166666666666,0.0,1.7233333333333334,0.0,42.0,60.0,18.0,55.0,0.85,,,0.00022,0.000187,0.0,0.000187
2026-06-01 00:23:00,3,Maize,Mid-season,Clay,19.57,83.05166666666666,0.0,1.7233333333333334,0.0,65.0,75.0,30.0,65.0,1.2,,,0.00022,0.000264,0.0,0.000264
2026-06-01 00:24:00,1,Tomato,Mid-season,Loam,19.56,83.08,0.0,1.72,0.0,55.0,70.0,25.0,60.0,1.15,,,0.00021,0.000242,0.0,0.000242
2026-06-01 00:24:00,2,Wheat,Development,Sandy,19.56,83.08,0.0,1.72,0.0,42.0,60.0,18.0,55.0,0.85,,,0.00021,0.000178,0.0,0.000178
2026-06-01 00:24:00,3,Maize,Mid-season,Clay,19.56,83.08,0.0,1.72,0.0,65.0,75.0,30.0,65.0,1.2,,,0.00021,0.000252,0.0,0.000252
2026-06-01 00:25:00,1,Tomato,Mid-season,Loam,19.55,83.10833333333333,0.0,1.7166666666666668,0.0,55.0,70.0,25.0,60.0,1.15,,,0.000264,0.000304,0.0,0.000304
2026-06-01 00:25:00,2,Wheat,Development,Sandy,19.55,83.10833333333333,0.0,1.7166666666666668,0.0,42.0,60.0,18.0,55.0,0.85,,,0.000264,0.000224,0.0,0.000224
2026-06-01 00:25:00,3,Maize,Mid-season,Clay,19.55,83.10833333333333,0.0,1.7166666666666668,0.0,65.0,75.0,30.0,65.0,1.2,,,0.000264,0.000317,0.0,0.000317
2026-06-01 00:26:00,1,Tomato,Mid-season,Loam,19.54,83.13666666666667,0.0,1.7133333333333334,0.0,55.0,70.0,25.0,60.0,1.15,,,0.000176,0.000202,0.0,0.000202
2026-06-01 00:26:00,2,Wheat,Development,Sandy,19.54,83.13666666666667,0.0,1.7133333333333334,0.0,42.0,60.0,18.0,55.0,0.85,,,0.000176,0.00015,0.0,0.00015
2026-06-01 00:26:00,3,Maize,Mid-season,Clay,19.54,83.13666666666667,0.0,1.7133333333333334,0.0,65.0,75.0,30.0,65.0,1.2,,,0.000176,0.000211,0.0,0.000211
2026-06-01 00:27:00,1,Tomato,Mid-season,Loam,19.53,83.165,0.0,1.71,0.0,55.0,70.0,25.0,60.0,1.15,,,8.5e-05,9.8e-05,0.0,9.8e-05
2026-06-01 00:27:00,2,Wheat,Development,Sandy,19.53,83.165,0.0,1.71,0.0,42.0,60.0,18.0,55.0,0.85,,,8.5e-05,7.2e-05,0.0,7.2e-05
2026-06-01 00:27:00,3,Maize,Mid-season,Clay,19.53,83.165,0.0,1.71,0.0,65.0,75.0,30.0,65.0,1.2,,,8.5e-05,0.000102,0.0,0.000102
2026-06-01 00:28:00,1,Tomato,Mid-season,Loam,19.52,83.19333333333333,0.0,1.7066666666666668,0.0,55.0,70.0,25.0,60.0,1.15,,,0.00028,0.000322,0.0,0.000322
2026-06-01 00:28:00,2,Wheat,Development,Sandy,19.52,83.19333333333333,0.0,1.7066666666666668,0.0,42.0,60.0,18.0,55.0,0.85,,,0.00028,0.000238,0.0,0.000238
2026-06-01 00:28:00,3,Maize,Mid-season,Clay,19.52,83.19333333333333,0.0,1.7066666666666668,0.0,65.0,75.0,30.0,65.0,1.2,,,0.00028,0.000336,0.0,0.000336
2026-06-01 00:29:00,1,Tomato,Mid-season,Loam,19.51,83.22166666666666,0.0,1.7033333333333334,0.0,55.0,70.0,25.0,60.0,1.15,,,0.000263,0.000302,0.0,0.000302
2026-06-01 00:29:00,2,Wheat,Development,Sandy,19.51,83.22166666666666,0.0,1.7033333333333334,0.0,42.0,60.0,18.0,55.0,0.85,,,0.000263,0.000224,0.0,0.000224
2026-06-01 00:29:00,3,Maize,Mid-season,Clay,19.51,83.22166666666666,0.0,1.7033333333333334,0.0,65.0,75.0,30.0,65.0,1.2,,,0.000263,0.000316,0.0,0.000316
2026-06-01 00:30:00,1,Tomato,Mid-season,Loam,19.5,83.25,0.0,1.7000000000000002,0.0,55.0,70.0,25.0,60.0,1.15,,,0.000245,0.000282,0.0,0.000282
2026-06-01 00:30:00,2,Wheat,Development,Sandy,19.5,83.25,0.0,1.7000000000000002,0.0,42.0,60.0,18.0,55.0,0.85,,,0.000245,0.000208,0.0,0.000208
2026-06-01 00:30:00,3,Maize,Mid-season,Clay,19.5,83.25,0.0,1.7000000000000002,0.0,65.0,75.0,30.0,65.0,1.2,,,0.000245,0.000294,0.0,0.000294
2026-06-01 00:31:00,1,Tomato,Mid-season,Loam,19.49,83.27833333333334,0.0,1.6966666666666668,0.0,55.0,70.0,25.0,60.0,1.15,,,0.000131,0.000151,0.0,0.000151
2026-06-01 00:31:00,2,Wheat,Development,Sandy,19.49,83.27833333333334,0.0,1.6966666666666668,0.0,42.0,60.0,18.0,55.0,0.85,,,0.000131,0.000111,0.0,0.000111
2026-06-01 00:31:00,3,Maize,Mid-season,Clay,19.49,83.27833333333334,0.0,1.6966666666666668,0.0,65.0,75.0,30.0,65.0,1.2,,,0.000131,0.000157,0.0,0.000157
2026-06-01 00:32:00,1,Tomato,Mid-season,Loam,19.48,83.30666666666667,0.0,1.6933333333333334,0.0,55.0,70.0,25.0,60.0,1.15,,,0.000225,0.000259,0.0,0.000259
2026-06-01 00:32:00,2,Wheat,Development,Sandy,19.48,83.30666666666667,0.0,1.6933333333333334,0.0,42.0,60.0,18.0,55.0,0.85,,,0.000225,0.000191,0.0,0.000191
2026-06-01 00:32:00,3,Maize,Mid-season,Clay,19.48,83.30666666666667,0.0,1.6933333333333334,0.0,65.0,75.0,30.0,65.0,1.2,,,0.000225,0.00027,0.0,0.00027
2026-06-01 00:33:00,1,Tomato,Mid-season,Loam,19.47,83.335,0.0,1.6900000000000002,0.0,55.0,70.0,25.0,60.0,1.15,,,0.000139,0.00016,0.0,0.00016
2026-06-01 00:33:00,2,Wheat,Development,Sandy,19.47,83.335,0.0,1.6900000000000002,0.0,42.0,60.0,18.0,55.0,0.85,,,0.000139,0.000118,0.0,0.000118
2026-06-01 00:33:00,3,Maize,Mid-season,Clay,19.47,83.335,0.0,1.6900000000000002,0.0,65.0,75.0,30.0,65.0,1.2,,,0.000139,0.000167,0.0,0.000167
2026-06-01 00:34:00,1,Tomato,Mid-season,Loam,19.46,83.36333333333333,0.0,1.6866666666666668,0.0,55.0,70.0,25.0,60.0,1.15,,,0.000156,0.000179,0.0,0.000179
2026-06-01 00:34:00,2,Wheat,Development,Sandy,19.46,83.36333333333333,0.0,1.6866666666666668,0.0,42.0,60.0,18.0,55.0,0.85,,,0.000156,0.000133,0.0,0.000133
2026-06-01 00:34:00,3,Maize,Mid-season,Clay,19.46,83.36333333333333,0.0,1.6866666666666668,0.0,65.0,75.0,30.0,65.0,1.2,,,0.000156,0.000187,0.0,0.000187
2026-06-01 00:35:00,1,Tomato,Mid-season,Loam,19.45,83.39166666666667,0.0,1.6833333333333331,0.0,55.0,70.0,25.0,60.0,1.15,,,0.000159,0.000183,0.0,0.000183
2026-06-01 00:35:00,2,Wheat,Development,Sandy,19.45,83.39166666666667,0.0,1.6833333333333331,0.0,42.0,60.0,18.0,55.0,0.85,,,0.000159,0.000135,0.0,0.000135
2026-06-01 00:35:00,3,Maize,Mid-season,Clay,19.45,83.39166666666667,0.0,1.6833333333333331,0.0,65.0,75.0,30.0,65.0,1.2,,,0.000159,0.000191,0.0,0.000191
2026-06-01 00:36:00,1,Tomato,Mid-season,Loam,19.44,83.42,0.0,1.6800000000000002,0.0,55.0,70.0,25.0,60.0,1.15,,,0.000247,0.000284,0.0,0.000284
2026-06-01 00:36:00,2,Wheat,Development,Sandy,19.44,83.42,0.0,1.6800000000000002,0.0,42.0,60.0,18.0,55.0,0.85,,,0.000247,0.00021,0.0,0.00021
2026-06-01 00:36:00,3,Maize,Mid-season,Clay,19.44,83.42,0.0,1.6800000000000002,0.0,65.0,75.0,30.0,65.0,1.2,,,0.000247,0.000296,0.0,0.000296
2026-06-01 00:37:00,1,Tomato,Mid-season,Loam,19.43,83.44833333333334,0.0,1.6766666666666667,0.0,55.0,70.0,25.0,60.0,1.15,,,0.000163,0.000187,0.0,0.000187
2026-06-01 00:37:00,2,Wheat,Development,Sandy,19.43,83.44833333333334,0.0,1.6766666666666667,0.0,42.0,60.0,18.0,55.0,0.85,,,0.000163,0.000139,0.0,0.000139
2026-06-01 00:37:00,3,Maize,Mid-season,Clay,19.43,83.44833333333334,0.0,1.6766666666666667,0.0,65.0,75.0,30.0,65.0,1.2,,,0.000163,0.000196,0.0,0.000196
2026-06-01 00:38:00,1,Tomato,Mid-season,Loam,19.42,83.47666666666666,0.0,1.6733333333333331,0.0,55.0,70.0,25.0,60.0,1.15,,,0.000185,0.000213,0.0,0.000213
2026-06-01 00:38:00,2,Wheat,Development,Sandy,19.42,83.47666666666666,0.0,1.6733333333333331,0.0,42.0,60.0,18.0,55.0,0.85,,,0.000185,0.000157,0.0,0.000157
2026-06-01 00:38:00,3,Maize,Mid-season,Clay,19.42,83.47666666666666,0.0,1.6733333333333331,0.0,65.0,75.0,30.0,65.0,1.2,,,0.000185,0.000222,0.0,0.000222
2026-06-01 00:39:00,1,Tomato,Mid-season,Loam,19.41,83.505,0.0,1.6700000000000002,0.0,55.0,70.0,25.0,60.0,1.15,,,0.000323,0.000371,0.0,0.000371
2026-06-01 00:39:00,2,Wheat,Development,Sandy,19.41,83.505,0.0,1.6700000000000002,0.0,42.0,60.0,18.0,55.0,0.85,,,0.000323,0.000275,0.0,0.000275
2026-06-01 00:39:00,3,Maize,Mid-season,Clay,19.41,83.505,0.0,1.6700000000000002,0.0,65.0,75.0,30.0,65.0,1.2,,,0.000323,0.000388,0.0,0.000388
2026-06-01 00:40:00,1,Tomato,Mid-season,Loam,19.4,83.53333333333333,0.0,1.6666666666666667,0.0,55.0,70.0,25.0,60.0,1.15,,,0.000242,0.000278,0.0,0.000278
2026-06-01 00:40:00,2,Wheat,Development,Sandy,19.4,83.53333333333333,0.0,1.6666666666666667,0.0,42.0,60.0,18.0,55.0,0.85,,,0.000242,0.000206,0.0,0.000206
2026-06-01 00:40:00,3,Maize,Mid-season,Clay,19.4,83.53333333333333,0.0,1.6666666666666667,0.0,65.0,75.0,30.0,65.0,1.2,,,0.000242,0.00029,0.0,0.00029
2026-06-01 00:41:00,1,Tomato,Mid-season,Loam,19.39,83.56166666666667,0.0,1.663333333333333,0.0,55.0,70.0,25.0,60.0,1.15,,,0.000226,0.00026,0.0,0.00026
2026-06-01 00:41:00,2,Wheat,Development,Sandy,19.39,83.56166666666667,0.0,1.663333333333333,0.0,42.0,60.0,18.0,55.0,0.85,,,0.000226,0.000192,0.0,0.000192
2026-06-01 00:41:00,3,Maize,Mid-season,Clay,19.39,83.56166666666667,0.0,1.663333333333333,0.0,65.0,75.0,30.0,65.0,1.2,,,0.000226,0.000271,0.0,0.000271
2026-06-01 00:42:00,1,Tomato,Mid-season,Loam,19.38,83.59,0.0,1.66,0.0,55.0,70.0,25.0,60.0,1.15,,,0.000185,0.000213,0.0,0.000213
2026-06-01 00:42:00,2,Wheat,Development,Sandy,19.38,83.59,0.0,1.66,0.0,42.0,60.0,18.0,55.0,0.85,,,0.000185,0.000157,0.0,0.000157
2026-06-01 00:42:00,3,Maize,Mid-season,Clay,19.38,83.59,0.0,1.66,0.0,65.0,75.0,30.0,65.0,1.2,,,0.000185,0.000222,0.0,0.000222
2026-06-01 00:43:00,1,Tomato,Mid-season,Loam,19.37,83.61833333333333,0.0,1.6566666666666667,0.0,55.0,70.0,25.0,60.0,1.15,,,0.000169,0.000194,0.0,0.000194
2026-06-01 00:43:00,2,Wheat,Development,Sandy,19.37,83.61833333333333,0.0,1.6566666666666667,0.0,42.0,60.0,18.0,55.0,0.85,,,0.000169,0.000144,0.0,0.000144
2026-06-01 00:43:00,3,Maize,Mid-season,Clay,19.37,83.61833333333333,0.0,1.6566666666666667,0.0,65.0,75.0,30.0,65.0,1.2,,,0.000169,0.000203,0.0,0.000203
2026-06-01 00:44:00,1,Tomato,Mid-season,Loam,19.36,83.64666666666666,0.0,1.653333333333333,0.0,55.0,70.0,25.0,60.0,1.15,,,6e-05,6.9e-05,0.0,6.9e-05
2026-06-01 00:44:00,2,Wheat,Development,Sandy,19.36,83.64666666666666,0.0,1.653333333333333,0.0,42.0,60.0,18.0,55.0,0.85,,,6e-05,5.1e-05,0.0,5.1e-05
2026-06-01 00:44:00,3,Maize,Mid-season,Clay,19.36,83.64666666666666,0.0,1.653333333333333,0.0,65.0,75.0,30.0,65.0,1.2,,,6e-05,7.2e-05,0.0,7.2e-05
2026-06-01 00:45:00,1,Tomato,Mid-season,Loam,19.35,83.675,0.0,1.65,0.0,55.0,70.0,25.0,60.0,1.15,,,0.000242,0.000278,0.0,0.000278
2026-06-01 00:45:00,2,Wheat,Development,Sandy,19.35,83.675,0.0,1.65,0.0,42.0,60.0,18.0,55.0,0.85,,,0.000242,0.000206,0.0,0.000206
2026-06-01 00:45:00,3,Maize,Mid-season,Clay,19.35,83.675,0.0,1.65,0.0,65.0,75.0,30.0,65.0,1.2,,,0.000242,0.00029,0.0,0.00029
2026-06-01 00:46:00,1,Tomato,Mid-season,Loam,19.34,83.70333333333333,0.0,1.6466666666666667,0.0,55.0,70.0,25.0,60.0,1.15,,,0.000219,0.000252,0.0,0.000252
2026-06-01 00:46:00,2,Wheat,Development,Sandy,19.34,83.70333333333333,0.0,1.6466666666666667,0.0,42.0,60.0,18.0,55.0,0.85,,,0.000219,0.000186,0.0,0.000186
2026-06-01 00:46:00,3,Maize,Mid-season,Clay,19.34,83.70333333333333,0.0,1.6466666666666667,0.0,65.0,75.0,30.0,65.0,1.2,,,0.000219,0.000263,0.0,0.000263
2026-06-01 00:47:00,1,Tomato,Mid-season,Loam,19.33,83.73166666666667,0.0,1.6433333333333335,0.0,55.0,70.0,25.0,60.0,1.15,,,0.000177,0.000204,0.0,0.000204
2026-06-01 00:47:00,2,Wheat,Development,Sandy,19.33,83.73166666666667,0.0,1.6433333333333335,0.0,42.0,60.0,18.0,55.0,0.85,,,0.000177,0.00015,0.0,0.00015
2026-06-01 00:47:00,3,Maize,Mid-season,Clay,19.33,83.73166666666667,0.0,1.6433333333333335,0.0,65.0,75.0,30.0,65.0,1.2,,,0.000177,0.000212,0.0,0.000212
2026-06-01 00:48:00,1,Tomato,Mid-season,Loam,19.32,83.75999999999999,0.0,1.64,0.0,55.0,70.0,25.0,60.0,1.15,,,0.0002,0.00023,0.0,0.00023
2026-06-01 00:48:00,2,Wheat,Development,Sandy,19.32,83.75999999999999,0.0,1.64,0.0,42.0,60.0,18.0,55.0,0.85,,,0.0002,0.00017,0.0,0.00017
2026-06-01 00:48:00,3,Maize,Mid-season,Clay,19.32,83.75999999999999,0.0,1.64,0.0,65.0,75.0,30.0,65.0,1.2,,,0.0002,0.00024,0.0,0.00024
2026-06-01 00:49:00,1,Tomato,Mid-season,Loam,19.31,83.78833333333333,0.0,1.6366666666666667,0.0,55.0,70.0,25.0,60.0,1.15,,,0.000232,0.000267,0.0,0.000267
2026-06-01 00:49:00,2,Wheat,Development,Sandy,19.31,83.78833333333333,0.0,1.6366666666666667,0.0,42.0,60.0,18.0,55.0,0.85,,,0.000232,0.000197,0.0,0.000197
2026-06-01 00:49:00,3,Maize,Mid-season,Clay,19.31,83.78833333333333,0.0,1.6366666666666667,0.0,65.0,75.0,30.0,65.0,1.2,,,0.000232,0.000278,0.0,0.000278
2026-06-01 00:50:00,1,Tomato,Mid-season,Loam,19.3,83.81666666666666,0.0,1.6333333333333333,0.0,55.0,70.0,25.0,60.0,1.15,,,9.3e-05,0.000107,0.0,0.000107
2026-06-01 00:50:00,2,Wheat,Development,Sandy,19.3,83.81666666666666,0.0,1.6333333333333333,0.0,42.0,60.0,18.0,55.0,0.85,,,9.3e-05,7.9e-05,0.0,7.9e-05
2026-06-01 00:50:00,3,Maize,Mid-season,Clay,19.3,83.81666666666666,0.0,1.6333333333333333,0.0,65.0,75.0,30.0,65.0,1.2,,,9.3e-05,0.000112,0.0,0.000112
2026-06-01 00:51:00,1,Tomato,Mid-season,Loam,19.29,83.845,0.0,1.63,0.0,55.0,70.0,25.0,60.0,1.15,,,0.000139,0.00016,0.0,0.00016
2026-06-01 00:51:00,2,Wheat,Development,Sandy,19.29,83.845,0.0,1.63,0.0,42.0,60.0,18.0,55.0,0.85,,,0.000139,0.000118,0.0,0.000118
2026-06-01 00:51:00,3,Maize,Mid-season,Clay,19.29,83.845,0.0,1.63,0.0,65.0,75.0,30.0,65.0,1.2,,,0.000139,0.000167,0.0,0.000167
2026-06-01 00:52:00,1,Tomato,Mid-season,Loam,19.28,83.87333333333333,0.0,1.6266666666666667,0.0,55.0,70.0,25.0,60.0,1.15,,,8.4e-05,9.7e-05,0.0,9.7e-05
2026-06-01 00:52:00,2,Wheat,Development,Sandy,19.28,83.87333333333333,0.0,1.6266666666666667,0.0,42.0,60.0,18.0,55.0,0.85,,,8.4e-05,7.1e-05,0.0,7.1e-05
2026-06-01 00:52:00,3,Maize,Mid-season,Clay,19.28,83.87333333333333,0.0,1.6266666666666667,0.0,65.0,75.0,30.0,65.0,1.2,,,8.4e-05,0.000101,0.0,0.000101
2026-06-01 00:53:00,1,Tomato,Mid-season,Loam,19.27,83.90166666666666,0.0,1.6233333333333335,0.0,55.0,70.0,25.0,60.0,1.15,,,0.000258,0.000297,0.0,0.000297
2026-06-01 00:53:00,2,Wheat,Development,Sandy,19.27,83.90166666666666,0.0,1.6233333333333335,0.0,42.0,60.0,18.0,55.0,0.85,,,0.000258,0.000219,0.0,0.000219
2026-06-01 00:53:00,3,Maize,Mid-season,Clay,19.27,83.90166666666666,0.0,1.6233333333333335,0.0,65.0,75.0,30.0,65.0,1.2,,,0.000258,0.00031,0.0,0.00031
2026-06-01 00:54:00,1,Tomato,Mid-season,Loam,19.26,83.92999999999999,0.0,1.62,0.0,55.0,70.0,25.0,60.0,1.15,,,0.000227,0.000261,0.0,0.000261
2026-06-01 00:54:00,2,Wheat,Development,Sandy,19.26,83.92999999999999,0.0,1.62,0.0,42.0,60.0,18.0,55.0,0.85,,,0.000227,0.000193,0.0,0.000193
2026-06-01 00:54:00,3,Maize,Mid-season,Clay,19.26,83.92999999999999,0.0,1.62,0.0,65.0,75.0,30.0,65.0,1.2,,,0.000227,0.000272,0.0,0.000272
2026-06-01 00:55:00,1,Tomato,Mid-season,Loam,19.25,83.95833333333333,0.0,1.6166666666666667,0.0,55.0,70.0,25.0,60.0,1.15,,,5.2e-05,6e-05,0.0,6e-05
2026-06-01 00:55:00,2,Wheat,Development,Sandy,19.25,83.95833333333333,0.0,1.6166666666666667,0.0,42.0,60.0,18.0,55.0,0.85,,,5.2e-05,4.4e-05,0.0,4.4e-05
2026-06-01 00:55:00,3,Maize,Mid-season,Clay,19.25,83.95833333333333,0.0,1.6166666666666667,0.0,65.0,75.0,30.0,65.0,1.2,,,5.2e-05,6.2e-05,0.0,6.2e-05
2026-06-01 00:56:00,1,Tomato,Mid-season,Loam,19.24,83.98666666666666,0.0,1.6133333333333335,0.0,55.0,70.0,25.0,60.0,1.15,,,8.9e-05,0.000102,0.0,0.000102
2026-06-01 00:56:00,2,Wheat,Development,Sandy,19.24,83.98666666666666,0.0,1.6133333333333335,0.0,42.0,60.0,18.0,55.0,0.85,,,8.9e-05,7.6e-05,0.0,7.6e-05
2026-06-01 00:56:00,3,Maize,Mid-season,Clay,19.24,83.98666666666666,0.0,1.6133333333333335,0.0,65.0,75.0,30.0,65.0,1.2,,,8.9e-05,0.000107,0.0,0.000107
2026-06-01 00:57:00,1,Tomato,Mid-season,Loam,19.23,84.015,0.0,1.61,0.0,55.0,70.0,25.0,60.0,1.15,,,0.000158,0.000182,0.0,0.000182
2026-06-01 00:57:00,2,Wheat,Development,Sandy,19.23,84.015,0.0,1.61,0.0,42.0,60.0,18.0,55.0,0.85,,,0.000158,0.000134,0.0,0.000134
2026-06-01 00:57:00,3,Maize,Mid-season,Clay,19.23,84.015,0.0,1.61,0.0,65.0,75.0,30.0,65.0,1.2,,,0.000158,0.00019,0.0,0.00019
2026-06-01 00:58:00,1,Tomato,Mid-season,Loam,19.22,84.04333333333332,0.0,1.606666666666667,0.0,55.0,70.0,25.0,60.0,1.15,,,0.000132,0.000152,0.0,0.000152
2026-06-01 00:58:00,2,Wheat,Development,Sandy,19.22,84.04333333333332,0.0,1.606666666666667,0.0,42.0,60.0,18.0,55.0,0.85,,,0.000132,0.000112,0.0,0.000112
2026-06-01 00:58:00,3,Maize,Mid-season,Clay,19.22,84.04333333333332,0.0,1.606666666666667,0.0,65.0,75.0,30.0,65.0,1.2,,,0.000132,0.000158,0.0,0.000158
2026-06-01 00:59:00,1,Tomato,Mid-season,Loam,19.21,84.07166666666666,0.0,1.6033333333333335,0.0,55.0,70.0,25.0,60.0,1.15,,,9.8e-05,0.000113,0.0,0.000113
2026-06-01 00:59:00,2,Wheat,Development,Sandy,19.21,84.07166666666666,0.0,1.6033333333333335,0.0,42.0,60.0,18.0,55.0,0.85,,,9.8e-05,8.3e-05,0.0,8.3e-05
2026-06-01 00:59:00,3,Maize,Mid-season,Clay,19.21,84.07166666666666,0.0,1.6033333333333335,0.0,65.0,75.0,30.0,65.0,1.2,,,9.8e-05,0.000118,0.0,0.000118
2026-06-01 01:00:00,1,Tomato,Mid-season,Loam,19.2,84.1,0.0,1.6,0.0,55.0,70.0,25.0,60.0,1.15,,,0.000226,0.00026,0.0,0.00026
2026-06-01 01:00:00,2,Wheat,Development,Sandy,19.2,84.1,0.0,1.6,0.0,42.0,60.0,18.0,55.0,0.85,,,0.000226,0.000192,0.0,0.000192
2026-06-01 01:00:00,3,Maize,Mid-season,Clay,19.2,84.1,0.0,1.6,0.0,65.0,75.0,30.0,65.0,1.2,,,0.000226,0.000271,0.0,0.000271
2026-06-01 01:01:00,1,Tomato,Mid-season,Loam,19.191666666666663,84.125,0.0,1.5983333333333334,0.0,55.0,70.0,25.0,60.0,1.15,,,0.000157,0.000181,0.0,0.000181
2026-06-01 01:01:00,2,Wheat,Development,Sandy,19.191666666666663,84.125,0.0,1.5983333333333334,0.0,42.0,60.0,18.0,55.0,0.85,,,0.000157,0.000133,0.0,0.000133
2026-06-01 01:01:00,3,Maize,Mid-season,Clay,19.191666666666663,84.125,0.0,1.5983333333333334,0.0,65.0,75.0,30.0,65.0,1.2,,,0.000157,0.000188,0.0,0.000188
2026-06-01 01:02:00,1,Tomato,Mid-season,Loam,19.183333333333334,84.14999999999999,0.0,1.596666666666667,0.0,55.0,70.0,25.0,60.0,1.15,,,0.000182,0.000209,0.0,0.000209
2026-06-01 01:02:00,2,Wheat,Development,Sandy,19.183333333333334,84.14999999999999,0.0,1.596666666666667,0.0,42.0,60.0,18.0,55.0,0.85,,,0.000182,0.000155,0.0,0.000155
2026-06-01 01:02:00,3,Maize,Mid-season,Clay,19.183333333333334,84.14999999999999,0.0,1.596666666666667,0.0,65.0,75.0,30.0,65.0,1.2,,,0.000182,0.000218,0.0,0.000218
2026-06-01 01:03:00,1,Tomato,Mid-season,Loam,19.175,84.175,0.0,1.5950000000000002,0.0,55.0,70.0,25.0,60.0,1.15,,,0.000121,0.000139,0.0,0.000139
2026-06-01 01:03:00,2,Wheat,Development,Sandy,19.175,84.175,0.0,1.5950000000000002,0.0,42.0,60.0,18.0,55.0,0.85,,,0.000121,0.000103,0.0,0.000103
2026-06-01 01:03:00,3,Maize,Mid-season,Clay,19.175,84.175,0.0,1.5950000000000002,0.0,65.0,75.0,30.0,65.0,1.2,,,0.000121,0.000145,0.0,0.000145
2026-06-01 01:04:00,1,Tomato,Mid-season,Loam,19.166666666666664,84.19999999999999,0.0,1.5933333333333335,0.0,55.0,70.0,25.0,60.0,1.15,,,0.0002,0.00023,0.0,0.00023
2026-06-01 01:04:00,2,Wheat,Development,Sandy,19.166666666666664,84.19999999999999,0.0,1.5933333333333335,0.0,42.0,60.0,18.0,55.0,0.85,,,0.0002,0.00017,0.0,0.00017
2026-06-01 01:04:00,3,Maize,Mid-season,Clay,19.166666666666664,84.19999999999999,0.0,1.5933333333333335,0.0,65.0,75.0,30.0,65.0,1.2,,,0.0002,0.00024,0.0,0.00024
2026-06-01 01:05:00,1,Tomato,Mid-season,Loam,19.15833333333333,84.225,0.0,1.5916666666666668,0.0,55.0,70.0,25.0,60.0,1.15,,,0.000132,0.000152,0.0,0.000152
2026-06-01 01:05:00,2,Wheat,Development,Sandy,19.15833333333333,84.225,0.0,1.5916666666666668,0.0,42.0,60.0,18.0,55.0,0.85,,,0.000132,0.000112,0.0,0.000112
2026-06-01 01:05:00,3,Maize,Mid-season,Clay,19.15833333333333,84.225,0.0,1.5916666666666668,0.0,65.0,75.0,30.0,65.0,1.2,,,0.000132,0.000158,0.0,0.000158
2026-06-01 01:06:00,1,Tomato,Mid-season,Loam,19.15,84.25,0.0,1.59,0.0,55.0,70.0,25.0,60.0,1.15,,,0.000111,0.000128,0.0,0.000128
2026-06-01 01:06:00,2,Wheat,Development,Sandy,19.15,84.25,0.0,1.59,0.0,42.0,60.0,18.0,55.0,0.85,,,0.000111,9.4e-05,0.0,9.4e-05
2026-06-01 01:06:00,3,Maize,Mid-season,Clay,19.15,84.25,0.0,1.59,0.0,65.0,75.0,30.0,65.0,1.2,,,0.000111,0.000133,0.0,0.000133
2026-06-01 01:07:00,1,Tomato,Mid-season,Loam,19.141666666666666,84.27499999999999,0.0,1.5883333333333334,0.0,55.0,70.0,25.0,60.0,1.15,,,0.00017,0.000196,0.0,0.000196
2026-06-01 01:07:00,2,Wheat,Development,Sandy,19.141666666666666,84.27499999999999,0.0,1.5883333333333334,0.0,42.0,60.0,18.0,55.0,0.85,,,0.00017,0.000145,0.0,0.000145
2026-06-01 01:07:00,3,Maize,Mid-season,Clay,19.141666666666666,84.27499999999999,0.0,1.5883333333333334,0.0,65.0,75.0,30.0,65.0,1.2,,,0.00017,0.000204,0.0,0.000204
2026-06-01 01:08:00,1,Tomato,Mid-season,Loam,19.133333333333333,84.3,0.0,1.586666666666667,0.0,55.0,70.0,25.0,60.0,1.15,,,4.9e-05,5.6e-05,0.0,5.6e-05
2026-06-01 01:08:00,2,Wheat,Development,Sandy,19.133333333333333,84.3,0.0,1.586666666666667,0.0,42.0,60.0,18.0,55.0,0.85,,,4.9e-05,4.2e-05,0.0,4.2e-05
2026-06-01 01:08:00,3,Maize,Mid-season,Clay,19.133333333333333,84.3,0.0,1.586666666666667,0.0,65.0,75.0,30.0,65.0,1.2,,,4.9e-05,5.9e-05,0.0,5.9e-05
2026-06-01 01:09:00,1,Tomato,Mid-season,Loam,19.125,84.32499999999999,0.0,1.585,0.0,55.0,70.0,25.0,60.0,1.15,,,0.00021,0.000242,0.0,0.000242
2026-06-01 01:09:00,2,Wheat,Development,Sandy,19.125,84.32499999999999,0.0,1.585,0.0,42.0,60.0,18.0,55.0,0.85,,,0.00021,0.000178,0.0,0.000178
2026-06-01 01:09:00,3,Maize,Mid-season,Clay,19.125,84.32499999999999,0.0,1.585,0.0,65.0,75.0,30.0,65.0,1.2,,,0.00021,0.000252,0.0,0.000252
2026-06-01 01:10:00,1,Tomato,Mid-season,Loam,19.116666666666667,84.35,0.0,1.5833333333333337,0.0,55.0,70.0,25.0,60.0,1.15,,,0.00015,0.000172,0.0,0.000172
2026-06-01 01:10:00,2,Wheat,Development,Sandy,19.116666666666667,84.35,0.0,1.5833333333333337,0.0,42.0,60.0,18.0,55.0,0.85,,,0.00015,0.000127,0.0,0.000127
2026-06-01 01:10:00,3,Maize,Mid-season,Clay,19.116666666666667,84.35,0.0,1.5833333333333337,0.0,65.0,75.0,30.0,65.0,1.2,,,0.00015,0.00018,0.0,0.00018
2026-06-01 01:11:00,1,Tomato,Mid-season,Loam,19.10833333333333,84.375,0.0,1.5816666666666668,0.0,55.0,70.0,25.0,60.0,1.15,,,0.000185,0.000213,0.0,0.000213
2026-06-01 01:11:00,2,Wheat,Development,Sandy,19.10833333333333,84.375,0.0,1.5816666666666668,0.0,42.0,60.0,18.0,55.0,0.85,,,0.000185,0.000157,0.0,0.000157
2026-06-01 01:11:00,3,Maize,Mid-season,Clay,19.10833333333333,84.375,0.0,1.5816666666666668,0.0,65.0,75.0,30.0,65.0,1.2,,,0.000185,0.000222,0.0,0.000222
2026-06-01 01:12:00,1,Tomato,Mid-season,Loam,19.1,84.39999999999999,0.0,1.58,0.0,55.0,70.0,25.0,60.0,1.15,,,6.8e-05,7.8e-05,0.0,7.8e-05
2026-06-01 01:12:00,2,Wheat,Development,Sandy,19.1,84.39999999999999,0.0,1.58,0.0,42.0,60.0,18.0,55.0,0.85,,,6.8e-05,5.8e-05,0.0,5.8e-05
2026-06-01 01:12:00,3,Maize,Mid-season,Clay,19.1,84.39999999999999,0.0,1.58,0.0,65.0,75.0,30.0,65.0,1.2,,,6.8e-05,8.2e-05,0.0,8.2e-05
2026-06-01 01:13:00,1,Tomato,Mid-season,Loam,19.091666666666665,84.425,0.0,1.5783333333333334,0.0,55.0,70.0,25.0,60.0,1.15,,,0.000107,0.000123,0.0,0.000123
2026-06-01 01:13:00,2,Wheat,Development,Sandy,19.091666666666665,84.425,0.0,1.5783333333333334,0.0,42.0,60.0,18.0,55.0,0.85,,,0.000107,9.1e-05,0.0,9.1e-05
2026-06-01 01:13:00,3,Maize,Mid-season,Clay,19.091666666666665,84.425,0.0,1.5783333333333334,0.0,65.0,75.0,30.0,65.0,1.2,,,0.000107,0.000128,0.0,0.000128
2026-06-01 01:14:00,1,Tomato,Mid-season,Loam,19.08333333333333,84.44999999999999,0.0,1.5766666666666669,0.0,55.0,70.0,25.0,60.0,1.15,,,8.7e-05,0.0001,0.0,0.0001
2026-06-01 01:14:00,2,Wheat,Development,Sandy,19.08333333333333,84.44999999999999,0.0,1.5766666666666669,0.0,42.0,60.0,18.0,55.0,0.85,,,8.7e-05,7.4e-05,0.0,7.4e-05
2026-06-01 01:14:00,3,Maize,Mid-season,Clay,19.08333333333333,84.44999999999999,0.0,1.5766666666666669,0.0,65.0,75.0,30.0,65.0,1.2,,,8.7e-05,0.000104,0.0,0.000104
2026-06-01 01:15:00,1,Tomato,Mid-season,Loam,19.075,84.475,0.0,1.5750000000000002,0.0,55.0,70.0,25.0,60.0,1.15,,,0.000161,0.000185,0.0,0.000185
2026-06-01 01:15:00,2,Wheat,Development,Sandy,19.075,84.475,0.0,1.5750000000000002,0.0,42.0,60.0,18.0,55.0,0.85,,,0.000161,0.000137,0.0,0.000137
2026-06-01 01:15:00,3,Maize,Mid-season,Clay,19.075,84.475,0.0,1.5750000000000002,0.0,65.0,75.0,30.0,65.0,1.2,,,0.000161,0.000193,0.0,0.000193
2026-06-01 01:16:00,1,Tomato,Mid-season,Loam,19.066666666666663,84.5,0.0,1.5733333333333337,0.0,55.0,70.0,25.0,60.0,1.15,,,0.000121,0.000139,0.0,0.000139
2026-06-01 01:16:00,2,Wheat,Development,Sandy,19.066666666666663,84.5,0.0,1.5733333333333337,0.0,42.0,60.0,18.0,55.0,0.85,,,0.000121,0.000103,0.0,0.000103
2026-06-01 01:16:00,3,Maize,Mid-season,Clay,19.066666666666663,84.5,0.0,1.5733333333333337,0.0,65.0,75.0,30.0,65.0,1.2,,,0.000121,0.000145,0.0,0.000145
2026-06-01 01:17:00,1,Tomato,Mid-season,Loam,19.058333333333334,84.52499999999999,0.0,1.5716666666666668,0.0,55.0,70.0,25.0,60.0,1.15,,,9.9e-05,0.000114,0.0,0.000114
2026-06-01 01:17:00,2,Wheat,Development,Sandy,19.058333333333334,84.52499999999999,0.0,1.5716666666666668,0.0,42.0,60.0,18.0,55.0,0.85,,,9.9e-05,8.4e-05,0.0,8.4e-05
2026-06-01 01:17:00,3,Maize,Mid-season,Clay,19.058333333333334,84.52499999999999,0.0,1.5716666666666668,0.0,65.0,75.0,30.0,65.0,1.2,,,9.9e-05,0.000119,0.0,0.000119
2026-06-01 01:18:00,1,Tomato,Mid-season,Loam,19.05,84.55,0.0,1.57,0.0,55.0,70.0,25.0,60.0,1.15,,,7e-05,8e-05,0.0,8e-05
2026-06-01 01:18:00,2,Wheat,Development,Sandy,19.05,84.55,0.0,1.57,0.0,42.0,60.0,18.0,55.0,0.85,,,7e-05,5.9e-05,0.0,5.9e-05
2026-06-01 01:18:00,3,Maize,Mid-season,Clay,19.05,84.55,0.0,1.57,0.0,65.0,75.0,30.0,65.0,1.2,,,7e-05,8.4e-05,0.0,8.4e-05
2026-06-01 01:19:00,1,Tomato,Mid-season,Loam,19.041666666666664,84.57499999999999,0.0,1.5683333333333334,0.0,55.0,70.0,25.0,60.0,1.15,,,3.1e-05,3.6e-05,0.0,3.6e-05
2026-06-01 01:19:00,2,Wheat,Development,Sandy,19.041666666666664,84.57499999999999,0.0,1.5683333333333334,0.0,42.0,60.0,18.0,55.0,0.85,,,3.1e-05,2.6e-05,0.0,2.6e-05
2026-06-01 01:19:00,3,Maize,Mid-season,Clay,19.041666666666664,84.57499999999999,0.0,1.5683333333333334,0.0,65.0,75.0,30.0,65.0,1.2,,,3.1e-05,3.7e-05,0.0,3.7e-05
2026-06-01 01:20:00,1,Tomato,Mid-season,Loam,19.03333333333333,84.6,0.0,1.5666666666666669,0.0,55.0,70.0,25.0,60.0,1.15,,,0.000133,0.000153,0.0,0.000153
2026-06-01 01:20:00,2,Wheat,Development,Sandy,19.03333333333333,84.6,0.0,1.5666666666666669,0.0,42.0,60.0,18.0,55.0,0.85,,,0.000133,0.000113,0.0,0.000113
2026-06-01 01:20:00,3,Maize,Mid-season,Clay,19.03333333333333,84.6,0.0,1.5666666666666669,0.0,65.0,75.0,30.0,65.0,1.2,,,0.000133,0.00016,0.0,0.00016
2026-06-01 01:21:00,1,Tomato,Mid-season,Loam,19.025,84.625,0.0,1.565,0.0,55.0,70.0,25.0,60.0,1.15,,,8.7e-05,0.0001,0.0,0.0001
2026-06-01 01:21:00,2,Wheat,Development,Sandy,19.025,84.625,0.0,1.565,0.0,42.0,60.0,18.0,55.0,0.85,,,8.7e-05,7.4e-05,0.0,7.4e-05
2026-06-01 01:21:00,3,Maize,Mid-season,Clay,19.025,84.625,0.0,1.565,0.0,65.0,75.0,30.0,65.0,1.2,,,8.7e-05,0.000104,0.0,0.000104
2026-06-01 01:22:00,1,Tomato,Mid-season,Loam,19.016666666666666,84.64999999999999,0.0,1.5633333333333337,0.0,55.0,70.0,25.0,60.0,1.15,,,7.4e-05,8.5e-05,0.0,8.5e-05
2026-06-01 01:22:00,2,Wheat,Development,Sandy,19.016666666666666,84.64999999999999,0.0,1.5633333333333337,0.0,42.0,60.0,18.0,55.0,0.85,,,7.4e-05,6.3e-05,0.0,6.3e-05
2026-06-01 01:22:00,3,Maize,Mid-season,Clay,19.016666666666666,84.64999999999999,0.0,1.5633333333333337,0.0,65.0,75.0,30.0,65.0,1.2,,,7.4e-05,8.9e-05,0.0,8.9e-05
2026-06-01 01:23:00,1,Tomato,Mid-season,Loam,19.008333333333333,84.675,0.0,1.5616666666666668,0.0,55.0,70.0,25.0,60.0,1.15,,,0.000199,0.000229,0.0,0.000229
2026-06-01 01:23:00,2,Wheat,Development,Sandy,19.008333333333333,84.675,0.0,1.5616666666666668,0.0,42.0,60.0,18.0,55.0,0.85,,,0.000199,0.000169,0.0,0.000169
2026-06-01 01:23:00,3,Maize,Mid-season,Clay,19.008333333333333,84.675,0.0,1.5616666666666668,0.0,65.0,75.0,30.0,65.0,1.2,,,0.000199,0.000239,0.0,0.000239
2026-06-01 01:24:00,1,Tomato,Mid-season,Loam,19.0,84.69999999999999,0.0,1.56,0.0,55.0,70.0,25.0,60.0,1.15,,,9.5e-05,0.000109,0.0,0.000109
2026-06-01 01:24:00,2,Wheat,Development,Sandy,19.0,84.69999999999999,0.0,1.56,0.0,42.0,60.0,18.0,55.0,0.85,,,9.5e-05,8.1e-05,0.0,8.1e-05
2026-06-01 01:24:00,3,Maize,Mid-season,Clay,19.0,84.69999999999999,0.0,1.56,0.0,65.0,75.0,30.0,65.0,1.2,,,9.5e-05,0.000114,0.0,0.000114
2026-06-01 01:25:00,1,Tomato,Mid-season,Loam,18.991666666666667,84.725,0.0,1.5583333333333331,0.0,55.0,70.0,25.0,60.0,1.15,,,0.0002,0.00023,0.0,0.00023
2026-06-01 01:25:00,2,Wheat,Development,Sandy,18.991666666666667,84.725,0.0,1.5583333333333331,0.0,42.0,60.0,18.0,55.0,0.85,,,0.0002,0.00017,0.0,0.00017
2026-06-01 01:25:00,3,Maize,Mid-season,Clay,18.991666666666667,84.725,0.0,1.5583333333333331,0.0,65.0,75.0,30.0,65.0,1.2,,,0.0002,0.00024,0.0,0.00024
2026-06-01 01:26:00,1,Tomato,Mid-season,Loam,18.98333333333333,84.75,0.0,1.5566666666666666,0.0,55.0,70.0,25.0,60.0,1.15,,,6.2e-05,7.1e-05,0.0,7.1e-05
2026-06-01 01:26:00,2,Wheat,Development,Sandy,18.98333333333333,84.75,0.0,1.5566666666666666,0.0,42.0,60.0,18.0,55.0,0.85,,,6.2e-05,5.3e-05,0.0,5.3e-05
2026-06-01 01:26:00,3,Maize,Mid-season,Clay,18.98333333333333,84.75,0.0,1.5566666666666666,0.0,65.0,75.0,30.0,65.0,1.2,,,6.2e-05,7.4e-05,0.0,7.4e-05
2026-06-01 01:27:00,1,Tomato,Mid-season,Loam,18.975,84.77499999999999,0.0,1.5550000000000002,0.0,55.0,70.0,25.0,60.0,1.15,,,0.000128,0.000147,0.0,0.000147
2026-06-01 01:27:00,2,Wheat,Development,Sandy,18.975,84.77499999999999,0.0,1.5550000000000002,0.0,42.0,60.0,18.0,55.0,0.85,,,0.000128,0.000109,0.0,0.000109
2026-06-01 01:27:00,3,Maize,Mid-season,Clay,18.975,84.77499999999999,0.0,1.5550000000000002,0.0,65.0,75.0,30.0,65.0,1.2,,,0.000128,0.000154,0.0,0.000154
2026-06-01 01:28:00,1,Tomato,Mid-season,Loam,18.966666666666665,84.8,0.0,1.5533333333333337,0.0,55.0,70.0,25.0,60.0,1.15,,,8.6e-05,9.9e-05,0.0,9.9e-05
2026-06-01 01:28:00,2,Wheat,Development,Sandy,18.966666666666665,84.8,0.0,1.5533333333333337,0.0,42.0,60.0,18.0,55.0,0.85,,,8.6e-05,7.3e-05,0.0,7.3e-05
2026-06-01 01:28:00,3,Maize,Mid-season,Clay,18.966666666666665,84.8,0.0,1.5533333333333337,0.0,65.0,75.0,30.0,65.0,1.2,,,8.6e-05,0.000103,0.0,0.000103
2026-06-01 01:29:00,1,Tomato,Mid-season,Loam,18.95833333333333,84.82499999999999,0.0,1.5516666666666667,0.0,55.0,70.0,25.0,60.0,1.15,,,1.6e-05,1.8e-05,0.0,1.8e-05
2026-06-01 01:29:00,2,Wheat,Development,Sandy,18.95833333333333,84.82499999999999,0.0,1.5516666666666667,0.0,42.0,60.0,18.0,55.0,0.85,,,1.6e-05,1.4e-05,0.0,1.4e-05
2026-06-01 01:29:00,3,Maize,Mid-season,Clay,18.95833333333333,84.82499999999999,0.0,1.5516666666666667,0.0,65.0,75.0,30.0,65.0,1.2,,,1.6e-05,1.9e-05,0.0,1.9e-05
2026-06-01 01:30:00,1,Tomato,Mid-season,Loam,18.95,84.85,0.0,1.55,0.0,55.0,70.0,25.0,60.0,1.15,,,0.000167,0.000192,0.0,0.000192
2026-06-01 01:30:00,2,Wheat,Development,Sandy,18.95,84.85,0.0,1.55,0.0,42.0,60.0,18.0,55.0,0.85,,,0.000167,0.000142,0.0,0.000142
2026-06-01 01:30:00,3,Maize,Mid-season,Clay,18.95,84.85,0.0,1.55,0.0,65.0,75.0,30.0,65.0,1.2,,,0.000167,0.0002,0.0,0.0002
2026-06-01 01:31:00,1,Tomato,Mid-season,Loam,18.941666666666663,84.875,0.0,1.5483333333333331,0.0,55.0,70.0,25.0,60.0,1.15,,,9.3e-05,0.000107,0.0,0.000107
2026-06-01 01:31:00,2,Wheat,Development,Sandy,18.941666666666663,84.875,0.0,1.5483333333333331,0.0,42.0,60.0,18.0,55.0,0.85,,,9.3e-05,7.9e-05,0.0,7.9e-05
2026-06-01 01:31:00,3,Maize,Mid-season,Clay,18.941666666666663,84.875,0.0,1.5483333333333331,0.0,65.0,75.0,30.0,65.0,1.2,,,9.3e-05,0.000112,0.0,0.000112
2026-06-01 01:32:00,1,Tomato,Mid-season,Loam,18.933333333333334,84.89999999999999,0.0,1.5466666666666666,0.0,55.0,70.0,25.0,60.0,1.15,,,0.000133,0.000153,0.0,0.000153
2026-06-01 01:32:00,2,Wheat,Development,Sandy,18.933333333333334,84.89999999999999,0.0,1.5466666666666666,0.0,42.0,60.0,18.0,55.0,0.85,,,0.000133,0.000113,0.0,0.000113
2026-06-01 01:32:00,3,Maize,Mid-season,Clay,18.933333333333334,84.89999999999999,0.0,1.5466666666666666,0.0,65.0,75.0,30.0,65.0,1.2,,,0.000133,0.00016,0.0,0.00016
2026-06-01 01:33:00,1,Tomato,Mid-season,Loam,18.925,84.925,0.0,1.545,0.0,55.0,70.0,25.0,60.0,1.15,,,6.4e-05,7.4e-05,0.0,7.4e-05
2026-06-01 01:33:00,2,Wheat,Development,Sandy,18.925,84.925,0.0,1.545,0.0,42.0,60.0,18.0,55.0,0.85,,,6.4e-05,5.4e-05,0.0,5.4e-05
2026-06-01 01:33:00,3,Maize,Mid-season,Clay,18.925,84.925,0.0,1.545,0.0,65.0,75.0,30.0,65.0,1.2,,,6.4e-05,7.7e-05,0.0,7.7e-05
2026-06-01 01:34:00,1,Tomato,Mid-season,Loam,18.916666666666664,84.94999999999999,0.0,1.5433333333333334,0.0,55.0,70.0,25.0,60.0,1.15,,,7e-05,8e-05,0.0,8e-05
2026-06-01 01:34:00,2,Wheat,Development,Sandy,18.916666666666664,84.94999999999999,0.0,1.5433333333333334,0.0,42.0,60.0,18.0,55.0,0.85,,,7e-05,5.9e-05,0.0,5.9e-05
2026-06-01 01:34:00,3,Maize,Mid-season,Clay,18.916666666666664,84.94999999999999,0.0,1.5433333333333334,0.0,65.0,75.0,30.0,65.0,1.2,,,7e-05,8.4e-05,0.0,8.4e-05
2026-06-01 01:35:00,1,Tomato,Mid-season,Loam,18.90833333333333,84.975,0.0,1.5416666666666667,0.0,55.0,70.0,25.0,60.0,1.15,,,3.4e-05,3.9e-05,0.0,3.9e-05
2026-06-01 01:35:00,2,Wheat,Development,Sandy,18.90833333333333,84.975,0.0,1.5416666666666667,0.0,42.0,60.0,18.0,55.0,0.85,,,3.4e-05,2.9e-05,0.0,2.9e-05
2026-06-01 01:35:00,3,Maize,Mid-season,Clay,18.90833333333333,84.975,0.0,1.5416666666666667,0.0,65.0,75.0,30.0,65.0,1.2,,,3.4e-05,4.1e-05,0.0,4.1e-05
2026-06-01 01:36:00,1,Tomato,Mid-season,Loam,18.9,85.0,0.0,1.54,0.0,55.0,70.0,25.0,60.0,1.15,,,0.000148,0.00017,0.0,0.00017
2026-06-01 01:36:00,2,Wheat,Development,Sandy,18.9,85.0,0.0,1.54,0.0,42.0,60.0,18.0,55.0,0.85,,,0.000148,0.000126,0.0,0.000126
2026-06-01 01:36:00,3,Maize,Mid-season,Clay,18.9,85.0,0.0,1.54,0.0,65.0,75.0,30.0,65.0,1.2,,,0.000148,0.000178,0.0,0.000178
2026-06-01 01:37:00,1,Tomato,Mid-season,Loam,18.891666666666666,85.02499999999999,0.0,1.538333333333333,0.0,55.0,70.0,25.0,60.0,1.15,,,9.9e-05,0.000114,0.0,0.000114
2026-06-01 01:37:00,2,Wheat,Development,Sandy,18.891666666666666,85.02499999999999,0.0,1.538333333333333,0.0,42.0,60.0,18.0,55.0,0.85,,,9.9e-05,8.4e-05,0.0,8.4e-05
2026-06-01 01:37:00,3,Maize,Mid-season,Clay,18.891666666666666,85.02499999999999,0.0,1.538333333333333,0.0,65.0,75.0,30.0,65.0,1.2,,,9.9e-05,0.000119,0.0,0.000119
2026-06-01 01:38:00,1,Tomato,Mid-season,Loam,18.883333333333333,85.05,0.0,1.5366666666666666,0.0,55.0,70.0,25.0,60.0,1.15,,,0.000118,0.000136,0.0,0.000136
2026-06-01 01:38:00,2,Wheat,Development,Sandy,18.883333333333333,85.05,0.0,1.5366666666666666,0.0,42.0,60.0,18.0,55.0,0.85,,,0.000118,0.0001,0.0,0.0001
2026-06-01 01:38:00,3,Maize,Mid-season,Clay,18.883333333333333,85.05,0.0,1.5366666666666666,0.0,65.0,75.0,30.0,65.0,1.2,,,0.000118,0.000142,0.0,0.000142
2026-06-01 01:39:00,1,Tomato,Mid-season,Loam,18.875,85.07499999999999,0.0,1.535,0.0,55.0,70.0,25.0,60.0,1.15,,,0.000116,0.000133,0.0,0.000133
2026-06-01 01:39:00,2,Wheat,Development,Sandy,18.875,85.07499999999999,0.0,1.535,0.0,42.0,60.0,18.0,55.0,0.85,,,0.000116,9.9e-05,0.0,9.9e-05
2026-06-01 01:39:00,3,Maize,Mid-season,Clay,18.875,85.07499999999999,0.0,1.535,0.0,65.0,75.0,30.0,65.0,1.2,,,0.000116,0.000139,0.0,0.000139
2026-06-01 01:40:00,1,Tomato,Mid-season,Loam,18.866666666666667,85.1,0.0,1.5333333333333334,0.0,55.0,70.0,25.0,60.0,1.15,,,0.000138,0.000159,0.0,0.000159
2026-06-01 01:40:00,2,Wheat,Development,Sandy,18.866666666666667,85.1,0.0,1.5333333333333334,0.0,42.0,60.0,18.0,55.0,0.85,,,0.000138,0.000117,0.0,0.000117
2026-06-01 01:40:00,3,Maize,Mid-season,Clay,18.866666666666667,85.1,0.0,1.5333333333333334,0.0,65.0,75.0,30.0,65.0,1.2,,,0.000138,0.000166,0.0,0.000166
2026-06-01 01:41:00,1,Tomato,Mid-season,Loam,18.85833333333333,85.125,0.0,1.5316666666666667,0.0,55.0,70.0,25.0,60.0,1.15,,,0.000117,0.000135,0.0,0.000135
2026-06-01 01:41:00,2,Wheat,Development,Sandy,18.85833333333333,85.125,0.0,1.5316666666666667,0.0,42.0,60.0,18.0,55.0,0.85,,,0.000117,9.9e-05,0.0,9.9e-05
2026-06-01 01:41:00,3,Maize,Mid-season,Clay,18.85833333333333,85.125,0.0,1.5316666666666667,0.0,65.0,75.0,30.0,65.0,1.2,,,0.000117,0.00014,0.0,0.00014
2026-06-01 01:42:00,1,Tomato,Mid-season,Loam,18.85,85.14999999999999,0.0,1.53,0.0,55.0,70.0,25.0,60.0,1.15,,,1e-05,1.2e-05,0.0,1.2e-05
2026-06-01 01:42:00,2,Wheat,Development,Sandy,18.85,85.14999999999999,0.0,1.53,0.0,42.0,60.0,18.0,55.0,0.85,,,1e-05,8e-06,0.0,8e-06
2026-06-01 01:42:00,3,Maize,Mid-season,Clay,18.85,85.14999999999999,0.0,1.53,0.0,65.0,75.0,30.0,65.0,1.2,,,1e-05,1.2e-05,0.0,1.2e-05
2026-06-01 01:43:00,1,Tomato,Mid-season,Loam,18.841666666666665,85.175,0.0,1.528333333333333,0.0,55.0,70.0,25.0,60.0,1.15,,,4.9e-05,5.6e-05,0.0,5.6e-05
2026-06-01 01:43:00,2,Wheat,Development,Sandy,18.841666666666665,85.175,0.0,1.528333333333333,0.0,42.0,60.0,18.0,55.0,0.85,,,4.9e-05,4.2e-05,0.0,4.2e-05
2026-06-01 01:43:00,3,Maize,Mid-season,Clay,18.841666666666665,85.175,0.0,1.528333333333333,0.0,65.0,75.0,30.0,65.0,1.2,,,4.9e-05,5.9e-05,0.0,5.9e-05
2026-06-01 01:44:00,1,Tomato,Mid-season,Loam,18.83333333333333,85.19999999999999,0.0,1.5266666666666666,0.0,55.0,70.0,25.0,60.0,1.15,,,3.3e-05,3.8e-05,0.0,3.8e-05
2026-06-01 01:44:00,2,Wheat,Development,Sandy,18.83333333333333,85.19999999999999,0.0,1.5266666666666666,0.0,42.0,60.0,18.0,55.0,0.85,,,3.3e-05,2.8e-05,0.0,2.8e-05
2026-06-01 01:44:00,3,Maize,Mid-season,Clay,18.83333333333333,85.19999999999999,0.0,1.5266666666666666,0.0,65.0,75.0,30.0,65.0,1.2,,,3.3e-05,4e-05,0.0,4e-05
2026-06-01 01:45:00,1,Tomato,Mid-season,Loam,18.825,85.225,0.0,1.525,0.0,55.0,70.0,25.0,60.0,1.15,,,0.000117,0.000135,0.0,0.000135
2026-06-01 01:45:00,2,Wheat,Development,Sandy,18.825,85.225,0.0,1.525,0.0,42.0,60.0,18.0,55.0,0.85,,,0.000117,9.9e-05,0.0,9.9e-05
2026-06-01 01:45:00,3,Maize,Mid-season,Clay,18.825,85.225,0.0,1.525,0.0,65.0,75.0,30.0,65.0,1.2,,,0.000117,0.00014,0.0,0.00014
2026-06-01 01:46:00,1,Tomato,Mid-season,Loam,18.816666666666663,85.25,0.0,1.5233333333333334,0.0,55.0,70.0,25.0,60.0,1.15,,,7.5e-05,8.6e-05,0.0,8.6e-05
2026-06-01 01:46:00,2,Wheat,Development,Sandy,18.816666666666663,85.25,0.0,1.5233333333333334,0.0,42.0,60.0,18.0,55.0,0.85,,,7.5e-05,6.4e-05,0.0,6.4e-05
2026-06-01 01:46:00,3,Maize,Mid-season,Clay,18.816666666666663,85.25,0.0,1.5233333333333334,0.0,65.0,75.0,30.0,65.0,1.2,,,7.5e-05,9e-05,0.0,9e-05
2026-06-01 01:47:00,1,Tomato,Mid-season,Loam,18.808333333333334,85.27499999999999,0.0,1.5216666666666667,0.0,55.0,70.0,25.0,60.0,1.15,,,0.0,0.0,0.0,0.0
2026-06-01 01:47:00,2,Wheat,Development,Sandy,18.808333333333334,85.27499999999999,0.0,1.5216666666666667,0.0,42.0,60.0,18.0,55.0,0.85,,,0.0,0.0,0.0,0.0
2026-06-01 01:47:00,3,Maize,Mid-season,Clay,18.808333333333334,85.27499999999999,0.0,1.5216666666666667,0.0,65.0,75.0,30.0,65.0,1.2,,,0.0,0.0,0.0,0.0
2026-06-01 01:48:00,1,Tomato,Mid-season,Loam,18.8,85.3,0.0,1.52,0.0,55.0,70.0,25.0,60.0,1.15,,,6.8e-05,7.8e-05,0.0,7.8e-05
2026-06-01 01:48:00,2,Wheat,Development,Sandy,18.8,85.3,0.0,1.52,0.0,42.0,60.0,18.0,55.0,0.85,,,6.8e-05,5.8e-05,0.0,5.8e-05
2026-06-01 01:48:00,3,Maize,Mid-season,Clay,18.8,85.3,0.0,1.52,0.0,65.0,75.0,30.0,65.0,1.2,,,6.8e-05,8.2e-05,0.0,8.2e-05
2026-06-01 01:49:00,1,Tomato,Mid-season,Loam,18.791666666666664,85.32499999999999,0.0,1.518333333333333,0.0,55.0,70.0,25.0,60.0,1.15,,,0.0,0.0,0.0,0.0
2026-06-01 01:49:00,2,Wheat,Development,Sandy,18.791666666666664,85.32499999999999,0.0,1.518333333333333,0.0,42.0,60.0,18.0,55.0,0.85,,,0.0,0.0,0.0,0.0
2026-06-01 01:49:00,3,Maize,Mid-season,Clay,18.791666666666664,85.32499999999999,0.0,1.518333333333333,0.0,65.0,75.0,30.0,65.0,1.2,,,0.0,0.0,0.0,0.0
2026-06-01 01:50:00,1,Tomato,Mid-season,Loam,18.78333333333333,85.35,0.0,1.5166666666666666,0.0,55.0,70.0,25.0,60.0,1.15,,,6.5e-05,7.5e-05,0.0,7.5e-05
2026-06-01 01:50:00,2,Wheat,Development,Sandy,18.78333333333333,85.35,0.0,1.5166666666666666,0.0,42.0,60.0,18.0,55.0,0.85,,,6.5e-05,5.5e-05,0.0,5.5e-05
2026-06-01 01:50:00,3,Maize,Mid-season,Clay,18.78333333333333,85.35,0.0,1.5166666666666666,0.0,65.0,75.0,30.0,65.0,1.2,,,6.5e-05,7.8e-05,0.0,7.8e-05
2026-06-01 01:51:00,1,Tomato,Mid-season,Loam,18.775,85.375,0.0,1.515,0.0,55.0,70.0,25.0,60.0,1.15,,,0.0,0.0,0.0,0.0
2026-06-01 01:51:00,2,Wheat,Development,Sandy,18.775,85.375,0.0,1.515,0.0,42.0,60.0,18.0,55.0,0.85,,,0.0,0.0,0.0,0.0
2026-06-01 01:51:00,3,Maize,Mid-season,Clay,18.775,85.375,0.0,1.515,0.0,65.0,75.0,30.0,65.0,1.2,,,0.0,0.0,0.0,0.0
2026-06-01 01:52:00,1,Tomato,Mid-season,Loam,18.766666666666666,85.39999999999999,0.0,1.5133333333333334,0.0,55.0,70.0,25.0,60.0,1.15,,,8.8e-05,0.000101,0.0,0.000101
2026-06-01 01:52:00,2,Wheat,Development,Sandy,18.766666666666666,85.39999999999999,0.0,1.5133333333333334,0.0,42.0,60.0,18.0,55.0,0.85,,,8.8e-05,7.5e-05,0.0,7.5e-05
2026-06-01 01:52:00,3,Maize,Mid-season,Clay,18.766666666666666,85.39999999999999,0.0,1.5133333333333334,0.0,65.0,75.0,30.0,65.0,1.2,,,8.8e-05,0.000106,0.0,0.000106
2026-06-01 01:53:00,1,Tomato,Mid-season,Loam,18.758333333333333,85.425,0.0,1.5116666666666667,0.0,55.0,70.0,25.0,60.0,1.15,,,4.5e-05,5.2e-05,0.0,5.2e-05
2026-06-01 01:53:00,2,Wheat,Development,Sandy,18.758333333333333,85.425,0.0,1.5116666666666667,0.0,42.0,60.0,18.0,55.0,0.85,,,4.5e-05,3.8e-05,0.0,3.8e-05
2026-06-01 01:53:00,3,Maize,Mid-season,Clay,18.758333333333333,85.425,0.0,1.5116666666666667,0.0,65.0,75.0,30.0,65.0,1.2,,,4.5e-05,5.4e-05,0.0,5.4e-05
2026-06-01 01:54:00,1,Tomato,Mid-season,Loam,18.75,85.44999999999999,0.0,1.51,0.0,55.0,70.0,25.0,60.0,1.15,,,0.000158,0.000182,0.0,0.000182
2026-06-01 01:54:00,2,Wheat,Development,Sandy,18.75,85.44999999999999,0.0,1.51,0.0,42.0,60.0,18.0,55.0,0.85,,,0.000158,0.000134,0.0,0.000134
2026-06-01 01:54:00,3,Maize,Mid-season,Clay,18.75,85.44999999999999,0.0,1.51,0.0,65.0,75.0,30.0,65.0,1.2,,,0.000158,0.00019,0.0,0.00019
2026-06-01 01:55:00,1,Tomato,Mid-season,Loam,18.741666666666667,85.475,0.0,1.5083333333333333,0.0,55.0,70.0,25.0,60.0,1.15,,,0.000106,0.000122,0.0,0.000122
2026-06-01 01:55:00,2,Wheat,Development,Sandy,18.741666666666667,85.475,0.0,1.5083333333333333,0.0,42.0,60.0,18.0,55.0,0.85,,,0.000106,9e-05,0.0,9e-05
2026-06-01 01:55:00,3,Maize,Mid-season,Clay,18.741666666666667,85.475,0.0,1.5083333333333333,0.0,65.0,75.0,30.0,65.0,1.2,,,0.000106,0.000127,0.0,0.000127
2026-06-01 01:56:00,1,Tomato,Mid-season,Loam,18.73333333333333,85.5,0.0,1.5066666666666666,0.0,55.0,70.0,25.0,60.0,1.15,,,5.7e-05,6.6e-05,0.0,6.6e-05
2026-06-01 01:56:00,2,Wheat,Development,Sandy,18.73333333333333,85.5,0.0,1.5066666666666666,0.0,42.0,60.0,18.0,55.0,0.85,,,5.7e-05,4.8e-05,0.0,4.8e-05
2026-06-01 01:56:00,3,Maize,Mid-season,Clay,18.73333333333333,85.5,0.0,1.5066666666666666,0.0,65.0,75.0,30.0,65.0,1.2,,,5.7e-05,6.8e-05,0.0,6.8e-05
2026-06-01 01:57:00,1,Tomato,Mid-season,Loam,18.725,85.52499999999999,0.0,1.505,0.0,55.0,70.0,25.0,60.0,1.15,,,7.1e-05,8.2e-05,0.0,8.2e-05
2026-06-01 01:57:00,2,Wheat,Development,Sandy,18.725,85.52499999999999,0.0,1.505,0.0,42.0,60.0,18.0,55.0,0.85,,,7.1e-05,6e-05,0.0,6e-05
2026-06-01 01:57:00,3,Maize,Mid-season,Clay,18.725,85.52499999999999,0.0,1.505,0.0,65.0,75.0,30.0,65.0,1.2,,,7.1e-05,8.5e-05,0.0,8.5e-05
2026-06-01 01:58:00,1,Tomato,Mid-season,Loam,18.716666666666665,85.55,0.0,1.5033333333333334,0.0,55.0,70.0,25.0,60.0,1.15,,,0.0,0.0,0.0,0.0
2026-06-01 01:58:00,2,Wheat,Development,Sandy,18.716666666666665,85.55,0.0,1.5033333333333334,0.0,42.0,60.0,18.0,55.0,0.85,,,0.0,0.0,0.0,0.0
2026-06-01 01:58:00,3,Maize,Mid-season,Clay,18.716666666666665,85.55,0.0,1.5033333333333334,0.0,65.0,75.0,30.0,65.0,1.2,,,0.0,0.0,0.0,0.0
2026-06-01 01:59:00,1,Tomato,Mid-season,Loam,18.70833333333333,85.57499999999999,0.0,1.5016666666666667,0.0,55.0,70.0,25.0,60.0,1.15,,,1.4e-05,1.6e-05,0.0,1.6e-05
2026-06-01 01:59:00,2,Wheat,Development,Sandy,18.70833333333333,85.57499999999999,0.0,1.5016666666666667,0.0,42.0,60.0,18.0,55.0,0.85,,,1.4e-05,1.2e-05,0.0,1.2e-05
2026-06-01 01:59:00,3,Maize,Mid-season,Clay,18.70833333333333,85.57499999999999,0.0,1.5016666666666667,0.0,65.0,75.0,30.0,65.0,1.2,,,1.4e-05,1.7e-05,0.0,1.7e-05
2026-06-01 02:00:00,1,Tomato,Mid-season,Loam,18.7,85.6,0.0,1.5,0.0,55.0,70.0,25.0,60.0,1.15,,,5e-05,5.7e-05,0.0,5.7e-05
2026-06-01 02:00:00,2,Wheat,Development,Sandy,18.7,85.6,0.0,1.5,0.0,42.0,60.0,18.0,55.0,0.85,,,5e-05,4.2e-05,0.0,4.2e-05
2026-06-01 02:00:00,3,Maize,Mid-season,Clay,18.7,85.6,0.0,1.5,0.0,65.0,75.0,30.0,65.0,1.2,,,5e-05,6e-05,0.0,6e-05
2026-06-01 02:01:00,1,Tomato,Mid-season,Loam,18.69333333333333,85.61999999999999,0.0,1.4983333333333333,0.0,55.0,70.0,25.0,60.0,1.15,,,0.0,0.0,0.0,0.0
2026-06-01 02:01:00,2,Wheat,Development,Sandy,18.69333333333333,85.61999999999999,0.0,1.4983333333333333,0.0,42.0,60.0,18.0,55.0,0.85,,,0.0,0.0,0.0,0.0
2026-06-01 02:01:00,3,Maize,Mid-season,Clay,18.69333333333333,85.61999999999999,0.0,1.4983333333333333,0.0,65.0,75.0,30.0,65.0,1.2,,,0.0,0.0,0.0,0.0
2026-06-01 02:02:00,1,Tomato,Mid-season,Loam,18.686666666666667,85.64,0.0,1.4966666666666666,0.0,55.0,70.0,25.0,60.0,1.15,,,3.4e-05,3.9e-05,0.0,3.9e-05
2026-06-01 02:02:00,2,Wheat,Development,Sandy,18.686666666666667,85.64,0.0,1.4966666666666666,0.0,42.0,60.0,18.0,55.0,0.85,,,3.4e-05,2.9e-05,0.0,2.9e-05
2026-06-01 02:02:00,3,Maize,Mid-season,Clay,18.686666666666667,85.64,0.0,1.4966666666666666,0.0,65.0,75.0,30.0,65.0,1.2,,,3.4e-05,4.1e-05,0.0,4.1e-05
2026-06-01 02:03:00,1,Tomato,Mid-season,Loam,18.68,85.66,0.0,1.495,0.0,55.0,70.0,25.0,60.0,1.15,,,3.1e-05,3.6e-05,0.0,3.6e-05
2026-06-01 02:03:00,2,Wheat,Development,Sandy,18.68,85.66,0.0,1.495,0.0,42.0,60.0,18.0,55.0,0.85,,,3.1e-05,2.6e-05,0.0,2.6e-05
2026-06-01 02:03:00,3,Maize,Mid-season,Clay,18.68,85.66,0.0,1.495,0.0,65.0,75.0,30.0,65.0,1.2,,,3.1e-05,3.7e-05,0.0,3.7e-05
2026-06-01 02:04:00,1,Tomato,Mid-season,Loam,18.67333333333333,85.67999999999999,0.0,1.4933333333333334,0.0,55.0,70.0,25.0,60.0,1.15,,,6.6e-05,7.6e-05,0.0,7.6e-05
2026-06-01 02:04:00,2,Wheat,Development,Sandy,18.67333333333333,85.67999999999999,0.0,1.4933333333333334,0.0,42.0,60.0,18.0,55.0,0.85,,,6.6e-05,5.6e-05,0.0,5.6e-05
2026-06-01 02:04:00,3,Maize,Mid-season,Clay,18.67333333333333,85.67999999999999,0.0,1.4933333333333334,0.0,65.0,75.0,30.0,65.0,1.2,,,6.6e-05,7.9e-05,0.0,7.9e-05
2026-06-01 02:05:00,1,Tomato,Mid-season,Loam,18.666666666666664,85.69999999999999,0.0,1.4916666666666667,0.0,55.0,70.0,25.0,60.0,1.15,,,6e-06,7e-06,0.0,7e-06
2026-06-01 02:05:00,2,Wheat,Development,Sandy,18.666666666666664,85.69999999999999,0.0,1.4916666666666667,0.0,42.0,60.0,18.0,55.0,0.85,,,6e-06,5e-06,0.0,5e-06
2026-06-01 02:05:00,3,Maize,Mid-season,Clay,18.666666666666664,85.69999999999999,0.0,1.4916666666666667,0.0,65.0,75.0,30.0,65.0,1.2,,,6e-06,7e-06,0.0,7e-06
2026-06-01 02:06:00,1,Tomato,Mid-season,Loam,18.66,85.72,0.0,1.49,0.0,55.0,70.0,25.0,60.0,1.15,,,0.000105,0.000121,0.0,0.000121
2026-06-01 02:06:00,2,Wheat,Development,Sandy,18.66,85.72,0.0,1.49,0.0,42.0,60.0,18.0,55.0,0.85,,,0.000105,8.9e-05,0.0,8.9e-05
2026-06-01 02:06:00,3,Maize,Mid-season,Clay,18.66,85.72,0.0,1.49,0.0,65.0,75.0,30.0,65.0,1.2,,,0.000105,0.000126,0.0,0.000126
2026-06-01 02:07:00,1,Tomato,Mid-season,Loam,18.65333333333333,85.74,0.0,1.4883333333333333,0.0,55.0,70.0,25.0,60.0,1.15,,,2.7e-05,3.1e-05,0.0,3.1e-05
2026-06-01 02:07:00,2,Wheat,Development,Sandy,18.65333333333333,85.74,0.0,1.4883333333333333,0.0,42.0,60.0,18.0,55.0,0.85,,,2.7e-05,2.3e-05,0.0,2.3e-05
2026-06-01 02:07:00,3,Maize,Mid-season,Clay,18.65333333333333,85.74,0.0,1.4883333333333333,0.0,65.0,75.0,30.0,65.0,1.2,,,2.7e-05,3.2e-05,0.0,3.2e-05
2026-06-01 02:08:00,1,Tomato,Mid-season,Loam,18.646666666666665,85.75999999999999,0.0,1.4866666666666666,0.0,55.0,70.0,25.0,60.0,1.15,,,0.000105,0.000121,0.0,0.000121
2026-06-01 02:08:00,2,Wheat,Development,Sandy,18.646666666666665,85.75999999999999,0.0,1.4866666666666666,0.0,42.0,60.0,18.0,55.0,0.85,,,0.000105,8.9e-05,0.0,8.9e-05
2026-06-01 02:08:00,3,Maize,Mid-season,Clay,18.646666666666665,85.75999999999999,0.0,1.4866666666666666,0.0,65.0,75.0,30.0,65.0,1.2,,,0.000105,0.000126,0.0,0.000126
2026-06-01 02:09:00,1,Tomato,Mid-season,Loam,18.64,85.78,0.0,1.485,0.0,55.0,70.0,25.0,60.0,1.15,,,3e-05,3.4e-05,0.0,3.4e-05
2026-06-01 02:09:00,2,Wheat,Development,Sandy,18.64,85.78,0.0,1.485,0.0,42.0,60.0,18.0,55.0,0.85,,,3e-05,2.6e-05,0.0,2.6e-05
2026-06-01 02:09:00,3,Maize,Mid-season,Clay,18.64,85.78,0.0,1.485,0.0,65.0,75.0,30.0,65.0,1.2,,,3e-05,3.6e-05,0.0,3.6e-05
2026-06-01 02:10:00,1,Tomato,Mid-season,Loam,18.633333333333333,85.8,0.0,1.4833333333333334,0.0,55.0,70.0,25.0,60.0,1.15,,,0.0,0.0,0.0,0.0
2026-06-01 02:10:00,2,Wheat,Development,Sandy,18.633333333333333,85.8,0.0,1.4833333333333334,0.0,42.0,60.0,18.0,55.0,0.85,,,0.0,0.0,0.0,0.0
2026-06-01 02:10:00,3,Maize,Mid-season,Clay,18.633333333333333,85.8,0.0,1.4833333333333334,0.0,65.0,75.0,30.0,65.0,1.2,,,0.0,0.0,0.0,0.0
2026-06-01 02:11:00,1,Tomato,Mid-season,Loam,18.626666666666665,85.82,0.0,1.481666666666667,0.0,55.0,70.0,25.0,60.0,1.15,,,2.4e-05,2.8e-05,0.0,2.8e-05
2026-06-01 02:11:00,2,Wheat,Development,Sandy,18.626666666666665,85.82,0.0,1.481666666666667,0.0,42.0,60.0,18.0,55.0,0.85,,,2.4e-05,2e-05,0.0,2e-05
2026-06-01 02:11:00,3,Maize,Mid-season,Clay,18.626666666666665,85.82,0.0,1.481666666666667,0.0,65.0,75.0,30.0,65.0,1.2,,,2.4e-05,2.9e-05,0.0,2.9e-05
2026-06-01 02:12:00,1,Tomato,Mid-season,Loam,18.62,85.83999999999999,0.0,1.48,0.0,55.0,70.0,25.0,60.0,1.15,,,0.0,0.0,0.0,0.0
2026-06-01 02:12:00,2,Wheat,Development,Sandy,18.62,85.83999999999999,0.0,1.48,0.0,42.0,60.0,18.0,55.0,0.85,,,0.0,0.0,0.0,0.0
2026-06-01 02:12:00,3,Maize,Mid-season,Clay,18.62,85.83999999999999,0.0,1.48,0.0,65.0,75.0,30.0,65.0,1.2,,,0.0,0.0,0.0,0.0
2026-06-01 02:13:00,1,Tomato,Mid-season,Loam,18.613333333333333,85.86,0.0,1.4783333333333333,0.0,55.0,70.0,25.0,60.0,1.15,,,5.5e-05,6.3e-05,0.0,6.3e-05
2026-06-01 02:13:00,2,Wheat,Development,Sandy,18.613333333333333,85.86,0.0,1.4783333333333333,0.0,42.0,60.0,18.0,55.0,0.85,,,5.5e-05,4.7e-05,0.0,4.7e-05
2026-06-01 02:13:00,3,Maize,Mid-season,Clay,18.613333333333333,85.86,0.0,1.4783333333333333,0.0,65.0,75.0,30.0,65.0,1.2,,,5.5e-05,6.6e-05,0.0,6.6e-05
2026-06-01 02:14:00,1,Tomato,Mid-season,Loam,18.606666666666666,85.88,0.0,1.4766666666666666,0.0,55.0,70.0,25.0,60.0,1.15,,,4.1e-05,4.7e-05,0.0,4.7e-05
2026-06-01 02:14:00,2,Wheat,Development,Sandy,18.606666666666666,85.88,0.0,1.4766666666666666,0.0,42.0,60.0,18.0,55.0,0.85,,,4.1e-05,3.5e-05,0.0,3.5e-05
2026-06-01 02:14:00,3,Maize,Mid-season,Clay,18.606666666666666,85.88,0.0,1.4766666666666666,0.0,65.0,75.0,30.0,65.0,1.2,,,4.1e-05,4.9e-05,0.0,4.9e-05
2026-06-01 02:15:00,1,Tomato,Mid-season,Loam,18.6,85.89999999999999,0.0,1.475,0.0,55.0,70.0,25.0,60.0,1.15,,,0.000139,0.00016,0.0,0.00016
2026-06-01 02:15:00,2,Wheat,Development,Sandy,18.6,85.89999999999999,0.0,1.475,0.0,42.0,60.0,18.0,55.0,0.85,,,0.000139,0.000118,0.0,0.000118
2026-06-01 02:15:00,3,Maize,Mid-season,Clay,18.6,85.89999999999999,0.0,1.475,0.0,65.0,75.0,30.0,65.0,1.2,,,0.000139,0.000167,0.0,0.000167
2026-06-01 02:16:00,1,Tomato,Mid-season,Loam,18.593333333333334,85.92,0.0,1.4733333333333334,0.0,55.0,70.0,25.0,60.0,1.15,,,1.9e-05,2.2e-05,0.0,2.2e-05
2026-06-01 02:16:00,2,Wheat,Development,Sandy,18.593333333333334,85.92,0.0,1.4733333333333334,0.0,42.0,60.0,18.0,55.0,0.85,,,1.9e-05,1.6e-05,0.0,1.6e-05
2026-06-01 02:16:00,3,Maize,Mid-season,Clay,18.593333333333334,85.92,0.0,1.4733333333333334,0.0,65.0,75.0,30.0,65.0,1.2,,,1.9e-05,2.3e-05,0.0,2.3e-05
2026-06-01 02:17:00,1,Tomato,Mid-season,Loam,18.586666666666662,85.94,0.0,1.471666666666667,0.0,55.0,70.0,25.0,60.0,1.15,,,2.1e-05,2.4e-05,0.0,2.4e-05
2026-06-01 02:17:00,2,Wheat,Development,Sandy,18.586666666666662,85.94,0.0,1.471666666666667,0.0,42.0,60.0,18.0,55.0,0.85,,,2.1e-05,1.8e-05,0.0,1.8e-05
2026-06-01 02:17:00,3,Maize,Mid-season,Clay,18.586666666666662,85.94,0.0,1.471666666666667,0.0,65.0,75.0,30.0,65.0,1.2,,,2.1e-05,2.5e-05,0.0,2.5e-05
2026-06-01 02:18:00,1,Tomato,Mid-season,Loam,18.58,85.96,0.0,1.47,0.0,55.0,70.0,25.0,60.0,1.15,,,2.3e-05,2.6e-05,0.0,2.6e-05
2026-06-01 02:18:00,2,Wheat,Development,Sandy,18.58,85.96,0.0,1.47,0.0,42.0,60.0,18.0,55.0,0.85,,,2.3e-05,2e-05,0.0,2e-05
2026-06-01 02:18:00,3,Maize,Mid-season,Clay,18.58,85.96,0.0,1.47,0.0,65.0,75.0,30.0,65.0,1.2,,,2.3e-05,2.8e-05,0.0,2.8e-05
2026-06-01 02:19:00,1,Tomato,Mid-season,Loam,18.57333333333333,85.97999999999999,0.0,1.4683333333333333,0.0,55.0,70.0,25.0,60.0,1.15,,,9.2e-05,0.000106,0.0,0.000106
2026-06-01 02:19:00,2,Wheat,Development,Sandy,18.57333333333333,85.97999999999999,0.0,1.4683333333333333,0.0,42.0,60.0,18.0,55.0,0.85,,,9.2e-05,7.8e-05,0.0,7.8e-05
2026-06-01 02:19:00,3,Maize,Mid-season,Clay,18.57333333333333,85.97999999999999,0.0,1.4683333333333333,0.0,65.0,75.0,30.0,65.0,1.2,,,9.2e-05,0.00011,0.0,0.00011
2026-06-01 02:20:00,1,Tomato,Mid-season,Loam,18.566666666666663,86.0,0.0,1.4666666666666666,0.0,55.0,70.0,25.0,60.0,1.15,,,6.7e-05,7.7e-05,0.0,7.7e-05
2026-06-01 02:20:00,2,Wheat,Development,Sandy,18.566666666666663,86.0,0.0,1.4666666666666666,0.0,42.0,60.0,18.0,55.0,0.85,,,6.7e-05,5.7e-05,0.0,5.7e-05
2026-06-01 02:20:00,3,Maize,Mid-season,Clay,18.566666666666663,86.0,0.0,1.4666666666666666,0.0,65.0,75.0,30.0,65.0,1.2,,,6.7e-05,8e-05,0.0,8e-05
2026-06-01 02:21:00,1,Tomato,Mid-season,Loam,18.56,86.02,0.0,1.465,0.0,55.0,70.0,25.0,60.0,1.15,,,6e-06,7e-06,0.0,7e-06
2026-06-01 02:21:00,2,Wheat,Development,Sandy,18.56,86.02,0.0,1.465,0.0,42.0,60.0,18.0,55.0,0.85,,,6e-06,5e-06,0.0,5e-06
2026-06-01 02:21:00,3,Maize,Mid-season,Clay,18.56,86.02,0.0,1.465,0.0,65.0,75.0,30.0,65.0,1.2,,,6e-06,7e-06,0.0,7e-06
2026-06-01 02:22:00,1,Tomato,Mid-season,Loam,18.55333333333333,86.03999999999999,0.0,1.4633333333333334,0.0,55.0,70.0,25.0,60.0,1.15,,,5.1e-05,5.9e-05,0.0,5.9e-05
2026-06-01 02:22:00,2,Wheat,Development,Sandy,18.55333333333333,86.03999999999999,0.0,1.4633333333333334,0.0,42.0,60.0,18.0,55.0,0.85,,,5.1e-05,4.3e-05,0.0,4.3e-05
2026-06-01 02:22:00,3,Maize,Mid-season,Clay,18.55333333333333,86.03999999999999,0.0,1.4633333333333334,0.0,65.0,75.0,30.0,65.0,1.2,,,5.1e-05,6.1e-05,0.0,6.1e-05
2026-06-01 02:23:00,1,Tomato,Mid-season,Loam,18.546666666666667,86.06,0.0,1.461666666666667,0.0,55.0,70.0,25.0,60.0,1.15,,,1.2e-05,1.4e-05,0.0,1.4e-05
2026-06-01 02:23:00,2,Wheat,Development,Sandy,18.546666666666667,86.06,0.0,1.461666666666667,0.0,42.0,60.0,18.0,55.0,0.85,,,1.2e-05,1e-05,0.0,1e-05
2026-06-01 02:23:00,3,Maize,Mid-season,Clay,18.546666666666667,86.06,0.0,1.461666666666667,0.0,65.0,75.0,30.0,65.0,1.2,,,1.2e-05,1.4e-05,0.0,1.4e-05
2026-06-01 02:24:00,1,Tomato,Mid-season,Loam,18.54,86.08,0.0,1.46,0.0,55.0,70.0,25.0,60.0,1.15,,,6.4e-05,7.4e-05,0.0,7.4e-05
2026-06-01 02:24:00,2,Wheat,Development,Sandy,18.54,86.08,0.0,1.46,0.0,42.0,60.0,18.0,55.0,0.85,,,6.4e-05,5.4e-05,0.0,5.4e-05
2026-06-01 02:24:00,3,Maize,Mid-season,Clay,18.54,86.08,0.0,1.46,0.0,65.0,75.0,30.0,65.0,1.2,,,6.4e-05,7.7e-05,0.0,7.7e-05
2026-06-01 02:25:00,1,Tomato,Mid-season,Loam,18.53333333333333,86.1,0.0,1.4583333333333333,0.0,55.0,70.0,25.0,60.0,1.15,,,4.6e-05,5.3e-05,0.0,5.3e-05
2026-06-01 02:25:00,2,Wheat,Development,Sandy,18.53333333333333,86.1,0.0,1.4583333333333333,0.0,42.0,60.0,18.0,55.0,0.85,,,4.6e-05,3.9e-05,0.0,3.9e-05
2026-06-01 02:25:00,3,Maize,Mid-season,Clay,18.53333333333333,86.1,0.0,1.4583333333333333,0.0,65.0,75.0,30.0,65.0,1.2,,,4.6e-05,5.5e-05,0.0,5.5e-05
2026-06-01 02:26:00,1,Tomato,Mid-season,Loam,18.526666666666667,86.11999999999999,0.0,1.4566666666666666,0.0,55.0,70.0,25.0,60.0,1.15,,,1.3e-05,1.5e-05,0.0,1.5e-05
2026-06-01 02:26:00,2,Wheat,Development,Sandy,18.526666666666667,86.11999999999999,0.0,1.4566666666666666,0.0,42.0,60.0,18.0,55.0,0.85,,,1.3e-05,1.1e-05,0.0,1.1e-05
2026-06-01 02:26:00,3,Maize,Mid-season,Clay,18.526666666666667,86.11999999999999,0.0,1.4566666666666666,0.0,65.0,75.0,30.0,65.0,1.2,,,1.3e-05,1.6e-05,0.0,1.6e-05
2026-06-01 02:27:00,1,Tomato,Mid-season,Loam,18.52,86.14,0.0,1.455,0.0,55.0,70.0,25.0,60.0,1.15,,,2.4e-05,2.8e-05,0.0,2.8e-05
2026-06-01 02:27:00,2,Wheat,Development,Sandy,18.52,86.14,0.0,1.455,0.0,42.0,60.0,18.0,55.0,0.85,,,2.4e-05,2e-05,0.0,2e-05
2026-06-01 02:27:00,3,Maize,Mid-season,Clay,18.52,86.14,0.0,1.455,0.0,65.0,75.0,30.0,65.0,1.2,,,2.4e-05,2.9e-05,0.0,2.9e-05
2026-06-01 02:28:00,1,Tomato,Mid-season,Loam,18.51333333333333,86.16,0.0,1.4533333333333334,0.0,55.0,70.0,25.0,60.0,1.15,,,0.000145,0.000167,0.0,0.000167
2026-06-01 02:28:00,2,Wheat,Development,Sandy,18.51333333333333,86.16,0.0,1.4533333333333334,0.0,42.0,60.0,18.0,55.0,0.85,,,0.000145,0.000123,0.0,0.000123
2026-06-01 02:28:00,3,Maize,Mid-season,Clay,18.51333333333333,86.16,0.0,1.4533333333333334,0.0,65.0,75.0,30.0,65.0,1.2,,,0.000145,0.000174,0.0,0.000174
2026-06-01 02:29:00,1,Tomato,Mid-season,Loam,18.506666666666668,86.17999999999999,0.0,1.4516666666666669,0.0,55.0,70.0,25.0,60.0,1.15,,,0.0,0.0,0.0,0.0
2026-06-01 02:29:00,2,Wheat,Development,Sandy,18.506666666666668,86.17999999999999,0.0,1.4516666666666669,0.0,42.0,60.0,18.0,55.0,0.85,,,0.0,0.0,0.0,0.0
2026-06-01 02:29:00,3,Maize,Mid-season,Clay,18.506666666666668,86.17999999999999,0.0,1.4516666666666669,0.0,65.0,75.0,30.0,65.0,1.2,,,0.0,0.0,0.0,0.0
2026-06-01 02:30:00,1,Tomato,Mid-season,Loam,18.5,86.19999999999999,0.0,1.45,0.0,55.0,70.0,25.0,60.0,1.15,,,3.6e-05,4.1e-05,0.0,4.1e-05
2026-06-01 02:30:00,2,Wheat,Development,Sandy,18.5,86.19999999999999,0.0,1.45,0.0,42.0,60.0,18.0,55.0,0.85,,,3.6e-05,3.1e-05,0.0,3.1e-05
2026-06-01 02:30:00,3,Maize,Mid-season,Clay,18.5,86.19999999999999,0.0,1.45,0.0,65.0,75.0,30.0,65.0,1.2,,,3.6e-05,4.3e-05,0.0,4.3e-05
2026-06-01 02:31:00,1,Tomato,Mid-season,Loam,18.49333333333333,86.22,0.0,1.4483333333333333,0.0,55.0,70.0,25.0,60.0,1.15,,,0.0,0.0,0.0,0.0
2026-06-01 02:31:00,2,Wheat,Development,Sandy,18.49333333333333,86.22,0.0,1.4483333333333333,0.0,42.0,60.0,18.0,55.0,0.85,,,0.0,0.0,0.0,0.0
2026-06-01 02:31:00,3,Maize,Mid-season,Clay,18.49333333333333,86.22,0.0,1.4483333333333333,0.0,65.0,75.0,30.0,65.0,1.2,,,0.0,0.0,0.0,0.0
2026-06-01 02:32:00,1,Tomato,Mid-season,Loam,18.486666666666668,86.24,0.0,1.4466666666666663,0.0,55.0,70.0,25.0,60.0,1.15,,,9.2e-05,0.000106,0.0,0.000106
2026-06-01 02:32:00,2,Wheat,Development,Sandy,18.486666666666668,86.24,0.0,1.4466666666666663,0.0,42.0,60.0,18.0,55.0,0.85,,,9.2e-05,7.8e-05,0.0,7.8e-05
2026-06-01 02:32:00,3,Maize,Mid-season,Clay,18.486666666666668,86.24,0.0,1.4466666666666663,0.0,65.0,75.0,30.0,65.0,1.2,,,9.2e-05,0.00011,0.0,0.00011
2026-06-01 02:33:00,1,Tomato,Mid-season,Loam,18.48,86.25999999999999,0.0,1.4449999999999998,0.0,55.0,70.0,25.0,60.0,1.15,,,4.8e-05,5.5e-05,0.0,5.5e-05
2026-06-01 02:33:00,2,Wheat,Development,Sandy,18.48,86.25999999999999,0.0,1.4449999999999998,0.0,42.0,60.0,18.0,55.0,0.85,,,4.8e-05,4.1e-05,0.0,4.1e-05
2026-06-01 02:33:00,3,Maize,Mid-season,Clay,18.48,86.25999999999999,0.0,1.4449999999999998,0.0,65.0,75.0,30.0,65.0,1.2,,,4.8e-05,5.8e-05,0.0,5.8e-05
2026-06-01 02:34:00,1,Tomato,Mid-season,Loam,18.473333333333333,86.28,0.0,1.4433333333333334,0.0,55.0,70.0,25.0,60.0,1.15,,,0.0,0.0,0.0,0.0
2026-06-01 02:34:00,2,Wheat,Development,Sandy,18.473333333333333,86.28,0.0,1.4433333333333334,0.0,42.0,60.0,18.0,55.0,0.85,,,0.0,0.0,0.0,0.0
2026-06-01 02:34:00,3,Maize,Mid-season,Clay,18.473333333333333,86.28,0.0,1.4433333333333334,0.0,65.0,75.0,30.0,65.0,1.2,,,0.0,0.0,0.0,0.0
2026-06-01 02:35:00,1,Tomato,Mid-season,Loam,18.46666666666667,86.3,0.0,1.4416666666666669,0.0,55.0,70.0,25.0,60.0,1.15,,,5e-05,5.7e-05,0.0,5.7e-05
2026-06-01 02:35:00,2,Wheat,Development,Sandy,18.46666666666667,86.3,0.0,1.4416666666666669,0.0,42.0,60.0,18.0,55.0,0.85,,,5e-05,4.2e-05,0.0,4.2e-05
2026-06-01 02:35:00,3,Maize,Mid-season,Clay,18.46666666666667,86.3,0.0,1.4416666666666669,0.0,65.0,75.0,30.0,65.0,1.2,,,5e-05,6e-05,0.0,6e-05
2026-06-01 02:36:00,1,Tomato,Mid-season,Loam,18.46,86.32,0.0,1.44,0.0,55.0,70.0,25.0,60.0,1.15,,,2.7e-05,3.1e-05,0.0,3.1e-05
2026-06-01 02:36:00,2,Wheat,Development,Sandy,18.46,86.32,0.0,1.44,0.0,42.0,60.0,18.0,55.0,0.85,,,2.7e-05,2.3e-05,0.0,2.3e-05
2026-06-01 02:36:00,3,Maize,Mid-season,Clay,18.46,86.32,0.0,1.44,0.0,65.0,75.0,30.0,65.0,1.2,,,2.7e-05,3.2e-05,0.0,3.2e-05
2026-06-01 02:37:00,1,Tomato,Mid-season,Loam,18.453333333333333,86.33999999999999,0.0,1.4383333333333332,0.0,55.0,70.0,25.0,60.0,1.15,,,5e-06,6e-06,0.0,6e-06
2026-06-01 02:37:00,2,Wheat,Development,Sandy,18.453333333333333,86.33999999999999,0.0,1.4383333333333332,0.0,42.0,60.0,18.0,55.0,0.85,,,5e-06,4e-06,0.0,4e-06
2026-06-01 02:37:00,3,Maize,Mid-season,Clay,18.453333333333333,86.33999999999999,0.0,1.4383333333333332,0.0,65.0,75.0,30.0,65.0,1.2,,,5e-06,6e-06,0.0,6e-06
2026-06-01 02:38:00,1,Tomato,Mid-season,Loam,18.446666666666665,86.36,0.0,1.4366666666666663,0.0,55.0,70.0,25.0,60.0,1.15,,,5e-05,5.7e-05,0.0,5.7e-05
2026-06-01 02:38:00,2,Wheat,Development,Sandy,18.446666666666665,86.36,0.0,1.4366666666666663,0.0,42.0,60.0,18.0,55.0,0.85,,,5e-05,4.2e-05,0.0,4.2e-05
2026-06-01 02:38:00,3,Maize,Mid-season,Clay,18.446666666666665,86.36,0.0,1.4366666666666663,0.0,65.0,75.0,30.0,65.0,1.2,,,5e-05,6e-05,0.0,6e-05
2026-06-01 02:39:00,1,Tomato,Mid-season,Loam,18.44,86.38,0.0,1.435,0.0,55.0,70.0,25.0,60.0,1.15,,,2.1e-05,2.4e-05,0.0,2.4e-05
2026-06-01 02:39:00,2,Wheat,Development,Sandy,18.44,86.38,0.0,1.435,0.0,42.0,60.0,18.0,55.0,0.85,,,2.1e-05,1.8e-05,0.0,1.8e-05
2026-06-01 02:39:00,3,Maize,Mid-season,Clay,18.44,86.38,0.0,1.435,0.0,65.0,75.0,30.0,65.0,1.2,,,2.1e-05,2.5e-05,0.0,2.5e-05
2026-06-01 02:40:00,1,Tomato,Mid-season,Loam,18.433333333333334,86.39999999999999,0.0,1.4333333333333331,0.0,55.0,70.0,25.0,60.0,1.15,,,2e-06,2e-06,0.0,2e-06
2026-06-01 02:40:00,2,Wheat,Development,Sandy,18.433333333333334,86.39999999999999,0.0,1.4333333333333331,0.0,42.0,60.0,18.0,55.0,0.85,,,2e-06,2e-06,0.0,2e-06
2026-06-01 02:40:00,3,Maize,Mid-season,Clay,18.433333333333334,86.39999999999999,0.0,1.4333333333333331,0.0,65.0,75.0,30.0,65.0,1.2,,,2e-06,2e-06,0.0,2e-06
2026-06-01 02:41:00,1,Tomato,Mid-season,Loam,18.426666666666662,86.42,0.0,1.4316666666666666,0.0,55.0,70.0,25.0,60.0,1.15,,,8e-06,9e-06,0.0,9e-06
2026-06-01 02:41:00,2,Wheat,Development,Sandy,18.426666666666662,86.42,0.0,1.4316666666666666,0.0,42.0,60.0,18.0,55.0,0.85,,,8e-06,7e-06,0.0,7e-06
2026-06-01 02:41:00,3,Maize,Mid-season,Clay,18.426666666666662,86.42,0.0,1.4316666666666666,0.0,65.0,75.0,30.0,65.0,1.2,,,8e-06,1e-05,0.0,1e-05
2026-06-01 02:42:00,1,Tomato,Mid-season,Loam,18.42,86.44,0.0,1.43,0.0,55.0,70.0,25.0,60.0,1.15,,,5.8e-05,6.7e-05,0.0,6.7e-05
2026-06-01 02:42:00,2,Wheat,Development,Sandy,18.42,86.44,0.0,1.43,0.0,42.0,60.0,18.0,55.0,0.85,,,5.8e-05,4.9e-05,0.0,4.9e-05
2026-06-01 02:42:00,3,Maize,Mid-season,Clay,18.42,86.44,0.0,1.43,0.0,65.0,75.0,30.0,65.0,1.2,,,5.8e-05,7e-05,0.0,7e-05
2026-06-01 02:43:00,1,Tomato,Mid-season,Loam,18.41333333333333,86.46,0.0,1.4283333333333332,0.0,55.0,70.0,25.0,60.0,1.15,,,1.9e-05,2.2e-05,0.0,2.2e-05
2026-06-01 02:43:00,2,Wheat,Development,Sandy,18.41333333333333,86.46,0.0,1.4283333333333332,0.0,42.0,60.0,18.0,55.0,0.85,,,1.9e-05,1.6e-05,0.0,1.6e-05
2026-06-01 02:43:00,3,Maize,Mid-season,Clay,18.41333333333333,86.46,0.0,1.4283333333333332,0.0,65.0,75.0,30.0,65.0,1.2,,,1.9e-05,2.3e-05,0.0,2.3e-05
2026-06-01 02:44:00,1,Tomato,Mid-season,Loam,18.406666666666663,86.47999999999999,0.0,1.4266666666666663,0.0,55.0,70.0,25.0,60.0,1.15,,,1.9e-05,2.2e-05,0.0,2.2e-05
2026-06-01 02:44:00,2,Wheat,Development,Sandy,18.406666666666663,86.47999999999999,0.0,1.4266666666666663,0.0,42.0,60.0,18.0,55.0,0.85,,,1.9e-05,1.6e-05,0.0,1.6e-05
2026-06-01 02:44:00,3,Maize,Mid-season,Clay,18.406666666666663,86.47999999999999,0.0,1.4266666666666663,0.0,65.0,75.0,30.0,65.0,1.2,,,1.9e-05,2.3e-05,0.0,2.3e-05
2026-06-01 02:45:00,1,Tomato,Mid-season,Loam,18.4,86.5,0.0,1.4249999999999998,0.0,55.0,70.0,25.0,60.0,1.15,,,0.0,0.0,0.0,0.0
2026-06-01 02:45:00,2,Wheat,Development,Sandy,18.4,86.5,0.0,1.4249999999999998,0.0,42.0,60.0,18.0,55.0,0.85,,,0.0,0.0,0.0,0.0
2026-06-01 02:45:00,3,Maize,Mid-season,Clay,18.4,86.5,0.0,1.4249999999999998,0.0,65.0,75.0,30.0,65.0,1.2,,,0.0,0.0,0.0,0.0
2026-06-01 02:46:00,1,Tomato,Mid-season,Loam,18.39333333333333,86.52,0.0,1.4233333333333331,0.0,55.0,70.0,25.0,60.0,1.15,,,7.9e-05,9.1e-05,0.0,9.1e-05
2026-06-01 02:46:00,2,Wheat,Development,Sandy,18.39333333333333,86.52,0.0,1.4233333333333331,0.0,42.0,60.0,18.0,55.0,0.85,,,7.9e-05,6.7e-05,0.0,6.7e-05
2026-06-01 02:46:00,3,Maize,Mid-season,Clay,18.39333333333333,86.52,0.0,1.4233333333333331,0.0,65.0,75.0,30.0,65.0,1.2,,,7.9e-05,9.5e-05,0.0,9.5e-05
2026-06-01 02:47:00,1,Tomato,Mid-season,Loam,18.386666666666667,86.53999999999999,0.0,1.4216666666666666,0.0,55.0,70.0,25.0,60.0,1.15,,,0.0,0.0,0.0,0.0
2026-06-01 02:47:00,2,Wheat,Development,Sandy,18.386666666666667,86.53999999999999,0.0,1.4216666666666666,0.0,42.0,60.0,18.0,55.0,0.85,,,0.0,0.0,0.0,0.0
2026-06-01 02:47:00,3,Maize,Mid-season,Clay,18.386666666666667,86.53999999999999,0.0,1.4216666666666666,0.0,65.0,75.0,30.0,65.0,1.2,,,0.0,0.0,0.0,0.0
2026-06-01 02:48:00,1,Tomato,Mid-season,Loam,18.38,86.56,0.0,1.42,0.0,55.0,70.0,25.0,60.0,1.15,,,1.5e-05,1.7e-05,0.0,1.7e-05
2026-06-01 02:48:00,2,Wheat,Development,Sandy,18.38,86.56,0.0,1.42,0.0,42.0,60.0,18.0,55.0,0.85,,,1.5e-05,1.3e-05,0.0,1.3e-05
2026-06-01 02:48:00,3,Maize,Mid-season,Clay,18.38,86.56,0.0,1.42,0.0,65.0,75.0,30.0,65.0,1.2,,,1.5e-05,1.8e-05,0.0,1.8e-05
2026-06-01 02:49:00,1,Tomato,Mid-season,Loam,18.37333333333333,86.58,0.0,1.4183333333333332,0.0,55.0,70.0,25.0,60.0,1.15,,,0.0,0.0,0.0,0.0
2026-06-01 02:49:00,2,Wheat,Development,Sandy,18.37333333333333,86.58,0.0,1.4183333333333332,0.0,42.0,60.0,18.0,55.0,0.85,,,0.0,0.0,0.0,0.0
2026-06-01 02:49:00,3,Maize,Mid-season,Clay,18.37333333333333,86.58,0.0,1.4183333333333332,0.0,65.0,75.0,30.0,65.0,1.2,,,0.0,0.0,0.0,0.0
2026-06-01 02:50:00,1,Tomato,Mid-season,Loam,18.366666666666667,86.6,0.0,1.4166666666666663,0.0,55.0,70.0,25.0,60.0,1.15,,,5.3e-05,6.1e-05,0.0,6.1e-05
2026-06-01 02:50:00,2,Wheat,Development,Sandy,18.366666666666667,86.6,0.0,1.4166666666666663,0.0,42.0,60.0,18.0,55.0,0.85,,,5.3e-05,4.5e-05,0.0,4.5e-05
2026-06-01 02:50:00,3,Maize,Mid-season,Clay,18.366666666666667,86.6,0.0,1.4166666666666663,0.0,65.0,75.0,30.0,65.0,1.2,,,5.3e-05,6.4e-05,0.0,6.4e-05
2026-06-01 02:51:00,1,Tomato,Mid-season,Loam,18.36,86.61999999999999,0.0,1.415,0.0,55.0,70.0,25.0,60.0,1.15,,,0.0,0.0,0.0,0.0
2026-06-01 02:51:00,2,Wheat,Development,Sandy,18.36,86.61999999999999,0.0,1.415,0.0,42.0,60.0,18.0,55.0,0.85,,,0.0,0.0,0.0,0.0
2026-06-01 02:51:00,3,Maize,Mid-season,Clay,18.36,86.61999999999999,0.0,1.415,0.0,65.0,75.0,30.0,65.0,1.2,,,0.0,0.0,0.0,0.0
2026-06-01 02:52:00,1,Tomato,Mid-season,Loam,18.35333333333333,86.64,0.0,1.413333333333333,0.0,55.0,70.0,25.0,60.0,1.15,,,0.0,0.0,0.0,0.0
2026-06-01 02:52:00,2,Wheat,Development,Sandy,18.35333333333333,86.64,0.0,1.413333333333333,0.0,42.0,60.0,18.0,55.0,0.85,,,0.0,0.0,0.0,0.0
2026-06-01 02:52:00,3,Maize,Mid-season,Clay,18.35333333333333,86.64,0.0,1.413333333333333,0.0,65.0,75.0,30.0,65.0,1.2,,,0.0,0.0,0.0,0.0
2026-06-01 02:53:00,1,Tomato,Mid-season,Loam,18.346666666666668,86.66,0.0,1.4116666666666666,0.0,55.0,70.0,25.0,60.0,1.15,,,0.0,0.0,0.0,0.0
2026-06-01 02:53:00,2,Wheat,Development,Sandy,18.346666666666668,86.66,0.0,1.4116666666666666,0.0,42.0,60.0,18.0,55.0,0.85,,,0.0,0.0,0.0,0.0
2026-06-01 02:53:00,3,Maize,Mid-season,Clay,18.346666666666668,86.66,0.0,1.4116666666666666,0.0,65.0,75.0,30.0,65.0,1.2,,,0.0,0.0,0.0,0.0
2026-06-01 02:54:00,1,Tomato,Mid-season,Loam,18.34,86.67999999999999,0.0,1.41,0.0,55.0,70.0,25.0,60.0,1.15,,,1e-05,1.2e-05,0.0,1.2e-05
2026-06-01 02:54:00,2,Wheat,Development,Sandy,18.34,86.67999999999999,0.0,1.41,0.0,42.0,60.0,18.0,55.0,0.85,,,1e-05,8e-06,0.0,8e-06
2026-06-01 02:54:00,3,Maize,Mid-season,Clay,18.34,86.67999999999999,0.0,1.41,0.0,65.0,75.0,30.0,65.0,1.2,,,1e-05,1.2e-05,0.0,1.2e-05
2026-06-01 02:55:00,1,Tomato,Mid-season,Loam,18.333333333333336,86.7,0.0,1.4083333333333332,0.0,55.0,70.0,25.0,60.0,1.15,,,0.0,0.0,0.0,0.0
2026-06-01 02:55:00,2,Wheat,Development,Sandy,18.333333333333336,86.7,0.0,1.4083333333333332,0.0,42.0,60.0,18.0,55.0,0.85,,,0.0,0.0,0.0,0.0
2026-06-01 02:55:00,3,Maize,Mid-season,Clay,18.333333333333336,86.7,0.0,1.4083333333333332,0.0,65.0,75.0,30.0,65.0,1.2,,,0.0,0.0,0.0,0.0
2026-06-01 02:56:00,1,Tomato,Mid-season,Loam,18.326666666666668,86.72,0.0,1.4066666666666665,0.0,55.0,70.0,25.0,60.0,1.15,,,1e-06,1e-06,0.0,1e-06
2026-06-01 02:56:00,2,Wheat,Development,Sandy,18.326666666666668,86.72,0.0,1.4066666666666665,0.0,42.0,60.0,18.0,55.0,0.85,,,1e-06,1e-06,0.0,1e-06
2026-06-01 02:56:00,3,Maize,Mid-season,Clay,18.326666666666668,86.72,0.0,1.4066666666666665,0.0,65.0,75.0,30.0,65.0,1.2,,,1e-06,1e-06,0.0,1e-06
2026-06-01 02:57:00,1,Tomato,Mid-season,Loam,18.32,86.74,0.0,1.4049999999999998,0.0,55.0,70.0,25.0,60.0,1.15,,,0.0,0.0,0.0,0.0
2026-06-01 02:57:00,2,Wheat,Development,Sandy,18.32,86.74,0.0,1.4049999999999998,0.0,42.0,60.0,18.0,55.0,0.85,,,0.0,0.0,0.0,0.0
2026-06-01 02:57:00,3,Maize,Mid-season,Clay,18.32,86.74,0.0,1.4049999999999998,0.0,65.0,75.0,30.0,65.0,1.2,,,0.0,0.0,0.0,0.0
2026-06-01 02:58:00,1,Tomato,Mid-season,Loam,18.313333333333333,86.75999999999999,0.0,1.403333333333333,0.0,55.0,70.0,25.0,60.0,1.15,,,1.7e-05,2e-05,0.0,2e-05
2026-06-01 02:58:00,2,Wheat,Development,Sandy,18.313333333333333,86.75999999999999,0.0,1.403333333333333,0.0,42.0,60.0,18.0,55.0,0.85,,,1.7e-05,1.4e-05,0.0,1.4e-05
2026-06-01 02:58:00,3,Maize,Mid-season,Clay,18.313333333333333,86.75999999999999,0.0,1.403333333333333,0.0,65.0,75.0,30.0,65.0,1.2,,,1.7e-05,2e-05,0.0,2e-05
2026-06-01 02:59:00,1,Tomato,Mid-season,Loam,18.30666666666667,86.78,0.0,1.4016666666666666,0.0,55.0,70.0,25.0,60.0,1.15,,,0.0,0.0,0.0,0.0
2026-06-01 02:59:00,2,Wheat,Development,Sandy,18.30666666666667,86.78,0.0,1.4016666666666666,0.0,42.0,60.0,18.0,55.0,0.85,,,0.0,0.0,0.0,0.0
2026-06-01 02:59:00,3,Maize,Mid-season,Clay,18.30666666666667,86.78,0.0,1.4016666666666666,0.0,65.0,75.0,30.0,65.0,1.2,,,0.0,0.0,0.0,0.0
2026-06-01 03:00:00,1,Tomato,Mid-season,Loam,18.3,86.8,0.0,1.4,0.0,55.0,70.0,25.0,60.0,1.15,,,0.0,0.0,0.0,0.0
2026-06-01 03:00:00,2,Wheat,Development,Sandy,18.3,86.8,0.0,1.4,0.0,42.0,60.0,18.0,55.0,0.85,,,0.0,0.0,0.0,0.0
2026-06-01 03:00:00,3,Maize,Mid-season,Clay,18.3,86.8,0.0,1.4,0.0,65.0,75.0,30.0,65.0,1.2,,,0.0,0.0,0.0,0.0
2026-06-01 03:01:00,1,Tomato,Mid-season,Loam,18.295,86.81166666666667,0.0,1.4016666666666666,0.0,55.0,70.0,25.0,60.0,1.15,,,4e-05,4.6e-05,0.0,4.6e-05
2026-06-01 03:01:00,2,Wheat,Development,Sandy,18.295,86.81166666666667,0.0,1.4016666666666666,0.0,42.0,60.0,18.0,55.0,0.85,,,4e-05,3.4e-05,0.0,3.4e-05
2026-06-01 03:01:00,3,Maize,Mid-season,Clay,18.295,86.81166666666667,0.0,1.4016666666666666,0.0,65.0,75.0,30.0,65.0,1.2,,,4e-05,4.8e-05,0.0,4.8e-05
2026-06-01 03:02:00,1,Tomato,Mid-season,Loam,18.29,86.82333333333332,0.0,1.403333333333333,0.0,55.0,70.0,25.0,60.0,1.15,,,0.0,0.0,0.0,0.0
2026-06-01 03:02:00,2,Wheat,Development,Sandy,18.29,86.82333333333332,0.0,1.403333333333333,0.0,42.0,60.0,18.0,55.0,0.85,,,0.0,0.0,0.0,0.0
2026-06-01 03:02:00,3,Maize,Mid-season,Clay,18.29,86.82333333333332,0.0,1.403333333333333,0.0,65.0,75.0,30.0,65.0,1.2,,,0.0,0.0,0.0,0.0
2026-06-01 03:03:00,1,Tomato,Mid-season,Loam,18.285,86.835,0.0,1.4049999999999998,0.0,55.0,70.0,25.0,60.0,1.15,,,3.6e-05,4.1e-05,0.0,4.1e-05
2026-06-01 03:03:00,2,Wheat,Development,Sandy,18.285,86.835,0.0,1.4049999999999998,0.0,42.0,60.0,18.0,55.0,0.85,,,3.6e-05,3.1e-05,0.0,3.1e-05
2026-06-01 03:03:00,3,Maize,Mid-season,Clay,18.285,86.835,0.0,1.4049999999999998,0.0,65.0,75.0,30.0,65.0,1.2,,,3.6e-05,4.3e-05,0.0,4.3e-05
2026-06-01 03:04:00,1,Tomato,Mid-season,Loam,18.28,86.84666666666666,0.0,1.4066666666666665,0.0,55.0,70.0,25.0,60.0,1.15,,,0.0,0.0,0.0,0.0
2026-06-01 03:04:00,2,Wheat,Development,Sandy,18.28,86.84666666666666,0.0,1.4066666666666665,0.0,42.0,60.0,18.0,55.0,0.85,,,0.0,0.0,0.0,0.0
2026-06-01 03:04:00,3,Maize,Mid-season,Clay,18.28,86.84666666666666,0.0,1.4066666666666665,0.0,65.0,75.0,30.0,65.0,1.2,,,0.0,0.0,0.0,0.0
2026-06-01 03:05:00,1,Tomato,Mid-season,Loam,18.275,86.85833333333333,0.0,1.4083333333333332,0.0,55.0,70.0,25.0,60.0,1.15,,,7.2e-05,8.3e-05,0.0,8.3e-05
2026-06-01 03:05:00,2,Wheat,Development,Sandy,18.275,86.85833333333333,0.0,1.4083333333333332,0.0,42.0,60.0,18.0,55.0,0.85,,,7.2e-05,6.1e-05,0.0,6.1e-05
2026-06-01 03:05:00,3,Maize,Mid-season,Clay,18.275,86.85833333333333,0.0,1.4083333333333332,0.0,65.0,75.0,30.0,65.0,1.2,,,7.2e-05,8.6e-05,0.0,8.6e-05
2026-06-01 03:06:00,1,Tomato,Mid-season,Loam,18.27,86.87,0.0,1.41,0.0,55.0,70.0,25.0,60.0,1.15,,,2.4e-05,2.8e-05,0.0,2.8e-05
2026-06-01 03:06:00,2,Wheat,Development,Sandy,18.27,86.87,0.0,1.41,0.0,42.0,60.0,18.0,55.0,0.85,,,2.4e-05,2e-05,0.0,2e-05
2026-06-01 03:06:00,3,Maize,Mid-season,Clay,18.27,86.87,0.0,1.41,0.0,65.0,75.0,30.0,65.0,1.2,,,2.4e-05,2.9e-05,0.0,2.9e-05
2026-06-01 03:07:00,1,Tomato,Mid-season,Loam,18.265,86.88166666666666,0.0,1.4116666666666666,0.0,55.0,70.0,25.0,60.0,1.15,,,0.0,0.0,0.0,0.0
2026-06-01 03:07:00,2,Wheat,Development,Sandy,18.265,86.88166666666666,0.0,1.4116666666666666,0.0,42.0,60.0,18.0,55.0,0.85,,,0.0,0.0,0.0,0.0
2026-06-01 03:07:00,3,Maize,Mid-season,Clay,18.265,86.88166666666666,0.0,1.4116666666666666,0.0,65.0,75.0,30.0,65.0,1.2,,,0.0,0.0,0.0,0.0
2026-06-01 03:08:00,1,Tomato,Mid-season,Loam,18.26,86.89333333333333,0.0,1.413333333333333,0.0,55.0,70.0,25.0,60.0,1.15,,,0.0,0.0,0.0,0.0
2026-06-01 03:08:00,2,Wheat,Development,Sandy,18.26,86.89333333333333,0.0,1.413333333333333,0.0,42.0,60.0,18.0,55.0,0.85,,,0.0,0.0,0.0,0.0
2026-06-01 03:08:00,3,Maize,Mid-season,Clay,18.26,86.89333333333333,0.0,1.413333333333333,0.0,65.0,75.0,30.0,65.0,1.2,,,0.0,0.0,0.0,0.0
2026-06-01 03:09:00,1,Tomato,Mid-season,Loam,18.255,86.905,0.0,1.415,0.0,55.0,70.0,25.0,60.0,1.15,,,4.1e-05,4.7e-05,0.0,4.7e-05
2026-06-01 03:09:00,2,Wheat,Development,Sandy,18.255,86.905,0.0,1.415,0.0,42.0,60.0,18.0,55.0,0.85,,,4.1e-05,3.5e-05,0.0,3.5e-05
2026-06-01 03:09:00,3,Maize,Mid-season,Clay,18.255,86.905,0.0,1.415,0.0,65.0,75.0,30.0,65.0,1.2,,,4.1e-05,4.9e-05,0.0,4.9e-05
2026-06-01 03:10:00,1,Tomato,Mid-season,Loam,18.25,86.91666666666666,0.0,1.4166666666666663,0.0,55.0,70.0,25.0,60.0,1.15,,,0.0,0.0,0.0,0.0
2026-06-01 03:10:00,2,Wheat,Development,Sandy,18.25,86.91666666666666,0.0,1.4166666666666663,0.0,42.0,60.0,18.0,55.0,0.85,,,0.0,0.0,0.0,0.0
2026-06-01 03:10:00,3,Maize,Mid-season,Clay,18.25,86.91666666666666,0.0,1.4166666666666663,0.0,65.0,75.0,30.0,65.0,1.2,,,0.0,0.0,0.0,0.0
2026-06-01 03:11:00,1,Tomato,Mid-season,Loam,18.245,86.92833333333333,0.0,1.4183333333333332,0.0,55.0,70.0,25.0,60.0,1.15,,,0.0,0.0,0.0,0.0
2026-06-01 03:11:00,2,Wheat,Development,Sandy,18.245,86.92833333333333,0.0,1.4183333333333332,0.0,42.0,60.0,18.0,55.0,0.85,,,0.0,0.0,0.0,0.0
2026-06-01 03:11:00,3,Maize,Mid-season,Clay,18.245,86.92833333333333,0.0,1.4183333333333332,0.0,65.0,75.0,30.0,65.0,1.2,,,0.0,0.0,0.0,0.0
2026-06-01 03:12:00,1,Tomato,Mid-season,Loam,18.24,86.94,0.0,1.42,0.0,55.0,70.0,25.0,60.0,1.15,,,5.5e-05,6.3e-05,0.0,6.3e-05
2026-06-01 03:12:00,2,Wheat,Development,Sandy,18.24,86.94,0.0,1.42,0.0,42.0,60.0,18.0,55.0,0.85,,,5.5e-05,4.7e-05,0.0,4.7e-05
2026-06-01 03:12:00,3,Maize,Mid-season,Clay,18.24,86.94,0.0,1.42,0.0,65.0,75.0,30.0,65.0,1.2,,,5.5e-05,6.6e-05,0.0,6.6e-05
2026-06-01 03:13:00,1,Tomato,Mid-season,Loam,18.235,86.95166666666667,0.0,1.4216666666666666,0.0,55.0,70.0,25.0,60.0,1.15,,,0.0,0.0,0.0,0.0
2026-06-01 03:13:00,2,Wheat,Development,Sandy,18.235,86.95166666666667,0.0,1.4216666666666666,0.0,42.0,60.0,18.0,55.0,0.85,,,0.0,0.0,0.0,0.0
2026-06-01 03:13:00,3,Maize,Mid-season,Clay,18.235,86.95166666666667,0.0,1.4216666666666666,0.0,65.0,75.0,30.0,65.0,1.2,,,0.0,0.0,0.0,0.0
2026-06-01 03:14:00,1,Tomato,Mid-season,Loam,18.23,86.96333333333334,0.0,1.4233333333333331,0.0,55.0,70.0,25.0,60.0,1.15,,,0.0,0.0,0.0,0.0
2026-06-01 03:14:00,2,Wheat,Development,Sandy,18.23,86.96333333333334,0.0,1.4233333333333331,0.0,42.0,60.0,18.0,55.0,0.85,,,0.0,0.0,0.0,0.0
2026-06-01 03:14:00,3,Maize,Mid-season,Clay,18.23,86.96333333333334,0.0,1.4233333333333331,0.0,65.0,75.0,30.0,65.0,1.2,,,0.0,0.0,0.0,0.0
2026-06-01 03:15:00,1,Tomato,Mid-season,Loam,18.225,86.975,0.0,1.4249999999999998,0.0,55.0,70.0,25.0,60.0,1.15,,,2.8e-05,3.2e-05,0.0,3.2e-05
2026-06-01 03:15:00,2,Wheat,Development,Sandy,18.225,86.975,0.0,1.4249999999999998,0.0,42.0,60.0,18.0,55.0,0.85,,,2.8e-05,2.4e-05,0.0,2.4e-05
2026-06-01 03:15:00,3,Maize,Mid-season,Clay,18.225,86.975,0.0,1.4249999999999998,0.0,65.0,75.0,30.0,65.0,1.2,,,2.8e-05,3.4e-05,0.0,3.4e-05
2026-06-01 03:16:00,1,Tomato,Mid-season,Loam,18.22,86.98666666666666,0.0,1.4266666666666663,0.0,55.0,70.0,25.0,60.0,1.15,,,2.7e-05,3.1e-05,0.0,3.1e-05
2026-06-01 03:16:00,2,Wheat,Development,Sandy,18.22,86.98666666666666,0.0,1.4266666666666663,0.0,42.0,60.0,18.0,55.0,0.85,,,2.7e-05,2.3e-05,0.0,2.3e-05
2026-06-01 03:16:00,3,Maize,Mid-season,Clay,18.22,86.98666666666666,0.0,1.4266666666666663,0.0,65.0,75.0,30.0,65.0,1.2,,,2.7e-05,3.2e-05,0.0,3.2e-05
2026-06-01 03:17:00,1,Tomato,Mid-season,Loam,18.215,86.99833333333333,0.0,1.4283333333333332,0.0,55.0,70.0,25.0,60.0,1.15,,,0.0,0.0,0.0,0.0
2026-06-01 03:17:00,2,Wheat,Development,Sandy,18.215,86.99833333333333,0.0,1.4283333333333332,0.0,42.0,60.0,18.0,55.0,0.85,,,0.0,0.0,0.0,0.0
2026-06-01 03:17:00,3,Maize,Mid-season,Clay,18.215,86.99833333333333,0.0,1.4283333333333332,0.0,65.0,75.0,30.0,65.0,1.2,,,0.0,0.0,0.0,0.0
2026-06-01 03:18:00,1,Tomato,Mid-season,Loam,18.21,87.00999999999999,0.0,1.43,0.0,55.0,70.0,25.0,60.0,1.15,,,0.0,0.0,0.0,0.0
2026-06-01 03:18:00,2,Wheat,Development,Sandy,18.21,87.00999999999999,0.0,1.43,0.0,42.0,60.0,18.0,55.0,0.85,,,0.0,0.0,0.0,0.0
2026-06-01 03:18:00,3,Maize,Mid-season,Clay,18.21,87.00999999999999,0.0,1.43,0.0,65.0,75.0,30.0,65.0,1.2,,,0.0,0.0,0.0,0.0
2026-06-01 03:19:00,1,Tomato,Mid-season,Loam,18.205,87.02166666666666,0.0,1.4316666666666666,0.0,55.0,70.0,25.0,60.0,1.15,,,0.0,0.0,0.0,0.0
2026-06-01 03:19:00,2,Wheat,Development,Sandy,18.205,87.02166666666666,0.0,1.4316666666666666,0.0,42.0,60.0,18.0,55.0,0.85,,,0.0,0.0,0.0,0.0
2026-06-01 03:19:00,3,Maize,Mid-season,Clay,18.205,87.02166666666666,0.0,1.4316666666666666,0.0,65.0,75.0,30.0,65.0,1.2,,,0.0,0.0,0.0,0.0
2026-06-01 03:20:00,1,Tomato,Mid-season,Loam,18.2,87.03333333333333,0.0,1.4333333333333331,0.0,55.0,70.0,25.0,60.0,1.15,,,0.0,0.0,0.0,0.0
2026-06-01 03:20:00,2,Wheat,Development,Sandy,18.2,87.03333333333333,0.0,1.4333333333333331,0.0,42.0,60.0,18.0,55.0,0.85,,,0.0,0.0,0.0,0.0
2026-06-01 03:20:00,3,Maize,Mid-season,Clay,18.2,87.03333333333333,0.0,1.4333333333333331,0.0,65.0,75.0,30.0,65.0,1.2,,,0.0,0.0,0.0,0.0
2026-06-01 03:21:00,1,Tomato,Mid-season,Loam,18.195,87.045,0.0,1.435,0.0,55.0,70.0,25.0,60.0,1.15,,,2.6e-05,3e-05,0.0,3e-05
2026-06-01 03:21:00,2,Wheat,Development,Sandy,18.195,87.045,0.0,1.435,0.0,42.0,60.0,18.0,55.0,0.85,,,2.6e-05,2.2e-05,0.0,2.2e-05
2026-06-01 03:21:00,3,Maize,Mid-season,Clay,18.195,87.045,0.0,1.435,0.0,65.0,75.0,30.0,65.0,1.2,,,2.6e-05,3.1e-05,0.0,3.1e-05
2026-06-01 03:22:00,1,Tomato,Mid-season,Loam,18.19,87.05666666666667,0.0,1.4366666666666663,0.0,55.0,70.0,25.0,60.0,1.15,,,0.0,0.0,0.0,0.0
2026-06-01 03:22:00,2,Wheat,Development,Sandy,18.19,87.05666666666667,0.0,1.4366666666666663,0.0,42.0,60.0,18.0,55.0,0.85,,,0.0,0.0,0.0,0.0
2026-06-01 03:22:00,3,Maize,Mid-season,Clay,18.19,87.05666666666667,0.0,1.4366666666666663,0.0,65.0,75.0,30.0,65.0,1.2,,,0.0,0.0,0.0,0.0
2026-06-01 03:23:00,1,Tomato,Mid-season,Loam,18.185,87.06833333333333,0.0,1.4383333333333332,0.0,55.0,70.0,25.0,60.0,1.15,,,2e-06,2e-06,0.0,2e-06
2026-06-01 03:23:00,2,Wheat,Development,Sandy,18.185,87.06833333333333,0.0,1.4383333333333332,0.0,42.0,60.0,18.0,55.0,0.85,,,2e-06,2e-06,0.0,2e-06
2026-06-01 03:23:00,3,Maize,Mid-season,Clay,18.185,87.06833333333333,0.0,1.4383333333333332,0.0,65.0,75.0,30.0,65.0,1.2,,,2e-06,2e-06,0.0,2e-06
2026-06-01 03:24:00,1,Tomato,Mid-season,Loam,18.18,87.08,0.0,1.44,0.0,55.0,70.0,25.0,60.0,1.15,,,1.2e-05,1.4e-05,0.0,1.4e-05
2026-06-01 03:24:00,2,Wheat,Development,Sandy,18.18,87.08,0.0,1.44,0.0,42.0,60.0,18.0,55.0,0.85,,,1.2e-05,1e-05,0.0,1e-05
2026-06-01 03:24:00,3,Maize,Mid-season,Clay,18.18,87.08,0.0,1.44,0.0,65.0,75.0,30.0,65.0,1.2,,,1.2e-05,1.4e-05,0.0,1.4e-05
2026-06-01 03:25:00,1,Tomato,Mid-season,Loam,18.175,87.09166666666667,0.0,1.4416666666666669,0.0,55.0,70.0,25.0,60.0,1.15,,,0.0,0.0,0.0,0.0
2026-06-01 03:25:00,2,Wheat,Development,Sandy,18.175,87.09166666666667,0.0,1.4416666666666669,0.0,42.0,60.0,18.0,55.0,0.85,,,0.0,0.0,0.0,0.0
2026-06-01 03:25:00,3,Maize,Mid-season,Clay,18.175,87.09166666666667,0.0,1.4416666666666669,0.0,65.0,75.0,30.0,65.0,1.2,,,0.0,0.0,0.0,0.0
2026-06-01 03:26:00,1,Tomato,Mid-season,Loam,18.17,87.10333333333332,0.0,1.4433333333333334,0.0,55.0,70.0,25.0,60.0,1.15,,,0.0,0.0,0.0,0.0
2026-06-01 03:26:00,2,Wheat,Development,Sandy,18.17,87.10333333333332,0.0,1.4433333333333334,0.0,42.0,60.0,18.0,55.0,0.85,,,0.0,0.0,0.0,0.0
2026-06-01 03:26:00,3,Maize,Mid-season,Clay,18.17,87.10333333333332,0.0,1.4433333333333334,0.0,65.0,75.0,30.0,65.0,1.2,,,0.0,0.0,0.0,0.0
2026-06-01 03:27:00,1,Tomato,Mid-season,Loam,18.165,87.115,0.0,1.4449999999999998,0.0,55.0,70.0,25.0,60.0,1.15,,,0.0,0.0,0.0,0.0
2026-06-01 03:27:00,2,Wheat,Development,Sandy,18.165,87.115,0.0,1.4449999999999998,0.0,42.0,60.0,18.0,55.0,0.85,,,0.0,0.0,0.0,0.0
2026-06-01 03:27:00,3,Maize,Mid-season,Clay,18.165,87.115,0.0,1.4449999999999998,0.0,65.0,75.0,30.0,65.0,1.2,,,0.0,0.0,0.0,0.0
2026-06-01 03:28:00,1,Tomato,Mid-season,Loam,18.16,87.12666666666667,0.0,1.4466666666666663,0.0,55.0,70.0,25.0,60.0,1.15,,,0.0,0.0,0.0,0.0
2026-06-01 03:28:00,2,Wheat,Development,Sandy,18.16,87.12666666666667,0.0,1.4466666666666663,0.0,42.0,60.0,18.0,55.0,0.85,,,0.0,0.0,0.0,0.0
2026-06-01 03:28:00,3,Maize,Mid-season,Clay,18.16,87.12666666666667,0.0,1.4466666666666663,0.0,65.0,75.0,30.0,65.0,1.2,,,0.0,0.0,0.0,0.0
2026-06-01 03:29:00,1,Tomato,Mid-season,Loam,18.155,87.13833333333334,0.0,1.4483333333333333,0.0,55.0,70.0,25.0,60.0,1.15,,,2e-05,2.3e-05,0.0,2.3e-05
2026-06-01 03:29:00,2,Wheat,Development,Sandy,18.155,87.13833333333334,0.0,1.4483333333333333,0.0,42.0,60.0,18.0,55.0,0.85,,,2e-05,1.7e-05,0.0,1.7e-05
2026-06-01 03:29:00,3,Maize,Mid-season,Clay,18.155,87.13833333333334,0.0,1.4483333333333333,0.0,65.0,75.0,30.0,65.0,1.2,,,2e-05,2.4e-05,0.0,2.4e-05
2026-06-01 03:30:00,1,Tomato,Mid-season,Loam,18.15,87.15,0.0,1.45,0.0,55.0,70.0,25.0,60.0,1.15,,,1.2e-05,1.4e-05,0.0,1.4e-05
2026-06-01 03:30:00,2,Wheat,Development,Sandy,18.15,87.15,0.0,1.45,0.0,42.0,60.0,18.0,55.0,0.85,,,1.2e-05,1e-05,0.0,1e-05
2026-06-01 03:30:00,3,Maize,Mid-season,Clay,18.15,87.15,0.0,1.45,0.0,65.0,75.0,30.0,65.0,1.2,,,1.2e-05,1.4e-05,0.0,1.4e-05
2026-06-01 03:31:00,1,Tomato,Mid-season,Loam,18.145,87.16166666666666,0.0,1.4516666666666669,0.0,55.0,70.0,25.0,60.0,1.15,,,0.0,0.0,0.0,0.0
2026-06-01 03:31:00,2,Wheat,Development,Sandy,18.145,87.16166666666666,0.0,1.4516666666666669,0.0,42.0,60.0,18.0,55.0,0.85,,,0.0,0.0,0.0,0.0
2026-06-01 03:31:00,3,Maize,Mid-season,Clay,18.145,87.16166666666666,0.0,1.4516666666666669,0.0,65.0,75.0,30.0,65.0,1.2,,,0.0,0.0,0.0,0.0
2026-06-01 03:32:00,1,Tomato,Mid-season,Loam,18.14,87.17333333333333,0.0,1.4533333333333334,0.0,55.0,70.0,25.0,60.0,1.15,,,3.5e-05,4e-05,0.0,4e-05
2026-06-01 03:32:00,2,Wheat,Development,Sandy,18.14,87.17333333333333,0.0,1.4533333333333334,0.0,42.0,60.0,18.0,55.0,0.85,,,3.5e-05,3e-05,0.0,3e-05
2026-06-01 03:32:00,3,Maize,Mid-season,Clay,18.14,87.17333333333333,0.0,1.4533333333333334,0.0,65.0,75.0,30.0,65.0,1.2,,,3.5e-05,4.2e-05,0.0,4.2e-05
2026-06-01 03:33:00,1,Tomato,Mid-season,Loam,18.135,87.185,0.0,1.455,0.0,55.0,70.0,25.0,60.0,1.15,,,0.0,0.0,0.0,0.0
2026-06-01 03:33:00,2,Wheat,Development,Sandy,18.135,87.185,0.0,1.455,0.0,42.0,60.0,18.0,55.0,0.85,,,0.0,0.0,0.0,0.0
2026-06-01 03:33:00,3,Maize,Mid-season,Clay,18.135,87.185,0.0,1.455,0.0,65.0,75.0,30.0,65.0,1.2,,,0.0,0.0,0.0,0.0
2026-06-01 03:34:00,1,Tomato,Mid-season,Loam,18.13,87.19666666666666,0.0,1.4566666666666666,0.0,55.0,70.0,25.0,60.0,1.15,,,0.0,0.0,0.0,0.0
2026-06-01 03:34:00,2,Wheat,Development,Sandy,18.13,87.19666666666666,0.0,1.4566666666666666,0.0,42.0,60.0,18.0,55.0,0.85,,,0.0,0.0,0.0,0.0
2026-06-01 03:34:00,3,Maize,Mid-season,Clay,18.13,87.19666666666666,0.0,1.4566666666666666,0.0,65.0,75.0,30.0,65.0,1.2,,,0.0,0.0,0.0,0.0
2026-06-01 03:35:00,1,Tomato,Mid-season,Loam,18.125,87.20833333333333,0.0,1.4583333333333333,0.0,55.0,70.0,25.0,60.0,1.15,,,2e-05,2.3e-05,0.0,2.3e-05
2026-06-01 03:35:00,2,Wheat,Development,Sandy,18.125,87.20833333333333,0.0,1.4583333333333333,0.0,42.0,60.0,18.0,55.0,0.85,,,2e-05,1.7e-05,0.0,1.7e-05
2026-06-01 03:35:00,3,Maize,Mid-season,Clay,18.125,87.20833333333333,0.0,1.4583333333333333,0.0,65.0,75.0,30.0,65.0,1.2,,,2e-05,2.4e-05,0.0,2.4e-05
2026-06-01 03:36:00,1,Tomato,Mid-season,Loam,18.12,87.22,0.0,1.46,0.0,55.0,70.0,25.0,60.0,1.15,,,0.0,0.0,0.0,0.0
2026-06-01 03:36:00,2,Wheat,Development,Sandy,18.12,87.22,0.0,1.46,0.0,42.0,60.0,18.0,55.0,0.85,,,0.0,0.0,0.0,0.0
2026-06-01 03:36:00,3,Maize,Mid-season,Clay,18.12,87.22,0.0,1.46,0.0,65.0,75.0,30.0,65.0,1.2,,,0.0,0.0,0.0,0.0
2026-06-01 03:37:00,1,Tomato,Mid-season,Loam,18.115,87.23166666666667,0.0,1.461666666666667,0.0,55.0,70.0,25.0,60.0,1.15,,,1.5e-05,1.7e-05,0.0,1.7e-05
2026-06-01 03:37:00,2,Wheat,Development,Sandy,18.115,87.23166666666667,0.0,1.461666666666667,0.0,42.0,60.0,18.0,55.0,0.85,,,1.5e-05,1.3e-05,0.0,1.3e-05
2026-06-01 03:37:00,3,Maize,Mid-season,Clay,18.115,87.23166666666667,0.0,1.461666666666667,0.0,65.0,75.0,30.0,65.0,1.2,,,1.5e-05,1.8e-05,0.0,1.8e-05
2026-06-01 03:38:00,1,Tomato,Mid-season,Loam,18.11,87.24333333333334,0.0,1.4633333333333334,0.0,55.0,70.0,25.0,60.0,1.15,,,0.0,0.0,0.0,0.0
2026-06-01 03:38:00,2,Wheat,Development,Sandy,18.11,87.24333333333334,0.0,1.4633333333333334,0.0,42.0,60.0,18.0,55.0,0.85,,,0.0,0.0,0.0,0.0
2026-06-01 03:38:00,3,Maize,Mid-season,Clay,18.11,87.24333333333334,0.0,1.4633333333333334,0.0,65.0,75.0,30.0,65.0,1.2,,,0.0,0.0,0.0,0.0
2026-06-01 03:39:00,1,Tomato,Mid-season,Loam,18.105,87.255,0.0,1.465,0.0,55.0,70.0,25.0,60.0,1.15,,,0.0,0.0,0.0,0.0
2026-06-01 03:39:00,2,Wheat,Development,Sandy,18.105,87.255,0.0,1.465,0.0,42.0,60.0,18.0,55.0,0.85,,,0.0,0.0,0.0,0.0
2026-06-01 03:39:00,3,Maize,Mid-season,Clay,18.105,87.255,0.0,1.465,0.0,65.0,75.0,30.0,65.0,1.2,,,0.0,0.0,0.0,0.0
2026-06-01 03:40:00,1,Tomato,Mid-season,Loam,18.1,87.26666666666667,0.0,1.4666666666666666,0.0,55.0,70.0,25.0,60.0,1.15,,,3.1e-05,3.6e-05,0.0,3.6e-05
2026-06-01 03:40:00,2,Wheat,Development,Sandy,18.1,87.26666666666667,0.0,1.4666666666666666,0.0,42.0,60.0,18.0,55.0,0.85,,,3.1e-05,2.6e-05,0.0,2.6e-05
2026-06-01 03:40:00,3,Maize,Mid-season,Clay,18.1,87.26666666666667,0.0,1.4666666666666666,0.0,65.0,75.0,30.0,65.0,1.2,,,3.1e-05,3.7e-05,0.0,3.7e-05
2026-06-01 03:41:00,1,Tomato,Mid-season,Loam,18.095,87.27833333333334,0.0,1.4683333333333333,0.0,55.0,70.0,25.0,60.0,1.15,,,2e-06,2e-06,0.0,2e-06
2026-06-01 03:41:00,2,Wheat,Development,Sandy,18.095,87.27833333333334,0.0,1.4683333333333333,0.0,42.0,60.0,18.0,55.0,0.85,,,2e-06,2e-06,0.0,2e-06
2026-06-01 03:41:00,3,Maize,Mid-season,Clay,18.095,87.27833333333334,0.0,1.4683333333333333,0.0,65.0,75.0,30.0,65.0,1.2,,,2e-06,2e-06,0.0,2e-06
2026-06-01 03:42:00,1,Tomato,Mid-season,Loam,18.09,87.28999999999999,0.0,1.47,0.0,55.0,70.0,25.0,60.0,1.15,,,0.0,0.0,0.0,0.0
2026-06-01 03:42:00,2,Wheat,Development,Sandy,18.09,87.28999999999999,0.0,1.47,0.0,42.0,60.0,18.0,55.0,0.85,,,0.0,0.0,0.0,0.0
2026-06-01 03:42:00,3,Maize,Mid-season,Clay,18.09,87.28999999999999,0.0,1.47,0.0,65.0,75.0,30.0,65.0,1.2,,,0.0,0.0,0.0,0.0
2026-06-01 03:43:00,1,Tomato,Mid-season,Loam,18.085,87.30166666666666,0.0,1.471666666666667,0.0,55.0,70.0,25.0,60.0,1.15,,,0.0,0.0,0.0,0.0
2026-06-01 03:43:00,2,Wheat,Development,Sandy,18.085,87.30166666666666,0.0,1.471666666666667,0.0,42.0,60.0,18.0,55.0,0.85,,,0.0,0.0,0.0,0.0
2026-06-01 03:43:00,3,Maize,Mid-season,Clay,18.085,87.30166666666666,0.0,1.471666666666667,0.0,65.0,75.0,30.0,65.0,1.2,,,0.0,0.0,0.0,0.0
2026-06-01 03:44:00,1,Tomato,Mid-season,Loam,18.08,87.31333333333333,0.0,1.4733333333333334,0.0,55.0,70.0,25.0,60.0,1.15,,,4e-06,5e-06,0.0,5e-06
2026-06-01 03:44:00,2,Wheat,Development,Sandy,18.08,87.31333333333333,0.0,1.4733333333333334,0.0,42.0,60.0,18.0,55.0,0.85,,,4e-06,3e-06,0.0,3e-06
2026-06-01 03:44:00,3,Maize,Mid-season,Clay,18.08,87.31333333333333,0.0,1.4733333333333334,0.0,65.0,75.0,30.0,65.0,1.2,,,4e-06,5e-06,0.0,5e-06
2026-06-01 03:45:00,1,Tomato,Mid-season,Loam,18.075,87.325,0.0,1.475,0.0,55.0,70.0,25.0,60.0,1.15,,,0.0,0.0,0.0,0.0
2026-06-01 03:45:00,2,Wheat,Development,Sandy,18.075,87.325,0.0,1.475,0.0,42.0,60.0,18.0,55.0,0.85,,,0.0,0.0,0.0,0.0
2026-06-01 03:45:00,3,Maize,Mid-season,Clay,18.075,87.325,0.0,1.475,0.0,65.0,75.0,30.0,65.0,1.2,,,0.0,0.0,0.0,0.0
2026-06-01 03:46:00,1,Tomato,Mid-season,Loam,18.07,87.33666666666667,0.0,1.4766666666666666,0.0,55.0,70.0,25.0,60.0,1.15,,,0.0,0.0,0.0,0.0
2026-06-01 03:46:00,2,Wheat,Development,Sandy,18.07,87.33666666666667,0.0,1.4766666666666666,0.0,42.0,60.0,18.0,55.0,0.85,,,0.0,0.0,0.0,0.0
2026-06-01 03:46:00,3,Maize,Mid-season,Clay,18.07,87.33666666666667,0.0,1.4766666666666666,0.0,65.0,75.0,30.0,65.0,1.2,,,0.0,0.0,0.0,0.0
2026-06-01 03:47:00,1,Tomato,Mid-season,Loam,18.065,87.34833333333333,0.0,1.4783333333333333,0.0,55.0,70.0,25.0,60.0,1.15,,,4.1e-05,4.7e-05,0.0,4.7e-05
2026-06-01 03:47:00,2,Wheat,Development,Sandy,18.065,87.34833333333333,0.0,1.4783333333333333,0.0,42.0,60.0,18.0,55.0,0.85,,,4.1e-05,3.5e-05,0.0,3.5e-05
2026-06-01 03:47:00,3,Maize,Mid-season,Clay,18.065,87.34833333333333,0.0,1.4783333333333333,0.0,65.0,75.0,30.0,65.0,1.2,,,4.1e-05,4.9e-05,0.0,4.9e-05
2026-06-01 03:48:00,1,Tomato,Mid-season,Loam,18.06,87.36,0.0,1.48,0.0,55.0,70.0,25.0,60.0,1.15,,,0.0,0.0,0.0,0.0
2026-06-01 03:48:00,2,Wheat,Development,Sandy,18.06,87.36,0.0,1.48,0.0,42.0,60.0,18.0,55.0,0.85,,,0.0,0.0,0.0,0.0
2026-06-01 03:48:00,3,Maize,Mid-season,Clay,18.06,87.36,0.0,1.48,0.0,65.0,75.0,30.0,65.0,1.2,,,0.0,0.0,0.0,0.0
2026-06-01 03:49:00,1,Tomato,Mid-season,Loam,18.055,87.37166666666667,0.0,1.481666666666667,0.0,55.0,70.0,25.0,60.0,1.15,,,0.0,0.0,0.0,0.0
2026-06-01 03:49:00,2,Wheat,Development,Sandy,18.055,87.37166666666667,0.0,1.481666666666667,0.0,42.0,60.0,18.0,55.0,0.85,,,0.0,0.0,0.0,0.0
2026-06-01 03:49:00,3,Maize,Mid-season,Clay,18.055,87.37166666666667,0.0,1.481666666666667,0.0,65.0,75.0,30.0,65.0,1.2,,,0.0,0.0,0.0,0.0
2026-06-01 03:50:00,1,Tomato,Mid-season,Loam,18.05,87.38333333333333,0.0,1.4833333333333334,0.0,55.0,70.0,25.0,60.0,1.15,,,0.0,0.0,0.0,0.0
2026-06-01 03:50:00,2,Wheat,Development,Sandy,18.05,87.38333333333333,0.0,1.4833333333333334,0.0,42.0,60.0,18.0,55.0,0.85,,,0.0,0.0,0.0,0.0
2026-06-01 03:50:00,3,Maize,Mid-season,Clay,18.05,87.38333333333333,0.0,1.4833333333333334,0.0,65.0,75.0,30.0,65.0,1.2,,,0.0,0.0,0.0,0.0
2026-06-01 03:51:00,1,Tomato,Mid-season,Loam,18.045,87.395,0.0,1.485,0.0,55.0,70.0,25.0,60.0,1.15,,,0.0,0.0,0.0,0.0
2026-06-01 03:51:00,2,Wheat,Development,Sandy,18.045,87.395,0.0,1.485,0.0,42.0,60.0,18.0,55.0,0.85,,,0.0,0.0,0.0,0.0
2026-06-01 03:51:00,3,Maize,Mid-season,Clay,18.045,87.395,0.0,1.485,0.0,65.0,75.0,30.0,65.0,1.2,,,0.0,0.0,0.0,0.0
2026-06-01 03:52:00,1,Tomato,Mid-season,Loam,18.04,87.40666666666667,0.0,1.4866666666666666,0.0,55.0,70.0,25.0,60.0,1.15,,,0.0,0.0,0.0,0.0
2026-06-01 03:52:00,2,Wheat,Development,Sandy,18.04,87.40666666666667,0.0,1.4866666666666666,0.0,42.0,60.0,18.0,55.0,0.85,,,0.0,0.0,0.0,0.0
2026-06-01 03:52:00,3,Maize,Mid-season,Clay,18.04,87.40666666666667,0.0,1.4866666666666666,0.0,65.0,75.0,30.0,65.0,1.2,,,0.0,0.0,0.0,0.0
2026-06-01 03:53:00,1,Tomato,Mid-season,Loam,18.035,87.41833333333334,0.0,1.4883333333333333,0.0,55.0,70.0,25.0,60.0,1.15,,,0.0,0.0,0.0,0.0
2026-06-01 03:53:00,2,Wheat,Development,Sandy,18.035,87.41833333333334,0.0,1.4883333333333333,0.0,42.0,60.0,18.0,55.0,0.85,,,0.0,0.0,0.0,0.0
2026-06-01 03:53:00,3,Maize,Mid-season,Clay,18.035,87.41833333333334,0.0,1.4883333333333333,0.0,65.0,75.0,30.0,65.0,1.2,,,0.0,0.0,0.0,0.0
2026-06-01 03:54:00,1,Tomato,Mid-season,Loam,18.03,87.43,0.0,1.49,0.0,55.0,70.0,25.0,60.0,1.15,,,3.1e-05,3.6e-05,0.0,3.6e-05
2026-06-01 03:54:00,2,Wheat,Development,Sandy,18.03,87.43,0.0,1.49,0.0,42.0,60.0,18.0,55.0,0.85,,,3.1e-05,2.6e-05,0.0,2.6e-05
2026-06-01 03:54:00,3,Maize,Mid-season,Clay,18.03,87.43,0.0,1.49,0.0,65.0,75.0,30.0,65.0,1.2,,,3.1e-05,3.7e-05,0.0,3.7e-05
2026-06-01 03:55:00,1,Tomato,Mid-season,Loam,18.025,87.44166666666666,0.0,1.4916666666666667,0.0,55.0,70.0,25.0,60.0,1.15,,,2.1e-05,2.4e-05,0.0,2.4e-05
2026-06-01 03:55:00,2,Wheat,Development,Sandy,18.025,87.44166666666666,0.0,1.4916666666666667,0.0,42.0,60.0,18.0,55.0,0.85,,,2.1e-05,1.8e-05,0.0,1.8e-05
2026-06-01 03:55:00,3,Maize,Mid-season,Clay,18.025,87.44166666666666,0.0,1.4916666666666667,0.0,65.0,75.0,30.0,65.0,1.2,,,2.1e-05,2.5e-05,0.0,2.5e-05
2026-06-01 03:56:00,1,Tomato,Mid-season,Loam,18.02,87.45333333333333,0.0,1.4933333333333334,0.0,55.0,70.0,25.0,60.0,1.15,,,0.0,0.0,0.0,0.0
2026-06-01 03:56:00,2,Wheat,Development,Sandy,18.02,87.45333333333333,0.0,1.4933333333333334,0.0,42.0,60.0,18.0,55.0,0.85,,,0.0,0.0,0.0,0.0
2026-06-01 03:56:00,3,Maize,Mid-season,Clay,18.02,87.45333333333333,0.0,1.4933333333333334,0.0,65.0,75.0,30.0,65.0,1.2,,,0.0,0.0,0.0,0.0
2026-06-01 03:57:00,1,Tomato,Mid-season,Loam,18.015,87.465,0.0,1.495,0.0,55.0,70.0,25.0,60.0,1.15,,,0.0,0.0,0.0,0.0
2026-06-01 03:57:00,2,Wheat,Development,Sandy,18.015,87.465,0.0,1.495,0.0,42.0,60.0,18.0,55.0,0.85,,,0.0,0.0,0.0,0.0
2026-06-01 03:57:00,3,Maize,Mid-season,Clay,18.015,87.465,0.0,1.495,0.0,65.0,75.0,30.0,65.0,1.2,,,0.0,0.0,0.0,0.0
2026-06-01 03:58:00,1,Tomato,Mid-season,Loam,18.01,87.47666666666666,0.0,1.4966666666666666,0.0,55.0,70.0,25.0,60.0,1.15,,,8e-06,9e-06,0.0,9e-06
2026-06-01 03:58:00,2,Wheat,Development,Sandy,18.01,87.47666666666666,0.0,1.4966666666666666,0.0,42.0,60.0,18.0,55.0,0.85,,,8e-06,7e-06,0.0,7e-06
2026-06-01 03:58:00,3,Maize,Mid-season,Clay,18.01,87.47666666666666,0.0,1.4966666666666666,0.0,65.0,75.0,30.0,65.0,1.2,,,8e-06,1e-05,0.0,1e-05
2026-06-01 03:59:00,1,Tomato,Mid-season,Loam,18.005,87.48833333333333,0.0,1.4983333333333333,0.0,55.0,70.0,25.0,60.0,1.15,,,0.0,0.0,0.0,0.0
2026-06-01 03:59:00,2,Wheat,Development,Sandy,18.005,87.48833333333333,0.0,1.4983333333333333,0.0,42.0,60.0,18.0,55.0,0.85,,,0.0,0.0,0.0,0.0
2026-06-01 03:59:00,3,Maize,Mid-season,Clay,18.005,87.48833333333333,0.0,1.4983333333333333,0.0,65.0,75.0,30.0,65.0,1.2,,,0.0,0.0,0.0,0.0
2026-06-01 04:00:00,1,Tomato,Mid-season,Loam,18.0,87.5,0.0,1.5,0.0,55.0,70.0,25.0,60.0,1.15,,,0.0,0.0,0.0,0.0
2026-06-01 04:00:00,2,Wheat,Development,Sandy,18.0,87.5,0.0,1.5,0.0,42.0,60.0,18.0,55.0,0.85,,,0.0,0.0,0.0,0.0
2026-06-01 04:00:00,3,Maize,Mid-season,Clay,18.0,87.5,0.0,1.5,0.0,65.0,75.0,30.0,65.0,1.2,,,0.0,0.0,0.0,0.0
2026-06-01 04:01:00,1,Tomato,Mid-season,Loam,18.006666666666668,87.47833333333334,0.2533333333333333,1.5033333333333334,0.0,55.0,70.0,25.0,60.0,1.15,,,0.0,0.0,0.0,0.0
2026-06-01 04:01:00,2,Wheat,Development,Sandy,18.006666666666668,87.47833333333334,0.2533333333333333,1.5033333333333334,0.0,42.0,60.0,18.0,55.0,0.85,,,0.0,0.0,0.0,0.0
2026-06-01 04:01:00,3,Maize,Mid-season,Clay,18.006666666666668,87.47833333333334,0.2533333333333333,1.5033333333333334,0.0,65.0,75.0,30.0,65.0,1.2,,,0.0,0.0,0.0,0.0
2026-06-01 04:02:00,1,Tomato,Mid-season,Loam,18.013333333333332,87.45666666666666,0.5066666666666667,1.5066666666666666,0.0,55.0,70.0,25.0,60.0,1.15,,,0.0,0.0,0.0,0.0
2026-06-01 04:02:00,2,Wheat,Development,Sandy,18.013333333333332,87.45666666666666,0.5066666666666667,1.5066666666666666,0.0,42.0,60.0,18.0,55.0,0.85,,,0.0,0.0,0.0,0.0
2026-06-01 04:02:00,3,Maize,Mid-season,Clay,18.013333333333332,87.45666666666666,0.5066666666666667,1.5066666666666666,0.0,65.0,75.0,30.0,65.0,1.2,,,0.0,0.0,0.0,0.0
2026-06-01 04:03:00,1,Tomato,Mid-season,Loam,18.02,87.435,0.76,1.51,0.0,55.0,70.0,25.0,60.0,1.15,,,0.0,0.0,0.0,0.0
2026-06-01 04:03:00,2,Wheat,Development,Sandy,18.02,87.435,0.76,1.51,0.0,42.0,60.0,18.0,55.0,0.85,,,0.0,0.0,0.0,0.0
2026-06-01 04:03:00,3,Maize,Mid-season,Clay,18.02,87.435,0.76,1.51,0.0,65.0,75.0,30.0,65.0,1.2,,,0.0,0.0,0.0,0.0
2026-06-01 04:04:00,1,Tomato,Mid-season,Loam,18.026666666666667,87.41333333333333,1.0133333333333334,1.5133333333333334,0.0,55.0,70.0,25.0,60.0,1.15,,,1.7e-05,2e-05,0.0,2e-05
2026-06-01 04:04:00,2,Wheat,Development,Sandy,18.026666666666667,87.41333333333333,1.0133333333333334,1.5133333333333334,0.0,42.0,60.0,18.0,55.0,0.85,,,1.7e-05,1.4e-05,0.0,1.4e-05
2026-06-01 04:04:00,3,Maize,Mid-season,Clay,18.026666666666667,87.41333333333333,1.0133333333333334,1.5133333333333334,0.0,65.0,75.0,30.0,65.0,1.2,,,1.7e-05,2e-05,0.0,2e-05
2026-06-01 04:05:00,1,Tomato,Mid-season,Loam,18.03333333333333,87.39166666666667,1.2666666666666666,1.5166666666666666,0.0,55.0,70.0,25.0,60.0,1.15,,,0.0,0.0,0.0,0.0
2026-06-01 04:05:00,2,Wheat,Development,Sandy,18.03333333333333,87.39166666666667,1.2666666666666666,1.5166666666666666,0.0,42.0,60.0,18.0,55.0,0.85,,,0.0,0.0,0.0,0.0
2026-06-01 04:05:00,3,Maize,Mid-season,Clay,18.03333333333333,87.39166666666667,1.2666666666666666,1.5166666666666666,0.0,65.0,75.0,30.0,65.0,1.2,,,0.0,0.0,0.0,0.0
2026-06-01 04:06:00,1,Tomato,Mid-season,Loam,18.04,87.37,1.52,1.52,0.0,55.0,70.0,25.0,60.0,1.15,,,0.0,0.0,0.0,0.0
2026-06-01 04:06:00,2,Wheat,Development,Sandy,18.04,87.37,1.52,1.52,0.0,42.0,60.0,18.0,55.0,0.85,,,0.0,0.0,0.0,0.0
2026-06-01 04:06:00,3,Maize,Mid-season,Clay,18.04,87.37,1.52,1.52,0.0,65.0,75.0,30.0,65.0,1.2,,,0.0,0.0,0.0,0.0
2026-06-01 04:07:00,1,Tomato,Mid-season,Loam,18.046666666666667,87.34833333333333,1.7733333333333334,1.5233333333333334,0.0,55.0,70.0,25.0,60.0,1.15,,,2e-06,2e-06,0.0,2e-06
2026-06-01 04:07:00,2,Wheat,Development,Sandy,18.046666666666667,87.34833333333333,1.7733333333333334,1.5233333333333334,0.0,42.0,60.0,18.0,55.0,0.85,,,2e-06,2e-06,0.0,2e-06
2026-06-01 04:07:00,3,Maize,Mid-season,Clay,18.046666666666667,87.34833333333333,1.7733333333333334,1.5233333333333334,0.0,65.0,75.0,30.0,65.0,1.2,,,2e-06,2e-06,0.0,2e-06
2026-06-01 04:08:00,1,Tomato,Mid-season,Loam,18.05333333333333,87.32666666666667,2.026666666666667,1.5266666666666666,0.0,55.0,70.0,25.0,60.0,1.15,,,4.2e-05,4.8e-05,0.0,4.8e-05
2026-06-01 04:08:00,2,Wheat,Development,Sandy,18.05333333333333,87.32666666666667,2.026666666666667,1.5266666666666666,0.0,42.0,60.0,18.0,55.0,0.85,,,4.2e-05,3.6e-05,0.0,3.6e-05
2026-06-01 04:08:00,3,Maize,Mid-season,Clay,18.05333333333333,87.32666666666667,2.026666666666667,1.5266666666666666,0.0,65.0,75.0,30.0,65.0,1.2,,,4.2e-05,5e-05,0.0,5e-05
2026-06-01 04:09:00,1,Tomato,Mid-season,Loam,18.06,87.305,2.28,1.53,0.0,55.0,70.0,25.0,60.0,1.15,,,0.0,0.0,0.0,0.0
2026-06-01 04:09:00,2,Wheat,Development,Sandy,18.06,87.305,2.28,1.53,0.0,42.0,60.0,18.0,55.0,0.85,,,0.0,0.0,0.0,0.0
2026-06-01 04:09:00,3,Maize,Mid-season,Clay,18.06,87.305,2.28,1.53,0.0,65.0,75.0,30.0,65.0,1.2,,,0.0,0.0,0.0,0.0
2026-06-01 04:10:00,1,Tomato,Mid-season,Loam,18.066666666666663,87.28333333333333,2.533333333333333,1.5333333333333332,0.0,55.0,70.0,25.0,60.0,1.15,,,0.0,0.0,0.0,0.0
2026-06-01 04:10:00,2,Wheat,Development,Sandy,18.066666666666663,87.28333333333333,2.533333333333333,1.5333333333333332,0.0,42.0,60.0,18.0,55.0,0.85,,,0.0,0.0,0.0,0.0
2026-06-01 04:10:00,3,Maize,Mid-season,Clay,18.066666666666663,87.28333333333333,2.533333333333333,1.5333333333333332,0.0,65.0,75.0,30.0,65.0,1.2,,,0.0,0.0,0.0,0.0
2026-06-01 04:11:00,1,Tomato,Mid-season,Loam,18.07333333333333,87.26166666666667,2.786666666666666,1.5366666666666666,0.0,55.0,70.0,25.0,60.0,1.15,,,4.9e-05,5.6e-05,0.0,5.6e-05
2026-06-01 04:11:00,2,Wheat,Development,Sandy,18.07333333333333,87.26166666666667,2.786666666666666,1.5366666666666666,0.0,42.0,60.0,18.0,55.0,0.85,,,4.9e-05,4.2e-05,0.0,4.2e-05
2026-06-01 04:11:00,3,Maize,Mid-season,Clay,18.07333333333333,87.26166666666667,2.786666666666666,1.5366666666666666,0.0,65.0,75.0,30.0,65.0,1.2,,,4.9e-05,5.9e-05,0.0,5.9e-05
2026-06-01 04:12:00,1,Tomato,Mid-season,Loam,18.08,87.24,3.04,1.54,0.0,55.0,70.0,25.0,60.0,1.15,,,1.1e-05,1.3e-05,0.0,1.3e-05
2026-06-01 04:12:00,2,Wheat,Development,Sandy,18.08,87.24,3.04,1.54,0.0,42.0,60.0,18.0,55.0,0.85,,,1.1e-05,9e-06,0.0,9e-06
2026-06-01 04:12:00,3,Maize,Mid-season,Clay,18.08,87.24,3.04,1.54,0.0,65.0,75.0,30.0,65.0,1.2,,,1.1e-05,1.3e-05,0.0,1.3e-05
2026-06-01 04:13:00,1,Tomato,Mid-season,Loam,18.086666666666662,87.21833333333333,3.293333333333333,1.5433333333333332,0.0,55.0,70.0,25.0,60.0,1.15,,,0.0,0.0,0.0,0.0
2026-06-01 04:13:00,2,Wheat,Development,Sandy,18.086666666666662,87.21833333333333,3.293333333333333,1.5433333333333332,0.0,42.0,60.0,18.0,55.0,0.85,,,0.0,0.0,0.0,0.0
2026-06-01 04:13:00,3,Maize,Mid-season,Clay,18.086666666666662,87.21833333333333,3.293333333333333,1.5433333333333332,0.0,65.0,75.0,30.0,65.0,1.2,,,0.0,0.0,0.0,0.0
2026-06-01 04:14:00,1,Tomato,Mid-season,Loam,18.093333333333334,87.19666666666667,3.546666666666667,1.5466666666666666,0.0,55.0,70.0,25.0,60.0,1.15,,,2.3e-05,2.6e-05,0.0,2.6e-05
2026-06-01 04:14:00,2,Wheat,Development,Sandy,18.093333333333334,87.19666666666667,3.546666666666667,1.5466666666666666,0.0,42.0,60.0,18.0,55.0,0.85,,,2.3e-05,2e-05,0.0,2e-05
2026-06-01 04:14:00,3,Maize,Mid-season,Clay,18.093333333333334,87.19666666666667,3.546666666666667,1.5466666666666666,0.0,65.0,75.0,30.0,65.0,1.2,,,2.3e-05,2.8e-05,0.0,2.8e-05
2026-06-01 04:15:00,1,Tomato,Mid-season,Loam,18.1,87.175,3.8,1.55,0.0,55.0,70.0,25.0,60.0,1.15,,,1.6e-05,1.8e-05,0.0,1.8e-05
2026-06-01 04:15:00,2,Wheat,Development,Sandy,18.1,87.175,3.8,1.55,0.0,42.0,60.0,18.0,55.0,0.85,,,1.6e-05,1.4e-05,0.0,1.4e-05
2026-06-01 04:15:00,3,Maize,Mid-season,Clay,18.1,87.175,3.8,1.55,0.0,65.0,75.0,30.0,65.0,1.2,,,1.6e-05,1.9e-05,0.0,1.9e-05
2026-06-01 04:16:00,1,Tomato,Mid-season,Loam,18.106666666666666,87.15333333333334,4.053333333333334,1.5533333333333332,0.0,55.0,70.0,25.0,60.0,1.15,,,0.0,0.0,0.0,0.0
2026-06-01 04:16:00,2,Wheat,Development,Sandy,18.106666666666666,87.15333333333334,4.053333333333334,1.5533333333333332,0.0,42.0,60.0,18.0,55.0,0.85,,,0.0,0.0,0.0,0.0
2026-06-01 04:16:00,3,Maize,Mid-season,Clay,18.106666666666666,87.15333333333334,4.053333333333334,1.5533333333333332,0.0,65.0,75.0,30.0,65.0,1.2,,,0.0,0.0,0.0,0.0
2026-06-01 04:17:00,1,Tomato,Mid-season,Loam,18.113333333333333,87.13166666666666,4.306666666666667,1.5566666666666666,0.0,55.0,70.0,25.0,60.0,1.15,,,0.0,0.0,0.0,0.0
2026-06-01 04:17:00,2,Wheat,Development,Sandy,18.113333333333333,87.13166666666666,4.306666666666667,1.5566666666666666,0.0,42.0,60.0,18.0,55.0,0.85,,,0.0,0.0,0.0,0.0
2026-06-01 04:17:00,3,Maize,Mid-season,Clay,18.113333333333333,87.13166666666666,4.306666666666667,1.5566666666666666,0.0,65.0,75.0,30.0,65.0,1.2,,,0.0,0.0,0.0,0.0
2026-06-01 04:18:00,1,Tomato,Mid-season,Loam,18.12,87.11,4.56,1.56,0.0,55.0,70.0,25.0,60.0,1.15,,,0.0,0.0,0.0,0.0
2026-06-01 04:18:00,2,Wheat,Development,Sandy,18.12,87.11,4.56,1.56,0.0,42.0,60.0,18.0,55.0,0.85,,,0.0,0.0,0.0,0.0
2026-06-01 04:18:00,3,Maize,Mid-season,Clay,18.12,87.11,4.56,1.56,0.0,65.0,75.0,30.0,65.0,1.2,,,0.0,0.0,0.0,0.0
2026-06-01 04:19:00,1,Tomato,Mid-season,Loam,18.126666666666665,87.08833333333334,4.8133333333333335,1.5633333333333332,0.0,55.0,70.0,25.0,60.0,1.15,,,0.0,0.0,0.0,0.0
2026-06-01 04:19:00,2,Wheat,Development,Sandy,18.126666666666665,87.08833333333334,4.8133333333333335,1.5633333333333332,0.0,42.0,60.0,18.0,55.0,0.85,,,0.0,0.0,0.0,0.0
2026-06-01 04:19:00,3,Maize,Mid-season,Clay,18.126666666666665,87.08833333333334,4.8133333333333335,1.5633333333333332,0.0,65.0,75.0,30.0,65.0,1.2,,,0.0,0.0,0.0,0.0
2026-06-01 04:20:00,1,Tomato,Mid-season,Loam,18.133333333333333,87.06666666666666,5.066666666666666,1.5666666666666669,0.0,55.0,70.0,25.0,60.0,1.15,,,0.0,0.0,0.0,0.0
2026-06-01 04:20:00,2,Wheat,Development,Sandy,18.133333333333333,87.06666666666666,5.066666666666666,1.5666666666666669,0.0,42.0,60.0,18.0,55.0,0.85,,,0.0,0.0,0.0,0.0
2026-06-01 04:20:00,3,Maize,Mid-season,Clay,18.133333333333333,87.06666666666666,5.066666666666666,1.5666666666666669,0.0,65.0,75.0,30.0,65.0,1.2,,,0.0,0.0,0.0,0.0
2026-06-01 04:21:00,1,Tomato,Mid-season,Loam,18.14,87.045,5.32,1.57,0.0,55.0,70.0,25.0,60.0,1.15,,,0.0,0.0,0.0,0.0
2026-06-01 04:21:00,2,Wheat,Development,Sandy,18.14,87.045,5.32,1.57,0.0,42.0,60.0,18.0,55.0,0.85,,,0.0,0.0,0.0,0.0
2026-06-01 04:21:00,3,Maize,Mid-season,Clay,18.14,87.045,5.32,1.57,0.0,65.0,75.0,30.0,65.0,1.2,,,0.0,0.0,0.0,0.0
2026-06-01 04:22:00,1,Tomato,Mid-season,Loam,18.146666666666665,87.02333333333334,5.573333333333333,1.5733333333333333,0.0,55.0,70.0,25.0,60.0,1.15,,,0.0,0.0,0.0,0.0
2026-06-01 04:22:00,2,Wheat,Development,Sandy,18.146666666666665,87.02333333333334,5.573333333333333,1.5733333333333333,0.0,42.0,60.0,18.0,55.0,0.85,,,0.0,0.0,0.0,0.0
2026-06-01 04:22:00,3,Maize,Mid-season,Clay,18.146666666666665,87.02333333333334,5.573333333333333,1.5733333333333333,0.0,65.0,75.0,30.0,65.0,1.2,,,0.0,0.0,0.0,0.0
2026-06-01 04:23:00,1,Tomato,Mid-season,Loam,18.15333333333333,87.00166666666667,5.826666666666667,1.5766666666666669,0.0,55.0,70.0,25.0,60.0,1.15,,,2e-05,2.3e-05,0.0,2.3e-05
2026-06-01 04:23:00,2,Wheat,Development,Sandy,18.15333333333333,87.00166666666667,5.826666666666667,1.5766666666666669,0.0,42.0,60.0,18.0,55.0,0.85,,,2e-05,1.7e-05,0.0,1.7e-05
2026-06-01 04:23:00,3,Maize,Mid-season,Clay,18.15333333333333,87.00166666666667,5.826666666666667,1.5766666666666669,0.0,65.0,75.0,30.0,65.0,1.2,,,2e-05,2.4e-05,0.0,2.4e-05
2026-06-01 04:24:00,1,Tomato,Mid-season,Loam,18.16,86.98,6.08,1.58,0.0,55.0,70.0,25.0,60.0,1.15,,,0.0,0.0,0.0,0.0
2026-06-01 04:24:00,2,Wheat,Development,Sandy,18.16,86.98,6.08,1.58,0.0,42.0,60.0,18.0,55.0,0.85,,,0.0,0.0,0.0,0.0
2026-06-01 04:24:00,3,Maize,Mid-season,Clay,18.16,86.98,6.08,1.58,0.0,65.0,75.0,30.0,65.0,1.2,,,0.0,0.0,0.0,0.0
2026-06-01 04:25:00,1,Tomato,Mid-season,Loam,18.166666666666664,86.95833333333333,6.333333333333333,1.5833333333333333,0.0,55.0,70.0,25.0,60.0,1.15,,,9e-06,1e-05,0.0,1e-05
2026-06-01 04:25:00,2,Wheat,Development,Sandy,18.166666666666664,86.95833333333333,6.333333333333333,1.5833333333333333,0.0,42.0,60.0,18.0,55.0,0.85,,,9e-06,8e-06,0.0,8e-06
2026-06-01 04:25:00,3,Maize,Mid-season,Clay,18.166666666666664,86.95833333333333,6.333333333333333,1.5833333333333333,0.0,65.0,75.0,30.0,65.0,1.2,,,9e-06,1.1e-05,0.0,1.1e-05
2026-06-01 04:26:00,1,Tomato,Mid-season,Loam,18.17333333333333,86.93666666666667,6.586666666666667,1.586666666666667,0.0,55.0,70.0,25.0,60.0,1.15,,,0.0,0.0,0.0,0.0
2026-06-01 04:26:00,2,Wheat,Development,Sandy,18.17333333333333,86.93666666666667,6.586666666666667,1.586666666666667,0.0,42.0,60.0,18.0,55.0,0.85,,,0.0,0.0,0.0,0.0
2026-06-01 04:26:00,3,Maize,Mid-season,Clay,18.17333333333333,86.93666666666667,6.586666666666667,1.586666666666667,0.0,65.0,75.0,30.0,65.0,1.2,,,0.0,0.0,0.0,0.0
2026-06-01 04:27:00,1,Tomato,Mid-season,Loam,18.18,86.915,6.84,1.59,0.0,55.0,70.0,25.0,60.0,1.15,,,4.2e-05,4.8e-05,0.0,4.8e-05
2026-06-01 04:27:00,2,Wheat,Development,Sandy,18.18,86.915,6.84,1.59,0.0,42.0,60.0,18.0,55.0,0.85,,,4.2e-05,3.6e-05,0.0,3.6e-05
2026-06-01 04:27:00,3,Maize,Mid-season,Clay,18.18,86.915,6.84,1.59,0.0,65.0,75.0,30.0,65.0,1.2,,,4.2e-05,5e-05,0.0,5e-05
2026-06-01 04:28:00,1,Tomato,Mid-season,Loam,18.186666666666667,86.89333333333333,7.093333333333334,1.5933333333333333,0.0,55.0,70.0,25.0,60.0,1.15,,,0.0,0.0,0.0,0.0
2026-06-01 04:28:00,2,Wheat,Development,Sandy,18.186666666666667,86.89333333333333,7.093333333333334,1.5933333333333333,0.0,42.0,60.0,18.0,55.0,0.85,,,0.0,0.0,0.0,0.0
2026-06-01 04:28:00,3,Maize,Mid-season,Clay,18.186666666666667,86.89333333333333,7.093333333333334,1.5933333333333333,0.0,65.0,75.0,30.0,65.0,1.2,,,0.0,0.0,0.0,0.0
2026-06-01 04:29:00,1,Tomato,Mid-season,Loam,18.19333333333333,86.87166666666667,7.346666666666667,1.596666666666667,0.0,55.0,70.0,25.0,60.0,1.15,,,0.0,0.0,0.0,0.0
2026-06-01 04:29:00,2,Wheat,Development,Sandy,18.19333333333333,86.87166666666667,7.346666666666667,1.596666666666667,0.0,42.0,60.0,18.0,55.0,0.85,,,0.0,0.0,0.0,0.0
2026-06-01 04:29:00,3,Maize,Mid-season,Clay,18.19333333333333,86.87166666666667,7.346666666666667,1.596666666666667,0.0,65.0,75.0,30.0,65.0,1.2,,,0.0,0.0,0.0,0.0
2026-06-01 04:30:00,1,Tomato,Mid-season,Loam,18.2,86.85,7.6,1.6,0.0,55.0,70.0,25.0,60.0,1.15,,,7e-06,8e-06,0.0,8e-06
2026-06-01 04:30:00,2,Wheat,Development,Sandy,18.2,86.85,7.6,1.6,0.0,42.0,60.0,18.0,55.0,0.85,,,7e-06,6e-06,0.0,6e-06
2026-06-01 04:30:00,3,Maize,Mid-season,Clay,18.2,86.85,7.6,1.6,0.0,65.0,75.0,30.0,65.0,1.2,,,7e-06,8e-06,0.0,8e-06
2026-06-01 04:31:00,1,Tomato,Mid-season,Loam,18.206666666666667,86.82833333333333,7.853333333333333,1.6033333333333333,0.0,55.0,70.0,25.0,60.0,1.15,,,5.5e-05,6.3e-05,0.0,6.3e-05
2026-06-01 04:31:00,2,Wheat,Development,Sandy,18.206666666666667,86.82833333333333,7.853333333333333,1.6033333333333333,0.0,42.0,60.0,18.0,55.0,0.85,,,5.5e-05,4.7e-05,0.0,4.7e-05
2026-06-01 04:31:00,3,Maize,Mid-season,Clay,18.206666666666667,86.82833333333333,7.853333333333333,1.6033333333333333,0.0,65.0,75.0,30.0,65.0,1.2,,,5.5e-05,6.6e-05,0.0,6.6e-05
2026-06-01 04:32:00,1,Tomato,Mid-season,Loam,18.21333333333333,86.80666666666667,8.106666666666667,1.606666666666667,0.0,55.0,70.0,25.0,60.0,1.15,,,0.0,0.0,0.0,0.0
2026-06-01 04:32:00,2,Wheat,Development,Sandy,18.21333333333333,86.80666666666667,8.106666666666667,1.606666666666667,0.0,42.0,60.0,18.0,55.0,0.85,,,0.0,0.0,0.0,0.0
2026-06-01 04:32:00,3,Maize,Mid-season,Clay,18.21333333333333,86.80666666666667,8.106666666666667,1.606666666666667,0.0,65.0,75.0,30.0,65.0,1.2,,,0.0,0.0,0.0,0.0
2026-06-01 04:33:00,1,Tomato,Mid-season,Loam,18.22,86.785,8.36,1.61,0.0,55.0,70.0,25.0,60.0,1.15,,,0.0,0.0,0.0,0.0
2026-06-01 04:33:00,2,Wheat,Development,Sandy,18.22,86.785,8.36,1.61,0.0,42.0,60.0,18.0,55.0,0.85,,,0.0,0.0,0.0,0.0
2026-06-01 04:33:00,3,Maize,Mid-season,Clay,18.22,86.785,8.36,1.61,0.0,65.0,75.0,30.0,65.0,1.2,,,0.0,0.0,0.0,0.0
2026-06-01 04:34:00,1,Tomato,Mid-season,Loam,18.226666666666667,86.76333333333334,8.613333333333333,1.6133333333333333,0.0,55.0,70.0,25.0,60.0,1.15,,,3.9e-05,4.5e-05,0.0,4.5e-05
2026-06-01 04:34:00,2,Wheat,Development,Sandy,18.226666666666667,86.76333333333334,8.613333333333333,1.6133333333333333,0.0,42.0,60.0,18.0,55.0,0.85,,,3.9e-05,3.3e-05,0.0,3.3e-05
2026-06-01 04:34:00,3,Maize,Mid-season,Clay,18.226666666666667,86.76333333333334,8.613333333333333,1.6133333333333333,0.0,65.0,75.0,30.0,65.0,1.2,,,3.9e-05,4.7e-05,0.0,4.7e-05
2026-06-01 04:35:00,1,Tomato,Mid-season,Loam,18.23333333333333,86.74166666666667,8.866666666666667,1.6166666666666667,0.0,55.0,70.0,25.0,60.0,1.15,,,3.3e-05,3.8e-05,0.0,3.8e-05
2026-06-01 04:35:00,2,Wheat,Development,Sandy,18.23333333333333,86.74166666666667,8.866666666666667,1.6166666666666667,0.0,42.0,60.0,18.0,55.0,0.85,,,3.3e-05,2.8e-05,0.0,2.8e-05
2026-06-01 04:35:00,3,Maize,Mid-season,Clay,18.23333333333333,86.74166666666667,8.866666666666667,1.6166666666666667,0.0,65.0,75.0,30.0,65.0,1.2,,,3.3e-05,4e-05,0.0,4e-05
2026-06-01 04:36:00,1,Tomato,Mid-season,Loam,18.24,86.72,9.12,1.62,0.0,55.0,70.0,25.0,60.0,1.15,,,0.0,0.0,0.0,0.0
2026-06-01 04:36:00,2,Wheat,Development,Sandy,18.24,86.72,9.12,1.62,0.0,42.0,60.0,18.0,55.0,0.85,,,0.0,0.0,0.0,0.0
2026-06-01 04:36:00,3,Maize,Mid-season,Clay,18.24,86.72,9.12,1.62,0.0,65.0,75.0,30.0,65.0,1.2,,,0.0,0.0,0.0,0.0
2026-06-01 04:37:00,1,Tomato,Mid-season,Loam,18.246666666666663,86.69833333333334,9.373333333333331,1.6233333333333333,0.0,55.0,70.0,25.0,60.0,1.15,,,0.0,0.0,0.0,0.0
2026-06-01 04:37:00,2,Wheat,Development,Sandy,18.246666666666663,86.69833333333334,9.373333333333331,1.6233333333333333,0.0,42.0,60.0,18.0,55.0,0.85,,,0.0,0.0,0.0,0.0
2026-06-01 04:37:00,3,Maize,Mid-season,Clay,18.246666666666663,86.69833333333334,9.373333333333331,1.6233333333333333,0.0,65.0,75.0,30.0,65.0,1.2,,,0.0,0.0,0.0,0.0
2026-06-01 04:38:00,1,Tomato,Mid-season,Loam,18.25333333333333,86.67666666666666,9.626666666666669,1.6266666666666667,0.0,55.0,70.0,25.0,60.0,1.15,,,6.1e-05,7e-05,0.0,7e-05
2026-06-01 04:38:00,2,Wheat,Development,Sandy,18.25333333333333,86.67666666666666,9.626666666666669,1.6266666666666667,0.0,42.0,60.0,18.0,55.0,0.85,,,6.1e-05,5.2e-05,0.0,5.2e-05
2026-06-01 04:38:00,3,Maize,Mid-season,Clay,18.25333333333333,86.67666666666666,9.626666666666669,1.6266666666666667,0.0,65.0,75.0,30.0,65.0,1.2,,,6.1e-05,7.3e-05,0.0,7.3e-05
2026-06-01 04:39:00,1,Tomato,Mid-season,Loam,18.26,86.655,9.88,1.63,0.0,55.0,70.0,25.0,60.0,1.15,,,6.6e-05,7.6e-05,0.0,7.6e-05
2026-06-01 04:39:00,2,Wheat,Development,Sandy,18.26,86.655,9.88,1.63,0.0,42.0,60.0,18.0,55.0,0.85,,,6.6e-05,5.6e-05,0.0,5.6e-05
2026-06-01 04:39:00,3,Maize,Mid-season,Clay,18.26,86.655,9.88,1.63,0.0,65.0,75.0,30.0,65.0,1.2,,,6.6e-05,7.9e-05,0.0,7.9e-05
2026-06-01 04:40:00,1,Tomato,Mid-season,Loam,18.266666666666666,86.63333333333334,10.133333333333333,1.6333333333333333,0.0,55.0,70.0,25.0,60.0,1.15,,,2.3e-05,2.6e-05,0.0,2.6e-05
2026-06-01 04:40:00,2,Wheat,Development,Sandy,18.266666666666666,86.63333333333334,10.133333333333333,1.6333333333333333,0.0,42.0,60.0,18.0,55.0,0.85,,,2.3e-05,2e-05,0.0,2e-05
2026-06-01 04:40:00,3,Maize,Mid-season,Clay,18.266666666666666,86.63333333333334,10.133333333333333,1.6333333333333333,0.0,65.0,75.0,30.0,65.0,1.2,,,2.3e-05,2.8e-05,0.0,2.8e-05
2026-06-01 04:41:00,1,Tomato,Mid-season,Loam,18.273333333333333,86.61166666666666,10.386666666666668,1.6366666666666667,0.0,55.0,70.0,25.0,60.0,1.15,,,0.0,0.0,0.0,0.0
2026-06-01 04:41:00,2,Wheat,Development,Sandy,18.273333333333333,86.61166666666666,10.386666666666668,1.6366666666666667,0.0,42.0,60.0,18.0,55.0,0.85,,,0.0,0.0,0.0,0.0
2026-06-01 04:41:00,3,Maize,Mid-season,Clay,18.273333333333333,86.61166666666666,10.386666666666668,1.6366666666666667,0.0,65.0,75.0,30.0,65.0,1.2,,,0.0,0.0,0.0,0.0
2026-06-01 04:42:00,1,Tomato,Mid-season,Loam,18.28,86.59,10.64,1.64,0.0,55.0,70.0,25.0,60.0,1.15,,,0.0,0.0,0.0,0.0
2026-06-01 04:42:00,2,Wheat,Development,Sandy,18.28,86.59,10.64,1.64,0.0,42.0,60.0,18.0,55.0,0.85,,,0.0,0.0,0.0,0.0
2026-06-01 04:42:00,3,Maize,Mid-season,Clay,18.28,86.59,10.64,1.64,0.0,65.0,75.0,30.0,65.0,1.2,,,0.0,0.0,0.0,0.0
2026-06-01 04:43:00,1,Tomato,Mid-season,Loam,18.286666666666665,86.56833333333334,10.893333333333333,1.643333333333333,0.0,55.0,70.0,25.0,60.0,1.15,,,1e-05,1.2e-05,0.0,1.2e-05
2026-06-01 04:43:00,2,Wheat,Development,Sandy,18.286666666666665,86.56833333333334,10.893333333333333,1.643333333333333,0.0,42.0,60.0,18.0,55.0,0.85,,,1e-05,8e-06,0.0,8e-06
2026-06-01 04:43:00,3,Maize,Mid-season,Clay,18.286666666666665,86.56833333333334,10.893333333333333,1.643333333333333,0.0,65.0,75.0,30.0,65.0,1.2,,,1e-05,1.2e-05,0.0,1.2e-05
2026-06-01 04:44:00,1,Tomato,Mid-season,Loam,18.293333333333333,86.54666666666667,11.146666666666668,1.6466666666666667,0.0,55.0,70.0,25.0,60.0,1.15,,,0.0,0.0,0.0,0.0
2026-06-01 04:44:00,2,Wheat,Development,Sandy,18.293333333333333,86.54666666666667,11.146666666666668,1.6466666666666667,0.0,42.0,60.0,18.0,55.0,0.85,,,0.0,0.0,0.0,0.0
2026-06-01 04:44:00,3,Maize,Mid-season,Clay,18.293333333333333,86.54666666666667,11.146666666666668,1.6466666666666667,0.0,65.0,75.0,30.0,65.0,1.2,,,0.0,0.0,0.0,0.0
2026-06-01 04:45:00,1,Tomato,Mid-season,Loam,18.3,86.525,11.4,1.65,0.0,55.0,70.0,25.0,60.0,1.15,,,0.0,0.0,0.0,0.0
2026-06-01 04:45:00,2,Wheat,Development,Sandy,18.3,86.525,11.4,1.65,0.0,42.0,60.0,18.0,55.0,0.85,,,0.0,0.0,0.0,0.0
2026-06-01 04:45:00,3,Maize,Mid-season,Clay,18.3,86.525,11.4,1.65,0.0,65.0,75.0,30.0,65.0,1.2,,,0.0,0.0,0.0,0.0
2026-06-01 04:46:00,1,Tomato,Mid-season,Loam,18.306666666666665,86.50333333333333,11.653333333333334,1.653333333333333,0.0,55.0,70.0,25.0,60.0,1.15,,,0.0,0.0,0.0,0.0
2026-06-01 04:46:00,2,Wheat,Development,Sandy,18.306666666666665,86.50333333333333,11.653333333333334,1.653333333333333,0.0,42.0,60.0,18.0,55.0,0.85,,,0.0,0.0,0.0,0.0
2026-06-01 04:46:00,3,Maize,Mid-season,Clay,18.306666666666665,86.50333333333333,11.653333333333334,1.653333333333333,0.0,65.0,75.0,30.0,65.0,1.2,,,0.0,0.0,0.0,0.0
2026-06-01 04:47:00,1,Tomato,Mid-season,Loam,18.313333333333333,86.48166666666667,11.906666666666666,1.6566666666666667,0.0,55.0,70.0,25.0,60.0,1.15,,,4.8e-05,5.5e-05,0.0,5.5e-05
2026-06-01 04:47:00,2,Wheat,Development,Sandy,18.313333333333333,86.48166666666667,11.906666666666666,1.6566666666666667,0.0,42.0,60.0,18.0,55.0,0.85,,,4.8e-05,4.1e-05,0.0,4.1e-05
2026-06-01 04:47:00,3,Maize,Mid-season,Clay,18.313333333333333,86.48166666666667,11.906666666666666,1.6566666666666667,0.0,65.0,75.0,30.0,65.0,1.2,,,4.8e-05,5.8e-05,0.0,5.8e-05
2026-06-01 04:48:00,1,Tomato,Mid-season,Loam,18.32,86.46000000000001,12.16,1.66,0.0,55.0,70.0,25.0,60.0,1.15,,,0.0,0.0,0.0,0.0
2026-06-01 04:48:00,2,Wheat,Development,Sandy,18.32,86.46000000000001,12.16,1.66,0.0,42.0,60.0,18.0,55.0,0.85,,,0.0,0.0,0.0,0.0
2026-06-01 04:48:00,3,Maize,Mid-season,Clay,18.32,86.46000000000001,12.16,1.66,0.0,65.0,75.0,30.0,65.0,1.2,,,0.0,0.0,0.0,0.0
2026-06-01 04:49:00,1,Tomato,Mid-season,Loam,18.326666666666664,86.43833333333333,12.413333333333334,1.663333333333333,0.0,55.0,70.0,25.0,60.0,1.15,,,0.0,0.0,0.0,0.0
2026-06-01 04:49:00,2,Wheat,Development,Sandy,18.326666666666664,86.43833333333333,12.413333333333334,1.663333333333333,0.0,42.0,60.0,18.0,55.0,0.85,,,0.0,0.0,0.0,0.0
2026-06-01 04:49:00,3,Maize,Mid-season,Clay,18.326666666666664,86.43833333333333,12.413333333333334,1.663333333333333,0.0,65.0,75.0,30.0,65.0,1.2,,,0.0,0.0,0.0,0.0
2026-06-01 04:50:00,1,Tomato,Mid-season,Loam,18.33333333333333,86.41666666666667,12.666666666666666,1.6666666666666663,0.0,55.0,70.0,25.0,60.0,1.15,,,0.0,0.0,0.0,0.0
2026-06-01 04:50:00,2,Wheat,Development,Sandy,18.33333333333333,86.41666666666667,12.666666666666666,1.6666666666666663,0.0,42.0,60.0,18.0,55.0,0.85,,,0.0,0.0,0.0,0.0
2026-06-01 04:50:00,3,Maize,Mid-season,Clay,18.33333333333333,86.41666666666667,12.666666666666666,1.6666666666666663,0.0,65.0,75.0,30.0,65.0,1.2,,,0.0,0.0,0.0,0.0
2026-06-01 04:51:00,1,Tomato,Mid-season,Loam,18.34,86.395,12.92,1.67,0.0,55.0,70.0,25.0,60.0,1.15,,,5.5e-05,6.3e-05,0.0,6.3e-05
2026-06-01 04:51:00,2,Wheat,Development,Sandy,18.34,86.395,12.92,1.67,0.0,42.0,60.0,18.0,55.0,0.85,,,5.5e-05,4.7e-05,0.0,4.7e-05
2026-06-01 04:51:00,3,Maize,Mid-season,Clay,18.34,86.395,12.92,1.67,0.0,65.0,75.0,30.0,65.0,1.2,,,5.5e-05,6.6e-05,0.0,6.6e-05
2026-06-01 04:52:00,1,Tomato,Mid-season,Loam,18.346666666666664,86.37333333333333,13.173333333333334,1.6733333333333331,0.0,55.0,70.0,25.0,60.0,1.15,,,0.0,0.0,0.0,0.0
2026-06-01 04:52:00,2,Wheat,Development,Sandy,18.346666666666664,86.37333333333333,13.173333333333334,1.6733333333333331,0.0,42.0,60.0,18.0,55.0,0.85,,,0.0,0.0,0.0,0.0
2026-06-01 04:52:00,3,Maize,Mid-season,Clay,18.346666666666664,86.37333333333333,13.173333333333334,1.6733333333333331,0.0,65.0,75.0,30.0,65.0,1.2,,,0.0,0.0,0.0,0.0
2026-06-01 04:53:00,1,Tomato,Mid-season,Loam,18.35333333333333,86.35166666666667,13.426666666666668,1.6766666666666663,0.0,55.0,70.0,25.0,60.0,1.15,,,0.0,0.0,0.0,0.0
2026-06-01 04:53:00,2,Wheat,Development,Sandy,18.35333333333333,86.35166666666667,13.426666666666668,1.6766666666666663,0.0,42.0,60.0,18.0,55.0,0.85,,,0.0,0.0,0.0,0.0
2026-06-01 04:53:00,3,Maize,Mid-season,Clay,18.35333333333333,86.35166666666667,13.426666666666668,1.6766666666666663,0.0,65.0,75.0,30.0,65.0,1.2,,,0.0,0.0,0.0,0.0
2026-06-01 04:54:00,1,Tomato,Mid-season,Loam,18.36,86.33,13.68,1.68,0.0,55.0,70.0,25.0,60.0,1.15,,,0.0,0.0,0.0,0.0
2026-06-01 04:54:00,2,Wheat,Development,Sandy,18.36,86.33,13.68,1.68,0.0,42.0,60.0,18.0,55.0,0.85,,,0.0,0.0,0.0,0.0
2026-06-01 04:54:00,3,Maize,Mid-season,Clay,18.36,86.33,13.68,1.68,0.0,65.0,75.0,30.0,65.0,1.2,,,0.0,0.0,0.0,0.0
2026-06-01 04:55:00,1,Tomato,Mid-season,Loam,18.366666666666667,86.30833333333334,13.933333333333334,1.6833333333333331,0.0,55.0,70.0,25.0,60.0,1.15,,,8.1e-05,9.3e-05,0.0,9.3e-05
2026-06-01 04:55:00,2,Wheat,Development,Sandy,18.366666666666667,86.30833333333334,13.933333333333334,1.6833333333333331,0.0,42.0,60.0,18.0,55.0,0.85,,,8.1e-05,6.9e-05,0.0,6.9e-05
2026-06-01 04:55:00,3,Maize,Mid-season,Clay,18.366666666666667,86.30833333333334,13.933333333333334,1.6833333333333331,0.0,65.0,75.0,30.0,65.0,1.2,,,8.1e-05,9.7e-05,0.0,9.7e-05
2026-06-01 04:56:00,1,Tomato,Mid-season,Loam,18.37333333333333,86.28666666666668,14.186666666666667,1.6866666666666663,0.0,55.0,70.0,25.0,60.0,1.15,,,0.0,0.0,0.0,0.0
2026-06-01 04:56:00,2,Wheat,Development,Sandy,18.37333333333333,86.28666666666668,14.186666666666667,1.6866666666666663,0.0,42.0,60.0,18.0,55.0,0.85,,,0.0,0.0,0.0,0.0
2026-06-01 04:56:00,3,Maize,Mid-season,Clay,18.37333333333333,86.28666666666668,14.186666666666667,1.6866666666666663,0.0,65.0,75.0,30.0,65.0,1.2,,,0.0,0.0,0.0,0.0
2026-06-01 04:57:00,1,Tomato,Mid-season,Loam,18.38,86.265,14.44,1.69,0.0,55.0,70.0,25.0,60.0,1.15,,,0.0,0.0,0.0,0.0
2026-06-01 04:57:00,2,Wheat,Development,Sandy,18.38,86.265,14.44,1.69,0.0,42.0,60.0,18.0,55.0,0.85,,,0.0,0.0,0.0,0.0
2026-06-01 04:57:00,3,Maize,Mid-season,Clay,18.38,86.265,14.44,1.69,0.0,65.0,75.0,30.0,65.0,1.2,,,0.0,0.0,0.0,0.0
2026-06-01 04:58:00,1,Tomato,Mid-season,Loam,18.386666666666667,86.24333333333334,14.693333333333332,1.6933333333333334,0.0,55.0,70.0,25.0,60.0,1.15,,,5.9e-05,6.8e-05,0.0,6.8e-05
2026-06-01 04:58:00,2,Wheat,Development,Sandy,18.386666666666667,86.24333333333334,14.693333333333332,1.6933333333333334,0.0,42.0,60.0,18.0,55.0,0.85,,,5.9e-05,5e-05,0.0,5e-05
2026-06-01 04:58:00,3,Maize,Mid-season,Clay,18.386666666666667,86.24333333333334,14.693333333333332,1.6933333333333334,0.0,65.0,75.0,30.0,65.0,1.2,,,5.9e-05,7.1e-05,0.0,7.1e-05
2026-06-01 04:59:00,1,Tomato,Mid-season,Loam,18.39333333333333,86.22166666666666,14.946666666666667,1.6966666666666663,0.0,55.0,70.0,25.0,60.0,1.15,,,2.4e-05,2.8e-05,0.0,2.8e-05
2026-06-01 04:59:00,2,Wheat,Development,Sandy,18.39333333333333,86.22166666666666,14.946666666666667,1.6966666666666663,0.0,42.0,60.0,18.0,55.0,0.85,,,2.4e-05,2e-05,0.0,2e-05
2026-06-01 04:59:00,3,Maize,Mid-season,Clay,18.39333333333333,86.22166666666666,14.946666666666667,1.6966666666666663,0.0,65.0,75.0,30.0,65.0,1.2,,,2.4e-05,2.9e-05,0.0,2.9e-05
2026-06-01 05:00:00,1,Tomato,Mid-season,Loam,18.4,86.2,15.2,1.7,0.0,55.0,70.0,25.0,60.0,1.15,,,0.0,0.0,0.0,0.0
2026-06-01 05:00:00,2,Wheat,Development,Sandy,18.4,86.2,15.2,1.7,0.0,42.0,60.0,18.0,55.0,0.85,,,0.0,0.0,0.0,0.0
2026-06-01 05:00:00,3,Maize,Mid-season,Clay,18.4,86.2,15.2,1.7,0.0,65.0,75.0,30.0,65.0,1.2,,,0.0,0.0,0.0,0.0
2026-06-01 05:01:00,1,Tomato,Mid-season,Loam,18.42833333333333,86.11333333333333,16.953333333333333,1.7033333333333334,0.0,55.0,70.0,25.0,60.0,1.15,,,1e-05,1.2e-05,0.0,1.2e-05
2026-06-01 05:01:00,2,Wheat,Development,Sandy,18.42833333333333,86.11333333333333,16.953333333333333,1.7033333333333334,0.0,42.0,60.0,18.0,55.0,0.85,,,1e-05,8e-06,0.0,8e-06
2026-06-01 05:01:00,3,Maize,Mid-season,Clay,18.42833333333333,86.11333333333333,16.953333333333333,1.7033333333333334,0.0,65.0,75.0,30.0,65.0,1.2,,,1e-05,1.2e-05,0.0,1.2e-05
2026-06-01 05:02:00,1,Tomato,Mid-season,Loam,18.456666666666667,86.02666666666667,18.706666666666667,1.7066666666666666,0.0,55.0,70.0,25.0,60.0,1.15,,,2.7e-05,3.1e-05,0.0,3.1e-05
2026-06-01 05:02:00,2,Wheat,Development,Sandy,18.456666666666667,86.02666666666667,18.706666666666667,1.7066666666666666,0.0,42.0,60.0,18.0,55.0,0.85,,,2.7e-05,2.3e-05,0.0,2.3e-05
2026-06-01 05:02:00,3,Maize,Mid-season,Clay,18.456666666666667,86.02666666666667,18.706666666666667,1.7066666666666666,0.0,65.0,75.0,30.0,65.0,1.2,,,2.7e-05,3.2e-05,0.0,3.2e-05
2026-06-01 05:03:00,1,Tomato,Mid-season,Loam,18.485,85.94,20.46,1.71,0.0,55.0,70.0,25.0,60.0,1.15,,,2.6e-05,3e-05,0.0,3e-05
2026-06-01 05:03:00,2,Wheat,Development,Sandy,18.485,85.94,20.46,1.71,0.0,42.0,60.0,18.0,55.0,0.85,,,2.6e-05,2.2e-05,0.0,2.2e-05
2026-06-01 05:03:00,3,Maize,Mid-season,Clay,18.485,85.94,20.46,1.71,0.0,65.0,75.0,30.0,65.0,1.2,,,2.6e-05,3.1e-05,0.0,3.1e-05
2026-06-01 05:04:00,1,Tomato,Mid-season,Loam,18.51333333333333,85.85333333333334,22.21333333333333,1.7133333333333334,0.0,55.0,70.0,25.0,60.0,1.15,,,5.7e-05,6.6e-05,0.0,6.6e-05
2026-06-01 05:04:00,2,Wheat,Development,Sandy,18.51333333333333,85.85333333333334,22.21333333333333,1.7133333333333334,0.0,42.0,60.0,18.0,55.0,0.85,,,5.7e-05,4.8e-05,0.0,4.8e-05
2026-06-01 05:04:00,3,Maize,Mid-season,Clay,18.51333333333333,85.85333333333334,22.21333333333333,1.7133333333333334,0.0,65.0,75.0,30.0,65.0,1.2,,,5.7e-05,6.8e-05,0.0,6.8e-05
2026-06-01 05:05:00,1,Tomato,Mid-season,Loam,18.541666666666664,85.76666666666667,23.96666666666667,1.7166666666666666,0.0,55.0,70.0,25.0,60.0,1.15,,,3.1e-05,3.6e-05,0.0,3.6e-05
2026-06-01 05:05:00,2,Wheat,Development,Sandy,18.541666666666664,85.76666666666667,23.96666666666667,1.7166666666666666,0.0,42.0,60.0,18.0,55.0,0.85,,,3.1e-05,2.6e-05,0.0,2.6e-05
2026-06-01 05:05:00,3,Maize,Mid-season,Clay,18.541666666666664,85.76666666666667,23.96666666666667,1.7166666666666666,0.0,65.0,75.0,30.0,65.0,1.2,,,3.1e-05,3.7e-05,0.0,3.7e-05
2026-06-01 05:06:00,1,Tomato,Mid-season,Loam,18.57,85.68,25.72,1.72,0.0,55.0,70.0,25.0,60.0,1.15,,,1e-06,1e-06,0.0,1e-06
2026-06-01 05:06:00,2,Wheat,Development,Sandy,18.57,85.68,25.72,1.72,0.0,42.0,60.0,18.0,55.0,0.85,,,1e-06,1e-06,0.0,1e-06
2026-06-01 05:06:00,3,Maize,Mid-season,Clay,18.57,85.68,25.72,1.72,0.0,65.0,75.0,30.0,65.0,1.2,,,1e-06,1e-06,0.0,1e-06
2026-06-01 05:07:00,1,Tomato,Mid-season,Loam,18.598333333333333,85.59333333333333,27.473333333333333,1.7233333333333334,0.0,55.0,70.0,25.0,60.0,1.15,,,6e-05,6.9e-05,0.0,6.9e-05
2026-06-01 05:07:00,2,Wheat,Development,Sandy,18.598333333333333,85.59333333333333,27.473333333333333,1.7233333333333334,0.0,42.0,60.0,18.0,55.0,0.85,,,6e-05,5.1e-05,0.0,5.1e-05
2026-06-01 05:07:00,3,Maize,Mid-season,Clay,18.598333333333333,85.59333333333333,27.473333333333333,1.7233333333333334,0.0,65.0,75.0,30.0,65.0,1.2,,,6e-05,7.2e-05,0.0,7.2e-05
2026-06-01 05:08:00,1,Tomato,Mid-season,Loam,18.626666666666665,85.50666666666667,29.226666666666667,1.7266666666666666,0.0,55.0,70.0,25.0,60.0,1.15,,,0.0,0.0,0.0,0.0
2026-06-01 05:08:00,2,Wheat,Development,Sandy,18.626666666666665,85.50666666666667,29.226666666666667,1.7266666666666666,0.0,42.0,60.0,18.0,55.0,0.85,,,0.0,0.0,0.0,0.0
2026-06-01 05:08:00,3,Maize,Mid-season,Clay,18.626666666666665,85.50666666666667,29.226666666666667,1.7266666666666666,0.0,65.0,75.0,30.0,65.0,1.2,,,0.0,0.0,0.0,0.0
2026-06-01 05:09:00,1,Tomato,Mid-season,Loam,18.655,85.42,30.98,1.73,0.0,55.0,70.0,25.0,60.0,1.15,,,9e-06,1e-05,0.0,1e-05
2026-06-01 05:09:00,2,Wheat,Development,Sandy,18.655,85.42,30.98,1.73,0.0,42.0,60.0,18.0,55.0,0.85,,,9e-06,8e-06,0.0,8e-06
2026-06-01 05:09:00,3,Maize,Mid-season,Clay,18.655,85.42,30.98,1.73,0.0,65.0,75.0,30.0,65.0,1.2,,,9e-06,1.1e-05,0.0,1.1e-05
2026-06-01 05:10:00,1,Tomato,Mid-season,Loam,18.683333333333334,85.33333333333334,32.733333333333334,1.7333333333333334,0.0,55.0,70.0,25.0,60.0,1.15,,,0.0,0.0,0.0,0.0
2026-06-01 05:10:00,2,Wheat,Development,Sandy,18.683333333333334,85.33333333333334,32.733333333333334,1.7333333333333334,0.0,42.0,60.0,18.0,55.0,0.85,,,0.0,0.0,0.0,0.0
2026-06-01 05:10:00,3,Maize,Mid-season,Clay,18.683333333333334,85.33333333333334,32.733333333333334,1.7333333333333334,0.0,65.0,75.0,30.0,65.0,1.2,,,0.0,0.0,0.0,0.0
2026-06-01 05:11:00,1,Tomato,Mid-season,Loam,18.711666666666662,85.24666666666667,34.486666666666665,1.7366666666666666,0.0,55.0,70.0,25.0,60.0,1.15,,,0.0,0.0,0.0,0.0
2026-06-01 05:11:00,2,Wheat,Development,Sandy,18.711666666666662,85.24666666666667,34.486666666666665,1.7366666666666666,0.0,42.0,60.0,18.0,55.0,0.85,,,0.0,0.0,0.0,0.0
2026-06-01 05:11:00,3,Maize,Mid-season,Clay,18.711666666666662,85.24666666666667,34.486666666666665,1.7366666666666666,0.0,65.0,75.0,30.0,65.0,1.2,,,0.0,0.0,0.0,0.0
2026-06-01 05:12:00,1,Tomato,Mid-season,Loam,18.74,85.16,36.24,1.74,0.0,55.0,70.0,25.0,60.0,1.15,,,2e-06,2e-06,0.0,2e-06
2026-06-01 05:12:00,2,Wheat,Development,Sandy,18.74,85.16,36.24,1.74,0.0,42.0,60.0,18.0,55.0,0.85,,,2e-06,2e-06,0.0,2e-06
2026-06-01 05:12:00,3,Maize,Mid-season,Clay,18.74,85.16,36.24,1.74,0.0,65.0,75.0,30.0,65.0,1.2,,,2e-06,2e-06,0.0,2e-06
2026-06-01 05:13:00,1,Tomato,Mid-season,Loam,18.76833333333333,85.07333333333334,37.99333333333333,1.7433333333333332,0.0,55.0,70.0,25.0,60.0,1.15,,,0.0,0.0,0.0,0.0
2026-06-01 05:13:00,2,Wheat,Development,Sandy,18.76833333333333,85.07333333333334,37.99333333333333,1.7433333333333332,0.0,42.0,60.0,18.0,55.0,0.85,,,0.0,0.0,0.0,0.0
2026-06-01 05:13:00,3,Maize,Mid-season,Clay,18.76833333333333,85.07333333333334,37.99333333333333,1.7433333333333332,0.0,65.0,75.0,30.0,65.0,1.2,,,0.0,0.0,0.0,0.0
2026-06-01 05:14:00,1,Tomato,Mid-season,Loam,18.796666666666667,84.98666666666666,39.74666666666667,1.7466666666666666,0.0,55.0,70.0,25.0,60.0,1.15,,,3.9e-05,4.5e-05,0.0,4.5e-05
2026-06-01 05:14:00,2,Wheat,Development,Sandy,18.796666666666667,84.98666666666666,39.74666666666667,1.7466666666666666,0.0,42.0,60.0,18.0,55.0,0.85,,,3.9e-05,3.3e-05,0.0,3.3e-05
2026-06-01 05:14:00,3,Maize,Mid-season,Clay,18.796666666666667,84.98666666666666,39.74666666666667,1.7466666666666666,0.0,65.0,75.0,30.0,65.0,1.2,,,3.9e-05,4.7e-05,0.0,4.7e-05
2026-06-01 05:15:00,1,Tomato,Mid-season,Loam,18.825,84.9,41.5,1.75,0.0,55.0,70.0,25.0,60.0,1.15,,,0.0,0.0,0.0,0.0
2026-06-01 05:15:00,2,Wheat,Development,Sandy,18.825,84.9,41.5,1.75,0.0,42.0,60.0,18.0,55.0,0.85,,,0.0,0.0,0.0,0.0
2026-06-01 05:15:00,3,Maize,Mid-season,Clay,18.825,84.9,41.5,1.75,0.0,65.0,75.0,30.0,65.0,1.2,,,0.0,0.0,0.0,0.0
2026-06-01 05:16:00,1,Tomato,Mid-season,Loam,18.85333333333333,84.81333333333333,43.25333333333333,1.7533333333333332,0.0,55.0,70.0,25.0,60.0,1.15,,,0.0,0.0,0.0,0.0
2026-06-01 05:16:00,2,Wheat,Development,Sandy,18.85333333333333,84.81333333333333,43.25333333333333,1.7533333333333332,0.0,42.0,60.0,18.0,55.0,0.85,,,0.0,0.0,0.0,0.0
2026-06-01 05:16:00,3,Maize,Mid-season,Clay,18.85333333333333,84.81333333333333,43.25333333333333,1.7533333333333332,0.0,65.0,75.0,30.0,65.0,1.2,,,0.0,0.0,0.0,0.0
2026-06-01 05:17:00,1,Tomato,Mid-season,Loam,18.881666666666668,84.72666666666667,45.00666666666667,1.7566666666666666,0.0,55.0,70.0,25.0,60.0,1.15,,,0.0,0.0,0.0,0.0
2026-06-01 05:17:00,2,Wheat,Development,Sandy,18.881666666666668,84.72666666666667,45.00666666666667,1.7566666666666666,0.0,42.0,60.0,18.0,55.0,0.85,,,0.0,0.0,0.0,0.0
2026-06-01 05:17:00,3,Maize,Mid-season,Clay,18.881666666666668,84.72666666666667,45.00666666666667,1.7566666666666666,0.0,65.0,75.0,30.0,65.0,1.2,,,0.0,0.0,0.0,0.0
2026-06-01 05:18:00,1,Tomato,Mid-season,Loam,18.91,84.64,46.760000000000005,1.76,0.0,55.0,70.0,25.0,60.0,1.15,,,4e-06,5e-06,0.0,5e-06
2026-06-01 05:18:00,2,Wheat,Development,Sandy,18.91,84.64,46.760000000000005,1.76,0.0,42.0,60.0,18.0,55.0,0.85,,,4e-06,3e-06,0.0,3e-06
2026-06-01 05:18:00,3,Maize,Mid-season,Clay,18.91,84.64,46.760000000000005,1.76,0.0,65.0,75.0,30.0,65.0,1.2,,,4e-06,5e-06,0.0,5e-06
2026-06-01 05:19:00,1,Tomato,Mid-season,Loam,18.938333333333333,84.55333333333334,48.513333333333335,1.7633333333333332,0.0,55.0,70.0,25.0,60.0,1.15,,,0.0,0.0,0.0,0.0
2026-06-01 05:19:00,2,Wheat,Development,Sandy,18.938333333333333,84.55333333333334,48.513333333333335,1.7633333333333332,0.0,42.0,60.0,18.0,55.0,0.85,,,0.0,0.0,0.0,0.0
2026-06-01 05:19:00,3,Maize,Mid-season,Clay,18.938333333333333,84.55333333333334,48.513333333333335,1.7633333333333332,0.0,65.0,75.0,30.0,65.0,1.2,,,0.0,0.0,0.0,0.0
2026-06-01 05:20:00,1,Tomato,Mid-season,Loam,18.966666666666665,84.46666666666667,50.266666666666666,1.7666666666666666,0.0,55.0,70.0,25.0,60.0,1.15,,,9.1e-05,0.000105,0.0,0.000105
2026-06-01 05:20:00,2,Wheat,Development,Sandy,18.966666666666665,84.46666666666667,50.266666666666666,1.7666666666666666,0.0,42.0,60.0,18.0,55.0,0.85,,,9.1e-05,7.7e-05,0.0,7.7e-05
2026-06-01 05:20:00,3,Maize,Mid-season,Clay,18.966666666666665,84.46666666666667,50.266666666666666,1.7666666666666666,0.0,65.0,75.0,30.0,65.0,1.2,,,9.1e-05,0.000109,0.0,0.000109
2026-06-01 05:21:00,1,Tomato,Mid-season,Loam,18.995,84.38,52.02,1.77,0.0,55.0,70.0,25.0,60.0,1.15,,,0.0,0.0,0.0,0.0
2026-06-01 05:21:00,2,Wheat,Development,Sandy,18.995,84.38,52.02,1.77,0.0,42.0,60.0,18.0,55.0,0.85,,,0.0,0.0,0.0,0.0
2026-06-01 05:21:00,3,Maize,Mid-season,Clay,18.995,84.38,52.02,1.77,0.0,65.0,75.0,30.0,65.0,1.2,,,0.0,0.0,0.0,0.0
2026-06-01 05:22:00,1,Tomato,Mid-season,Loam,19.023333333333333,84.29333333333334,53.77333333333334,1.7733333333333332,0.0,55.0,70.0,25.0,60.0,1.15,,,7.1e-05,8.2e-05,0.0,8.2e-05
2026-06-01 05:22:00,2,Wheat,Development,Sandy,19.023333333333333,84.29333333333334,53.77333333333334,1.7733333333333332,0.0,42.0,60.0,18.0,55.0,0.85,,,7.1e-05,6e-05,0.0,6e-05
2026-06-01 05:22:00,3,Maize,Mid-season,Clay,19.023333333333333,84.29333333333334,53.77333333333334,1.7733333333333332,0.0,65.0,75.0,30.0,65.0,1.2,,,7.1e-05,8.5e-05,0.0,8.5e-05
2026-06-01 05:23:00,1,Tomato,Mid-season,Loam,19.051666666666662,84.20666666666666,55.52666666666667,1.7766666666666666,0.0,55.0,70.0,25.0,60.0,1.15,,,2.2e-05,2.5e-05,0.0,2.5e-05
2026-06-01 05:23:00,2,Wheat,Development,Sandy,19.051666666666662,84.20666666666666,55.52666666666667,1.7766666666666666,0.0,42.0,60.0,18.0,55.0,0.85,,,2.2e-05,1.9e-05,0.0,1.9e-05
2026-06-01 05:23:00,3,Maize,Mid-season,Clay,19.051666666666662,84.20666666666666,55.52666666666667,1.7766666666666666,0.0,65.0,75.0,30.0,65.0,1.2,,,2.2e-05,2.6e-05,0.0,2.6e-05
2026-06-01 05:24:00,1,Tomato,Mid-season,Loam,19.08,84.12,57.28,1.78,0.0,55.0,70.0,25.0,60.0,1.15,,,4.1e-05,4.7e-05,0.0,4.7e-05
2026-06-01 05:24:00,2,Wheat,Development,Sandy,19.08,84.12,57.28,1.78,0.0,42.0,60.0,18.0,55.0,0.85,,,4.1e-05,3.5e-05,0.0,3.5e-05
2026-06-01 05:24:00,3,Maize,Mid-season,Clay,19.08,84.12,57.28,1.78,0.0,65.0,75.0,30.0,65.0,1.2,,,4.1e-05,4.9e-05,0.0,4.9e-05
2026-06-01 05:25:00,1,Tomato,Mid-season,Loam,19.10833333333333,84.03333333333333,59.03333333333333,1.7833333333333332,0.0,55.0,70.0,25.0,60.0,1.15,,,1.2e-05,1.4e-05,0.0,1.4e-05
2026-06-01 05:25:00,2,Wheat,Development,Sandy,19.10833333333333,84.03333333333333,59.03333333333333,1.7833333333333332,0.0,42.0,60.0,18.0,55.0,0.85,,,1.2e-05,1e-05,0.0,1e-05
2026-06-01 05:25:00,3,Maize,Mid-season,Clay,19.10833333333333,84.03333333333333,59.03333333333333,1.7833333333333332,0.0,65.0,75.0,30.0,65.0,1.2,,,1.2e-05,1.4e-05,0.0,1.4e-05
2026-06-01 05:26:00,1,Tomato,Mid-season,Loam,19.136666666666667,83.94666666666667,60.78666666666666,1.7866666666666666,0.0,55.0,70.0,25.0,60.0,1.15,,,8e-06,9e-06,0.0,9e-06
2026-06-01 05:26:00,2,Wheat,Development,Sandy,19.136666666666667,83.94666666666667,60.78666666666666,1.7866666666666666,0.0,42.0,60.0,18.0,55.0,0.85,,,8e-06,7e-06,0.0,7e-06
2026-06-01 05:26:00,3,Maize,Mid-season,Clay,19.136666666666667,83.94666666666667,60.78666666666666,1.7866666666666666,0.0,65.0,75.0,30.0,65.0,1.2,,,8e-06,1e-05,0.0,1e-05
2026-06-01 05:27:00,1,Tomato,Mid-season,Loam,19.165,83.86,62.540000000000006,1.79,0.0,55.0,70.0,25.0,60.0,1.15,,,2e-06,2e-06,0.0,2e-06
2026-06-01 05:27:00,2,Wheat,Development,Sandy,19.165,83.86,62.540000000000006,1.79,0.0,42.0,60.0,18.0,55.0,0.85,,,2e-06,2e-06,0.0,2e-06
2026-06-01 05:27:00,3,Maize,Mid-season,Clay,19.165,83.86,62.540000000000006,1.79,0.0,65.0,75.0,30.0,65.0,1.2,,,2e-06,2e-06,0.0,2e-06
2026-06-01 05:28:00,1,Tomato,Mid-season,Loam,19.19333333333333,83.77333333333334,64.29333333333334,1.7933333333333332,0.0,55.0,70.0,25.0,60.0,1.15,,,1.4e-05,1.6e-05,0.0,1.6e-05
2026-06-01 05:28:00,2,Wheat,Development,Sandy,19.19333333333333,83.77333333333334,64.29333333333334,1.7933333333333332,0.0,42.0,60.0,18.0,55.0,0.85,,,1.4e-05,1.2e-05,0.0,1.2e-05
2026-06-01 05:28:00,3,Maize,Mid-season,Clay,19.19333333333333,83.77333333333334,64.29333333333334,1.7933333333333332,0.0,65.0,75.0,30.0,65.0,1.2,,,1.4e-05,1.7e-05,0.0,1.7e-05
2026-06-01 05:29:00,1,Tomato,Mid-season,Loam,19.221666666666668,83.68666666666667,66.04666666666667,1.7966666666666666,0.0,55.0,70.0,25.0,60.0,1.15,,,2.8e-05,3.2e-05,0.0,3.2e-05
2026-06-01 05:29:00,2,Wheat,Development,Sandy,19.221666666666668,83.68666666666667,66.04666666666667,1.7966666666666666,0.0,42.0,60.0,18.0,55.0,0.85,,,2.8e-05,2.4e-05,0.0,2.4e-05
2026-06-01 05:29:00,3,Maize,Mid-season,Clay,19.221666666666668,83.68666666666667,66.04666666666667,1.7966666666666666,0.0,65.0,75.0,30.0,65.0,1.2,,,2.8e-05,3.4e-05,0.0,3.4e-05
2026-06-01 05:30:00,1,Tomato,Mid-season,Loam,19.25,83.6,67.8,1.7999999999999998,0.0,55.0,70.0,25.0,60.0,1.15,,,1.6e-05,1.8e-05,0.0,1.8e-05
2026-06-01 05:30:00,2,Wheat,Development,Sandy,19.25,83.6,67.8,1.7999999999999998,0.0,42.0,60.0,18.0,55.0,0.85,,,1.6e-05,1.4e-05,0.0,1.4e-05
2026-06-01 05:30:00,3,Maize,Mid-season,Clay,19.25,83.6,67.8,1.7999999999999998,0.0,65.0,75.0,30.0,65.0,1.2,,,1.6e-05,1.9e-05,0.0,1.9e-05
2026-06-01 05:31:00,1,Tomato,Mid-season,Loam,19.27833333333333,83.51333333333334,69.55333333333334,1.8033333333333328,0.0,55.0,70.0,25.0,60.0,1.15,,,9.3e-05,0.000107,0.0,0.000107
2026-06-01 05:31:00,2,Wheat,Development,Sandy,19.27833333333333,83.51333333333334,69.55333333333334,1.8033333333333328,0.0,42.0,60.0,18.0,55.0,0.85,,,9.3e-05,7.9e-05,0.0,7.9e-05
2026-06-01 05:31:00,3,Maize,Mid-season,Clay,19.27833333333333,83.51333333333334,69.55333333333334,1.8033333333333328,0.0,65.0,75.0,30.0,65.0,1.2,,,9.3e-05,0.000112,0.0,0.000112
2026-06-01 05:32:00,1,Tomato,Mid-season,Loam,19.30666666666667,83.42666666666666,71.30666666666667,1.8066666666666664,0.0,55.0,70.0,25.0,60.0,1.15,,,6.8e-05,7.8e-05,0.0,7.8e-05
2026-06-01 05:32:00,2,Wheat,Development,Sandy,19.30666666666667,83.42666666666666,71.30666666666667,1.8066666666666664,0.0,42.0,60.0,18.0,55.0,0.85,,,6.8e-05,5.8e-05,0.0,5.8e-05
2026-06-01 05:32:00,3,Maize,Mid-season,Clay,19.30666666666667,83.42666666666666,71.30666666666667,1.8066666666666664,0.0,65.0,75.0,30.0,65.0,1.2,,,6.8e-05,8.2e-05,0.0,8.2e-05
2026-06-01 05:33:00,1,Tomato,Mid-season,Loam,19.335,83.34,73.06,1.81,0.0,55.0,70.0,25.0,60.0,1.15,,,8.2e-05,9.4e-05,0.0,9.4e-05
2026-06-01 05:33:00,2,Wheat,Development,Sandy,19.335,83.34,73.06,1.81,0.0,42.0,60.0,18.0,55.0,0.85,,,8.2e-05,7e-05,0.0,7e-05
2026-06-01 05:33:00,3,Maize,Mid-season,Clay,19.335,83.34,73.06,1.81,0.0,65.0,75.0,30.0,65.0,1.2,,,8.2e-05,9.8e-05,0.0,9.8e-05
2026-06-01 05:34:00,1,Tomato,Mid-season,Loam,19.363333333333333,83.25333333333333,74.81333333333333,1.8133333333333328,0.0,55.0,70.0,25.0,60.0,1.15,,,0.000104,0.00012,0.0,0.00012
2026-06-01 05:34:00,2,Wheat,Development,Sandy,19.363333333333333,83.25333333333333,74.81333333333333,1.8133333333333328,0.0,42.0,60.0,18.0,55.0,0.85,,,0.000104,8.8e-05,0.0,8.8e-05
2026-06-01 05:34:00,3,Maize,Mid-season,Clay,19.363333333333333,83.25333333333333,74.81333333333333,1.8133333333333328,0.0,65.0,75.0,30.0,65.0,1.2,,,0.000104,0.000125,0.0,0.000125
2026-06-01 05:35:00,1,Tomato,Mid-season,Loam,19.391666666666666,83.16666666666667,76.56666666666666,1.8166666666666669,0.0,55.0,70.0,25.0,60.0,1.15,,,0.000109,0.000125,0.0,0.000125
2026-06-01 05:35:00,2,Wheat,Development,Sandy,19.391666666666666,83.16666666666667,76.56666666666666,1.8166666666666669,0.0,42.0,60.0,18.0,55.0,0.85,,,0.000109,9.3e-05,0.0,9.3e-05
2026-06-01 05:35:00,3,Maize,Mid-season,Clay,19.391666666666666,83.16666666666667,76.56666666666666,1.8166666666666669,0.0,65.0,75.0,30.0,65.0,1.2,,,0.000109,0.000131,0.0,0.000131
2026-06-01 05:36:00,1,Tomato,Mid-season,Loam,19.42,83.08,78.32000000000001,1.82,0.0,55.0,70.0,25.0,60.0,1.15,,,0.000124,0.000143,0.0,0.000143
2026-06-01 05:36:00,2,Wheat,Development,Sandy,19.42,83.08,78.32000000000001,1.82,0.0,42.0,60.0,18.0,55.0,0.85,,,0.000124,0.000105,0.0,0.000105
2026-06-01 05:36:00,3,Maize,Mid-season,Clay,19.42,83.08,78.32000000000001,1.82,0.0,65.0,75.0,30.0,65.0,1.2,,,0.000124,0.000149,0.0,0.000149
2026-06-01 05:37:00,1,Tomato,Mid-season,Loam,19.44833333333333,82.99333333333334,80.07333333333334,1.8233333333333333,0.0,55.0,70.0,25.0,60.0,1.15,,,0.000158,0.000182,0.0,0.000182
2026-06-01 05:37:00,2,Wheat,Development,Sandy,19.44833333333333,82.99333333333334,80.07333333333334,1.8233333333333333,0.0,42.0,60.0,18.0,55.0,0.85,,,0.000158,0.000134,0.0,0.000134
2026-06-01 05:37:00,3,Maize,Mid-season,Clay,19.44833333333333,82.99333333333334,80.07333333333334,1.8233333333333333,0.0,65.0,75.0,30.0,65.0,1.2,,,0.000158,0.00019,0.0,0.00019
2026-06-01 05:38:00,1,Tomato,Mid-season,Loam,19.476666666666667,82.90666666666667,81.82666666666667,1.8266666666666669,0.0,55.0,70.0,25.0,60.0,1.15,,,0.000146,0.000168,0.0,0.000168
2026-06-01 05:38:00,2,Wheat,Development,Sandy,19.476666666666667,82.90666666666667,81.82666666666667,1.8266666666666669,0.0,42.0,60.0,18.0,55.0,0.85,,,0.000146,0.000124,0.0,0.000124
2026-06-01 05:38:00,3,Maize,Mid-season,Clay,19.476666666666667,82.90666666666667,81.82666666666667,1.8266666666666669,0.0,65.0,75.0,30.0,65.0,1.2,,,0.000146,0.000175,0.0,0.000175
2026-06-01 05:39:00,1,Tomato,Mid-season,Loam,19.505,82.82000000000001,83.58000000000001,1.83,0.0,55.0,70.0,25.0,60.0,1.15,,,0.000176,0.000202,0.0,0.000202
2026-06-01 05:39:00,2,Wheat,Development,Sandy,19.505,82.82000000000001,83.58000000000001,1.83,0.0,42.0,60.0,18.0,55.0,0.85,,,0.000176,0.00015,0.0,0.00015
2026-06-01 05:39:00,3,Maize,Mid-season,Clay,19.505,82.82000000000001,83.58000000000001,1.83,0.0,65.0,75.0,30.0,65.0,1.2,,,0.000176,0.000211,0.0,0.000211
2026-06-01 05:40:00,1,Tomato,Mid-season,Loam,19.53333333333333,82.73333333333333,85.33333333333334,1.8333333333333333,0.0,55.0,70.0,25.0,60.0,1.15,,,0.000141,0.000162,0.0,0.000162
2026-06-01 05:40:00,2,Wheat,Development,Sandy,19.53333333333333,82.73333333333333,85.33333333333334,1.8333333333333333,0.0,42.0,60.0,18.0,55.0,0.85,,,0.000141,0.00012,0.0,0.00012
2026-06-01 05:40:00,3,Maize,Mid-season,Clay,19.53333333333333,82.73333333333333,85.33333333333334,1.8333333333333333,0.0,65.0,75.0,30.0,65.0,1.2,,,0.000141,0.000169,0.0,0.000169
2026-06-01 05:41:00,1,Tomato,Mid-season,Loam,19.561666666666667,82.64666666666666,87.08666666666667,1.836666666666667,0.0,55.0,70.0,25.0,60.0,1.15,,,0.000234,0.000269,0.0,0.000269
2026-06-01 05:41:00,2,Wheat,Development,Sandy,19.561666666666667,82.64666666666666,87.08666666666667,1.836666666666667,0.0,42.0,60.0,18.0,55.0,0.85,,,0.000234,0.000199,0.0,0.000199
2026-06-01 05:41:00,3,Maize,Mid-season,Clay,19.561666666666667,82.64666666666666,87.08666666666667,1.836666666666667,0.0,65.0,75.0,30.0,65.0,1.2,,,0.000234,0.000281,0.0,0.000281
2026-06-01 05:42:00,1,Tomato,Mid-season,Loam,19.59,82.56,88.84,1.84,0.0,55.0,70.0,25.0,60.0,1.15,,,0.000284,0.000327,0.0,0.000327
2026-06-01 05:42:00,2,Wheat,Development,Sandy,19.59,82.56,88.84,1.84,0.0,42.0,60.0,18.0,55.0,0.85,,,0.000284,0.000241,0.0,0.000241
2026-06-01 05:42:00,3,Maize,Mid-season,Clay,19.59,82.56,88.84,1.84,0.0,65.0,75.0,30.0,65.0,1.2,,,0.000284,0.000341,0.0,0.000341
2026-06-01 05:43:00,1,Tomato,Mid-season,Loam,19.61833333333333,82.47333333333333,90.59333333333332,1.8433333333333333,0.0,55.0,70.0,25.0,60.0,1.15,,,0.000277,0.000319,0.0,0.000319
2026-06-01 05:43:00,2,Wheat,Development,Sandy,19.61833333333333,82.47333333333333,90.59333333333332,1.8433333333333333,0.0,42.0,60.0,18.0,55.0,0.85,,,0.000277,0.000235,0.0,0.000235
2026-06-01 05:43:00,3,Maize,Mid-season,Clay,19.61833333333333,82.47333333333333,90.59333333333332,1.8433333333333333,0.0,65.0,75.0,30.0,65.0,1.2,,,0.000277,0.000332,0.0,0.000332
2026-06-01 05:44:00,1,Tomato,Mid-season,Loam,19.64666666666667,82.38666666666667,92.34666666666668,1.846666666666667,0.0,55.0,70.0,25.0,60.0,1.15,,,0.000392,0.000451,0.0,0.000451
2026-06-01 05:44:00,2,Wheat,Development,Sandy,19.64666666666667,82.38666666666667,92.34666666666668,1.846666666666667,0.0,42.0,60.0,18.0,55.0,0.85,,,0.000392,0.000333,0.0,0.000333
2026-06-01 05:44:00,3,Maize,Mid-season,Clay,19.64666666666667,82.38666666666667,92.34666666666668,1.846666666666667,0.0,65.0,75.0,30.0,65.0,1.2,,,0.000392,0.00047,0.0,0.00047
2026-06-01 05:45:00,1,Tomato,Mid-season,Loam,19.675,82.3,94.1,1.85,0.0,55.0,70.0,25.0,60.0,1.15,,,0.000335,0.000385,0.0,0.000385
2026-06-01 05:45:00,2,Wheat,Development,Sandy,19.675,82.3,94.1,1.85,0.0,42.0,60.0,18.0,55.0,0.85,,,0.000335,0.000285,0.0,0.000285
2026-06-01 05:45:00,3,Maize,Mid-season,Clay,19.675,82.3,94.1,1.85,0.0,65.0,75.0,30.0,65.0,1.2,,,0.000335,0.000402,0.0,0.000402
2026-06-01 05:46:00,1,Tomato,Mid-season,Loam,19.703333333333333,82.21333333333334,95.85333333333334,1.8533333333333333,0.0,55.0,70.0,25.0,60.0,1.15,,,0.000396,0.000455,0.0,0.000455
2026-06-01 05:46:00,2,Wheat,Development,Sandy,19.703333333333333,82.21333333333334,95.85333333333334,1.8533333333333333,0.0,42.0,60.0,18.0,55.0,0.85,,,0.000396,0.000337,0.0,0.000337
2026-06-01 05:46:00,3,Maize,Mid-season,Clay,19.703333333333333,82.21333333333334,95.85333333333334,1.8533333333333333,0.0,65.0,75.0,30.0,65.0,1.2,,,0.000396,0.000475,0.0,0.000475
2026-06-01 05:47:00,1,Tomato,Mid-season,Loam,19.73166666666667,82.12666666666667,97.60666666666668,1.8566666666666665,0.0,55.0,70.0,25.0,60.0,1.15,,,0.000378,0.000435,0.0,0.000435
2026-06-01 05:47:00,2,Wheat,Development,Sandy,19.73166666666667,82.12666666666667,97.60666666666668,1.8566666666666665,0.0,42.0,60.0,18.0,55.0,0.85,,,0.000378,0.000321,0.0,0.000321
2026-06-01 05:47:00,3,Maize,Mid-season,Clay,19.73166666666667,82.12666666666667,97.60666666666668,1.8566666666666665,0.0,65.0,75.0,30.0,65.0,1.2,,,0.000378,0.000454,0.0,0.000454
2026-06-01 05:48:00,1,Tomato,Mid-season,Loam,19.76,82.04,99.36,1.86,0.0,55.0,70.0,25.0,60.0,1.15,,,0.00043,0.000494,0.0,0.000494
2026-06-01 05:48:00,2,Wheat,Development,Sandy,19.76,82.04,99.36,1.86,0.0,42.0,60.0,18.0,55.0,0.85,,,0.00043,0.000366,0.0,0.000366
2026-06-01 05:48:00,3,Maize,Mid-season,Clay,19.76,82.04,99.36,1.86,0.0,65.0,75.0,30.0,65.0,1.2,,,0.00043,0.000516,0.0,0.000516
2026-06-01 05:49:00,1,Tomato,Mid-season,Loam,19.78833333333333,81.95333333333333,101.11333333333334,1.8633333333333333,0.0,55.0,70.0,25.0,60.0,1.15,,,0.000468,0.000538,0.0,0.000538
2026-06-01 05:49:00,2,Wheat,Development,Sandy,19.78833333333333,81.95333333333333,101.11333333333334,1.8633333333333333,0.0,42.0,60.0,18.0,55.0,0.85,,,0.000468,0.000398,0.0,0.000398
2026-06-01 05:49:00,3,Maize,Mid-season,Clay,19.78833333333333,81.95333333333333,101.11333333333334,1.8633333333333333,0.0,65.0,75.0,30.0,65.0,1.2,,,0.000468,0.000562,0.0,0.000562
2026-06-01 05:50:00,1,Tomato,Mid-season,Loam,19.816666666666663,81.86666666666667,102.86666666666667,1.8666666666666667,0.0,55.0,70.0,25.0,60.0,1.15,,,0.000373,0.000429,0.0,0.000429
2026-06-01 05:50:00,2,Wheat,Development,Sandy,19.816666666666663,81.86666666666667,102.86666666666667,1.8666666666666667,0.0,42.0,60.0,18.0,55.0,0.85,,,0.000373,0.000317,0.0,0.000317
2026-06-01 05:50:00,3,Maize,Mid-season,Clay,19.816666666666663,81.86666666666667,102.86666666666667,1.8666666666666667,0.0,65.0,75.0,30.0,65.0,1.2,,,0.000373,0.000448,0.0,0.000448
2026-06-01 05:51:00,1,Tomato,Mid-season,Loam,19.845,81.78,104.62,1.87,0.0,55.0,70.0,25.0,60.0,1.15,,,0.000485,0.000558,0.0,0.000558
2026-06-01 05:51:00,2,Wheat,Development,Sandy,19.845,81.78,104.62,1.87,0.0,42.0,60.0,18.0,55.0,0.85,,,0.000485,0.000412,0.0,0.000412
2026-06-01 05:51:00,3,Maize,Mid-season,Clay,19.845,81.78,104.62,1.87,0.0,65.0,75.0,30.0,65.0,1.2,,,0.000485,0.000582,0.0,0.000582
2026-06-01 05:52:00,1,Tomato,Mid-season,Loam,19.87333333333333,81.69333333333333,106.37333333333332,1.8733333333333333,0.0,55.0,70.0,25.0,60.0,1.15,,,0.000562,0.000646,0.0,0.000646
2026-06-01 05:52:00,2,Wheat,Development,Sandy,19.87333333333333,81.69333333333333,106.37333333333332,1.8733333333333333,0.0,42.0,60.0,18.0,55.0,0.85,,,0.000562,0.000478,0.0,0.000478
2026-06-01 05:52:00,3,Maize,Mid-season,Clay,19.87333333333333,81.69333333333333,106.37333333333332,1.8733333333333333,0.0,65.0,75.0,30.0,65.0,1.2,,,0.000562,0.000674,0.0,0.000674
2026-06-01 05:53:00,1,Tomato,Mid-season,Loam,19.901666666666667,81.60666666666667,108.12666666666668,1.8766666666666665,0.0,55.0,70.0,25.0,60.0,1.15,,,0.000567,0.000652,0.0,0.000652
2026-06-01 05:53:00,2,Wheat,Development,Sandy,19.901666666666667,81.60666666666667,108.12666666666668,1.8766666666666665,0.0,42.0,60.0,18.0,55.0,0.85,,,0.000567,0.000482,0.0,0.000482
2026-06-01 05:53:00,3,Maize,Mid-season,Clay,19.901666666666667,81.60666666666667,108.12666666666668,1.8766666666666665,0.0,65.0,75.0,30.0,65.0,1.2,,,0.000567,0.00068,0.0,0.00068
2026-06-01 05:54:00,1,Tomato,Mid-season,Loam,19.93,81.52,109.88,1.88,0.0,55.0,70.0,25.0,60.0,1.15,,,0.000587,0.000675,0.0,0.000675
2026-06-01 05:54:00,2,Wheat,Development,Sandy,19.93,81.52,109.88,1.88,0.0,42.0,60.0,18.0,55.0,0.85,,,0.000587,0.000499,0.0,0.000499
2026-06-01 05:54:00,3,Maize,Mid-season,Clay,19.93,81.52,109.88,1.88,0.0,65.0,75.0,30.0,65.0,1.2,,,0.000587,0.000704,0.0,0.000704
2026-06-01 05:55:00,1,Tomato,Mid-season,Loam,19.958333333333336,81.43333333333334,111.63333333333334,1.8833333333333333,0.0,55.0,70.0,25.0,60.0,1.15,,,0.000655,0.000753,0.0,0.000753
2026-06-01 05:55:00,2,Wheat,Development,Sandy,19.958333333333336,81.43333333333334,111.63333333333334,1.8833333333333333,0.0,42.0,60.0,18.0,55.0,0.85,,,0.000655,0.000557,0.0,0.000557
2026-06-01 05:55:00,3,Maize,Mid-season,Clay,19.958333333333336,81.43333333333334,111.63333333333334,1.8833333333333333,0.0,65.0,75.0,30.0,65.0,1.2,,,0.000655,0.000786,0.0,0.000786
2026-06-01 05:56:00,1,Tomato,Mid-season,Loam,19.986666666666668,81.34666666666666,113.38666666666668,1.8866666666666665,0.0,55.0,70.0,25.0,60.0,1.15,,,0.000659,0.000758,0.0,0.000758
2026-06-01 05:56:00,2,Wheat,Development,Sandy,19.986666666666668,81.34666666666666,113.38666666666668,1.8866666666666665,0.0,42.0,60.0,18.0,55.0,0.85,,,0.000659,0.00056,0.0,0.00056
2026-06-01 05:56:00,3,Maize,Mid-season,Clay,19.986666666666668,81.34666666666666,113.38666666666668,1.8866666666666665,0.0,65.0,75.0,30.0,65.0,1.2,,,0.000659,0.000791,0.0,0.000791
2026-06-01 05:57:00,1,Tomato,Mid-season,Loam,20.015,81.26,115.14,1.89,0.0,55.0,70.0,25.0,60.0,1.15,,,0.00071,0.000816,0.0,0.000816
2026-06-01 05:57:00,2,Wheat,Development,Sandy,20.015,81.26,115.14,1.89,0.0,42.0,60.0,18.0,55.0,0.85,,,0.00071,0.000604,0.0,0.000604
2026-06-01 05:57:00,3,Maize,Mid-season,Clay,20.015,81.26,115.14,1.89,0.0,65.0,75.0,30.0,65.0,1.2,,,0.00071,0.000852,0.0,0.000852
2026-06-01 05:58:00,1,Tomato,Mid-season,Loam,20.043333333333333,81.17333333333333,116.89333333333336,1.893333333333333,0.0,55.0,70.0,25.0,60.0,1.15,,,0.000678,0.00078,0.0,0.00078
2026-06-01 05:58:00,2,Wheat,Development,Sandy,20.043333333333333,81.17333333333333,116.89333333333336,1.893333333333333,0.0,42.0,60.0,18.0,55.0,0.85,,,0.000678,0.000576,0.0,0.000576
2026-06-01 05:58:00,3,Maize,Mid-season,Clay,20.043333333333333,81.17333333333333,116.89333333333336,1.893333333333333,0.0,65.0,75.0,30.0,65.0,1.2,,,0.000678,0.000814,0.0,0.000814
2026-06-01 05:59:00,1,Tomato,Mid-season,Loam,20.07166666666667,81.08666666666667,118.64666666666668,1.8966666666666665,0.0,55.0,70.0,25.0,60.0,1.15,,,0.000741,0.000852,0.0,0.000852
2026-06-01 05:59:00,2,Wheat,Development,Sandy,20.07166666666667,81.08666666666667,118.64666666666668,1.8966666666666665,0.0,42.0,60.0,18.0,55.0,0.85,,,0.000741,0.00063,0.0,0.00063
2026-06-01 05:59:00,3,Maize,Mid-season,Clay,20.07166666666667,81.08666666666667,118.64666666666668,1.8966666666666665,0.0,65.0,75.0,30.0,65.0,1.2,,,0.000741,0.000889,0.0,0.000889
2026-06-01 06:00:00,1,Tomato,Mid-season,Loam,20.1,81.0,120.4,1.9,0.0,55.0,70.0,25.0,60.0,1.15,,,0.000815,0.000937,0.0,0.000937
2026-06-01 06:00:00,2,Wheat,Development,Sandy,20.1,81.0,120.4,1.9,0.0,42.0,60.0,18.0,55.0,0.85,,,0.000815,0.000693,0.0,0.000693
2026-06-01 06:00:00,3,Maize,Mid-season,Clay,20.1,81.0,120.4,1.9,0.0,65.0,75.0,30.0,65.0,1.2,,,0.000815,0.000978,0.0,0.000978
2026-06-01 06:01:00,1,Tomato,Mid-season,Loam,20.14166666666667,80.875,123.57333333333334,1.905,0.0,55.0,70.0,25.0,60.0,1.15,,,0.000864,0.000994,0.0,0.000994
2026-06-01 06:01:00,2,Wheat,Development,Sandy,20.14166666666667,80.875,123.57333333333334,1.905,0.0,42.0,60.0,18.0,55.0,0.85,,,0.000864,0.000734,0.0,0.000734
2026-06-01 06:01:00,3,Maize,Mid-season,Clay,20.14166666666667,80.875,123.57333333333334,1.905,0.0,65.0,75.0,30.0,65.0,1.2,,,0.000864,0.001037,0.0,0.001037
2026-06-01 06:02:00,1,Tomato,Mid-season,Loam,20.183333333333334,80.75,126.74666666666668,1.91,0.0,55.0,70.0,25.0,60.0,1.15,,,0.000854,0.000982,0.0,0.000982
2026-06-01 06:02:00,2,Wheat,Development,Sandy,20.183333333333334,80.75,126.74666666666668,1.91,0.0,42.0,60.0,18.0,55.0,0.85,,,0.000854,0.000726,0.0,0.000726
2026-06-01 06:02:00,3,Maize,Mid-season,Clay,20.183333333333334,80.75,126.74666666666668,1.91,0.0,65.0,75.0,30.0,65.0,1.2,,,0.000854,0.001025,0.0,0.001025
2026-06-01 06:03:00,1,Tomato,Mid-season,Loam,20.225,80.625,129.92000000000002,1.915,0.0,55.0,70.0,25.0,60.0,1.15,,,0.000858,0.000987,0.0,0.000987
2026-06-01 06:03:00,2,Wheat,Development,Sandy,20.225,80.625,129.92000000000002,1.915,0.0,42.0,60.0,18.0,55.0,0.85,,,0.000858,0.000729,0.0,0.000729
2026-06-01 06:03:00,3,Maize,Mid-season,Clay,20.225,80.625,129.92000000000002,1.915,0.0,65.0,75.0,30.0,65.0,1.2,,,0.000858,0.00103,0.0,0.00103
2026-06-01 06:04:00,1,Tomato,Mid-season,Loam,20.26666666666667,80.5,133.09333333333333,1.92,0.0,55.0,70.0,25.0,60.0,1.15,,,0.000915,0.001052,0.0,0.001052
2026-06-01 06:04:00,2,Wheat,Development,Sandy,20.26666666666667,80.5,133.09333333333333,1.92,0.0,42.0,60.0,18.0,55.0,0.85,,,0.000915,0.000778,0.0,0.000778
2026-06-01 06:04:00,3,Maize,Mid-season,Clay,20.26666666666667,80.5,133.09333333333333,1.92,0.0,65.0,75.0,30.0,65.0,1.2,,,0.000915,0.001098,0.0,0.001098
2026-06-01 06:05:00,1,Tomato,Mid-season,Loam,20.308333333333334,80.375,136.26666666666668,1.925,0.0,55.0,70.0,25.0,60.0,1.15,,,0.000904,0.00104,0.0,0.00104
2026-06-01 06:05:00,2,Wheat,Development,Sandy,20.308333333333334,80.375,136.26666666666668,1.925,0.0,42.0,60.0,18.0,55.0,0.85,,,0.000904,0.000768,0.0,0.000768
2026-06-01 06:05:00,3,Maize,Mid-season,Clay,20.308333333333334,80.375,136.26666666666668,1.925,0.0,65.0,75.0,30.0,65.0,1.2,,,0.000904,0.001085,0.0,0.001085
2026-06-01 06:06:00,1,Tomato,Mid-season,Loam,20.35,80.25,139.44,1.93,0.0,55.0,70.0,25.0,60.0,1.15,,,0.00099,0.001138,0.0,0.001138
2026-06-01 06:06:00,2,Wheat,Development,Sandy,20.35,80.25,139.44,1.93,0.0,42.0,60.0,18.0,55.0,0.85,,,0.00099,0.000842,0.0,0.000842
2026-06-01 06:06:00,3,Maize,Mid-season,Clay,20.35,80.25,139.44,1.93,0.0,65.0,75.0,30.0,65.0,1.2,,,0.00099,0.001188,0.0,0.001188
2026-06-01 06:07:00,1,Tomato,Mid-season,Loam,20.39166666666667,80.125,142.61333333333334,1.935,0.0,55.0,70.0,25.0,60.0,1.15,,,0.001007,0.001158,0.0,0.001158
2026-06-01 06:07:00,2,Wheat,Development,Sandy,20.39166666666667,80.125,142.61333333333334,1.935,0.0,42.0,60.0,18.0,55.0,0.85,,,0.001007,0.000856,0.0,0.000856
2026-06-01 06:07:00,3,Maize,Mid-season,Clay,20.39166666666667,80.125,142.61333333333334,1.935,0.0,65.0,75.0,30.0,65.0,1.2,,,0.001007,0.001208,0.0,0.001208
2026-06-01 06:08:00,1,Tomato,Mid-season,Loam,20.433333333333334,80.0,145.78666666666666,1.94,0.0,55.0,70.0,25.0,60.0,1.15,,,0.001055,0.001213,0.0,0.001213
2026-06-01 06:08:00,2,Wheat,Development,Sandy,20.433333333333334,80.0,145.78666666666666,1.94,0.0,42.0,60.0,18.0,55.0,0.85,,,0.001055,0.000897,0.0,0.000897
2026-06-01 06:08:00,3,Maize,Mid-season,Clay,20.433333333333334,80.0,145.78666666666666,1.94,0.0,65.0,75.0,30.0,65.0,1.2,,,0.001055,0.001266,0.0,0.001266
2026-06-01 06:09:00,1,Tomato,Mid-season,Loam,20.475,79.875,148.96,1.945,0.0,55.0,70.0,25.0,60.0,1.15,,,0.001133,0.001303,0.0,0.001303
2026-06-01 06:09:00,2,Wheat,Development,Sandy,20.475,79.875,148.96,1.945,0.0,42.0,60.0,18.0,55.0,0.85,,,0.001133,0.000963,0.0,0.000963
2026-06-01 06:09:00,3,Maize,Mid-season,Clay,20.475,79.875,148.96,1.945,0.0,65.0,75.0,30.0,65.0,1.2,,,0.001133,0.00136,0.0,0.00136
2026-06-01 06:10:00,1,Tomato,Mid-season,Loam,20.51666666666667,79.75,152.13333333333333,1.95,0.0,55.0,70.0,25.0,60.0,1.15,,,0.001061,0.00122,0.0,0.00122
2026-06-01 06:10:00,2,Wheat,Development,Sandy,20.51666666666667,79.75,152.13333333333333,1.95,0.0,42.0,60.0,18.0,55.0,0.85,,,0.001061,0.000902,0.0,0.000902
2026-06-01 06:10:00,3,Maize,Mid-season,Clay,20.51666666666667,79.75,152.13333333333333,1.95,0.0,65.0,75.0,30.0,65.0,1.2,,,0.001061,0.001273,0.0,0.001273
2026-06-01 06:11:00,1,Tomato,Mid-season,Loam,20.558333333333334,79.625,155.30666666666667,1.955,0.0,55.0,70.0,25.0,60.0,1.15,,,0.001113,0.00128,0.0,0.00128
2026-06-01 06:11:00,2,Wheat,Development,Sandy,20.558333333333334,79.625,155.30666666666667,1.955,0.0,42.0,60.0,18.0,55.0,0.85,,,0.001113,0.000946,0.0,0.000946
2026-06-01 06:11:00,3,Maize,Mid-season,Clay,20.558333333333334,79.625,155.30666666666667,1.955,0.0,65.0,75.0,30.0,65.0,1.2,,,0.001113,0.001336,0.0,0.001336
2026-06-01 06:12:00,1,Tomato,Mid-season,Loam,20.6,79.5,158.48000000000002,1.96,0.0,55.0,70.0,25.0,60.0,1.15,,,0.001242,0.001428,0.0,0.001428
2026-06-01 06:12:00,2,Wheat,Development,Sandy,20.6,79.5,158.48000000000002,1.96,0.0,42.0,60.0,18.0,55.0,0.85,,,0.001242,0.001056,0.0,0.001056
2026-06-01 06:12:00,3,Maize,Mid-season,Clay,20.6,79.5,158.48000000000002,1.96,0.0,65.0,75.0,30.0,65.0,1.2,,,0.001242,0.00149,0.0,0.00149
2026-06-01 06:13:00,1,Tomato,Mid-season,Loam,20.64166666666667,79.375,161.65333333333334,1.965,0.0,55.0,70.0,25.0,60.0,1.15,,,0.00122,0.001403,0.0,0.001403
2026-06-01 06:13:00,2,Wheat,Development,Sandy,20.64166666666667,79.375,161.65333333333334,1.965,0.0,42.0,60.0,18.0,55.0,0.85,,,0.00122,0.001037,0.0,0.001037
2026-06-01 06:13:00,3,Maize,Mid-season,Clay,20.64166666666667,79.375,161.65333333333334,1.965,0.0,65.0,75.0,30.0,65.0,1.2,,,0.00122,0.001464,0.0,0.001464
2026-06-01 06:14:00,1,Tomato,Mid-season,Loam,20.683333333333334,79.25,164.82666666666668,1.97,0.0,55.0,70.0,25.0,60.0,1.15,,,0.001281,0.001473,0.0,0.001473
2026-06-01 06:14:00,2,Wheat,Development,Sandy,20.683333333333334,79.25,164.82666666666668,1.97,0.0,42.0,60.0,18.0,55.0,0.85,,,0.001281,0.001089,0.0,0.001089
2026-06-01 06:14:00,3,Maize,Mid-season,Clay,20.683333333333334,79.25,164.82666666666668,1.97,0.0,65.0,75.0,30.0,65.0,1.2,,,0.001281,0.001537,0.0,0.001537
2026-06-01 06:15:00,1,Tomato,Mid-season,Loam,20.725,79.125,168.0,1.975,0.0,55.0,70.0,25.0,60.0,1.15,,,0.001314,0.001511,0.0,0.001511
2026-06-01 06:15:00,2,Wheat,Development,Sandy,20.725,79.125,168.0,1.975,0.0,42.0,60.0,18.0,55.0,0.85,,,0.001314,0.001117,0.0,0.001117
2026-06-01 06:15:00,3,Maize,Mid-season,Clay,20.725,79.125,168.0,1.975,0.0,65.0,75.0,30.0,65.0,1.2,,,0.001314,0.001577,0.0,0.001577
2026-06-01 06:16:00,1,Tomato,Mid-season,Loam,20.76666666666667,79.0,171.17333333333335,1.98,0.0,55.0,70.0,25.0,60.0,1.15,,,0.001373,0.001579,0.0,0.001579
2026-06-01 06:16:00,2,Wheat,Development,Sandy,20.76666666666667,79.0,171.17333333333335,1.98,0.0,42.0,60.0,18.0,55.0,0.85,,,0.001373,0.001167,0.0,0.001167
2026-06-01 06:16:00,3,Maize,Mid-season,Clay,20.76666666666667,79.0,171.17333333333335,1.98,0.0,65.0,75.0,30.0,65.0,1.2,,,0.001373,0.001648,0.0,0.001648
2026-06-01 06:17:00,1,Tomato,Mid-season,Loam,20.808333333333334,78.875,174.34666666666666,1.985,0.0,55.0,70.0,25.0,60.0,1.15,,,0.00135,0.001552,0.0,0.001552
2026-06-01 06:17:00,2,Wheat,Development,Sandy,20.808333333333334,78.875,174.34666666666666,1.985,0.0,42.0,60.0,18.0,55.0,0.85,,,0.00135,0.001148,0.0,0.001148
2026-06-01 06:17:00,3,Maize,Mid-season,Clay,20.808333333333334,78.875,174.34666666666666,1.985,0.0,65.0,75.0,30.0,65.0,1.2,,,0.00135,0.00162,0.0,0.00162
2026-06-01 06:18:00,1,Tomato,Mid-season,Loam,20.85,78.75,177.52,1.99,0.0,55.0,70.0,25.0,60.0,1.15,,,0.00147,0.00169,0.0,0.00169
2026-06-01 06:18:00,2,Wheat,Development,Sandy,20.85,78.75,177.52,1.99,0.0,42.0,60.0,18.0,55.0,0.85,,,0.00147,0.00125,0.0,0.00125
2026-06-01 06:18:00,3,Maize,Mid-season,Clay,20.85,78.75,177.52,1.99,0.0,65.0,75.0,30.0,65.0,1.2,,,0.00147,0.001764,0.0,0.001764
2026-06-01 06:19:00,1,Tomato,Mid-season,Loam,20.89166666666667,78.625,180.69333333333333,1.995,0.0,55.0,70.0,25.0,60.0,1.15,,,0.001413,0.001625,0.0,0.001625
2026-06-01 06:19:00,2,Wheat,Development,Sandy,20.89166666666667,78.625,180.69333333333333,1.995,0.0,42.0,60.0,18.0,55.0,0.85,,,0.001413,0.001201,0.0,0.001201
2026-06-01 06:19:00,3,Maize,Mid-season,Clay,20.89166666666667,78.625,180.69333333333333,1.995,0.0,65.0,75.0,30.0,65.0,1.2,,,0.001413,0.001696,0.0,0.001696
2026-06-01 06:20:00,1,Tomato,Mid-season,Loam,20.933333333333334,78.5,183.86666666666667,2.0,0.0,55.0,70.0,25.0,60.0,1.15,,,0.001373,0.001579,0.0,0.001579
2026-06-01 06:20:00,2,Wheat,Development,Sandy,20.933333333333334,78.5,183.86666666666667,2.0,0.0,42.0,60.0,18.0,55.0,0.85,,,0.001373,0.001167,0.0,0.001167
2026-06-01 06:20:00,3,Maize,Mid-season,Clay,20.933333333333334,78.5,183.86666666666667,2.0,0.0,65.0,75.0,30.0,65.0,1.2,,,0.001373,0.001648,0.0,0.001648
2026-06-01 06:21:00,1,Tomato,Mid-season,Loam,20.975,78.375,187.04,2.005,0.0,55.0,70.0,25.0,60.0,1.15,,,0.001561,0.001795,0.0,0.001795
2026-06-01 06:21:00,2,Wheat,Development,Sandy,20.975,78.375,187.04,2.005,0.0,42.0,60.0,18.0,55.0,0.85,,,0.001561,0.001327,0.0,0.001327
2026-06-01 06:21:00,3,Maize,Mid-season,Clay,20.975,78.375,187.04,2.005,0.0,65.0,75.0,30.0,65.0,1.2,,,0.001561,0.001873,0.0,0.001873
2026-06-01 06:22:00,1,Tomato,Mid-season,Loam,21.01666666666667,78.25,190.2133333333333,2.01,0.0,55.0,70.0,25.0,60.0,1.15,,,0.001542,0.001773,0.0,0.001773
2026-06-01 06:22:00,2,Wheat,Development,Sandy,21.01666666666667,78.25,190.2133333333333,2.01,0.0,42.0,60.0,18.0,55.0,0.85,,,0.001542,0.001311,0.0,0.001311
2026-06-01 06:22:00,3,Maize,Mid-season,Clay,21.01666666666667,78.25,190.2133333333333,2.01,0.0,65.0,75.0,30.0,65.0,1.2,,,0.001542,0.00185,0.0,0.00185
2026-06-01 06:23:00,1,Tomato,Mid-season,Loam,21.058333333333334,78.125,193.38666666666663,2.015,0.0,55.0,70.0,25.0,60.0,1.15,,,0.001553,0.001786,0.0,0.001786
2026-06-01 06:23:00,2,Wheat,Development,Sandy,21.058333333333334,78.125,193.38666666666663,2.015,0.0,42.0,60.0,18.0,55.0,0.85,,,0.001553,0.00132,0.0,0.00132
2026-06-01 06:23:00,3,Maize,Mid-season,Clay,21.058333333333334,78.125,193.38666666666663,2.015,0.0,65.0,75.0,30.0,65.0,1.2,,,0.001553,0.001864,0.0,0.001864
2026-06-01 06:24:00,1,Tomato,Mid-season,Loam,21.1,78.0,196.56,2.02,0.0,55.0,70.0,25.0,60.0,1.15,,,0.001536,0.001766,0.0,0.001766
2026-06-01 06:24:00,2,Wheat,Development,Sandy,21.1,78.0,196.56,2.02,0.0,42.0,60.0,18.0,55.0,0.85,,,0.001536,0.001306,0.0,0.001306
2026-06-01 06:24:00,3,Maize,Mid-season,Clay,21.1,78.0,196.56,2.02,0.0,65.0,75.0,30.0,65.0,1.2,,,0.001536,0.001843,0.0,0.001843
2026-06-01 06:25:00,1,Tomato,Mid-season,Loam,21.14166666666667,77.875,199.7333333333333,2.025,0.0,55.0,70.0,25.0,60.0,1.15,,,0.001648,0.001895,0.0,0.001895
2026-06-01 06:25:00,2,Wheat,Development,Sandy,21.14166666666667,77.875,199.7333333333333,2.025,0.0,42.0,60.0,18.0,55.0,0.85,,,0.001648,0.001401,0.0,0.001401
2026-06-01 06:25:00,3,Maize,Mid-season,Clay,21.14166666666667,77.875,199.7333333333333,2.025,0.0,65.0,75.0,30.0,65.0,1.2,,,0.001648,0.001978,0.0,0.001978
2026-06-01 06:26:00,1,Tomato,Mid-season,Loam,21.183333333333334,77.75,202.9066666666667,2.03,0.0,55.0,70.0,25.0,60.0,1.15,,,0.001754,0.002017,0.0,0.002017
2026-06-01 06:26:00,2,Wheat,Development,Sandy,21.183333333333334,77.75,202.9066666666667,2.03,0.0,42.0,60.0,18.0,55.0,0.85,,,0.001754,0.001491,0.0,0.001491
2026-06-01 06:26:00,3,Maize,Mid-season,Clay,21.183333333333334,77.75,202.9066666666667,2.03,0.0,65.0,75.0,30.0,65.0,1.2,,,0.001754,0.002105,0.0,0.002105
2026-06-01 06:27:00,1,Tomato,Mid-season,Loam,21.225,77.625,206.08,2.035,0.0,55.0,70.0,25.0,60.0,1.15,,,0.001784,0.002052,0.0,0.002052
2026-06-01 06:27:00,2,Wheat,Development,Sandy,21.225,77.625,206.08,2.035,0.0,42.0,60.0,18.0,55.0,0.85,,,0.001784,0.001516,0.0,0.001516
2026-06-01 06:27:00,3,Maize,Mid-season,Clay,21.225,77.625,206.08,2.035,0.0,65.0,75.0,30.0,65.0,1.2,,,0.001784,0.002141,0.0,0.002141
2026-06-01 06:28:00,1,Tomato,Mid-season,Loam,21.26666666666667,77.5,209.25333333333333,2.04,0.0,55.0,70.0,25.0,60.0,1.15,,,0.00168,0.001932,0.0,0.001932
2026-06-01 06:28:00,2,Wheat,Development,Sandy,21.26666666666667,77.5,209.25333333333333,2.04,0.0,42.0,60.0,18.0,55.0,0.85,,,0.00168,0.001428,0.0,0.001428
2026-06-01 06:28:00,3,Maize,Mid-season,Clay,21.26666666666667,77.5,209.25333333333333,2.04,0.0,65.0,75.0,30.0,65.0,1.2,,,0.00168,0.002016,0.0,0.002016
2026-06-01 06:29:00,1,Tomato,Mid-season,Loam,21.308333333333334,77.375,212.42666666666668,2.045,0.0,55.0,70.0,25.0,60.0,1.15,,,0.001737,0.001998,0.0,0.001998
2026-06-01 06:29:00,2,Wheat,Development,Sandy,21.308333333333334,77.375,212.42666666666668,2.045,0.0,42.0,60.0,18.0,55.0,0.85,,,0.001737,0.001476,0.0,0.001476
2026-06-01 06:29:00,3,Maize,Mid-season,Clay,21.308333333333334,77.375,212.42666666666668,2.045,0.0,65.0,75.0,30.0,65.0,1.2,,,0.001737,0.002084,0.0,0.002084
2026-06-01 06:30:00,1,Tomato,Mid-season,Loam,21.35,77.25,215.6,2.05,0.0,55.0,70.0,25.0,60.0,1.15,,,0.001781,0.002048,0.0,0.002048
2026-06-01 06:30:00,2,Wheat,Development,Sandy,21.35,77.25,215.6,2.05,0.0,42.0,60.0,18.0,55.0,0.85,,,0.001781,0.001514,0.0,0.001514
2026-06-01 06:30:00,3,Maize,Mid-season,Clay,21.35,77.25,215.6,2.05,0.0,65.0,75.0,30.0,65.0,1.2,,,0.001781,0.002137,0.0,0.002137
2026-06-01 06:31:00,1,Tomato,Mid-season,Loam,21.39166666666667,77.125,218.7733333333333,2.055,0.0,55.0,70.0,25.0,60.0,1.15,,,0.00183,0.002104,0.0,0.002104
2026-06-01 06:31:00,2,Wheat,Development,Sandy,21.39166666666667,77.125,218.7733333333333,2.055,0.0,42.0,60.0,18.0,55.0,0.85,,,0.00183,0.001556,0.0,0.001556
2026-06-01 06:31:00,3,Maize,Mid-season,Clay,21.39166666666667,77.125,218.7733333333333,2.055,0.0,65.0,75.0,30.0,65.0,1.2,,,0.00183,0.002196,0.0,0.002196
2026-06-01 06:32:00,1,Tomato,Mid-season,Loam,21.433333333333334,77.0,221.94666666666663,2.06,0.0,55.0,70.0,25.0,60.0,1.15,,,0.001795,0.002064,0.0,0.002064
2026-06-01 06:32:00,2,Wheat,Development,Sandy,21.433333333333334,77.0,221.94666666666663,2.06,0.0,42.0,60.0,18.0,55.0,0.85,,,0.001795,0.001526,0.0,0.001526
2026-06-01 06:32:00,3,Maize,Mid-season,Clay,21.433333333333334,77.0,221.94666666666663,2.06,0.0,65.0,75.0,30.0,65.0,1.2,,,0.001795,0.002154,0.0,0.002154
2026-06-01 06:33:00,1,Tomato,Mid-season,Loam,21.475,76.875,225.12,2.065,0.0,55.0,70.0,25.0,60.0,1.15,,,0.001924,0.002213,0.0,0.002213
2026-06-01 06:33:00,2,Wheat,Development,Sandy,21.475,76.875,225.12,2.065,0.0,42.0,60.0,18.0,55.0,0.85,,,0.001924,0.001635,0.0,0.001635
2026-06-01 06:33:00,3,Maize,Mid-season,Clay,21.475,76.875,225.12,2.065,0.0,65.0,75.0,30.0,65.0,1.2,,,0.001924,0.002309,0.0,0.002309
2026-06-01 06:34:00,1,Tomato,Mid-season,Loam,21.51666666666667,76.75,228.2933333333333,2.0700000000000003,0.0,55.0,70.0,25.0,60.0,1.15,,,0.001993,0.002292,0.0,0.002292
2026-06-01 06:34:00,2,Wheat,Development,Sandy,21.51666666666667,76.75,228.2933333333333,2.0700000000000003,0.0,42.0,60.0,18.0,55.0,0.85,,,0.001993,0.001694,0.0,0.001694
2026-06-01 06:34:00,3,Maize,Mid-season,Clay,21.51666666666667,76.75,228.2933333333333,2.0700000000000003,0.0,65.0,75.0,30.0,65.0,1.2,,,0.001993,0.002392,0.0,0.002392
2026-06-01 06:35:00,1,Tomato,Mid-season,Loam,21.558333333333334,76.625,231.46666666666667,2.075,0.0,55.0,70.0,25.0,60.0,1.15,,,0.001991,0.00229,0.0,0.00229
2026-06-01 06:35:00,2,Wheat,Development,Sandy,21.558333333333334,76.625,231.46666666666667,2.075,0.0,42.0,60.0,18.0,55.0,0.85,,,0.001991,0.001692,0.0,0.001692
2026-06-01 06:35:00,3,Maize,Mid-season,Clay,21.558333333333334,76.625,231.46666666666667,2.075,0.0,65.0,75.0,30.0,65.0,1.2,,,0.001991,0.002389,0.0,0.002389
2026-06-01 06:36:00,1,Tomato,Mid-season,Loam,21.6,76.5,234.64,2.08,0.0,55.0,70.0,25.0,60.0,1.15,,,0.00201,0.002311,0.0,0.002311
2026-06-01 06:36:00,2,Wheat,Development,Sandy,21.6,76.5,234.64,2.08,0.0,42.0,60.0,18.0,55.0,0.85,,,0.00201,0.001708,0.0,0.001708
2026-06-01 06:36:00,3,Maize,Mid-season,Clay,21.6,76.5,234.64,2.08,0.0,65.0,75.0,30.0,65.0,1.2,,,0.00201,0.002412,0.0,0.002412
2026-06-01 06:37:00,1,Tomato,Mid-season,Loam,21.64166666666667,76.375,237.81333333333333,2.085,0.0,55.0,70.0,25.0,60.0,1.15,,,0.002038,0.002344,0.0,0.002344
2026-06-01 06:37:00,2,Wheat,Development,Sandy,21.64166666666667,76.375,237.81333333333333,2.085,0.0,42.0,60.0,18.0,55.0,0.85,,,0.002038,0.001732,0.0,0.001732
2026-06-01 06:37:00,3,Maize,Mid-season,Clay,21.64166666666667,76.375,237.81333333333333,2.085,0.0,65.0,75.0,30.0,65.0,1.2,,,0.002038,0.002446,0.0,0.002446
2026-06-01 06:38:00,1,Tomato,Mid-season,Loam,21.683333333333334,76.25,240.98666666666668,2.09,0.0,55.0,70.0,25.0,60.0,1.15,,,0.002174,0.0025,0.0,0.0025
2026-06-01 06:38:00,2,Wheat,Development,Sandy,21.683333333333334,76.25,240.98666666666668,2.09,0.0,42.0,60.0,18.0,55.0,0.85,,,0.002174,0.001848,0.0,0.001848
2026-06-01 06:38:00,3,Maize,Mid-season,Clay,21.683333333333334,76.25,240.98666666666668,2.09,0.0,65.0,75.0,30.0,65.0,1.2,,,0.002174,0.002609,0.0,0.002609
2026-06-01 06:39:00,1,Tomato,Mid-season,Loam,21.725,76.125,244.16000000000005,2.095,0.0,55.0,70.0,25.0,60.0,1.15,,,0.002025,0.002329,0.0,0.002329
2026-06-01 06:39:00,2,Wheat,Development,Sandy,21.725,76.125,244.16000000000005,2.095,0.0,42.0,60.0,18.0,55.0,0.85,,,0.002025,0.001721,0.0,0.001721
2026-06-01 06:39:00,3,Maize,Mid-season,Clay,21.725,76.125,244.16000000000005,2.095,0.0,65.0,75.0,30.0,65.0,1.2,,,0.002025,0.00243,0.0,0.00243
2026-06-01 06:40:00,1,Tomato,Mid-season,Loam,21.76666666666667,76.0,247.3333333333333,2.1,0.0,55.0,70.0,25.0,60.0,1.15,,,0.002056,0.002364,0.0,0.002364
2026-06-01 06:40:00,2,Wheat,Development,Sandy,21.76666666666667,76.0,247.3333333333333,2.1,0.0,42.0,60.0,18.0,55.0,0.85,,,0.002056,0.001748,0.0,0.001748
2026-06-01 06:40:00,3,Maize,Mid-season,Clay,21.76666666666667,76.0,247.3333333333333,2.1,0.0,65.0,75.0,30.0,65.0,1.2,,,0.002056,0.002467,0.0,0.002467
2026-06-01 06:41:00,1,Tomato,Mid-season,Loam,21.808333333333334,75.875,250.5066666666667,2.105,0.0,55.0,70.0,25.0,60.0,1.15,,,0.002151,0.002474,0.0,0.002474
2026-06-01 06:41:00,2,Wheat,Development,Sandy,21.808333333333334,75.875,250.5066666666667,2.105,0.0,42.0,60.0,18.0,55.0,0.85,,,0.002151,0.001828,0.0,0.001828
2026-06-01 06:41:00,3,Maize,Mid-season,Clay,21.808333333333334,75.875,250.5066666666667,2.105,0.0,65.0,75.0,30.0,65.0,1.2,,,0.002151,0.002581,0.0,0.002581
2026-06-01 06:42:00,1,Tomato,Mid-season,Loam,21.85,75.75,253.68,2.1100000000000003,0.0,55.0,70.0,25.0,60.0,1.15,,,0.002274,0.002615,0.0,0.002615
2026-06-01 06:42:00,2,Wheat,Development,Sandy,21.85,75.75,253.68,2.1100000000000003,0.0,42.0,60.0,18.0,55.0,0.85,,,0.002274,0.001933,0.0,0.001933
2026-06-01 06:42:00,3,Maize,Mid-season,Clay,21.85,75.75,253.68,2.1100000000000003,0.0,65.0,75.0,30.0,65.0,1.2,,,0.002274,0.002729,0.0,0.002729
2026-06-01 06:43:00,1,Tomato,Mid-season,Loam,21.89166666666667,75.625,256.8533333333333,2.115,0.0,55.0,70.0,25.0,60.0,1.15,,,0.002096,0.00241,0.0,0.00241
2026-06-01 06:43:00,2,Wheat,Development,Sandy,21.89166666666667,75.625,256.8533333333333,2.115,0.0,42.0,60.0,18.0,55.0,0.85,,,0.002096,0.001782,0.0,0.001782
2026-06-01 06:43:00,3,Maize,Mid-season,Clay,21.89166666666667,75.625,256.8533333333333,2.115,0.0,65.0,75.0,30.0,65.0,1.2,,,0.002096,0.002515,0.0,0.002515
2026-06-01 06:44:00,1,Tomato,Mid-season,Loam,21.933333333333334,75.5,260.02666666666664,2.12,0.0,55.0,70.0,25.0,60.0,1.15,,,0.002187,0.002515,0.0,0.002515
2026-06-01 06:44:00,2,Wheat,Development,Sandy,21.933333333333334,75.5,260.02666666666664,2.12,0.0,42.0,60.0,18.0,55.0,0.85,,,0.002187,0.001859,0.0,0.001859
2026-06-01 06:44:00,3,Maize,Mid-season,Clay,21.933333333333334,75.5,260.02666666666664,2.12,0.0,65.0,75.0,30.0,65.0,1.2,,,0.002187,0.002624,0.0,0.002624
2026-06-01 06:45:00,1,Tomato,Mid-season,Loam,21.975,75.375,263.20000000000005,2.125,0.0,55.0,70.0,25.0,60.0,1.15,,,0.002131,0.002451,0.0,0.002451
2026-06-01 06:45:00,2,Wheat,Development,Sandy,21.975,75.375,263.20000000000005,2.125,0.0,42.0,60.0,18.0,55.0,0.85,,,0.002131,0.001811,0.0,0.001811
2026-06-01 06:45:00,3,Maize,Mid-season,Clay,21.975,75.375,263.20000000000005,2.125,0.0,65.0,75.0,30.0,65.0,1.2,,,0.002131,0.002557,0.0,0.002557
2026-06-01 06:46:00,1,Tomato,Mid-season,Loam,22.01666666666667,75.25,266.37333333333333,2.13,0.0,55.0,70.0,25.0,60.0,1.15,,,0.002341,0.002692,0.0,0.002692
2026-06-01 06:46:00,2,Wheat,Development,Sandy,22.01666666666667,75.25,266.37333333333333,2.13,0.0,42.0,60.0,18.0,55.0,0.85,,,0.002341,0.00199,0.0,0.00199
2026-06-01 06:46:00,3,Maize,Mid-season,Clay,22.01666666666667,75.25,266.37333333333333,2.13,0.0,65.0,75.0,30.0,65.0,1.2,,,0.002341,0.002809,0.0,0.002809
2026-06-01 06:47:00,1,Tomato,Mid-season,Loam,22.058333333333334,75.125,269.5466666666667,2.135,0.0,55.0,70.0,25.0,60.0,1.15,,,0.002277,0.002619,0.0,0.002619
2026-06-01 06:47:00,2,Wheat,Development,Sandy,22.058333333333334,75.125,269.5466666666667,2.135,0.0,42.0,60.0,18.0,55.0,0.85,,,0.002277,0.001935,0.0,0.001935
2026-06-01 06:47:00,3,Maize,Mid-season,Clay,22.058333333333334,75.125,269.5466666666667,2.135,0.0,65.0,75.0,30.0,65.0,1.2,,,0.002277,0.002732,0.0,0.002732
2026-06-01 06:48:00,1,Tomato,Mid-season,Loam,22.1,75.0,272.72,2.14,0.0,55.0,70.0,25.0,60.0,1.15,,,0.002326,0.002675,0.0,0.002675
2026-06-01 06:48:00,2,Wheat,Development,Sandy,22.1,75.0,272.72,2.14,0.0,42.0,60.0,18.0,55.0,0.85,,,0.002326,0.001977,0.0,0.001977
2026-06-01 06:48:00,3,Maize,Mid-season,Clay,22.1,75.0,272.72,2.14,0.0,65.0,75.0,30.0,65.0,1.2,,,0.002326,0.002791,0.0,0.002791
2026-06-01 06:49:00,1,Tomato,Mid-season,Loam,22.14166666666667,74.875,275.8933333333333,2.145,0.0,55.0,70.0,25.0,60.0,1.15,,,0.00246,0.002829,0.0,0.002829
2026-06-01 06:49:00,2,Wheat,Development,Sandy,22.14166666666667,74.875,275.8933333333333,2.145,0.0,42.0,60.0,18.0,55.0,0.85,,,0.00246,0.002091,0.0,0.002091
2026-06-01 06:49:00,3,Maize,Mid-season,Clay,22.14166666666667,74.875,275.8933333333333,2.145,0.0,65.0,75.0,30.0,65.0,1.2,,,0.00246,0.002952,0.0,0.002952
2026-06-01 06:50:00,1,Tomato,Mid-season,Loam,22.183333333333334,74.75,279.06666666666666,2.1500000000000004,0.0,55.0,70.0,25.0,60.0,1.15,,,0.002381,0.002738,0.0,0.002738
2026-06-01 06:50:00,2,Wheat,Development,Sandy,22.183333333333334,74.75,279.06666666666666,2.1500000000000004,0.0,42.0,60.0,18.0,55.0,0.85,,,0.002381,0.002024,0.0,0.002024
2026-06-01 06:50:00,3,Maize,Mid-season,Clay,22.183333333333334,74.75,279.06666666666666,2.1500000000000004,0.0,65.0,75.0,30.0,65.0,1.2,,,0.002381,0.002857,0.0,0.002857
2026-06-01 06:51:00,1,Tomato,Mid-season,Loam,22.225,74.625,282.24,2.155,0.0,55.0,70.0,25.0,60.0,1.15,,,0.002456,0.002824,0.0,0.002824
2026-06-01 06:51:00,2,Wheat,Development,Sandy,22.225,74.625,282.24,2.155,0.0,42.0,60.0,18.0,55.0,0.85,,,0.002456,0.002088,0.0,0.002088
2026-06-01 06:51:00,3,Maize,Mid-season,Clay,22.225,74.625,282.24,2.155,0.0,65.0,75.0,30.0,65.0,1.2,,,0.002456,0.002947,0.0,0.002947
2026-06-01 06:52:00,1,Tomato,Mid-season,Loam,22.26666666666667,74.5,285.41333333333336,2.16,0.0,55.0,70.0,25.0,60.0,1.15,,,0.002488,0.002861,0.0,0.002861
2026-06-01 06:52:00,2,Wheat,Development,Sandy,22.26666666666667,74.5,285.41333333333336,2.16,0.0,42.0,60.0,18.0,55.0,0.85,,,0.002488,0.002115,0.0,0.002115
2026-06-01 06:52:00,3,Maize,Mid-season,Clay,22.26666666666667,74.5,285.41333333333336,2.16,0.0,65.0,75.0,30.0,65.0,1.2,,,0.002488,0.002986,0.0,0.002986
2026-06-01 06:53:00,1,Tomato,Mid-season,Loam,22.308333333333334,74.375,288.5866666666667,2.165,0.0,55.0,70.0,25.0,60.0,1.15,,,0.002624,0.003018,0.0,0.003018
2026-06-01 06:53:00,2,Wheat,Development,Sandy,22.308333333333334,74.375,288.5866666666667,2.165,0.0,42.0,60.0,18.0,55.0,0.85,,,0.002624,0.00223,0.0,0.00223
2026-06-01 06:53:00,3,Maize,Mid-season,Clay,22.308333333333334,74.375,288.5866666666667,2.165,0.0,65.0,75.0,30.0,65.0,1.2,,,0.002624,0.003149,0.0,0.003149
2026-06-01 06:54:00,1,Tomato,Mid-season,Loam,22.35,74.25,291.76,2.17,0.0,55.0,70.0,25.0,60.0,1.15,,,0.002629,0.003023,0.0,0.003023
2026-06-01 06:54:00,2,Wheat,Development,Sandy,22.35,74.25,291.76,2.17,0.0,42.0,60.0,18.0,55.0,0.85,,,0.002629,0.002235,0.0,0.002235
2026-06-01 06:54:00,3,Maize,Mid-season,Clay,22.35,74.25,291.76,2.17,0.0,65.0,75.0,30.0,65.0,1.2,,,0.002629,0.003155,0.0,0.003155
2026-06-01 06:55:00,1,Tomato,Mid-season,Loam,22.39166666666667,74.125,294.93333333333334,2.1750000000000003,0.0,55.0,70.0,25.0,60.0,1.15,,,0.002563,0.002947,0.0,0.002947
2026-06-01 06:55:00,2,Wheat,Development,Sandy,22.39166666666667,74.125,294.93333333333334,2.1750000000000003,0.0,42.0,60.0,18.0,55.0,0.85,,,0.002563,0.002179,0.0,0.002179
2026-06-01 06:55:00,3,Maize,Mid-season,Clay,22.39166666666667,74.125,294.93333333333334,2.1750000000000003,0.0,65.0,75.0,30.0,65.0,1.2,,,0.002563,0.003076,0.0,0.003076
2026-06-01 06:56:00,1,Tomato,Mid-season,Loam,22.433333333333334,74.0,298.1066666666667,2.18,0.0,55.0,70.0,25.0,60.0,1.15,,,0.002661,0.00306,0.0,0.00306
2026-06-01 06:56:00,2,Wheat,Development,Sandy,22.433333333333334,74.0,298.1066666666667,2.18,0.0,42.0,60.0,18.0,55.0,0.85,,,0.002661,0.002262,0.0,0.002262
2026-06-01 06:56:00,3,Maize,Mid-season,Clay,22.433333333333334,74.0,298.1066666666667,2.18,0.0,65.0,75.0,30.0,65.0,1.2,,,0.002661,0.003193,0.0,0.003193
2026-06-01 06:57:00,1,Tomato,Mid-season,Loam,22.475,73.875,301.28,2.185,0.0,55.0,70.0,25.0,60.0,1.15,,,0.0028,0.00322,0.0,0.00322
2026-06-01 06:57:00,2,Wheat,Development,Sandy,22.475,73.875,301.28,2.185,0.0,42.0,60.0,18.0,55.0,0.85,,,0.0028,0.00238,0.0,0.00238
2026-06-01 06:57:00,3,Maize,Mid-season,Clay,22.475,73.875,301.28,2.185,0.0,65.0,75.0,30.0,65.0,1.2,,,0.0028,0.00336,0.0,0.00336
2026-06-01 06:58:00,1,Tomato,Mid-season,Loam,22.51666666666667,73.75,304.4533333333334,2.1900000000000004,0.0,55.0,70.0,25.0,60.0,1.15,,,0.002755,0.003168,0.0,0.003168
2026-06-01 06:58:00,2,Wheat,Development,Sandy,22.51666666666667,73.75,304.4533333333334,2.1900000000000004,0.0,42.0,60.0,18.0,55.0,0.85,,,0.002755,0.002342,0.0,0.002342
2026-06-01 06:58:00,3,Maize,Mid-season,Clay,22.51666666666667,73.75,304.4533333333334,2.1900000000000004,0.0,65.0,75.0,30.0,65.0,1.2,,,0.002755,0.003306,0.0,0.003306
2026-06-01 06:59:00,1,Tomato,Mid-season,Loam,22.558333333333334,73.625,307.62666666666667,2.1950000000000003,0.0,55.0,70.0,25.0,60.0,1.15,,,0.002666,0.003066,0.0,0.003066
2026-06-01 06:59:00,2,Wheat,Development,Sandy,22.558333333333334,73.625,307.62666666666667,2.1950000000000003,0.0,42.0,60.0,18.0,55.0,0.85,,,0.002666,0.002266,0.0,0.002266
2026-06-01 06:59:00,3,Maize,Mid-season,Clay,22.558333333333334,73.625,307.62666666666667,2.1950000000000003,0.0,65.0,75.0,30.0,65.0,1.2,,,0.002666,0.003199,0.0,0.003199
2026-06-01 07:00:00,1,Tomato,Mid-season,Loam,22.6,73.5,310.8,2.2,0.0,55.0,70.0,25.0,60.0,1.15,,,0.00284,0.003266,0.0,0.003266
2026-06-01 07:00:00,2,Wheat,Development,Sandy,22.6,73.5,310.8,2.2,0.0,42.0,60.0,18.0,55.0,0.85,,,0.00284,0.002414,0.0,0.002414
2026-06-01 07:00:00,3,Maize,Mid-season,Clay,22.6,73.5,310.8,2.2,0.0,65.0,75.0,30.0,65.0,1.2,,,0.00284,0.003408,0.0,0.003408
2026-06-01 07:01:00,1,Tomato,Mid-season,Loam,22.64666666666667,73.36166666666666,314.28833333333336,2.205,0.0,55.0,70.0,25.0,60.0,1.15,,,0.002683,0.003085,0.0,0.003085
2026-06-01 07:01:00,2,Wheat,Development,Sandy,22.64666666666667,73.36166666666666,314.28833333333336,2.205,0.0,42.0,60.0,18.0,55.0,0.85,,,0.002683,0.002281,0.0,0.002281
2026-06-01 07:01:00,3,Maize,Mid-season,Clay,22.64666666666667,73.36166666666666,314.28833333333336,2.205,0.0,65.0,75.0,30.0,65.0,1.2,,,0.002683,0.00322,0.0,0.00322
2026-06-01 07:02:00,1,Tomato,Mid-season,Loam,22.69333333333333,73.22333333333333,317.7766666666667,2.21,0.0,55.0,70.0,25.0,60.0,1.15,,,0.002951,0.003394,0.0,0.003394
2026-06-01 07:02:00,2,Wheat,Development,Sandy,22.69333333333333,73.22333333333333,317.7766666666667,2.21,0.0,42.0,60.0,18.0,55.0,0.85,,,0.002951,0.002508,0.0,0.002508
2026-06-01 07:02:00,3,Maize,Mid-season,Clay,22.69333333333333,73.22333333333333,317.7766666666667,2.21,0.0,65.0,75.0,30.0,65.0,1.2,,,0.002951,0.003541,0.0,0.003541
2026-06-01 07:03:00,1,Tomato,Mid-season,Loam,22.74,73.085,321.265,2.2150000000000003,0.0,55.0,70.0,25.0,60.0,1.15,,,0.00293,0.003369,0.0,0.003369
2026-06-01 07:03:00,2,Wheat,Development,Sandy,22.74,73.085,321.265,2.2150000000000003,0.0,42.0,60.0,18.0,55.0,0.85,,,0.00293,0.00249,0.0,0.00249
2026-06-01 07:03:00,3,Maize,Mid-season,Clay,22.74,73.085,321.265,2.2150000000000003,0.0,65.0,75.0,30.0,65.0,1.2,,,0.00293,0.003516,0.0,0.003516
2026-06-01 07:04:00,1,Tomato,Mid-season,Loam,22.78666666666667,72.94666666666667,324.75333333333333,2.22,0.0,55.0,70.0,25.0,60.0,1.15,,,0.002886,0.003319,0.0,0.003319
2026-06-01 07:04:00,2,Wheat,Development,Sandy,22.78666666666667,72.94666666666667,324.75333333333333,2.22,0.0,42.0,60.0,18.0,55.0,0.85,,,0.002886,0.002453,0.0,0.002453
2026-06-01 07:04:00,3,Maize,Mid-season,Clay,22.78666666666667,72.94666666666667,324.75333333333333,2.22,0.0,65.0,75.0,30.0,65.0,1.2,,,0.002886,0.003463,0.0,0.003463
2026-06-01 07:05:00,1,Tomato,Mid-season,Loam,22.833333333333336,72.80833333333334,328.2416666666667,2.225,0.0,55.0,70.0,25.0,60.0,1.15,,,0.002951,0.003394,0.0,0.003394
2026-06-01 07:05:00,2,Wheat,Development,Sandy,22.833333333333336,72.80833333333334,328.2416666666667,2.225,0.0,42.0,60.0,18.0,55.0,0.85,,,0.002951,0.002508,0.0,0.002508
2026-06-01 07:05:00,3,Maize,Mid-season,Clay,22.833333333333336,72.80833333333334,328.2416666666667,2.225,0.0,65.0,75.0,30.0,65.0,1.2,,,0.002951,0.003541,0.0,0.003541
2026-06-01 07:06:00,1,Tomato,Mid-season,Loam,22.880000000000003,72.67,331.73,2.23,0.0,55.0,70.0,25.0,60.0,1.15,,,0.002975,0.003421,0.0,0.003421
2026-06-01 07:06:00,2,Wheat,Development,Sandy,22.880000000000003,72.67,331.73,2.23,0.0,42.0,60.0,18.0,55.0,0.85,,,0.002975,0.002529,0.0,0.002529
2026-06-01 07:06:00,3,Maize,Mid-season,Clay,22.880000000000003,72.67,331.73,2.23,0.0,65.0,75.0,30.0,65.0,1.2,,,0.002975,0.00357,0.0,0.00357
2026-06-01 07:07:00,1,Tomato,Mid-season,Loam,22.92666666666667,72.53166666666667,335.21833333333336,2.2350000000000003,0.0,55.0,70.0,25.0,60.0,1.15,,,0.003122,0.00359,0.0,0.00359
2026-06-01 07:07:00,2,Wheat,Development,Sandy,22.92666666666667,72.53166666666667,335.21833333333336,2.2350000000000003,0.0,42.0,60.0,18.0,55.0,0.85,,,0.003122,0.002654,0.0,0.002654
2026-06-01 07:07:00,3,Maize,Mid-season,Clay,22.92666666666667,72.53166666666667,335.21833333333336,2.2350000000000003,0.0,65.0,75.0,30.0,65.0,1.2,,,0.003122,0.003746,0.0,0.003746
2026-06-01 07:08:00,1,Tomato,Mid-season,Loam,22.973333333333333,72.39333333333333,338.7066666666667,2.24,0.0,55.0,70.0,25.0,60.0,1.15,,,0.00301,0.003461,0.0,0.003461
2026-06-01 07:08:00,2,Wheat,Development,Sandy,22.973333333333333,72.39333333333333,338.7066666666667,2.24,0.0,42.0,60.0,18.0,55.0,0.85,,,0.00301,0.002558,0.0,0.002558
2026-06-01 07:08:00,3,Maize,Mid-season,Clay,22.973333333333333,72.39333333333333,338.7066666666667,2.24,0.0,65.0,75.0,30.0,65.0,1.2,,,0.00301,0.003612,0.0,0.003612
2026-06-01 07:09:00,1,Tomato,Mid-season,Loam,23.02,72.255,342.195,2.245,0.0,55.0,70.0,25.0,60.0,1.15,,,0.003138,0.003609,0.0,0.003609
2026-06-01 07:09:00,2,Wheat,Development,Sandy,23.02,72.255,342.195,2.245,0.0,42.0,60.0,18.0,55.0,0.85,,,0.003138,0.002667,0.0,0.002667
2026-06-01 07:09:00,3,Maize,Mid-season,Clay,23.02,72.255,342.195,2.245,0.0,65.0,75.0,30.0,65.0,1.2,,,0.003138,0.003766,0.0,0.003766
2026-06-01 07:10:00,1,Tomato,Mid-season,Loam,23.066666666666663,72.11666666666666,345.68333333333334,2.25,0.0,55.0,70.0,25.0,60.0,1.15,,,0.003174,0.00365,0.0,0.00365
2026-06-01 07:10:00,2,Wheat,Development,Sandy,23.066666666666663,72.11666666666666,345.68333333333334,2.25,0.0,42.0,60.0,18.0,55.0,0.85,,,0.003174,0.002698,0.0,0.002698
2026-06-01 07:10:00,3,Maize,Mid-season,Clay,23.066666666666663,72.11666666666666,345.68333333333334,2.25,0.0,65.0,75.0,30.0,65.0,1.2,,,0.003174,0.003809,0.0,0.003809
2026-06-01 07:11:00,1,Tomato,Mid-season,Loam,23.113333333333333,71.97833333333334,349.1716666666667,2.2550000000000003,0.0,55.0,70.0,25.0,60.0,1.15,,,0.0031,0.003565,0.0,0.003565
2026-06-01 07:11:00,2,Wheat,Development,Sandy,23.113333333333333,71.97833333333334,349.1716666666667,2.2550000000000003,0.0,42.0,60.0,18.0,55.0,0.85,,,0.0031,0.002635,0.0,0.002635
2026-06-01 07:11:00,3,Maize,Mid-season,Clay,23.113333333333333,71.97833333333334,349.1716666666667,2.2550000000000003,0.0,65.0,75.0,30.0,65.0,1.2,,,0.0031,0.00372,0.0,0.00372
2026-06-01 07:12:00,1,Tomato,Mid-season,Loam,23.16,71.84,352.66,2.26,0.0,55.0,70.0,25.0,60.0,1.15,,,0.003122,0.00359,0.0,0.00359
2026-06-01 07:12:00,2,Wheat,Development,Sandy,23.16,71.84,352.66,2.26,0.0,42.0,60.0,18.0,55.0,0.85,,,0.003122,0.002654,0.0,0.002654
2026-06-01 07:12:00,3,Maize,Mid-season,Clay,23.16,71.84,352.66,2.26,0.0,65.0,75.0,30.0,65.0,1.2,,,0.003122,0.003746,0.0,0.003746
2026-06-01 07:13:00,1,Tomato,Mid-season,Loam,23.206666666666667,71.70166666666667,356.14833333333337,2.265,0.0,55.0,70.0,25.0,60.0,1.15,,,0.003074,0.003535,0.0,0.003535
2026-06-01 07:13:00,2,Wheat,Development,Sandy,23.206666666666667,71.70166666666667,356.14833333333337,2.265,0.0,42.0,60.0,18.0,55.0,0.85,,,0.003074,0.002613,0.0,0.002613
2026-06-01 07:13:00,3,Maize,Mid-season,Clay,23.206666666666667,71.70166666666667,356.14833333333337,2.265,0.0,65.0,75.0,30.0,65.0,1.2,,,0.003074,0.003689,0.0,0.003689
2026-06-01 07:14:00,1,Tomato,Mid-season,Loam,23.25333333333333,71.56333333333333,359.63666666666666,2.27,0.0,55.0,70.0,25.0,60.0,1.15,,,0.003141,0.003612,0.0,0.003612
2026-06-01 07:14:00,2,Wheat,Development,Sandy,23.25333333333333,71.56333333333333,359.63666666666666,2.27,0.0,42.0,60.0,18.0,55.0,0.85,,,0.003141,0.00267,0.0,0.00267
2026-06-01 07:14:00,3,Maize,Mid-season,Clay,23.25333333333333,71.56333333333333,359.63666666666666,2.27,0.0,65.0,75.0,30.0,65.0,1.2,,,0.003141,0.003769,0.0,0.003769
2026-06-01 07:15:00,1,Tomato,Mid-season,Loam,23.3,71.425,363.125,2.2750000000000004,0.0,55.0,70.0,25.0,60.0,1.15,,,0.003086,0.003549,0.0,0.003549
2026-06-01 07:15:00,2,Wheat,Development,Sandy,23.3,71.425,363.125,2.2750000000000004,0.0,42.0,60.0,18.0,55.0,0.85,,,0.003086,0.002623,0.0,0.002623
2026-06-01 07:15:00,3,Maize,Mid-season,Clay,23.3,71.425,363.125,2.2750000000000004,0.0,65.0,75.0,30.0,65.0,1.2,,,0.003086,0.003703,0.0,0.003703
2026-06-01 07:16:00,1,Tomato,Mid-season,Loam,23.346666666666668,71.28666666666666,366.6133333333333,2.28,0.0,55.0,70.0,25.0,60.0,1.15,,,0.003378,0.003885,0.0,0.003885
2026-06-01 07:16:00,2,Wheat,Development,Sandy,23.346666666666668,71.28666666666666,366.6133333333333,2.28,0.0,42.0,60.0,18.0,55.0,0.85,,,0.003378,0.002871,0.0,0.002871
2026-06-01 07:16:00,3,Maize,Mid-season,Clay,23.346666666666668,71.28666666666666,366.6133333333333,2.28,0.0,65.0,75.0,30.0,65.0,1.2,,,0.003378,0.004054,0.0,0.004054
2026-06-01 07:17:00,1,Tomato,Mid-season,Loam,23.39333333333333,71.14833333333334,370.1016666666667,2.285,0.0,55.0,70.0,25.0,60.0,1.15,,,0.003503,0.004028,0.0,0.004028
2026-06-01 07:17:00,2,Wheat,Development,Sandy,23.39333333333333,71.14833333333334,370.1016666666667,2.285,0.0,42.0,60.0,18.0,55.0,0.85,,,0.003503,0.002978,0.0,0.002978
2026-06-01 07:17:00,3,Maize,Mid-season,Clay,23.39333333333333,71.14833333333334,370.1016666666667,2.285,0.0,65.0,75.0,30.0,65.0,1.2,,,0.003503,0.004204,0.0,0.004204
2026-06-01 07:18:00,1,Tomato,Mid-season,Loam,23.44,71.01,373.59,2.29,0.0,55.0,70.0,25.0,60.0,1.15,,,0.003512,0.004039,0.0,0.004039
2026-06-01 07:18:00,2,Wheat,Development,Sandy,23.44,71.01,373.59,2.29,0.0,42.0,60.0,18.0,55.0,0.85,,,0.003512,0.002985,0.0,0.002985
2026-06-01 07:18:00,3,Maize,Mid-season,Clay,23.44,71.01,373.59,2.29,0.0,65.0,75.0,30.0,65.0,1.2,,,0.003512,0.004214,0.0,0.004214
2026-06-01 07:19:00,1,Tomato,Mid-season,Loam,23.486666666666668,70.87166666666667,377.0783333333334,2.295,0.0,55.0,70.0,25.0,60.0,1.15,,,0.003258,0.003747,0.0,0.003747
2026-06-01 07:19:00,2,Wheat,Development,Sandy,23.486666666666668,70.87166666666667,377.0783333333334,2.295,0.0,42.0,60.0,18.0,55.0,0.85,,,0.003258,0.002769,0.0,0.002769
2026-06-01 07:19:00,3,Maize,Mid-season,Clay,23.486666666666668,70.87166666666667,377.0783333333334,2.295,0.0,65.0,75.0,30.0,65.0,1.2,,,0.003258,0.00391,0.0,0.00391
2026-06-01 07:20:00,1,Tomato,Mid-season,Loam,23.53333333333333,70.73333333333333,380.5666666666667,2.3000000000000003,0.0,55.0,70.0,25.0,60.0,1.15,,,0.003542,0.004073,0.0,0.004073
2026-06-01 07:20:00,2,Wheat,Development,Sandy,23.53333333333333,70.73333333333333,380.5666666666667,2.3000000000000003,0.0,42.0,60.0,18.0,55.0,0.85,,,0.003542,0.003011,0.0,0.003011
2026-06-01 07:20:00,3,Maize,Mid-season,Clay,23.53333333333333,70.73333333333333,380.5666666666667,2.3000000000000003,0.0,65.0,75.0,30.0,65.0,1.2,,,0.003542,0.00425,0.0,0.00425
2026-06-01 07:21:00,1,Tomato,Mid-season,Loam,23.58,70.595,384.055,2.305,0.0,55.0,70.0,25.0,60.0,1.15,,,0.003606,0.004147,0.0,0.004147
2026-06-01 07:21:00,2,Wheat,Development,Sandy,23.58,70.595,384.055,2.305,0.0,42.0,60.0,18.0,55.0,0.85,,,0.003606,0.003065,0.0,0.003065
2026-06-01 07:21:00,3,Maize,Mid-season,Clay,23.58,70.595,384.055,2.305,0.0,65.0,75.0,30.0,65.0,1.2,,,0.003606,0.004327,0.0,0.004327
2026-06-01 07:22:00,1,Tomato,Mid-season,Loam,23.62666666666667,70.45666666666666,387.54333333333335,2.31,0.0,55.0,70.0,25.0,60.0,1.15,,,0.003473,0.003994,0.0,0.003994
2026-06-01 07:22:00,2,Wheat,Development,Sandy,23.62666666666667,70.45666666666666,387.54333333333335,2.31,0.0,42.0,60.0,18.0,55.0,0.85,,,0.003473,0.002952,0.0,0.002952
2026-06-01 07:22:00,3,Maize,Mid-season,Clay,23.62666666666667,70.45666666666666,387.54333333333335,2.31,0.0,65.0,75.0,30.0,65.0,1.2,,,0.003473,0.004168,0.0,0.004168
2026-06-01 07:23:00,1,Tomato,Mid-season,Loam,23.67333333333333,70.31833333333333,391.0316666666667,2.315,0.0,55.0,70.0,25.0,60.0,1.15,,,0.003564,0.004099,0.0,0.004099
2026-06-01 07:23:00,2,Wheat,Development,Sandy,23.67333333333333,70.31833333333333,391.0316666666667,2.315,0.0,42.0,60.0,18.0,55.0,0.85,,,0.003564,0.003029,0.0,0.003029
2026-06-01 07:23:00,3,Maize,Mid-season,Clay,23.67333333333333,70.31833333333333,391.0316666666667,2.315,0.0,65.0,75.0,30.0,65.0,1.2,,,0.003564,0.004277,0.0,0.004277
2026-06-01 07:24:00,1,Tomato,Mid-season,Loam,23.72,70.18,394.52,2.3200000000000003,0.0,55.0,70.0,25.0,60.0,1.15,,,0.003337,0.003838,0.0,0.003838
2026-06-01 07:24:00,2,Wheat,Development,Sandy,23.72,70.18,394.52,2.3200000000000003,0.0,42.0,60.0,18.0,55.0,0.85,,,0.003337,0.002836,0.0,0.002836
2026-06-01 07:24:00,3,Maize,Mid-season,Clay,23.72,70.18,394.52,2.3200000000000003,0.0,65.0,75.0,30.0,65.0,1.2,,,0.003337,0.004004,0.0,0.004004
2026-06-01 07:25:00,1,Tomato,Mid-season,Loam,23.766666666666666,70.04166666666667,398.0083333333333,2.325,0.0,55.0,70.0,25.0,60.0,1.15,,,0.003597,0.004137,0.0,0.004137
2026-06-01 07:25:00,2,Wheat,Development,Sandy,23.766666666666666,70.04166666666667,398.0083333333333,2.325,0.0,42.0,60.0,18.0,55.0,0.85,,,0.003597,0.003057,0.0,0.003057
2026-06-01 07:25:00,3,Maize,Mid-season,Clay,23.766666666666666,70.04166666666667,398.0083333333333,2.325,0.0,65.0,75.0,30.0,65.0,1.2,,,0.003597,0.004316,0.0,0.004316
2026-06-01 07:26:00,1,Tomato,Mid-season,Loam,23.813333333333333,69.90333333333334,401.4966666666666,2.33,0.0,55.0,70.0,25.0,60.0,1.15,,,0.003566,0.004101,0.0,0.004101
2026-06-01 07:26:00,2,Wheat,Development,Sandy,23.813333333333333,69.90333333333334,401.4966666666666,2.33,0.0,42.0,60.0,18.0,55.0,0.85,,,0.003566,0.003031,0.0,0.003031
2026-06-01 07:26:00,3,Maize,Mid-season,Clay,23.813333333333333,69.90333333333334,401.4966666666666,2.33,0.0,65.0,75.0,30.0,65.0,1.2,,,0.003566,0.004279,0.0,0.004279
2026-06-01 07:27:00,1,Tomato,Mid-season,Loam,23.86,69.765,404.985,2.335,0.0,55.0,70.0,25.0,60.0,1.15,,,0.00368,0.004232,0.0,0.004232
2026-06-01 07:27:00,2,Wheat,Development,Sandy,23.86,69.765,404.985,2.335,0.0,42.0,60.0,18.0,55.0,0.85,,,0.00368,0.003128,0.0,0.003128
2026-06-01 07:27:00,3,Maize,Mid-season,Clay,23.86,69.765,404.985,2.335,0.0,65.0,75.0,30.0,65.0,1.2,,,0.00368,0.004416,0.0,0.004416
2026-06-01 07:28:00,1,Tomato,Mid-season,Loam,23.906666666666663,69.62666666666667,408.47333333333336,2.34,0.0,55.0,70.0,25.0,60.0,1.15,,,0.003598,0.004138,0.0,0.004138
2026-06-01 07:28:00,2,Wheat,Development,Sandy,23.906666666666663,69.62666666666667,408.47333333333336,2.34,0.0,42.0,60.0,18.0,55.0,0.85,,,0.003598,0.003058,0.0,0.003058
2026-06-01 07:28:00,3,Maize,Mid-season,Clay,23.906666666666663,69.62666666666667,408.47333333333336,2.34,0.0,65.0,75.0,30.0,65.0,1.2,,,0.003598,0.004318,0.0,0.004318
2026-06-01 07:29:00,1,Tomato,Mid-season,Loam,23.953333333333333,69.48833333333333,411.9616666666667,2.345,0.0,55.0,70.0,25.0,60.0,1.15,,,0.0038,0.00437,0.0,0.00437
2026-06-01 07:29:00,2,Wheat,Development,Sandy,23.953333333333333,69.48833333333333,411.9616666666667,2.345,0.0,42.0,60.0,18.0,55.0,0.85,,,0.0038,0.00323,0.0,0.00323
2026-06-01 07:29:00,3,Maize,Mid-season,Clay,23.953333333333333,69.48833333333333,411.9616666666667,2.345,0.0,65.0,75.0,30.0,65.0,1.2,,,0.0038,0.00456,0.0,0.00456
2026-06-01 07:30:00,1,Tomato,Mid-season,Loam,24.0,69.35,415.4500000000001,2.35,0.0,55.0,70.0,25.0,60.0,1.15,,,0.00389,0.004473,0.0,0.004473
2026-06-01 07:30:00,2,Wheat,Development,Sandy,24.0,69.35,415.4500000000001,2.35,0.0,42.0,60.0,18.0,55.0,0.85,,,0.00389,0.003306,0.0,0.003306
2026-06-01 07:30:00,3,Maize,Mid-season,Clay,24.0,69.35,415.4500000000001,2.35,0.0,65.0,75.0,30.0,65.0,1.2,,,0.00389,0.004668,0.0,0.004668
2026-06-01 07:31:00,1,Tomato,Mid-season,Loam,24.046666666666667,69.21166666666667,418.9383333333334,2.355,0.0,55.0,70.0,25.0,60.0,1.15,,,0.003775,0.004341,0.0,0.004341
2026-06-01 07:31:00,2,Wheat,Development,Sandy,24.046666666666667,69.21166666666667,418.9383333333334,2.355,0.0,42.0,60.0,18.0,55.0,0.85,,,0.003775,0.003209,0.0,0.003209
2026-06-01 07:31:00,3,Maize,Mid-season,Clay,24.046666666666667,69.21166666666667,418.9383333333334,2.355,0.0,65.0,75.0,30.0,65.0,1.2,,,0.003775,0.00453,0.0,0.00453
2026-06-01 07:32:00,1,Tomato,Mid-season,Loam,24.093333333333334,69.07333333333334,422.4266666666667,2.36,0.0,55.0,70.0,25.0,60.0,1.15,,,0.003802,0.004372,0.0,0.004372
2026-06-01 07:32:00,2,Wheat,Development,Sandy,24.093333333333334,69.07333333333334,422.4266666666667,2.36,0.0,42.0,60.0,18.0,55.0,0.85,,,0.003802,0.003232,0.0,0.003232
2026-06-01 07:32:00,3,Maize,Mid-season,Clay,24.093333333333334,69.07333333333334,422.4266666666667,2.36,0.0,65.0,75.0,30.0,65.0,1.2,,,0.003802,0.004562,0.0,0.004562
2026-06-01 07:33:00,1,Tomato,Mid-season,Loam,24.14,68.935,425.915,2.365,0.0,55.0,70.0,25.0,60.0,1.15,,,0.003689,0.004242,0.0,0.004242
2026-06-01 07:33:00,2,Wheat,Development,Sandy,24.14,68.935,425.915,2.365,0.0,42.0,60.0,18.0,55.0,0.85,,,0.003689,0.003136,0.0,0.003136
2026-06-01 07:33:00,3,Maize,Mid-season,Clay,24.14,68.935,425.915,2.365,0.0,65.0,75.0,30.0,65.0,1.2,,,0.003689,0.004427,0.0,0.004427
2026-06-01 07:34:00,1,Tomato,Mid-season,Loam,24.186666666666667,68.79666666666667,429.40333333333336,2.37,0.0,55.0,70.0,25.0,60.0,1.15,,,0.00389,0.004473,0.0,0.004473
2026-06-01 07:34:00,2,Wheat,Development,Sandy,24.186666666666667,68.79666666666667,429.40333333333336,2.37,0.0,42.0,60.0,18.0,55.0,0.85,,,0.00389,0.003306,0.0,0.003306
2026-06-01 07:34:00,3,Maize,Mid-season,Clay,24.186666666666667,68.79666666666667,429.40333333333336,2.37,0.0,65.0,75.0,30.0,65.0,1.2,,,0.00389,0.004668,0.0,0.004668
2026-06-01 07:35:00,1,Tomato,Mid-season,Loam,24.23333333333333,68.65833333333333,432.8916666666667,2.375,0.0,55.0,70.0,25.0,60.0,1.15,,,0.003878,0.00446,0.0,0.00446
2026-06-01 07:35:00,2,Wheat,Development,Sandy,24.23333333333333,68.65833333333333,432.8916666666667,2.375,0.0,42.0,60.0,18.0,55.0,0.85,,,0.003878,0.003296,0.0,0.003296
2026-06-01 07:35:00,3,Maize,Mid-season,Clay,24.23333333333333,68.65833333333333,432.8916666666667,2.375,0.0,65.0,75.0,30.0,65.0,1.2,,,0.003878,0.004654,0.0,0.004654
2026-06-01 07:36:00,1,Tomato,Mid-season,Loam,24.28,68.52,436.38,2.38,0.0,55.0,70.0,25.0,60.0,1.15,,,0.003842,0.004418,0.0,0.004418
2026-06-01 07:36:00,2,Wheat,Development,Sandy,24.28,68.52,436.38,2.38,0.0,42.0,60.0,18.0,55.0,0.85,,,0.003842,0.003266,0.0,0.003266
2026-06-01 07:36:00,3,Maize,Mid-season,Clay,24.28,68.52,436.38,2.38,0.0,65.0,75.0,30.0,65.0,1.2,,,0.003842,0.00461,0.0,0.00461
2026-06-01 07:37:00,1,Tomato,Mid-season,Loam,24.326666666666668,68.38166666666666,439.8683333333333,2.385,0.0,55.0,70.0,25.0,60.0,1.15,,,0.004063,0.004672,0.0,0.004672
2026-06-01 07:37:00,2,Wheat,Development,Sandy,24.326666666666668,68.38166666666666,439.8683333333333,2.385,0.0,42.0,60.0,18.0,55.0,0.85,,,0.004063,0.003454,0.0,0.003454
2026-06-01 07:37:00,3,Maize,Mid-season,Clay,24.326666666666668,68.38166666666666,439.8683333333333,2.385,0.0,65.0,75.0,30.0,65.0,1.2,,,0.004063,0.004876,0.0,0.004876
2026-06-01 07:38:00,1,Tomato,Mid-season,Loam,24.37333333333333,68.24333333333334,443.3566666666667,2.39,0.0,55.0,70.0,25.0,60.0,1.15,,,0.00402,0.004623,0.0,0.004623
2026-06-01 07:38:00,2,Wheat,Development,Sandy,24.37333333333333,68.24333333333334,443.3566666666667,2.39,0.0,42.0,60.0,18.0,55.0,0.85,,,0.00402,0.003417,0.0,0.003417
2026-06-01 07:38:00,3,Maize,Mid-season,Clay,24.37333333333333,68.24333333333334,443.3566666666667,2.39,0.0,65.0,75.0,30.0,65.0,1.2,,,0.00402,0.004824,0.0,0.004824
2026-06-01 07:39:00,1,Tomato,Mid-season,Loam,24.42,68.105,446.845,2.395,0.0,55.0,70.0,25.0,60.0,1.15,,,0.003974,0.00457,0.0,0.00457
2026-06-01 07:39:00,2,Wheat,Development,Sandy,24.42,68.105,446.845,2.395,0.0,42.0,60.0,18.0,55.0,0.85,,,0.003974,0.003378,0.0,0.003378
2026-06-01 07:39:00,3,Maize,Mid-season,Clay,24.42,68.105,446.845,2.395,0.0,65.0,75.0,30.0,65.0,1.2,,,0.003974,0.004769,0.0,0.004769
2026-06-01 07:40:00,1,Tomato,Mid-season,Loam,24.466666666666665,67.96666666666667,450.33333333333337,2.4,0.0,55.0,70.0,25.0,60.0,1.15,,,0.004066,0.004676,0.0,0.004676
2026-06-01 07:40:00,2,Wheat,Development,Sandy,24.466666666666665,67.96666666666667,450.33333333333337,2.4,0.0,42.0,60.0,18.0,55.0,0.85,,,0.004066,0.003456,0.0,0.003456
2026-06-01 07:40:00,3,Maize,Mid-season,Clay,24.466666666666665,67.96666666666667,450.33333333333337,2.4,0.0,65.0,75.0,30.0,65.0,1.2,,,0.004066,0.004879,0.0,0.004879
2026-06-01 07:41:00,1,Tomato,Mid-season,Loam,24.51333333333333,67.82833333333333,453.8216666666667,2.405,0.0,55.0,70.0,25.0,60.0,1.15,,,0.004215,0.004847,0.0,0.004847
2026-06-01 07:41:00,2,Wheat,Development,Sandy,24.51333333333333,67.82833333333333,453.8216666666667,2.405,0.0,42.0,60.0,18.0,55.0,0.85,,,0.004215,0.003583,0.0,0.003583
2026-06-01 07:41:00,3,Maize,Mid-season,Clay,24.51333333333333,67.82833333333333,453.8216666666667,2.405,0.0,65.0,75.0,30.0,65.0,1.2,,,0.004215,0.005058,0.0,0.005058
2026-06-01 07:42:00,1,Tomato,Mid-season,Loam,24.56,67.69,457.31000000000006,2.41,0.0,55.0,70.0,25.0,60.0,1.15,,,0.004203,0.004833,0.0,0.004833
2026-06-01 07:42:00,2,Wheat,Development,Sandy,24.56,67.69,457.31000000000006,2.41,0.0,42.0,60.0,18.0,55.0,0.85,,,0.004203,0.003573,0.0,0.003573
2026-06-01 07:42:00,3,Maize,Mid-season,Clay,24.56,67.69,457.31000000000006,2.41,0.0,65.0,75.0,30.0,65.0,1.2,,,0.004203,0.005044,0.0,0.005044
2026-06-01 07:43:00,1,Tomato,Mid-season,Loam,24.606666666666666,67.55166666666666,460.79833333333335,2.415,0.0,55.0,70.0,25.0,60.0,1.15,,,0.004119,0.004737,0.0,0.004737
2026-06-01 07:43:00,2,Wheat,Development,Sandy,24.606666666666666,67.55166666666666,460.79833333333335,2.415,0.0,42.0,60.0,18.0,55.0,0.85,,,0.004119,0.003501,0.0,0.003501
2026-06-01 07:43:00,3,Maize,Mid-season,Clay,24.606666666666666,67.55166666666666,460.79833333333335,2.415,0.0,65.0,75.0,30.0,65.0,1.2,,,0.004119,0.004943,0.0,0.004943
2026-06-01 07:44:00,1,Tomato,Mid-season,Loam,24.65333333333333,67.41333333333334,464.2866666666667,2.42,0.0,55.0,70.0,25.0,60.0,1.15,,,0.00431,0.004956,0.0,0.004956
2026-06-01 07:44:00,2,Wheat,Development,Sandy,24.65333333333333,67.41333333333334,464.2866666666667,2.42,0.0,42.0,60.0,18.0,55.0,0.85,,,0.00431,0.003663,0.0,0.003663
2026-06-01 07:44:00,3,Maize,Mid-season,Clay,24.65333333333333,67.41333333333334,464.2866666666667,2.42,0.0,65.0,75.0,30.0,65.0,1.2,,,0.00431,0.005172,0.0,0.005172
2026-06-01 07:45:00,1,Tomato,Mid-season,Loam,24.7,67.275,467.775,2.425,0.0,55.0,70.0,25.0,60.0,1.15,,,0.004151,0.004774,0.0,0.004774
2026-06-01 07:45:00,2,Wheat,Development,Sandy,24.7,67.275,467.775,2.425,0.0,42.0,60.0,18.0,55.0,0.85,,,0.004151,0.003528,0.0,0.003528
2026-06-01 07:45:00,3,Maize,Mid-season,Clay,24.7,67.275,467.775,2.425,0.0,65.0,75.0,30.0,65.0,1.2,,,0.004151,0.004981,0.0,0.004981
2026-06-01 07:46:00,1,Tomato,Mid-season,Loam,24.746666666666663,67.13666666666667,471.2633333333333,2.43,0.0,55.0,70.0,25.0,60.0,1.15,,,0.00433,0.00498,0.0,0.00498
2026-06-01 07:46:00,2,Wheat,Development,Sandy,24.746666666666663,67.13666666666667,471.2633333333333,2.43,0.0,42.0,60.0,18.0,55.0,0.85,,,0.00433,0.00368,0.0,0.00368
2026-06-01 07:46:00,3,Maize,Mid-season,Clay,24.746666666666663,67.13666666666667,471.2633333333333,2.43,0.0,65.0,75.0,30.0,65.0,1.2,,,0.00433,0.005196,0.0,0.005196
2026-06-01 07:47:00,1,Tomato,Mid-season,Loam,24.793333333333333,66.99833333333333,474.75166666666667,2.435,0.0,55.0,70.0,25.0,60.0,1.15,,,0.004415,0.005077,0.0,0.005077
2026-06-01 07:47:00,2,Wheat,Development,Sandy,24.793333333333333,66.99833333333333,474.75166666666667,2.435,0.0,42.0,60.0,18.0,55.0,0.85,,,0.004415,0.003753,0.0,0.003753
2026-06-01 07:47:00,3,Maize,Mid-season,Clay,24.793333333333333,66.99833333333333,474.75166666666667,2.435,0.0,65.0,75.0,30.0,65.0,1.2,,,0.004415,0.005298,0.0,0.005298
2026-06-01 07:48:00,1,Tomato,Mid-season,Loam,24.84,66.86,478.24,2.44,0.0,55.0,70.0,25.0,60.0,1.15,,,0.004305,0.004951,0.0,0.004951
2026-06-01 07:48:00,2,Wheat,Development,Sandy,24.84,66.86,478.24,2.44,0.0,42.0,60.0,18.0,55.0,0.85,,,0.004305,0.003659,0.0,0.003659
2026-06-01 07:48:00,3,Maize,Mid-season,Clay,24.84,66.86,478.24,2.44,0.0,65.0,75.0,30.0,65.0,1.2,,,0.004305,0.005166,0.0,0.005166
2026-06-01 07:49:00,1,Tomato,Mid-season,Loam,24.886666666666667,66.72166666666666,481.72833333333335,2.445,0.0,55.0,70.0,25.0,60.0,1.15,,,0.00444,0.005106,0.0,0.005106
2026-06-01 07:49:00,2,Wheat,Development,Sandy,24.886666666666667,66.72166666666666,481.72833333333335,2.445,0.0,42.0,60.0,18.0,55.0,0.85,,,0.00444,0.003774,0.0,0.003774
2026-06-01 07:49:00,3,Maize,Mid-season,Clay,24.886666666666667,66.72166666666666,481.72833333333335,2.445,0.0,65.0,75.0,30.0,65.0,1.2,,,0.00444,0.005328,0.0,0.005328
2026-06-01 07:50:00,1,Tomato,Mid-season,Loam,24.933333333333334,66.58333333333333,485.2166666666667,2.45,0.0,55.0,70.0,25.0,60.0,1.15,,,0.004383,0.00504,0.0,0.00504
2026-06-01 07:50:00,2,Wheat,Development,Sandy,24.933333333333334,66.58333333333333,485.2166666666667,2.45,0.0,42.0,60.0,18.0,55.0,0.85,,,0.004383,0.003726,0.0,0.003726
2026-06-01 07:50:00,3,Maize,Mid-season,Clay,24.933333333333334,66.58333333333333,485.2166666666667,2.45,0.0,65.0,75.0,30.0,65.0,1.2,,,0.004383,0.00526,0.0,0.00526
2026-06-01 07:51:00,1,Tomato,Mid-season,Loam,24.98,66.44500000000001,488.705,2.455,0.0,55.0,70.0,25.0,60.0,1.15,,,0.004598,0.005288,0.0,0.005288
2026-06-01 07:51:00,2,Wheat,Development,Sandy,24.98,66.44500000000001,488.705,2.455,0.0,42.0,60.0,18.0,55.0,0.85,,,0.004598,0.003908,0.0,0.003908
2026-06-01 07:51:00,3,Maize,Mid-season,Clay,24.98,66.44500000000001,488.705,2.455,0.0,65.0,75.0,30.0,65.0,1.2,,,0.004598,0.005518,0.0,0.005518
2026-06-01 07:52:00,1,Tomato,Mid-season,Loam,25.026666666666667,66.30666666666667,492.1933333333334,2.46,0.0,55.0,70.0,25.0,60.0,1.15,,,0.004542,0.005223,0.0,0.005223
2026-06-01 07:52:00,2,Wheat,Development,Sandy,25.026666666666667,66.30666666666667,492.1933333333334,2.46,0.0,42.0,60.0,18.0,55.0,0.85,,,0.004542,0.003861,0.0,0.003861
2026-06-01 07:52:00,3,Maize,Mid-season,Clay,25.026666666666667,66.30666666666667,492.1933333333334,2.46,0.0,65.0,75.0,30.0,65.0,1.2,,,0.004542,0.00545,0.0,0.00545
2026-06-01 07:53:00,1,Tomato,Mid-season,Loam,25.07333333333333,66.16833333333334,495.68166666666673,2.465,0.0,55.0,70.0,25.0,60.0,1.15,,,0.004176,0.004802,0.0,0.004802
2026-06-01 07:53:00,2,Wheat,Development,Sandy,25.07333333333333,66.16833333333334,495.68166666666673,2.465,0.0,42.0,60.0,18.0,55.0,0.85,,,0.004176,0.00355,0.0,0.00355
2026-06-01 07:53:00,3,Maize,Mid-season,Clay,25.07333333333333,66.16833333333334,495.68166666666673,2.465,0.0,65.0,75.0,30.0,65.0,1.2,,,0.004176,0.005011,0.0,0.005011
2026-06-01 07:54:00,1,Tomato,Mid-season,Loam,25.12,66.03,499.17,2.47,0.0,55.0,70.0,25.0,60.0,1.15,,,0.00473,0.005439,0.0,0.005439
2026-06-01 07:54:00,2,Wheat,Development,Sandy,25.12,66.03,499.17,2.47,0.0,42.0,60.0,18.0,55.0,0.85,,,0.00473,0.00402,0.0,0.00402
2026-06-01 07:54:00,3,Maize,Mid-season,Clay,25.12,66.03,499.17,2.47,0.0,65.0,75.0,30.0,65.0,1.2,,,0.00473,0.005676,0.0,0.005676
2026-06-01 07:55:00,1,Tomato,Mid-season,Loam,25.166666666666664,65.89166666666667,502.65833333333336,2.475,0.0,55.0,70.0,25.0,60.0,1.15,,,0.004243,0.004879,0.0,0.004879
2026-06-01 07:55:00,2,Wheat,Development,Sandy,25.166666666666664,65.89166666666667,502.65833333333336,2.475,0.0,42.0,60.0,18.0,55.0,0.85,,,0.004243,0.003607,0.0,0.003607
2026-06-01 07:55:00,3,Maize,Mid-season,Clay,25.166666666666664,65.89166666666667,502.65833333333336,2.475,0.0,65.0,75.0,30.0,65.0,1.2,,,0.004243,0.005092,0.0,0.005092
2026-06-01 07:56:00,1,Tomato,Mid-season,Loam,25.21333333333333,65.75333333333333,506.1466666666667,2.48,0.0,55.0,70.0,25.0,60.0,1.15,,,0.004592,0.005281,0.0,0.005281
2026-06-01 07:56:00,2,Wheat,Development,Sandy,25.21333333333333,65.75333333333333,506.1466666666667,2.48,0.0,42.0,60.0,18.0,55.0,0.85,,,0.004592,0.003903,0.0,0.003903
2026-06-01 07:56:00,3,Maize,Mid-season,Clay,25.21333333333333,65.75333333333333,506.1466666666667,2.48,0.0,65.0,75.0,30.0,65.0,1.2,,,0.004592,0.00551,0.0,0.00551
2026-06-01 07:57:00,1,Tomato,Mid-season,Loam,25.26,65.61500000000001,509.635,2.485,0.0,55.0,70.0,25.0,60.0,1.15,,,0.004763,0.005477,0.0,0.005477
2026-06-01 07:57:00,2,Wheat,Development,Sandy,25.26,65.61500000000001,509.635,2.485,0.0,42.0,60.0,18.0,55.0,0.85,,,0.004763,0.004049,0.0,0.004049
2026-06-01 07:57:00,3,Maize,Mid-season,Clay,25.26,65.61500000000001,509.635,2.485,0.0,65.0,75.0,30.0,65.0,1.2,,,0.004763,0.005716,0.0,0.005716
2026-06-01 07:58:00,1,Tomato,Mid-season,Loam,25.306666666666665,65.47666666666667,513.1233333333333,2.49,0.0,55.0,70.0,25.0,60.0,1.15,,,0.004687,0.00539,0.0,0.00539
2026-06-01 07:58:00,2,Wheat,Development,Sandy,25.306666666666665,65.47666666666667,513.1233333333333,2.49,0.0,42.0,60.0,18.0,55.0,0.85,,,0.004687,0.003984,0.0,0.003984
2026-06-01 07:58:00,3,Maize,Mid-season,Clay,25.306666666666665,65.47666666666667,513.1233333333333,2.49,0.0,65.0,75.0,30.0,65.0,1.2,,,0.004687,0.005624,0.0,0.005624
2026-06-01 07:59:00,1,Tomato,Mid-season,Loam,25.35333333333333,65.33833333333334,516.6116666666667,2.495,0.0,55.0,70.0,25.0,60.0,1.15,,,0.004618,0.005311,0.0,0.005311
2026-06-01 07:59:00,2,Wheat,Development,Sandy,25.35333333333333,65.33833333333334,516.6116666666667,2.495,0.0,42.0,60.0,18.0,55.0,0.85,,,0.004618,0.003925,0.0,0.003925
2026-06-01 07:59:00,3,Maize,Mid-season,Clay,25.35333333333333,65.33833333333334,516.6116666666667,2.495,0.0,65.0,75.0,30.0,65.0,1.2,,,0.004618,0.005542,0.0,0.005542
2026-06-01 08:00:00,1,Tomato,Mid-season,Loam,25.4,65.2,520.1,2.5,0.0,55.0,70.0,25.0,60.0,1.15,,,0.004626,0.00532,0.0,0.00532
2026-06-01 08:00:00,2,Wheat,Development,Sandy,25.4,65.2,520.1,2.5,0.0,42.0,60.0,18.0,55.0,0.85,,,0.004626,0.003932,0.0,0.003932
2026-06-01 08:00:00,3,Maize,Mid-season,Clay,25.4,65.2,520.1,2.5,0.0,65.0,75.0,30.0,65.0,1.2,,,0.004626,0.005551,0.0,0.005551
2026-06-01 08:01:00,1,Tomato,Mid-season,Loam,25.44,65.09166666666667,522.94,2.505,0.0,55.0,70.0,25.0,60.0,1.15,,,0.005014,0.005766,0.0,0.005766
2026-06-01 08:01:00,2,Wheat,Development,Sandy,25.44,65.09166666666667,522.94,2.505,0.0,42.0,60.0,18.0,55.0,0.85,,,0.005014,0.004262,0.0,0.004262
2026-06-01 08:01:00,3,Maize,Mid-season,Clay,25.44,65.09166666666667,522.94,2.505,0.0,65.0,75.0,30.0,65.0,1.2,,,0.005014,0.006017,0.0,0.006017
2026-06-01 08:02:00,1,Tomato,Mid-season,Loam,25.48,64.98333333333333,525.78,2.51,0.0,55.0,70.0,25.0,60.0,1.15,,,0.004568,0.005253,0.0,0.005253
2026-06-01 08:02:00,2,Wheat,Development,Sandy,25.48,64.98333333333333,525.78,2.51,0.0,42.0,60.0,18.0,55.0,0.85,,,0.004568,0.003883,0.0,0.003883
2026-06-01 08:02:00,3,Maize,Mid-season,Clay,25.48,64.98333333333333,525.78,2.51,0.0,65.0,75.0,30.0,65.0,1.2,,,0.004568,0.005482,0.0,0.005482
2026-06-01 08:03:00,1,Tomato,Mid-season,Loam,25.52,64.875,528.62,2.515,0.0,55.0,70.0,25.0,60.0,1.15,,,0.005036,0.005791,0.0,0.005791
2026-06-01 08:03:00,2,Wheat,Development,Sandy,25.52,64.875,528.62,2.515,0.0,42.0,60.0,18.0,55.0,0.85,,,0.005036,0.004281,0.0,0.004281
2026-06-01 08:03:00,3,Maize,Mid-season,Clay,25.52,64.875,528.62,2.515,0.0,65.0,75.0,30.0,65.0,1.2,,,0.005036,0.006043,0.0,0.006043
2026-06-01 08:04:00,1,Tomato,Mid-season,Loam,25.56,64.76666666666667,531.46,2.52,0.0,55.0,70.0,25.0,60.0,1.15,,,0.004896,0.00563,0.0,0.00563
2026-06-01 08:04:00,2,Wheat,Development,Sandy,25.56,64.76666666666667,531.46,2.52,0.0,42.0,60.0,18.0,55.0,0.85,,,0.004896,0.004162,0.0,0.004162
2026-06-01 08:04:00,3,Maize,Mid-season,Clay,25.56,64.76666666666667,531.46,2.52,0.0,65.0,75.0,30.0,65.0,1.2,,,0.004896,0.005875,0.0,0.005875
2026-06-01 08:05:00,1,Tomato,Mid-season,Loam,25.6,64.65833333333333,534.3000000000001,2.525,0.0,55.0,70.0,25.0,60.0,1.15,,,0.004807,0.005528,0.0,0.005528
2026-06-01 08:05:00,2,Wheat,Development,Sandy,25.6,64.65833333333333,534.3000000000001,2.525,0.0,42.0,60.0,18.0,55.0,0.85,,,0.004807,0.004086,0.0,0.004086
2026-06-01 08:05:00,3,Maize,Mid-season,Clay,25.6,64.65833333333333,534.3000000000001,2.525,0.0,65.0,75.0,30.0,65.0,1.2,,,0.004807,0.005768,0.0,0.005768
2026-06-01 08:06:00,1,Tomato,Mid-season,Loam,25.64,64.55,537.14,2.53,0.0,55.0,70.0,25.0,60.0,1.15,,,0.004814,0.005536,0.0,0.005536
2026-06-01 08:06:00,2,Wheat,Development,Sandy,25.64,64.55,537.14,2.53,0.0,42.0,60.0,18.0,55.0,0.85,,,0.004814,0.004092,0.0,0.004092
2026-06-01 08:06:00,3,Maize,Mid-season,Clay,25.64,64.55,537.14,2.53,0.0,65.0,75.0,30.0,65.0,1.2,,,0.004814,0.005777,0.0,0.005777
2026-06-01 08:07:00,1,Tomato,Mid-season,Loam,25.68,64.44166666666666,539.98,2.535,0.0,55.0,70.0,25.0,60.0,1.15,,,0.004883,0.005615,0.0,0.005615
2026-06-01 08:07:00,2,Wheat,Development,Sandy,25.68,64.44166666666666,539.98,2.535,0.0,42.0,60.0,18.0,55.0,0.85,,,0.004883,0.004151,0.0,0.004151
2026-06-01 08:07:00,3,Maize,Mid-season,Clay,25.68,64.44166666666666,539.98,2.535,0.0,65.0,75.0,30.0,65.0,1.2,,,0.004883,0.00586,0.0,0.00586
2026-06-01 08:08:00,1,Tomato,Mid-season,Loam,25.72,64.33333333333334,542.82,2.54,0.0,55.0,70.0,25.0,60.0,1.15,,,0.005141,0.005912,0.0,0.005912
2026-06-01 08:08:00,2,Wheat,Development,Sandy,25.72,64.33333333333334,542.82,2.54,0.0,42.0,60.0,18.0,55.0,0.85,,,0.005141,0.00437,0.0,0.00437
2026-06-01 08:08:00,3,Maize,Mid-season,Clay,25.72,64.33333333333334,542.82,2.54,0.0,65.0,75.0,30.0,65.0,1.2,,,0.005141,0.006169,0.0,0.006169
2026-06-01 08:09:00,1,Tomato,Mid-season,Loam,25.76,64.22500000000001,545.66,2.545,0.0,55.0,70.0,25.0,60.0,1.15,,,0.005192,0.005971,0.0,0.005971
2026-06-01 08:09:00,2,Wheat,Development,Sandy,25.76,64.22500000000001,545.66,2.545,0.0,42.0,60.0,18.0,55.0,0.85,,,0.005192,0.004413,0.0,0.004413
2026-06-01 08:09:00,3,Maize,Mid-season,Clay,25.76,64.22500000000001,545.66,2.545,0.0,65.0,75.0,30.0,65.0,1.2,,,0.005192,0.00623,0.0,0.00623
2026-06-01 08:10:00,1,Tomato,Mid-season,Loam,25.8,64.11666666666667,548.5,2.55,0.0,55.0,70.0,25.0,60.0,1.15,,,0.004881,0.005613,0.0,0.005613
2026-06-01 08:10:00,2,Wheat,Development,Sandy,25.8,64.11666666666667,548.5,2.55,0.0,42.0,60.0,18.0,55.0,0.85,,,0.004881,0.004149,0.0,0.004149
2026-06-01 08:10:00,3,Maize,Mid-season,Clay,25.8,64.11666666666667,548.5,2.55,0.0,65.0,75.0,30.0,65.0,1.2,,,0.004881,0.005857,0.0,0.005857
2026-06-01 08:11:00,1,Tomato,Mid-season,Loam,25.84,64.00833333333334,551.34,2.555,0.0,55.0,70.0,25.0,60.0,1.15,,,0.005115,0.005882,0.0,0.005882
2026-06-01 08:11:00,2,Wheat,Development,Sandy,25.84,64.00833333333334,551.34,2.555,0.0,42.0,60.0,18.0,55.0,0.85,,,0.005115,0.004348,0.0,0.004348
2026-06-01 08:11:00,3,Maize,Mid-season,Clay,25.84,64.00833333333334,551.34,2.555,0.0,65.0,75.0,30.0,65.0,1.2,,,0.005115,0.006138,0.0,0.006138
2026-06-01 08:12:00,1,Tomato,Mid-season,Loam,25.88,63.900000000000006,554.1800000000001,2.56,0.0,55.0,70.0,25.0,60.0,1.15,,,0.00505,0.005807,0.0,0.005807
2026-06-01 08:12:00,2,Wheat,Development,Sandy,25.88,63.900000000000006,554.1800000000001,2.56,0.0,42.0,60.0,18.0,55.0,0.85,,,0.00505,0.004292,0.0,0.004292
2026-06-01 08:12:00,3,Maize,Mid-season,Clay,25.88,63.900000000000006,554.1800000000001,2.56,0.0,65.0,75.0,30.0,65.0,1.2,,,0.00505,0.00606,0.0,0.00606
2026-06-01 08:13:00,1,Tomato,Mid-season,Loam,25.92,63.79166666666667,557.02,2.565,0.0,55.0,70.0,25.0,60.0,1.15,,,0.005414,0.006226,0.0,0.006226
2026-06-01 08:13:00,2,Wheat,Development,Sandy,25.92,63.79166666666667,557.02,2.565,0.0,42.0,60.0,18.0,55.0,0.85,,,0.005414,0.004602,0.0,0.004602
2026-06-01 08:13:00,3,Maize,Mid-season,Clay,25.92,63.79166666666667,557.02,2.565,0.0,65.0,75.0,30.0,65.0,1.2,,,0.005414,0.006497,0.0,0.006497
2026-06-01 08:14:00,1,Tomato,Mid-season,Loam,25.96,63.68333333333334,559.86,2.57,0.0,55.0,70.0,25.0,60.0,1.15,,,0.00501,0.005761,0.0,0.005761
2026-06-01 08:14:00,2,Wheat,Development,Sandy,25.96,63.68333333333334,559.86,2.57,0.0,42.0,60.0,18.0,55.0,0.85,,,0.00501,0.004258,0.0,0.004258
2026-06-01 08:14:00,3,Maize,Mid-season,Clay,25.96,63.68333333333334,559.86,2.57,0.0,65.0,75.0,30.0,65.0,1.2,,,0.00501,0.006012,0.0,0.006012
2026-06-01 08:15:00,1,Tomato,Mid-season,Loam,26.0,63.575,562.7,2.575,0.0,55.0,70.0,25.0,60.0,1.15,,,0.005611,0.006453,0.0,0.006453
2026-06-01 08:15:00,2,Wheat,Development,Sandy,26.0,63.575,562.7,2.575,0.0,42.0,60.0,18.0,55.0,0.85,,,0.005611,0.004769,0.0,0.004769
2026-06-01 08:15:00,3,Maize,Mid-season,Clay,26.0,63.575,562.7,2.575,0.0,65.0,75.0,30.0,65.0,1.2,,,0.005611,0.006733,0.0,0.006733
2026-06-01 08:16:00,1,Tomato,Mid-season,Loam,26.04,63.46666666666667,565.54,2.58,0.0,55.0,70.0,25.0,60.0,1.15,,,0.005166,0.005941,0.0,0.005941
2026-06-01 08:16:00,2,Wheat,Development,Sandy,26.04,63.46666666666667,565.54,2.58,0.0,42.0,60.0,18.0,55.0,0.85,,,0.005166,0.004391,0.0,0.004391
2026-06-01 08:16:00,3,Maize,Mid-season,Clay,26.04,63.46666666666667,565.54,2.58,0.0,65.0,75.0,30.0,65.0,1.2,,,0.005166,0.006199,0.0,0.006199
2026-06-01 08:17:00,1,Tomato,Mid-season,Loam,26.08,63.35833333333333,568.38,2.585,0.0,55.0,70.0,25.0,60.0,1.15,,,0.005144,0.005916,0.0,0.005916
2026-06-01 08:17:00,2,Wheat,Development,Sandy,26.08,63.35833333333333,568.38,2.585,0.0,42.0,60.0,18.0,55.0,0.85,,,0.005144,0.004372,0.0,0.004372
2026-06-01 08:17:00,3,Maize,Mid-season,Clay,26.08,63.35833333333333,568.38,2.585,0.0,65.0,75.0,30.0,65.0,1.2,,,0.005144,0.006173,0.0,0.006173
2026-06-01 08:18:00,1,Tomato,Mid-season,Loam,26.12,63.25,571.22,2.59,0.0,55.0,70.0,25.0,60.0,1.15,,,0.005189,0.005967,0.0,0.005967
2026-06-01 08:18:00,2,Wheat,Development,Sandy,26.12,63.25,571.22,2.59,0.0,42.0,60.0,18.0,55.0,0.85,,,0.005189,0.004411,0.0,0.004411
2026-06-01 08:18:00,3,Maize,Mid-season,Clay,26.12,63.25,571.22,2.59,0.0,65.0,75.0,30.0,65.0,1.2,,,0.005189,0.006227,0.0,0.006227
2026-06-01 08:19:00,1,Tomato,Mid-season,Loam,26.16,63.14166666666667,574.0600000000001,2.595,0.0,55.0,70.0,25.0,60.0,1.15,,,0.005259,0.006048,0.0,0.006048
2026-06-01 08:19:00,2,Wheat,Development,Sandy,26.16,63.14166666666667,574.0600000000001,2.595,0.0,42.0,60.0,18.0,55.0,0.85,,,0.005259,0.00447,0.0,0.00447
2026-06-01 08:19:00,3,Maize,Mid-season,Clay,26.16,63.14166666666667,574.0600000000001,2.595,0.0,65.0,75.0,30.0,65.0,1.2,,,0.005259,0.006311,0.0,0.006311
2026-06-01 08:20:00,1,Tomato,Mid-season,Loam,26.2,63.03333333333334,576.9,2.6,0.0,55.0,70.0,25.0,60.0,1.15,,,0.005276,0.006067,0.0,0.006067
2026-06-01 08:20:00,2,Wheat,Development,Sandy,26.2,63.03333333333334,576.9,2.6,0.0,42.0,60.0,18.0,55.0,0.85,,,0.005276,0.004485,0.0,0.004485
2026-06-01 08:20:00,3,Maize,Mid-season,Clay,26.2,63.03333333333334,576.9,2.6,0.0,65.0,75.0,30.0,65.0,1.2,,,0.005276,0.006331,0.0,0.006331
2026-06-01 08:21:00,1,Tomato,Mid-season,Loam,26.24,62.925,579.74,2.605,0.0,55.0,70.0,25.0,60.0,1.15,,,0.005512,0.006339,0.0,0.006339
2026-06-01 08:21:00,2,Wheat,Development,Sandy,26.24,62.925,579.74,2.605,0.0,42.0,60.0,18.0,55.0,0.85,,,0.005512,0.004685,0.0,0.004685
2026-06-01 08:21:00,3,Maize,Mid-season,Clay,26.24,62.925,579.74,2.605,0.0,65.0,75.0,30.0,65.0,1.2,,,0.005512,0.006614,0.0,0.006614
2026-06-01 08:22:00,1,Tomato,Mid-season,Loam,26.28,62.81666666666667,582.58,2.61,0.0,55.0,70.0,25.0,60.0,1.15,,,0.0052,0.00598,0.0,0.00598
2026-06-01 08:22:00,2,Wheat,Development,Sandy,26.28,62.81666666666667,582.58,2.61,0.0,42.0,60.0,18.0,55.0,0.85,,,0.0052,0.00442,0.0,0.00442
2026-06-01 08:22:00,3,Maize,Mid-season,Clay,26.28,62.81666666666667,582.58,2.61,0.0,65.0,75.0,30.0,65.0,1.2,,,0.0052,0.00624,0.0,0.00624
2026-06-01 08:23:00,1,Tomato,Mid-season,Loam,26.32,62.708333333333336,585.4200000000001,2.615,0.0,55.0,70.0,25.0,60.0,1.15,,,0.005152,0.005925,0.0,0.005925
2026-06-01 08:23:00,2,Wheat,Development,Sandy,26.32,62.708333333333336,585.4200000000001,2.615,0.0,42.0,60.0,18.0,55.0,0.85,,,0.005152,0.004379,0.0,0.004379
2026-06-01 08:23:00,3,Maize,Mid-season,Clay,26.32,62.708333333333336,585.4200000000001,2.615,0.0,65.0,75.0,30.0,65.0,1.2,,,0.005152,0.006182,0.0,0.006182
2026-06-01 08:24:00,1,Tomato,Mid-season,Loam,26.36,62.6,588.26,2.62,0.0,55.0,70.0,25.0,60.0,1.15,,,0.005371,0.006177,0.0,0.006177
2026-06-01 08:24:00,2,Wheat,Development,Sandy,26.36,62.6,588.26,2.62,0.0,42.0,60.0,18.0,55.0,0.85,,,0.005371,0.004565,0.0,0.004565
2026-06-01 08:24:00,3,Maize,Mid-season,Clay,26.36,62.6,588.26,2.62,0.0,65.0,75.0,30.0,65.0,1.2,,,0.005371,0.006445,0.0,0.006445
2026-06-01 08:25:00,1,Tomato,Mid-season,Loam,26.4,62.49166666666667,591.1,2.625,0.0,55.0,70.0,25.0,60.0,1.15,,,0.005287,0.00608,0.0,0.00608
2026-06-01 08:25:00,2,Wheat,Development,Sandy,26.4,62.49166666666667,591.1,2.625,0.0,42.0,60.0,18.0,55.0,0.85,,,0.005287,0.004494,0.0,0.004494
2026-06-01 08:25:00,3,Maize,Mid-season,Clay,26.4,62.49166666666667,591.1,2.625,0.0,65.0,75.0,30.0,65.0,1.2,,,0.005287,0.006344,0.0,0.006344
2026-06-01 08:26:00,1,Tomato,Mid-season,Loam,26.44,62.38333333333334,593.94,2.63,0.0,55.0,70.0,25.0,60.0,1.15,,,0.005587,0.006425,0.0,0.006425
2026-06-01 08:26:00,2,Wheat,Development,Sandy,26.44,62.38333333333334,593.94,2.63,0.0,42.0,60.0,18.0,55.0,0.85,,,0.005587,0.004749,0.0,0.004749
2026-06-01 08:26:00,3,Maize,Mid-season,Clay,26.44,62.38333333333334,593.94,2.63,0.0,65.0,75.0,30.0,65.0,1.2,,,0.005587,0.006704,0.0,0.006704
2026-06-01 08:27:00,1,Tomato,Mid-season,Loam,26.48,62.275000000000006,596.78,2.635,0.0,55.0,70.0,25.0,60.0,1.15,,,0.00553,0.00636,0.0,0.00636
2026-06-01 08:27:00,2,Wheat,Development,Sandy,26.48,62.275000000000006,596.78,2.635,0.0,42.0,60.0,18.0,55.0,0.85,,,0.00553,0.0047,0.0,0.0047
2026-06-01 08:27:00,3,Maize,Mid-season,Clay,26.48,62.275000000000006,596.78,2.635,0.0,65.0,75.0,30.0,65.0,1.2,,,0.00553,0.006636,0.0,0.006636
2026-06-01 08:28:00,1,Tomato,Mid-season,Loam,26.52,62.16666666666667,599.62,2.64,0.0,55.0,70.0,25.0,60.0,1.15,,,0.005514,0.006341,0.0,0.006341
2026-06-01 08:28:00,2,Wheat,Development,Sandy,26.52,62.16666666666667,599.62,2.64,0.0,42.0,60.0,18.0,55.0,0.85,,,0.005514,0.004687,0.0,0.004687
2026-06-01 08:28:00,3,Maize,Mid-season,Clay,26.52,62.16666666666667,599.62,2.64,0.0,65.0,75.0,30.0,65.0,1.2,,,0.005514,0.006617,0.0,0.006617
2026-06-01 08:29:00,1,Tomato,Mid-season,Loam,26.56,62.05833333333334,602.46,2.645,0.0,55.0,70.0,25.0,60.0,1.15,,,0.006126,0.007045,0.0,0.007045
2026-06-01 08:29:00,2,Wheat,Development,Sandy,26.56,62.05833333333334,602.46,2.645,0.0,42.0,60.0,18.0,55.0,0.85,,,0.006126,0.005207,0.0,0.005207
2026-06-01 08:29:00,3,Maize,Mid-season,Clay,26.56,62.05833333333334,602.46,2.645,0.0,65.0,75.0,30.0,65.0,1.2,,,0.006126,0.007351,0.0,0.007351
2026-06-01 08:30:00,1,Tomato,Mid-season,Loam,26.6,61.95,605.3,2.65,0.0,55.0,70.0,25.0,60.0,1.15,,,0.005757,0.006621,0.0,0.006621
2026-06-01 08:30:00,2,Wheat,Development,Sandy,26.6,61.95,605.3,2.65,0.0,42.0,60.0,18.0,55.0,0.85,,,0.005757,0.004893,0.0,0.004893
2026-06-01 08:30:00,3,Maize,Mid-season,Clay,26.6,61.95,605.3,2.65,0.0,65.0,75.0,30.0,65.0,1.2,,,0.005757,0.006908,0.0,0.006908
2026-06-01 08:31:00,1,Tomato,Mid-season,Loam,26.64,61.84166666666667,608.14,2.655,0.0,55.0,70.0,25.0,60.0,1.15,,,0.00589,0.006774,0.0,0.006774
2026-06-01 08:31:00,2,Wheat,Development,Sandy,26.64,61.84166666666667,608.14,2.655,0.0,42.0,60.0,18.0,55.0,0.85,,,0.00589,0.005006,0.0,0.005006
2026-06-01 08:31:00,3,Maize,Mid-season,Clay,26.64,61.84166666666667,608.14,2.655,0.0,65.0,75.0,30.0,65.0,1.2,,,0.00589,0.007068,0.0,0.007068
2026-06-01 08:32:00,1,Tomato,Mid-season,Loam,26.68,61.73333333333333,610.98,2.66,0.0,55.0,70.0,25.0,60.0,1.15,,,0.005557,0.006391,0.0,0.006391
2026-06-01 08:32:00,2,Wheat,Development,Sandy,26.68,61.73333333333333,610.98,2.66,0.0,42.0,60.0,18.0,55.0,0.85,,,0.005557,0.004723,0.0,0.004723
2026-06-01 08:32:00,3,Maize,Mid-season,Clay,26.68,61.73333333333333,610.98,2.66,0.0,65.0,75.0,30.0,65.0,1.2,,,0.005557,0.006668,0.0,0.006668
2026-06-01 08:33:00,1,Tomato,Mid-season,Loam,26.72,61.625,613.82,2.665,0.0,55.0,70.0,25.0,60.0,1.15,,,0.005768,0.006633,0.0,0.006633
2026-06-01 08:33:00,2,Wheat,Development,Sandy,26.72,61.625,613.82,2.665,0.0,42.0,60.0,18.0,55.0,0.85,,,0.005768,0.004903,0.0,0.004903
2026-06-01 08:33:00,3,Maize,Mid-season,Clay,26.72,61.625,613.82,2.665,0.0,65.0,75.0,30.0,65.0,1.2,,,0.005768,0.006922,0.0,0.006922
2026-06-01 08:34:00,1,Tomato,Mid-season,Loam,26.76,61.51666666666667,616.66,2.67,0.0,55.0,70.0,25.0,60.0,1.15,,,0.005975,0.006871,0.0,0.006871
2026-06-01 08:34:00,2,Wheat,Development,Sandy,26.76,61.51666666666667,616.66,2.67,0.0,42.0,60.0,18.0,55.0,0.85,,,0.005975,0.005079,0.0,0.005079
2026-06-01 08:34:00,3,Maize,Mid-season,Clay,26.76,61.51666666666667,616.66,2.67,0.0,65.0,75.0,30.0,65.0,1.2,,,0.005975,0.00717,0.0,0.00717
2026-06-01 08:35:00,1,Tomato,Mid-season,Loam,26.8,61.40833333333334,619.5,2.675,0.0,55.0,70.0,25.0,60.0,1.15,,,0.005755,0.006618,0.0,0.006618
2026-06-01 08:35:00,2,Wheat,Development,Sandy,26.8,61.40833333333334,619.5,2.675,0.0,42.0,60.0,18.0,55.0,0.85,,,0.005755,0.004892,0.0,0.004892
2026-06-01 08:35:00,3,Maize,Mid-season,Clay,26.8,61.40833333333334,619.5,2.675,0.0,65.0,75.0,30.0,65.0,1.2,,,0.005755,0.006906,0.0,0.006906
2026-06-01 08:36:00,1,Tomato,Mid-season,Loam,26.84,61.3,622.34,2.68,0.0,55.0,70.0,25.0,60.0,1.15,,,0.006191,0.00712,0.0,0.00712
2026-06-01 08:36:00,2,Wheat,Development,Sandy,26.84,61.3,622.34,2.68,0.0,42.0,60.0,18.0,55.0,0.85,,,0.006191,0.005262,0.0,0.005262
2026-06-01 08:36:00,3,Maize,Mid-season,Clay,26.84,61.3,622.34,2.68,0.0,65.0,75.0,30.0,65.0,1.2,,,0.006191,0.007429,0.0,0.007429
2026-06-01 08:37:00,1,Tomato,Mid-season,Loam,26.88,61.19166666666667,625.1800000000001,2.685,0.0,55.0,70.0,25.0,60.0,1.15,,,0.005773,0.006639,0.0,0.006639
2026-06-01 08:37:00,2,Wheat,Development,Sandy,26.88,61.19166666666667,625.1800000000001,2.685,0.0,42.0,60.0,18.0,55.0,0.85,,,0.005773,0.004907,0.0,0.004907
2026-06-01 08:37:00,3,Maize,Mid-season,Clay,26.88,61.19166666666667,625.1800000000001,2.685,0.0,65.0,75.0,30.0,65.0,1.2,,,0.005773,0.006928,0.0,0.006928
2026-06-01 08:38:00,1,Tomato,Mid-season,Loam,26.92,61.083333333333336,628.02,2.69,0.0,55.0,70.0,25.0,60.0,1.15,,,0.005984,0.006882,0.0,0.006882
2026-06-01 08:38:00,2,Wheat,Development,Sandy,26.92,61.083333333333336,628.02,2.69,0.0,42.0,60.0,18.0,55.0,0.85,,,0.005984,0.005086,0.0,0.005086
2026-06-01 08:38:00,3,Maize,Mid-season,Clay,26.92,61.083333333333336,628.02,2.69,0.0,65.0,75.0,30.0,65.0,1.2,,,0.005984,0.007181,0.0,0.007181
2026-06-01 08:39:00,1,Tomato,Mid-season,Loam,26.96,60.975,630.86,2.695,0.0,55.0,70.0,25.0,60.0,1.15,,,0.005987,0.006885,0.0,0.006885
2026-06-01 08:39:00,2,Wheat,Development,Sandy,26.96,60.975,630.86,2.695,0.0,42.0,60.0,18.0,55.0,0.85,,,0.005987,0.005089,0.0,0.005089
2026-06-01 08:39:00,3,Maize,Mid-season,Clay,26.96,60.975,630.86,2.695,0.0,65.0,75.0,30.0,65.0,1.2,,,0.005987,0.007184,0.0,0.007184
2026-06-01 08:40:00,1,Tomato,Mid-season,Loam,27.0,60.86666666666667,633.7,2.7,0.0,55.0,70.0,25.0,60.0,1.15,,,0.006046,0.006953,0.0,0.006953
2026-06-01 08:40:00,2,Wheat,Development,Sandy,27.0,60.86666666666667,633.7,2.7,0.0,42.0,60.0,18.0,55.0,0.85,,,0.006046,0.005139,0.0,0.005139
2026-06-01 08:40:00,3,Maize,Mid-season,Clay,27.0,60.86666666666667,633.7,2.7,0.0,65.0,75.0,30.0,65.0,1.2,,,0.006046,0.007255,0.0,0.007255
2026-06-01 08:41:00,1,Tomato,Mid-season,Loam,27.04,60.75833333333334,636.54,2.705,0.0,55.0,70.0,25.0,60.0,1.15,,,0.005971,0.006867,0.0,0.006867
2026-06-01 08:41:00,2,Wheat,Development,Sandy,27.04,60.75833333333334,636.54,2.705,0.0,42.0,60.0,18.0,55.0,0.85,,,0.005971,0.005075,0.0,0.005075
2026-06-01 08:41:00,3,Maize,Mid-season,Clay,27.04,60.75833333333334,636.54,2.705,0.0,65.0,75.0,30.0,65.0,1.2,,,0.005971,0.007165,0.0,0.007165
2026-06-01 08:42:00,1,Tomato,Mid-season,Loam,27.08,60.650000000000006,639.38,2.71,0.0,55.0,70.0,25.0,60.0,1.15,,,0.006183,0.00711,0.0,0.00711
2026-06-01 08:42:00,2,Wheat,Development,Sandy,27.08,60.650000000000006,639.38,2.71,0.0,42.0,60.0,18.0,55.0,0.85,,,0.006183,0.005256,0.0,0.005256
2026-06-01 08:42:00,3,Maize,Mid-season,Clay,27.08,60.650000000000006,639.38,2.71,0.0,65.0,75.0,30.0,65.0,1.2,,,0.006183,0.00742,0.0,0.00742
2026-06-01 08:43:00,1,Tomato,Mid-season,Loam,27.12,60.54166666666667,642.22,2.715,0.0,55.0,70.0,25.0,60.0,1.15,,,0.00613,0.007049,0.0,0.007049
2026-06-01 08:43:00,2,Wheat,Development,Sandy,27.12,60.54166666666667,642.22,2.715,0.0,42.0,60.0,18.0,55.0,0.85,,,0.00613,0.00521,0.0,0.00521
2026-06-01 08:43:00,3,Maize,Mid-season,Clay,27.12,60.54166666666667,642.22,2.715,0.0,65.0,75.0,30.0,65.0,1.2,,,0.00613,0.007356,0.0,0.007356
2026-06-01 08:44:00,1,Tomato,Mid-season,Loam,27.16,60.43333333333334,645.06,2.72,0.0,55.0,70.0,25.0,60.0,1.15,,,0.00614,0.007061,0.0,0.007061
2026-06-01 08:44:00,2,Wheat,Development,Sandy,27.16,60.43333333333334,645.06,2.72,0.0,42.0,60.0,18.0,55.0,0.85,,,0.00614,0.005219,0.0,0.005219
2026-06-01 08:44:00,3,Maize,Mid-season,Clay,27.16,60.43333333333334,645.06,2.72,0.0,65.0,75.0,30.0,65.0,1.2,,,0.00614,0.007368,0.0,0.007368
2026-06-01 08:45:00,1,Tomato,Mid-season,Loam,27.2,60.325,647.9,2.725,0.0,55.0,70.0,25.0,60.0,1.15,,,0.006286,0.007229,0.0,0.007229
2026-06-01 08:45:00,2,Wheat,Development,Sandy,27.2,60.325,647.9,2.725,0.0,42.0,60.0,18.0,55.0,0.85,,,0.006286,0.005343,0.0,0.005343
2026-06-01 08:45:00,3,Maize,Mid-season,Clay,27.2,60.325,647.9,2.725,0.0,65.0,75.0,30.0,65.0,1.2,,,0.006286,0.007543,0.0,0.007543
2026-06-01 08:46:00,1,Tomato,Mid-season,Loam,27.24,60.21666666666667,650.74,2.73,0.0,55.0,70.0,25.0,60.0,1.15,,,0.006311,0.007258,0.0,0.007258
2026-06-01 08:46:00,2,Wheat,Development,Sandy,27.24,60.21666666666667,650.74,2.73,0.0,42.0,60.0,18.0,55.0,0.85,,,0.006311,0.005364,0.0,0.005364
2026-06-01 08:46:00,3,Maize,Mid-season,Clay,27.24,60.21666666666667,650.74,2.73,0.0,65.0,75.0,30.0,65.0,1.2,,,0.006311,0.007573,0.0,0.007573
2026-06-01 08:47:00,1,Tomato,Mid-season,Loam,27.28,60.10833333333333,653.58,2.735,0.0,55.0,70.0,25.0,60.0,1.15,,,0.006225,0.007159,0.0,0.007159
2026-06-01 08:47:00,2,Wheat,Development,Sandy,27.28,60.10833333333333,653.58,2.735,0.0,42.0,60.0,18.0,55.0,0.85,,,0.006225,0.005291,0.0,0.005291
2026-06-01 08:47:00,3,Maize,Mid-season,Clay,27.28,60.10833333333333,653.58,2.735,0.0,65.0,75.0,30.0,65.0,1.2,,,0.006225,0.00747,0.0,0.00747
2026-06-01 08:48:00,1,Tomato,Mid-season,Loam,27.32,60.0,656.4200000000001,2.74,0.0,55.0,70.0,25.0,60.0,1.15,,,0.006264,0.007204,0.0,0.007204
2026-06-01 08:48:00,2,Wheat,Development,Sandy,27.32,60.0,656.4200000000001,2.74,0.0,42.0,60.0,18.0,55.0,0.85,,,0.006264,0.005324,0.0,0.005324
2026-06-01 08:48:00,3,Maize,Mid-season,Clay,27.32,60.0,656.4200000000001,2.74,0.0,65.0,75.0,30.0,65.0,1.2,,,0.006264,0.007517,0.0,0.007517
2026-06-01 08:49:00,1,Tomato,Mid-season,Loam,27.36,59.89166666666667,659.26,2.745,0.0,55.0,70.0,25.0,60.0,1.15,,,0.006549,0.007531,0.0,0.007531
2026-06-01 08:49:00,2,Wheat,Development,Sandy,27.36,59.89166666666667,659.26,2.745,0.0,42.0,60.0,18.0,55.0,0.85,,,0.006549,0.005567,0.0,0.005567
2026-06-01 08:49:00,3,Maize,Mid-season,Clay,27.36,59.89166666666667,659.26,2.745,0.0,65.0,75.0,30.0,65.0,1.2,,,0.006549,0.007859,0.0,0.007859
2026-06-01 08:50:00,1,Tomato,Mid-season,Loam,27.4,59.78333333333334,662.1,2.75,0.0,55.0,70.0,25.0,60.0,1.15,,,0.006372,0.007328,0.0,0.007328
2026-06-01 08:50:00,2,Wheat,Development,Sandy,27.4,59.78333333333334,662.1,2.75,0.0,42.0,60.0,18.0,55.0,0.85,,,0.006372,0.005416,0.0,0.005416
2026-06-01 08:50:00,3,Maize,Mid-season,Clay,27.4,59.78333333333334,662.1,2.75,0.0,65.0,75.0,30.0,65.0,1.2,,,0.006372,0.007646,0.0,0.007646
2026-06-01 08:51:00,1,Tomato,Mid-season,Loam,27.44,59.675,664.94,2.755,0.0,55.0,70.0,25.0,60.0,1.15,,,0.006362,0.007316,0.0,0.007316
2026-06-01 08:51:00,2,Wheat,Development,Sandy,27.44,59.675,664.94,2.755,0.0,42.0,60.0,18.0,55.0,0.85,,,0.006362,0.005408,0.0,0.005408
2026-06-01 08:51:00,3,Maize,Mid-season,Clay,27.44,59.675,664.94,2.755,0.0,65.0,75.0,30.0,65.0,1.2,,,0.006362,0.007634,0.0,0.007634
2026-06-01 08:52:00,1,Tomato,Mid-season,Loam,27.48,59.56666666666667,667.78,2.76,0.0,55.0,70.0,25.0,60.0,1.15,,,0.006381,0.007338,0.0,0.007338
2026-06-01 08:52:00,2,Wheat,Development,Sandy,27.48,59.56666666666667,667.78,2.76,0.0,42.0,60.0,18.0,55.0,0.85,,,0.006381,0.005424,0.0,0.005424
2026-06-01 08:52:00,3,Maize,Mid-season,Clay,27.48,59.56666666666667,667.78,2.76,0.0,65.0,75.0,30.0,65.0,1.2,,,0.006381,0.007657,0.0,0.007657
2026-06-01 08:53:00,1,Tomato,Mid-season,Loam,27.52,59.458333333333336,670.62,2.765,0.0,55.0,70.0,25.0,60.0,1.15,,,0.006872,0.007903,0.0,0.007903
2026-06-01 08:53:00,2,Wheat,Development,Sandy,27.52,59.458333333333336,670.62,2.765,0.0,42.0,60.0,18.0,55.0,0.85,,,0.006872,0.005841,0.0,0.005841
2026-06-01 08:53:00,3,Maize,Mid-season,Clay,27.52,59.458333333333336,670.62,2.765,0.0,65.0,75.0,30.0,65.0,1.2,,,0.006872,0.008246,0.0,0.008246
2026-06-01 08:54:00,1,Tomato,Mid-season,Loam,27.56,59.35,673.46,2.77,0.0,55.0,70.0,25.0,60.0,1.15,,,0.006231,0.007166,0.0,0.007166
2026-06-01 08:54:00,2,Wheat,Development,Sandy,27.56,59.35,673.46,2.77,0.0,42.0,60.0,18.0,55.0,0.85,,,0.006231,0.005296,0.0,0.005296
2026-06-01 08:54:00,3,Maize,Mid-season,Clay,27.56,59.35,673.46,2.77,0.0,65.0,75.0,30.0,65.0,1.2,,,0.006231,0.007477,0.0,0.007477
2026-06-01 08:55:00,1,Tomato,Mid-season,Loam,27.6,59.24166666666667,676.3,2.775,0.0,55.0,70.0,25.0,60.0,1.15,,,0.006663,0.007662,0.0,0.007662
2026-06-01 08:55:00,2,Wheat,Development,Sandy,27.6,59.24166666666667,676.3,2.775,0.0,42.0,60.0,18.0,55.0,0.85,,,0.006663,0.005664,0.0,0.005664
2026-06-01 08:55:00,3,Maize,Mid-season,Clay,27.6,59.24166666666667,676.3,2.775,0.0,65.0,75.0,30.0,65.0,1.2,,,0.006663,0.007996,0.0,0.007996
2026-06-01 08:56:00,1,Tomato,Mid-season,Loam,27.64,59.13333333333334,679.14,2.78,0.0,55.0,70.0,25.0,60.0,1.15,,,0.006237,0.007173,0.0,0.007173
2026-06-01 08:56:00,2,Wheat,Development,Sandy,27.64,59.13333333333334,679.14,2.78,0.0,42.0,60.0,18.0,55.0,0.85,,,0.006237,0.005301,0.0,0.005301
2026-06-01 08:56:00,3,Maize,Mid-season,Clay,27.64,59.13333333333334,679.14,2.78,0.0,65.0,75.0,30.0,65.0,1.2,,,0.006237,0.007484,0.0,0.007484
2026-06-01 08:57:00,1,Tomato,Mid-season,Loam,27.68,59.025000000000006,681.98,2.785,0.0,55.0,70.0,25.0,60.0,1.15,,,0.006688,0.007691,0.0,0.007691
2026-06-01 08:57:00,2,Wheat,Development,Sandy,27.68,59.025000000000006,681.98,2.785,0.0,42.0,60.0,18.0,55.0,0.85,,,0.006688,0.005685,0.0,0.005685
2026-06-01 08:57:00,3,Maize,Mid-season,Clay,27.68,59.025000000000006,681.98,2.785,0.0,65.0,75.0,30.0,65.0,1.2,,,0.006688,0.008026,0.0,0.008026
2026-06-01 08:58:00,1,Tomato,Mid-season,Loam,27.72,58.91666666666667,684.8199999999999,2.79,0.0,55.0,70.0,25.0,60.0,1.15,,,0.006851,0.007879,0.0,0.007879
2026-06-01 08:58:00,2,Wheat,Development,Sandy,27.72,58.91666666666667,684.8199999999999,2.79,0.0,42.0,60.0,18.0,55.0,0.85,,,0.006851,0.005823,0.0,0.005823
2026-06-01 08:58:00,3,Maize,Mid-season,Clay,27.72,58.91666666666667,684.8199999999999,2.79,0.0,65.0,75.0,30.0,65.0,1.2,,,0.006851,0.008221,0.0,0.008221
2026-06-01 08:59:00,1,Tomato,Mid-season,Loam,27.76,58.80833333333334,687.66,2.795,0.0,55.0,70.0,25.0,60.0,1.15,,,0.00671,0.007716,0.0,0.007716
2026-06-01 08:59:00,2,Wheat,Development,Sandy,27.76,58.80833333333334,687.66,2.795,0.0,42.0,60.0,18.0,55.0,0.85,,,0.00671,0.005703,0.0,0.005703
2026-06-01 08:59:00,3,Maize,Mid-season,Clay,27.76,58.80833333333334,687.66,2.795,0.0,65.0,75.0,30.0,65.0,1.2,,,0.00671,0.008052,0.0,0.008052
2026-06-01 09:00:00,1,Tomato,Mid-season,Loam,27.8,58.7,690.5,2.8,0.0,55.0,70.0,25.0,60.0,1.15,,,0.006718,0.007726,0.0,0.007726
2026-06-01 09:00:00,2,Wheat,Development,Sandy,27.8,58.7,690.5,2.8,0.0,42.0,60.0,18.0,55.0,0.85,,,0.006718,0.00571,0.0,0.00571
2026-06-01 09:00:00,3,Maize,Mid-season,Clay,27.8,58.7,690.5,2.8,0.0,65.0,75.0,30.0,65.0,1.2,,,0.006718,0.008062,0.0,0.008062
2026-06-01 09:01:00,1,Tomato,Mid-season,Loam,27.84,58.59333333333333,692.6583333333333,2.805,0.0,55.0,70.0,25.0,60.0,1.15,,,0.00657,0.007556,0.0,0.007556
2026-06-01 09:01:00,2,Wheat,Development,Sandy,27.84,58.59333333333333,692.6583333333333,2.805,0.0,42.0,60.0,18.0,55.0,0.85,,,0.00657,0.005584,0.0,0.005584
2026-06-01 09:01:00,3,Maize,Mid-season,Clay,27.84,58.59333333333333,692.6583333333333,2.805,0.0,65.0,75.0,30.0,65.0,1.2,,,0.00657,0.007884,0.0,0.007884
2026-06-01 09:02:00,1,Tomato,Mid-season,Loam,27.88,58.48666666666667,694.8166666666667,2.81,0.0,55.0,70.0,25.0,60.0,1.15,,,0.006731,0.007741,0.0,0.007741
2026-06-01 09:02:00,2,Wheat,Development,Sandy,27.88,58.48666666666667,694.8166666666667,2.81,0.0,42.0,60.0,18.0,55.0,0.85,,,0.006731,0.005721,0.0,0.005721
2026-06-01 09:02:00,3,Maize,Mid-season,Clay,27.88,58.48666666666667,694.8166666666667,2.81,0.0,65.0,75.0,30.0,65.0,1.2,,,0.006731,0.008077,0.0,0.008077
2026-06-01 09:03:00,1,Tomato,Mid-season,Loam,27.92,58.38,696.975,2.815,0.0,55.0,70.0,25.0,60.0,1.15,,,0.006734,0.007744,0.0,0.007744
2026-06-01 09:03:00,2,Wheat,Development,Sandy,27.92,58.38,696.975,2.815,0.0,42.0,60.0,18.0,55.0,0.85,,,0.006734,0.005724,0.0,0.005724
2026-06-01 09:03:00,3,Maize,Mid-season,Clay,27.92,58.38,696.975,2.815,0.0,65.0,75.0,30.0,65.0,1.2,,,0.006734,0.008081,0.0,0.008081
2026-06-01 09:04:00,1,Tomato,Mid-season,Loam,27.96,58.27333333333333,699.1333333333333,2.82,0.0,55.0,70.0,25.0,60.0,1.15,,,0.006638,0.007634,0.0,0.007634
2026-06-01 09:04:00,2,Wheat,Development,Sandy,27.96,58.27333333333333,699.1333333333333,2.82,0.0,42.0,60.0,18.0,55.0,0.85,,,0.006638,0.005642,0.0,0.005642
2026-06-01 09:04:00,3,Maize,Mid-season,Clay,27.96,58.27333333333333,699.1333333333333,2.82,0.0,65.0,75.0,30.0,65.0,1.2,,,0.006638,0.007966,0.0,0.007966
2026-06-01 09:05:00,1,Tomato,Mid-season,Loam,28.0,58.16666666666667,701.2916666666666,2.825,0.0,55.0,70.0,25.0,60.0,1.15,,,0.006778,0.007795,0.0,0.007795
2026-06-01 09:05:00,2,Wheat,Development,Sandy,28.0,58.16666666666667,701.2916666666666,2.825,0.0,42.0,60.0,18.0,55.0,0.85,,,0.006778,0.005761,0.0,0.005761
2026-06-01 09:05:00,3,Maize,Mid-season,Clay,28.0,58.16666666666667,701.2916666666666,2.825,0.0,65.0,75.0,30.0,65.0,1.2,,,0.006778,0.008134,0.0,0.008134
2026-06-01 09:06:00,1,Tomato,Mid-season,Loam,28.04,58.06,703.45,2.83,0.0,55.0,70.0,25.0,60.0,1.15,,,0.006947,0.007989,0.0,0.007989
2026-06-01 09:06:00,2,Wheat,Development,Sandy,28.04,58.06,703.45,2.83,0.0,42.0,60.0,18.0,55.0,0.85,,,0.006947,0.005905,0.0,0.005905
2026-06-01 09:06:00,3,Maize,Mid-season,Clay,28.04,58.06,703.45,2.83,0.0,65.0,75.0,30.0,65.0,1.2,,,0.006947,0.008336,0.0,0.008336
2026-06-01 09:07:00,1,Tomato,Mid-season,Loam,28.08,57.95333333333333,705.6083333333333,2.835,0.0,55.0,70.0,25.0,60.0,1.15,,,0.006724,0.007733,0.0,0.007733
2026-06-01 09:07:00,2,Wheat,Development,Sandy,28.08,57.95333333333333,705.6083333333333,2.835,0.0,42.0,60.0,18.0,55.0,0.85,,,0.006724,0.005715,0.0,0.005715
2026-06-01 09:07:00,3,Maize,Mid-season,Clay,28.08,57.95333333333333,705.6083333333333,2.835,0.0,65.0,75.0,30.0,65.0,1.2,,,0.006724,0.008069,0.0,0.008069
2026-06-01 09:08:00,1,Tomato,Mid-season,Loam,28.12,57.84666666666667,707.7666666666667,2.84,0.0,55.0,70.0,25.0,60.0,1.15,,,0.006712,0.007719,0.0,0.007719
2026-06-01 09:08:00,2,Wheat,Development,Sandy,28.12,57.84666666666667,707.7666666666667,2.84,0.0,42.0,60.0,18.0,55.0,0.85,,,0.006712,0.005705,0.0,0.005705
2026-06-01 09:08:00,3,Maize,Mid-season,Clay,28.12,57.84666666666667,707.7666666666667,2.84,0.0,65.0,75.0,30.0,65.0,1.2,,,0.006712,0.008054,0.0,0.008054
2026-06-01 09:09:00,1,Tomato,Mid-season,Loam,28.16,57.74,709.925,2.845,0.0,55.0,70.0,25.0,60.0,1.15,,,0.006714,0.007721,0.0,0.007721
2026-06-01 09:09:00,2,Wheat,Development,Sandy,28.16,57.74,709.925,2.845,0.0,42.0,60.0,18.0,55.0,0.85,,,0.006714,0.005707,0.0,0.005707
2026-06-01 09:09:00,3,Maize,Mid-season,Clay,28.16,57.74,709.925,2.845,0.0,65.0,75.0,30.0,65.0,1.2,,,0.006714,0.008057,0.0,0.008057
2026-06-01 09:10:00,1,Tomato,Mid-season,Loam,28.2,57.63333333333333,712.0833333333334,2.85,0.0,55.0,70.0,25.0,60.0,1.15,,,0.00716,0.008234,0.0,0.008234
2026-06-01 09:10:00,2,Wheat,Development,Sandy,28.2,57.63333333333333,712.0833333333334,2.85,0.0,42.0,60.0,18.0,55.0,0.85,,,0.00716,0.006086,0.0,0.006086
2026-06-01 09:10:00,3,Maize,Mid-season,Clay,28.2,57.63333333333333,712.0833333333334,2.85,0.0,65.0,75.0,30.0,65.0,1.2,,,0.00716,0.008592,0.0,0.008592
2026-06-01 09:11:00,1,Tomato,Mid-season,Loam,28.24,57.52666666666667,714.2416666666667,2.855,0.0,55.0,70.0,25.0,60.0,1.15,,,0.00713,0.0082,0.0,0.0082
2026-06-01 09:11:00,2,Wheat,Development,Sandy,28.24,57.52666666666667,714.2416666666667,2.855,0.0,42.0,60.0,18.0,55.0,0.85,,,0.00713,0.00606,0.0,0.00606
2026-06-01 09:11:00,3,Maize,Mid-season,Clay,28.24,57.52666666666667,714.2416666666667,2.855,0.0,65.0,75.0,30.0,65.0,1.2,,,0.00713,0.008556,0.0,0.008556
2026-06-01 09:12:00,1,Tomato,Mid-season,Loam,28.28,57.42,716.4,2.86,0.0,55.0,70.0,25.0,60.0,1.15,,,0.00717,0.008246,0.0,0.008246
2026-06-01 09:12:00,2,Wheat,Development,Sandy,28.28,57.42,716.4,2.86,0.0,42.0,60.0,18.0,55.0,0.85,,,0.00717,0.006094,0.0,0.006094
2026-06-01 09:12:00,3,Maize,Mid-season,Clay,28.28,57.42,716.4,2.86,0.0,65.0,75.0,30.0,65.0,1.2,,,0.00717,0.008604,0.0,0.008604
2026-06-01 09:13:00,1,Tomato,Mid-season,Loam,28.32,57.31333333333333,718.5583333333333,2.865,0.0,55.0,70.0,25.0,60.0,1.15,,,0.007405,0.008516,0.0,0.008516
2026-06-01 09:13:00,2,Wheat,Development,Sandy,28.32,57.31333333333333,718.5583333333333,2.865,0.0,42.0,60.0,18.0,55.0,0.85,,,0.007405,0.006294,0.0,0.006294
2026-06-01 09:13:00,3,Maize,Mid-season,Clay,28.32,57.31333333333333,718.5583333333333,2.865,0.0,65.0,75.0,30.0,65.0,1.2,,,0.007405,0.008886,0.0,0.008886
2026-06-01 09:14:00,1,Tomato,Mid-season,Loam,28.36,57.20666666666667,720.7166666666667,2.87,0.0,55.0,70.0,25.0,60.0,1.15,,,0.007193,0.008272,0.0,0.008272
2026-06-01 09:14:00,2,Wheat,Development,Sandy,28.36,57.20666666666667,720.7166666666667,2.87,0.0,42.0,60.0,18.0,55.0,0.85,,,0.007193,0.006114,0.0,0.006114
2026-06-01 09:14:00,3,Maize,Mid-season,Clay,28.36,57.20666666666667,720.7166666666667,2.87,0.0,65.0,75.0,30.0,65.0,1.2,,,0.007193,0.008632,0.0,0.008632
2026-06-01 09:15:00,1,Tomato,Mid-season,Loam,28.4,57.1,722.875,2.875,0.0,55.0,70.0,25.0,60.0,1.15,,,0.007226,0.00831,0.0,0.00831
2026-06-01 09:15:00,2,Wheat,Development,Sandy,28.4,57.1,722.875,2.875,0.0,42.0,60.0,18.0,55.0,0.85,,,0.007226,0.006142,0.0,0.006142
2026-06-01 09:15:00,3,Maize,Mid-season,Clay,28.4,57.1,722.875,2.875,0.0,65.0,75.0,30.0,65.0,1.2,,,0.007226,0.008671,0.0,0.008671
2026-06-01 09:16:00,1,Tomato,Mid-season,Loam,28.44,56.99333333333333,725.0333333333333,2.88,0.0,55.0,70.0,25.0,60.0,1.15,,,0.007197,0.008277,0.0,0.008277
2026-06-01 09:16:00,2,Wheat,Development,Sandy,28.44,56.99333333333333,725.0333333333333,2.88,0.0,42.0,60.0,18.0,55.0,0.85,,,0.007197,0.006117,0.0,0.006117
2026-06-01 09:16:00,3,Maize,Mid-season,Clay,28.44,56.99333333333333,725.0333333333333,2.88,0.0,65.0,75.0,30.0,65.0,1.2,,,0.007197,0.008636,0.0,0.008636
2026-06-01 09:17:00,1,Tomato,Mid-season,Loam,28.48,56.88666666666667,727.1916666666666,2.885,0.0,55.0,70.0,25.0,60.0,1.15,,,0.007135,0.008205,0.0,0.008205
2026-06-01 09:17:00,2,Wheat,Development,Sandy,28.48,56.88666666666667,727.1916666666666,2.885,0.0,42.0,60.0,18.0,55.0,0.85,,,0.007135,0.006065,0.0,0.006065
2026-06-01 09:17:00,3,Maize,Mid-season,Clay,28.48,56.88666666666667,727.1916666666666,2.885,0.0,65.0,75.0,30.0,65.0,1.2,,,0.007135,0.008562,0.0,0.008562
2026-06-01 09:18:00,1,Tomato,Mid-season,Loam,28.52,56.78,729.35,2.89,0.0,55.0,70.0,25.0,60.0,1.15,,,0.007077,0.008139,0.0,0.008139
2026-06-01 09:18:00,2,Wheat,Development,Sandy,28.52,56.78,729.35,2.89,0.0,42.0,60.0,18.0,55.0,0.85,,,0.007077,0.006015,0.0,0.006015
2026-06-01 09:18:00,3,Maize,Mid-season,Clay,28.52,56.78,729.35,2.89,0.0,65.0,75.0,30.0,65.0,1.2,,,0.007077,0.008492,0.0,0.008492
2026-06-01 09:19:00,1,Tomato,Mid-season,Loam,28.56,56.67333333333333,731.5083333333333,2.895,0.0,55.0,70.0,25.0,60.0,1.15,,,0.007701,0.008856,0.0,0.008856
2026-06-01 09:19:00,2,Wheat,Development,Sandy,28.56,56.67333333333333,731.5083333333333,2.895,0.0,42.0,60.0,18.0,55.0,0.85,,,0.007701,0.006546,0.0,0.006546
2026-06-01 09:19:00,3,Maize,Mid-season,Clay,28.56,56.67333333333333,731.5083333333333,2.895,0.0,65.0,75.0,30.0,65.0,1.2,,,0.007701,0.009241,0.0,0.009241
2026-06-01 09:20:00,1,Tomato,Mid-season,Loam,28.6,56.56666666666667,733.6666666666666,2.9,0.0,55.0,70.0,25.0,60.0,1.15,,,0.007194,0.008273,0.0,0.008273
2026-06-01 09:20:00,2,Wheat,Development,Sandy,28.6,56.56666666666667,733.6666666666666,2.9,0.0,42.0,60.0,18.0,55.0,0.85,,,0.007194,0.006115,0.0,0.006115
2026-06-01 09:20:00,3,Maize,Mid-season,Clay,28.6,56.56666666666667,733.6666666666666,2.9,0.0,65.0,75.0,30.0,65.0,1.2,,,0.007194,0.008633,0.0,0.008633
2026-06-01 09:21:00,1,Tomato,Mid-season,Loam,28.64,56.46,735.825,2.905,0.0,55.0,70.0,25.0,60.0,1.15,,,0.007204,0.008285,0.0,0.008285
2026-06-01 09:21:00,2,Wheat,Development,Sandy,28.64,56.46,735.825,2.905,0.0,42.0,60.0,18.0,55.0,0.85,,,0.007204,0.006123,0.0,0.006123
2026-06-01 09:21:00,3,Maize,Mid-season,Clay,28.64,56.46,735.825,2.905,0.0,65.0,75.0,30.0,65.0,1.2,,,0.007204,0.008645,0.0,0.008645
2026-06-01 09:22:00,1,Tomato,Mid-season,Loam,28.68,56.35333333333333,737.9833333333333,2.91,0.0,55.0,70.0,25.0,60.0,1.15,,,0.007477,0.008599,0.0,0.008599
2026-06-01 09:22:00,2,Wheat,Development,Sandy,28.68,56.35333333333333,737.9833333333333,2.91,0.0,42.0,60.0,18.0,55.0,0.85,,,0.007477,0.006355,0.0,0.006355
2026-06-01 09:22:00,3,Maize,Mid-season,Clay,28.68,56.35333333333333,737.9833333333333,2.91,0.0,65.0,75.0,30.0,65.0,1.2,,,0.007477,0.008972,0.0,0.008972
2026-06-01 09:23:00,1,Tomato,Mid-season,Loam,28.72,56.24666666666667,740.1416666666667,2.915,0.0,55.0,70.0,25.0,60.0,1.15,,,0.007434,0.008549,0.0,0.008549
2026-06-01 09:23:00,2,Wheat,Development,Sandy,28.72,56.24666666666667,740.1416666666667,2.915,0.0,42.0,60.0,18.0,55.0,0.85,,,0.007434,0.006319,0.0,0.006319
2026-06-01 09:23:00,3,Maize,Mid-season,Clay,28.72,56.24666666666667,740.1416666666667,2.915,0.0,65.0,75.0,30.0,65.0,1.2,,,0.007434,0.008921,0.0,0.008921
2026-06-01 09:24:00,1,Tomato,Mid-season,Loam,28.76,56.14,742.3,2.92,0.0,55.0,70.0,25.0,60.0,1.15,,,0.007138,0.008209,0.0,0.008209
2026-06-01 09:24:00,2,Wheat,Development,Sandy,28.76,56.14,742.3,2.92,0.0,42.0,60.0,18.0,55.0,0.85,,,0.007138,0.006067,0.0,0.006067
2026-06-01 09:24:00,3,Maize,Mid-season,Clay,28.76,56.14,742.3,2.92,0.0,65.0,75.0,30.0,65.0,1.2,,,0.007138,0.008566,0.0,0.008566
2026-06-01 09:25:00,1,Tomato,Mid-season,Loam,28.8,56.03333333333333,744.4583333333334,2.925,0.0,55.0,70.0,25.0,60.0,1.15,,,0.007736,0.008896,0.0,0.008896
2026-06-01 09:25:00,2,Wheat,Development,Sandy,28.8,56.03333333333333,744.4583333333334,2.925,0.0,42.0,60.0,18.0,55.0,0.85,,,0.007736,0.006576,0.0,0.006576
2026-06-01 09:25:00,3,Maize,Mid-season,Clay,28.8,56.03333333333333,744.4583333333334,2.925,0.0,65.0,75.0,30.0,65.0,1.2,,,0.007736,0.009283,0.0,0.009283
2026-06-01 09:26:00,1,Tomato,Mid-season,Loam,28.84,55.92666666666667,746.6166666666667,2.93,0.0,55.0,70.0,25.0,60.0,1.15,,,0.007459,0.008578,0.0,0.008578
2026-06-01 09:26:00,2,Wheat,Development,Sandy,28.84,55.92666666666667,746.6166666666667,2.93,0.0,42.0,60.0,18.0,55.0,0.85,,,0.007459,0.00634,0.0,0.00634
2026-06-01 09:26:00,3,Maize,Mid-season,Clay,28.84,55.92666666666667,746.6166666666667,2.93,0.0,65.0,75.0,30.0,65.0,1.2,,,0.007459,0.008951,0.0,0.008951
2026-06-01 09:27:00,1,Tomato,Mid-season,Loam,28.88,55.82,748.775,2.935,0.0,55.0,70.0,25.0,60.0,1.15,,,0.007191,0.00827,0.0,0.00827
2026-06-01 09:27:00,2,Wheat,Development,Sandy,28.88,55.82,748.775,2.935,0.0,42.0,60.0,18.0,55.0,0.85,,,0.007191,0.006112,0.0,0.006112
2026-06-01 09:27:00,3,Maize,Mid-season,Clay,28.88,55.82,748.775,2.935,0.0,65.0,75.0,30.0,65.0,1.2,,,0.007191,0.008629,0.0,0.008629
2026-06-01 09:28:00,1,Tomato,Mid-season,Loam,28.92,55.71333333333333,750.9333333333333,2.94,0.0,55.0,70.0,25.0,60.0,1.15,,,0.007835,0.00901,0.0,0.00901
2026-06-01 09:28:00,2,Wheat,Development,Sandy,28.92,55.71333333333333,750.9333333333333,2.94,0.0,42.0,60.0,18.0,55.0,0.85,,,0.007835,0.00666,0.0,0.00666
2026-06-01 09:28:00,3,Maize,Mid-season,Clay,28.92,55.71333333333333,750.9333333333333,2.94,0.0,65.0,75.0,30.0,65.0,1.2,,,0.007835,0.009402,0.0,0.009402
2026-06-01 09:29:00,1,Tomato,Mid-season,Loam,28.96,55.60666666666667,753.0916666666667,2.945,0.0,55.0,70.0,25.0,60.0,1.15,,,0.007676,0.008827,0.0,0.008827
2026-06-01 09:29:00,2,Wheat,Development,Sandy,28.96,55.60666666666667,753.0916666666667,2.945,0.0,42.0,60.0,18.0,55.0,0.85,,,0.007676,0.006525,0.0,0.006525
2026-06-01 09:29:00,3,Maize,Mid-season,Clay,28.96,55.60666666666667,753.0916666666667,2.945,0.0,65.0,75.0,30.0,65.0,1.2,,,0.007676,0.009211,0.0,0.009211
2026-06-01 09:30:00,1,Tomato,Mid-season,Loam,29.0,55.5,755.25,2.95,0.0,55.0,70.0,25.0,60.0,1.15,,,0.007293,0.008387,0.0,0.008387
2026-06-01 09:30:00,2,Wheat,Development,Sandy,29.0,55.5,755.25,2.95,0.0,42.0,60.0,18.0,55.0,0.85,,,0.007293,0.006199,0.0,0.006199
2026-06-01 09:30:00,3,Maize,Mid-season,Clay,29.0,55.5,755.25,2.95,0.0,65.0,75.0,30.0,65.0,1.2,,,0.007293,0.008752,0.0,0.008752
2026-06-01 09:31:00,1,Tomato,Mid-season,Loam,29.04,55.39333333333333,757.4083333333333,2.955,0.0,55.0,70.0,25.0,60.0,1.15,,,0.008053,0.009261,0.0,0.009261
2026-06-01 09:31:00,2,Wheat,Development,Sandy,29.04,55.39333333333333,757.4083333333333,2.955,0.0,42.0,60.0,18.0,55.0,0.85,,,0.008053,0.006845,0.0,0.006845
2026-06-01 09:31:00,3,Maize,Mid-season,Clay,29.04,55.39333333333333,757.4083333333333,2.955,0.0,65.0,75.0,30.0,65.0,1.2,,,0.008053,0.009664,0.0,0.009664
2026-06-01 09:32:00,1,Tomato,Mid-season,Loam,29.08,55.28666666666667,759.5666666666666,2.96,0.0,55.0,70.0,25.0,60.0,1.15,,,0.00782,0.008993,0.0,0.008993
2026-06-01 09:32:00,2,Wheat,Development,Sandy,29.08,55.28666666666667,759.5666666666666,2.96,0.0,42.0,60.0,18.0,55.0,0.85,,,0.00782,0.006647,0.0,0.006647
2026-06-01 09:32:00,3,Maize,Mid-season,Clay,29.08,55.28666666666667,759.5666666666666,2.96,0.0,65.0,75.0,30.0,65.0,1.2,,,0.00782,0.009384,0.0,0.009384
2026-06-01 09:33:00,1,Tomato,Mid-season,Loam,29.12,55.18,761.725,2.965,0.0,55.0,70.0,25.0,60.0,1.15,,,0.00767,0.00882,0.0,0.00882
2026-06-01 09:33:00,2,Wheat,Development,Sandy,29.12,55.18,761.725,2.965,0.0,42.0,60.0,18.0,55.0,0.85,,,0.00767,0.006519,0.0,0.006519
2026-06-01 09:33:00,3,Maize,Mid-season,Clay,29.12,55.18,761.725,2.965,0.0,65.0,75.0,30.0,65.0,1.2,,,0.00767,0.009204,0.0,0.009204
2026-06-01 09:34:00,1,Tomato,Mid-season,Loam,29.16,55.07333333333333,763.8833333333333,2.97,0.0,55.0,70.0,25.0,60.0,1.15,,,0.008076,0.009287,0.0,0.009287
2026-06-01 09:34:00,2,Wheat,Development,Sandy,29.16,55.07333333333333,763.8833333333333,2.97,0.0,42.0,60.0,18.0,55.0,0.85,,,0.008076,0.006865,0.0,0.006865
2026-06-01 09:34:00,3,Maize,Mid-season,Clay,29.16,55.07333333333333,763.8833333333333,2.97,0.0,65.0,75.0,30.0,65.0,1.2,,,0.008076,0.009691,0.0,0.009691
2026-06-01 09:35:00,1,Tomato,Mid-season,Loam,29.2,54.96666666666667,766.0416666666666,2.975,0.0,55.0,70.0,25.0,60.0,1.15,,,0.007745,0.008907,0.0,0.008907
2026-06-01 09:35:00,2,Wheat,Development,Sandy,29.2,54.96666666666667,766.0416666666666,2.975,0.0,42.0,60.0,18.0,55.0,0.85,,,0.007745,0.006583,0.0,0.006583
2026-06-01 09:35:00,3,Maize,Mid-season,Clay,29.2,54.96666666666667,766.0416666666666,2.975,0.0,65.0,75.0,30.0,65.0,1.2,,,0.007745,0.009294,0.0,0.009294
2026-06-01 09:36:00,1,Tomato,Mid-season,Loam,29.24,54.86,768.2,2.98,0.0,55.0,70.0,25.0,60.0,1.15,,,0.007807,0.008978,0.0,0.008978
2026-06-01 09:36:00,2,Wheat,Development,Sandy,29.24,54.86,768.2,2.98,0.0,42.0,60.0,18.0,55.0,0.85,,,0.007807,0.006636,0.0,0.006636
2026-06-01 09:36:00,3,Maize,Mid-season,Clay,29.24,54.86,768.2,2.98,0.0,65.0,75.0,30.0,65.0,1.2,,,0.007807,0.009368,0.0,0.009368
2026-06-01 09:37:00,1,Tomato,Mid-season,Loam,29.28,54.75333333333333,770.3583333333333,2.985,0.0,55.0,70.0,25.0,60.0,1.15,,,0.007591,0.00873,0.0,0.00873
2026-06-01 09:37:00,2,Wheat,Development,Sandy,29.28,54.75333333333333,770.3583333333333,2.985,0.0,42.0,60.0,18.0,55.0,0.85,,,0.007591,0.006452,0.0,0.006452
2026-06-01 09:37:00,3,Maize,Mid-season,Clay,29.28,54.75333333333333,770.3583333333333,2.985,0.0,65.0,75.0,30.0,65.0,1.2,,,0.007591,0.009109,0.0,0.009109
2026-06-01 09:38:00,1,Tomato,Mid-season,Loam,29.32,54.64666666666667,772.5166666666667,2.99,0.0,55.0,70.0,25.0,60.0,1.15,,,0.007801,0.008971,0.0,0.008971
2026-06-01 09:38:00,2,Wheat,Development,Sandy,29.32,54.64666666666667,772.5166666666667,2.99,0.0,42.0,60.0,18.0,55.0,0.85,,,0.007801,0.006631,0.0,0.006631
2026-06-01 09:38:00,3,Maize,Mid-season,Clay,29.32,54.64666666666667,772.5166666666667,2.99,0.0,65.0,75.0,30.0,65.0,1.2,,,0.007801,0.009361,0.0,0.009361
2026-06-01 09:39:00,1,Tomato,Mid-season,Loam,29.36,54.54,774.675,2.995,0.0,55.0,70.0,25.0,60.0,1.15,,,0.007842,0.009018,0.0,0.009018
2026-06-01 09:39:00,2,Wheat,Development,Sandy,29.36,54.54,774.675,2.995,0.0,42.0,60.0,18.0,55.0,0.85,,,0.007842,0.006666,0.0,0.006666
2026-06-01 09:39:00,3,Maize,Mid-season,Clay,29.36,54.54,774.675,2.995,0.0,65.0,75.0,30.0,65.0,1.2,,,0.007842,0.00941,0.0,0.00941
2026-06-01 09:40:00,1,Tomato,Mid-season,Loam,29.4,54.43333333333333,776.8333333333334,3.0,0.0,55.0,70.0,25.0,60.0,1.15,,,0.007737,0.008898,0.0,0.008898
2026-06-01 09:40:00,2,Wheat,Development,Sandy,29.4,54.43333333333333,776.8333333333334,3.0,0.0,42.0,60.0,18.0,55.0,0.85,,,0.007737,0.006576,0.0,0.006576
2026-06-01 09:40:00,3,Maize,Mid-season,Clay,29.4,54.43333333333333,776.8333333333334,3.0,0.0,65.0,75.0,30.0,65.0,1.2,,,0.007737,0.009284,0.0,0.009284
2026-06-01 09:41:00,1,Tomato,Mid-season,Loam,29.44,54.32666666666667,778.9916666666667,3.005,0.0,55.0,70.0,25.0,60.0,1.15,,,0.007619,0.008762,0.0,0.008762
2026-06-01 09:41:00,2,Wheat,Development,Sandy,29.44,54.32666666666667,778.9916666666667,3.005,0.0,42.0,60.0,18.0,55.0,0.85,,,0.007619,0.006476,0.0,0.006476
2026-06-01 09:41:00,3,Maize,Mid-season,Clay,29.44,54.32666666666667,778.9916666666667,3.005,0.0,65.0,75.0,30.0,65.0,1.2,,,0.007619,0.009143,0.0,0.009143
2026-06-01 09:42:00,1,Tomato,Mid-season,Loam,29.48,54.22,781.15,3.01,0.0,55.0,70.0,25.0,60.0,1.15,,,0.007858,0.009037,0.0,0.009037
2026-06-01 09:42:00,2,Wheat,Development,Sandy,29.48,54.22,781.15,3.01,0.0,42.0,60.0,18.0,55.0,0.85,,,0.007858,0.006679,0.0,0.006679
2026-06-01 09:42:00,3,Maize,Mid-season,Clay,29.48,54.22,781.15,3.01,0.0,65.0,75.0,30.0,65.0,1.2,,,0.007858,0.00943,0.0,0.00943
2026-06-01 09:43:00,1,Tomato,Mid-season,Loam,29.52,54.11333333333333,783.3083333333334,3.015,0.0,55.0,70.0,25.0,60.0,1.15,,,0.007812,0.008984,0.0,0.008984
2026-06-01 09:43:00,2,Wheat,Development,Sandy,29.52,54.11333333333333,783.3083333333334,3.015,0.0,42.0,60.0,18.0,55.0,0.85,,,0.007812,0.00664,0.0,0.00664
2026-06-01 09:43:00,3,Maize,Mid-season,Clay,29.52,54.11333333333333,783.3083333333334,3.015,0.0,65.0,75.0,30.0,65.0,1.2,,,0.007812,0.009374,0.0,0.009374
2026-06-01 09:44:00,1,Tomato,Mid-season,Loam,29.56,54.00666666666667,785.4666666666667,3.02,0.0,55.0,70.0,25.0,60.0,1.15,,,0.007588,0.008726,0.0,0.008726
2026-06-01 09:44:00,2,Wheat,Development,Sandy,29.56,54.00666666666667,785.4666666666667,3.02,0.0,42.0,60.0,18.0,55.0,0.85,,,0.007588,0.00645,0.0,0.00645
2026-06-01 09:44:00,3,Maize,Mid-season,Clay,29.56,54.00666666666667,785.4666666666667,3.02,0.0,65.0,75.0,30.0,65.0,1.2,,,0.007588,0.009106,0.0,0.009106
2026-06-01 09:45:00,1,Tomato,Mid-season,Loam,29.6,53.9,787.625,3.025,0.0,55.0,70.0,25.0,60.0,1.15,,,0.007633,0.008778,0.0,0.008778
2026-06-01 09:45:00,2,Wheat,Development,Sandy,29.6,53.9,787.625,3.025,0.0,42.0,60.0,18.0,55.0,0.85,,,0.007633,0.006488,0.0,0.006488
2026-06-01 09:45:00,3,Maize,Mid-season,Clay,29.6,53.9,787.625,3.025,0.0,65.0,75.0,30.0,65.0,1.2,,,0.007633,0.00916,0.0,0.00916
2026-06-01 09:46:00,1,Tomato,Mid-season,Loam,29.64,53.79333333333333,789.7833333333333,3.03,0.0,55.0,70.0,25.0,60.0,1.15,,,0.007942,0.009133,0.0,0.009133
2026-06-01 09:46:00,2,Wheat,Development,Sandy,29.64,53.79333333333333,789.7833333333333,3.03,0.0,42.0,60.0,18.0,55.0,0.85,,,0.007942,0.006751,0.0,0.006751
2026-06-01 09:46:00,3,Maize,Mid-season,Clay,29.64,53.79333333333333,789.7833333333333,3.03,0.0,65.0,75.0,30.0,65.0,1.2,,,0.007942,0.00953,0.0,0.00953
2026-06-01 09:47:00,1,Tomato,Mid-season,Loam,29.68,53.68666666666667,791.9416666666666,3.035,0.0,55.0,70.0,25.0,60.0,1.15,,,0.00748,0.008602,0.0,0.008602
2026-06-01 09:47:00,2,Wheat,Development,Sandy,29.68,53.68666666666667,791.9416666666666,3.035,0.0,42.0,60.0,18.0,55.0,0.85,,,0.00748,0.006358,0.0,0.006358
2026-06-01 09:47:00,3,Maize,Mid-season,Clay,29.68,53.68666666666667,791.9416666666666,3.035,0.0,65.0,75.0,30.0,65.0,1.2,,,0.00748,0.008976,0.0,0.008976
2026-06-01 09:48:00,1,Tomato,Mid-season,Loam,29.72,53.58,794.1,3.04,0.0,55.0,70.0,25.0,60.0,1.15,,,0.008031,0.009236,0.0,0.009236
2026-06-01 09:48:00,2,Wheat,Development,Sandy,29.72,53.58,794.1,3.04,0.0,42.0,60.0,18.0,55.0,0.85,,,0.008031,0.006826,0.0,0.006826
2026-06-01 09:48:00,3,Maize,Mid-season,Clay,29.72,53.58,794.1,3.04,0.0,65.0,75.0,30.0,65.0,1.2,,,0.008031,0.009637,0.0,0.009637
2026-06-01 09:49:00,1,Tomato,Mid-season,Loam,29.76,53.47333333333333,796.2583333333333,3.045,0.0,55.0,70.0,25.0,60.0,1.15,,,0.00798,0.009177,0.0,0.009177
2026-06-01 09:49:00,2,Wheat,Development,Sandy,29.76,53.47333333333333,796.2583333333333,3.045,0.0,42.0,60.0,18.0,55.0,0.85,,,0.00798,0.006783,0.0,0.006783
2026-06-01 09:49:00,3,Maize,Mid-season,Clay,29.76,53.47333333333333,796.2583333333333,3.045,0.0,65.0,75.0,30.0,65.0,1.2,,,0.00798,0.009576,0.0,0.009576
2026-06-01 09:50:00,1,Tomato,Mid-season,Loam,29.8,53.36666666666667,798.4166666666666,3.05,0.0,55.0,70.0,25.0,60.0,1.15,,,0.008306,0.009552,0.0,0.009552
2026-06-01 09:50:00,2,Wheat,Development,Sandy,29.8,53.36666666666667,798.4166666666666,3.05,0.0,42.0,60.0,18.0,55.0,0.85,,,0.008306,0.00706,0.0,0.00706
2026-06-01 09:50:00,3,Maize,Mid-season,Clay,29.8,53.36666666666667,798.4166666666666,3.05,0.0,65.0,75.0,30.0,65.0,1.2,,,0.008306,0.009967,0.0,0.009967
2026-06-01 09:51:00,1,Tomato,Mid-season,Loam,29.84,53.26,800.575,3.055,0.0,55.0,70.0,25.0,60.0,1.15,,,0.00798,0.009177,0.0,0.009177
2026-06-01 09:51:00,2,Wheat,Development,Sandy,29.84,53.26,800.575,3.055,0.0,42.0,60.0,18.0,55.0,0.85,,,0.00798,0.006783,0.0,0.006783
2026-06-01 09:51:00,3,Maize,Mid-season,Clay,29.84,53.26,800.575,3.055,0.0,65.0,75.0,30.0,65.0,1.2,,,0.00798,0.009576,0.0,0.009576
2026-06-01 09:52:00,1,Tomato,Mid-season,Loam,29.88,53.15333333333333,802.7333333333333,3.06,0.0,55.0,70.0,25.0,60.0,1.15,,,0.008282,0.009524,0.0,0.009524
2026-06-01 09:52:00,2,Wheat,Development,Sandy,29.88,53.15333333333333,802.7333333333333,3.06,0.0,42.0,60.0,18.0,55.0,0.85,,,0.008282,0.00704,0.0,0.00704
2026-06-01 09:52:00,3,Maize,Mid-season,Clay,29.88,53.15333333333333,802.7333333333333,3.06,0.0,65.0,75.0,30.0,65.0,1.2,,,0.008282,0.009938,0.0,0.009938
2026-06-01 09:53:00,1,Tomato,Mid-season,Loam,29.92,53.04666666666667,804.8916666666667,3.065,0.0,55.0,70.0,25.0,60.0,1.15,,,0.008005,0.009206,0.0,0.009206
2026-06-01 09:53:00,2,Wheat,Development,Sandy,29.92,53.04666666666667,804.8916666666667,3.065,0.0,42.0,60.0,18.0,55.0,0.85,,,0.008005,0.006804,0.0,0.006804
2026-06-01 09:53:00,3,Maize,Mid-season,Clay,29.92,53.04666666666667,804.8916666666667,3.065,0.0,65.0,75.0,30.0,65.0,1.2,,,0.008005,0.009606,0.0,0.009606
2026-06-01 09:54:00,1,Tomato,Mid-season,Loam,29.96,52.94,807.05,3.0700000000000003,0.0,55.0,70.0,25.0,60.0,1.15,,,0.008114,0.009331,0.0,0.009331
2026-06-01 09:54:00,2,Wheat,Development,Sandy,29.96,52.94,807.05,3.0700000000000003,0.0,42.0,60.0,18.0,55.0,0.85,,,0.008114,0.006897,0.0,0.006897
2026-06-01 09:54:00,3,Maize,Mid-season,Clay,29.96,52.94,807.05,3.0700000000000003,0.0,65.0,75.0,30.0,65.0,1.2,,,0.008114,0.009737,0.0,0.009737
2026-06-01 09:55:00,1,Tomato,Mid-season,Loam,30.0,52.83333333333333,809.2083333333334,3.075,0.0,55.0,70.0,25.0,60.0,1.15,,,0.008299,0.009544,0.0,0.009544
2026-06-01 09:55:00,2,Wheat,Development,Sandy,30.0,52.83333333333333,809.2083333333334,3.075,0.0,42.0,60.0,18.0,55.0,0.85,,,0.008299,0.007054,0.0,0.007054
2026-06-01 09:55:00,3,Maize,Mid-season,Clay,30.0,52.83333333333333,809.2083333333334,3.075,0.0,65.0,75.0,30.0,65.0,1.2,,,0.008299,0.009959,0.0,0.009959
2026-06-01 09:56:00,1,Tomato,Mid-season,Loam,30.04,52.72666666666667,811.3666666666667,3.08,0.0,55.0,70.0,25.0,60.0,1.15,,,0.008183,0.00941,0.0,0.00941
2026-06-01 09:56:00,2,Wheat,Development,Sandy,30.04,52.72666666666667,811.3666666666667,3.08,0.0,42.0,60.0,18.0,55.0,0.85,,,0.008183,0.006956,0.0,0.006956
2026-06-01 09:56:00,3,Maize,Mid-season,Clay,30.04,52.72666666666667,811.3666666666667,3.08,0.0,65.0,75.0,30.0,65.0,1.2,,,0.008183,0.00982,0.0,0.00982
2026-06-01 09:57:00,1,Tomato,Mid-season,Loam,30.08,52.62,813.525,3.085,0.0,55.0,70.0,25.0,60.0,1.15,,,0.008483,0.009755,0.0,0.009755
2026-06-01 09:57:00,2,Wheat,Development,Sandy,30.08,52.62,813.525,3.085,0.0,42.0,60.0,18.0,55.0,0.85,,,0.008483,0.007211,0.0,0.007211
2026-06-01 09:57:00,3,Maize,Mid-season,Clay,30.08,52.62,813.525,3.085,0.0,65.0,75.0,30.0,65.0,1.2,,,0.008483,0.01018,0.0,0.01018
2026-06-01 09:58:00,1,Tomato,Mid-season,Loam,30.12,52.51333333333333,815.6833333333333,3.09,0.0,55.0,70.0,25.0,60.0,1.15,,,0.008047,0.009254,0.0,0.009254
2026-06-01 09:58:00,2,Wheat,Development,Sandy,30.12,52.51333333333333,815.6833333333333,3.09,0.0,42.0,60.0,18.0,55.0,0.85,,,0.008047,0.00684,0.0,0.00684
2026-06-01 09:58:00,3,Maize,Mid-season,Clay,30.12,52.51333333333333,815.6833333333333,3.09,0.0,65.0,75.0,30.0,65.0,1.2,,,0.008047,0.009656,0.0,0.009656
2026-06-01 09:59:00,1,Tomato,Mid-season,Loam,30.16,52.406666666666666,817.8416666666667,3.095,0.0,55.0,70.0,25.0,60.0,1.15,,,0.008246,0.009483,0.0,0.009483
2026-06-01 09:59:00,2,Wheat,Development,Sandy,30.16,52.406666666666666,817.8416666666667,3.095,0.0,42.0,60.0,18.0,55.0,0.85,,,0.008246,0.007009,0.0,0.007009
2026-06-01 09:59:00,3,Maize,Mid-season,Clay,30.16,52.406666666666666,817.8416666666667,3.095,0.0,65.0,75.0,30.0,65.0,1.2,,,0.008246,0.009895,0.0,0.009895
2026-06-01 10:00:00,1,Tomato,Mid-season,Loam,30.2,52.3,820.0,3.1,0.0,55.0,70.0,25.0,60.0,1.15,,,0.008552,0.009835,0.0,0.009835
2026-06-01 10:00:00,2,Wheat,Development,Sandy,30.2,52.3,820.0,3.1,0.0,42.0,60.0,18.0,55.0,0.85,,,0.008552,0.007269,0.0,0.007269
2026-06-01 10:00:00,3,Maize,Mid-season,Clay,30.2,52.3,820.0,3.1,0.0,65.0,75.0,30.0,65.0,1.2,,,0.008552,0.010262,0.0,0.010262
2026-06-01 10:01:00,1,Tomato,Mid-season,Loam,30.231666666666666,52.225,821.2566666666667,3.103333333333333,0.0,55.0,70.0,25.0,60.0,1.15,,,0.008414,0.009676,0.0,0.009676
2026-06-01 10:01:00,2,Wheat,Development,Sandy,30.231666666666666,52.225,821.2566666666667,3.103333333333333,0.0,42.0,60.0,18.0,55.0,0.85,,,0.008414,0.007152,0.0,0.007152
2026-06-01 10:01:00,3,Maize,Mid-season,Clay,30.231666666666666,52.225,821.2566666666667,3.103333333333333,0.0,65.0,75.0,30.0,65.0,1.2,,,0.008414,0.010097,0.0,0.010097
2026-06-01 10:02:00,1,Tomato,Mid-season,Loam,30.26333333333333,52.15,822.5133333333333,3.106666666666667,0.0,55.0,70.0,25.0,60.0,1.15,,,0.008802,0.010122,0.0,0.010122
2026-06-01 10:02:00,2,Wheat,Development,Sandy,30.26333333333333,52.15,822.5133333333333,3.106666666666667,0.0,42.0,60.0,18.0,55.0,0.85,,,0.008802,0.007482,0.0,0.007482
2026-06-01 10:02:00,3,Maize,Mid-season,Clay,30.26333333333333,52.15,822.5133333333333,3.106666666666667,0.0,65.0,75.0,30.0,65.0,1.2,,,0.008802,0.010562,0.0,0.010562
2026-06-01 10:03:00,1,Tomato,Mid-season,Loam,30.295,52.075,823.77,3.11,0.0,55.0,70.0,25.0,60.0,1.15,,,0.008234,0.009469,0.0,0.009469
2026-06-01 10:03:00,2,Wheat,Development,Sandy,30.295,52.075,823.77,3.11,0.0,42.0,60.0,18.0,55.0,0.85,,,0.008234,0.006999,0.0,0.006999
2026-06-01 10:03:00,3,Maize,Mid-season,Clay,30.295,52.075,823.77,3.11,0.0,65.0,75.0,30.0,65.0,1.2,,,0.008234,0.009881,0.0,0.009881
2026-06-01 10:04:00,1,Tomato,Mid-season,Loam,30.326666666666664,52.0,825.0266666666666,3.1133333333333333,0.0,55.0,70.0,25.0,60.0,1.15,,,0.008141,0.009362,0.0,0.009362
2026-06-01 10:04:00,2,Wheat,Development,Sandy,30.326666666666664,52.0,825.0266666666666,3.1133333333333333,0.0,42.0,60.0,18.0,55.0,0.85,,,0.008141,0.00692,0.0,0.00692
2026-06-01 10:04:00,3,Maize,Mid-season,Clay,30.326666666666664,52.0,825.0266666666666,3.1133333333333333,0.0,65.0,75.0,30.0,65.0,1.2,,,0.008141,0.009769,0.0,0.009769
2026-06-01 10:05:00,1,Tomato,Mid-season,Loam,30.35833333333333,51.925,826.2833333333333,3.1166666666666667,0.0,55.0,70.0,25.0,60.0,1.15,,,0.008224,0.009458,0.0,0.009458
2026-06-01 10:05:00,2,Wheat,Development,Sandy,30.35833333333333,51.925,826.2833333333333,3.1166666666666667,0.0,42.0,60.0,18.0,55.0,0.85,,,0.008224,0.00699,0.0,0.00699
2026-06-01 10:05:00,3,Maize,Mid-season,Clay,30.35833333333333,51.925,826.2833333333333,3.1166666666666667,0.0,65.0,75.0,30.0,65.0,1.2,,,0.008224,0.009869,0.0,0.009869
2026-06-01 10:06:00,1,Tomato,Mid-season,Loam,30.39,51.85,827.54,3.12,0.0,55.0,70.0,25.0,60.0,1.15,,,0.008604,0.009895,0.0,0.009895
2026-06-01 10:06:00,2,Wheat,Development,Sandy,30.39,51.85,827.54,3.12,0.0,42.0,60.0,18.0,55.0,0.85,,,0.008604,0.007313,0.0,0.007313
2026-06-01 10:06:00,3,Maize,Mid-season,Clay,30.39,51.85,827.54,3.12,0.0,65.0,75.0,30.0,65.0,1.2,,,0.008604,0.010325,0.0,0.010325
2026-06-01 10:07:00,1,Tomato,Mid-season,Loam,30.421666666666667,51.775,828.7966666666666,3.123333333333333,0.0,55.0,70.0,25.0,60.0,1.15,,,0.008617,0.00991,0.0,0.00991
2026-06-01 10:07:00,2,Wheat,Development,Sandy,30.421666666666667,51.775,828.7966666666666,3.123333333333333,0.0,42.0,60.0,18.0,55.0,0.85,,,0.008617,0.007324,0.0,0.007324
2026-06-01 10:07:00,3,Maize,Mid-season,Clay,30.421666666666667,51.775,828.7966666666666,3.123333333333333,0.0,65.0,75.0,30.0,65.0,1.2,,,0.008617,0.01034,0.0,0.01034
2026-06-01 10:08:00,1,Tomato,Mid-season,Loam,30.453333333333333,51.7,830.0533333333333,3.126666666666667,0.0,55.0,70.0,25.0,60.0,1.15,,,0.008435,0.0097,0.0,0.0097
2026-06-01 10:08:00,2,Wheat,Development,Sandy,30.453333333333333,51.7,830.0533333333333,3.126666666666667,0.0,42.0,60.0,18.0,55.0,0.85,,,0.008435,0.00717,0.0,0.00717
2026-06-01 10:08:00,3,Maize,Mid-season,Clay,30.453333333333333,51.7,830.0533333333333,3.126666666666667,0.0,65.0,75.0,30.0,65.0,1.2,,,0.008435,0.010122,0.0,0.010122
2026-06-01 10:09:00,1,Tomato,Mid-season,Loam,30.485,51.625,831.31,3.13,0.0,55.0,70.0,25.0,60.0,1.15,,,0.00833,0.00958,0.0,0.00958
2026-06-01 10:09:00,2,Wheat,Development,Sandy,30.485,51.625,831.31,3.13,0.0,42.0,60.0,18.0,55.0,0.85,,,0.00833,0.00708,0.0,0.00708
2026-06-01 10:09:00,3,Maize,Mid-season,Clay,30.485,51.625,831.31,3.13,0.0,65.0,75.0,30.0,65.0,1.2,,,0.00833,0.009996,0.0,0.009996
2026-06-01 10:10:00,1,Tomato,Mid-season,Loam,30.516666666666666,51.55,832.5666666666666,3.1333333333333333,0.0,55.0,70.0,25.0,60.0,1.15,,,0.008705,0.010011,0.0,0.010011
2026-06-01 10:10:00,2,Wheat,Development,Sandy,30.516666666666666,51.55,832.5666666666666,3.1333333333333333,0.0,42.0,60.0,18.0,55.0,0.85,,,0.008705,0.007399,0.0,0.007399
2026-06-01 10:10:00,3,Maize,Mid-season,Clay,30.516666666666666,51.55,832.5666666666666,3.1333333333333333,0.0,65.0,75.0,30.0,65.0,1.2,,,0.008705,0.010446,0.0,0.010446
2026-06-01 10:11:00,1,Tomato,Mid-season,Loam,30.54833333333333,51.475,833.8233333333334,3.1366666666666667,0.0,55.0,70.0,25.0,60.0,1.15,,,0.008408,0.009669,0.0,0.009669
2026-06-01 10:11:00,2,Wheat,Development,Sandy,30.54833333333333,51.475,833.8233333333334,3.1366666666666667,0.0,42.0,60.0,18.0,55.0,0.85,,,0.008408,0.007147,0.0,0.007147
2026-06-01 10:11:00,3,Maize,Mid-season,Clay,30.54833333333333,51.475,833.8233333333334,3.1366666666666667,0.0,65.0,75.0,30.0,65.0,1.2,,,0.008408,0.01009,0.0,0.01009
2026-06-01 10:12:00,1,Tomato,Mid-season,Loam,30.58,51.4,835.08,3.14,0.0,55.0,70.0,25.0,60.0,1.15,,,0.008769,0.010084,0.0,0.010084
2026-06-01 10:12:00,2,Wheat,Development,Sandy,30.58,51.4,835.08,3.14,0.0,42.0,60.0,18.0,55.0,0.85,,,0.008769,0.007454,0.0,0.007454
2026-06-01 10:12:00,3,Maize,Mid-season,Clay,30.58,51.4,835.08,3.14,0.0,65.0,75.0,30.0,65.0,1.2,,,0.008769,0.010523,0.0,0.010523
2026-06-01 10:13:00,1,Tomato,Mid-season,Loam,30.611666666666668,51.325,836.3366666666667,3.143333333333333,0.0,55.0,70.0,25.0,60.0,1.15,,,0.009267,0.010657,0.0,0.010657
2026-06-01 10:13:00,2,Wheat,Development,Sandy,30.611666666666668,51.325,836.3366666666667,3.143333333333333,0.0,42.0,60.0,18.0,55.0,0.85,,,0.009267,0.007877,0.0,0.007877
2026-06-01 10:13:00,3,Maize,Mid-season,Clay,30.611666666666668,51.325,836.3366666666667,3.143333333333333,0.0,65.0,75.0,30.0,65.0,1.2,,,0.009267,0.01112,0.0,0.01112
2026-06-01 10:14:00,1,Tomato,Mid-season,Loam,30.64333333333333,51.25,837.5933333333334,3.1466666666666665,0.0,55.0,70.0,25.0,60.0,1.15,,,0.008718,0.010026,0.0,0.010026
2026-06-01 10:14:00,2,Wheat,Development,Sandy,30.64333333333333,51.25,837.5933333333334,3.1466666666666665,0.0,42.0,60.0,18.0,55.0,0.85,,,0.008718,0.00741,0.0,0.00741
2026-06-01 10:14:00,3,Maize,Mid-season,Clay,30.64333333333333,51.25,837.5933333333334,3.1466666666666665,0.0,65.0,75.0,30.0,65.0,1.2,,,0.008718,0.010462,0.0,0.010462
2026-06-01 10:15:00,1,Tomato,Mid-season,Loam,30.675,51.175,838.85,3.15,0.0,55.0,70.0,25.0,60.0,1.15,,,0.008806,0.010127,0.0,0.010127
2026-06-01 10:15:00,2,Wheat,Development,Sandy,30.675,51.175,838.85,3.15,0.0,42.0,60.0,18.0,55.0,0.85,,,0.008806,0.007485,0.0,0.007485
2026-06-01 10:15:00,3,Maize,Mid-season,Clay,30.675,51.175,838.85,3.15,0.0,65.0,75.0,30.0,65.0,1.2,,,0.008806,0.010567,0.0,0.010567
2026-06-01 10:16:00,1,Tomato,Mid-season,Loam,30.706666666666667,51.1,840.1066666666667,3.1533333333333333,0.0,55.0,70.0,25.0,60.0,1.15,,,0.008645,0.009942,0.0,0.009942
2026-06-01 10:16:00,2,Wheat,Development,Sandy,30.706666666666667,51.1,840.1066666666667,3.1533333333333333,0.0,42.0,60.0,18.0,55.0,0.85,,,0.008645,0.007348,0.0,0.007348
2026-06-01 10:16:00,3,Maize,Mid-season,Clay,30.706666666666667,51.1,840.1066666666667,3.1533333333333333,0.0,65.0,75.0,30.0,65.0,1.2,,,0.008645,0.010374,0.0,0.010374
2026-06-01 10:17:00,1,Tomato,Mid-season,Loam,30.738333333333333,51.025,841.3633333333333,3.1566666666666667,0.0,55.0,70.0,25.0,60.0,1.15,,,0.008413,0.009675,0.0,0.009675
2026-06-01 10:17:00,2,Wheat,Development,Sandy,30.738333333333333,51.025,841.3633333333333,3.1566666666666667,0.0,42.0,60.0,18.0,55.0,0.85,,,0.008413,0.007151,0.0,0.007151
2026-06-01 10:17:00,3,Maize,Mid-season,Clay,30.738333333333333,51.025,841.3633333333333,3.1566666666666667,0.0,65.0,75.0,30.0,65.0,1.2,,,0.008413,0.010096,0.0,0.010096
2026-06-01 10:18:00,1,Tomato,Mid-season,Loam,30.77,50.95,842.62,3.16,0.0,55.0,70.0,25.0,60.0,1.15,,,0.008623,0.009916,0.0,0.009916
2026-06-01 10:18:00,2,Wheat,Development,Sandy,30.77,50.95,842.62,3.16,0.0,42.0,60.0,18.0,55.0,0.85,,,0.008623,0.00733,0.0,0.00733
2026-06-01 10:18:00,3,Maize,Mid-season,Clay,30.77,50.95,842.62,3.16,0.0,65.0,75.0,30.0,65.0,1.2,,,0.008623,0.010348,0.0,0.010348
2026-06-01 10:19:00,1,Tomato,Mid-season,Loam,30.801666666666662,50.875,843.8766666666667,3.1633333333333336,0.0,55.0,70.0,25.0,60.0,1.15,,,0.00866,0.009959,0.0,0.009959
2026-06-01 10:19:00,2,Wheat,Development,Sandy,30.801666666666662,50.875,843.8766666666667,3.1633333333333336,0.0,42.0,60.0,18.0,55.0,0.85,,,0.00866,0.007361,0.0,0.007361
2026-06-01 10:19:00,3,Maize,Mid-season,Clay,30.801666666666662,50.875,843.8766666666667,3.1633333333333336,0.0,65.0,75.0,30.0,65.0,1.2,,,0.00866,0.010392,0.0,0.010392
2026-06-01 10:20:00,1,Tomato,Mid-season,Loam,30.83333333333333,50.8,845.1333333333333,3.1666666666666665,0.0,55.0,70.0,25.0,60.0,1.15,,,0.008509,0.009785,0.0,0.009785
2026-06-01 10:20:00,2,Wheat,Development,Sandy,30.83333333333333,50.8,845.1333333333333,3.1666666666666665,0.0,42.0,60.0,18.0,55.0,0.85,,,0.008509,0.007233,0.0,0.007233
2026-06-01 10:20:00,3,Maize,Mid-season,Clay,30.83333333333333,50.8,845.1333333333333,3.1666666666666665,0.0,65.0,75.0,30.0,65.0,1.2,,,0.008509,0.010211,0.0,0.010211
2026-06-01 10:21:00,1,Tomato,Mid-season,Loam,30.865,50.725,846.39,3.17,0.0,55.0,70.0,25.0,60.0,1.15,,,0.009234,0.010619,0.0,0.010619
2026-06-01 10:21:00,2,Wheat,Development,Sandy,30.865,50.725,846.39,3.17,0.0,42.0,60.0,18.0,55.0,0.85,,,0.009234,0.007849,0.0,0.007849
2026-06-01 10:21:00,3,Maize,Mid-season,Clay,30.865,50.725,846.39,3.17,0.0,65.0,75.0,30.0,65.0,1.2,,,0.009234,0.011081,0.0,0.011081
2026-06-01 10:22:00,1,Tomato,Mid-season,Loam,30.89666666666667,50.65,847.6466666666666,3.1733333333333333,0.0,55.0,70.0,25.0,60.0,1.15,,,0.008961,0.010305,0.0,0.010305
2026-06-01 10:22:00,2,Wheat,Development,Sandy,30.89666666666667,50.65,847.6466666666666,3.1733333333333333,0.0,42.0,60.0,18.0,55.0,0.85,,,0.008961,0.007617,0.0,0.007617
2026-06-01 10:22:00,3,Maize,Mid-season,Clay,30.89666666666667,50.65,847.6466666666666,3.1733333333333333,0.0,65.0,75.0,30.0,65.0,1.2,,,0.008961,0.010753,0.0,0.010753
2026-06-01 10:23:00,1,Tomato,Mid-season,Loam,30.92833333333333,50.575,848.9033333333333,3.1766666666666667,0.0,55.0,70.0,25.0,60.0,1.15,,,0.009018,0.010371,0.0,0.010371
2026-06-01 10:23:00,2,Wheat,Development,Sandy,30.92833333333333,50.575,848.9033333333333,3.1766666666666667,0.0,42.0,60.0,18.0,55.0,0.85,,,0.009018,0.007665,0.0,0.007665
2026-06-01 10:23:00,3,Maize,Mid-season,Clay,30.92833333333333,50.575,848.9033333333333,3.1766666666666667,0.0,65.0,75.0,30.0,65.0,1.2,,,0.009018,0.010822,0.0,0.010822
2026-06-01 10:24:00,1,Tomato,Mid-season,Loam,30.96,50.5,850.16,3.18,0.0,55.0,70.0,25.0,60.0,1.15,,,0.008897,0.010232,0.0,0.010232
2026-06-01 10:24:00,2,Wheat,Development,Sandy,30.96,50.5,850.16,3.18,0.0,42.0,60.0,18.0,55.0,0.85,,,0.008897,0.007562,0.0,0.007562
2026-06-01 10:24:00,3,Maize,Mid-season,Clay,30.96,50.5,850.16,3.18,0.0,65.0,75.0,30.0,65.0,1.2,,,0.008897,0.010676,0.0,0.010676
2026-06-01 10:25:00,1,Tomato,Mid-season,Loam,30.991666666666667,50.425,851.4166666666666,3.183333333333333,0.0,55.0,70.0,25.0,60.0,1.15,,,0.008818,0.010141,0.0,0.010141
2026-06-01 10:25:00,2,Wheat,Development,Sandy,30.991666666666667,50.425,851.4166666666666,3.183333333333333,0.0,42.0,60.0,18.0,55.0,0.85,,,0.008818,0.007495,0.0,0.007495
2026-06-01 10:25:00,3,Maize,Mid-season,Clay,30.991666666666667,50.425,851.4166666666666,3.183333333333333,0.0,65.0,75.0,30.0,65.0,1.2,,,0.008818,0.010582,0.0,0.010582
2026-06-01 10:26:00,1,Tomato,Mid-season,Loam,31.023333333333333,50.35,852.6733333333333,3.1866666666666665,0.0,55.0,70.0,25.0,60.0,1.15,,,0.009145,0.010517,0.0,0.010517
2026-06-01 10:26:00,2,Wheat,Development,Sandy,31.023333333333333,50.35,852.6733333333333,3.1866666666666665,0.0,42.0,60.0,18.0,55.0,0.85,,,0.009145,0.007773,0.0,0.007773
2026-06-01 10:26:00,3,Maize,Mid-season,Clay,31.023333333333333,50.35,852.6733333333333,3.1866666666666665,0.0,65.0,75.0,30.0,65.0,1.2,,,0.009145,0.010974,0.0,0.010974
2026-06-01 10:27:00,1,Tomato,Mid-season,Loam,31.055,50.275,853.93,3.19,0.0,55.0,70.0,25.0,60.0,1.15,,,0.009053,0.010411,0.0,0.010411
2026-06-01 10:27:00,2,Wheat,Development,Sandy,31.055,50.275,853.93,3.19,0.0,42.0,60.0,18.0,55.0,0.85,,,0.009053,0.007695,0.0,0.007695
2026-06-01 10:27:00,3,Maize,Mid-season,Clay,31.055,50.275,853.93,3.19,0.0,65.0,75.0,30.0,65.0,1.2,,,0.009053,0.010864,0.0,0.010864
2026-06-01 10:28:00,1,Tomato,Mid-season,Loam,31.086666666666662,50.2,855.1866666666666,3.1933333333333334,0.0,55.0,70.0,25.0,60.0,1.15,,,0.009097,0.010462,0.0,0.010462
2026-06-01 10:28:00,2,Wheat,Development,Sandy,31.086666666666662,50.2,855.1866666666666,3.1933333333333334,0.0,42.0,60.0,18.0,55.0,0.85,,,0.009097,0.007732,0.0,0.007732
2026-06-01 10:28:00,3,Maize,Mid-season,Clay,31.086666666666662,50.2,855.1866666666666,3.1933333333333334,0.0,65.0,75.0,30.0,65.0,1.2,,,0.009097,0.010916,0.0,0.010916
2026-06-01 10:29:00,1,Tomato,Mid-season,Loam,31.11833333333333,50.125,856.4433333333333,3.1966666666666668,0.0,55.0,70.0,25.0,60.0,1.15,,,0.008905,0.010241,0.0,0.010241
2026-06-01 10:29:00,2,Wheat,Development,Sandy,31.11833333333333,50.125,856.4433333333333,3.1966666666666668,0.0,42.0,60.0,18.0,55.0,0.85,,,0.008905,0.007569,0.0,0.007569
2026-06-01 10:29:00,3,Maize,Mid-season,Clay,31.11833333333333,50.125,856.4433333333333,3.1966666666666668,0.0,65.0,75.0,30.0,65.0,1.2,,,0.008905,0.010686,0.0,0.010686
2026-06-01 10:30:00,1,Tomato,Mid-season,Loam,31.15,50.05,857.7,3.2,0.0,55.0,70.0,25.0,60.0,1.15,,,0.009047,0.010404,0.0,0.010404
2026-06-01 10:30:00,2,Wheat,Development,Sandy,31.15,50.05,857.7,3.2,0.0,42.0,60.0,18.0,55.0,0.85,,,0.009047,0.00769,0.0,0.00769
2026-06-01 10:30:00,3,Maize,Mid-season,Clay,31.15,50.05,857.7,3.2,0.0,65.0,75.0,30.0,65.0,1.2,,,0.009047,0.010856,0.0,0.010856
2026-06-01 10:31:00,1,Tomato,Mid-season,Loam,31.18166666666667,49.975,858.9566666666667,3.203333333333333,0.0,55.0,70.0,25.0,60.0,1.15,,,0.008959,0.010303,0.0,0.010303
2026-06-01 10:31:00,2,Wheat,Development,Sandy,31.18166666666667,49.975,858.9566666666667,3.203333333333333,0.0,42.0,60.0,18.0,55.0,0.85,,,0.008959,0.007615,0.0,0.007615
2026-06-01 10:31:00,3,Maize,Mid-season,Clay,31.18166666666667,49.975,858.9566666666667,3.203333333333333,0.0,65.0,75.0,30.0,65.0,1.2,,,0.008959,0.010751,0.0,0.010751
2026-06-01 10:32:00,1,Tomato,Mid-season,Loam,31.21333333333333,49.9,860.2133333333334,3.2066666666666666,0.0,55.0,70.0,25.0,60.0,1.15,,,0.008698,0.010003,0.0,0.010003
2026-06-01 10:32:00,2,Wheat,Development,Sandy,31.21333333333333,49.9,860.2133333333334,3.2066666666666666,0.0,42.0,60.0,18.0,55.0,0.85,,,0.008698,0.007393,0.0,0.007393
2026-06-01 10:32:00,3,Maize,Mid-season,Clay,31.21333333333333,49.9,860.2133333333334,3.2066666666666666,0.0,65.0,75.0,30.0,65.0,1.2,,,0.008698,0.010438,0.0,0.010438
2026-06-01 10:33:00,1,Tomato,Mid-season,Loam,31.245,49.825,861.47,3.21,0.0,55.0,70.0,25.0,60.0,1.15,,,0.009055,0.010413,0.0,0.010413
2026-06-01 10:33:00,2,Wheat,Development,Sandy,31.245,49.825,861.47,3.21,0.0,42.0,60.0,18.0,55.0,0.85,,,0.009055,0.007697,0.0,0.007697
2026-06-01 10:33:00,3,Maize,Mid-season,Clay,31.245,49.825,861.47,3.21,0.0,65.0,75.0,30.0,65.0,1.2,,,0.009055,0.010866,0.0,0.010866
2026-06-01 10:34:00,1,Tomato,Mid-season,Loam,31.276666666666667,49.75,862.7266666666667,3.2133333333333334,0.0,55.0,70.0,25.0,60.0,1.15,,,0.009158,0.010532,0.0,0.010532
2026-06-01 10:34:00,2,Wheat,Development,Sandy,31.276666666666667,49.75,862.7266666666667,3.2133333333333334,0.0,42.0,60.0,18.0,55.0,0.85,,,0.009158,0.007784,0.0,0.007784
2026-06-01 10:34:00,3,Maize,Mid-season,Clay,31.276666666666667,49.75,862.7266666666667,3.2133333333333334,0.0,65.0,75.0,30.0,65.0,1.2,,,0.009158,0.01099,0.0,0.01099
2026-06-01 10:35:00,1,Tomato,Mid-season,Loam,31.308333333333334,49.675,863.9833333333333,3.216666666666667,0.0,55.0,70.0,25.0,60.0,1.15,,,0.008883,0.010215,0.0,0.010215
2026-06-01 10:35:00,2,Wheat,Development,Sandy,31.308333333333334,49.675,863.9833333333333,3.216666666666667,0.0,42.0,60.0,18.0,55.0,0.85,,,0.008883,0.007551,0.0,0.007551
2026-06-01 10:35:00,3,Maize,Mid-season,Clay,31.308333333333334,49.675,863.9833333333333,3.216666666666667,0.0,65.0,75.0,30.0,65.0,1.2,,,0.008883,0.01066,0.0,0.01066
2026-06-01 10:36:00,1,Tomato,Mid-season,Loam,31.34,49.6,865.24,3.22,0.0,55.0,70.0,25.0,60.0,1.15,,,0.009222,0.010605,0.0,0.010605
2026-06-01 10:36:00,2,Wheat,Development,Sandy,31.34,49.6,865.24,3.22,0.0,42.0,60.0,18.0,55.0,0.85,,,0.009222,0.007839,0.0,0.007839
2026-06-01 10:36:00,3,Maize,Mid-season,Clay,31.34,49.6,865.24,3.22,0.0,65.0,75.0,30.0,65.0,1.2,,,0.009222,0.011066,0.0,0.011066
2026-06-01 10:37:00,1,Tomato,Mid-season,Loam,31.371666666666663,49.525,866.4966666666667,3.223333333333333,0.0,55.0,70.0,25.0,60.0,1.15,,,0.009295,0.010689,0.0,0.010689
2026-06-01 10:37:00,2,Wheat,Development,Sandy,31.371666666666663,49.525,866.4966666666667,3.223333333333333,0.0,42.0,60.0,18.0,55.0,0.85,,,0.009295,0.007901,0.0,0.007901
2026-06-01 10:37:00,3,Maize,Mid-season,Clay,31.371666666666663,49.525,866.4966666666667,3.223333333333333,0.0,65.0,75.0,30.0,65.0,1.2,,,0.009295,0.011154,0.0,0.011154
2026-06-01 10:38:00,1,Tomato,Mid-season,Loam,31.40333333333333,49.45,867.7533333333333,3.2266666666666666,0.0,55.0,70.0,25.0,60.0,1.15,,,0.00883,0.010154,0.0,0.010154
2026-06-01 10:38:00,2,Wheat,Development,Sandy,31.40333333333333,49.45,867.7533333333333,3.2266666666666666,0.0,42.0,60.0,18.0,55.0,0.85,,,0.00883,0.007505,0.0,0.007505
2026-06-01 10:38:00,3,Maize,Mid-season,Clay,31.40333333333333,49.45,867.7533333333333,3.2266666666666666,0.0,65.0,75.0,30.0,65.0,1.2,,,0.00883,0.010596,0.0,0.010596
2026-06-01 10:39:00,1,Tomato,Mid-season,Loam,31.435,49.375,869.01,3.23,0.0,55.0,70.0,25.0,60.0,1.15,,,0.00915,0.010522,0.0,0.010522
2026-06-01 10:39:00,2,Wheat,Development,Sandy,31.435,49.375,869.01,3.23,0.0,42.0,60.0,18.0,55.0,0.85,,,0.00915,0.007778,0.0,0.007778
2026-06-01 10:39:00,3,Maize,Mid-season,Clay,31.435,49.375,869.01,3.23,0.0,65.0,75.0,30.0,65.0,1.2,,,0.00915,0.01098,0.0,0.01098
2026-06-01 10:40:00,1,Tomato,Mid-season,Loam,31.46666666666667,49.3,870.2666666666667,3.2333333333333334,0.0,55.0,70.0,25.0,60.0,1.15,,,0.009405,0.010816,0.0,0.010816
2026-06-01 10:40:00,2,Wheat,Development,Sandy,31.46666666666667,49.3,870.2666666666667,3.2333333333333334,0.0,42.0,60.0,18.0,55.0,0.85,,,0.009405,0.007994,0.0,0.007994
2026-06-01 10:40:00,3,Maize,Mid-season,Clay,31.46666666666667,49.3,870.2666666666667,3.2333333333333334,0.0,65.0,75.0,30.0,65.0,1.2,,,0.009405,0.011286,0.0,0.011286
2026-06-01 10:41:00,1,Tomato,Mid-season,Loam,31.49833333333333,49.225,871.5233333333333,3.2366666666666664,0.0,55.0,70.0,25.0,60.0,1.15,,,0.009482,0.010904,0.0,0.010904
2026-06-01 10:41:00,2,Wheat,Development,Sandy,31.49833333333333,49.225,871.5233333333333,3.2366666666666664,0.0,42.0,60.0,18.0,55.0,0.85,,,0.009482,0.00806,0.0,0.00806
2026-06-01 10:41:00,3,Maize,Mid-season,Clay,31.49833333333333,49.225,871.5233333333333,3.2366666666666664,0.0,65.0,75.0,30.0,65.0,1.2,,,0.009482,0.011378,0.0,0.011378
2026-06-01 10:42:00,1,Tomato,Mid-season,Loam,31.53,49.15,872.78,3.24,0.0,55.0,70.0,25.0,60.0,1.15,,,0.009237,0.010623,0.0,0.010623
2026-06-01 10:42:00,2,Wheat,Development,Sandy,31.53,49.15,872.78,3.24,0.0,42.0,60.0,18.0,55.0,0.85,,,0.009237,0.007851,0.0,0.007851
2026-06-01 10:42:00,3,Maize,Mid-season,Clay,31.53,49.15,872.78,3.24,0.0,65.0,75.0,30.0,65.0,1.2,,,0.009237,0.011084,0.0,0.011084
2026-06-01 10:43:00,1,Tomato,Mid-season,Loam,31.561666666666667,49.075,874.0366666666666,3.243333333333333,0.0,55.0,70.0,25.0,60.0,1.15,,,0.009515,0.010942,0.0,0.010942
2026-06-01 10:43:00,2,Wheat,Development,Sandy,31.561666666666667,49.075,874.0366666666666,3.243333333333333,0.0,42.0,60.0,18.0,55.0,0.85,,,0.009515,0.008088,0.0,0.008088
2026-06-01 10:43:00,3,Maize,Mid-season,Clay,31.561666666666667,49.075,874.0366666666666,3.243333333333333,0.0,65.0,75.0,30.0,65.0,1.2,,,0.009515,0.011418,0.0,0.011418
2026-06-01 10:44:00,1,Tomato,Mid-season,Loam,31.593333333333334,49.0,875.2933333333333,3.2466666666666666,0.0,55.0,70.0,25.0,60.0,1.15,,,0.009705,0.011161,0.0,0.011161
2026-06-01 10:44:00,2,Wheat,Development,Sandy,31.593333333333334,49.0,875.2933333333333,3.2466666666666666,0.0,42.0,60.0,18.0,55.0,0.85,,,0.009705,0.008249,0.0,0.008249
2026-06-01 10:44:00,3,Maize,Mid-season,Clay,31.593333333333334,49.0,875.2933333333333,3.2466666666666666,0.0,65.0,75.0,30.0,65.0,1.2,,,0.009705,0.011646,0.0,0.011646
2026-06-01 10:45:00,1,Tomato,Mid-season,Loam,31.625,48.925,876.55,3.25,0.0,55.0,70.0,25.0,60.0,1.15,,,0.009615,0.011057,0.0,0.011057
2026-06-01 10:45:00,2,Wheat,Development,Sandy,31.625,48.925,876.55,3.25,0.0,42.0,60.0,18.0,55.0,0.85,,,0.009615,0.008173,0.0,0.008173
2026-06-01 10:45:00,3,Maize,Mid-season,Clay,31.625,48.925,876.55,3.25,0.0,65.0,75.0,30.0,65.0,1.2,,,0.009615,0.011538,0.0,0.011538
2026-06-01 10:46:00,1,Tomato,Mid-season,Loam,31.656666666666663,48.85,877.8066666666666,3.2533333333333334,0.0,55.0,70.0,25.0,60.0,1.15,,,0.009512,0.010939,0.0,0.010939
2026-06-01 10:46:00,2,Wheat,Development,Sandy,31.656666666666663,48.85,877.8066666666666,3.2533333333333334,0.0,42.0,60.0,18.0,55.0,0.85,,,0.009512,0.008085,0.0,0.008085
2026-06-01 10:46:00,3,Maize,Mid-season,Clay,31.656666666666663,48.85,877.8066666666666,3.2533333333333334,0.0,65.0,75.0,30.0,65.0,1.2,,,0.009512,0.011414,0.0,0.011414
2026-06-01 10:47:00,1,Tomato,Mid-season,Loam,31.688333333333333,48.775,879.0633333333333,3.2566666666666664,0.0,55.0,70.0,25.0,60.0,1.15,,,0.009388,0.010796,0.0,0.010796
2026-06-01 10:47:00,2,Wheat,Development,Sandy,31.688333333333333,48.775,879.0633333333333,3.2566666666666664,0.0,42.0,60.0,18.0,55.0,0.85,,,0.009388,0.00798,0.0,0.00798
2026-06-01 10:47:00,3,Maize,Mid-season,Clay,31.688333333333333,48.775,879.0633333333333,3.2566666666666664,0.0,65.0,75.0,30.0,65.0,1.2,,,0.009388,0.011266,0.0,0.011266
2026-06-01 10:48:00,1,Tomato,Mid-season,Loam,31.72,48.7,880.3199999999999,3.26,0.0,55.0,70.0,25.0,60.0,1.15,,,0.009451,0.010869,0.0,0.010869
2026-06-01 10:48:00,2,Wheat,Development,Sandy,31.72,48.7,880.3199999999999,3.26,0.0,42.0,60.0,18.0,55.0,0.85,,,0.009451,0.008033,0.0,0.008033
2026-06-01 10:48:00,3,Maize,Mid-season,Clay,31.72,48.7,880.3199999999999,3.26,0.0,65.0,75.0,30.0,65.0,1.2,,,0.009451,0.011341,0.0,0.011341
2026-06-01 10:49:00,1,Tomato,Mid-season,Loam,31.75166666666667,48.625,881.5766666666666,3.263333333333333,0.0,55.0,70.0,25.0,60.0,1.15,,,0.009659,0.011108,0.0,0.011108
2026-06-01 10:49:00,2,Wheat,Development,Sandy,31.75166666666667,48.625,881.5766666666666,3.263333333333333,0.0,42.0,60.0,18.0,55.0,0.85,,,0.009659,0.00821,0.0,0.00821
2026-06-01 10:49:00,3,Maize,Mid-season,Clay,31.75166666666667,48.625,881.5766666666666,3.263333333333333,0.0,65.0,75.0,30.0,65.0,1.2,,,0.009659,0.011591,0.0,0.011591
2026-06-01 10:50:00,1,Tomato,Mid-season,Loam,31.78333333333333,48.55,882.8333333333333,3.2666666666666666,0.0,55.0,70.0,25.0,60.0,1.15,,,0.009705,0.011161,0.0,0.011161
2026-06-01 10:50:00,2,Wheat,Development,Sandy,31.78333333333333,48.55,882.8333333333333,3.2666666666666666,0.0,42.0,60.0,18.0,55.0,0.85,,,0.009705,0.008249,0.0,0.008249
2026-06-01 10:50:00,3,Maize,Mid-season,Clay,31.78333333333333,48.55,882.8333333333333,3.2666666666666666,0.0,65.0,75.0,30.0,65.0,1.2,,,0.009705,0.011646,0.0,0.011646
2026-06-01 10:51:00,1,Tomato,Mid-season,Loam,31.815,48.475,884.09,3.27,0.0,55.0,70.0,25.0,60.0,1.15,,,0.0098,0.01127,0.0,0.01127
2026-06-01 10:51:00,2,Wheat,Development,Sandy,31.815,48.475,884.09,3.27,0.0,42.0,60.0,18.0,55.0,0.85,,,0.0098,0.00833,0.0,0.00833
2026-06-01 10:51:00,3,Maize,Mid-season,Clay,31.815,48.475,884.09,3.27,0.0,65.0,75.0,30.0,65.0,1.2,,,0.0098,0.01176,0.0,0.01176
2026-06-01 10:52:00,1,Tomato,Mid-season,Loam,31.846666666666668,48.4,885.3466666666667,3.273333333333333,0.0,55.0,70.0,25.0,60.0,1.15,,,0.009711,0.011168,0.0,0.011168
2026-06-01 10:52:00,2,Wheat,Development,Sandy,31.846666666666668,48.4,885.3466666666667,3.273333333333333,0.0,42.0,60.0,18.0,55.0,0.85,,,0.009711,0.008254,0.0,0.008254
2026-06-01 10:52:00,3,Maize,Mid-season,Clay,31.846666666666668,48.4,885.3466666666667,3.273333333333333,0.0,65.0,75.0,30.0,65.0,1.2,,,0.009711,0.011653,0.0,0.011653
2026-06-01 10:53:00,1,Tomato,Mid-season,Loam,31.87833333333333,48.325,886.6033333333334,3.2766666666666664,0.0,55.0,70.0,25.0,60.0,1.15,,,0.009876,0.011357,0.0,0.011357
2026-06-01 10:53:00,2,Wheat,Development,Sandy,31.87833333333333,48.325,886.6033333333334,3.2766666666666664,0.0,42.0,60.0,18.0,55.0,0.85,,,0.009876,0.008395,0.0,0.008395
2026-06-01 10:53:00,3,Maize,Mid-season,Clay,31.87833333333333,48.325,886.6033333333334,3.2766666666666664,0.0,65.0,75.0,30.0,65.0,1.2,,,0.009876,0.011851,0.0,0.011851
2026-06-01 10:54:00,1,Tomato,Mid-season,Loam,31.91,48.25,887.86,3.28,0.0,55.0,70.0,25.0,60.0,1.15,,,0.009746,0.011208,0.0,0.011208
2026-06-01 10:54:00,2,Wheat,Development,Sandy,31.91,48.25,887.86,3.28,0.0,42.0,60.0,18.0,55.0,0.85,,,0.009746,0.008284,0.0,0.008284
2026-06-01 10:54:00,3,Maize,Mid-season,Clay,31.91,48.25,887.86,3.28,0.0,65.0,75.0,30.0,65.0,1.2,,,0.009746,0.011695,0.0,0.011695
2026-06-01 10:55:00,1,Tomato,Mid-season,Loam,31.941666666666663,48.175,889.1166666666667,3.283333333333333,0.0,55.0,70.0,25.0,60.0,1.15,,,0.009957,0.011451,0.0,0.011451
2026-06-01 10:55:00,2,Wheat,Development,Sandy,31.941666666666663,48.175,889.1166666666667,3.283333333333333,0.0,42.0,60.0,18.0,55.0,0.85,,,0.009957,0.008463,0.0,0.008463
2026-06-01 10:55:00,3,Maize,Mid-season,Clay,31.941666666666663,48.175,889.1166666666667,3.283333333333333,0.0,65.0,75.0,30.0,65.0,1.2,,,0.009957,0.011948,0.0,0.011948
2026-06-01 10:56:00,1,Tomato,Mid-season,Loam,31.973333333333336,48.1,890.3733333333333,3.286666666666666,0.0,55.0,70.0,25.0,60.0,1.15,,,0.009882,0.011364,0.0,0.011364
2026-06-01 10:56:00,2,Wheat,Development,Sandy,31.973333333333336,48.1,890.3733333333333,3.286666666666666,0.0,42.0,60.0,18.0,55.0,0.85,,,0.009882,0.0084,0.0,0.0084
2026-06-01 10:56:00,3,Maize,Mid-season,Clay,31.973333333333336,48.1,890.3733333333333,3.286666666666666,0.0,65.0,75.0,30.0,65.0,1.2,,,0.009882,0.011858,0.0,0.011858
2026-06-01 10:57:00,1,Tomato,Mid-season,Loam,32.005,48.025,891.63,3.29,0.0,55.0,70.0,25.0,60.0,1.15,,,0.009583,0.01102,0.0,0.01102
2026-06-01 10:57:00,2,Wheat,Development,Sandy,32.005,48.025,891.63,3.29,0.0,42.0,60.0,18.0,55.0,0.85,,,0.009583,0.008146,0.0,0.008146
2026-06-01 10:57:00,3,Maize,Mid-season,Clay,32.005,48.025,891.63,3.29,0.0,65.0,75.0,30.0,65.0,1.2,,,0.009583,0.0115,0.0,0.0115
2026-06-01 10:58:00,1,Tomato,Mid-season,Loam,32.03666666666667,47.95,892.8866666666667,3.293333333333333,0.0,55.0,70.0,25.0,60.0,1.15,,,0.009386,0.010794,0.0,0.010794
2026-06-01 10:58:00,2,Wheat,Development,Sandy,32.03666666666667,47.95,892.8866666666667,3.293333333333333,0.0,42.0,60.0,18.0,55.0,0.85,,,0.009386,0.007978,0.0,0.007978
2026-06-01 10:58:00,3,Maize,Mid-season,Clay,32.03666666666667,47.95,892.8866666666667,3.293333333333333,0.0,65.0,75.0,30.0,65.0,1.2,,,0.009386,0.011263,0.0,0.011263
2026-06-01 10:59:00,1,Tomato,Mid-season,Loam,32.068333333333335,47.875,894.1433333333333,3.2966666666666664,0.0,55.0,70.0,25.0,60.0,1.15,,,0.010195,0.011724,0.0,0.011724
2026-06-01 10:59:00,2,Wheat,Development,Sandy,32.068333333333335,47.875,894.1433333333333,3.2966666666666664,0.0,42.0,60.0,18.0,55.0,0.85,,,0.010195,0.008666,0.0,0.008666
2026-06-01 10:59:00,3,Maize,Mid-season,Clay,32.068333333333335,47.875,894.1433333333333,3.2966666666666664,0.0,65.0,75.0,30.0,65.0,1.2,,,0.010195,0.012234,0.0,0.012234
2026-06-01 11:00:00,1,Tomato,Mid-season,Loam,32.1,47.8,895.4,3.3,0.0,55.0,70.0,25.0,60.0,1.15,,,0.009798,0.011268,0.0,0.011268
2026-06-01 11:00:00,2,Wheat,Development,Sandy,32.1,47.8,895.4,3.3,0.0,42.0,60.0,18.0,55.0,0.85,,,0.009798,0.008328,0.0,0.008328
2026-06-01 11:00:00,3,Maize,Mid-season,Clay,32.1,47.8,895.4,3.3,0.0,65.0,75.0,30.0,65.0,1.2,,,0.009798,0.011758,0.0,0.011758
2026-06-01 11:01:00,1,Tomato,Mid-season,Loam,32.123333333333335,47.74,895.73,3.303333333333333,0.0,55.0,70.0,25.0,60.0,1.15,,,0.00944,0.010856,0.0,0.010856
2026-06-01 11:01:00,2,Wheat,Development,Sandy,32.123333333333335,47.74,895.73,3.303333333333333,0.0,42.0,60.0,18.0,55.0,0.85,,,0.00944,0.008024,0.0,0.008024
2026-06-01 11:01:00,3,Maize,Mid-season,Clay,32.123333333333335,47.74,895.73,3.303333333333333,0.0,65.0,75.0,30.0,65.0,1.2,,,0.00944,0.011328,0.0,0.011328
2026-06-01 11:02:00,1,Tomato,Mid-season,Loam,32.14666666666667,47.68,896.06,3.306666666666666,0.0,55.0,70.0,25.0,60.0,1.15,,,0.009703,0.011158,0.0,0.011158
2026-06-01 11:02:00,2,Wheat,Development,Sandy,32.14666666666667,47.68,896.06,3.306666666666666,0.0,42.0,60.0,18.0,55.0,0.85,,,0.009703,0.008248,0.0,0.008248
2026-06-01 11:02:00,3,Maize,Mid-season,Clay,32.14666666666667,47.68,896.06,3.306666666666666,0.0,65.0,75.0,30.0,65.0,1.2,,,0.009703,0.011644,0.0,0.011644
2026-06-01 11:03:00,1,Tomato,Mid-season,Loam,32.17,47.62,896.39,3.31,0.0,55.0,70.0,25.0,60.0,1.15,,,0.01002,0.011523,0.0,0.011523
2026-06-01 11:03:00,2,Wheat,Development,Sandy,32.17,47.62,896.39,3.31,0.0,42.0,60.0,18.0,55.0,0.85,,,0.01002,0.008517,0.0,0.008517
2026-06-01 11:03:00,3,Maize,Mid-season,Clay,32.17,47.62,896.39,3.31,0.0,65.0,75.0,30.0,65.0,1.2,,,0.01002,0.012024,0.0,0.012024
2026-06-01 11:04:00,1,Tomato,Mid-season,Loam,32.193333333333335,47.56,896.72,3.313333333333333,0.0,55.0,70.0,25.0,60.0,1.15,,,0.009888,0.011371,0.0,0.011371
2026-06-01 11:04:00,2,Wheat,Development,Sandy,32.193333333333335,47.56,896.72,3.313333333333333,0.0,42.0,60.0,18.0,55.0,0.85,,,0.009888,0.008405,0.0,0.008405
2026-06-01 11:04:00,3,Maize,Mid-season,Clay,32.193333333333335,47.56,896.72,3.313333333333333,0.0,65.0,75.0,30.0,65.0,1.2,,,0.009888,0.011866,0.0,0.011866
2026-06-01 11:05:00,1,Tomato,Mid-season,Loam,32.21666666666667,47.5,897.05,3.3166666666666664,0.0,55.0,70.0,25.0,60.0,1.15,,,0.00975,0.011212,0.0,0.011212
2026-06-01 11:05:00,2,Wheat,Development,Sandy,32.21666666666667,47.5,897.05,3.3166666666666664,0.0,42.0,60.0,18.0,55.0,0.85,,,0.00975,0.008288,0.0,0.008288
2026-06-01 11:05:00,3,Maize,Mid-season,Clay,32.21666666666667,47.5,897.05,3.3166666666666664,0.0,65.0,75.0,30.0,65.0,1.2,,,0.00975,0.0117,0.0,0.0117
2026-06-01 11:06:00,1,Tomato,Mid-season,Loam,32.24,47.44,897.38,3.32,0.0,55.0,70.0,25.0,60.0,1.15,,,0.010183,0.01171,0.0,0.01171
2026-06-01 11:06:00,2,Wheat,Development,Sandy,32.24,47.44,897.38,3.32,0.0,42.0,60.0,18.0,55.0,0.85,,,0.010183,0.008656,0.0,0.008656
2026-06-01 11:06:00,3,Maize,Mid-season,Clay,32.24,47.44,897.38,3.32,0.0,65.0,75.0,30.0,65.0,1.2,,,0.010183,0.01222,0.0,0.01222
2026-06-01 11:07:00,1,Tomato,Mid-season,Loam,32.263333333333335,47.38,897.71,3.3233333333333333,0.0,55.0,70.0,25.0,60.0,1.15,,,0.009738,0.011199,0.0,0.011199
2026-06-01 11:07:00,2,Wheat,Development,Sandy,32.263333333333335,47.38,897.71,3.3233333333333333,0.0,42.0,60.0,18.0,55.0,0.85,,,0.009738,0.008277,0.0,0.008277
2026-06-01 11:07:00,3,Maize,Mid-season,Clay,32.263333333333335,47.38,897.71,3.3233333333333333,0.0,65.0,75.0,30.0,65.0,1.2,,,0.009738,0.011686,0.0,0.011686
2026-06-01 11:08:00,1,Tomato,Mid-season,Loam,32.28666666666667,47.32,898.04,3.3266666666666667,0.0,55.0,70.0,25.0,60.0,1.15,,,0.00982,0.011293,0.0,0.011293
2026-06-01 11:08:00,2,Wheat,Development,Sandy,32.28666666666667,47.32,898.04,3.3266666666666667,0.0,42.0,60.0,18.0,55.0,0.85,,,0.00982,0.008347,0.0,0.008347
2026-06-01 11:08:00,3,Maize,Mid-season,Clay,32.28666666666667,47.32,898.04,3.3266666666666667,0.0,65.0,75.0,30.0,65.0,1.2,,,0.00982,0.011784,0.0,0.011784
2026-06-01 11:09:00,1,Tomato,Mid-season,Loam,32.31,47.26,898.37,3.33,0.0,55.0,70.0,25.0,60.0,1.15,,,0.009929,0.011418,0.0,0.011418
2026-06-01 11:09:00,2,Wheat,Development,Sandy,32.31,47.26,898.37,3.33,0.0,42.0,60.0,18.0,55.0,0.85,,,0.009929,0.00844,0.0,0.00844
2026-06-01 11:09:00,3,Maize,Mid-season,Clay,32.31,47.26,898.37,3.33,0.0,65.0,75.0,30.0,65.0,1.2,,,0.009929,0.011915,0.0,0.011915
2026-06-01 11:10:00,1,Tomato,Mid-season,Loam,32.333333333333336,47.2,898.7,3.333333333333333,0.0,55.0,70.0,25.0,60.0,1.15,,,0.010231,0.011766,0.0,0.011766
2026-06-01 11:10:00,2,Wheat,Development,Sandy,32.333333333333336,47.2,898.7,3.333333333333333,0.0,42.0,60.0,18.0,55.0,0.85,,,0.010231,0.008696,0.0,0.008696
2026-06-01 11:10:00,3,Maize,Mid-season,Clay,32.333333333333336,47.2,898.7,3.333333333333333,0.0,65.0,75.0,30.0,65.0,1.2,,,0.010231,0.012277,0.0,0.012277
2026-06-01 11:11:00,1,Tomato,Mid-season,Loam,32.35666666666667,47.14,899.03,3.3366666666666664,0.0,55.0,70.0,25.0,60.0,1.15,,,0.010238,0.011774,0.0,0.011774
2026-06-01 11:11:00,2,Wheat,Development,Sandy,32.35666666666667,47.14,899.03,3.3366666666666664,0.0,42.0,60.0,18.0,55.0,0.85,,,0.010238,0.008702,0.0,0.008702
2026-06-01 11:11:00,3,Maize,Mid-season,Clay,32.35666666666667,47.14,899.03,3.3366666666666664,0.0,65.0,75.0,30.0,65.0,1.2,,,0.010238,0.012286,0.0,0.012286
2026-06-01 11:12:00,1,Tomato,Mid-season,Loam,32.38,47.08,899.36,3.34,0.0,55.0,70.0,25.0,60.0,1.15,,,0.010277,0.011819,0.0,0.011819
2026-06-01 11:12:00,2,Wheat,Development,Sandy,32.38,47.08,899.36,3.34,0.0,42.0,60.0,18.0,55.0,0.85,,,0.010277,0.008735,0.0,0.008735
2026-06-01 11:12:00,3,Maize,Mid-season,Clay,32.38,47.08,899.36,3.34,0.0,65.0,75.0,30.0,65.0,1.2,,,0.010277,0.012332,0.0,0.012332
2026-06-01 11:13:00,1,Tomato,Mid-season,Loam,32.403333333333336,47.02,899.6899999999999,3.3433333333333333,0.0,55.0,70.0,25.0,60.0,1.15,,,0.010153,0.011676,0.0,0.011676
2026-06-01 11:13:00,2,Wheat,Development,Sandy,32.403333333333336,47.02,899.6899999999999,3.3433333333333333,0.0,42.0,60.0,18.0,55.0,0.85,,,0.010153,0.00863,0.0,0.00863
2026-06-01 11:13:00,3,Maize,Mid-season,Clay,32.403333333333336,47.02,899.6899999999999,3.3433333333333333,0.0,65.0,75.0,30.0,65.0,1.2,,,0.010153,0.012184,0.0,0.012184
2026-06-01 11:14:00,1,Tomato,Mid-season,Loam,32.42666666666667,46.96,900.02,3.3466666666666667,0.0,55.0,70.0,25.0,60.0,1.15,,,0.010276,0.011817,0.0,0.011817
2026-06-01 11:14:00,2,Wheat,Development,Sandy,32.42666666666667,46.96,900.02,3.3466666666666667,0.0,42.0,60.0,18.0,55.0,0.85,,,0.010276,0.008735,0.0,0.008735
2026-06-01 11:14:00,3,Maize,Mid-season,Clay,32.42666666666667,46.96,900.02,3.3466666666666667,0.0,65.0,75.0,30.0,65.0,1.2,,,0.010276,0.012331,0.0,0.012331
2026-06-01 11:15:00,1,Tomato,Mid-season,Loam,32.45,46.9,900.35,3.35,0.0,55.0,70.0,25.0,60.0,1.15,,,0.010109,0.011625,0.0,0.011625
2026-06-01 11:15:00,2,Wheat,Development,Sandy,32.45,46.9,900.35,3.35,0.0,42.0,60.0,18.0,55.0,0.85,,,0.010109,0.008593,0.0,0.008593
2026-06-01 11:15:00,3,Maize,Mid-season,Clay,32.45,46.9,900.35,3.35,0.0,65.0,75.0,30.0,65.0,1.2,,,0.010109,0.012131,0.0,0.012131
2026-06-01 11:16:00,1,Tomato,Mid-season,Loam,32.473333333333336,46.84,900.68,3.353333333333333,0.0,55.0,70.0,25.0,60.0,1.15,,,0.010327,0.011876,0.0,0.011876
2026-06-01 11:16:00,2,Wheat,Development,Sandy,32.473333333333336,46.84,900.68,3.353333333333333,0.0,42.0,60.0,18.0,55.0,0.85,,,0.010327,0.008778,0.0,0.008778
2026-06-01 11:16:00,3,Maize,Mid-season,Clay,32.473333333333336,46.84,900.68,3.353333333333333,0.0,65.0,75.0,30.0,65.0,1.2,,,0.010327,0.012392,0.0,0.012392
2026-06-01 11:17:00,1,Tomato,Mid-season,Loam,32.49666666666667,46.78,901.01,3.3566666666666665,0.0,55.0,70.0,25.0,60.0,1.15,,,0.010232,0.011767,0.0,0.011767
2026-06-01 11:17:00,2,Wheat,Development,Sandy,32.49666666666667,46.78,901.01,3.3566666666666665,0.0,42.0,60.0,18.0,55.0,0.85,,,0.010232,0.008697,0.0,0.008697
2026-06-01 11:17:00,3,Maize,Mid-season,Clay,32.49666666666667,46.78,901.01,3.3566666666666665,0.0,65.0,75.0,30.0,65.0,1.2,,,0.010232,0.012278,0.0,0.012278
2026-06-01 11:18:00,1,Tomato,Mid-season,Loam,32.52,46.72,901.34,3.36,0.0,55.0,70.0,25.0,60.0,1.15,,,0.010286,0.011829,0.0,0.011829
2026-06-01 11:18:00,2,Wheat,Development,Sandy,32.52,46.72,901.34,3.36,0.0,42.0,60.0,18.0,55.0,0.85,,,0.010286,0.008743,0.0,0.008743
2026-06-01 11:18:00,3,Maize,Mid-season,Clay,32.52,46.72,901.34,3.36,0.0,65.0,75.0,30.0,65.0,1.2,,,0.010286,0.012343,0.0,0.012343
2026-06-01 11:19:00,1,Tomato,Mid-season,Loam,32.54333333333334,46.66,901.67,3.3633333333333333,0.0,55.0,70.0,25.0,60.0,1.15,,,0.010459,0.012028,0.0,0.012028
2026-06-01 11:19:00,2,Wheat,Development,Sandy,32.54333333333334,46.66,901.67,3.3633333333333333,0.0,42.0,60.0,18.0,55.0,0.85,,,0.010459,0.00889,0.0,0.00889
2026-06-01 11:19:00,3,Maize,Mid-season,Clay,32.54333333333334,46.66,901.67,3.3633333333333333,0.0,65.0,75.0,30.0,65.0,1.2,,,0.010459,0.012551,0.0,0.012551
2026-06-01 11:20:00,1,Tomato,Mid-season,Loam,32.56666666666667,46.6,902.0,3.3666666666666667,0.0,55.0,70.0,25.0,60.0,1.15,,,0.010435,0.012,0.0,0.012
2026-06-01 11:20:00,2,Wheat,Development,Sandy,32.56666666666667,46.6,902.0,3.3666666666666667,0.0,42.0,60.0,18.0,55.0,0.85,,,0.010435,0.00887,0.0,0.00887
2026-06-01 11:20:00,3,Maize,Mid-season,Clay,32.56666666666667,46.6,902.0,3.3666666666666667,0.0,65.0,75.0,30.0,65.0,1.2,,,0.010435,0.012522,0.0,0.012522
2026-06-01 11:21:00,1,Tomato,Mid-season,Loam,32.59,46.54,902.33,3.37,0.0,55.0,70.0,25.0,60.0,1.15,,,0.010331,0.011881,0.0,0.011881
2026-06-01 11:21:00,2,Wheat,Development,Sandy,32.59,46.54,902.33,3.37,0.0,42.0,60.0,18.0,55.0,0.85,,,0.010331,0.008781,0.0,0.008781
2026-06-01 11:21:00,3,Maize,Mid-season,Clay,32.59,46.54,902.33,3.37,0.0,65.0,75.0,30.0,65.0,1.2,,,0.010331,0.012397,0.0,0.012397
2026-06-01 11:22:00,1,Tomato,Mid-season,Loam,32.61333333333334,46.48,902.66,3.373333333333333,0.0,55.0,70.0,25.0,60.0,1.15,,,0.010202,0.011732,0.0,0.011732
2026-06-01 11:22:00,2,Wheat,Development,Sandy,32.61333333333334,46.48,902.66,3.373333333333333,0.0,42.0,60.0,18.0,55.0,0.85,,,0.010202,0.008672,0.0,0.008672
2026-06-01 11:22:00,3,Maize,Mid-season,Clay,32.61333333333334,46.48,902.66,3.373333333333333,0.0,65.0,75.0,30.0,65.0,1.2,,,0.010202,0.012242,0.0,0.012242
2026-06-01 11:23:00,1,Tomato,Mid-season,Loam,32.63666666666667,46.42,902.99,3.3766666666666665,0.0,55.0,70.0,25.0,60.0,1.15,,,0.010316,0.011863,0.0,0.011863
2026-06-01 11:23:00,2,Wheat,Development,Sandy,32.63666666666667,46.42,902.99,3.3766666666666665,0.0,42.0,60.0,18.0,55.0,0.85,,,0.010316,0.008769,0.0,0.008769
2026-06-01 11:23:00,3,Maize,Mid-season,Clay,32.63666666666667,46.42,902.99,3.3766666666666665,0.0,65.0,75.0,30.0,65.0,1.2,,,0.010316,0.012379,0.0,0.012379
2026-06-01 11:24:00,1,Tomato,Mid-season,Loam,32.660000000000004,46.36,903.32,3.38,0.0,55.0,70.0,25.0,60.0,1.15,,,0.010287,0.01183,0.0,0.01183
2026-06-01 11:24:00,2,Wheat,Development,Sandy,32.660000000000004,46.36,903.32,3.38,0.0,42.0,60.0,18.0,55.0,0.85,,,0.010287,0.008744,0.0,0.008744
2026-06-01 11:24:00,3,Maize,Mid-season,Clay,32.660000000000004,46.36,903.32,3.38,0.0,65.0,75.0,30.0,65.0,1.2,,,0.010287,0.012344,0.0,0.012344
2026-06-01 11:25:00,1,Tomato,Mid-season,Loam,32.68333333333334,46.3,903.65,3.3833333333333333,0.0,55.0,70.0,25.0,60.0,1.15,,,0.010386,0.011944,0.0,0.011944
2026-06-01 11:25:00,2,Wheat,Development,Sandy,32.68333333333334,46.3,903.65,3.3833333333333333,0.0,42.0,60.0,18.0,55.0,0.85,,,0.010386,0.008828,0.0,0.008828
2026-06-01 11:25:00,3,Maize,Mid-season,Clay,32.68333333333334,46.3,903.65,3.3833333333333333,0.0,65.0,75.0,30.0,65.0,1.2,,,0.010386,0.012463,0.0,0.012463
2026-06-01 11:26:00,1,Tomato,Mid-season,Loam,32.70666666666667,46.24,903.98,3.3866666666666667,0.0,55.0,70.0,25.0,60.0,1.15,,,0.010992,0.012641,0.0,0.012641
2026-06-01 11:26:00,2,Wheat,Development,Sandy,32.70666666666667,46.24,903.98,3.3866666666666667,0.0,42.0,60.0,18.0,55.0,0.85,,,0.010992,0.009343,0.0,0.009343
2026-06-01 11:26:00,3,Maize,Mid-season,Clay,32.70666666666667,46.24,903.98,3.3866666666666667,0.0,65.0,75.0,30.0,65.0,1.2,,,0.010992,0.01319,0.0,0.01319
2026-06-01 11:27:00,1,Tomato,Mid-season,Loam,32.730000000000004,46.18,904.31,3.39,0.0,55.0,70.0,25.0,60.0,1.15,,,0.010372,0.011928,0.0,0.011928
2026-06-01 11:27:00,2,Wheat,Development,Sandy,32.730000000000004,46.18,904.31,3.39,0.0,42.0,60.0,18.0,55.0,0.85,,,0.010372,0.008816,0.0,0.008816
2026-06-01 11:27:00,3,Maize,Mid-season,Clay,32.730000000000004,46.18,904.31,3.39,0.0,65.0,75.0,30.0,65.0,1.2,,,0.010372,0.012446,0.0,0.012446
2026-06-01 11:28:00,1,Tomato,Mid-season,Loam,32.75333333333334,46.12,904.64,3.393333333333333,0.0,55.0,70.0,25.0,60.0,1.15,,,0.010509,0.012085,0.0,0.012085
2026-06-01 11:28:00,2,Wheat,Development,Sandy,32.75333333333334,46.12,904.64,3.393333333333333,0.0,42.0,60.0,18.0,55.0,0.85,,,0.010509,0.008933,0.0,0.008933
2026-06-01 11:28:00,3,Maize,Mid-season,Clay,32.75333333333334,46.12,904.64,3.393333333333333,0.0,65.0,75.0,30.0,65.0,1.2,,,0.010509,0.012611,0.0,0.012611
2026-06-01 11:29:00,1,Tomato,Mid-season,Loam,32.77666666666667,46.06,904.97,3.3966666666666665,0.0,55.0,70.0,25.0,60.0,1.15,,,0.010665,0.012265,0.0,0.012265
2026-06-01 11:29:00,2,Wheat,Development,Sandy,32.77666666666667,46.06,904.97,3.3966666666666665,0.0,42.0,60.0,18.0,55.0,0.85,,,0.010665,0.009065,0.0,0.009065
2026-06-01 11:29:00,3,Maize,Mid-season,Clay,32.77666666666667,46.06,904.97,3.3966666666666665,0.0,65.0,75.0,30.0,65.0,1.2,,,0.010665,0.012798,0.0,0.012798
2026-06-01 11:30:00,1,Tomato,Mid-season,Loam,32.8,46.0,905.3,3.4,0.0,55.0,70.0,25.0,60.0,1.15,,,0.010479,0.012051,0.0,0.012051
2026-06-01 11:30:00,2,Wheat,Development,Sandy,32.8,46.0,905.3,3.4,0.0,42.0,60.0,18.0,55.0,0.85,,,0.010479,0.008907,0.0,0.008907
2026-06-01 11:30:00,3,Maize,Mid-season,Clay,32.8,46.0,905.3,3.4,0.0,65.0,75.0,30.0,65.0,1.2,,,0.010479,0.012575,0.0,0.012575
2026-06-01 11:31:00,1,Tomato,Mid-season,Loam,32.82333333333333,45.94,905.63,3.4033333333333333,0.0,55.0,70.0,25.0,60.0,1.15,,,0.011064,0.012724,0.0,0.012724
2026-06-01 11:31:00,2,Wheat,Development,Sandy,32.82333333333333,45.94,905.63,3.4033333333333333,0.0,42.0,60.0,18.0,55.0,0.85,,,0.011064,0.009404,0.0,0.009404
2026-06-01 11:31:00,3,Maize,Mid-season,Clay,32.82333333333333,45.94,905.63,3.4033333333333333,0.0,65.0,75.0,30.0,65.0,1.2,,,0.011064,0.013277,0.0,0.013277
2026-06-01 11:32:00,1,Tomato,Mid-season,Loam,32.846666666666664,45.88,905.96,3.4066666666666667,0.0,55.0,70.0,25.0,60.0,1.15,,,0.010461,0.01203,0.0,0.01203
2026-06-01 11:32:00,2,Wheat,Development,Sandy,32.846666666666664,45.88,905.96,3.4066666666666667,0.0,42.0,60.0,18.0,55.0,0.85,,,0.010461,0.008892,0.0,0.008892
2026-06-01 11:32:00,3,Maize,Mid-season,Clay,32.846666666666664,45.88,905.96,3.4066666666666667,0.0,65.0,75.0,30.0,65.0,1.2,,,0.010461,0.012553,0.0,0.012553
2026-06-01 11:33:00,1,Tomato,Mid-season,Loam,32.87,45.82,906.29,3.41,0.0,55.0,70.0,25.0,60.0,1.15,,,0.010464,0.012034,0.0,0.012034
2026-06-01 11:33:00,2,Wheat,Development,Sandy,32.87,45.82,906.29,3.41,0.0,42.0,60.0,18.0,55.0,0.85,,,0.010464,0.008894,0.0,0.008894
2026-06-01 11:33:00,3,Maize,Mid-season,Clay,32.87,45.82,906.29,3.41,0.0,65.0,75.0,30.0,65.0,1.2,,,0.010464,0.012557,0.0,0.012557
2026-06-01 11:34:00,1,Tomato,Mid-season,Loam,32.89333333333333,45.76,906.62,3.413333333333333,0.0,55.0,70.0,25.0,60.0,1.15,,,0.010309,0.011855,0.0,0.011855
2026-06-01 11:34:00,2,Wheat,Development,Sandy,32.89333333333333,45.76,906.62,3.413333333333333,0.0,42.0,60.0,18.0,55.0,0.85,,,0.010309,0.008763,0.0,0.008763
2026-06-01 11:34:00,3,Maize,Mid-season,Clay,32.89333333333333,45.76,906.62,3.413333333333333,0.0,65.0,75.0,30.0,65.0,1.2,,,0.010309,0.012371,0.0,0.012371
2026-06-01 11:35:00,1,Tomato,Mid-season,Loam,32.916666666666664,45.7,906.95,3.4166666666666665,0.0,55.0,70.0,25.0,60.0,1.15,,,0.010474,0.012045,0.0,0.012045
2026-06-01 11:35:00,2,Wheat,Development,Sandy,32.916666666666664,45.7,906.95,3.4166666666666665,0.0,42.0,60.0,18.0,55.0,0.85,,,0.010474,0.008903,0.0,0.008903
2026-06-01 11:35:00,3,Maize,Mid-season,Clay,32.916666666666664,45.7,906.95,3.4166666666666665,0.0,65.0,75.0,30.0,65.0,1.2,,,0.010474,0.012569,0.0,0.012569
2026-06-01 11:36:00,1,Tomato,Mid-season,Loam,32.94,45.64,907.28,3.42,0.0,55.0,70.0,25.0,60.0,1.15,,,0.010528,0.012107,0.0,0.012107
2026-06-01 11:36:00,2,Wheat,Development,Sandy,32.94,45.64,907.28,3.42,0.0,42.0,60.0,18.0,55.0,0.85,,,0.010528,0.008949,0.0,0.008949
2026-06-01 11:36:00,3,Maize,Mid-season,Clay,32.94,45.64,907.28,3.42,0.0,65.0,75.0,30.0,65.0,1.2,,,0.010528,0.012634,0.0,0.012634
2026-06-01 11:37:00,1,Tomato,Mid-season,Loam,32.96333333333333,45.58,907.61,3.4233333333333333,0.0,55.0,70.0,25.0,60.0,1.15,,,0.010761,0.012375,0.0,0.012375
2026-06-01 11:37:00,2,Wheat,Development,Sandy,32.96333333333333,45.58,907.61,3.4233333333333333,0.0,42.0,60.0,18.0,55.0,0.85,,,0.010761,0.009147,0.0,0.009147
2026-06-01 11:37:00,3,Maize,Mid-season,Clay,32.96333333333333,45.58,907.61,3.4233333333333333,0.0,65.0,75.0,30.0,65.0,1.2,,,0.010761,0.012913,0.0,0.012913
2026-06-01 11:38:00,1,Tomato,Mid-season,Loam,32.986666666666665,45.52,907.94,3.4266666666666667,0.0,55.0,70.0,25.0,60.0,1.15,,,0.01065,0.012247,0.0,0.012247
2026-06-01 11:38:00,2,Wheat,Development,Sandy,32.986666666666665,45.52,907.94,3.4266666666666667,0.0,42.0,60.0,18.0,55.0,0.85,,,0.01065,0.009052,0.0,0.009052
2026-06-01 11:38:00,3,Maize,Mid-season,Clay,32.986666666666665,45.52,907.94,3.4266666666666667,0.0,65.0,75.0,30.0,65.0,1.2,,,0.01065,0.01278,0.0,0.01278
2026-06-01 11:39:00,1,Tomato,Mid-season,Loam,33.01,45.46,908.27,3.43,0.0,55.0,70.0,25.0,60.0,1.15,,,0.010953,0.012596,0.0,0.012596
2026-06-01 11:39:00,2,Wheat,Development,Sandy,33.01,45.46,908.27,3.43,0.0,42.0,60.0,18.0,55.0,0.85,,,0.010953,0.00931,0.0,0.00931
2026-06-01 11:39:00,3,Maize,Mid-season,Clay,33.01,45.46,908.27,3.43,0.0,65.0,75.0,30.0,65.0,1.2,,,0.010953,0.013144,0.0,0.013144
2026-06-01 11:40:00,1,Tomato,Mid-season,Loam,33.03333333333333,45.4,908.6,3.433333333333333,0.0,55.0,70.0,25.0,60.0,1.15,,,0.010671,0.012272,0.0,0.012272
2026-06-01 11:40:00,2,Wheat,Development,Sandy,33.03333333333333,45.4,908.6,3.433333333333333,0.0,42.0,60.0,18.0,55.0,0.85,,,0.010671,0.00907,0.0,0.00907
2026-06-01 11:40:00,3,Maize,Mid-season,Clay,33.03333333333333,45.4,908.6,3.433333333333333,0.0,65.0,75.0,30.0,65.0,1.2,,,0.010671,0.012805,0.0,0.012805
2026-06-01 11:41:00,1,Tomato,Mid-season,Loam,33.056666666666665,45.34,908.93,3.4366666666666665,0.0,55.0,70.0,25.0,60.0,1.15,,,0.010511,0.012088,0.0,0.012088
2026-06-01 11:41:00,2,Wheat,Development,Sandy,33.056666666666665,45.34,908.93,3.4366666666666665,0.0,42.0,60.0,18.0,55.0,0.85,,,0.010511,0.008934,0.0,0.008934
2026-06-01 11:41:00,3,Maize,Mid-season,Clay,33.056666666666665,45.34,908.93,3.4366666666666665,0.0,65.0,75.0,30.0,65.0,1.2,,,0.010511,0.012613,0.0,0.012613
2026-06-01 11:42:00,1,Tomato,Mid-season,Loam,33.08,45.28,909.26,3.44,0.0,55.0,70.0,25.0,60.0,1.15,,,0.011318,0.013016,0.0,0.013016
2026-06-01 11:42:00,2,Wheat,Development,Sandy,33.08,45.28,909.26,3.44,0.0,42.0,60.0,18.0,55.0,0.85,,,0.011318,0.00962,0.0,0.00962
2026-06-01 11:42:00,3,Maize,Mid-season,Clay,33.08,45.28,909.26,3.44,0.0,65.0,75.0,30.0,65.0,1.2,,,0.011318,0.013582,0.0,0.013582
2026-06-01 11:43:00,1,Tomato,Mid-season,Loam,33.10333333333333,45.22,909.59,3.4433333333333334,0.0,55.0,70.0,25.0,60.0,1.15,,,0.010807,0.012428,0.0,0.012428
2026-06-01 11:43:00,2,Wheat,Development,Sandy,33.10333333333333,45.22,909.59,3.4433333333333334,0.0,42.0,60.0,18.0,55.0,0.85,,,0.010807,0.009186,0.0,0.009186
2026-06-01 11:43:00,3,Maize,Mid-season,Clay,33.10333333333333,45.22,909.59,3.4433333333333334,0.0,65.0,75.0,30.0,65.0,1.2,,,0.010807,0.012968,0.0,0.012968
2026-06-01 11:44:00,1,Tomato,Mid-season,Loam,33.126666666666665,45.16,909.92,3.4466666666666668,0.0,55.0,70.0,25.0,60.0,1.15,,,0.010582,0.012169,0.0,0.012169
2026-06-01 11:44:00,2,Wheat,Development,Sandy,33.126666666666665,45.16,909.92,3.4466666666666668,0.0,42.0,60.0,18.0,55.0,0.85,,,0.010582,0.008995,0.0,0.008995
2026-06-01 11:44:00,3,Maize,Mid-season,Clay,33.126666666666665,45.16,909.92,3.4466666666666668,0.0,65.0,75.0,30.0,65.0,1.2,,,0.010582,0.012698,0.0,0.012698
2026-06-01 11:45:00,1,Tomato,Mid-season,Loam,33.15,45.1,910.25,3.45,0.0,55.0,70.0,25.0,60.0,1.15,,,0.010492,0.012066,0.0,0.012066
2026-06-01 11:45:00,2,Wheat,Development,Sandy,33.15,45.1,910.25,3.45,0.0,42.0,60.0,18.0,55.0,0.85,,,0.010492,0.008918,0.0,0.008918
2026-06-01 11:45:00,3,Maize,Mid-season,Clay,33.15,45.1,910.25,3.45,0.0,65.0,75.0,30.0,65.0,1.2,,,0.010492,0.01259,0.0,0.01259
2026-06-01 11:46:00,1,Tomato,Mid-season,Loam,33.17333333333333,45.04,910.58,3.453333333333333,0.0,55.0,70.0,25.0,60.0,1.15,,,0.010487,0.01206,0.0,0.01206
2026-06-01 11:46:00,2,Wheat,Development,Sandy,33.17333333333333,45.04,910.58,3.453333333333333,0.0,42.0,60.0,18.0,55.0,0.85,,,0.010487,0.008914,0.0,0.008914
2026-06-01 11:46:00,3,Maize,Mid-season,Clay,33.17333333333333,45.04,910.58,3.453333333333333,0.0,65.0,75.0,30.0,65.0,1.2,,,0.010487,0.012584,0.0,0.012584
2026-06-01 11:47:00,1,Tomato,Mid-season,Loam,33.196666666666665,44.98,910.91,3.4566666666666666,0.0,55.0,70.0,25.0,60.0,1.15,,,0.011031,0.012686,0.0,0.012686
2026-06-01 11:47:00,2,Wheat,Development,Sandy,33.196666666666665,44.98,910.91,3.4566666666666666,0.0,42.0,60.0,18.0,55.0,0.85,,,0.011031,0.009376,0.0,0.009376
2026-06-01 11:47:00,3,Maize,Mid-season,Clay,33.196666666666665,44.98,910.91,3.4566666666666666,0.0,65.0,75.0,30.0,65.0,1.2,,,0.011031,0.013237,0.0,0.013237
2026-06-01 11:48:00,1,Tomato,Mid-season,Loam,33.22,44.92,911.24,3.46,0.0,55.0,70.0,25.0,60.0,1.15,,,0.010692,0.012296,0.0,0.012296
2026-06-01 11:48:00,2,Wheat,Development,Sandy,33.22,44.92,911.24,3.46,0.0,42.0,60.0,18.0,55.0,0.85,,,0.010692,0.009088,0.0,0.009088
2026-06-01 11:48:00,3,Maize,Mid-season,Clay,33.22,44.92,911.24,3.46,0.0,65.0,75.0,30.0,65.0,1.2,,,0.010692,0.01283,0.0,0.01283
2026-06-01 11:49:00,1,Tomato,Mid-season,Loam,33.24333333333333,44.86,911.57,3.4633333333333334,0.0,55.0,70.0,25.0,60.0,1.15,,,0.010887,0.01252,0.0,0.01252
2026-06-01 11:49:00,2,Wheat,Development,Sandy,33.24333333333333,44.86,911.57,3.4633333333333334,0.0,42.0,60.0,18.0,55.0,0.85,,,0.010887,0.009254,0.0,0.009254
2026-06-01 11:49:00,3,Maize,Mid-season,Clay,33.24333333333333,44.86,911.57,3.4633333333333334,0.0,65.0,75.0,30.0,65.0,1.2,,,0.010887,0.013064,0.0,0.013064
2026-06-01 11:50:00,1,Tomato,Mid-season,Loam,33.266666666666666,44.8,911.9,3.466666666666667,0.0,55.0,70.0,25.0,60.0,1.15,,,0.010793,0.012412,0.0,0.012412
2026-06-01 11:50:00,2,Wheat,Development,Sandy,33.266666666666666,44.8,911.9,3.466666666666667,0.0,42.0,60.0,18.0,55.0,0.85,,,0.010793,0.009174,0.0,0.009174
2026-06-01 11:50:00,3,Maize,Mid-season,Clay,33.266666666666666,44.8,911.9,3.466666666666667,0.0,65.0,75.0,30.0,65.0,1.2,,,0.010793,0.012952,0.0,0.012952
2026-06-01 11:51:00,1,Tomato,Mid-season,Loam,33.29,44.74,912.23,3.47,0.0,55.0,70.0,25.0,60.0,1.15,,,0.011018,0.012671,0.0,0.012671
2026-06-01 11:51:00,2,Wheat,Development,Sandy,33.29,44.74,912.23,3.47,0.0,42.0,60.0,18.0,55.0,0.85,,,0.011018,0.009365,0.0,0.009365
2026-06-01 11:51:00,3,Maize,Mid-season,Clay,33.29,44.74,912.23,3.47,0.0,65.0,75.0,30.0,65.0,1.2,,,0.011018,0.013222,0.0,0.013222
2026-06-01 11:52:00,1,Tomato,Mid-season,Loam,33.31333333333333,44.68,912.56,3.473333333333333,0.0,55.0,70.0,25.0,60.0,1.15,,,0.010531,0.012111,0.0,0.012111
2026-06-01 11:52:00,2,Wheat,Development,Sandy,33.31333333333333,44.68,912.56,3.473333333333333,0.0,42.0,60.0,18.0,55.0,0.85,,,0.010531,0.008951,0.0,0.008951
2026-06-01 11:52:00,3,Maize,Mid-season,Clay,33.31333333333333,44.68,912.56,3.473333333333333,0.0,65.0,75.0,30.0,65.0,1.2,,,0.010531,0.012637,0.0,0.012637
2026-06-01 11:53:00,1,Tomato,Mid-season,Loam,33.336666666666666,44.620000000000005,912.89,3.4766666666666666,0.0,55.0,70.0,25.0,60.0,1.15,,,0.010578,0.012165,0.0,0.012165
2026-06-01 11:53:00,2,Wheat,Development,Sandy,33.336666666666666,44.620000000000005,912.89,3.4766666666666666,0.0,42.0,60.0,18.0,55.0,0.85,,,0.010578,0.008991,0.0,0.008991
2026-06-01 11:53:00,3,Maize,Mid-season,Clay,33.336666666666666,44.620000000000005,912.89,3.4766666666666666,0.0,65.0,75.0,30.0,65.0,1.2,,,0.010578,0.012694,0.0,0.012694
2026-06-01 11:54:00,1,Tomato,Mid-season,Loam,33.36,44.56,913.22,3.48,0.0,55.0,70.0,25.0,60.0,1.15,,,0.010928,0.012567,0.0,0.012567
2026-06-01 11:54:00,2,Wheat,Development,Sandy,33.36,44.56,913.22,3.48,0.0,42.0,60.0,18.0,55.0,0.85,,,0.010928,0.009289,0.0,0.009289
2026-06-01 11:54:00,3,Maize,Mid-season,Clay,33.36,44.56,913.22,3.48,0.0,65.0,75.0,30.0,65.0,1.2,,,0.010928,0.013114,0.0,0.013114
2026-06-01 11:55:00,1,Tomato,Mid-season,Loam,33.38333333333333,44.5,913.55,3.4833333333333334,0.0,55.0,70.0,25.0,60.0,1.15,,,0.010952,0.012595,0.0,0.012595
2026-06-01 11:55:00,2,Wheat,Development,Sandy,33.38333333333333,44.5,913.55,3.4833333333333334,0.0,42.0,60.0,18.0,55.0,0.85,,,0.010952,0.009309,0.0,0.009309
2026-06-01 11:55:00,3,Maize,Mid-season,Clay,33.38333333333333,44.5,913.55,3.4833333333333334,0.0,65.0,75.0,30.0,65.0,1.2,,,0.010952,0.013142,0.0,0.013142
2026-06-01 11:56:00,1,Tomato,Mid-season,Loam,33.406666666666666,44.440000000000005,913.88,3.486666666666667,0.0,55.0,70.0,25.0,60.0,1.15,,,0.01092,0.012558,0.0,0.012558
2026-06-01 11:56:00,2,Wheat,Development,Sandy,33.406666666666666,44.440000000000005,913.88,3.486666666666667,0.0,42.0,60.0,18.0,55.0,0.85,,,0.01092,0.009282,0.0,0.009282
2026-06-01 11:56:00,3,Maize,Mid-season,Clay,33.406666666666666,44.440000000000005,913.88,3.486666666666667,0.0,65.0,75.0,30.0,65.0,1.2,,,0.01092,0.013104,0.0,0.013104
2026-06-01 11:57:00,1,Tomato,Mid-season,Loam,33.43,44.38,914.21,3.49,0.0,55.0,70.0,25.0,60.0,1.15,,,0.010764,0.012379,0.0,0.012379
2026-06-01 11:57:00,2,Wheat,Development,Sandy,33.43,44.38,914.21,3.49,0.0,42.0,60.0,18.0,55.0,0.85,,,0.010764,0.009149,0.0,0.009149
2026-06-01 11:57:00,3,Maize,Mid-season,Clay,33.43,44.38,914.21,3.49,0.0,65.0,75.0,30.0,65.0,1.2,,,0.010764,0.012917,0.0,0.012917
2026-06-01 11:58:00,1,Tomato,Mid-season,Loam,33.45333333333333,44.32,914.54,3.493333333333333,0.0,55.0,70.0,25.0,60.0,1.15,,,0.011139,0.01281,0.0,0.01281
2026-06-01 11:58:00,2,Wheat,Development,Sandy,33.45333333333333,44.32,914.54,3.493333333333333,0.0,42.0,60.0,18.0,55.0,0.85,,,0.011139,0.009468,0.0,0.009468
2026-06-01 11:58:00,3,Maize,Mid-season,Clay,33.45333333333333,44.32,914.54,3.493333333333333,0.0,65.0,75.0,30.0,65.0,1.2,,,0.011139,0.013367,0.0,0.013367
2026-06-01 11:59:00,1,Tomato,Mid-season,Loam,33.47666666666667,44.260000000000005,914.87,3.4966666666666666,0.0,55.0,70.0,25.0,60.0,1.15,,,0.010688,0.012291,0.0,0.012291
2026-06-01 11:59:00,2,Wheat,Development,Sandy,33.47666666666667,44.260000000000005,914.87,3.4966666666666666,0.0,42.0,60.0,18.0,55.0,0.85,,,0.010688,0.009085,0.0,0.009085
2026-06-01 11:59:00,3,Maize,Mid-season,Clay,33.47666666666667,44.260000000000005,914.87,3.4966666666666666,0.0,65.0,75.0,30.0,65.0,1.2,,,0.010688,0.012826,0.0,0.012826
2026-06-01 12:00:00,1,Tomato,Mid-season,Loam,33.5,44.2,915.2,3.5,0.0,55.0,70.0,25.0,60.0,1.15,,,0.01081,0.012432,0.0,0.012432
2026-06-01 12:00:00,2,Wheat,Development,Sandy,33.5,44.2,915.2,3.5,0.0,42.0,60.0,18.0,55.0,0.85,,,0.01081,0.009188,0.0,0.009188
2026-06-01 12:00:00,3,Maize,Mid-season,Clay,33.5,44.2,915.2,3.5,0.0,65.0,75.0,30.0,65.0,1.2,,,0.01081,0.012972,0.0,0.012972
2026-06-01 12:01:00,1,Tomato,Mid-season,Loam,33.51166666666667,44.17166666666667,914.6233333333332,3.5016666666666665,0.0,55.0,70.0,25.0,60.0,1.15,,,0.010745,0.012357,0.0,0.012357
2026-06-01 12:01:00,2,Wheat,Development,Sandy,33.51166666666667,44.17166666666667,914.6233333333332,3.5016666666666665,0.0,42.0,60.0,18.0,55.0,0.85,,,0.010745,0.009133,0.0,0.009133
2026-06-01 12:01:00,3,Maize,Mid-season,Clay,33.51166666666667,44.17166666666667,914.6233333333332,3.5016666666666665,0.0,65.0,75.0,30.0,65.0,1.2,,,0.010745,0.012894,0.0,0.012894
2026-06-01 12:02:00,1,Tomato,Mid-season,Loam,33.52333333333333,44.14333333333334,914.0466666666669,3.5033333333333334,0.0,55.0,70.0,25.0,60.0,1.15,,,0.011244,0.012931,0.0,0.012931
2026-06-01 12:02:00,2,Wheat,Development,Sandy,33.52333333333333,44.14333333333334,914.0466666666669,3.5033333333333334,0.0,42.0,60.0,18.0,55.0,0.85,,,0.011244,0.009557,0.0,0.009557
2026-06-01 12:02:00,3,Maize,Mid-season,Clay,33.52333333333333,44.14333333333334,914.0466666666669,3.5033333333333334,0.0,65.0,75.0,30.0,65.0,1.2,,,0.011244,0.013493,0.0,0.013493
2026-06-01 12:03:00,1,Tomato,Mid-season,Loam,33.535,44.115,913.47,3.505,0.0,55.0,70.0,25.0,60.0,1.15,,,0.011086,0.012749,0.0,0.012749
2026-06-01 12:03:00,2,Wheat,Development,Sandy,33.535,44.115,913.47,3.505,0.0,42.0,60.0,18.0,55.0,0.85,,,0.011086,0.009423,0.0,0.009423
2026-06-01 12:03:00,3,Maize,Mid-season,Clay,33.535,44.115,913.47,3.505,0.0,65.0,75.0,30.0,65.0,1.2,,,0.011086,0.013303,0.0,0.013303
2026-06-01 12:04:00,1,Tomato,Mid-season,Loam,33.54666666666667,44.086666666666666,912.8933333333334,3.506666666666667,0.0,55.0,70.0,25.0,60.0,1.15,,,0.011145,0.012817,0.0,0.012817
2026-06-01 12:04:00,2,Wheat,Development,Sandy,33.54666666666667,44.086666666666666,912.8933333333334,3.506666666666667,0.0,42.0,60.0,18.0,55.0,0.85,,,0.011145,0.009473,0.0,0.009473
2026-06-01 12:04:00,3,Maize,Mid-season,Clay,33.54666666666667,44.086666666666666,912.8933333333334,3.506666666666667,0.0,65.0,75.0,30.0,65.0,1.2,,,0.011145,0.013374,0.0,0.013374
2026-06-01 12:05:00,1,Tomato,Mid-season,Loam,33.55833333333334,44.05833333333334,912.3166666666668,3.5083333333333333,0.0,55.0,70.0,25.0,60.0,1.15,,,0.011417,0.01313,0.0,0.01313
2026-06-01 12:05:00,2,Wheat,Development,Sandy,33.55833333333334,44.05833333333334,912.3166666666668,3.5083333333333333,0.0,42.0,60.0,18.0,55.0,0.85,,,0.011417,0.009704,0.0,0.009704
2026-06-01 12:05:00,3,Maize,Mid-season,Clay,33.55833333333334,44.05833333333334,912.3166666666668,3.5083333333333333,0.0,65.0,75.0,30.0,65.0,1.2,,,0.011417,0.0137,0.0,0.0137
2026-06-01 12:06:00,1,Tomato,Mid-season,Loam,33.57,44.03,911.74,3.51,0.0,55.0,70.0,25.0,60.0,1.15,,,0.011827,0.013601,0.0,0.013601
2026-06-01 12:06:00,2,Wheat,Development,Sandy,33.57,44.03,911.74,3.51,0.0,42.0,60.0,18.0,55.0,0.85,,,0.011827,0.010053,0.0,0.010053
2026-06-01 12:06:00,3,Maize,Mid-season,Clay,33.57,44.03,911.74,3.51,0.0,65.0,75.0,30.0,65.0,1.2,,,0.011827,0.014192,0.0,0.014192
2026-06-01 12:07:00,1,Tomato,Mid-season,Loam,33.58166666666666,44.00166666666667,911.1633333333334,3.5116666666666667,0.0,55.0,70.0,25.0,60.0,1.15,,,0.010627,0.012221,0.0,0.012221
2026-06-01 12:07:00,2,Wheat,Development,Sandy,33.58166666666666,44.00166666666667,911.1633333333334,3.5116666666666667,0.0,42.0,60.0,18.0,55.0,0.85,,,0.010627,0.009033,0.0,0.009033
2026-06-01 12:07:00,3,Maize,Mid-season,Clay,33.58166666666666,44.00166666666667,911.1633333333334,3.5116666666666667,0.0,65.0,75.0,30.0,65.0,1.2,,,0.010627,0.012752,0.0,0.012752
2026-06-01 12:08:00,1,Tomato,Mid-season,Loam,33.593333333333334,43.973333333333336,910.5866666666668,3.513333333333333,0.0,55.0,70.0,25.0,60.0,1.15,,,0.010816,0.012438,0.0,0.012438
2026-06-01 12:08:00,2,Wheat,Development,Sandy,33.593333333333334,43.973333333333336,910.5866666666668,3.513333333333333,0.0,42.0,60.0,18.0,55.0,0.85,,,0.010816,0.009194,0.0,0.009194
2026-06-01 12:08:00,3,Maize,Mid-season,Clay,33.593333333333334,43.973333333333336,910.5866666666668,3.513333333333333,0.0,65.0,75.0,30.0,65.0,1.2,,,0.010816,0.012979,0.0,0.012979
2026-06-01 12:09:00,1,Tomato,Mid-season,Loam,33.605000000000004,43.945,910.01,3.515,0.0,55.0,70.0,25.0,60.0,1.15,,,0.010879,0.012511,0.0,0.012511
2026-06-01 12:09:00,2,Wheat,Development,Sandy,33.605000000000004,43.945,910.01,3.515,0.0,42.0,60.0,18.0,55.0,0.85,,,0.010879,0.009247,0.0,0.009247
2026-06-01 12:09:00,3,Maize,Mid-season,Clay,33.605000000000004,43.945,910.01,3.515,0.0,65.0,75.0,30.0,65.0,1.2,,,0.010879,0.013055,0.0,0.013055
2026-06-01 12:10:00,1,Tomato,Mid-season,Loam,33.61666666666667,43.91666666666667,909.4333333333334,3.5166666666666666,0.0,55.0,70.0,25.0,60.0,1.15,,,0.010897,0.012532,0.0,0.012532
2026-06-01 12:10:00,2,Wheat,Development,Sandy,33.61666666666667,43.91666666666667,909.4333333333334,3.5166666666666666,0.0,42.0,60.0,18.0,55.0,0.85,,,0.010897,0.009262,0.0,0.009262
2026-06-01 12:10:00,3,Maize,Mid-season,Clay,33.61666666666667,43.91666666666667,909.4333333333334,3.5166666666666666,0.0,65.0,75.0,30.0,65.0,1.2,,,0.010897,0.013076,0.0,0.013076
2026-06-01 12:11:00,1,Tomato,Mid-season,Loam,33.62833333333333,43.888333333333335,908.8566666666668,3.518333333333333,0.0,55.0,70.0,25.0,60.0,1.15,,,0.010861,0.01249,0.0,0.01249
2026-06-01 12:11:00,2,Wheat,Development,Sandy,33.62833333333333,43.888333333333335,908.8566666666668,3.518333333333333,0.0,42.0,60.0,18.0,55.0,0.85,,,0.010861,0.009232,0.0,0.009232
2026-06-01 12:11:00,3,Maize,Mid-season,Clay,33.62833333333333,43.888333333333335,908.8566666666668,3.518333333333333,0.0,65.0,75.0,30.0,65.0,1.2,,,0.010861,0.013033,0.0,0.013033
2026-06-01 12:12:00,1,Tomato,Mid-season,Loam,33.64,43.86,908.28,3.52,0.0,55.0,70.0,25.0,60.0,1.15,,,0.011101,0.012766,0.0,0.012766
2026-06-01 12:12:00,2,Wheat,Development,Sandy,33.64,43.86,908.28,3.52,0.0,42.0,60.0,18.0,55.0,0.85,,,0.011101,0.009436,0.0,0.009436
2026-06-01 12:12:00,3,Maize,Mid-season,Clay,33.64,43.86,908.28,3.52,0.0,65.0,75.0,30.0,65.0,1.2,,,0.011101,0.013321,0.0,0.013321
2026-06-01 12:13:00,1,Tomato,Mid-season,Loam,33.65166666666667,43.83166666666667,907.7033333333334,3.5216666666666665,0.0,55.0,70.0,25.0,60.0,1.15,,,0.010827,0.012451,0.0,0.012451
2026-06-01 12:13:00,2,Wheat,Development,Sandy,33.65166666666667,43.83166666666667,907.7033333333334,3.5216666666666665,0.0,42.0,60.0,18.0,55.0,0.85,,,0.010827,0.009203,0.0,0.009203
2026-06-01 12:13:00,3,Maize,Mid-season,Clay,33.65166666666667,43.83166666666667,907.7033333333334,3.5216666666666665,0.0,65.0,75.0,30.0,65.0,1.2,,,0.010827,0.012992,0.0,0.012992
2026-06-01 12:14:00,1,Tomato,Mid-season,Loam,33.663333333333334,43.803333333333335,907.1266666666668,3.523333333333333,0.0,55.0,70.0,25.0,60.0,1.15,,,0.011301,0.012996,0.0,0.012996
2026-06-01 12:14:00,2,Wheat,Development,Sandy,33.663333333333334,43.803333333333335,907.1266666666668,3.523333333333333,0.0,42.0,60.0,18.0,55.0,0.85,,,0.011301,0.009606,0.0,0.009606
2026-06-01 12:14:00,3,Maize,Mid-season,Clay,33.663333333333334,43.803333333333335,907.1266666666668,3.523333333333333,0.0,65.0,75.0,30.0,65.0,1.2,,,0.011301,0.013561,0.0,0.013561
2026-06-01 12:15:00,1,Tomato,Mid-season,Loam,33.675,43.775000000000006,906.55,3.525,0.0,55.0,70.0,25.0,60.0,1.15,,,0.011176,0.012852,0.0,0.012852
2026-06-01 12:15:00,2,Wheat,Development,Sandy,33.675,43.775000000000006,906.55,3.525,0.0,42.0,60.0,18.0,55.0,0.85,,,0.011176,0.0095,0.0,0.0095
2026-06-01 12:15:00,3,Maize,Mid-season,Clay,33.675,43.775000000000006,906.55,3.525,0.0,65.0,75.0,30.0,65.0,1.2,,,0.011176,0.013411,0.0,0.013411
2026-06-01 12:16:00,1,Tomato,Mid-season,Loam,33.68666666666667,43.74666666666667,905.9733333333334,3.526666666666667,0.0,55.0,70.0,25.0,60.0,1.15,,,0.011324,0.013023,0.0,0.013023
2026-06-01 12:16:00,2,Wheat,Development,Sandy,33.68666666666667,43.74666666666667,905.9733333333334,3.526666666666667,0.0,42.0,60.0,18.0,55.0,0.85,,,0.011324,0.009625,0.0,0.009625
2026-06-01 12:16:00,3,Maize,Mid-season,Clay,33.68666666666667,43.74666666666667,905.9733333333334,3.526666666666667,0.0,65.0,75.0,30.0,65.0,1.2,,,0.011324,0.013589,0.0,0.013589
2026-06-01 12:17:00,1,Tomato,Mid-season,Loam,33.69833333333334,43.71833333333333,905.3966666666668,3.5283333333333333,0.0,55.0,70.0,25.0,60.0,1.15,,,0.011386,0.013094,0.0,0.013094
2026-06-01 12:17:00,2,Wheat,Development,Sandy,33.69833333333334,43.71833333333333,905.3966666666668,3.5283333333333333,0.0,42.0,60.0,18.0,55.0,0.85,,,0.011386,0.009678,0.0,0.009678
2026-06-01 12:17:00,3,Maize,Mid-season,Clay,33.69833333333334,43.71833333333333,905.3966666666668,3.5283333333333333,0.0,65.0,75.0,30.0,65.0,1.2,,,0.011386,0.013663,0.0,0.013663
2026-06-01 12:18:00,1,Tomato,Mid-season,Loam,33.71,43.690000000000005,904.82,3.53,0.0,55.0,70.0,25.0,60.0,1.15,,,0.011274,0.012965,0.0,0.012965
2026-06-01 12:18:00,2,Wheat,Development,Sandy,33.71,43.690000000000005,904.82,3.53,0.0,42.0,60.0,18.0,55.0,0.85,,,0.011274,0.009583,0.0,0.009583
2026-06-01 12:18:00,3,Maize,Mid-season,Clay,33.71,43.690000000000005,904.82,3.53,0.0,65.0,75.0,30.0,65.0,1.2,,,0.011274,0.013529,0.0,0.013529
2026-06-01 12:19:00,1,Tomato,Mid-season,Loam,33.721666666666664,43.66166666666667,904.2433333333332,3.5316666666666667,0.0,55.0,70.0,25.0,60.0,1.15,,,0.011014,0.012666,0.0,0.012666
2026-06-01 12:19:00,2,Wheat,Development,Sandy,33.721666666666664,43.66166666666667,904.2433333333332,3.5316666666666667,0.0,42.0,60.0,18.0,55.0,0.85,,,0.011014,0.009362,0.0,0.009362
2026-06-01 12:19:00,3,Maize,Mid-season,Clay,33.721666666666664,43.66166666666667,904.2433333333332,3.5316666666666667,0.0,65.0,75.0,30.0,65.0,1.2,,,0.011014,0.013217,0.0,0.013217
2026-06-01 12:20:00,1,Tomato,Mid-season,Loam,33.733333333333334,43.63333333333333,903.6666666666669,3.533333333333333,0.0,55.0,70.0,25.0,60.0,1.15,,,0.011834,0.013609,0.0,0.013609
2026-06-01 12:20:00,2,Wheat,Development,Sandy,33.733333333333334,43.63333333333333,903.6666666666669,3.533333333333333,0.0,42.0,60.0,18.0,55.0,0.85,,,0.011834,0.010059,0.0,0.010059
2026-06-01 12:20:00,3,Maize,Mid-season,Clay,33.733333333333334,43.63333333333333,903.6666666666669,3.533333333333333,0.0,65.0,75.0,30.0,65.0,1.2,,,0.011834,0.014201,0.0,0.014201
2026-06-01 12:21:00,1,Tomato,Mid-season,Loam,33.745000000000005,43.605,903.09,3.535,0.0,55.0,70.0,25.0,60.0,1.15,,,0.011385,0.013093,0.0,0.013093
2026-06-01 12:21:00,2,Wheat,Development,Sandy,33.745000000000005,43.605,903.09,3.535,0.0,42.0,60.0,18.0,55.0,0.85,,,0.011385,0.009677,0.0,0.009677
2026-06-01 12:21:00,3,Maize,Mid-season,Clay,33.745000000000005,43.605,903.09,3.535,0.0,65.0,75.0,30.0,65.0,1.2,,,0.011385,0.013662,0.0,0.013662
2026-06-01 12:22:00,1,Tomato,Mid-season,Loam,33.75666666666667,43.57666666666667,902.5133333333332,3.536666666666666,0.0,55.0,70.0,25.0,60.0,1.15,,,0.010727,0.012336,0.0,0.012336
2026-06-01 12:22:00,2,Wheat,Development,Sandy,33.75666666666667,43.57666666666667,902.5133333333332,3.536666666666666,0.0,42.0,60.0,18.0,55.0,0.85,,,0.010727,0.009118,0.0,0.009118
2026-06-01 12:22:00,3,Maize,Mid-season,Clay,33.75666666666667,43.57666666666667,902.5133333333332,3.536666666666666,0.0,65.0,75.0,30.0,65.0,1.2,,,0.010727,0.012872,0.0,0.012872
2026-06-01 12:23:00,1,Tomato,Mid-season,Loam,33.76833333333333,43.54833333333333,901.9366666666668,3.5383333333333336,0.0,55.0,70.0,25.0,60.0,1.15,,,0.010885,0.012518,0.0,0.012518
2026-06-01 12:23:00,2,Wheat,Development,Sandy,33.76833333333333,43.54833333333333,901.9366666666668,3.5383333333333336,0.0,42.0,60.0,18.0,55.0,0.85,,,0.010885,0.009252,0.0,0.009252
2026-06-01 12:23:00,3,Maize,Mid-season,Clay,33.76833333333333,43.54833333333333,901.9366666666668,3.5383333333333336,0.0,65.0,75.0,30.0,65.0,1.2,,,0.010885,0.013062,0.0,0.013062
2026-06-01 12:24:00,1,Tomato,Mid-season,Loam,33.78,43.52,901.36,3.54,0.0,55.0,70.0,25.0,60.0,1.15,,,0.010825,0.012449,0.0,0.012449
2026-06-01 12:24:00,2,Wheat,Development,Sandy,33.78,43.52,901.36,3.54,0.0,42.0,60.0,18.0,55.0,0.85,,,0.010825,0.009201,0.0,0.009201
2026-06-01 12:24:00,3,Maize,Mid-season,Clay,33.78,43.52,901.36,3.54,0.0,65.0,75.0,30.0,65.0,1.2,,,0.010825,0.01299,0.0,0.01299
2026-06-01 12:25:00,1,Tomato,Mid-season,Loam,33.79166666666667,43.49166666666667,900.7833333333334,3.5416666666666665,0.0,55.0,70.0,25.0,60.0,1.15,,,0.011297,0.012992,0.0,0.012992
2026-06-01 12:25:00,2,Wheat,Development,Sandy,33.79166666666667,43.49166666666667,900.7833333333334,3.5416666666666665,0.0,42.0,60.0,18.0,55.0,0.85,,,0.011297,0.009602,0.0,0.009602
2026-06-01 12:25:00,3,Maize,Mid-season,Clay,33.79166666666667,43.49166666666667,900.7833333333334,3.5416666666666665,0.0,65.0,75.0,30.0,65.0,1.2,,,0.011297,0.013556,0.0,0.013556
2026-06-01 12:26:00,1,Tomato,Mid-season,Loam,33.803333333333335,43.46333333333334,900.2066666666667,3.543333333333333,0.0,55.0,70.0,25.0,60.0,1.15,,,0.011336,0.013036,0.0,0.013036
2026-06-01 12:26:00,2,Wheat,Development,Sandy,33.803333333333335,43.46333333333334,900.2066666666667,3.543333333333333,0.0,42.0,60.0,18.0,55.0,0.85,,,0.011336,0.009636,0.0,0.009636
2026-06-01 12:26:00,3,Maize,Mid-season,Clay,33.803333333333335,43.46333333333334,900.2066666666667,3.543333333333333,0.0,65.0,75.0,30.0,65.0,1.2,,,0.011336,0.013603,0.0,0.013603
2026-06-01 12:27:00,1,Tomato,Mid-season,Loam,33.815,43.435,899.63,3.545,0.0,55.0,70.0,25.0,60.0,1.15,,,0.011242,0.012928,0.0,0.012928
2026-06-01 12:27:00,2,Wheat,Development,Sandy,33.815,43.435,899.63,3.545,0.0,42.0,60.0,18.0,55.0,0.85,,,0.011242,0.009556,0.0,0.009556
2026-06-01 12:27:00,3,Maize,Mid-season,Clay,33.815,43.435,899.63,3.545,0.0,65.0,75.0,30.0,65.0,1.2,,,0.011242,0.01349,0.0,0.01349
2026-06-01 12:28:00,1,Tomato,Mid-season,Loam,33.82666666666667,43.406666666666666,899.0533333333334,3.546666666666667,0.0,55.0,70.0,25.0,60.0,1.15,,,0.011803,0.013573,0.0,0.013573
2026-06-01 12:28:00,2,Wheat,Development,Sandy,33.82666666666667,43.406666666666666,899.0533333333334,3.546666666666667,0.0,42.0,60.0,18.0,55.0,0.85,,,0.011803,0.010033,0.0,0.010033
2026-06-01 12:28:00,3,Maize,Mid-season,Clay,33.82666666666667,43.406666666666666,899.0533333333334,3.546666666666667,0.0,65.0,75.0,30.0,65.0,1.2,,,0.011803,0.014164,0.0,0.014164
2026-06-01 12:29:00,1,Tomato,Mid-season,Loam,33.83833333333334,43.37833333333334,898.4766666666667,3.5483333333333333,0.0,55.0,70.0,25.0,60.0,1.15,,,0.011416,0.013128,0.0,0.013128
2026-06-01 12:29:00,2,Wheat,Development,Sandy,33.83833333333334,43.37833333333334,898.4766666666667,3.5483333333333333,0.0,42.0,60.0,18.0,55.0,0.85,,,0.011416,0.009704,0.0,0.009704
2026-06-01 12:29:00,3,Maize,Mid-season,Clay,33.83833333333334,43.37833333333334,898.4766666666667,3.5483333333333333,0.0,65.0,75.0,30.0,65.0,1.2,,,0.011416,0.013699,0.0,0.013699
2026-06-01 12:30:00,1,Tomato,Mid-season,Loam,33.85,43.35,897.9000000000001,3.55,0.0,55.0,70.0,25.0,60.0,1.15,,,0.011511,0.013238,0.0,0.013238
2026-06-01 12:30:00,2,Wheat,Development,Sandy,33.85,43.35,897.9000000000001,3.55,0.0,42.0,60.0,18.0,55.0,0.85,,,0.011511,0.009784,0.0,0.009784
2026-06-01 12:30:00,3,Maize,Mid-season,Clay,33.85,43.35,897.9000000000001,3.55,0.0,65.0,75.0,30.0,65.0,1.2,,,0.011511,0.013813,0.0,0.013813
2026-06-01 12:31:00,1,Tomato,Mid-season,Loam,33.861666666666665,43.321666666666665,897.3233333333334,3.5516666666666667,0.0,55.0,70.0,25.0,60.0,1.15,,,0.011062,0.012721,0.0,0.012721
2026-06-01 12:31:00,2,Wheat,Development,Sandy,33.861666666666665,43.321666666666665,897.3233333333334,3.5516666666666667,0.0,42.0,60.0,18.0,55.0,0.85,,,0.011062,0.009403,0.0,0.009403
2026-06-01 12:31:00,3,Maize,Mid-season,Clay,33.861666666666665,43.321666666666665,897.3233333333334,3.5516666666666667,0.0,65.0,75.0,30.0,65.0,1.2,,,0.011062,0.013274,0.0,0.013274
2026-06-01 12:32:00,1,Tomato,Mid-season,Loam,33.873333333333335,43.29333333333334,896.7466666666667,3.553333333333333,0.0,55.0,70.0,25.0,60.0,1.15,,,0.011078,0.01274,0.0,0.01274
2026-06-01 12:32:00,2,Wheat,Development,Sandy,33.873333333333335,43.29333333333334,896.7466666666667,3.553333333333333,0.0,42.0,60.0,18.0,55.0,0.85,,,0.011078,0.009416,0.0,0.009416
2026-06-01 12:32:00,3,Maize,Mid-season,Clay,33.873333333333335,43.29333333333334,896.7466666666667,3.553333333333333,0.0,65.0,75.0,30.0,65.0,1.2,,,0.011078,0.013294,0.0,0.013294
2026-06-01 12:33:00,1,Tomato,Mid-season,Loam,33.885000000000005,43.265,896.1700000000001,3.555,0.0,55.0,70.0,25.0,60.0,1.15,,,0.011482,0.013204,0.0,0.013204
2026-06-01 12:33:00,2,Wheat,Development,Sandy,33.885000000000005,43.265,896.1700000000001,3.555,0.0,42.0,60.0,18.0,55.0,0.85,,,0.011482,0.00976,0.0,0.00976
2026-06-01 12:33:00,3,Maize,Mid-season,Clay,33.885000000000005,43.265,896.1700000000001,3.555,0.0,65.0,75.0,30.0,65.0,1.2,,,0.011482,0.013778,0.0,0.013778
2026-06-01 12:34:00,1,Tomato,Mid-season,Loam,33.89666666666667,43.236666666666665,895.5933333333334,3.556666666666666,0.0,55.0,70.0,25.0,60.0,1.15,,,0.011533,0.013263,0.0,0.013263
2026-06-01 12:34:00,2,Wheat,Development,Sandy,33.89666666666667,43.236666666666665,895.5933333333334,3.556666666666666,0.0,42.0,60.0,18.0,55.0,0.85,,,0.011533,0.009803,0.0,0.009803
2026-06-01 12:34:00,3,Maize,Mid-season,Clay,33.89666666666667,43.236666666666665,895.5933333333334,3.556666666666666,0.0,65.0,75.0,30.0,65.0,1.2,,,0.011533,0.01384,0.0,0.01384
2026-06-01 12:35:00,1,Tomato,Mid-season,Loam,33.90833333333333,43.208333333333336,895.0166666666667,3.5583333333333336,0.0,55.0,70.0,25.0,60.0,1.15,,,0.010984,0.012632,0.0,0.012632
2026-06-01 12:35:00,2,Wheat,Development,Sandy,33.90833333333333,43.208333333333336,895.0166666666667,3.5583333333333336,0.0,42.0,60.0,18.0,55.0,0.85,,,0.010984,0.009336,0.0,0.009336
2026-06-01 12:35:00,3,Maize,Mid-season,Clay,33.90833333333333,43.208333333333336,895.0166666666667,3.5583333333333336,0.0,65.0,75.0,30.0,65.0,1.2,,,0.010984,0.013181,0.0,0.013181
2026-06-01 12:36:00,1,Tomato,Mid-season,Loam,33.92,43.18,894.44,3.56,0.0,55.0,70.0,25.0,60.0,1.15,,,0.011308,0.013004,0.0,0.013004
2026-06-01 12:36:00,2,Wheat,Development,Sandy,33.92,43.18,894.44,3.56,0.0,42.0,60.0,18.0,55.0,0.85,,,0.011308,0.009612,0.0,0.009612
2026-06-01 12:36:00,3,Maize,Mid-season,Clay,33.92,43.18,894.44,3.56,0.0,65.0,75.0,30.0,65.0,1.2,,,0.011308,0.01357,0.0,0.01357
2026-06-01 12:37:00,1,Tomato,Mid-season,Loam,33.93166666666667,43.15166666666667,893.8633333333333,3.5616666666666665,0.0,55.0,70.0,25.0,60.0,1.15,,,0.011423,0.013136,0.0,0.013136
2026-06-01 12:37:00,2,Wheat,Development,Sandy,33.93166666666667,43.15166666666667,893.8633333333333,3.5616666666666665,0.0,42.0,60.0,18.0,55.0,0.85,,,0.011423,0.00971,0.0,0.00971
2026-06-01 12:37:00,3,Maize,Mid-season,Clay,33.93166666666667,43.15166666666667,893.8633333333333,3.5616666666666665,0.0,65.0,75.0,30.0,65.0,1.2,,,0.011423,0.013708,0.0,0.013708
2026-06-01 12:38:00,1,Tomato,Mid-season,Loam,33.943333333333335,43.123333333333335,893.2866666666667,3.563333333333333,0.0,55.0,70.0,25.0,60.0,1.15,,,0.011394,0.013103,0.0,0.013103
2026-06-01 12:38:00,2,Wheat,Development,Sandy,33.943333333333335,43.123333333333335,893.2866666666667,3.563333333333333,0.0,42.0,60.0,18.0,55.0,0.85,,,0.011394,0.009685,0.0,0.009685
2026-06-01 12:38:00,3,Maize,Mid-season,Clay,33.943333333333335,43.123333333333335,893.2866666666667,3.563333333333333,0.0,65.0,75.0,30.0,65.0,1.2,,,0.011394,0.013673,0.0,0.013673
2026-06-01 12:39:00,1,Tomato,Mid-season,Loam,33.955,43.095,892.71,3.565,0.0,55.0,70.0,25.0,60.0,1.15,,,0.011249,0.012936,0.0,0.012936
2026-06-01 12:39:00,2,Wheat,Development,Sandy,33.955,43.095,892.71,3.565,0.0,42.0,60.0,18.0,55.0,0.85,,,0.011249,0.009562,0.0,0.009562
2026-06-01 12:39:00,3,Maize,Mid-season,Clay,33.955,43.095,892.71,3.565,0.0,65.0,75.0,30.0,65.0,1.2,,,0.011249,0.013499,0.0,0.013499
2026-06-01 12:40:00,1,Tomato,Mid-season,Loam,33.96666666666667,43.06666666666667,892.1333333333333,3.566666666666667,0.0,55.0,70.0,25.0,60.0,1.15,,,0.011369,0.013074,0.0,0.013074
2026-06-01 12:40:00,2,Wheat,Development,Sandy,33.96666666666667,43.06666666666667,892.1333333333333,3.566666666666667,0.0,42.0,60.0,18.0,55.0,0.85,,,0.011369,0.009664,0.0,0.009664
2026-06-01 12:40:00,3,Maize,Mid-season,Clay,33.96666666666667,43.06666666666667,892.1333333333333,3.566666666666667,0.0,65.0,75.0,30.0,65.0,1.2,,,0.011369,0.013643,0.0,0.013643
2026-06-01 12:41:00,1,Tomato,Mid-season,Loam,33.97833333333334,43.03833333333333,891.5566666666667,3.5683333333333334,0.0,55.0,70.0,25.0,60.0,1.15,,,0.011379,0.013086,0.0,0.013086
2026-06-01 12:41:00,2,Wheat,Development,Sandy,33.97833333333334,43.03833333333333,891.5566666666667,3.5683333333333334,0.0,42.0,60.0,18.0,55.0,0.85,,,0.011379,0.009672,0.0,0.009672
2026-06-01 12:41:00,3,Maize,Mid-season,Clay,33.97833333333334,43.03833333333333,891.5566666666667,3.5683333333333334,0.0,65.0,75.0,30.0,65.0,1.2,,,0.011379,0.013655,0.0,0.013655
2026-06-01 12:42:00,1,Tomato,Mid-season,Loam,33.99,43.01,890.98,3.5700000000000003,0.0,55.0,70.0,25.0,60.0,1.15,,,0.01151,0.013236,0.0,0.013236
2026-06-01 12:42:00,2,Wheat,Development,Sandy,33.99,43.01,890.98,3.5700000000000003,0.0,42.0,60.0,18.0,55.0,0.85,,,0.01151,0.009783,0.0,0.009783
2026-06-01 12:42:00,3,Maize,Mid-season,Clay,33.99,43.01,890.98,3.5700000000000003,0.0,65.0,75.0,30.0,65.0,1.2,,,0.01151,0.013812,0.0,0.013812
2026-06-01 12:43:00,1,Tomato,Mid-season,Loam,34.001666666666665,42.98166666666667,890.4033333333334,3.5716666666666668,0.0,55.0,70.0,25.0,60.0,1.15,,,0.011656,0.013404,0.0,0.013404
2026-06-01 12:43:00,2,Wheat,Development,Sandy,34.001666666666665,42.98166666666667,890.4033333333334,3.5716666666666668,0.0,42.0,60.0,18.0,55.0,0.85,,,0.011656,0.009908,0.0,0.009908
2026-06-01 12:43:00,3,Maize,Mid-season,Clay,34.001666666666665,42.98166666666667,890.4033333333334,3.5716666666666668,0.0,65.0,75.0,30.0,65.0,1.2,,,0.011656,0.013987,0.0,0.013987
2026-06-01 12:44:00,1,Tomato,Mid-season,Loam,34.013333333333335,42.95333333333333,889.8266666666667,3.5733333333333333,0.0,55.0,70.0,25.0,60.0,1.15,,,0.011776,0.013542,0.0,0.013542
2026-06-01 12:44:00,2,Wheat,Development,Sandy,34.013333333333335,42.95333333333333,889.8266666666667,3.5733333333333333,0.0,42.0,60.0,18.0,55.0,0.85,,,0.011776,0.01001,0.0,0.01001
2026-06-01 12:44:00,3,Maize,Mid-season,Clay,34.013333333333335,42.95333333333333,889.8266666666667,3.5733333333333333,0.0,65.0,75.0,30.0,65.0,1.2,,,0.011776,0.014131,0.0,0.014131
2026-06-01 12:45:00,1,Tomato,Mid-season,Loam,34.025000000000006,42.925,889.25,3.575,0.0,55.0,70.0,25.0,60.0,1.15,,,0.011348,0.01305,0.0,0.01305
2026-06-01 12:45:00,2,Wheat,Development,Sandy,34.025000000000006,42.925,889.25,3.575,0.0,42.0,60.0,18.0,55.0,0.85,,,0.011348,0.009646,0.0,0.009646
2026-06-01 12:45:00,3,Maize,Mid-season,Clay,34.025000000000006,42.925,889.25,3.575,0.0,65.0,75.0,30.0,65.0,1.2,,,0.011348,0.013618,0.0,0.013618
2026-06-01 12:46:00,1,Tomato,Mid-season,Loam,34.03666666666667,42.89666666666667,888.6733333333334,3.5766666666666667,0.0,55.0,70.0,25.0,60.0,1.15,,,0.011316,0.013013,0.0,0.013013
2026-06-01 12:46:00,2,Wheat,Development,Sandy,34.03666666666667,42.89666666666667,888.6733333333334,3.5766666666666667,0.0,42.0,60.0,18.0,55.0,0.85,,,0.011316,0.009619,0.0,0.009619
2026-06-01 12:46:00,3,Maize,Mid-season,Clay,34.03666666666667,42.89666666666667,888.6733333333334,3.5766666666666667,0.0,65.0,75.0,30.0,65.0,1.2,,,0.011316,0.013579,0.0,0.013579
2026-06-01 12:47:00,1,Tomato,Mid-season,Loam,34.04833333333333,42.86833333333333,888.0966666666667,3.5783333333333336,0.0,55.0,70.0,25.0,60.0,1.15,,,0.011569,0.013304,0.0,0.013304
2026-06-01 12:47:00,2,Wheat,Development,Sandy,34.04833333333333,42.86833333333333,888.0966666666667,3.5783333333333336,0.0,42.0,60.0,18.0,55.0,0.85,,,0.011569,0.009834,0.0,0.009834
2026-06-01 12:47:00,3,Maize,Mid-season,Clay,34.04833333333333,42.86833333333333,888.0966666666667,3.5783333333333336,0.0,65.0,75.0,30.0,65.0,1.2,,,0.011569,0.013883,0.0,0.013883
2026-06-01 12:48:00,1,Tomato,Mid-season,Loam,34.06,42.84,887.52,3.58,0.0,55.0,70.0,25.0,60.0,1.15,,,0.011543,0.013274,0.0,0.013274
2026-06-01 12:48:00,2,Wheat,Development,Sandy,34.06,42.84,887.52,3.58,0.0,42.0,60.0,18.0,55.0,0.85,,,0.011543,0.009812,0.0,0.009812
2026-06-01 12:48:00,3,Maize,Mid-season,Clay,34.06,42.84,887.52,3.58,0.0,65.0,75.0,30.0,65.0,1.2,,,0.011543,0.013852,0.0,0.013852
2026-06-01 12:49:00,1,Tomato,Mid-season,Loam,34.07166666666667,42.81166666666667,886.9433333333334,3.5816666666666666,0.0,55.0,70.0,25.0,60.0,1.15,,,0.011502,0.013227,0.0,0.013227
2026-06-01 12:49:00,2,Wheat,Development,Sandy,34.07166666666667,42.81166666666667,886.9433333333334,3.5816666666666666,0.0,42.0,60.0,18.0,55.0,0.85,,,0.011502,0.009777,0.0,0.009777
2026-06-01 12:49:00,3,Maize,Mid-season,Clay,34.07166666666667,42.81166666666667,886.9433333333334,3.5816666666666666,0.0,65.0,75.0,30.0,65.0,1.2,,,0.011502,0.013802,0.0,0.013802
2026-06-01 12:50:00,1,Tomato,Mid-season,Loam,34.083333333333336,42.78333333333333,886.3666666666667,3.583333333333333,0.0,55.0,70.0,25.0,60.0,1.15,,,0.011774,0.01354,0.0,0.01354
2026-06-01 12:50:00,2,Wheat,Development,Sandy,34.083333333333336,42.78333333333333,886.3666666666667,3.583333333333333,0.0,42.0,60.0,18.0,55.0,0.85,,,0.011774,0.010008,0.0,0.010008
2026-06-01 12:50:00,3,Maize,Mid-season,Clay,34.083333333333336,42.78333333333333,886.3666666666667,3.583333333333333,0.0,65.0,75.0,30.0,65.0,1.2,,,0.011774,0.014129,0.0,0.014129
2026-06-01 12:51:00,1,Tomato,Mid-season,Loam,34.095,42.755,885.7900000000001,3.585,0.0,55.0,70.0,25.0,60.0,1.15,,,0.011839,0.013615,0.0,0.013615
2026-06-01 12:51:00,2,Wheat,Development,Sandy,34.095,42.755,885.7900000000001,3.585,0.0,42.0,60.0,18.0,55.0,0.85,,,0.011839,0.010063,0.0,0.010063
2026-06-01 12:51:00,3,Maize,Mid-season,Clay,34.095,42.755,885.7900000000001,3.585,0.0,65.0,75.0,30.0,65.0,1.2,,,0.011839,0.014207,0.0,0.014207
2026-06-01 12:52:00,1,Tomato,Mid-season,Loam,34.10666666666667,42.72666666666667,885.2133333333334,3.586666666666667,0.0,55.0,70.0,25.0,60.0,1.15,,,0.011835,0.01361,0.0,0.01361
2026-06-01 12:52:00,2,Wheat,Development,Sandy,34.10666666666667,42.72666666666667,885.2133333333334,3.586666666666667,0.0,42.0,60.0,18.0,55.0,0.85,,,0.011835,0.01006,0.0,0.01006
2026-06-01 12:52:00,3,Maize,Mid-season,Clay,34.10666666666667,42.72666666666667,885.2133333333334,3.586666666666667,0.0,65.0,75.0,30.0,65.0,1.2,,,0.011835,0.014202,0.0,0.014202
2026-06-01 12:53:00,1,Tomato,Mid-season,Loam,34.11833333333334,42.69833333333333,884.6366666666667,3.5883333333333334,0.0,55.0,70.0,25.0,60.0,1.15,,,0.012043,0.013849,0.0,0.013849
2026-06-01 12:53:00,2,Wheat,Development,Sandy,34.11833333333334,42.69833333333333,884.6366666666667,3.5883333333333334,0.0,42.0,60.0,18.0,55.0,0.85,,,0.012043,0.010237,0.0,0.010237
2026-06-01 12:53:00,3,Maize,Mid-season,Clay,34.11833333333334,42.69833333333333,884.6366666666667,3.5883333333333334,0.0,65.0,75.0,30.0,65.0,1.2,,,0.012043,0.014452,0.0,0.014452
2026-06-01 12:54:00,1,Tomato,Mid-season,Loam,34.13,42.67,884.0600000000001,3.59,0.0,55.0,70.0,25.0,60.0,1.15,,,0.011293,0.012987,0.0,0.012987
2026-06-01 12:54:00,2,Wheat,Development,Sandy,34.13,42.67,884.0600000000001,3.59,0.0,42.0,60.0,18.0,55.0,0.85,,,0.011293,0.009599,0.0,0.009599
2026-06-01 12:54:00,3,Maize,Mid-season,Clay,34.13,42.67,884.0600000000001,3.59,0.0,65.0,75.0,30.0,65.0,1.2,,,0.011293,0.013552,0.0,0.013552
2026-06-01 12:55:00,1,Tomato,Mid-season,Loam,34.141666666666666,42.641666666666666,883.4833333333333,3.591666666666667,0.0,55.0,70.0,25.0,60.0,1.15,,,0.011534,0.013264,0.0,0.013264
2026-06-01 12:55:00,2,Wheat,Development,Sandy,34.141666666666666,42.641666666666666,883.4833333333333,3.591666666666667,0.0,42.0,60.0,18.0,55.0,0.85,,,0.011534,0.009804,0.0,0.009804
2026-06-01 12:55:00,3,Maize,Mid-season,Clay,34.141666666666666,42.641666666666666,883.4833333333333,3.591666666666667,0.0,65.0,75.0,30.0,65.0,1.2,,,0.011534,0.013841,0.0,0.013841
2026-06-01 12:56:00,1,Tomato,Mid-season,Loam,34.153333333333336,42.61333333333334,882.9066666666668,3.5933333333333333,0.0,55.0,70.0,25.0,60.0,1.15,,,0.011505,0.013231,0.0,0.013231
2026-06-01 12:56:00,2,Wheat,Development,Sandy,34.153333333333336,42.61333333333334,882.9066666666668,3.5933333333333333,0.0,42.0,60.0,18.0,55.0,0.85,,,0.011505,0.009779,0.0,0.009779
2026-06-01 12:56:00,3,Maize,Mid-season,Clay,34.153333333333336,42.61333333333334,882.9066666666668,3.5933333333333333,0.0,65.0,75.0,30.0,65.0,1.2,,,0.011505,0.013806,0.0,0.013806
2026-06-01 12:57:00,1,Tomato,Mid-season,Loam,34.165000000000006,42.585,882.33,3.595,0.0,55.0,70.0,25.0,60.0,1.15,,,0.011529,0.013258,0.0,0.013258
2026-06-01 12:57:00,2,Wheat,Development,Sandy,34.165000000000006,42.585,882.33,3.595,0.0,42.0,60.0,18.0,55.0,0.85,,,0.011529,0.0098,0.0,0.0098
2026-06-01 12:57:00,3,Maize,Mid-season,Clay,34.165000000000006,42.585,882.33,3.595,0.0,65.0,75.0,30.0,65.0,1.2,,,0.011529,0.013835,0.0,0.013835
2026-06-01 12:58:00,1,Tomato,Mid-season,Loam,34.17666666666667,42.556666666666665,881.7533333333333,3.5966666666666667,0.0,55.0,70.0,25.0,60.0,1.15,,,0.01138,0.013087,0.0,0.013087
2026-06-01 12:58:00,2,Wheat,Development,Sandy,34.17666666666667,42.556666666666665,881.7533333333333,3.5966666666666667,0.0,42.0,60.0,18.0,55.0,0.85,,,0.01138,0.009673,0.0,0.009673
2026-06-01 12:58:00,3,Maize,Mid-season,Clay,34.17666666666667,42.556666666666665,881.7533333333333,3.5966666666666667,0.0,65.0,75.0,30.0,65.0,1.2,,,0.01138,0.013656,0.0,0.013656
2026-06-01 12:59:00,1,Tomato,Mid-season,Loam,34.18833333333333,42.528333333333336,881.1766666666667,3.5983333333333336,0.0,55.0,70.0,25.0,60.0,1.15,,,0.011073,0.012734,0.0,0.012734
2026-06-01 12:59:00,2,Wheat,Development,Sandy,34.18833333333333,42.528333333333336,881.1766666666667,3.5983333333333336,0.0,42.0,60.0,18.0,55.0,0.85,,,0.011073,0.009412,0.0,0.009412
2026-06-01 12:59:00,3,Maize,Mid-season,Clay,34.18833333333333,42.528333333333336,881.1766666666667,3.5983333333333336,0.0,65.0,75.0,30.0,65.0,1.2,,,0.011073,0.013288,0.0,0.013288
2026-06-01 13:00:00,1,Tomato,Mid-season,Loam,34.2,42.5,880.6,3.6,0.0,55.0,70.0,25.0,60.0,1.15,,,0.011563,0.013297,0.0,0.013297
2026-06-01 13:00:00,2,Wheat,Development,Sandy,34.2,42.5,880.6,3.6,0.0,42.0,60.0,18.0,55.0,0.85,,,0.011563,0.009829,0.0,0.009829
2026-06-01 13:00:00,3,Maize,Mid-season,Clay,34.2,42.5,880.6,3.6,0.0,65.0,75.0,30.0,65.0,1.2,,,0.011563,0.013876,0.0,0.013876
2026-06-01 13:01:00,1,Tomato,Mid-season,Loam,34.19666666666667,42.51,879.1783333333334,3.5966666666666667,0.0,55.0,70.0,25.0,60.0,1.15,,,0.011378,0.013085,0.0,0.013085
2026-06-01 13:01:00,2,Wheat,Development,Sandy,34.19666666666667,42.51,879.1783333333334,3.5966666666666667,0.0,42.0,60.0,18.0,55.0,0.85,,,0.011378,0.009671,0.0,0.009671
2026-06-01 13:01:00,3,Maize,Mid-season,Clay,34.19666666666667,42.51,879.1783333333334,3.5966666666666667,0.0,65.0,75.0,30.0,65.0,1.2,,,0.011378,0.013654,0.0,0.013654
2026-06-01 13:02:00,1,Tomato,Mid-season,Loam,34.193333333333335,42.52,877.7566666666667,3.5933333333333333,0.0,55.0,70.0,25.0,60.0,1.15,,,0.011715,0.013472,0.0,0.013472
2026-06-01 13:02:00,2,Wheat,Development,Sandy,34.193333333333335,42.52,877.7566666666667,3.5933333333333333,0.0,42.0,60.0,18.0,55.0,0.85,,,0.011715,0.009958,0.0,0.009958
2026-06-01 13:02:00,3,Maize,Mid-season,Clay,34.193333333333335,42.52,877.7566666666667,3.5933333333333333,0.0,65.0,75.0,30.0,65.0,1.2,,,0.011715,0.014058,0.0,0.014058
2026-06-01 13:03:00,1,Tomato,Mid-season,Loam,34.190000000000005,42.53,876.335,3.59,0.0,55.0,70.0,25.0,60.0,1.15,,,0.011397,0.013107,0.0,0.013107
2026-06-01 13:03:00,2,Wheat,Development,Sandy,34.190000000000005,42.53,876.335,3.59,0.0,42.0,60.0,18.0,55.0,0.85,,,0.011397,0.009687,0.0,0.009687
2026-06-01 13:03:00,3,Maize,Mid-season,Clay,34.190000000000005,42.53,876.335,3.59,0.0,65.0,75.0,30.0,65.0,1.2,,,0.011397,0.013676,0.0,0.013676
2026-06-01 13:04:00,1,Tomato,Mid-season,Loam,34.18666666666667,42.54,874.9133333333333,3.586666666666667,0.0,55.0,70.0,25.0,60.0,1.15,,,0.011291,0.012985,0.0,0.012985
2026-06-01 13:04:00,2,Wheat,Development,Sandy,34.18666666666667,42.54,874.9133333333333,3.586666666666667,0.0,42.0,60.0,18.0,55.0,0.85,,,0.011291,0.009597,0.0,0.009597
2026-06-01 13:04:00,3,Maize,Mid-season,Clay,34.18666666666667,42.54,874.9133333333333,3.586666666666667,0.0,65.0,75.0,30.0,65.0,1.2,,,0.011291,0.013549,0.0,0.013549
2026-06-01 13:05:00,1,Tomato,Mid-season,Loam,34.18333333333334,42.55,873.4916666666667,3.583333333333333,0.0,55.0,70.0,25.0,60.0,1.15,,,0.011669,0.013419,0.0,0.013419
2026-06-01 13:05:00,2,Wheat,Development,Sandy,34.18333333333334,42.55,873.4916666666667,3.583333333333333,0.0,42.0,60.0,18.0,55.0,0.85,,,0.011669,0.009919,0.0,0.009919
2026-06-01 13:05:00,3,Maize,Mid-season,Clay,34.18333333333334,42.55,873.4916666666667,3.583333333333333,0.0,65.0,75.0,30.0,65.0,1.2,,,0.011669,0.014003,0.0,0.014003
2026-06-01 13:06:00,1,Tomato,Mid-season,Loam,34.18,42.56,872.07,3.58,0.0,55.0,70.0,25.0,60.0,1.15,,,0.01164,0.013386,0.0,0.013386
2026-06-01 13:06:00,2,Wheat,Development,Sandy,34.18,42.56,872.07,3.58,0.0,42.0,60.0,18.0,55.0,0.85,,,0.01164,0.009894,0.0,0.009894
2026-06-01 13:06:00,3,Maize,Mid-season,Clay,34.18,42.56,872.07,3.58,0.0,65.0,75.0,30.0,65.0,1.2,,,0.01164,0.013968,0.0,0.013968
2026-06-01 13:07:00,1,Tomato,Mid-season,Loam,34.17666666666667,42.57,870.6483333333333,3.5766666666666667,0.0,55.0,70.0,25.0,60.0,1.15,,,0.011742,0.013503,0.0,0.013503
2026-06-01 13:07:00,2,Wheat,Development,Sandy,34.17666666666667,42.57,870.6483333333333,3.5766666666666667,0.0,42.0,60.0,18.0,55.0,0.85,,,0.011742,0.009981,0.0,0.009981
2026-06-01 13:07:00,3,Maize,Mid-season,Clay,34.17666666666667,42.57,870.6483333333333,3.5766666666666667,0.0,65.0,75.0,30.0,65.0,1.2,,,0.011742,0.01409,0.0,0.01409
2026-06-01 13:08:00,1,Tomato,Mid-season,Loam,34.17333333333334,42.58,869.2266666666667,3.5733333333333333,0.0,55.0,70.0,25.0,60.0,1.15,,,0.012149,0.013971,0.0,0.013971
2026-06-01 13:08:00,2,Wheat,Development,Sandy,34.17333333333334,42.58,869.2266666666667,3.5733333333333333,0.0,42.0,60.0,18.0,55.0,0.85,,,0.012149,0.010327,0.0,0.010327
2026-06-01 13:08:00,3,Maize,Mid-season,Clay,34.17333333333334,42.58,869.2266666666667,3.5733333333333333,0.0,65.0,75.0,30.0,65.0,1.2,,,0.012149,0.014579,0.0,0.014579
2026-06-01 13:09:00,1,Tomato,Mid-season,Loam,34.17,42.59,867.8050000000001,3.5700000000000003,0.0,55.0,70.0,25.0,60.0,1.15,,,0.011665,0.013415,0.0,0.013415
2026-06-01 13:09:00,2,Wheat,Development,Sandy,34.17,42.59,867.8050000000001,3.5700000000000003,0.0,42.0,60.0,18.0,55.0,0.85,,,0.011665,0.009915,0.0,0.009915
2026-06-01 13:09:00,3,Maize,Mid-season,Clay,34.17,42.59,867.8050000000001,3.5700000000000003,0.0,65.0,75.0,30.0,65.0,1.2,,,0.011665,0.013998,0.0,0.013998
2026-06-01 13:10:00,1,Tomato,Mid-season,Loam,34.16666666666667,42.6,866.3833333333333,3.566666666666667,0.0,55.0,70.0,25.0,60.0,1.15,,,0.011669,0.013419,0.0,0.013419
2026-06-01 13:10:00,2,Wheat,Development,Sandy,34.16666666666667,42.6,866.3833333333333,3.566666666666667,0.0,42.0,60.0,18.0,55.0,0.85,,,0.011669,0.009919,0.0,0.009919
2026-06-01 13:10:00,3,Maize,Mid-season,Clay,34.16666666666667,42.6,866.3833333333333,3.566666666666667,0.0,65.0,75.0,30.0,65.0,1.2,,,0.011669,0.014003,0.0,0.014003
2026-06-01 13:11:00,1,Tomato,Mid-season,Loam,34.163333333333334,42.61,864.9616666666667,3.563333333333333,0.0,55.0,70.0,25.0,60.0,1.15,,,0.011233,0.012918,0.0,0.012918
2026-06-01 13:11:00,2,Wheat,Development,Sandy,34.163333333333334,42.61,864.9616666666667,3.563333333333333,0.0,42.0,60.0,18.0,55.0,0.85,,,0.011233,0.009548,0.0,0.009548
2026-06-01 13:11:00,3,Maize,Mid-season,Clay,34.163333333333334,42.61,864.9616666666667,3.563333333333333,0.0,65.0,75.0,30.0,65.0,1.2,,,0.011233,0.01348,0.0,0.01348
2026-06-01 13:12:00,1,Tomato,Mid-season,Loam,34.160000000000004,42.62,863.54,3.56,0.0,55.0,70.0,25.0,60.0,1.15,,,0.011275,0.012966,0.0,0.012966
2026-06-01 13:12:00,2,Wheat,Development,Sandy,34.160000000000004,42.62,863.54,3.56,0.0,42.0,60.0,18.0,55.0,0.85,,,0.011275,0.009584,0.0,0.009584
2026-06-01 13:12:00,3,Maize,Mid-season,Clay,34.160000000000004,42.62,863.54,3.56,0.0,65.0,75.0,30.0,65.0,1.2,,,0.011275,0.01353,0.0,0.01353
2026-06-01 13:13:00,1,Tomato,Mid-season,Loam,34.156666666666666,42.63,862.1183333333333,3.556666666666666,0.0,55.0,70.0,25.0,60.0,1.15,,,0.012097,0.013912,0.0,0.013912
2026-06-01 13:13:00,2,Wheat,Development,Sandy,34.156666666666666,42.63,862.1183333333333,3.556666666666666,0.0,42.0,60.0,18.0,55.0,0.85,,,0.012097,0.010282,0.0,0.010282
2026-06-01 13:13:00,3,Maize,Mid-season,Clay,34.156666666666666,42.63,862.1183333333333,3.556666666666666,0.0,65.0,75.0,30.0,65.0,1.2,,,0.012097,0.014516,0.0,0.014516
2026-06-01 13:14:00,1,Tomato,Mid-season,Loam,34.153333333333336,42.64,860.6966666666667,3.553333333333333,0.0,55.0,70.0,25.0,60.0,1.15,,,0.011343,0.013044,0.0,0.013044
2026-06-01 13:14:00,2,Wheat,Development,Sandy,34.153333333333336,42.64,860.6966666666667,3.553333333333333,0.0,42.0,60.0,18.0,55.0,0.85,,,0.011343,0.009642,0.0,0.009642
2026-06-01 13:14:00,3,Maize,Mid-season,Clay,34.153333333333336,42.64,860.6966666666667,3.553333333333333,0.0,65.0,75.0,30.0,65.0,1.2,,,0.011343,0.013612,0.0,0.013612
2026-06-01 13:15:00,1,Tomato,Mid-season,Loam,34.150000000000006,42.65,859.275,3.55,0.0,55.0,70.0,25.0,60.0,1.15,,,0.011295,0.012989,0.0,0.012989
2026-06-01 13:15:00,2,Wheat,Development,Sandy,34.150000000000006,42.65,859.275,3.55,0.0,42.0,60.0,18.0,55.0,0.85,,,0.011295,0.009601,0.0,0.009601
2026-06-01 13:15:00,3,Maize,Mid-season,Clay,34.150000000000006,42.65,859.275,3.55,0.0,65.0,75.0,30.0,65.0,1.2,,,0.011295,0.013554,0.0,0.013554
2026-06-01 13:16:00,1,Tomato,Mid-season,Loam,34.14666666666667,42.66,857.8533333333334,3.546666666666667,0.0,55.0,70.0,25.0,60.0,1.15,,,0.011695,0.013449,0.0,0.013449
2026-06-01 13:16:00,2,Wheat,Development,Sandy,34.14666666666667,42.66,857.8533333333334,3.546666666666667,0.0,42.0,60.0,18.0,55.0,0.85,,,0.011695,0.009941,0.0,0.009941
2026-06-01 13:16:00,3,Maize,Mid-season,Clay,34.14666666666667,42.66,857.8533333333334,3.546666666666667,0.0,65.0,75.0,30.0,65.0,1.2,,,0.011695,0.014034,0.0,0.014034
2026-06-01 13:17:00,1,Tomato,Mid-season,Loam,34.14333333333334,42.67,856.4316666666666,3.543333333333333,0.0,55.0,70.0,25.0,60.0,1.15,,,0.01162,0.013363,0.0,0.013363
2026-06-01 13:17:00,2,Wheat,Development,Sandy,34.14333333333334,42.67,856.4316666666666,3.543333333333333,0.0,42.0,60.0,18.0,55.0,0.85,,,0.01162,0.009877,0.0,0.009877
2026-06-01 13:17:00,3,Maize,Mid-season,Clay,34.14333333333334,42.67,856.4316666666666,3.543333333333333,0.0,65.0,75.0,30.0,65.0,1.2,,,0.01162,0.013944,0.0,0.013944
2026-06-01 13:18:00,1,Tomato,Mid-season,Loam,34.14,42.68,855.01,3.54,0.0,55.0,70.0,25.0,60.0,1.15,,,0.011419,0.013132,0.0,0.013132
2026-06-01 13:18:00,2,Wheat,Development,Sandy,34.14,42.68,855.01,3.54,0.0,42.0,60.0,18.0,55.0,0.85,,,0.011419,0.009706,0.0,0.009706
2026-06-01 13:18:00,3,Maize,Mid-season,Clay,34.14,42.68,855.01,3.54,0.0,65.0,75.0,30.0,65.0,1.2,,,0.011419,0.013703,0.0,0.013703
2026-06-01 13:19:00,1,Tomato,Mid-season,Loam,34.13666666666667,42.69,853.5883333333334,3.536666666666666,0.0,55.0,70.0,25.0,60.0,1.15,,,0.011551,0.013284,0.0,0.013284
2026-06-01 13:19:00,2,Wheat,Development,Sandy,34.13666666666667,42.69,853.5883333333334,3.536666666666666,0.0,42.0,60.0,18.0,55.0,0.85,,,0.011551,0.009818,0.0,0.009818
2026-06-01 13:19:00,3,Maize,Mid-season,Clay,34.13666666666667,42.69,853.5883333333334,3.536666666666666,0.0,65.0,75.0,30.0,65.0,1.2,,,0.011551,0.013861,0.0,0.013861
2026-06-01 13:20:00,1,Tomato,Mid-season,Loam,34.13333333333333,42.7,852.1666666666666,3.533333333333333,0.0,55.0,70.0,25.0,60.0,1.15,,,0.011908,0.013694,0.0,0.013694
2026-06-01 13:20:00,2,Wheat,Development,Sandy,34.13333333333333,42.7,852.1666666666666,3.533333333333333,0.0,42.0,60.0,18.0,55.0,0.85,,,0.011908,0.010122,0.0,0.010122
2026-06-01 13:20:00,3,Maize,Mid-season,Clay,34.13333333333333,42.7,852.1666666666666,3.533333333333333,0.0,65.0,75.0,30.0,65.0,1.2,,,0.011908,0.01429,0.0,0.01429
2026-06-01 13:21:00,1,Tomato,Mid-season,Loam,34.13,42.71,850.745,3.53,0.0,55.0,70.0,25.0,60.0,1.15,,,0.011297,0.012992,0.0,0.012992
2026-06-01 13:21:00,2,Wheat,Development,Sandy,34.13,42.71,850.745,3.53,0.0,42.0,60.0,18.0,55.0,0.85,,,0.011297,0.009602,0.0,0.009602
2026-06-01 13:21:00,3,Maize,Mid-season,Clay,34.13,42.71,850.745,3.53,0.0,65.0,75.0,30.0,65.0,1.2,,,0.011297,0.013556,0.0,0.013556
2026-06-01 13:22:00,1,Tomato,Mid-season,Loam,34.126666666666665,42.72,849.3233333333334,3.526666666666667,0.0,55.0,70.0,25.0,60.0,1.15,,,0.011254,0.012942,0.0,0.012942
2026-06-01 13:22:00,2,Wheat,Development,Sandy,34.126666666666665,42.72,849.3233333333334,3.526666666666667,0.0,42.0,60.0,18.0,55.0,0.85,,,0.011254,0.009566,0.0,0.009566
2026-06-01 13:22:00,3,Maize,Mid-season,Clay,34.126666666666665,42.72,849.3233333333334,3.526666666666667,0.0,65.0,75.0,30.0,65.0,1.2,,,0.011254,0.013505,0.0,0.013505
2026-06-01 13:23:00,1,Tomato,Mid-season,Loam,34.123333333333335,42.73,847.9016666666666,3.523333333333333,0.0,55.0,70.0,25.0,60.0,1.15,,,0.011888,0.013671,0.0,0.013671
2026-06-01 13:23:00,2,Wheat,Development,Sandy,34.123333333333335,42.73,847.9016666666666,3.523333333333333,0.0,42.0,60.0,18.0,55.0,0.85,,,0.011888,0.010105,0.0,0.010105
2026-06-01 13:23:00,3,Maize,Mid-season,Clay,34.123333333333335,42.73,847.9016666666666,3.523333333333333,0.0,65.0,75.0,30.0,65.0,1.2,,,0.011888,0.014266,0.0,0.014266
2026-06-01 13:24:00,1,Tomato,Mid-season,Loam,34.120000000000005,42.74,846.48,3.52,0.0,55.0,70.0,25.0,60.0,1.15,,,0.011818,0.013591,0.0,0.013591
2026-06-01 13:24:00,2,Wheat,Development,Sandy,34.120000000000005,42.74,846.48,3.52,0.0,42.0,60.0,18.0,55.0,0.85,,,0.011818,0.010045,0.0,0.010045
2026-06-01 13:24:00,3,Maize,Mid-season,Clay,34.120000000000005,42.74,846.48,3.52,0.0,65.0,75.0,30.0,65.0,1.2,,,0.011818,0.014182,0.0,0.014182
2026-06-01 13:25:00,1,Tomato,Mid-season,Loam,34.11666666666667,42.75,845.0583333333333,3.5166666666666666,0.0,55.0,70.0,25.0,60.0,1.15,,,0.011551,0.013284,0.0,0.013284
2026-06-01 13:25:00,2,Wheat,Development,Sandy,34.11666666666667,42.75,845.0583333333333,3.5166666666666666,0.0,42.0,60.0,18.0,55.0,0.85,,,0.011551,0.009818,0.0,0.009818
2026-06-01 13:25:00,3,Maize,Mid-season,Clay,34.11666666666667,42.75,845.0583333333333,3.5166666666666666,0.0,65.0,75.0,30.0,65.0,1.2,,,0.011551,0.013861,0.0,0.013861
2026-06-01 13:26:00,1,Tomato,Mid-season,Loam,34.11333333333334,42.76,843.6366666666667,3.513333333333333,0.0,55.0,70.0,25.0,60.0,1.15,,,0.011242,0.012928,0.0,0.012928
2026-06-01 13:26:00,2,Wheat,Development,Sandy,34.11333333333334,42.76,843.6366666666667,3.513333333333333,0.0,42.0,60.0,18.0,55.0,0.85,,,0.011242,0.009556,0.0,0.009556
2026-06-01 13:26:00,3,Maize,Mid-season,Clay,34.11333333333334,42.76,843.6366666666667,3.513333333333333,0.0,65.0,75.0,30.0,65.0,1.2,,,0.011242,0.01349,0.0,0.01349
2026-06-01 13:27:00,1,Tomato,Mid-season,Loam,34.11,42.77,842.215,3.51,0.0,55.0,70.0,25.0,60.0,1.15,,,0.011389,0.013097,0.0,0.013097
2026-06-01 13:27:00,2,Wheat,Development,Sandy,34.11,42.77,842.215,3.51,0.0,42.0,60.0,18.0,55.0,0.85,,,0.011389,0.009681,0.0,0.009681
2026-06-01 13:27:00,3,Maize,Mid-season,Clay,34.11,42.77,842.215,3.51,0.0,65.0,75.0,30.0,65.0,1.2,,,0.011389,0.013667,0.0,0.013667
2026-06-01 13:28:00,1,Tomato,Mid-season,Loam,34.10666666666667,42.78,840.7933333333333,3.506666666666667,0.0,55.0,70.0,25.0,60.0,1.15,,,0.011533,0.013263,0.0,0.013263
2026-06-01 13:28:00,2,Wheat,Development,Sandy,34.10666666666667,42.78,840.7933333333333,3.506666666666667,0.0,42.0,60.0,18.0,55.0,0.85,,,0.011533,0.009803,0.0,0.009803
2026-06-01 13:28:00,3,Maize,Mid-season,Clay,34.10666666666667,42.78,840.7933333333333,3.506666666666667,0.0,65.0,75.0,30.0,65.0,1.2,,,0.011533,0.01384,0.0,0.01384
2026-06-01 13:29:00,1,Tomato,Mid-season,Loam,34.10333333333333,42.79,839.3716666666667,3.5033333333333334,0.0,55.0,70.0,25.0,60.0,1.15,,,0.011903,0.013688,0.0,0.013688
2026-06-01 13:29:00,2,Wheat,Development,Sandy,34.10333333333333,42.79,839.3716666666667,3.5033333333333334,0.0,42.0,60.0,18.0,55.0,0.85,,,0.011903,0.010118,0.0,0.010118
2026-06-01 13:29:00,3,Maize,Mid-season,Clay,34.10333333333333,42.79,839.3716666666667,3.5033333333333334,0.0,65.0,75.0,30.0,65.0,1.2,,,0.011903,0.014284,0.0,0.014284
2026-06-01 13:30:00,1,Tomato,Mid-season,Loam,34.1,42.8,837.95,3.5,0.0,55.0,70.0,25.0,60.0,1.15,,,0.011288,0.012981,0.0,0.012981
2026-06-01 13:30:00,2,Wheat,Development,Sandy,34.1,42.8,837.95,3.5,0.0,42.0,60.0,18.0,55.0,0.85,,,0.011288,0.009595,0.0,0.009595
2026-06-01 13:30:00,3,Maize,Mid-season,Clay,34.1,42.8,837.95,3.5,0.0,65.0,75.0,30.0,65.0,1.2,,,0.011288,0.013546,0.0,0.013546
2026-06-01 13:31:00,1,Tomato,Mid-season,Loam,34.09666666666667,42.81,836.5283333333333,3.4966666666666666,0.0,55.0,70.0,25.0,60.0,1.15,,,0.011566,0.013301,0.0,0.013301
2026-06-01 13:31:00,2,Wheat,Development,Sandy,34.09666666666667,42.81,836.5283333333333,3.4966666666666666,0.0,42.0,60.0,18.0,55.0,0.85,,,0.011566,0.009831,0.0,0.009831
2026-06-01 13:31:00,3,Maize,Mid-season,Clay,34.09666666666667,42.81,836.5283333333333,3.4966666666666666,0.0,65.0,75.0,30.0,65.0,1.2,,,0.011566,0.013879,0.0,0.013879
2026-06-01 13:32:00,1,Tomato,Mid-season,Loam,34.093333333333334,42.82,835.1066666666667,3.493333333333333,0.0,55.0,70.0,25.0,60.0,1.15,,,0.011842,0.013618,0.0,0.013618
2026-06-01 13:32:00,2,Wheat,Development,Sandy,34.093333333333334,42.82,835.1066666666667,3.493333333333333,0.0,42.0,60.0,18.0,55.0,0.85,,,0.011842,0.010066,0.0,0.010066
2026-06-01 13:32:00,3,Maize,Mid-season,Clay,34.093333333333334,42.82,835.1066666666667,3.493333333333333,0.0,65.0,75.0,30.0,65.0,1.2,,,0.011842,0.01421,0.0,0.01421
2026-06-01 13:33:00,1,Tomato,Mid-season,Loam,34.09,42.83,833.685,3.49,0.0,55.0,70.0,25.0,60.0,1.15,,,0.010942,0.012583,0.0,0.012583
2026-06-01 13:33:00,2,Wheat,Development,Sandy,34.09,42.83,833.685,3.49,0.0,42.0,60.0,18.0,55.0,0.85,,,0.010942,0.009301,0.0,0.009301
2026-06-01 13:33:00,3,Maize,Mid-season,Clay,34.09,42.83,833.685,3.49,0.0,65.0,75.0,30.0,65.0,1.2,,,0.010942,0.01313,0.0,0.01313
2026-06-01 13:34:00,1,Tomato,Mid-season,Loam,34.086666666666666,42.84,832.2633333333333,3.486666666666667,0.0,55.0,70.0,25.0,60.0,1.15,,,0.011804,0.013575,0.0,0.013575
2026-06-01 13:34:00,2,Wheat,Development,Sandy,34.086666666666666,42.84,832.2633333333333,3.486666666666667,0.0,42.0,60.0,18.0,55.0,0.85,,,0.011804,0.010033,0.0,0.010033
2026-06-01 13:34:00,3,Maize,Mid-season,Clay,34.086666666666666,42.84,832.2633333333333,3.486666666666667,0.0,65.0,75.0,30.0,65.0,1.2,,,0.011804,0.014165,0.0,0.014165
2026-06-01 13:35:00,1,Tomato,Mid-season,Loam,34.083333333333336,42.85,830.8416666666667,3.4833333333333334,0.0,55.0,70.0,25.0,60.0,1.15,,,0.011321,0.013019,0.0,0.013019
2026-06-01 13:35:00,2,Wheat,Development,Sandy,34.083333333333336,42.85,830.8416666666667,3.4833333333333334,0.0,42.0,60.0,18.0,55.0,0.85,,,0.011321,0.009623,0.0,0.009623
2026-06-01 13:35:00,3,Maize,Mid-season,Clay,34.083333333333336,42.85,830.8416666666667,3.4833333333333334,0.0,65.0,75.0,30.0,65.0,1.2,,,0.011321,0.013585,0.0,0.013585
2026-06-01 13:36:00,1,Tomato,Mid-season,Loam,34.08,42.86,829.42,3.48,0.0,55.0,70.0,25.0,60.0,1.15,,,0.0117,0.013455,0.0,0.013455
2026-06-01 13:36:00,2,Wheat,Development,Sandy,34.08,42.86,829.42,3.48,0.0,42.0,60.0,18.0,55.0,0.85,,,0.0117,0.009945,0.0,0.009945
2026-06-01 13:36:00,3,Maize,Mid-season,Clay,34.08,42.86,829.42,3.48,0.0,65.0,75.0,30.0,65.0,1.2,,,0.0117,0.01404,0.0,0.01404
2026-06-01 13:37:00,1,Tomato,Mid-season,Loam,34.07666666666667,42.87,827.9983333333333,3.4766666666666666,0.0,55.0,70.0,25.0,60.0,1.15,,,0.011698,0.013453,0.0,0.013453
2026-06-01 13:37:00,2,Wheat,Development,Sandy,34.07666666666667,42.87,827.9983333333333,3.4766666666666666,0.0,42.0,60.0,18.0,55.0,0.85,,,0.011698,0.009943,0.0,0.009943
2026-06-01 13:37:00,3,Maize,Mid-season,Clay,34.07666666666667,42.87,827.9983333333333,3.4766666666666666,0.0,65.0,75.0,30.0,65.0,1.2,,,0.011698,0.014038,0.0,0.014038
2026-06-01 13:38:00,1,Tomato,Mid-season,Loam,34.07333333333334,42.88,826.5766666666666,3.473333333333333,0.0,55.0,70.0,25.0,60.0,1.15,,,0.011899,0.013684,0.0,0.013684
2026-06-01 13:38:00,2,Wheat,Development,Sandy,34.07333333333334,42.88,826.5766666666666,3.473333333333333,0.0,42.0,60.0,18.0,55.0,0.85,,,0.011899,0.010114,0.0,0.010114
2026-06-01 13:38:00,3,Maize,Mid-season,Clay,34.07333333333334,42.88,826.5766666666666,3.473333333333333,0.0,65.0,75.0,30.0,65.0,1.2,,,0.011899,0.014279,0.0,0.014279
2026-06-01 13:39:00,1,Tomato,Mid-season,Loam,34.07,42.89,825.155,3.47,0.0,55.0,70.0,25.0,60.0,1.15,,,0.011724,0.013483,0.0,0.013483
2026-06-01 13:39:00,2,Wheat,Development,Sandy,34.07,42.89,825.155,3.47,0.0,42.0,60.0,18.0,55.0,0.85,,,0.011724,0.009965,0.0,0.009965
2026-06-01 13:39:00,3,Maize,Mid-season,Clay,34.07,42.89,825.155,3.47,0.0,65.0,75.0,30.0,65.0,1.2,,,0.011724,0.014069,0.0,0.014069
2026-06-01 13:40:00,1,Tomato,Mid-season,Loam,34.06666666666667,42.9,823.7333333333333,3.466666666666667,0.0,55.0,70.0,25.0,60.0,1.15,,,0.010953,0.012596,0.0,0.012596
2026-06-01 13:40:00,2,Wheat,Development,Sandy,34.06666666666667,42.9,823.7333333333333,3.466666666666667,0.0,42.0,60.0,18.0,55.0,0.85,,,0.010953,0.00931,0.0,0.00931
2026-06-01 13:40:00,3,Maize,Mid-season,Clay,34.06666666666667,42.9,823.7333333333333,3.466666666666667,0.0,65.0,75.0,30.0,65.0,1.2,,,0.010953,0.013144,0.0,0.013144
2026-06-01 13:41:00,1,Tomato,Mid-season,Loam,34.06333333333333,42.91,822.3116666666666,3.4633333333333334,0.0,55.0,70.0,25.0,60.0,1.15,,,0.01136,0.013064,0.0,0.013064
2026-06-01 13:41:00,2,Wheat,Development,Sandy,34.06333333333333,42.91,822.3116666666666,3.4633333333333334,0.0,42.0,60.0,18.0,55.0,0.85,,,0.01136,0.009656,0.0,0.009656
2026-06-01 13:41:00,3,Maize,Mid-season,Clay,34.06333333333333,42.91,822.3116666666666,3.4633333333333334,0.0,65.0,75.0,30.0,65.0,1.2,,,0.01136,0.013632,0.0,0.013632
2026-06-01 13:42:00,1,Tomato,Mid-season,Loam,34.06,42.92,820.89,3.46,0.0,55.0,70.0,25.0,60.0,1.15,,,0.011567,0.013302,0.0,0.013302
2026-06-01 13:42:00,2,Wheat,Development,Sandy,34.06,42.92,820.89,3.46,0.0,42.0,60.0,18.0,55.0,0.85,,,0.011567,0.009832,0.0,0.009832
2026-06-01 13:42:00,3,Maize,Mid-season,Clay,34.06,42.92,820.89,3.46,0.0,65.0,75.0,30.0,65.0,1.2,,,0.011567,0.01388,0.0,0.01388
2026-06-01 13:43:00,1,Tomato,Mid-season,Loam,34.056666666666665,42.93,819.4683333333332,3.4566666666666666,0.0,55.0,70.0,25.0,60.0,1.15,,,0.01148,0.013202,0.0,0.013202
2026-06-01 13:43:00,2,Wheat,Development,Sandy,34.056666666666665,42.93,819.4683333333332,3.4566666666666666,0.0,42.0,60.0,18.0,55.0,0.85,,,0.01148,0.009758,0.0,0.009758
2026-06-01 13:43:00,3,Maize,Mid-season,Clay,34.056666666666665,42.93,819.4683333333332,3.4566666666666666,0.0,65.0,75.0,30.0,65.0,1.2,,,0.01148,0.013776,0.0,0.013776
2026-06-01 13:44:00,1,Tomato,Mid-season,Loam,34.053333333333335,42.94,818.0466666666666,3.453333333333333,0.0,55.0,70.0,25.0,60.0,1.15,,,0.011548,0.01328,0.0,0.01328
2026-06-01 13:44:00,2,Wheat,Development,Sandy,34.053333333333335,42.94,818.0466666666666,3.453333333333333,0.0,42.0,60.0,18.0,55.0,0.85,,,0.011548,0.009816,0.0,0.009816
2026-06-01 13:44:00,3,Maize,Mid-season,Clay,34.053333333333335,42.94,818.0466666666666,3.453333333333333,0.0,65.0,75.0,30.0,65.0,1.2,,,0.011548,0.013858,0.0,0.013858
2026-06-01 13:45:00,1,Tomato,Mid-season,Loam,34.05,42.95,816.625,3.45,0.0,55.0,70.0,25.0,60.0,1.15,,,0.011792,0.013561,0.0,0.013561
2026-06-01 13:45:00,2,Wheat,Development,Sandy,34.05,42.95,816.625,3.45,0.0,42.0,60.0,18.0,55.0,0.85,,,0.011792,0.010023,0.0,0.010023
2026-06-01 13:45:00,3,Maize,Mid-season,Clay,34.05,42.95,816.625,3.45,0.0,65.0,75.0,30.0,65.0,1.2,,,0.011792,0.01415,0.0,0.01415
2026-06-01 13:46:00,1,Tomato,Mid-season,Loam,34.04666666666667,42.96,815.2033333333333,3.4466666666666668,0.0,55.0,70.0,25.0,60.0,1.15,,,0.011791,0.01356,0.0,0.01356
2026-06-01 13:46:00,2,Wheat,Development,Sandy,34.04666666666667,42.96,815.2033333333333,3.4466666666666668,0.0,42.0,60.0,18.0,55.0,0.85,,,0.011791,0.010022,0.0,0.010022
2026-06-01 13:46:00,3,Maize,Mid-season,Clay,34.04666666666667,42.96,815.2033333333333,3.4466666666666668,0.0,65.0,75.0,30.0,65.0,1.2,,,0.011791,0.014149,0.0,0.014149
2026-06-01 13:47:00,1,Tomato,Mid-season,Loam,34.04333333333334,42.97,813.7816666666666,3.4433333333333334,0.0,55.0,70.0,25.0,60.0,1.15,,,0.011469,0.013189,0.0,0.013189
2026-06-01 13:47:00,2,Wheat,Development,Sandy,34.04333333333334,42.97,813.7816666666666,3.4433333333333334,0.0,42.0,60.0,18.0,55.0,0.85,,,0.011469,0.009749,0.0,0.009749
2026-06-01 13:47:00,3,Maize,Mid-season,Clay,34.04333333333334,42.97,813.7816666666666,3.4433333333333334,0.0,65.0,75.0,30.0,65.0,1.2,,,0.011469,0.013763,0.0,0.013763
2026-06-01 13:48:00,1,Tomato,Mid-season,Loam,34.04,42.98,812.36,3.44,0.0,55.0,70.0,25.0,60.0,1.15,,,0.01116,0.012834,0.0,0.012834
2026-06-01 13:48:00,2,Wheat,Development,Sandy,34.04,42.98,812.36,3.44,0.0,42.0,60.0,18.0,55.0,0.85,,,0.01116,0.009486,0.0,0.009486
2026-06-01 13:48:00,3,Maize,Mid-season,Clay,34.04,42.98,812.36,3.44,0.0,65.0,75.0,30.0,65.0,1.2,,,0.01116,0.013392,0.0,0.013392
2026-06-01 13:49:00,1,Tomato,Mid-season,Loam,34.03666666666667,42.99,810.9383333333333,3.4366666666666665,0.0,55.0,70.0,25.0,60.0,1.15,,,0.011274,0.012965,0.0,0.012965
2026-06-01 13:49:00,2,Wheat,Development,Sandy,34.03666666666667,42.99,810.9383333333333,3.4366666666666665,0.0,42.0,60.0,18.0,55.0,0.85,,,0.011274,0.009583,0.0,0.009583
2026-06-01 13:49:00,3,Maize,Mid-season,Clay,34.03666666666667,42.99,810.9383333333333,3.4366666666666665,0.0,65.0,75.0,30.0,65.0,1.2,,,0.011274,0.013529,0.0,0.013529
2026-06-01 13:50:00,1,Tomato,Mid-season,Loam,34.03333333333333,43.0,809.5166666666667,3.433333333333333,0.0,55.0,70.0,25.0,60.0,1.15,,,0.011733,0.013493,0.0,0.013493
2026-06-01 13:50:00,2,Wheat,Development,Sandy,34.03333333333333,43.0,809.5166666666667,3.433333333333333,0.0,42.0,60.0,18.0,55.0,0.85,,,0.011733,0.009973,0.0,0.009973
2026-06-01 13:50:00,3,Maize,Mid-season,Clay,34.03333333333333,43.0,809.5166666666667,3.433333333333333,0.0,65.0,75.0,30.0,65.0,1.2,,,0.011733,0.01408,0.0,0.01408
2026-06-01 13:51:00,1,Tomato,Mid-season,Loam,34.03,43.01,808.095,3.43,0.0,55.0,70.0,25.0,60.0,1.15,,,0.011333,0.013033,0.0,0.013033
2026-06-01 13:51:00,2,Wheat,Development,Sandy,34.03,43.01,808.095,3.43,0.0,42.0,60.0,18.0,55.0,0.85,,,0.011333,0.009633,0.0,0.009633
2026-06-01 13:51:00,3,Maize,Mid-season,Clay,34.03,43.01,808.095,3.43,0.0,65.0,75.0,30.0,65.0,1.2,,,0.011333,0.0136,0.0,0.0136
2026-06-01 13:52:00,1,Tomato,Mid-season,Loam,34.026666666666664,43.02,806.6733333333333,3.4266666666666667,0.0,55.0,70.0,25.0,60.0,1.15,,,0.011656,0.013404,0.0,0.013404
2026-06-01 13:52:00,2,Wheat,Development,Sandy,34.026666666666664,43.02,806.6733333333333,3.4266666666666667,0.0,42.0,60.0,18.0,55.0,0.85,,,0.011656,0.009908,0.0,0.009908
2026-06-01 13:52:00,3,Maize,Mid-season,Clay,34.026666666666664,43.02,806.6733333333333,3.4266666666666667,0.0,65.0,75.0,30.0,65.0,1.2,,,0.011656,0.013987,0.0,0.013987
2026-06-01 13:53:00,1,Tomato,Mid-season,Loam,34.02333333333333,43.03,805.2516666666667,3.4233333333333333,0.0,55.0,70.0,25.0,60.0,1.15,,,0.011804,0.013575,0.0,0.013575
2026-06-01 13:53:00,2,Wheat,Development,Sandy,34.02333333333333,43.03,805.2516666666667,3.4233333333333333,0.0,42.0,60.0,18.0,55.0,0.85,,,0.011804,0.010033,0.0,0.010033
2026-06-01 13:53:00,3,Maize,Mid-season,Clay,34.02333333333333,43.03,805.2516666666667,3.4233333333333333,0.0,65.0,75.0,30.0,65.0,1.2,,,0.011804,0.014165,0.0,0.014165
2026-06-01 13:54:00,1,Tomato,Mid-season,Loam,34.02,43.04,803.8299999999999,3.42,0.0,55.0,70.0,25.0,60.0,1.15,,,0.011574,0.01331,0.0,0.01331
2026-06-01 13:54:00,2,Wheat,Development,Sandy,34.02,43.04,803.8299999999999,3.42,0.0,42.0,60.0,18.0,55.0,0.85,,,0.011574,0.009838,0.0,0.009838
2026-06-01 13:54:00,3,Maize,Mid-season,Clay,34.02,43.04,803.8299999999999,3.42,0.0,65.0,75.0,30.0,65.0,1.2,,,0.011574,0.013889,0.0,0.013889
2026-06-01 13:55:00,1,Tomato,Mid-season,Loam,34.016666666666666,43.05,802.4083333333333,3.4166666666666665,0.0,55.0,70.0,25.0,60.0,1.15,,,0.010686,0.012289,0.0,0.012289
2026-06-01 13:55:00,2,Wheat,Development,Sandy,34.016666666666666,43.05,802.4083333333333,3.4166666666666665,0.0,42.0,60.0,18.0,55.0,0.85,,,0.010686,0.009083,0.0,0.009083
2026-06-01 13:55:00,3,Maize,Mid-season,Clay,34.016666666666666,43.05,802.4083333333333,3.4166666666666665,0.0,65.0,75.0,30.0,65.0,1.2,,,0.010686,0.012823,0.0,0.012823
2026-06-01 13:56:00,1,Tomato,Mid-season,Loam,34.013333333333335,43.06,800.9866666666667,3.413333333333333,0.0,55.0,70.0,25.0,60.0,1.15,,,0.011142,0.012813,0.0,0.012813
2026-06-01 13:56:00,2,Wheat,Development,Sandy,34.013333333333335,43.06,800.9866666666667,3.413333333333333,0.0,42.0,60.0,18.0,55.0,0.85,,,0.011142,0.009471,0.0,0.009471
2026-06-01 13:56:00,3,Maize,Mid-season,Clay,34.013333333333335,43.06,800.9866666666667,3.413333333333333,0.0,65.0,75.0,30.0,65.0,1.2,,,0.011142,0.01337,0.0,0.01337
2026-06-01 13:57:00,1,Tomato,Mid-season,Loam,34.01,43.07,799.5649999999999,3.41,0.0,55.0,70.0,25.0,60.0,1.15,,,0.012121,0.013939,0.0,0.013939
2026-06-01 13:57:00,2,Wheat,Development,Sandy,34.01,43.07,799.5649999999999,3.41,0.0,42.0,60.0,18.0,55.0,0.85,,,0.012121,0.010303,0.0,0.010303
2026-06-01 13:57:00,3,Maize,Mid-season,Clay,34.01,43.07,799.5649999999999,3.41,0.0,65.0,75.0,30.0,65.0,1.2,,,0.012121,0.014545,0.0,0.014545
2026-06-01 13:58:00,1,Tomato,Mid-season,Loam,34.00666666666667,43.08,798.1433333333333,3.4066666666666667,0.0,55.0,70.0,25.0,60.0,1.15,,,0.011429,0.013143,0.0,0.013143
2026-06-01 13:58:00,2,Wheat,Development,Sandy,34.00666666666667,43.08,798.1433333333333,3.4066666666666667,0.0,42.0,60.0,18.0,55.0,0.85,,,0.011429,0.009715,0.0,0.009715
2026-06-01 13:58:00,3,Maize,Mid-season,Clay,34.00666666666667,43.08,798.1433333333333,3.4066666666666667,0.0,65.0,75.0,30.0,65.0,1.2,,,0.011429,0.013715,0.0,0.013715
2026-06-01 13:59:00,1,Tomato,Mid-season,Loam,34.00333333333333,43.09,796.7216666666666,3.4033333333333333,0.0,55.0,70.0,25.0,60.0,1.15,,,0.010884,0.012517,0.0,0.012517
2026-06-01 13:59:00,2,Wheat,Development,Sandy,34.00333333333333,43.09,796.7216666666666,3.4033333333333333,0.0,42.0,60.0,18.0,55.0,0.85,,,0.010884,0.009251,0.0,0.009251
2026-06-01 13:59:00,3,Maize,Mid-season,Clay,34.00333333333333,43.09,796.7216666666666,3.4033333333333333,0.0,65.0,75.0,30.0,65.0,1.2,,,0.010884,0.013061,0.0,0.013061
2026-06-01 14:00:00,1,Tomato,Mid-season,Loam,34.0,43.1,795.3,3.4,0.0,55.0,70.0,25.0,60.0,1.15,,,0.011928,0.013717,0.0,0.013717
2026-06-01 14:00:00,2,Wheat,Development,Sandy,34.0,43.1,795.3,3.4,0.0,42.0,60.0,18.0,55.0,0.85,,,0.011928,0.010139,0.0,0.010139
2026-06-01 14:00:00,3,Maize,Mid-season,Clay,34.0,43.1,795.3,3.4,0.0,65.0,75.0,30.0,65.0,1.2,,,0.011928,0.014314,0.0,0.014314
2026-06-01 14:01:00,1,Tomato,Mid-season,Loam,33.985,43.145,792.7149999999999,3.3966666666666665,0.0,55.0,70.0,25.0,60.0,1.15,,,0.011421,0.013134,0.0,0.013134
2026-06-01 14:01:00,2,Wheat,Development,Sandy,33.985,43.145,792.7149999999999,3.3966666666666665,0.0,42.0,60.0,18.0,55.0,0.85,,,0.011421,0.009708,0.0,0.009708
2026-06-01 14:01:00,3,Maize,Mid-season,Clay,33.985,43.145,792.7149999999999,3.3966666666666665,0.0,65.0,75.0,30.0,65.0,1.2,,,0.011421,0.013705,0.0,0.013705
2026-06-01 14:02:00,1,Tomato,Mid-season,Loam,33.97,43.19,790.13,3.393333333333333,0.0,55.0,70.0,25.0,60.0,1.15,,,0.011919,0.013707,0.0,0.013707
2026-06-01 14:02:00,2,Wheat,Development,Sandy,33.97,43.19,790.13,3.393333333333333,0.0,42.0,60.0,18.0,55.0,0.85,,,0.011919,0.010131,0.0,0.010131
2026-06-01 14:02:00,3,Maize,Mid-season,Clay,33.97,43.19,790.13,3.393333333333333,0.0,65.0,75.0,30.0,65.0,1.2,,,0.011919,0.014303,0.0,0.014303
2026-06-01 14:03:00,1,Tomato,Mid-season,Loam,33.955,43.235,787.545,3.39,0.0,55.0,70.0,25.0,60.0,1.15,,,0.011534,0.013264,0.0,0.013264
2026-06-01 14:03:00,2,Wheat,Development,Sandy,33.955,43.235,787.545,3.39,0.0,42.0,60.0,18.0,55.0,0.85,,,0.011534,0.009804,0.0,0.009804
2026-06-01 14:03:00,3,Maize,Mid-season,Clay,33.955,43.235,787.545,3.39,0.0,65.0,75.0,30.0,65.0,1.2,,,0.011534,0.013841,0.0,0.013841
2026-06-01 14:04:00,1,Tomato,Mid-season,Loam,33.94,43.28,784.9599999999999,3.3866666666666667,0.0,55.0,70.0,25.0,60.0,1.15,,,0.011556,0.013289,0.0,0.013289
2026-06-01 14:04:00,2,Wheat,Development,Sandy,33.94,43.28,784.9599999999999,3.3866666666666667,0.0,42.0,60.0,18.0,55.0,0.85,,,0.011556,0.009823,0.0,0.009823
2026-06-01 14:04:00,3,Maize,Mid-season,Clay,33.94,43.28,784.9599999999999,3.3866666666666667,0.0,65.0,75.0,30.0,65.0,1.2,,,0.011556,0.013867,0.0,0.013867
2026-06-01 14:05:00,1,Tomato,Mid-season,Loam,33.925,43.325,782.375,3.3833333333333333,0.0,55.0,70.0,25.0,60.0,1.15,,,0.011515,0.013242,0.0,0.013242
2026-06-01 14:05:00,2,Wheat,Development,Sandy,33.925,43.325,782.375,3.3833333333333333,0.0,42.0,60.0,18.0,55.0,0.85,,,0.011515,0.009788,0.0,0.009788
2026-06-01 14:05:00,3,Maize,Mid-season,Clay,33.925,43.325,782.375,3.3833333333333333,0.0,65.0,75.0,30.0,65.0,1.2,,,0.011515,0.013818,0.0,0.013818
2026-06-01 14:06:00,1,Tomato,Mid-season,Loam,33.91,43.370000000000005,779.79,3.38,0.0,55.0,70.0,25.0,60.0,1.15,,,0.011699,0.013454,0.0,0.013454
2026-06-01 14:06:00,2,Wheat,Development,Sandy,33.91,43.370000000000005,779.79,3.38,0.0,42.0,60.0,18.0,55.0,0.85,,,0.011699,0.009944,0.0,0.009944
2026-06-01 14:06:00,3,Maize,Mid-season,Clay,33.91,43.370000000000005,779.79,3.38,0.0,65.0,75.0,30.0,65.0,1.2,,,0.011699,0.014039,0.0,0.014039
2026-06-01 14:07:00,1,Tomato,Mid-season,Loam,33.895,43.415,777.2049999999999,3.3766666666666665,0.0,55.0,70.0,25.0,60.0,1.15,,,0.012072,0.013883,0.0,0.013883
2026-06-01 14:07:00,2,Wheat,Development,Sandy,33.895,43.415,777.2049999999999,3.3766666666666665,0.0,42.0,60.0,18.0,55.0,0.85,,,0.012072,0.010261,0.0,0.010261
2026-06-01 14:07:00,3,Maize,Mid-season,Clay,33.895,43.415,777.2049999999999,3.3766666666666665,0.0,65.0,75.0,30.0,65.0,1.2,,,0.012072,0.014486,0.0,0.014486
2026-06-01 14:08:00,1,Tomato,Mid-season,Loam,33.88,43.46,774.62,3.373333333333333,0.0,55.0,70.0,25.0,60.0,1.15,,,0.011703,0.013458,0.0,0.013458
2026-06-01 14:08:00,2,Wheat,Development,Sandy,33.88,43.46,774.62,3.373333333333333,0.0,42.0,60.0,18.0,55.0,0.85,,,0.011703,0.009948,0.0,0.009948
2026-06-01 14:08:00,3,Maize,Mid-season,Clay,33.88,43.46,774.62,3.373333333333333,0.0,65.0,75.0,30.0,65.0,1.2,,,0.011703,0.014044,0.0,0.014044
2026-06-01 14:09:00,1,Tomato,Mid-season,Loam,33.865,43.505,772.035,3.37,0.0,55.0,70.0,25.0,60.0,1.15,,,0.011196,0.012875,0.0,0.012875
2026-06-01 14:09:00,2,Wheat,Development,Sandy,33.865,43.505,772.035,3.37,0.0,42.0,60.0,18.0,55.0,0.85,,,0.011196,0.009517,0.0,0.009517
2026-06-01 14:09:00,3,Maize,Mid-season,Clay,33.865,43.505,772.035,3.37,0.0,65.0,75.0,30.0,65.0,1.2,,,0.011196,0.013435,0.0,0.013435
2026-06-01 14:10:00,1,Tomato,Mid-season,Loam,33.85,43.55,769.4499999999999,3.3666666666666667,0.0,55.0,70.0,25.0,60.0,1.15,,,0.011568,0.013303,0.0,0.013303
2026-06-01 14:10:00,2,Wheat,Development,Sandy,33.85,43.55,769.4499999999999,3.3666666666666667,0.0,42.0,60.0,18.0,55.0,0.85,,,0.011568,0.009833,0.0,0.009833
2026-06-01 14:10:00,3,Maize,Mid-season,Clay,33.85,43.55,769.4499999999999,3.3666666666666667,0.0,65.0,75.0,30.0,65.0,1.2,,,0.011568,0.013882,0.0,0.013882
2026-06-01 14:11:00,1,Tomato,Mid-season,Loam,33.835,43.595,766.865,3.3633333333333333,0.0,55.0,70.0,25.0,60.0,1.15,,,0.011685,0.013438,0.0,0.013438
2026-06-01 14:11:00,2,Wheat,Development,Sandy,33.835,43.595,766.865,3.3633333333333333,0.0,42.0,60.0,18.0,55.0,0.85,,,0.011685,0.009932,0.0,0.009932
2026-06-01 14:11:00,3,Maize,Mid-season,Clay,33.835,43.595,766.865,3.3633333333333333,0.0,65.0,75.0,30.0,65.0,1.2,,,0.011685,0.014022,0.0,0.014022
2026-06-01 14:12:00,1,Tomato,Mid-season,Loam,33.82,43.64,764.28,3.36,0.0,55.0,70.0,25.0,60.0,1.15,,,0.011705,0.013461,0.0,0.013461
2026-06-01 14:12:00,2,Wheat,Development,Sandy,33.82,43.64,764.28,3.36,0.0,42.0,60.0,18.0,55.0,0.85,,,0.011705,0.009949,0.0,0.009949
2026-06-01 14:12:00,3,Maize,Mid-season,Clay,33.82,43.64,764.28,3.36,0.0,65.0,75.0,30.0,65.0,1.2,,,0.011705,0.014046,0.0,0.014046
2026-06-01 14:13:00,1,Tomato,Mid-season,Loam,33.805,43.685,761.6949999999999,3.3566666666666665,0.0,55.0,70.0,25.0,60.0,1.15,,,0.011253,0.012941,0.0,0.012941
2026-06-01 14:13:00,2,Wheat,Development,Sandy,33.805,43.685,761.6949999999999,3.3566666666666665,0.0,42.0,60.0,18.0,55.0,0.85,,,0.011253,0.009565,0.0,0.009565
2026-06-01 14:13:00,3,Maize,Mid-season,Clay,33.805,43.685,761.6949999999999,3.3566666666666665,0.0,65.0,75.0,30.0,65.0,1.2,,,0.011253,0.013504,0.0,0.013504
2026-06-01 14:14:00,1,Tomato,Mid-season,Loam,33.79,43.73,759.11,3.353333333333333,0.0,55.0,70.0,25.0,60.0,1.15,,,0.011813,0.013585,0.0,0.013585
2026-06-01 14:14:00,2,Wheat,Development,Sandy,33.79,43.73,759.11,3.353333333333333,0.0,42.0,60.0,18.0,55.0,0.85,,,0.011813,0.010041,0.0,0.010041
2026-06-01 14:14:00,3,Maize,Mid-season,Clay,33.79,43.73,759.11,3.353333333333333,0.0,65.0,75.0,30.0,65.0,1.2,,,0.011813,0.014176,0.0,0.014176
2026-06-01 14:15:00,1,Tomato,Mid-season,Loam,33.775,43.775,756.525,3.35,0.0,55.0,70.0,25.0,60.0,1.15,,,0.011635,0.01338,0.0,0.01338
2026-06-01 14:15:00,2,Wheat,Development,Sandy,33.775,43.775,756.525,3.35,0.0,42.0,60.0,18.0,55.0,0.85,,,0.011635,0.00989,0.0,0.00989
2026-06-01 14:15:00,3,Maize,Mid-season,Clay,33.775,43.775,756.525,3.35,0.0,65.0,75.0,30.0,65.0,1.2,,,0.011635,0.013962,0.0,0.013962
2026-06-01 14:16:00,1,Tomato,Mid-season,Loam,33.76,43.82,753.9399999999999,3.3466666666666667,0.0,55.0,70.0,25.0,60.0,1.15,,,0.012208,0.014039,0.0,0.014039
2026-06-01 14:16:00,2,Wheat,Development,Sandy,33.76,43.82,753.9399999999999,3.3466666666666667,0.0,42.0,60.0,18.0,55.0,0.85,,,0.012208,0.010377,0.0,0.010377
2026-06-01 14:16:00,3,Maize,Mid-season,Clay,33.76,43.82,753.9399999999999,3.3466666666666667,0.0,65.0,75.0,30.0,65.0,1.2,,,0.012208,0.01465,0.0,0.01465
2026-06-01 14:17:00,1,Tomato,Mid-season,Loam,33.745,43.865,751.355,3.3433333333333333,0.0,55.0,70.0,25.0,60.0,1.15,,,0.011231,0.012916,0.0,0.012916
2026-06-01 14:17:00,2,Wheat,Development,Sandy,33.745,43.865,751.355,3.3433333333333333,0.0,42.0,60.0,18.0,55.0,0.85,,,0.011231,0.009546,0.0,0.009546
2026-06-01 14:17:00,3,Maize,Mid-season,Clay,33.745,43.865,751.355,3.3433333333333333,0.0,65.0,75.0,30.0,65.0,1.2,,,0.011231,0.013477,0.0,0.013477
2026-06-01 14:18:00,1,Tomato,Mid-season,Loam,33.730000000000004,43.91,748.77,3.34,0.0,55.0,70.0,25.0,60.0,1.15,,,0.011057,0.012716,0.0,0.012716
2026-06-01 14:18:00,2,Wheat,Development,Sandy,33.730000000000004,43.91,748.77,3.34,0.0,42.0,60.0,18.0,55.0,0.85,,,0.011057,0.009398,0.0,0.009398
2026-06-01 14:18:00,3,Maize,Mid-season,Clay,33.730000000000004,43.91,748.77,3.34,0.0,65.0,75.0,30.0,65.0,1.2,,,0.011057,0.013268,0.0,0.013268
2026-06-01 14:19:00,1,Tomato,Mid-season,Loam,33.715,43.955,746.185,3.3366666666666664,0.0,55.0,70.0,25.0,60.0,1.15,,,0.011269,0.012959,0.0,0.012959
2026-06-01 14:19:00,2,Wheat,Development,Sandy,33.715,43.955,746.185,3.3366666666666664,0.0,42.0,60.0,18.0,55.0,0.85,,,0.011269,0.009579,0.0,0.009579
2026-06-01 14:19:00,3,Maize,Mid-season,Clay,33.715,43.955,746.185,3.3366666666666664,0.0,65.0,75.0,30.0,65.0,1.2,,,0.011269,0.013523,0.0,0.013523
2026-06-01 14:20:00,1,Tomato,Mid-season,Loam,33.7,44.0,743.6,3.333333333333333,0.0,55.0,70.0,25.0,60.0,1.15,,,0.011157,0.012831,0.0,0.012831
2026-06-01 14:20:00,2,Wheat,Development,Sandy,33.7,44.0,743.6,3.333333333333333,0.0,42.0,60.0,18.0,55.0,0.85,,,0.011157,0.009483,0.0,0.009483
2026-06-01 14:20:00,3,Maize,Mid-season,Clay,33.7,44.0,743.6,3.333333333333333,0.0,65.0,75.0,30.0,65.0,1.2,,,0.011157,0.013388,0.0,0.013388
2026-06-01 14:21:00,1,Tomato,Mid-season,Loam,33.685,44.045,741.015,3.33,0.0,55.0,70.0,25.0,60.0,1.15,,,0.011041,0.012697,0.0,0.012697
2026-06-01 14:21:00,2,Wheat,Development,Sandy,33.685,44.045,741.015,3.33,0.0,42.0,60.0,18.0,55.0,0.85,,,0.011041,0.009385,0.0,0.009385
2026-06-01 14:21:00,3,Maize,Mid-season,Clay,33.685,44.045,741.015,3.33,0.0,65.0,75.0,30.0,65.0,1.2,,,0.011041,0.013249,0.0,0.013249
2026-06-01 14:22:00,1,Tomato,Mid-season,Loam,33.67,44.09,738.43,3.3266666666666667,0.0,55.0,70.0,25.0,60.0,1.15,,,0.010664,0.012264,0.0,0.012264
2026-06-01 14:22:00,2,Wheat,Development,Sandy,33.67,44.09,738.43,3.3266666666666667,0.0,42.0,60.0,18.0,55.0,0.85,,,0.010664,0.009064,0.0,0.009064
2026-06-01 14:22:00,3,Maize,Mid-season,Clay,33.67,44.09,738.43,3.3266666666666667,0.0,65.0,75.0,30.0,65.0,1.2,,,0.010664,0.012797,0.0,0.012797
2026-06-01 14:23:00,1,Tomato,Mid-season,Loam,33.655,44.135,735.845,3.3233333333333333,0.0,55.0,70.0,25.0,60.0,1.15,,,0.011331,0.013031,0.0,0.013031
2026-06-01 14:23:00,2,Wheat,Development,Sandy,33.655,44.135,735.845,3.3233333333333333,0.0,42.0,60.0,18.0,55.0,0.85,,,0.011331,0.009631,0.0,0.009631
2026-06-01 14:23:00,3,Maize,Mid-season,Clay,33.655,44.135,735.845,3.3233333333333333,0.0,65.0,75.0,30.0,65.0,1.2,,,0.011331,0.013597,0.0,0.013597
2026-06-01 14:24:00,1,Tomato,Mid-season,Loam,33.64,44.18,733.26,3.32,0.0,55.0,70.0,25.0,60.0,1.15,,,0.011559,0.013293,0.0,0.013293
2026-06-01 14:24:00,2,Wheat,Development,Sandy,33.64,44.18,733.26,3.32,0.0,42.0,60.0,18.0,55.0,0.85,,,0.011559,0.009825,0.0,0.009825
2026-06-01 14:24:00,3,Maize,Mid-season,Clay,33.64,44.18,733.26,3.32,0.0,65.0,75.0,30.0,65.0,1.2,,,0.011559,0.013871,0.0,0.013871
2026-06-01 14:25:00,1,Tomato,Mid-season,Loam,33.625,44.225,730.675,3.316666666666667,0.0,55.0,70.0,25.0,60.0,1.15,,,0.011518,0.013246,0.0,0.013246
2026-06-01 14:25:00,2,Wheat,Development,Sandy,33.625,44.225,730.675,3.316666666666667,0.0,42.0,60.0,18.0,55.0,0.85,,,0.011518,0.00979,0.0,0.00979
2026-06-01 14:25:00,3,Maize,Mid-season,Clay,33.625,44.225,730.675,3.316666666666667,0.0,65.0,75.0,30.0,65.0,1.2,,,0.011518,0.013822,0.0,0.013822
2026-06-01 14:26:00,1,Tomato,Mid-season,Loam,33.61,44.27,728.09,3.313333333333333,0.0,55.0,70.0,25.0,60.0,1.15,,,0.012127,0.013946,0.0,0.013946
2026-06-01 14:26:00,2,Wheat,Development,Sandy,33.61,44.27,728.09,3.313333333333333,0.0,42.0,60.0,18.0,55.0,0.85,,,0.012127,0.010308,0.0,0.010308
2026-06-01 14:26:00,3,Maize,Mid-season,Clay,33.61,44.27,728.09,3.313333333333333,0.0,65.0,75.0,30.0,65.0,1.2,,,0.012127,0.014552,0.0,0.014552
2026-06-01 14:27:00,1,Tomato,Mid-season,Loam,33.595,44.315,725.505,3.31,0.0,55.0,70.0,25.0,60.0,1.15,,,0.011533,0.013263,0.0,0.013263
2026-06-01 14:27:00,2,Wheat,Development,Sandy,33.595,44.315,725.505,3.31,0.0,42.0,60.0,18.0,55.0,0.85,,,0.011533,0.009803,0.0,0.009803
2026-06-01 14:27:00,3,Maize,Mid-season,Clay,33.595,44.315,725.505,3.31,0.0,65.0,75.0,30.0,65.0,1.2,,,0.011533,0.01384,0.0,0.01384
2026-06-01 14:28:00,1,Tomato,Mid-season,Loam,33.58,44.36,722.92,3.306666666666666,0.0,55.0,70.0,25.0,60.0,1.15,,,0.011917,0.013705,0.0,0.013705
2026-06-01 14:28:00,2,Wheat,Development,Sandy,33.58,44.36,722.92,3.306666666666666,0.0,42.0,60.0,18.0,55.0,0.85,,,0.011917,0.010129,0.0,0.010129
2026-06-01 14:28:00,3,Maize,Mid-season,Clay,33.58,44.36,722.92,3.306666666666666,0.0,65.0,75.0,30.0,65.0,1.2,,,0.011917,0.0143,0.0,0.0143
2026-06-01 14:29:00,1,Tomato,Mid-season,Loam,33.565,44.405,720.335,3.303333333333333,0.0,55.0,70.0,25.0,60.0,1.15,,,0.011539,0.01327,0.0,0.01327
2026-06-01 14:29:00,2,Wheat,Development,Sandy,33.565,44.405,720.335,3.303333333333333,0.0,42.0,60.0,18.0,55.0,0.85,,,0.011539,0.009808,0.0,0.009808
2026-06-01 14:29:00,3,Maize,Mid-season,Clay,33.565,44.405,720.335,3.303333333333333,0.0,65.0,75.0,30.0,65.0,1.2,,,0.011539,0.013847,0.0,0.013847
2026-06-01 14:30:00,1,Tomato,Mid-season,Loam,33.55,44.45,717.75,3.3,0.0,55.0,70.0,25.0,60.0,1.15,,,0.011797,0.013567,0.0,0.013567
2026-06-01 14:30:00,2,Wheat,Development,Sandy,33.55,44.45,717.75,3.3,0.0,42.0,60.0,18.0,55.0,0.85,,,0.011797,0.010027,0.0,0.010027
2026-06-01 14:30:00,3,Maize,Mid-season,Clay,33.55,44.45,717.75,3.3,0.0,65.0,75.0,30.0,65.0,1.2,,,0.011797,0.014156,0.0,0.014156
2026-06-01 14:31:00,1,Tomato,Mid-season,Loam,33.535000000000004,44.495,715.165,3.296666666666667,0.0,55.0,70.0,25.0,60.0,1.15,,,0.011596,0.013335,0.0,0.013335
2026-06-01 14:31:00,2,Wheat,Development,Sandy,33.535000000000004,44.495,715.165,3.296666666666667,0.0,42.0,60.0,18.0,55.0,0.85,,,0.011596,0.009857,0.0,0.009857
2026-06-01 14:31:00,3,Maize,Mid-season,Clay,33.535000000000004,44.495,715.165,3.296666666666667,0.0,65.0,75.0,30.0,65.0,1.2,,,0.011596,0.013915,0.0,0.013915
2026-06-01 14:32:00,1,Tomato,Mid-season,Loam,33.52,44.54,712.58,3.293333333333333,0.0,55.0,70.0,25.0,60.0,1.15,,,0.011958,0.013752,0.0,0.013752
2026-06-01 14:32:00,2,Wheat,Development,Sandy,33.52,44.54,712.58,3.293333333333333,0.0,42.0,60.0,18.0,55.0,0.85,,,0.011958,0.010164,0.0,0.010164
2026-06-01 14:32:00,3,Maize,Mid-season,Clay,33.52,44.54,712.58,3.293333333333333,0.0,65.0,75.0,30.0,65.0,1.2,,,0.011958,0.01435,0.0,0.01435
2026-06-01 14:33:00,1,Tomato,Mid-season,Loam,33.505,44.585,709.995,3.29,0.0,55.0,70.0,25.0,60.0,1.15,,,0.011536,0.013266,0.0,0.013266
2026-06-01 14:33:00,2,Wheat,Development,Sandy,33.505,44.585,709.995,3.29,0.0,42.0,60.0,18.0,55.0,0.85,,,0.011536,0.009806,0.0,0.009806
2026-06-01 14:33:00,3,Maize,Mid-season,Clay,33.505,44.585,709.995,3.29,0.0,65.0,75.0,30.0,65.0,1.2,,,0.011536,0.013843,0.0,0.013843
2026-06-01 14:34:00,1,Tomato,Mid-season,Loam,33.49,44.63,707.41,3.286666666666666,0.0,55.0,70.0,25.0,60.0,1.15,,,0.011609,0.01335,0.0,0.01335
2026-06-01 14:34:00,2,Wheat,Development,Sandy,33.49,44.63,707.41,3.286666666666666,0.0,42.0,60.0,18.0,55.0,0.85,,,0.011609,0.009868,0.0,0.009868
2026-06-01 14:34:00,3,Maize,Mid-season,Clay,33.49,44.63,707.41,3.286666666666666,0.0,65.0,75.0,30.0,65.0,1.2,,,0.011609,0.013931,0.0,0.013931
2026-06-01 14:35:00,1,Tomato,Mid-season,Loam,33.475,44.675,704.825,3.283333333333333,0.0,55.0,70.0,25.0,60.0,1.15,,,0.011543,0.013274,0.0,0.013274
2026-06-01 14:35:00,2,Wheat,Development,Sandy,33.475,44.675,704.825,3.283333333333333,0.0,42.0,60.0,18.0,55.0,0.85,,,0.011543,0.009812,0.0,0.009812
2026-06-01 14:35:00,3,Maize,Mid-season,Clay,33.475,44.675,704.825,3.283333333333333,0.0,65.0,75.0,30.0,65.0,1.2,,,0.011543,0.013852,0.0,0.013852
2026-06-01 14:36:00,1,Tomato,Mid-season,Loam,33.46,44.72,702.24,3.28,0.0,55.0,70.0,25.0,60.0,1.15,,,0.011398,0.013108,0.0,0.013108
2026-06-01 14:36:00,2,Wheat,Development,Sandy,33.46,44.72,702.24,3.28,0.0,42.0,60.0,18.0,55.0,0.85,,,0.011398,0.009688,0.0,0.009688
2026-06-01 14:36:00,3,Maize,Mid-season,Clay,33.46,44.72,702.24,3.28,0.0,65.0,75.0,30.0,65.0,1.2,,,0.011398,0.013678,0.0,0.013678
2026-06-01 14:37:00,1,Tomato,Mid-season,Loam,33.445,44.765,699.655,3.276666666666667,0.0,55.0,70.0,25.0,60.0,1.15,,,0.011524,0.013253,0.0,0.013253
2026-06-01 14:37:00,2,Wheat,Development,Sandy,33.445,44.765,699.655,3.276666666666667,0.0,42.0,60.0,18.0,55.0,0.85,,,0.011524,0.009795,0.0,0.009795
2026-06-01 14:37:00,3,Maize,Mid-season,Clay,33.445,44.765,699.655,3.276666666666667,0.0,65.0,75.0,30.0,65.0,1.2,,,0.011524,0.013829,0.0,0.013829
2026-06-01 14:38:00,1,Tomato,Mid-season,Loam,33.43,44.81,697.07,3.273333333333333,0.0,55.0,70.0,25.0,60.0,1.15,,,0.012017,0.01382,0.0,0.01382
2026-06-01 14:38:00,2,Wheat,Development,Sandy,33.43,44.81,697.07,3.273333333333333,0.0,42.0,60.0,18.0,55.0,0.85,,,0.012017,0.010214,0.0,0.010214
2026-06-01 14:38:00,3,Maize,Mid-season,Clay,33.43,44.81,697.07,3.273333333333333,0.0,65.0,75.0,30.0,65.0,1.2,,,0.012017,0.01442,0.0,0.01442
2026-06-01 14:39:00,1,Tomato,Mid-season,Loam,33.415,44.855,694.485,3.27,0.0,55.0,70.0,25.0,60.0,1.15,,,0.011387,0.013095,0.0,0.013095
2026-06-01 14:39:00,2,Wheat,Development,Sandy,33.415,44.855,694.485,3.27,0.0,42.0,60.0,18.0,55.0,0.85,,,0.011387,0.009679,0.0,0.009679
2026-06-01 14:39:00,3,Maize,Mid-season,Clay,33.415,44.855,694.485,3.27,0.0,65.0,75.0,30.0,65.0,1.2,,,0.011387,0.013664,0.0,0.013664
2026-06-01 14:40:00,1,Tomato,Mid-season,Loam,33.4,44.9,691.9,3.2666666666666666,0.0,55.0,70.0,25.0,60.0,1.15,,,0.011571,0.013307,0.0,0.013307
2026-06-01 14:40:00,2,Wheat,Development,Sandy,33.4,44.9,691.9,3.2666666666666666,0.0,42.0,60.0,18.0,55.0,0.85,,,0.011571,0.009835,0.0,0.009835
2026-06-01 14:40:00,3,Maize,Mid-season,Clay,33.4,44.9,691.9,3.2666666666666666,0.0,65.0,75.0,30.0,65.0,1.2,,,0.011571,0.013885,0.0,0.013885
2026-06-01 14:41:00,1,Tomato,Mid-season,Loam,33.385,44.945,689.315,3.2633333333333336,0.0,55.0,70.0,25.0,60.0,1.15,,,0.011756,0.013519,0.0,0.013519
2026-06-01 14:41:00,2,Wheat,Development,Sandy,33.385,44.945,689.315,3.2633333333333336,0.0,42.0,60.0,18.0,55.0,0.85,,,0.011756,0.009993,0.0,0.009993
2026-06-01 14:41:00,3,Maize,Mid-season,Clay,33.385,44.945,689.315,3.2633333333333336,0.0,65.0,75.0,30.0,65.0,1.2,,,0.011756,0.014107,0.0,0.014107
2026-06-01 14:42:00,1,Tomato,Mid-season,Loam,33.370000000000005,44.99,686.73,3.26,0.0,55.0,70.0,25.0,60.0,1.15,,,0.011594,0.013333,0.0,0.013333
2026-06-01 14:42:00,2,Wheat,Development,Sandy,33.370000000000005,44.99,686.73,3.26,0.0,42.0,60.0,18.0,55.0,0.85,,,0.011594,0.009855,0.0,0.009855
2026-06-01 14:42:00,3,Maize,Mid-season,Clay,33.370000000000005,44.99,686.73,3.26,0.0,65.0,75.0,30.0,65.0,1.2,,,0.011594,0.013913,0.0,0.013913
2026-06-01 14:43:00,1,Tomato,Mid-season,Loam,33.355000000000004,45.035,684.145,3.256666666666667,0.0,55.0,70.0,25.0,60.0,1.15,,,0.011247,0.012934,0.0,0.012934
2026-06-01 14:43:00,2,Wheat,Development,Sandy,33.355000000000004,45.035,684.145,3.256666666666667,0.0,42.0,60.0,18.0,55.0,0.85,,,0.011247,0.00956,0.0,0.00956
2026-06-01 14:43:00,3,Maize,Mid-season,Clay,33.355000000000004,45.035,684.145,3.256666666666667,0.0,65.0,75.0,30.0,65.0,1.2,,,0.011247,0.013496,0.0,0.013496
2026-06-01 14:44:00,1,Tomato,Mid-season,Loam,33.34,45.08,681.5600000000001,3.2533333333333334,0.0,55.0,70.0,25.0,60.0,1.15,,,0.010561,0.012145,0.0,0.012145
2026-06-01 14:44:00,2,Wheat,Development,Sandy,33.34,45.08,681.5600000000001,3.2533333333333334,0.0,42.0,60.0,18.0,55.0,0.85,,,0.010561,0.008977,0.0,0.008977
2026-06-01 14:44:00,3,Maize,Mid-season,Clay,33.34,45.08,681.5600000000001,3.2533333333333334,0.0,65.0,75.0,30.0,65.0,1.2,,,0.010561,0.012673,0.0,0.012673
2026-06-01 14:45:00,1,Tomato,Mid-season,Loam,33.325,45.125,678.975,3.25,0.0,55.0,70.0,25.0,60.0,1.15,,,0.011467,0.013187,0.0,0.013187
2026-06-01 14:45:00,2,Wheat,Development,Sandy,33.325,45.125,678.975,3.25,0.0,42.0,60.0,18.0,55.0,0.85,,,0.011467,0.009747,0.0,0.009747
2026-06-01 14:45:00,3,Maize,Mid-season,Clay,33.325,45.125,678.975,3.25,0.0,65.0,75.0,30.0,65.0,1.2,,,0.011467,0.01376,0.0,0.01376
2026-06-01 14:46:00,1,Tomato,Mid-season,Loam,33.31,45.17,676.39,3.2466666666666666,0.0,55.0,70.0,25.0,60.0,1.15,,,0.010676,0.012277,0.0,0.012277
2026-06-01 14:46:00,2,Wheat,Development,Sandy,33.31,45.17,676.39,3.2466666666666666,0.0,42.0,60.0,18.0,55.0,0.85,,,0.010676,0.009075,0.0,0.009075
2026-06-01 14:46:00,3,Maize,Mid-season,Clay,33.31,45.17,676.39,3.2466666666666666,0.0,65.0,75.0,30.0,65.0,1.2,,,0.010676,0.012811,0.0,0.012811
2026-06-01 14:47:00,1,Tomato,Mid-season,Loam,33.295,45.215,673.8050000000001,3.2433333333333336,0.0,55.0,70.0,25.0,60.0,1.15,,,0.011636,0.013381,0.0,0.013381
2026-06-01 14:47:00,2,Wheat,Development,Sandy,33.295,45.215,673.8050000000001,3.2433333333333336,0.0,42.0,60.0,18.0,55.0,0.85,,,0.011636,0.009891,0.0,0.009891
2026-06-01 14:47:00,3,Maize,Mid-season,Clay,33.295,45.215,673.8050000000001,3.2433333333333336,0.0,65.0,75.0,30.0,65.0,1.2,,,0.011636,0.013963,0.0,0.013963
2026-06-01 14:48:00,1,Tomato,Mid-season,Loam,33.28,45.26,671.22,3.24,0.0,55.0,70.0,25.0,60.0,1.15,,,0.011186,0.012864,0.0,0.012864
2026-06-01 14:48:00,2,Wheat,Development,Sandy,33.28,45.26,671.22,3.24,0.0,42.0,60.0,18.0,55.0,0.85,,,0.011186,0.009508,0.0,0.009508
2026-06-01 14:48:00,3,Maize,Mid-season,Clay,33.28,45.26,671.22,3.24,0.0,65.0,75.0,30.0,65.0,1.2,,,0.011186,0.013423,0.0,0.013423
2026-06-01 14:49:00,1,Tomato,Mid-season,Loam,33.265,45.305,668.635,3.236666666666667,0.0,55.0,70.0,25.0,60.0,1.15,,,0.01139,0.013098,0.0,0.013098
2026-06-01 14:49:00,2,Wheat,Development,Sandy,33.265,45.305,668.635,3.236666666666667,0.0,42.0,60.0,18.0,55.0,0.85,,,0.01139,0.009682,0.0,0.009682
2026-06-01 14:49:00,3,Maize,Mid-season,Clay,33.265,45.305,668.635,3.236666666666667,0.0,65.0,75.0,30.0,65.0,1.2,,,0.01139,0.013668,0.0,0.013668
2026-06-01 14:50:00,1,Tomato,Mid-season,Loam,33.25,45.35,666.0500000000001,3.2333333333333334,0.0,55.0,70.0,25.0,60.0,1.15,,,0.011028,0.012682,0.0,0.012682
2026-06-01 14:50:00,2,Wheat,Development,Sandy,33.25,45.35,666.0500000000001,3.2333333333333334,0.0,42.0,60.0,18.0,55.0,0.85,,,0.011028,0.009374,0.0,0.009374
2026-06-01 14:50:00,3,Maize,Mid-season,Clay,33.25,45.35,666.0500000000001,3.2333333333333334,0.0,65.0,75.0,30.0,65.0,1.2,,,0.011028,0.013234,0.0,0.013234
2026-06-01 14:51:00,1,Tomato,Mid-season,Loam,33.235,45.395,663.465,3.23,0.0,55.0,70.0,25.0,60.0,1.15,,,0.010903,0.012538,0.0,0.012538
2026-06-01 14:51:00,2,Wheat,Development,Sandy,33.235,45.395,663.465,3.23,0.0,42.0,60.0,18.0,55.0,0.85,,,0.010903,0.009268,0.0,0.009268
2026-06-01 14:51:00,3,Maize,Mid-season,Clay,33.235,45.395,663.465,3.23,0.0,65.0,75.0,30.0,65.0,1.2,,,0.010903,0.013084,0.0,0.013084
2026-06-01 14:52:00,1,Tomato,Mid-season,Loam,33.22,45.44,660.8800000000001,3.2266666666666666,0.0,55.0,70.0,25.0,60.0,1.15,,,0.011256,0.012944,0.0,0.012944
2026-06-01 14:52:00,2,Wheat,Development,Sandy,33.22,45.44,660.8800000000001,3.2266666666666666,0.0,42.0,60.0,18.0,55.0,0.85,,,0.011256,0.009568,0.0,0.009568
2026-06-01 14:52:00,3,Maize,Mid-season,Clay,33.22,45.44,660.8800000000001,3.2266666666666666,0.0,65.0,75.0,30.0,65.0,1.2,,,0.011256,0.013507,0.0,0.013507
2026-06-01 14:53:00,1,Tomato,Mid-season,Loam,33.205,45.485,658.2950000000001,3.2233333333333336,0.0,55.0,70.0,25.0,60.0,1.15,,,0.011188,0.012866,0.0,0.012866
2026-06-01 14:53:00,2,Wheat,Development,Sandy,33.205,45.485,658.2950000000001,3.2233333333333336,0.0,42.0,60.0,18.0,55.0,0.85,,,0.011188,0.00951,0.0,0.00951
2026-06-01 14:53:00,3,Maize,Mid-season,Clay,33.205,45.485,658.2950000000001,3.2233333333333336,0.0,65.0,75.0,30.0,65.0,1.2,,,0.011188,0.013426,0.0,0.013426
2026-06-01 14:54:00,1,Tomato,Mid-season,Loam,33.19,45.53,655.71,3.22,0.0,55.0,70.0,25.0,60.0,1.15,,,0.011076,0.012737,0.0,0.012737
2026-06-01 14:54:00,2,Wheat,Development,Sandy,33.19,45.53,655.71,3.22,0.0,42.0,60.0,18.0,55.0,0.85,,,0.011076,0.009415,0.0,0.009415
2026-06-01 14:54:00,3,Maize,Mid-season,Clay,33.19,45.53,655.71,3.22,0.0,65.0,75.0,30.0,65.0,1.2,,,0.011076,0.013291,0.0,0.013291
2026-06-01 14:55:00,1,Tomato,Mid-season,Loam,33.175000000000004,45.575,653.125,3.216666666666667,0.0,55.0,70.0,25.0,60.0,1.15,,,0.011251,0.012939,0.0,0.012939
2026-06-01 14:55:00,2,Wheat,Development,Sandy,33.175000000000004,45.575,653.125,3.216666666666667,0.0,42.0,60.0,18.0,55.0,0.85,,,0.011251,0.009563,0.0,0.009563
2026-06-01 14:55:00,3,Maize,Mid-season,Clay,33.175000000000004,45.575,653.125,3.216666666666667,0.0,65.0,75.0,30.0,65.0,1.2,,,0.011251,0.013501,0.0,0.013501
2026-06-01 14:56:00,1,Tomato,Mid-season,Loam,33.160000000000004,45.62,650.5400000000001,3.2133333333333334,0.0,55.0,70.0,25.0,60.0,1.15,,,0.01187,0.01365,0.0,0.01365
2026-06-01 14:56:00,2,Wheat,Development,Sandy,33.160000000000004,45.62,650.5400000000001,3.2133333333333334,0.0,42.0,60.0,18.0,55.0,0.85,,,0.01187,0.01009,0.0,0.01009
2026-06-01 14:56:00,3,Maize,Mid-season,Clay,33.160000000000004,45.62,650.5400000000001,3.2133333333333334,0.0,65.0,75.0,30.0,65.0,1.2,,,0.01187,0.014244,0.0,0.014244
2026-06-01 14:57:00,1,Tomato,Mid-season,Loam,33.145,45.665,647.955,3.21,0.0,55.0,70.0,25.0,60.0,1.15,,,0.011404,0.013115,0.0,0.013115
2026-06-01 14:57:00,2,Wheat,Development,Sandy,33.145,45.665,647.955,3.21,0.0,42.0,60.0,18.0,55.0,0.85,,,0.011404,0.009693,0.0,0.009693
2026-06-01 14:57:00,3,Maize,Mid-season,Clay,33.145,45.665,647.955,3.21,0.0,65.0,75.0,30.0,65.0,1.2,,,0.011404,0.013685,0.0,0.013685
2026-06-01 14:58:00,1,Tomato,Mid-season,Loam,33.13,45.71,645.3700000000001,3.206666666666667,0.0,55.0,70.0,25.0,60.0,1.15,,,0.011511,0.013238,0.0,0.013238
2026-06-01 14:58:00,2,Wheat,Development,Sandy,33.13,45.71,645.3700000000001,3.206666666666667,0.0,42.0,60.0,18.0,55.0,0.85,,,0.011511,0.009784,0.0,0.009784
2026-06-01 14:58:00,3,Maize,Mid-season,Clay,33.13,45.71,645.3700000000001,3.206666666666667,0.0,65.0,75.0,30.0,65.0,1.2,,,0.011511,0.013813,0.0,0.013813
2026-06-01 14:59:00,1,Tomato,Mid-season,Loam,33.115,45.755,642.7850000000001,3.2033333333333336,0.0,55.0,70.0,25.0,60.0,1.15,,,0.011367,0.013072,0.0,0.013072
2026-06-01 14:59:00,2,Wheat,Development,Sandy,33.115,45.755,642.7850000000001,3.2033333333333336,0.0,42.0,60.0,18.0,55.0,0.85,,,0.011367,0.009662,0.0,0.009662
2026-06-01 14:59:00,3,Maize,Mid-season,Clay,33.115,45.755,642.7850000000001,3.2033333333333336,0.0,65.0,75.0,30.0,65.0,1.2,,,0.011367,0.01364,0.0,0.01364
2026-06-01 15:00:00,1,Tomato,Mid-season,Loam,33.1,45.8,640.2,3.2,0.0,55.0,70.0,25.0,60.0,1.15,,,0.011574,0.01331,0.0,0.01331
2026-06-01 15:00:00,2,Wheat,Development,Sandy,33.1,45.8,640.2,3.2,0.0,42.0,60.0,18.0,55.0,0.85,,,0.011574,0.009838,0.0,0.009838
2026-06-01 15:00:00,3,Maize,Mid-season,Clay,33.1,45.8,640.2,3.2,0.0,65.0,75.0,30.0,65.0,1.2,,,0.011574,0.013889,0.0,0.013889
2026-06-01 15:01:00,1,Tomato,Mid-season,Loam,33.071666666666665,45.87333333333333,637.0416666666667,3.1950000000000003,0.0,55.0,70.0,25.0,60.0,1.15,,,0.010965,0.01261,0.0,0.01261
2026-06-01 15:01:00,2,Wheat,Development,Sandy,33.071666666666665,45.87333333333333,637.0416666666667,3.1950000000000003,0.0,42.0,60.0,18.0,55.0,0.85,,,0.010965,0.00932,0.0,0.00932
2026-06-01 15:01:00,3,Maize,Mid-season,Clay,33.071666666666665,45.87333333333333,637.0416666666667,3.1950000000000003,0.0,65.0,75.0,30.0,65.0,1.2,,,0.010965,0.013158,0.0,0.013158
2026-06-01 15:02:00,1,Tomato,Mid-season,Loam,33.04333333333334,45.946666666666665,633.8833333333333,3.1900000000000004,0.0,55.0,70.0,25.0,60.0,1.15,,,0.010658,0.012257,0.0,0.012257
2026-06-01 15:02:00,2,Wheat,Development,Sandy,33.04333333333334,45.946666666666665,633.8833333333333,3.1900000000000004,0.0,42.0,60.0,18.0,55.0,0.85,,,0.010658,0.009059,0.0,0.009059
2026-06-01 15:02:00,3,Maize,Mid-season,Clay,33.04333333333334,45.946666666666665,633.8833333333333,3.1900000000000004,0.0,65.0,75.0,30.0,65.0,1.2,,,0.010658,0.01279,0.0,0.01279
2026-06-01 15:03:00,1,Tomato,Mid-season,Loam,33.015,46.02,630.725,3.185,0.0,55.0,70.0,25.0,60.0,1.15,,,0.011088,0.012751,0.0,0.012751
2026-06-01 15:03:00,2,Wheat,Development,Sandy,33.015,46.02,630.725,3.185,0.0,42.0,60.0,18.0,55.0,0.85,,,0.011088,0.009425,0.0,0.009425
2026-06-01 15:03:00,3,Maize,Mid-season,Clay,33.015,46.02,630.725,3.185,0.0,65.0,75.0,30.0,65.0,1.2,,,0.011088,0.013306,0.0,0.013306
2026-06-01 15:04:00,1,Tomato,Mid-season,Loam,32.986666666666665,46.09333333333333,627.5666666666667,3.18,0.0,55.0,70.0,25.0,60.0,1.15,,,0.011248,0.012935,0.0,0.012935
2026-06-01 15:04:00,2,Wheat,Development,Sandy,32.986666666666665,46.09333333333333,627.5666666666667,3.18,0.0,42.0,60.0,18.0,55.0,0.85,,,0.011248,0.009561,0.0,0.009561
2026-06-01 15:04:00,3,Maize,Mid-season,Clay,32.986666666666665,46.09333333333333,627.5666666666667,3.18,0.0,65.0,75.0,30.0,65.0,1.2,,,0.011248,0.013498,0.0,0.013498
2026-06-01 15:05:00,1,Tomato,Mid-season,Loam,32.958333333333336,46.16666666666666,624.4083333333334,3.1750000000000003,0.0,55.0,70.0,25.0,60.0,1.15,,,0.010935,0.012575,0.0,0.012575
2026-06-01 15:05:00,2,Wheat,Development,Sandy,32.958333333333336,46.16666666666666,624.4083333333334,3.1750000000000003,0.0,42.0,60.0,18.0,55.0,0.85,,,0.010935,0.009295,0.0,0.009295
2026-06-01 15:05:00,3,Maize,Mid-season,Clay,32.958333333333336,46.16666666666666,624.4083333333334,3.1750000000000003,0.0,65.0,75.0,30.0,65.0,1.2,,,0.010935,0.013122,0.0,0.013122
2026-06-01 15:06:00,1,Tomato,Mid-season,Loam,32.93,46.24,621.25,3.17,0.0,55.0,70.0,25.0,60.0,1.15,,,0.010968,0.012613,0.0,0.012613
2026-06-01 15:06:00,2,Wheat,Development,Sandy,32.93,46.24,621.25,3.17,0.0,42.0,60.0,18.0,55.0,0.85,,,0.010968,0.009323,0.0,0.009323
2026-06-01 15:06:00,3,Maize,Mid-season,Clay,32.93,46.24,621.25,3.17,0.0,65.0,75.0,30.0,65.0,1.2,,,0.010968,0.013162,0.0,0.013162
2026-06-01 15:07:00,1,Tomato,Mid-season,Loam,32.90166666666667,46.31333333333333,618.0916666666667,3.165,0.0,55.0,70.0,25.0,60.0,1.15,,,0.010739,0.01235,0.0,0.01235
2026-06-01 15:07:00,2,Wheat,Development,Sandy,32.90166666666667,46.31333333333333,618.0916666666667,3.165,0.0,42.0,60.0,18.0,55.0,0.85,,,0.010739,0.009128,0.0,0.009128
2026-06-01 15:07:00,3,Maize,Mid-season,Clay,32.90166666666667,46.31333333333333,618.0916666666667,3.165,0.0,65.0,75.0,30.0,65.0,1.2,,,0.010739,0.012887,0.0,0.012887
2026-06-01 15:08:00,1,Tomato,Mid-season,Loam,32.873333333333335,46.38666666666666,614.9333333333334,3.16,0.0,55.0,70.0,25.0,60.0,1.15,,,0.011349,0.013051,0.0,0.013051
2026-06-01 15:08:00,2,Wheat,Development,Sandy,32.873333333333335,46.38666666666666,614.9333333333334,3.16,0.0,42.0,60.0,18.0,55.0,0.85,,,0.011349,0.009647,0.0,0.009647
2026-06-01 15:08:00,3,Maize,Mid-season,Clay,32.873333333333335,46.38666666666666,614.9333333333334,3.16,0.0,65.0,75.0,30.0,65.0,1.2,,,0.011349,0.013619,0.0,0.013619
2026-06-01 15:09:00,1,Tomato,Mid-season,Loam,32.845,46.46,611.7750000000001,3.155,0.0,55.0,70.0,25.0,60.0,1.15,,,0.011095,0.012759,0.0,0.012759
2026-06-01 15:09:00,2,Wheat,Development,Sandy,32.845,46.46,611.7750000000001,3.155,0.0,42.0,60.0,18.0,55.0,0.85,,,0.011095,0.009431,0.0,0.009431
2026-06-01 15:09:00,3,Maize,Mid-season,Clay,32.845,46.46,611.7750000000001,3.155,0.0,65.0,75.0,30.0,65.0,1.2,,,0.011095,0.013314,0.0,0.013314
2026-06-01 15:10:00,1,Tomato,Mid-season,Loam,32.81666666666667,46.53333333333333,608.6166666666667,3.1500000000000004,0.0,55.0,70.0,25.0,60.0,1.15,,,0.011141,0.012812,0.0,0.012812
2026-06-01 15:10:00,2,Wheat,Development,Sandy,32.81666666666667,46.53333333333333,608.6166666666667,3.1500000000000004,0.0,42.0,60.0,18.0,55.0,0.85,,,0.011141,0.00947,0.0,0.00947
2026-06-01 15:10:00,3,Maize,Mid-season,Clay,32.81666666666667,46.53333333333333,608.6166666666667,3.1500000000000004,0.0,65.0,75.0,30.0,65.0,1.2,,,0.011141,0.013369,0.0,0.013369
2026-06-01 15:11:00,1,Tomato,Mid-season,Loam,32.788333333333334,46.60666666666666,605.4583333333334,3.145,0.0,55.0,70.0,25.0,60.0,1.15,,,0.010963,0.012607,0.0,0.012607
2026-06-01 15:11:00,2,Wheat,Development,Sandy,32.788333333333334,46.60666666666666,605.4583333333334,3.145,0.0,42.0,60.0,18.0,55.0,0.85,,,0.010963,0.009319,0.0,0.009319
2026-06-01 15:11:00,3,Maize,Mid-season,Clay,32.788333333333334,46.60666666666666,605.4583333333334,3.145,0.0,65.0,75.0,30.0,65.0,1.2,,,0.010963,0.013156,0.0,0.013156
2026-06-01 15:12:00,1,Tomato,Mid-season,Loam,32.76,46.68,602.3000000000001,3.14,0.0,55.0,70.0,25.0,60.0,1.15,,,0.010894,0.012528,0.0,0.012528
2026-06-01 15:12:00,2,Wheat,Development,Sandy,32.76,46.68,602.3000000000001,3.14,0.0,42.0,60.0,18.0,55.0,0.85,,,0.010894,0.00926,0.0,0.00926
2026-06-01 15:12:00,3,Maize,Mid-season,Clay,32.76,46.68,602.3000000000001,3.14,0.0,65.0,75.0,30.0,65.0,1.2,,,0.010894,0.013073,0.0,0.013073
2026-06-01 15:13:00,1,Tomato,Mid-season,Loam,32.73166666666667,46.75333333333333,599.1416666666667,3.135,0.0,55.0,70.0,25.0,60.0,1.15,,,0.01102,0.012673,0.0,0.012673
2026-06-01 15:13:00,2,Wheat,Development,Sandy,32.73166666666667,46.75333333333333,599.1416666666667,3.135,0.0,42.0,60.0,18.0,55.0,0.85,,,0.01102,0.009367,0.0,0.009367
2026-06-01 15:13:00,3,Maize,Mid-season,Clay,32.73166666666667,46.75333333333333,599.1416666666667,3.135,0.0,65.0,75.0,30.0,65.0,1.2,,,0.01102,0.013224,0.0,0.013224
2026-06-01 15:14:00,1,Tomato,Mid-season,Loam,32.70333333333333,46.82666666666667,595.9833333333333,3.13,0.0,55.0,70.0,25.0,60.0,1.15,,,0.010598,0.012188,0.0,0.012188
2026-06-01 15:14:00,2,Wheat,Development,Sandy,32.70333333333333,46.82666666666667,595.9833333333333,3.13,0.0,42.0,60.0,18.0,55.0,0.85,,,0.010598,0.009008,0.0,0.009008
2026-06-01 15:14:00,3,Maize,Mid-season,Clay,32.70333333333333,46.82666666666667,595.9833333333333,3.13,0.0,65.0,75.0,30.0,65.0,1.2,,,0.010598,0.012718,0.0,0.012718
2026-06-01 15:15:00,1,Tomato,Mid-season,Loam,32.675,46.9,592.825,3.125,0.0,55.0,70.0,25.0,60.0,1.15,,,0.010325,0.011874,0.0,0.011874
2026-06-01 15:15:00,2,Wheat,Development,Sandy,32.675,46.9,592.825,3.125,0.0,42.0,60.0,18.0,55.0,0.85,,,0.010325,0.008776,0.0,0.008776
2026-06-01 15:15:00,3,Maize,Mid-season,Clay,32.675,46.9,592.825,3.125,0.0,65.0,75.0,30.0,65.0,1.2,,,0.010325,0.01239,0.0,0.01239
2026-06-01 15:16:00,1,Tomato,Mid-season,Loam,32.64666666666667,46.97333333333333,589.6666666666667,3.12,0.0,55.0,70.0,25.0,60.0,1.15,,,0.010906,0.012542,0.0,0.012542
2026-06-01 15:16:00,2,Wheat,Development,Sandy,32.64666666666667,46.97333333333333,589.6666666666667,3.12,0.0,42.0,60.0,18.0,55.0,0.85,,,0.010906,0.00927,0.0,0.00927
2026-06-01 15:16:00,3,Maize,Mid-season,Clay,32.64666666666667,46.97333333333333,589.6666666666667,3.12,0.0,65.0,75.0,30.0,65.0,1.2,,,0.010906,0.013087,0.0,0.013087
2026-06-01 15:17:00,1,Tomato,Mid-season,Loam,32.61833333333333,47.04666666666667,586.5083333333333,3.115,0.0,55.0,70.0,25.0,60.0,1.15,,,0.010965,0.01261,0.0,0.01261
2026-06-01 15:17:00,2,Wheat,Development,Sandy,32.61833333333333,47.04666666666667,586.5083333333333,3.115,0.0,42.0,60.0,18.0,55.0,0.85,,,0.010965,0.00932,0.0,0.00932
2026-06-01 15:17:00,3,Maize,Mid-season,Clay,32.61833333333333,47.04666666666667,586.5083333333333,3.115,0.0,65.0,75.0,30.0,65.0,1.2,,,0.010965,0.013158,0.0,0.013158
2026-06-01 15:18:00,1,Tomato,Mid-season,Loam,32.59,47.12,583.35,3.1100000000000003,0.0,55.0,70.0,25.0,60.0,1.15,,,0.011089,0.012752,0.0,0.012752
2026-06-01 15:18:00,2,Wheat,Development,Sandy,32.59,47.12,583.35,3.1100000000000003,0.0,42.0,60.0,18.0,55.0,0.85,,,0.011089,0.009426,0.0,0.009426
2026-06-01 15:18:00,3,Maize,Mid-season,Clay,32.59,47.12,583.35,3.1100000000000003,0.0,65.0,75.0,30.0,65.0,1.2,,,0.011089,0.013307,0.0,0.013307
2026-06-01 15:19:00,1,Tomato,Mid-season,Loam,32.56166666666667,47.193333333333335,580.1916666666667,3.105,0.0,55.0,70.0,25.0,60.0,1.15,,,0.011063,0.012722,0.0,0.012722
2026-06-01 15:19:00,2,Wheat,Development,Sandy,32.56166666666667,47.193333333333335,580.1916666666667,3.105,0.0,42.0,60.0,18.0,55.0,0.85,,,0.011063,0.009404,0.0,0.009404
2026-06-01 15:19:00,3,Maize,Mid-season,Clay,32.56166666666667,47.193333333333335,580.1916666666667,3.105,0.0,65.0,75.0,30.0,65.0,1.2,,,0.011063,0.013276,0.0,0.013276
2026-06-01 15:20:00,1,Tomato,Mid-season,Loam,32.53333333333333,47.266666666666666,577.0333333333333,3.1,0.0,55.0,70.0,25.0,60.0,1.15,,,0.011194,0.012873,0.0,0.012873
2026-06-01 15:20:00,2,Wheat,Development,Sandy,32.53333333333333,47.266666666666666,577.0333333333333,3.1,0.0,42.0,60.0,18.0,55.0,0.85,,,0.011194,0.009515,0.0,0.009515
2026-06-01 15:20:00,3,Maize,Mid-season,Clay,32.53333333333333,47.266666666666666,577.0333333333333,3.1,0.0,65.0,75.0,30.0,65.0,1.2,,,0.011194,0.013433,0.0,0.013433
2026-06-01 15:21:00,1,Tomato,Mid-season,Loam,32.505,47.34,573.875,3.095,0.0,55.0,70.0,25.0,60.0,1.15,,,0.010398,0.011958,0.0,0.011958
2026-06-01 15:21:00,2,Wheat,Development,Sandy,32.505,47.34,573.875,3.095,0.0,42.0,60.0,18.0,55.0,0.85,,,0.010398,0.008838,0.0,0.008838
2026-06-01 15:21:00,3,Maize,Mid-season,Clay,32.505,47.34,573.875,3.095,0.0,65.0,75.0,30.0,65.0,1.2,,,0.010398,0.012478,0.0,0.012478
2026-06-01 15:22:00,1,Tomato,Mid-season,Loam,32.47666666666667,47.41333333333333,570.7166666666667,3.09,0.0,55.0,70.0,25.0,60.0,1.15,,,0.010685,0.012288,0.0,0.012288
2026-06-01 15:22:00,2,Wheat,Development,Sandy,32.47666666666667,47.41333333333333,570.7166666666667,3.09,0.0,42.0,60.0,18.0,55.0,0.85,,,0.010685,0.009082,0.0,0.009082
2026-06-01 15:22:00,3,Maize,Mid-season,Clay,32.47666666666667,47.41333333333333,570.7166666666667,3.09,0.0,65.0,75.0,30.0,65.0,1.2,,,0.010685,0.012822,0.0,0.012822
2026-06-01 15:23:00,1,Tomato,Mid-season,Loam,32.44833333333333,47.486666666666665,567.5583333333334,3.085,0.0,55.0,70.0,25.0,60.0,1.15,,,0.010829,0.012453,0.0,0.012453
2026-06-01 15:23:00,2,Wheat,Development,Sandy,32.44833333333333,47.486666666666665,567.5583333333334,3.085,0.0,42.0,60.0,18.0,55.0,0.85,,,0.010829,0.009205,0.0,0.009205
2026-06-01 15:23:00,3,Maize,Mid-season,Clay,32.44833333333333,47.486666666666665,567.5583333333334,3.085,0.0,65.0,75.0,30.0,65.0,1.2,,,0.010829,0.012995,0.0,0.012995
2026-06-01 15:24:00,1,Tomato,Mid-season,Loam,32.42,47.56,564.4,3.08,0.0,55.0,70.0,25.0,60.0,1.15,,,0.01133,0.01303,0.0,0.01303
2026-06-01 15:24:00,2,Wheat,Development,Sandy,32.42,47.56,564.4,3.08,0.0,42.0,60.0,18.0,55.0,0.85,,,0.01133,0.00963,0.0,0.00963
2026-06-01 15:24:00,3,Maize,Mid-season,Clay,32.42,47.56,564.4,3.08,0.0,65.0,75.0,30.0,65.0,1.2,,,0.01133,0.013596,0.0,0.013596
2026-06-01 15:25:00,1,Tomato,Mid-season,Loam,32.391666666666666,47.63333333333333,561.2416666666667,3.075,0.0,55.0,70.0,25.0,60.0,1.15,,,0.011175,0.012851,0.0,0.012851
2026-06-01 15:25:00,2,Wheat,Development,Sandy,32.391666666666666,47.63333333333333,561.2416666666667,3.075,0.0,42.0,60.0,18.0,55.0,0.85,,,0.011175,0.009499,0.0,0.009499
2026-06-01 15:25:00,3,Maize,Mid-season,Clay,32.391666666666666,47.63333333333333,561.2416666666667,3.075,0.0,65.0,75.0,30.0,65.0,1.2,,,0.011175,0.01341,0.0,0.01341
2026-06-01 15:26:00,1,Tomato,Mid-season,Loam,32.36333333333334,47.70666666666666,558.0833333333334,3.0700000000000003,0.0,55.0,70.0,25.0,60.0,1.15,,,0.011137,0.012808,0.0,0.012808
2026-06-01 15:26:00,2,Wheat,Development,Sandy,32.36333333333334,47.70666666666666,558.0833333333334,3.0700000000000003,0.0,42.0,60.0,18.0,55.0,0.85,,,0.011137,0.009466,0.0,0.009466
2026-06-01 15:26:00,3,Maize,Mid-season,Clay,32.36333333333334,47.70666666666666,558.0833333333334,3.0700000000000003,0.0,65.0,75.0,30.0,65.0,1.2,,,0.011137,0.013364,0.0,0.013364
2026-06-01 15:27:00,1,Tomato,Mid-season,Loam,32.335,47.78,554.9250000000001,3.065,0.0,55.0,70.0,25.0,60.0,1.15,,,0.010597,0.012187,0.0,0.012187
2026-06-01 15:27:00,2,Wheat,Development,Sandy,32.335,47.78,554.9250000000001,3.065,0.0,42.0,60.0,18.0,55.0,0.85,,,0.010597,0.009007,0.0,0.009007
2026-06-01 15:27:00,3,Maize,Mid-season,Clay,32.335,47.78,554.9250000000001,3.065,0.0,65.0,75.0,30.0,65.0,1.2,,,0.010597,0.012716,0.0,0.012716
2026-06-01 15:28:00,1,Tomato,Mid-season,Loam,32.306666666666665,47.85333333333333,551.7666666666667,3.06,0.0,55.0,70.0,25.0,60.0,1.15,,,0.010376,0.011932,0.0,0.011932
2026-06-01 15:28:00,2,Wheat,Development,Sandy,32.306666666666665,47.85333333333333,551.7666666666667,3.06,0.0,42.0,60.0,18.0,55.0,0.85,,,0.010376,0.00882,0.0,0.00882
2026-06-01 15:28:00,3,Maize,Mid-season,Clay,32.306666666666665,47.85333333333333,551.7666666666667,3.06,0.0,65.0,75.0,30.0,65.0,1.2,,,0.010376,0.012451,0.0,0.012451
2026-06-01 15:29:00,1,Tomato,Mid-season,Loam,32.278333333333336,47.92666666666667,548.6083333333333,3.055,0.0,55.0,70.0,25.0,60.0,1.15,,,0.01068,0.012282,0.0,0.012282
2026-06-01 15:29:00,2,Wheat,Development,Sandy,32.278333333333336,47.92666666666667,548.6083333333333,3.055,0.0,42.0,60.0,18.0,55.0,0.85,,,0.01068,0.009078,0.0,0.009078
2026-06-01 15:29:00,3,Maize,Mid-season,Clay,32.278333333333336,47.92666666666667,548.6083333333333,3.055,0.0,65.0,75.0,30.0,65.0,1.2,,,0.01068,0.012816,0.0,0.012816
2026-06-01 15:30:00,1,Tomato,Mid-season,Loam,32.25,48.0,545.45,3.05,0.0,55.0,70.0,25.0,60.0,1.15,,,0.010248,0.011785,0.0,0.011785
2026-06-01 15:30:00,2,Wheat,Development,Sandy,32.25,48.0,545.45,3.05,0.0,42.0,60.0,18.0,55.0,0.85,,,0.010248,0.008711,0.0,0.008711
2026-06-01 15:30:00,3,Maize,Mid-season,Clay,32.25,48.0,545.45,3.05,0.0,65.0,75.0,30.0,65.0,1.2,,,0.010248,0.012298,0.0,0.012298
2026-06-01 15:31:00,1,Tomato,Mid-season,Loam,32.221666666666664,48.07333333333333,542.2916666666667,3.045,0.0,55.0,70.0,25.0,60.0,1.15,,,0.01059,0.012178,0.0,0.012178
2026-06-01 15:31:00,2,Wheat,Development,Sandy,32.221666666666664,48.07333333333333,542.2916666666667,3.045,0.0,42.0,60.0,18.0,55.0,0.85,,,0.01059,0.009002,0.0,0.009002
2026-06-01 15:31:00,3,Maize,Mid-season,Clay,32.221666666666664,48.07333333333333,542.2916666666667,3.045,0.0,65.0,75.0,30.0,65.0,1.2,,,0.01059,0.012708,0.0,0.012708
2026-06-01 15:32:00,1,Tomato,Mid-season,Loam,32.193333333333335,48.14666666666667,539.1333333333333,3.04,0.0,55.0,70.0,25.0,60.0,1.15,,,0.01066,0.012259,0.0,0.012259
2026-06-01 15:32:00,2,Wheat,Development,Sandy,32.193333333333335,48.14666666666667,539.1333333333333,3.04,0.0,42.0,60.0,18.0,55.0,0.85,,,0.01066,0.009061,0.0,0.009061
2026-06-01 15:32:00,3,Maize,Mid-season,Clay,32.193333333333335,48.14666666666667,539.1333333333333,3.04,0.0,65.0,75.0,30.0,65.0,1.2,,,0.01066,0.012792,0.0,0.012792
2026-06-01 15:33:00,1,Tomato,Mid-season,Loam,32.165,48.22,535.975,3.035,0.0,55.0,70.0,25.0,60.0,1.15,,,0.011046,0.012703,0.0,0.012703
2026-06-01 15:33:00,2,Wheat,Development,Sandy,32.165,48.22,535.975,3.035,0.0,42.0,60.0,18.0,55.0,0.85,,,0.011046,0.009389,0.0,0.009389
2026-06-01 15:33:00,3,Maize,Mid-season,Clay,32.165,48.22,535.975,3.035,0.0,65.0,75.0,30.0,65.0,1.2,,,0.011046,0.013255,0.0,0.013255
2026-06-01 15:34:00,1,Tomato,Mid-season,Loam,32.13666666666666,48.29333333333334,532.8166666666667,3.03,0.0,55.0,70.0,25.0,60.0,1.15,,,0.010401,0.011961,0.0,0.011961
2026-06-01 15:34:00,2,Wheat,Development,Sandy,32.13666666666666,48.29333333333334,532.8166666666667,3.03,0.0,42.0,60.0,18.0,55.0,0.85,,,0.010401,0.008841,0.0,0.008841
2026-06-01 15:34:00,3,Maize,Mid-season,Clay,32.13666666666666,48.29333333333334,532.8166666666667,3.03,0.0,65.0,75.0,30.0,65.0,1.2,,,0.010401,0.012481,0.0,0.012481
2026-06-01 15:35:00,1,Tomato,Mid-season,Loam,32.108333333333334,48.36666666666667,529.6583333333333,3.025,0.0,55.0,70.0,25.0,60.0,1.15,,,0.009762,0.011226,0.0,0.011226
2026-06-01 15:35:00,2,Wheat,Development,Sandy,32.108333333333334,48.36666666666667,529.6583333333333,3.025,0.0,42.0,60.0,18.0,55.0,0.85,,,0.009762,0.008298,0.0,0.008298
2026-06-01 15:35:00,3,Maize,Mid-season,Clay,32.108333333333334,48.36666666666667,529.6583333333333,3.025,0.0,65.0,75.0,30.0,65.0,1.2,,,0.009762,0.011714,0.0,0.011714
2026-06-01 15:36:00,1,Tomato,Mid-season,Loam,32.08,48.44,526.5,3.02,0.0,55.0,70.0,25.0,60.0,1.15,,,0.010501,0.012076,0.0,0.012076
2026-06-01 15:36:00,2,Wheat,Development,Sandy,32.08,48.44,526.5,3.02,0.0,42.0,60.0,18.0,55.0,0.85,,,0.010501,0.008926,0.0,0.008926
2026-06-01 15:36:00,3,Maize,Mid-season,Clay,32.08,48.44,526.5,3.02,0.0,65.0,75.0,30.0,65.0,1.2,,,0.010501,0.012601,0.0,0.012601
2026-06-01 15:37:00,1,Tomato,Mid-season,Loam,32.05166666666667,48.513333333333335,523.3416666666667,3.015,0.0,55.0,70.0,25.0,60.0,1.15,,,0.010095,0.011609,0.0,0.011609
2026-06-01 15:37:00,2,Wheat,Development,Sandy,32.05166666666667,48.513333333333335,523.3416666666667,3.015,0.0,42.0,60.0,18.0,55.0,0.85,,,0.010095,0.008581,0.0,0.008581
2026-06-01 15:37:00,3,Maize,Mid-season,Clay,32.05166666666667,48.513333333333335,523.3416666666667,3.015,0.0,65.0,75.0,30.0,65.0,1.2,,,0.010095,0.012114,0.0,0.012114
2026-06-01 15:38:00,1,Tomato,Mid-season,Loam,32.02333333333333,48.586666666666666,520.1833333333334,3.01,0.0,55.0,70.0,25.0,60.0,1.15,,,0.010247,0.011784,0.0,0.011784
2026-06-01 15:38:00,2,Wheat,Development,Sandy,32.02333333333333,48.586666666666666,520.1833333333334,3.01,0.0,42.0,60.0,18.0,55.0,0.85,,,0.010247,0.00871,0.0,0.00871
2026-06-01 15:38:00,3,Maize,Mid-season,Clay,32.02333333333333,48.586666666666666,520.1833333333334,3.01,0.0,65.0,75.0,30.0,65.0,1.2,,,0.010247,0.012296,0.0,0.012296
2026-06-01 15:39:00,1,Tomato,Mid-season,Loam,31.995,48.66,517.025,3.005,0.0,55.0,70.0,25.0,60.0,1.15,,,0.010372,0.011928,0.0,0.011928
2026-06-01 15:39:00,2,Wheat,Development,Sandy,31.995,48.66,517.025,3.005,0.0,42.0,60.0,18.0,55.0,0.85,,,0.010372,0.008816,0.0,0.008816
2026-06-01 15:39:00,3,Maize,Mid-season,Clay,31.995,48.66,517.025,3.005,0.0,65.0,75.0,30.0,65.0,1.2,,,0.010372,0.012446,0.0,0.012446
2026-06-01 15:40:00,1,Tomato,Mid-season,Loam,31.966666666666665,48.73333333333333,513.8666666666667,3.0,0.0,55.0,70.0,25.0,60.0,1.15,,,0.010263,0.011802,0.0,0.011802
2026-06-01 15:40:00,2,Wheat,Development,Sandy,31.966666666666665,48.73333333333333,513.8666666666667,3.0,0.0,42.0,60.0,18.0,55.0,0.85,,,0.010263,0.008724,0.0,0.008724
2026-06-01 15:40:00,3,Maize,Mid-season,Clay,31.966666666666665,48.73333333333333,513.8666666666667,3.0,0.0,65.0,75.0,30.0,65.0,1.2,,,0.010263,0.012316,0.0,0.012316
2026-06-01 15:41:00,1,Tomato,Mid-season,Loam,31.938333333333333,48.806666666666665,510.70833333333337,2.995,0.0,55.0,70.0,25.0,60.0,1.15,,,0.010544,0.012126,0.0,0.012126
2026-06-01 15:41:00,2,Wheat,Development,Sandy,31.938333333333333,48.806666666666665,510.70833333333337,2.995,0.0,42.0,60.0,18.0,55.0,0.85,,,0.010544,0.008962,0.0,0.008962
2026-06-01 15:41:00,3,Maize,Mid-season,Clay,31.938333333333333,48.806666666666665,510.70833333333337,2.995,0.0,65.0,75.0,30.0,65.0,1.2,,,0.010544,0.012653,0.0,0.012653
2026-06-01 15:42:00,1,Tomato,Mid-season,Loam,31.91,48.88,507.55,2.99,0.0,55.0,70.0,25.0,60.0,1.15,,,0.009955,0.011448,0.0,0.011448
2026-06-01 15:42:00,2,Wheat,Development,Sandy,31.91,48.88,507.55,2.99,0.0,42.0,60.0,18.0,55.0,0.85,,,0.009955,0.008462,0.0,0.008462
2026-06-01 15:42:00,3,Maize,Mid-season,Clay,31.91,48.88,507.55,2.99,0.0,65.0,75.0,30.0,65.0,1.2,,,0.009955,0.011946,0.0,0.011946
2026-06-01 15:43:00,1,Tomato,Mid-season,Loam,31.881666666666668,48.95333333333333,504.39166666666665,2.985,0.0,55.0,70.0,25.0,60.0,1.15,,,0.010211,0.011743,0.0,0.011743
2026-06-01 15:43:00,2,Wheat,Development,Sandy,31.881666666666668,48.95333333333333,504.39166666666665,2.985,0.0,42.0,60.0,18.0,55.0,0.85,,,0.010211,0.008679,0.0,0.008679
2026-06-01 15:43:00,3,Maize,Mid-season,Clay,31.881666666666668,48.95333333333333,504.39166666666665,2.985,0.0,65.0,75.0,30.0,65.0,1.2,,,0.010211,0.012253,0.0,0.012253
2026-06-01 15:44:00,1,Tomato,Mid-season,Loam,31.85333333333333,49.02666666666667,501.23333333333335,2.98,0.0,55.0,70.0,25.0,60.0,1.15,,,0.010306,0.011852,0.0,0.011852
2026-06-01 15:44:00,2,Wheat,Development,Sandy,31.85333333333333,49.02666666666667,501.23333333333335,2.98,0.0,42.0,60.0,18.0,55.0,0.85,,,0.010306,0.00876,0.0,0.00876
2026-06-01 15:44:00,3,Maize,Mid-season,Clay,31.85333333333333,49.02666666666667,501.23333333333335,2.98,0.0,65.0,75.0,30.0,65.0,1.2,,,0.010306,0.012367,0.0,0.012367
2026-06-01 15:45:00,1,Tomato,Mid-season,Loam,31.825,49.1,498.075,2.975,0.0,55.0,70.0,25.0,60.0,1.15,,,0.010018,0.011521,0.0,0.011521
2026-06-01 15:45:00,2,Wheat,Development,Sandy,31.825,49.1,498.075,2.975,0.0,42.0,60.0,18.0,55.0,0.85,,,0.010018,0.008515,0.0,0.008515
2026-06-01 15:45:00,3,Maize,Mid-season,Clay,31.825,49.1,498.075,2.975,0.0,65.0,75.0,30.0,65.0,1.2,,,0.010018,0.012022,0.0,0.012022
2026-06-01 15:46:00,1,Tomato,Mid-season,Loam,31.796666666666667,49.17333333333333,494.9166666666666,2.97,0.0,55.0,70.0,25.0,60.0,1.15,,,0.00964,0.011086,0.0,0.011086
2026-06-01 15:46:00,2,Wheat,Development,Sandy,31.796666666666667,49.17333333333333,494.9166666666666,2.97,0.0,42.0,60.0,18.0,55.0,0.85,,,0.00964,0.008194,0.0,0.008194
2026-06-01 15:46:00,3,Maize,Mid-season,Clay,31.796666666666667,49.17333333333333,494.9166666666666,2.97,0.0,65.0,75.0,30.0,65.0,1.2,,,0.00964,0.011568,0.0,0.011568
2026-06-01 15:47:00,1,Tomato,Mid-season,Loam,31.76833333333333,49.24666666666667,491.7583333333333,2.965,0.0,55.0,70.0,25.0,60.0,1.15,,,0.009994,0.011493,0.0,0.011493
2026-06-01 15:47:00,2,Wheat,Development,Sandy,31.76833333333333,49.24666666666667,491.7583333333333,2.965,0.0,42.0,60.0,18.0,55.0,0.85,,,0.009994,0.008495,0.0,0.008495
2026-06-01 15:47:00,3,Maize,Mid-season,Clay,31.76833333333333,49.24666666666667,491.7583333333333,2.965,0.0,65.0,75.0,30.0,65.0,1.2,,,0.009994,0.011993,0.0,0.011993
2026-06-01 15:48:00,1,Tomato,Mid-season,Loam,31.74,49.32,488.6,2.96,0.0,55.0,70.0,25.0,60.0,1.15,,,0.010435,0.012,0.0,0.012
2026-06-01 15:48:00,2,Wheat,Development,Sandy,31.74,49.32,488.6,2.96,0.0,42.0,60.0,18.0,55.0,0.85,,,0.010435,0.00887,0.0,0.00887
2026-06-01 15:48:00,3,Maize,Mid-season,Clay,31.74,49.32,488.6,2.96,0.0,65.0,75.0,30.0,65.0,1.2,,,0.010435,0.012522,0.0,0.012522
2026-06-01 15:49:00,1,Tomato,Mid-season,Loam,31.711666666666662,49.39333333333334,485.44166666666666,2.955,0.0,55.0,70.0,25.0,60.0,1.15,,,0.009871,0.011352,0.0,0.011352
2026-06-01 15:49:00,2,Wheat,Development,Sandy,31.711666666666662,49.39333333333334,485.44166666666666,2.955,0.0,42.0,60.0,18.0,55.0,0.85,,,0.009871,0.00839,0.0,0.00839
2026-06-01 15:49:00,3,Maize,Mid-season,Clay,31.711666666666662,49.39333333333334,485.44166666666666,2.955,0.0,65.0,75.0,30.0,65.0,1.2,,,0.009871,0.011845,0.0,0.011845
2026-06-01 15:50:00,1,Tomato,Mid-season,Loam,31.683333333333334,49.46666666666667,482.2833333333333,2.95,0.0,55.0,70.0,25.0,60.0,1.15,,,0.009618,0.011061,0.0,0.011061
2026-06-01 15:50:00,2,Wheat,Development,Sandy,31.683333333333334,49.46666666666667,482.2833333333333,2.95,0.0,42.0,60.0,18.0,55.0,0.85,,,0.009618,0.008175,0.0,0.008175
2026-06-01 15:50:00,3,Maize,Mid-season,Clay,31.683333333333334,49.46666666666667,482.2833333333333,2.95,0.0,65.0,75.0,30.0,65.0,1.2,,,0.009618,0.011542,0.0,0.011542
2026-06-01 15:51:00,1,Tomato,Mid-season,Loam,31.655,49.54,479.125,2.945,0.0,55.0,70.0,25.0,60.0,1.15,,,0.010246,0.011783,0.0,0.011783
2026-06-01 15:51:00,2,Wheat,Development,Sandy,31.655,49.54,479.125,2.945,0.0,42.0,60.0,18.0,55.0,0.85,,,0.010246,0.008709,0.0,0.008709
2026-06-01 15:51:00,3,Maize,Mid-season,Clay,31.655,49.54,479.125,2.945,0.0,65.0,75.0,30.0,65.0,1.2,,,0.010246,0.012295,0.0,0.012295
2026-06-01 15:52:00,1,Tomato,Mid-season,Loam,31.626666666666665,49.61333333333334,475.9666666666667,2.94,0.0,55.0,70.0,25.0,60.0,1.15,,,0.009589,0.011027,0.0,0.011027
2026-06-01 15:52:00,2,Wheat,Development,Sandy,31.626666666666665,49.61333333333334,475.9666666666667,2.94,0.0,42.0,60.0,18.0,55.0,0.85,,,0.009589,0.008151,0.0,0.008151
2026-06-01 15:52:00,3,Maize,Mid-season,Clay,31.626666666666665,49.61333333333334,475.9666666666667,2.94,0.0,65.0,75.0,30.0,65.0,1.2,,,0.009589,0.011507,0.0,0.011507
2026-06-01 15:53:00,1,Tomato,Mid-season,Loam,31.598333333333333,49.68666666666667,472.8083333333333,2.935,0.0,55.0,70.0,25.0,60.0,1.15,,,0.01006,0.011569,0.0,0.011569
2026-06-01 15:53:00,2,Wheat,Development,Sandy,31.598333333333333,49.68666666666667,472.8083333333333,2.935,0.0,42.0,60.0,18.0,55.0,0.85,,,0.01006,0.008551,0.0,0.008551
2026-06-01 15:53:00,3,Maize,Mid-season,Clay,31.598333333333333,49.68666666666667,472.8083333333333,2.935,0.0,65.0,75.0,30.0,65.0,1.2,,,0.01006,0.012072,0.0,0.012072
2026-06-01 15:54:00,1,Tomato,Mid-season,Loam,31.57,49.760000000000005,469.65,2.93,0.0,55.0,70.0,25.0,60.0,1.15,,,0.009626,0.01107,0.0,0.01107
2026-06-01 15:54:00,2,Wheat,Development,Sandy,31.57,49.760000000000005,469.65,2.93,0.0,42.0,60.0,18.0,55.0,0.85,,,0.009626,0.008182,0.0,0.008182
2026-06-01 15:54:00,3,Maize,Mid-season,Clay,31.57,49.760000000000005,469.65,2.93,0.0,65.0,75.0,30.0,65.0,1.2,,,0.009626,0.011551,0.0,0.011551
2026-06-01 15:55:00,1,Tomato,Mid-season,Loam,31.541666666666664,49.833333333333336,466.4916666666667,2.925,0.0,55.0,70.0,25.0,60.0,1.15,,,0.009543,0.010974,0.0,0.010974
2026-06-01 15:55:00,2,Wheat,Development,Sandy,31.541666666666664,49.833333333333336,466.4916666666667,2.925,0.0,42.0,60.0,18.0,55.0,0.85,,,0.009543,0.008112,0.0,0.008112
2026-06-01 15:55:00,3,Maize,Mid-season,Clay,31.541666666666664,49.833333333333336,466.4916666666667,2.925,0.0,65.0,75.0,30.0,65.0,1.2,,,0.009543,0.011452,0.0,0.011452
2026-06-01 15:56:00,1,Tomato,Mid-season,Loam,31.51333333333333,49.906666666666666,463.3333333333333,2.92,0.0,55.0,70.0,25.0,60.0,1.15,,,0.009769,0.011234,0.0,0.011234
2026-06-01 15:56:00,2,Wheat,Development,Sandy,31.51333333333333,49.906666666666666,463.3333333333333,2.92,0.0,42.0,60.0,18.0,55.0,0.85,,,0.009769,0.008304,0.0,0.008304
2026-06-01 15:56:00,3,Maize,Mid-season,Clay,31.51333333333333,49.906666666666666,463.3333333333333,2.92,0.0,65.0,75.0,30.0,65.0,1.2,,,0.009769,0.011723,0.0,0.011723
2026-06-01 15:57:00,1,Tomato,Mid-season,Loam,31.485,49.98,460.175,2.915,0.0,55.0,70.0,25.0,60.0,1.15,,,0.009886,0.011369,0.0,0.011369
2026-06-01 15:57:00,2,Wheat,Development,Sandy,31.485,49.98,460.175,2.915,0.0,42.0,60.0,18.0,55.0,0.85,,,0.009886,0.008403,0.0,0.008403
2026-06-01 15:57:00,3,Maize,Mid-season,Clay,31.485,49.98,460.175,2.915,0.0,65.0,75.0,30.0,65.0,1.2,,,0.009886,0.011863,0.0,0.011863
2026-06-01 15:58:00,1,Tomato,Mid-season,Loam,31.456666666666667,50.053333333333335,457.01666666666665,2.91,0.0,55.0,70.0,25.0,60.0,1.15,,,0.009666,0.011116,0.0,0.011116
2026-06-01 15:58:00,2,Wheat,Development,Sandy,31.456666666666667,50.053333333333335,457.01666666666665,2.91,0.0,42.0,60.0,18.0,55.0,0.85,,,0.009666,0.008216,0.0,0.008216
2026-06-01 15:58:00,3,Maize,Mid-season,Clay,31.456666666666667,50.053333333333335,457.01666666666665,2.91,0.0,65.0,75.0,30.0,65.0,1.2,,,0.009666,0.011599,0.0,0.011599
2026-06-01 15:59:00,1,Tomato,Mid-season,Loam,31.42833333333333,50.126666666666665,453.85833333333335,2.905,0.0,55.0,70.0,25.0,60.0,1.15,,,0.010135,0.011655,0.0,0.011655
2026-06-01 15:59:00,2,Wheat,Development,Sandy,31.42833333333333,50.126666666666665,453.85833333333335,2.905,0.0,42.0,60.0,18.0,55.0,0.85,,,0.010135,0.008615,0.0,0.008615
2026-06-01 15:59:00,3,Maize,Mid-season,Clay,31.42833333333333,50.126666666666665,453.85833333333335,2.905,0.0,65.0,75.0,30.0,65.0,1.2,,,0.010135,0.012162,0.0,0.012162
2026-06-01 16:00:00,1,Tomato,Mid-season,Loam,31.4,50.2,450.7,2.9,0.0,55.0,70.0,25.0,60.0,1.15,,,0.009644,0.011091,0.0,0.011091
2026-06-01 16:00:00,2,Wheat,Development,Sandy,31.4,50.2,450.7,2.9,0.0,42.0,60.0,18.0,55.0,0.85,,,0.009644,0.008197,0.0,0.008197
2026-06-01 16:00:00,3,Maize,Mid-season,Clay,31.4,50.2,450.7,2.9,0.0,65.0,75.0,30.0,65.0,1.2,,,0.009644,0.011573,0.0,0.011573
2026-06-01 16:01:00,1,Tomato,Mid-season,Loam,31.36833333333333,50.29666666666667,447.19,2.895,0.0,55.0,70.0,25.0,60.0,1.15,,,0.010016,0.011518,0.0,0.011518
2026-06-01 16:01:00,2,Wheat,Development,Sandy,31.36833333333333,50.29666666666667,447.19,2.895,0.0,42.0,60.0,18.0,55.0,0.85,,,0.010016,0.008514,0.0,0.008514
2026-06-01 16:01:00,3,Maize,Mid-season,Clay,31.36833333333333,50.29666666666667,447.19,2.895,0.0,65.0,75.0,30.0,65.0,1.2,,,0.010016,0.012019,0.0,0.012019
2026-06-01 16:02:00,1,Tomato,Mid-season,Loam,31.336666666666662,50.39333333333334,443.68,2.89,0.0,55.0,70.0,25.0,60.0,1.15,,,0.009659,0.011108,0.0,0.011108
2026-06-01 16:02:00,2,Wheat,Development,Sandy,31.336666666666662,50.39333333333334,443.68,2.89,0.0,42.0,60.0,18.0,55.0,0.85,,,0.009659,0.00821,0.0,0.00821
2026-06-01 16:02:00,3,Maize,Mid-season,Clay,31.336666666666662,50.39333333333334,443.68,2.89,0.0,65.0,75.0,30.0,65.0,1.2,,,0.009659,0.011591,0.0,0.011591
2026-06-01 16:03:00,1,Tomato,Mid-season,Loam,31.305,50.49,440.17,2.885,0.0,55.0,70.0,25.0,60.0,1.15,,,0.00958,0.011017,0.0,0.011017
2026-06-01 16:03:00,2,Wheat,Development,Sandy,31.305,50.49,440.17,2.885,0.0,42.0,60.0,18.0,55.0,0.85,,,0.00958,0.008143,0.0,0.008143
2026-06-01 16:03:00,3,Maize,Mid-season,Clay,31.305,50.49,440.17,2.885,0.0,65.0,75.0,30.0,65.0,1.2,,,0.00958,0.011496,0.0,0.011496
2026-06-01 16:04:00,1,Tomato,Mid-season,Loam,31.273333333333333,50.586666666666666,436.66,2.88,0.0,55.0,70.0,25.0,60.0,1.15,,,0.009508,0.010934,0.0,0.010934
2026-06-01 16:04:00,2,Wheat,Development,Sandy,31.273333333333333,50.586666666666666,436.66,2.88,0.0,42.0,60.0,18.0,55.0,0.85,,,0.009508,0.008082,0.0,0.008082
2026-06-01 16:04:00,3,Maize,Mid-season,Clay,31.273333333333333,50.586666666666666,436.66,2.88,0.0,65.0,75.0,30.0,65.0,1.2,,,0.009508,0.01141,0.0,0.01141
2026-06-01 16:05:00,1,Tomato,Mid-season,Loam,31.241666666666667,50.68333333333334,433.15,2.875,0.0,55.0,70.0,25.0,60.0,1.15,,,0.009319,0.010717,0.0,0.010717
2026-06-01 16:05:00,2,Wheat,Development,Sandy,31.241666666666667,50.68333333333334,433.15,2.875,0.0,42.0,60.0,18.0,55.0,0.85,,,0.009319,0.007921,0.0,0.007921
2026-06-01 16:05:00,3,Maize,Mid-season,Clay,31.241666666666667,50.68333333333334,433.15,2.875,0.0,65.0,75.0,30.0,65.0,1.2,,,0.009319,0.011183,0.0,0.011183
2026-06-01 16:06:00,1,Tomato,Mid-season,Loam,31.21,50.78,429.64,2.87,0.0,55.0,70.0,25.0,60.0,1.15,,,0.009591,0.01103,0.0,0.01103
2026-06-01 16:06:00,2,Wheat,Development,Sandy,31.21,50.78,429.64,2.87,0.0,42.0,60.0,18.0,55.0,0.85,,,0.009591,0.008152,0.0,0.008152
2026-06-01 16:06:00,3,Maize,Mid-season,Clay,31.21,50.78,429.64,2.87,0.0,65.0,75.0,30.0,65.0,1.2,,,0.009591,0.011509,0.0,0.011509
2026-06-01 16:07:00,1,Tomato,Mid-season,Loam,31.17833333333333,50.87666666666667,426.13,2.865,0.0,55.0,70.0,25.0,60.0,1.15,,,0.009351,0.010754,0.0,0.010754
2026-06-01 16:07:00,2,Wheat,Development,Sandy,31.17833333333333,50.87666666666667,426.13,2.865,0.0,42.0,60.0,18.0,55.0,0.85,,,0.009351,0.007948,0.0,0.007948
2026-06-01 16:07:00,3,Maize,Mid-season,Clay,31.17833333333333,50.87666666666667,426.13,2.865,0.0,65.0,75.0,30.0,65.0,1.2,,,0.009351,0.011221,0.0,0.011221
2026-06-01 16:08:00,1,Tomato,Mid-season,Loam,31.146666666666665,50.973333333333336,422.62,2.86,0.0,55.0,70.0,25.0,60.0,1.15,,,0.009153,0.010526,0.0,0.010526
2026-06-01 16:08:00,2,Wheat,Development,Sandy,31.146666666666665,50.973333333333336,422.62,2.86,0.0,42.0,60.0,18.0,55.0,0.85,,,0.009153,0.00778,0.0,0.00778
2026-06-01 16:08:00,3,Maize,Mid-season,Clay,31.146666666666665,50.973333333333336,422.62,2.86,0.0,65.0,75.0,30.0,65.0,1.2,,,0.009153,0.010984,0.0,0.010984
2026-06-01 16:09:00,1,Tomato,Mid-season,Loam,31.115,51.07,419.11,2.855,0.0,55.0,70.0,25.0,60.0,1.15,,,0.0096,0.01104,0.0,0.01104
2026-06-01 16:09:00,2,Wheat,Development,Sandy,31.115,51.07,419.11,2.855,0.0,42.0,60.0,18.0,55.0,0.85,,,0.0096,0.00816,0.0,0.00816
2026-06-01 16:09:00,3,Maize,Mid-season,Clay,31.115,51.07,419.11,2.855,0.0,65.0,75.0,30.0,65.0,1.2,,,0.0096,0.01152,0.0,0.01152
2026-06-01 16:10:00,1,Tomato,Mid-season,Loam,31.08333333333333,51.16666666666667,415.6,2.85,0.0,55.0,70.0,25.0,60.0,1.15,,,0.00933,0.01073,0.0,0.01073
2026-06-01 16:10:00,2,Wheat,Development,Sandy,31.08333333333333,51.16666666666667,415.6,2.85,0.0,42.0,60.0,18.0,55.0,0.85,,,0.00933,0.00793,0.0,0.00793
2026-06-01 16:10:00,3,Maize,Mid-season,Clay,31.08333333333333,51.16666666666667,415.6,2.85,0.0,65.0,75.0,30.0,65.0,1.2,,,0.00933,0.011196,0.0,0.011196
2026-06-01 16:11:00,1,Tomato,Mid-season,Loam,31.051666666666662,51.263333333333335,412.09,2.845,0.0,55.0,70.0,25.0,60.0,1.15,,,0.009748,0.01121,0.0,0.01121
2026-06-01 16:11:00,2,Wheat,Development,Sandy,31.051666666666662,51.263333333333335,412.09,2.845,0.0,42.0,60.0,18.0,55.0,0.85,,,0.009748,0.008286,0.0,0.008286
2026-06-01 16:11:00,3,Maize,Mid-season,Clay,31.051666666666662,51.263333333333335,412.09,2.845,0.0,65.0,75.0,30.0,65.0,1.2,,,0.009748,0.011698,0.0,0.011698
2026-06-01 16:12:00,1,Tomato,Mid-season,Loam,31.02,51.36,408.58,2.84,0.0,55.0,70.0,25.0,60.0,1.15,,,0.009155,0.010528,0.0,0.010528
2026-06-01 16:12:00,2,Wheat,Development,Sandy,31.02,51.36,408.58,2.84,0.0,42.0,60.0,18.0,55.0,0.85,,,0.009155,0.007782,0.0,0.007782
2026-06-01 16:12:00,3,Maize,Mid-season,Clay,31.02,51.36,408.58,2.84,0.0,65.0,75.0,30.0,65.0,1.2,,,0.009155,0.010986,0.0,0.010986
2026-06-01 16:13:00,1,Tomato,Mid-season,Loam,30.988333333333333,51.45666666666667,405.07,2.835,0.0,55.0,70.0,25.0,60.0,1.15,,,0.009372,0.010778,0.0,0.010778
2026-06-01 16:13:00,2,Wheat,Development,Sandy,30.988333333333333,51.45666666666667,405.07,2.835,0.0,42.0,60.0,18.0,55.0,0.85,,,0.009372,0.007966,0.0,0.007966
2026-06-01 16:13:00,3,Maize,Mid-season,Clay,30.988333333333333,51.45666666666667,405.07,2.835,0.0,65.0,75.0,30.0,65.0,1.2,,,0.009372,0.011246,0.0,0.011246
2026-06-01 16:14:00,1,Tomato,Mid-season,Loam,30.956666666666667,51.553333333333335,401.56,2.83,0.0,55.0,70.0,25.0,60.0,1.15,,,0.009585,0.011023,0.0,0.011023
2026-06-01 16:14:00,2,Wheat,Development,Sandy,30.956666666666667,51.553333333333335,401.56,2.83,0.0,42.0,60.0,18.0,55.0,0.85,,,0.009585,0.008147,0.0,0.008147
2026-06-01 16:14:00,3,Maize,Mid-season,Clay,30.956666666666667,51.553333333333335,401.56,2.83,0.0,65.0,75.0,30.0,65.0,1.2,,,0.009585,0.011502,0.0,0.011502
2026-06-01 16:15:00,1,Tomato,Mid-season,Loam,30.925,51.650000000000006,398.05,2.825,0.0,55.0,70.0,25.0,60.0,1.15,,,0.009771,0.011237,0.0,0.011237
2026-06-01 16:15:00,2,Wheat,Development,Sandy,30.925,51.650000000000006,398.05,2.825,0.0,42.0,60.0,18.0,55.0,0.85,,,0.009771,0.008305,0.0,0.008305
2026-06-01 16:15:00,3,Maize,Mid-season,Clay,30.925,51.650000000000006,398.05,2.825,0.0,65.0,75.0,30.0,65.0,1.2,,,0.009771,0.011725,0.0,0.011725
2026-06-01 16:16:00,1,Tomato,Mid-season,Loam,30.89333333333333,51.74666666666667,394.54,2.82,0.0,55.0,70.0,25.0,60.0,1.15,,,0.009171,0.010547,0.0,0.010547
2026-06-01 16:16:00,2,Wheat,Development,Sandy,30.89333333333333,51.74666666666667,394.54,2.82,0.0,42.0,60.0,18.0,55.0,0.85,,,0.009171,0.007795,0.0,0.007795
2026-06-01 16:16:00,3,Maize,Mid-season,Clay,30.89333333333333,51.74666666666667,394.54,2.82,0.0,65.0,75.0,30.0,65.0,1.2,,,0.009171,0.011005,0.0,0.011005
2026-06-01 16:17:00,1,Tomato,Mid-season,Loam,30.861666666666665,51.84333333333333,391.03,2.815,0.0,55.0,70.0,25.0,60.0,1.15,,,0.009146,0.010518,0.0,0.010518
2026-06-01 16:17:00,2,Wheat,Development,Sandy,30.861666666666665,51.84333333333333,391.03,2.815,0.0,42.0,60.0,18.0,55.0,0.85,,,0.009146,0.007774,0.0,0.007774
2026-06-01 16:17:00,3,Maize,Mid-season,Clay,30.861666666666665,51.84333333333333,391.03,2.815,0.0,65.0,75.0,30.0,65.0,1.2,,,0.009146,0.010975,0.0,0.010975
2026-06-01 16:18:00,1,Tomato,Mid-season,Loam,30.83,51.940000000000005,387.52,2.81,0.0,55.0,70.0,25.0,60.0,1.15,,,0.009402,0.010812,0.0,0.010812
2026-06-01 16:18:00,2,Wheat,Development,Sandy,30.83,51.940000000000005,387.52,2.81,0.0,42.0,60.0,18.0,55.0,0.85,,,0.009402,0.007992,0.0,0.007992
2026-06-01 16:18:00,3,Maize,Mid-season,Clay,30.83,51.940000000000005,387.52,2.81,0.0,65.0,75.0,30.0,65.0,1.2,,,0.009402,0.011282,0.0,0.011282
2026-06-01 16:19:00,1,Tomato,Mid-season,Loam,30.79833333333333,52.03666666666667,384.01,2.805,0.0,55.0,70.0,25.0,60.0,1.15,,,0.008802,0.010122,0.0,0.010122
2026-06-01 16:19:00,2,Wheat,Development,Sandy,30.79833333333333,52.03666666666667,384.01,2.805,0.0,42.0,60.0,18.0,55.0,0.85,,,0.008802,0.007482,0.0,0.007482
2026-06-01 16:19:00,3,Maize,Mid-season,Clay,30.79833333333333,52.03666666666667,384.01,2.805,0.0,65.0,75.0,30.0,65.0,1.2,,,0.008802,0.010562,0.0,0.010562
2026-06-01 16:20:00,1,Tomato,Mid-season,Loam,30.766666666666666,52.13333333333333,380.5,2.8,0.0,55.0,70.0,25.0,60.0,1.15,,,0.008788,0.010106,0.0,0.010106
2026-06-01 16:20:00,2,Wheat,Development,Sandy,30.766666666666666,52.13333333333333,380.5,2.8,0.0,42.0,60.0,18.0,55.0,0.85,,,0.008788,0.00747,0.0,0.00747
2026-06-01 16:20:00,3,Maize,Mid-season,Clay,30.766666666666666,52.13333333333333,380.5,2.8,0.0,65.0,75.0,30.0,65.0,1.2,,,0.008788,0.010546,0.0,0.010546
2026-06-01 16:21:00,1,Tomato,Mid-season,Loam,30.735,52.23,376.99,2.795,0.0,55.0,70.0,25.0,60.0,1.15,,,0.00896,0.010304,0.0,0.010304
2026-06-01 16:21:00,2,Wheat,Development,Sandy,30.735,52.23,376.99,2.795,0.0,42.0,60.0,18.0,55.0,0.85,,,0.00896,0.007616,0.0,0.007616
2026-06-01 16:21:00,3,Maize,Mid-season,Clay,30.735,52.23,376.99,2.795,0.0,65.0,75.0,30.0,65.0,1.2,,,0.00896,0.010752,0.0,0.010752
2026-06-01 16:22:00,1,Tomato,Mid-season,Loam,30.703333333333333,52.32666666666667,373.48,2.79,0.0,55.0,70.0,25.0,60.0,1.15,,,0.009591,0.01103,0.0,0.01103
2026-06-01 16:22:00,2,Wheat,Development,Sandy,30.703333333333333,52.32666666666667,373.48,2.79,0.0,42.0,60.0,18.0,55.0,0.85,,,0.009591,0.008152,0.0,0.008152
2026-06-01 16:22:00,3,Maize,Mid-season,Clay,30.703333333333333,52.32666666666667,373.48,2.79,0.0,65.0,75.0,30.0,65.0,1.2,,,0.009591,0.011509,0.0,0.011509
2026-06-01 16:23:00,1,Tomato,Mid-season,Loam,30.671666666666667,52.42333333333333,369.97,2.785,0.0,55.0,70.0,25.0,60.0,1.15,,,0.009129,0.010498,0.0,0.010498
2026-06-01 16:23:00,2,Wheat,Development,Sandy,30.671666666666667,52.42333333333333,369.97,2.785,0.0,42.0,60.0,18.0,55.0,0.85,,,0.009129,0.00776,0.0,0.00776
2026-06-01 16:23:00,3,Maize,Mid-season,Clay,30.671666666666667,52.42333333333333,369.97,2.785,0.0,65.0,75.0,30.0,65.0,1.2,,,0.009129,0.010955,0.0,0.010955
2026-06-01 16:24:00,1,Tomato,Mid-season,Loam,30.64,52.52,366.46,2.78,0.0,55.0,70.0,25.0,60.0,1.15,,,0.009304,0.0107,0.0,0.0107
2026-06-01 16:24:00,2,Wheat,Development,Sandy,30.64,52.52,366.46,2.78,0.0,42.0,60.0,18.0,55.0,0.85,,,0.009304,0.007908,0.0,0.007908
2026-06-01 16:24:00,3,Maize,Mid-season,Clay,30.64,52.52,366.46,2.78,0.0,65.0,75.0,30.0,65.0,1.2,,,0.009304,0.011165,0.0,0.011165
2026-06-01 16:25:00,1,Tomato,Mid-season,Loam,30.60833333333333,52.61666666666667,362.95,2.775,0.0,55.0,70.0,25.0,60.0,1.15,,,0.009504,0.01093,0.0,0.01093
2026-06-01 16:25:00,2,Wheat,Development,Sandy,30.60833333333333,52.61666666666667,362.95,2.775,0.0,42.0,60.0,18.0,55.0,0.85,,,0.009504,0.008078,0.0,0.008078
2026-06-01 16:25:00,3,Maize,Mid-season,Clay,30.60833333333333,52.61666666666667,362.95,2.775,0.0,65.0,75.0,30.0,65.0,1.2,,,0.009504,0.011405,0.0,0.011405
2026-06-01 16:26:00,1,Tomato,Mid-season,Loam,30.576666666666664,52.71333333333334,359.44,2.77,0.0,55.0,70.0,25.0,60.0,1.15,,,0.009386,0.010794,0.0,0.010794
2026-06-01 16:26:00,2,Wheat,Development,Sandy,30.576666666666664,52.71333333333334,359.44,2.77,0.0,42.0,60.0,18.0,55.0,0.85,,,0.009386,0.007978,0.0,0.007978
2026-06-01 16:26:00,3,Maize,Mid-season,Clay,30.576666666666664,52.71333333333334,359.44,2.77,0.0,65.0,75.0,30.0,65.0,1.2,,,0.009386,0.011263,0.0,0.011263
2026-06-01 16:27:00,1,Tomato,Mid-season,Loam,30.545,52.81,355.93,2.765,0.0,55.0,70.0,25.0,60.0,1.15,,,0.008818,0.010141,0.0,0.010141
2026-06-01 16:27:00,2,Wheat,Development,Sandy,30.545,52.81,355.93,2.765,0.0,42.0,60.0,18.0,55.0,0.85,,,0.008818,0.007495,0.0,0.007495
2026-06-01 16:27:00,3,Maize,Mid-season,Clay,30.545,52.81,355.93,2.765,0.0,65.0,75.0,30.0,65.0,1.2,,,0.008818,0.010582,0.0,0.010582
2026-06-01 16:28:00,1,Tomato,Mid-season,Loam,30.51333333333333,52.906666666666666,352.42,2.76,0.0,55.0,70.0,25.0,60.0,1.15,,,0.009059,0.010418,0.0,0.010418
2026-06-01 16:28:00,2,Wheat,Development,Sandy,30.51333333333333,52.906666666666666,352.42,2.76,0.0,42.0,60.0,18.0,55.0,0.85,,,0.009059,0.0077,0.0,0.0077
2026-06-01 16:28:00,3,Maize,Mid-season,Clay,30.51333333333333,52.906666666666666,352.42,2.76,0.0,65.0,75.0,30.0,65.0,1.2,,,0.009059,0.010871,0.0,0.010871
2026-06-01 16:29:00,1,Tomato,Mid-season,Loam,30.481666666666666,53.00333333333334,348.91,2.755,0.0,55.0,70.0,25.0,60.0,1.15,,,0.009318,0.010716,0.0,0.010716
2026-06-01 16:29:00,2,Wheat,Development,Sandy,30.481666666666666,53.00333333333334,348.91,2.755,0.0,42.0,60.0,18.0,55.0,0.85,,,0.009318,0.00792,0.0,0.00792
2026-06-01 16:29:00,3,Maize,Mid-season,Clay,30.481666666666666,53.00333333333334,348.91,2.755,0.0,65.0,75.0,30.0,65.0,1.2,,,0.009318,0.011182,0.0,0.011182
2026-06-01 16:30:00,1,Tomato,Mid-season,Loam,30.45,53.1,345.4,2.75,0.0,55.0,70.0,25.0,60.0,1.15,,,0.008526,0.009805,0.0,0.009805
2026-06-01 16:30:00,2,Wheat,Development,Sandy,30.45,53.1,345.4,2.75,0.0,42.0,60.0,18.0,55.0,0.85,,,0.008526,0.007247,0.0,0.007247
2026-06-01 16:30:00,3,Maize,Mid-season,Clay,30.45,53.1,345.4,2.75,0.0,65.0,75.0,30.0,65.0,1.2,,,0.008526,0.010231,0.0,0.010231
2026-06-01 16:31:00,1,Tomato,Mid-season,Loam,30.418333333333333,53.196666666666665,341.89,2.745,0.0,55.0,70.0,25.0,60.0,1.15,,,0.00904,0.010396,0.0,0.010396
2026-06-01 16:31:00,2,Wheat,Development,Sandy,30.418333333333333,53.196666666666665,341.89,2.745,0.0,42.0,60.0,18.0,55.0,0.85,,,0.00904,0.007684,0.0,0.007684
2026-06-01 16:31:00,3,Maize,Mid-season,Clay,30.418333333333333,53.196666666666665,341.89,2.745,0.0,65.0,75.0,30.0,65.0,1.2,,,0.00904,0.010848,0.0,0.010848
2026-06-01 16:32:00,1,Tomato,Mid-season,Loam,30.386666666666667,53.29333333333334,338.38,2.74,0.0,55.0,70.0,25.0,60.0,1.15,,,0.008765,0.01008,0.0,0.01008
2026-06-01 16:32:00,2,Wheat,Development,Sandy,30.386666666666667,53.29333333333334,338.38,2.74,0.0,42.0,60.0,18.0,55.0,0.85,,,0.008765,0.00745,0.0,0.00745
2026-06-01 16:32:00,3,Maize,Mid-season,Clay,30.386666666666667,53.29333333333334,338.38,2.74,0.0,65.0,75.0,30.0,65.0,1.2,,,0.008765,0.010518,0.0,0.010518
2026-06-01 16:33:00,1,Tomato,Mid-season,Loam,30.355,53.39,334.87,2.735,0.0,55.0,70.0,25.0,60.0,1.15,,,0.008879,0.010211,0.0,0.010211
2026-06-01 16:33:00,2,Wheat,Development,Sandy,30.355,53.39,334.87,2.735,0.0,42.0,60.0,18.0,55.0,0.85,,,0.008879,0.007547,0.0,0.007547
2026-06-01 16:33:00,3,Maize,Mid-season,Clay,30.355,53.39,334.87,2.735,0.0,65.0,75.0,30.0,65.0,1.2,,,0.008879,0.010655,0.0,0.010655
2026-06-01 16:34:00,1,Tomato,Mid-season,Loam,30.32333333333333,53.486666666666665,331.36,2.73,0.0,55.0,70.0,25.0,60.0,1.15,,,0.008738,0.010049,0.0,0.010049
2026-06-01 16:34:00,2,Wheat,Development,Sandy,30.32333333333333,53.486666666666665,331.36,2.73,0.0,42.0,60.0,18.0,55.0,0.85,,,0.008738,0.007427,0.0,0.007427
2026-06-01 16:34:00,3,Maize,Mid-season,Clay,30.32333333333333,53.486666666666665,331.36,2.73,0.0,65.0,75.0,30.0,65.0,1.2,,,0.008738,0.010486,0.0,0.010486
2026-06-01 16:35:00,1,Tomato,Mid-season,Loam,30.291666666666664,53.583333333333336,327.85,2.725,0.0,55.0,70.0,25.0,60.0,1.15,,,0.008658,0.009957,0.0,0.009957
2026-06-01 16:35:00,2,Wheat,Development,Sandy,30.291666666666664,53.583333333333336,327.85,2.725,0.0,42.0,60.0,18.0,55.0,0.85,,,0.008658,0.007359,0.0,0.007359
2026-06-01 16:35:00,3,Maize,Mid-season,Clay,30.291666666666664,53.583333333333336,327.85,2.725,0.0,65.0,75.0,30.0,65.0,1.2,,,0.008658,0.01039,0.0,0.01039
2026-06-01 16:36:00,1,Tomato,Mid-season,Loam,30.26,53.68,324.34,2.72,0.0,55.0,70.0,25.0,60.0,1.15,,,0.008642,0.009938,0.0,0.009938
2026-06-01 16:36:00,2,Wheat,Development,Sandy,30.26,53.68,324.34,2.72,0.0,42.0,60.0,18.0,55.0,0.85,,,0.008642,0.007346,0.0,0.007346
2026-06-01 16:36:00,3,Maize,Mid-season,Clay,30.26,53.68,324.34,2.72,0.0,65.0,75.0,30.0,65.0,1.2,,,0.008642,0.01037,0.0,0.01037
2026-06-01 16:37:00,1,Tomato,Mid-season,Loam,30.22833333333333,53.77666666666667,320.83,2.715,0.0,55.0,70.0,25.0,60.0,1.15,,,0.008842,0.010168,0.0,0.010168
2026-06-01 16:37:00,2,Wheat,Development,Sandy,30.22833333333333,53.77666666666667,320.83,2.715,0.0,42.0,60.0,18.0,55.0,0.85,,,0.008842,0.007516,0.0,0.007516
2026-06-01 16:37:00,3,Maize,Mid-season,Clay,30.22833333333333,53.77666666666667,320.83,2.715,0.0,65.0,75.0,30.0,65.0,1.2,,,0.008842,0.01061,0.0,0.01061
2026-06-01 16:38:00,1,Tomato,Mid-season,Loam,30.196666666666665,53.873333333333335,317.32,2.71,0.0,55.0,70.0,25.0,60.0,1.15,,,0.008657,0.009956,0.0,0.009956
2026-06-01 16:38:00,2,Wheat,Development,Sandy,30.196666666666665,53.873333333333335,317.32,2.71,0.0,42.0,60.0,18.0,55.0,0.85,,,0.008657,0.007358,0.0,0.007358
2026-06-01 16:38:00,3,Maize,Mid-season,Clay,30.196666666666665,53.873333333333335,317.32,2.71,0.0,65.0,75.0,30.0,65.0,1.2,,,0.008657,0.010388,0.0,0.010388
2026-06-01 16:39:00,1,Tomato,Mid-season,Loam,30.165,53.97,313.80999999999995,2.705,0.0,55.0,70.0,25.0,60.0,1.15,,,0.008624,0.009918,0.0,0.009918
2026-06-01 16:39:00,2,Wheat,Development,Sandy,30.165,53.97,313.80999999999995,2.705,0.0,42.0,60.0,18.0,55.0,0.85,,,0.008624,0.00733,0.0,0.00733
2026-06-01 16:39:00,3,Maize,Mid-season,Clay,30.165,53.97,313.80999999999995,2.705,0.0,65.0,75.0,30.0,65.0,1.2,,,0.008624,0.010349,0.0,0.010349
2026-06-01 16:40:00,1,Tomato,Mid-season,Loam,30.133333333333333,54.06666666666667,310.29999999999995,2.7,0.0,55.0,70.0,25.0,60.0,1.15,,,0.008656,0.009954,0.0,0.009954
2026-06-01 16:40:00,2,Wheat,Development,Sandy,30.133333333333333,54.06666666666667,310.29999999999995,2.7,0.0,42.0,60.0,18.0,55.0,0.85,,,0.008656,0.007358,0.0,0.007358
2026-06-01 16:40:00,3,Maize,Mid-season,Clay,30.133333333333333,54.06666666666667,310.29999999999995,2.7,0.0,65.0,75.0,30.0,65.0,1.2,,,0.008656,0.010387,0.0,0.010387
2026-06-01 16:41:00,1,Tomato,Mid-season,Loam,30.101666666666667,54.16333333333333,306.79,2.695,0.0,55.0,70.0,25.0,60.0,1.15,,,0.008426,0.00969,0.0,0.00969
2026-06-01 16:41:00,2,Wheat,Development,Sandy,30.101666666666667,54.16333333333333,306.79,2.695,0.0,42.0,60.0,18.0,55.0,0.85,,,0.008426,0.007162,0.0,0.007162
2026-06-01 16:41:00,3,Maize,Mid-season,Clay,30.101666666666667,54.16333333333333,306.79,2.695,0.0,65.0,75.0,30.0,65.0,1.2,,,0.008426,0.010111,0.0,0.010111
2026-06-01 16:42:00,1,Tomato,Mid-season,Loam,30.07,54.26,303.28,2.69,0.0,55.0,70.0,25.0,60.0,1.15,,,0.008222,0.009455,0.0,0.009455
2026-06-01 16:42:00,2,Wheat,Development,Sandy,30.07,54.26,303.28,2.69,0.0,42.0,60.0,18.0,55.0,0.85,,,0.008222,0.006989,0.0,0.006989
2026-06-01 16:42:00,3,Maize,Mid-season,Clay,30.07,54.26,303.28,2.69,0.0,65.0,75.0,30.0,65.0,1.2,,,0.008222,0.009866,0.0,0.009866
2026-06-01 16:43:00,1,Tomato,Mid-season,Loam,30.03833333333333,54.35666666666667,299.77,2.685,0.0,55.0,70.0,25.0,60.0,1.15,,,0.008511,0.009788,0.0,0.009788
2026-06-01 16:43:00,2,Wheat,Development,Sandy,30.03833333333333,54.35666666666667,299.77,2.685,0.0,42.0,60.0,18.0,55.0,0.85,,,0.008511,0.007234,0.0,0.007234
2026-06-01 16:43:00,3,Maize,Mid-season,Clay,30.03833333333333,54.35666666666667,299.77,2.685,0.0,65.0,75.0,30.0,65.0,1.2,,,0.008511,0.010213,0.0,0.010213
2026-06-01 16:44:00,1,Tomato,Mid-season,Loam,30.006666666666668,54.45333333333333,296.26,2.68,0.0,55.0,70.0,25.0,60.0,1.15,,,0.008598,0.009888,0.0,0.009888
2026-06-01 16:44:00,2,Wheat,Development,Sandy,30.006666666666668,54.45333333333333,296.26,2.68,0.0,42.0,60.0,18.0,55.0,0.85,,,0.008598,0.007308,0.0,0.007308
2026-06-01 16:44:00,3,Maize,Mid-season,Clay,30.006666666666668,54.45333333333333,296.26,2.68,0.0,65.0,75.0,30.0,65.0,1.2,,,0.008598,0.010318,0.0,0.010318
2026-06-01 16:45:00,1,Tomato,Mid-season,Loam,29.975,54.55,292.75,2.6750000000000003,0.0,55.0,70.0,25.0,60.0,1.15,,,0.009041,0.010397,0.0,0.010397
2026-06-01 16:45:00,2,Wheat,Development,Sandy,29.975,54.55,292.75,2.6750000000000003,0.0,42.0,60.0,18.0,55.0,0.85,,,0.009041,0.007685,0.0,0.007685
2026-06-01 16:45:00,3,Maize,Mid-season,Clay,29.975,54.55,292.75,2.6750000000000003,0.0,65.0,75.0,30.0,65.0,1.2,,,0.009041,0.010849,0.0,0.010849
2026-06-01 16:46:00,1,Tomato,Mid-season,Loam,29.94333333333333,54.64666666666667,289.24,2.67,0.0,55.0,70.0,25.0,60.0,1.15,,,0.008552,0.009835,0.0,0.009835
2026-06-01 16:46:00,2,Wheat,Development,Sandy,29.94333333333333,54.64666666666667,289.24,2.67,0.0,42.0,60.0,18.0,55.0,0.85,,,0.008552,0.007269,0.0,0.007269
2026-06-01 16:46:00,3,Maize,Mid-season,Clay,29.94333333333333,54.64666666666667,289.24,2.67,0.0,65.0,75.0,30.0,65.0,1.2,,,0.008552,0.010262,0.0,0.010262
2026-06-01 16:47:00,1,Tomato,Mid-season,Loam,29.911666666666665,54.74333333333333,285.73,2.665,0.0,55.0,70.0,25.0,60.0,1.15,,,0.008152,0.009375,0.0,0.009375
2026-06-01 16:47:00,2,Wheat,Development,Sandy,29.911666666666665,54.74333333333333,285.73,2.665,0.0,42.0,60.0,18.0,55.0,0.85,,,0.008152,0.006929,0.0,0.006929
2026-06-01 16:47:00,3,Maize,Mid-season,Clay,29.911666666666665,54.74333333333333,285.73,2.665,0.0,65.0,75.0,30.0,65.0,1.2,,,0.008152,0.009782,0.0,0.009782
2026-06-01 16:48:00,1,Tomato,Mid-season,Loam,29.88,54.84,282.22,2.66,0.0,55.0,70.0,25.0,60.0,1.15,,,0.008519,0.009797,0.0,0.009797
2026-06-01 16:48:00,2,Wheat,Development,Sandy,29.88,54.84,282.22,2.66,0.0,42.0,60.0,18.0,55.0,0.85,,,0.008519,0.007241,0.0,0.007241
2026-06-01 16:48:00,3,Maize,Mid-season,Clay,29.88,54.84,282.22,2.66,0.0,65.0,75.0,30.0,65.0,1.2,,,0.008519,0.010223,0.0,0.010223
2026-06-01 16:49:00,1,Tomato,Mid-season,Loam,29.848333333333333,54.93666666666667,278.71,2.655,0.0,55.0,70.0,25.0,60.0,1.15,,,0.008494,0.009768,0.0,0.009768
2026-06-01 16:49:00,2,Wheat,Development,Sandy,29.848333333333333,54.93666666666667,278.71,2.655,0.0,42.0,60.0,18.0,55.0,0.85,,,0.008494,0.00722,0.0,0.00722
2026-06-01 16:49:00,3,Maize,Mid-season,Clay,29.848333333333333,54.93666666666667,278.71,2.655,0.0,65.0,75.0,30.0,65.0,1.2,,,0.008494,0.010193,0.0,0.010193
2026-06-01 16:50:00,1,Tomato,Mid-season,Loam,29.816666666666663,55.03333333333333,275.2,2.65,0.0,55.0,70.0,25.0,60.0,1.15,,,0.008145,0.009367,0.0,0.009367
2026-06-01 16:50:00,2,Wheat,Development,Sandy,29.816666666666663,55.03333333333333,275.2,2.65,0.0,42.0,60.0,18.0,55.0,0.85,,,0.008145,0.006923,0.0,0.006923
2026-06-01 16:50:00,3,Maize,Mid-season,Clay,29.816666666666663,55.03333333333333,275.2,2.65,0.0,65.0,75.0,30.0,65.0,1.2,,,0.008145,0.009774,0.0,0.009774
2026-06-01 16:51:00,1,Tomato,Mid-season,Loam,29.785,55.13,271.69,2.645,0.0,55.0,70.0,25.0,60.0,1.15,,,0.008246,0.009483,0.0,0.009483
2026-06-01 16:51:00,2,Wheat,Development,Sandy,29.785,55.13,271.69,2.645,0.0,42.0,60.0,18.0,55.0,0.85,,,0.008246,0.007009,0.0,0.007009
2026-06-01 16:51:00,3,Maize,Mid-season,Clay,29.785,55.13,271.69,2.645,0.0,65.0,75.0,30.0,65.0,1.2,,,0.008246,0.009895,0.0,0.009895
2026-06-01 16:52:00,1,Tomato,Mid-season,Loam,29.75333333333333,55.22666666666667,268.17999999999995,2.64,0.0,55.0,70.0,25.0,60.0,1.15,,,0.008313,0.00956,0.0,0.00956
2026-06-01 16:52:00,2,Wheat,Development,Sandy,29.75333333333333,55.22666666666667,268.17999999999995,2.64,0.0,42.0,60.0,18.0,55.0,0.85,,,0.008313,0.007066,0.0,0.007066
2026-06-01 16:52:00,3,Maize,Mid-season,Clay,29.75333333333333,55.22666666666667,268.17999999999995,2.64,0.0,65.0,75.0,30.0,65.0,1.2,,,0.008313,0.009976,0.0,0.009976
2026-06-01 16:53:00,1,Tomato,Mid-season,Loam,29.721666666666668,55.32333333333334,264.67,2.635,0.0,55.0,70.0,25.0,60.0,1.15,,,0.008102,0.009317,0.0,0.009317
2026-06-01 16:53:00,2,Wheat,Development,Sandy,29.721666666666668,55.32333333333334,264.67,2.635,0.0,42.0,60.0,18.0,55.0,0.85,,,0.008102,0.006887,0.0,0.006887
2026-06-01 16:53:00,3,Maize,Mid-season,Clay,29.721666666666668,55.32333333333334,264.67,2.635,0.0,65.0,75.0,30.0,65.0,1.2,,,0.008102,0.009722,0.0,0.009722
2026-06-01 16:54:00,1,Tomato,Mid-season,Loam,29.69,55.42,261.16,2.63,0.0,55.0,70.0,25.0,60.0,1.15,,,0.008064,0.009274,0.0,0.009274
2026-06-01 16:54:00,2,Wheat,Development,Sandy,29.69,55.42,261.16,2.63,0.0,42.0,60.0,18.0,55.0,0.85,,,0.008064,0.006854,0.0,0.006854
2026-06-01 16:54:00,3,Maize,Mid-season,Clay,29.69,55.42,261.16,2.63,0.0,65.0,75.0,30.0,65.0,1.2,,,0.008064,0.009677,0.0,0.009677
2026-06-01 16:55:00,1,Tomato,Mid-season,Loam,29.65833333333333,55.516666666666666,257.65,2.625,0.0,55.0,70.0,25.0,60.0,1.15,,,0.007944,0.009136,0.0,0.009136
2026-06-01 16:55:00,2,Wheat,Development,Sandy,29.65833333333333,55.516666666666666,257.65,2.625,0.0,42.0,60.0,18.0,55.0,0.85,,,0.007944,0.006752,0.0,0.006752
2026-06-01 16:55:00,3,Maize,Mid-season,Clay,29.65833333333333,55.516666666666666,257.65,2.625,0.0,65.0,75.0,30.0,65.0,1.2,,,0.007944,0.009533,0.0,0.009533
2026-06-01 16:56:00,1,Tomato,Mid-season,Loam,29.626666666666665,55.61333333333333,254.14,2.62,0.0,55.0,70.0,25.0,60.0,1.15,,,0.008302,0.009547,0.0,0.009547
2026-06-01 16:56:00,2,Wheat,Development,Sandy,29.626666666666665,55.61333333333333,254.14,2.62,0.0,42.0,60.0,18.0,55.0,0.85,,,0.008302,0.007057,0.0,0.007057
2026-06-01 16:56:00,3,Maize,Mid-season,Clay,29.626666666666665,55.61333333333333,254.14,2.62,0.0,65.0,75.0,30.0,65.0,1.2,,,0.008302,0.009962,0.0,0.009962
2026-06-01 16:57:00,1,Tomato,Mid-season,Loam,29.595,55.71,250.63,2.615,0.0,55.0,70.0,25.0,60.0,1.15,,,0.007909,0.009095,0.0,0.009095
2026-06-01 16:57:00,2,Wheat,Development,Sandy,29.595,55.71,250.63,2.615,0.0,42.0,60.0,18.0,55.0,0.85,,,0.007909,0.006723,0.0,0.006723
2026-06-01 16:57:00,3,Maize,Mid-season,Clay,29.595,55.71,250.63,2.615,0.0,65.0,75.0,30.0,65.0,1.2,,,0.007909,0.009491,0.0,0.009491
2026-06-01 16:58:00,1,Tomato,Mid-season,Loam,29.563333333333333,55.806666666666665,247.12,2.6100000000000003,0.0,55.0,70.0,25.0,60.0,1.15,,,0.007655,0.008803,0.0,0.008803
2026-06-01 16:58:00,2,Wheat,Development,Sandy,29.563333333333333,55.806666666666665,247.12,2.6100000000000003,0.0,42.0,60.0,18.0,55.0,0.85,,,0.007655,0.006507,0.0,0.006507
2026-06-01 16:58:00,3,Maize,Mid-season,Clay,29.563333333333333,55.806666666666665,247.12,2.6100000000000003,0.0,65.0,75.0,30.0,65.0,1.2,,,0.007655,0.009186,0.0,0.009186
2026-06-01 16:59:00,1,Tomato,Mid-season,Loam,29.531666666666663,55.903333333333336,243.61,2.605,0.0,55.0,70.0,25.0,60.0,1.15,,,0.007718,0.008876,0.0,0.008876
2026-06-01 16:59:00,2,Wheat,Development,Sandy,29.531666666666663,55.903333333333336,243.61,2.605,0.0,42.0,60.0,18.0,55.0,0.85,,,0.007718,0.00656,0.0,0.00656
2026-06-01 16:59:00,3,Maize,Mid-season,Clay,29.531666666666663,55.903333333333336,243.61,2.605,0.0,65.0,75.0,30.0,65.0,1.2,,,0.007718,0.009262,0.0,0.009262
2026-06-01 17:00:00,1,Tomato,Mid-season,Loam,29.5,56.0,240.1,2.6,0.0,55.0,70.0,25.0,60.0,1.15,,,0.00767,0.00882,0.0,0.00882
2026-06-01 17:00:00,2,Wheat,Development,Sandy,29.5,56.0,240.1,2.6,0.0,42.0,60.0,18.0,55.0,0.85,,,0.00767,0.006519,0.0,0.006519
2026-06-01 17:00:00,3,Maize,Mid-season,Clay,29.5,56.0,240.1,2.6,0.0,65.0,75.0,30.0,65.0,1.2,,,0.00767,0.009204,0.0,0.009204
2026-06-01 17:01:00,1,Tomato,Mid-season,Loam,29.461666666666662,56.11333333333334,237.35333333333327,2.595,0.0,55.0,70.0,25.0,60.0,1.15,,,0.007626,0.00877,0.0,0.00877
2026-06-01 17:01:00,2,Wheat,Development,Sandy,29.461666666666662,56.11333333333334,237.35333333333327,2.595,0.0,42.0,60.0,18.0,55.0,0.85,,,0.007626,0.006482,0.0,0.006482
2026-06-01 17:01:00,3,Maize,Mid-season,Clay,29.461666666666662,56.11333333333334,237.35333333333327,2.595,0.0,65.0,75.0,30.0,65.0,1.2,,,0.007626,0.009151,0.0,0.009151
2026-06-01 17:02:00,1,Tomato,Mid-season,Loam,29.42333333333333,56.22666666666667,234.60666666666663,2.59,0.0,55.0,70.0,25.0,60.0,1.15,,,0.007834,0.009009,0.0,0.009009
2026-06-01 17:02:00,2,Wheat,Development,Sandy,29.42333333333333,56.22666666666667,234.60666666666663,2.59,0.0,42.0,60.0,18.0,55.0,0.85,,,0.007834,0.006659,0.0,0.006659
2026-06-01 17:02:00,3,Maize,Mid-season,Clay,29.42333333333333,56.22666666666667,234.60666666666663,2.59,0.0,65.0,75.0,30.0,65.0,1.2,,,0.007834,0.009401,0.0,0.009401
2026-06-01 17:03:00,1,Tomato,Mid-season,Loam,29.385,56.34,231.86,2.585,0.0,55.0,70.0,25.0,60.0,1.15,,,0.007353,0.008456,0.0,0.008456
2026-06-01 17:03:00,2,Wheat,Development,Sandy,29.385,56.34,231.86,2.585,0.0,42.0,60.0,18.0,55.0,0.85,,,0.007353,0.00625,0.0,0.00625
2026-06-01 17:03:00,3,Maize,Mid-season,Clay,29.385,56.34,231.86,2.585,0.0,65.0,75.0,30.0,65.0,1.2,,,0.007353,0.008824,0.0,0.008824
2026-06-01 17:04:00,1,Tomato,Mid-season,Loam,29.346666666666668,56.45333333333333,229.1133333333333,2.58,0.0,55.0,70.0,25.0,60.0,1.15,,,0.007552,0.008685,0.0,0.008685
2026-06-01 17:04:00,2,Wheat,Development,Sandy,29.346666666666668,56.45333333333333,229.1133333333333,2.58,0.0,42.0,60.0,18.0,55.0,0.85,,,0.007552,0.006419,0.0,0.006419
2026-06-01 17:04:00,3,Maize,Mid-season,Clay,29.346666666666668,56.45333333333333,229.1133333333333,2.58,0.0,65.0,75.0,30.0,65.0,1.2,,,0.007552,0.009062,0.0,0.009062
2026-06-01 17:05:00,1,Tomato,Mid-season,Loam,29.308333333333334,56.56666666666667,226.36666666666667,2.575,0.0,55.0,70.0,25.0,60.0,1.15,,,0.007417,0.00853,0.0,0.00853
2026-06-01 17:05:00,2,Wheat,Development,Sandy,29.308333333333334,56.56666666666667,226.36666666666667,2.575,0.0,42.0,60.0,18.0,55.0,0.85,,,0.007417,0.006304,0.0,0.006304
2026-06-01 17:05:00,3,Maize,Mid-season,Clay,29.308333333333334,56.56666666666667,226.36666666666667,2.575,0.0,65.0,75.0,30.0,65.0,1.2,,,0.007417,0.0089,0.0,0.0089
2026-06-01 17:06:00,1,Tomato,Mid-season,Loam,29.27,56.68,223.62,2.5700000000000003,0.0,55.0,70.0,25.0,60.0,1.15,,,0.007396,0.008505,0.0,0.008505
2026-06-01 17:06:00,2,Wheat,Development,Sandy,29.27,56.68,223.62,2.5700000000000003,0.0,42.0,60.0,18.0,55.0,0.85,,,0.007396,0.006287,0.0,0.006287
2026-06-01 17:06:00,3,Maize,Mid-season,Clay,29.27,56.68,223.62,2.5700000000000003,0.0,65.0,75.0,30.0,65.0,1.2,,,0.007396,0.008875,0.0,0.008875
2026-06-01 17:07:00,1,Tomato,Mid-season,Loam,29.231666666666666,56.79333333333334,220.8733333333333,2.565,0.0,55.0,70.0,25.0,60.0,1.15,,,0.008002,0.009202,0.0,0.009202
2026-06-01 17:07:00,2,Wheat,Development,Sandy,29.231666666666666,56.79333333333334,220.8733333333333,2.565,0.0,42.0,60.0,18.0,55.0,0.85,,,0.008002,0.006802,0.0,0.006802
2026-06-01 17:07:00,3,Maize,Mid-season,Clay,29.231666666666666,56.79333333333334,220.8733333333333,2.565,0.0,65.0,75.0,30.0,65.0,1.2,,,0.008002,0.009602,0.0,0.009602
2026-06-01 17:08:00,1,Tomato,Mid-season,Loam,29.19333333333333,56.906666666666666,218.1266666666667,2.56,0.0,55.0,70.0,25.0,60.0,1.15,,,0.007754,0.008917,0.0,0.008917
2026-06-01 17:08:00,2,Wheat,Development,Sandy,29.19333333333333,56.906666666666666,218.1266666666667,2.56,0.0,42.0,60.0,18.0,55.0,0.85,,,0.007754,0.006591,0.0,0.006591
2026-06-01 17:08:00,3,Maize,Mid-season,Clay,29.19333333333333,56.906666666666666,218.1266666666667,2.56,0.0,65.0,75.0,30.0,65.0,1.2,,,0.007754,0.009305,0.0,0.009305
2026-06-01 17:09:00,1,Tomato,Mid-season,Loam,29.155,57.02,215.38,2.555,0.0,55.0,70.0,25.0,60.0,1.15,,,0.007604,0.008745,0.0,0.008745
2026-06-01 17:09:00,2,Wheat,Development,Sandy,29.155,57.02,215.38,2.555,0.0,42.0,60.0,18.0,55.0,0.85,,,0.007604,0.006463,0.0,0.006463
2026-06-01 17:09:00,3,Maize,Mid-season,Clay,29.155,57.02,215.38,2.555,0.0,65.0,75.0,30.0,65.0,1.2,,,0.007604,0.009125,0.0,0.009125
2026-06-01 17:10:00,1,Tomato,Mid-season,Loam,29.116666666666667,57.13333333333333,212.63333333333333,2.55,0.0,55.0,70.0,25.0,60.0,1.15,,,0.007377,0.008484,0.0,0.008484
2026-06-01 17:10:00,2,Wheat,Development,Sandy,29.116666666666667,57.13333333333333,212.63333333333333,2.55,0.0,42.0,60.0,18.0,55.0,0.85,,,0.007377,0.00627,0.0,0.00627
2026-06-01 17:10:00,3,Maize,Mid-season,Clay,29.116666666666667,57.13333333333333,212.63333333333333,2.55,0.0,65.0,75.0,30.0,65.0,1.2,,,0.007377,0.008852,0.0,0.008852
2026-06-01 17:11:00,1,Tomato,Mid-season,Loam,29.078333333333333,57.24666666666667,209.88666666666663,2.545,0.0,55.0,70.0,25.0,60.0,1.15,,,0.007375,0.008481,0.0,0.008481
2026-06-01 17:11:00,2,Wheat,Development,Sandy,29.078333333333333,57.24666666666667,209.88666666666663,2.545,0.0,42.0,60.0,18.0,55.0,0.85,,,0.007375,0.006269,0.0,0.006269
2026-06-01 17:11:00,3,Maize,Mid-season,Clay,29.078333333333333,57.24666666666667,209.88666666666663,2.545,0.0,65.0,75.0,30.0,65.0,1.2,,,0.007375,0.00885,0.0,0.00885
2026-06-01 17:12:00,1,Tomato,Mid-season,Loam,29.04,57.36,207.14,2.54,0.0,55.0,70.0,25.0,60.0,1.15,,,0.007574,0.00871,0.0,0.00871
2026-06-01 17:12:00,2,Wheat,Development,Sandy,29.04,57.36,207.14,2.54,0.0,42.0,60.0,18.0,55.0,0.85,,,0.007574,0.006438,0.0,0.006438
2026-06-01 17:12:00,3,Maize,Mid-season,Clay,29.04,57.36,207.14,2.54,0.0,65.0,75.0,30.0,65.0,1.2,,,0.007574,0.009089,0.0,0.009089
2026-06-01 17:13:00,1,Tomato,Mid-season,Loam,29.001666666666665,57.473333333333336,204.3933333333333,2.535,0.0,55.0,70.0,25.0,60.0,1.15,,,0.007426,0.00854,0.0,0.00854
2026-06-01 17:13:00,2,Wheat,Development,Sandy,29.001666666666665,57.473333333333336,204.3933333333333,2.535,0.0,42.0,60.0,18.0,55.0,0.85,,,0.007426,0.006312,0.0,0.006312
2026-06-01 17:13:00,3,Maize,Mid-season,Clay,29.001666666666665,57.473333333333336,204.3933333333333,2.535,0.0,65.0,75.0,30.0,65.0,1.2,,,0.007426,0.008911,0.0,0.008911
2026-06-01 17:14:00,1,Tomato,Mid-season,Loam,28.96333333333333,57.586666666666666,201.64666666666665,2.53,0.0,55.0,70.0,25.0,60.0,1.15,,,0.007238,0.008324,0.0,0.008324
2026-06-01 17:14:00,2,Wheat,Development,Sandy,28.96333333333333,57.586666666666666,201.64666666666665,2.53,0.0,42.0,60.0,18.0,55.0,0.85,,,0.007238,0.006152,0.0,0.006152
2026-06-01 17:14:00,3,Maize,Mid-season,Clay,28.96333333333333,57.586666666666666,201.64666666666665,2.53,0.0,65.0,75.0,30.0,65.0,1.2,,,0.007238,0.008686,0.0,0.008686
2026-06-01 17:15:00,1,Tomato,Mid-season,Loam,28.925,57.7,198.9,2.525,0.0,55.0,70.0,25.0,60.0,1.15,,,0.007417,0.00853,0.0,0.00853
2026-06-01 17:15:00,2,Wheat,Development,Sandy,28.925,57.7,198.9,2.525,0.0,42.0,60.0,18.0,55.0,0.85,,,0.007417,0.006304,0.0,0.006304
2026-06-01 17:15:00,3,Maize,Mid-season,Clay,28.925,57.7,198.9,2.525,0.0,65.0,75.0,30.0,65.0,1.2,,,0.007417,0.0089,0.0,0.0089
2026-06-01 17:16:00,1,Tomato,Mid-season,Loam,28.886666666666667,57.81333333333333,196.1533333333333,2.52,0.0,55.0,70.0,25.0,60.0,1.15,,,0.006765,0.00778,0.0,0.00778
2026-06-01 17:16:00,2,Wheat,Development,Sandy,28.886666666666667,57.81333333333333,196.1533333333333,2.52,0.0,42.0,60.0,18.0,55.0,0.85,,,0.006765,0.00575,0.0,0.00575
2026-06-01 17:16:00,3,Maize,Mid-season,Clay,28.886666666666667,57.81333333333333,196.1533333333333,2.52,0.0,65.0,75.0,30.0,65.0,1.2,,,0.006765,0.008118,0.0,0.008118
2026-06-01 17:17:00,1,Tomato,Mid-season,Loam,28.848333333333333,57.92666666666667,193.40666666666667,2.515,0.0,55.0,70.0,25.0,60.0,1.15,,,0.007254,0.008342,0.0,0.008342
2026-06-01 17:17:00,2,Wheat,Development,Sandy,28.848333333333333,57.92666666666667,193.40666666666667,2.515,0.0,42.0,60.0,18.0,55.0,0.85,,,0.007254,0.006166,0.0,0.006166
2026-06-01 17:17:00,3,Maize,Mid-season,Clay,28.848333333333333,57.92666666666667,193.40666666666667,2.515,0.0,65.0,75.0,30.0,65.0,1.2,,,0.007254,0.008705,0.0,0.008705
2026-06-01 17:18:00,1,Tomato,Mid-season,Loam,28.81,58.04,190.66,2.51,0.0,55.0,70.0,25.0,60.0,1.15,,,0.007285,0.008378,0.0,0.008378
2026-06-01 17:18:00,2,Wheat,Development,Sandy,28.81,58.04,190.66,2.51,0.0,42.0,60.0,18.0,55.0,0.85,,,0.007285,0.006192,0.0,0.006192
2026-06-01 17:18:00,3,Maize,Mid-season,Clay,28.81,58.04,190.66,2.51,0.0,65.0,75.0,30.0,65.0,1.2,,,0.007285,0.008742,0.0,0.008742
2026-06-01 17:19:00,1,Tomato,Mid-season,Loam,28.771666666666665,58.153333333333336,187.91333333333333,2.505,0.0,55.0,70.0,25.0,60.0,1.15,,,0.007112,0.008179,0.0,0.008179
2026-06-01 17:19:00,2,Wheat,Development,Sandy,28.771666666666665,58.153333333333336,187.91333333333333,2.505,0.0,42.0,60.0,18.0,55.0,0.85,,,0.007112,0.006045,0.0,0.006045
2026-06-01 17:19:00,3,Maize,Mid-season,Clay,28.771666666666665,58.153333333333336,187.91333333333333,2.505,0.0,65.0,75.0,30.0,65.0,1.2,,,0.007112,0.008534,0.0,0.008534
2026-06-01 17:20:00,1,Tomato,Mid-season,Loam,28.73333333333333,58.266666666666666,185.16666666666663,2.5,0.0,55.0,70.0,25.0,60.0,1.15,,,0.00729,0.008383,0.0,0.008383
2026-06-01 17:20:00,2,Wheat,Development,Sandy,28.73333333333333,58.266666666666666,185.16666666666663,2.5,0.0,42.0,60.0,18.0,55.0,0.85,,,0.00729,0.006196,0.0,0.006196
2026-06-01 17:20:00,3,Maize,Mid-season,Clay,28.73333333333333,58.266666666666666,185.16666666666663,2.5,0.0,65.0,75.0,30.0,65.0,1.2,,,0.00729,0.008748,0.0,0.008748
2026-06-01 17:21:00,1,Tomato,Mid-season,Loam,28.695,58.38,182.42,2.495,0.0,55.0,70.0,25.0,60.0,1.15,,,0.007005,0.008056,0.0,0.008056
2026-06-01 17:21:00,2,Wheat,Development,Sandy,28.695,58.38,182.42,2.495,0.0,42.0,60.0,18.0,55.0,0.85,,,0.007005,0.005954,0.0,0.005954
2026-06-01 17:21:00,3,Maize,Mid-season,Clay,28.695,58.38,182.42,2.495,0.0,65.0,75.0,30.0,65.0,1.2,,,0.007005,0.008406,0.0,0.008406
2026-06-01 17:22:00,1,Tomato,Mid-season,Loam,28.656666666666663,58.49333333333333,179.67333333333332,2.49,0.0,55.0,70.0,25.0,60.0,1.15,,,0.007344,0.008446,0.0,0.008446
2026-06-01 17:22:00,2,Wheat,Development,Sandy,28.656666666666663,58.49333333333333,179.67333333333332,2.49,0.0,42.0,60.0,18.0,55.0,0.85,,,0.007344,0.006242,0.0,0.006242
2026-06-01 17:22:00,3,Maize,Mid-season,Clay,28.656666666666663,58.49333333333333,179.67333333333332,2.49,0.0,65.0,75.0,30.0,65.0,1.2,,,0.007344,0.008813,0.0,0.008813
2026-06-01 17:23:00,1,Tomato,Mid-season,Loam,28.61833333333333,58.60666666666667,176.92666666666665,2.485,0.0,55.0,70.0,25.0,60.0,1.15,,,0.006944,0.007986,0.0,0.007986
2026-06-01 17:23:00,2,Wheat,Development,Sandy,28.61833333333333,58.60666666666667,176.92666666666665,2.485,0.0,42.0,60.0,18.0,55.0,0.85,,,0.006944,0.005902,0.0,0.005902
2026-06-01 17:23:00,3,Maize,Mid-season,Clay,28.61833333333333,58.60666666666667,176.92666666666665,2.485,0.0,65.0,75.0,30.0,65.0,1.2,,,0.006944,0.008333,0.0,0.008333
2026-06-01 17:24:00,1,Tomato,Mid-season,Loam,28.58,58.72,174.18,2.48,0.0,55.0,70.0,25.0,60.0,1.15,,,0.006949,0.007991,0.0,0.007991
2026-06-01 17:24:00,2,Wheat,Development,Sandy,28.58,58.72,174.18,2.48,0.0,42.0,60.0,18.0,55.0,0.85,,,0.006949,0.005907,0.0,0.005907
2026-06-01 17:24:00,3,Maize,Mid-season,Clay,28.58,58.72,174.18,2.48,0.0,65.0,75.0,30.0,65.0,1.2,,,0.006949,0.008339,0.0,0.008339
2026-06-01 17:25:00,1,Tomato,Mid-season,Loam,28.541666666666668,58.833333333333336,171.43333333333334,2.475,0.0,55.0,70.0,25.0,60.0,1.15,,,0.007074,0.008135,0.0,0.008135
2026-06-01 17:25:00,2,Wheat,Development,Sandy,28.541666666666668,58.833333333333336,171.43333333333334,2.475,0.0,42.0,60.0,18.0,55.0,0.85,,,0.007074,0.006013,0.0,0.006013
2026-06-01 17:25:00,3,Maize,Mid-season,Clay,28.541666666666668,58.833333333333336,171.43333333333334,2.475,0.0,65.0,75.0,30.0,65.0,1.2,,,0.007074,0.008489,0.0,0.008489
2026-06-01 17:26:00,1,Tomato,Mid-season,Loam,28.50333333333333,58.946666666666665,168.68666666666667,2.47,0.0,55.0,70.0,25.0,60.0,1.15,,,0.006799,0.007819,0.0,0.007819
2026-06-01 17:26:00,2,Wheat,Development,Sandy,28.50333333333333,58.946666666666665,168.68666666666667,2.47,0.0,42.0,60.0,18.0,55.0,0.85,,,0.006799,0.005779,0.0,0.005779
2026-06-01 17:26:00,3,Maize,Mid-season,Clay,28.50333333333333,58.946666666666665,168.68666666666667,2.47,0.0,65.0,75.0,30.0,65.0,1.2,,,0.006799,0.008159,0.0,0.008159
2026-06-01 17:27:00,1,Tomato,Mid-season,Loam,28.465,59.06,165.94,2.465,0.0,55.0,70.0,25.0,60.0,1.15,,,0.007224,0.008308,0.0,0.008308
2026-06-01 17:27:00,2,Wheat,Development,Sandy,28.465,59.06,165.94,2.465,0.0,42.0,60.0,18.0,55.0,0.85,,,0.007224,0.00614,0.0,0.00614
2026-06-01 17:27:00,3,Maize,Mid-season,Clay,28.465,59.06,165.94,2.465,0.0,65.0,75.0,30.0,65.0,1.2,,,0.007224,0.008669,0.0,0.008669
2026-06-01 17:28:00,1,Tomato,Mid-season,Loam,28.426666666666662,59.17333333333333,163.19333333333333,2.46,0.0,55.0,70.0,25.0,60.0,1.15,,,0.006998,0.008048,0.0,0.008048
2026-06-01 17:28:00,2,Wheat,Development,Sandy,28.426666666666662,59.17333333333333,163.19333333333333,2.46,0.0,42.0,60.0,18.0,55.0,0.85,,,0.006998,0.005948,0.0,0.005948
2026-06-01 17:28:00,3,Maize,Mid-season,Clay,28.426666666666662,59.17333333333333,163.19333333333333,2.46,0.0,65.0,75.0,30.0,65.0,1.2,,,0.006998,0.008398,0.0,0.008398
2026-06-01 17:29:00,1,Tomato,Mid-season,Loam,28.38833333333333,59.28666666666667,160.44666666666666,2.455,0.0,55.0,70.0,25.0,60.0,1.15,,,0.007005,0.008056,0.0,0.008056
2026-06-01 17:29:00,2,Wheat,Development,Sandy,28.38833333333333,59.28666666666667,160.44666666666666,2.455,0.0,42.0,60.0,18.0,55.0,0.85,,,0.007005,0.005954,0.0,0.005954
2026-06-01 17:29:00,3,Maize,Mid-season,Clay,28.38833333333333,59.28666666666667,160.44666666666666,2.455,0.0,65.0,75.0,30.0,65.0,1.2,,,0.007005,0.008406,0.0,0.008406
2026-06-01 17:30:00,1,Tomato,Mid-season,Loam,28.35,59.4,157.7,2.45,0.0,55.0,70.0,25.0,60.0,1.15,,,0.006903,0.007938,0.0,0.007938
2026-06-01 17:30:00,2,Wheat,Development,Sandy,28.35,59.4,157.7,2.45,0.0,42.0,60.0,18.0,55.0,0.85,,,0.006903,0.005868,0.0,0.005868
2026-06-01 17:30:00,3,Maize,Mid-season,Clay,28.35,59.4,157.7,2.45,0.0,65.0,75.0,30.0,65.0,1.2,,,0.006903,0.008284,0.0,0.008284
2026-06-01 17:31:00,1,Tomato,Mid-season,Loam,28.311666666666667,59.513333333333335,154.95333333333332,2.445,0.0,55.0,70.0,25.0,60.0,1.15,,,0.006604,0.007595,0.0,0.007595
2026-06-01 17:31:00,2,Wheat,Development,Sandy,28.311666666666667,59.513333333333335,154.95333333333332,2.445,0.0,42.0,60.0,18.0,55.0,0.85,,,0.006604,0.005613,0.0,0.005613
2026-06-01 17:31:00,3,Maize,Mid-season,Clay,28.311666666666667,59.513333333333335,154.95333333333332,2.445,0.0,65.0,75.0,30.0,65.0,1.2,,,0.006604,0.007925,0.0,0.007925
2026-06-01 17:32:00,1,Tomato,Mid-season,Loam,28.273333333333333,59.626666666666665,152.20666666666665,2.44,0.0,55.0,70.0,25.0,60.0,1.15,,,0.00674,0.007751,0.0,0.007751
2026-06-01 17:32:00,2,Wheat,Development,Sandy,28.273333333333333,59.626666666666665,152.20666666666665,2.44,0.0,42.0,60.0,18.0,55.0,0.85,,,0.00674,0.005729,0.0,0.005729
2026-06-01 17:32:00,3,Maize,Mid-season,Clay,28.273333333333333,59.626666666666665,152.20666666666665,2.44,0.0,65.0,75.0,30.0,65.0,1.2,,,0.00674,0.008088,0.0,0.008088
2026-06-01 17:33:00,1,Tomato,Mid-season,Loam,28.235,59.74,149.45999999999998,2.435,0.0,55.0,70.0,25.0,60.0,1.15,,,0.006485,0.007458,0.0,0.007458
2026-06-01 17:33:00,2,Wheat,Development,Sandy,28.235,59.74,149.45999999999998,2.435,0.0,42.0,60.0,18.0,55.0,0.85,,,0.006485,0.005512,0.0,0.005512
2026-06-01 17:33:00,3,Maize,Mid-season,Clay,28.235,59.74,149.45999999999998,2.435,0.0,65.0,75.0,30.0,65.0,1.2,,,0.006485,0.007782,0.0,0.007782
2026-06-01 17:34:00,1,Tomato,Mid-season,Loam,28.196666666666665,59.85333333333333,146.7133333333333,2.43,0.0,55.0,70.0,25.0,60.0,1.15,,,0.006664,0.007664,0.0,0.007664
2026-06-01 17:34:00,2,Wheat,Development,Sandy,28.196666666666665,59.85333333333333,146.7133333333333,2.43,0.0,42.0,60.0,18.0,55.0,0.85,,,0.006664,0.005664,0.0,0.005664
2026-06-01 17:34:00,3,Maize,Mid-season,Clay,28.196666666666665,59.85333333333333,146.7133333333333,2.43,0.0,65.0,75.0,30.0,65.0,1.2,,,0.006664,0.007997,0.0,0.007997
2026-06-01 17:35:00,1,Tomato,Mid-season,Loam,28.15833333333333,59.96666666666667,143.96666666666664,2.425,0.0,55.0,70.0,25.0,60.0,1.15,,,0.00697,0.008015,0.0,0.008015
2026-06-01 17:35:00,2,Wheat,Development,Sandy,28.15833333333333,59.96666666666667,143.96666666666664,2.425,0.0,42.0,60.0,18.0,55.0,0.85,,,0.00697,0.005924,0.0,0.005924
2026-06-01 17:35:00,3,Maize,Mid-season,Clay,28.15833333333333,59.96666666666667,143.96666666666664,2.425,0.0,65.0,75.0,30.0,65.0,1.2,,,0.00697,0.008364,0.0,0.008364
2026-06-01 17:36:00,1,Tomato,Mid-season,Loam,28.12,60.08,141.21999999999997,2.42,0.0,55.0,70.0,25.0,60.0,1.15,,,0.006449,0.007416,0.0,0.007416
2026-06-01 17:36:00,2,Wheat,Development,Sandy,28.12,60.08,141.21999999999997,2.42,0.0,42.0,60.0,18.0,55.0,0.85,,,0.006449,0.005482,0.0,0.005482
2026-06-01 17:36:00,3,Maize,Mid-season,Clay,28.12,60.08,141.21999999999997,2.42,0.0,65.0,75.0,30.0,65.0,1.2,,,0.006449,0.007739,0.0,0.007739
2026-06-01 17:37:00,1,Tomato,Mid-season,Loam,28.081666666666667,60.19333333333333,138.47333333333333,2.415,0.0,55.0,70.0,25.0,60.0,1.15,,,0.00612,0.007038,0.0,0.007038
2026-06-01 17:37:00,2,Wheat,Development,Sandy,28.081666666666667,60.19333333333333,138.47333333333333,2.415,0.0,42.0,60.0,18.0,55.0,0.85,,,0.00612,0.005202,0.0,0.005202
2026-06-01 17:37:00,3,Maize,Mid-season,Clay,28.081666666666667,60.19333333333333,138.47333333333333,2.415,0.0,65.0,75.0,30.0,65.0,1.2,,,0.00612,0.007344,0.0,0.007344
2026-06-01 17:38:00,1,Tomato,Mid-season,Loam,28.043333333333333,60.306666666666665,135.72666666666666,2.41,0.0,55.0,70.0,25.0,60.0,1.15,,,0.006303,0.007248,0.0,0.007248
2026-06-01 17:38:00,2,Wheat,Development,Sandy,28.043333333333333,60.306666666666665,135.72666666666666,2.41,0.0,42.0,60.0,18.0,55.0,0.85,,,0.006303,0.005358,0.0,0.005358
2026-06-01 17:38:00,3,Maize,Mid-season,Clay,28.043333333333333,60.306666666666665,135.72666666666666,2.41,0.0,65.0,75.0,30.0,65.0,1.2,,,0.006303,0.007564,0.0,0.007564
2026-06-01 17:39:00,1,Tomato,Mid-season,Loam,28.005,60.42,132.98,2.405,0.0,55.0,70.0,25.0,60.0,1.15,,,0.006621,0.007614,0.0,0.007614
2026-06-01 17:39:00,2,Wheat,Development,Sandy,28.005,60.42,132.98,2.405,0.0,42.0,60.0,18.0,55.0,0.85,,,0.006621,0.005628,0.0,0.005628
2026-06-01 17:39:00,3,Maize,Mid-season,Clay,28.005,60.42,132.98,2.405,0.0,65.0,75.0,30.0,65.0,1.2,,,0.006621,0.007945,0.0,0.007945
2026-06-01 17:40:00,1,Tomato,Mid-season,Loam,27.966666666666665,60.53333333333333,130.23333333333332,2.4,0.0,55.0,70.0,25.0,60.0,1.15,,,0.006529,0.007508,0.0,0.007508
2026-06-01 17:40:00,2,Wheat,Development,Sandy,27.966666666666665,60.53333333333333,130.23333333333332,2.4,0.0,42.0,60.0,18.0,55.0,0.85,,,0.006529,0.00555,0.0,0.00555
2026-06-01 17:40:00,3,Maize,Mid-season,Clay,27.966666666666665,60.53333333333333,130.23333333333332,2.4,0.0,65.0,75.0,30.0,65.0,1.2,,,0.006529,0.007835,0.0,0.007835
2026-06-01 17:41:00,1,Tomato,Mid-season,Loam,27.92833333333333,60.64666666666667,127.48666666666664,2.395,0.0,55.0,70.0,25.0,60.0,1.15,,,0.006287,0.00723,0.0,0.00723
2026-06-01 17:41:00,2,Wheat,Development,Sandy,27.92833333333333,60.64666666666667,127.48666666666664,2.395,0.0,42.0,60.0,18.0,55.0,0.85,,,0.006287,0.005344,0.0,0.005344
2026-06-01 17:41:00,3,Maize,Mid-season,Clay,27.92833333333333,60.64666666666667,127.48666666666664,2.395,0.0,65.0,75.0,30.0,65.0,1.2,,,0.006287,0.007544,0.0,0.007544
2026-06-01 17:42:00,1,Tomato,Mid-season,Loam,27.89,60.76,124.74,2.39,0.0,55.0,70.0,25.0,60.0,1.15,,,0.006291,0.007235,0.0,0.007235
2026-06-01 17:42:00,2,Wheat,Development,Sandy,27.89,60.76,124.74,2.39,0.0,42.0,60.0,18.0,55.0,0.85,,,0.006291,0.005347,0.0,0.005347
2026-06-01 17:42:00,3,Maize,Mid-season,Clay,27.89,60.76,124.74,2.39,0.0,65.0,75.0,30.0,65.0,1.2,,,0.006291,0.007549,0.0,0.007549
2026-06-01 17:43:00,1,Tomato,Mid-season,Loam,27.851666666666667,60.873333333333335,121.99333333333333,2.385,0.0,55.0,70.0,25.0,60.0,1.15,,,0.006328,0.007277,0.0,0.007277
2026-06-01 17:43:00,2,Wheat,Development,Sandy,27.851666666666667,60.873333333333335,121.99333333333333,2.385,0.0,42.0,60.0,18.0,55.0,0.85,,,0.006328,0.005379,0.0,0.005379
2026-06-01 17:43:00,3,Maize,Mid-season,Clay,27.851666666666667,60.873333333333335,121.99333333333333,2.385,0.0,65.0,75.0,30.0,65.0,1.2,,,0.006328,0.007594,0.0,0.007594
2026-06-01 17:44:00,1,Tomato,Mid-season,Loam,27.813333333333333,60.986666666666665,119.24666666666666,2.38,0.0,55.0,70.0,25.0,60.0,1.15,,,0.006437,0.007403,0.0,0.007403
2026-06-01 17:44:00,2,Wheat,Development,Sandy,27.813333333333333,60.986666666666665,119.24666666666666,2.38,0.0,42.0,60.0,18.0,55.0,0.85,,,0.006437,0.005471,0.0,0.005471
2026-06-01 17:44:00,3,Maize,Mid-season,Clay,27.813333333333333,60.986666666666665,119.24666666666666,2.38,0.0,65.0,75.0,30.0,65.0,1.2,,,0.006437,0.007724,0.0,0.007724
2026-06-01 17:45:00,1,Tomato,Mid-season,Loam,27.775,61.1,116.5,2.375,0.0,55.0,70.0,25.0,60.0,1.15,,,0.006366,0.007321,0.0,0.007321
2026-06-01 17:45:00,2,Wheat,Development,Sandy,27.775,61.1,116.5,2.375,0.0,42.0,60.0,18.0,55.0,0.85,,,0.006366,0.005411,0.0,0.005411
2026-06-01 17:45:00,3,Maize,Mid-season,Clay,27.775,61.1,116.5,2.375,0.0,65.0,75.0,30.0,65.0,1.2,,,0.006366,0.007639,0.0,0.007639
2026-06-01 17:46:00,1,Tomato,Mid-season,Loam,27.736666666666665,61.21333333333333,113.75333333333332,2.37,0.0,55.0,70.0,25.0,60.0,1.15,,,0.006052,0.00696,0.0,0.00696
2026-06-01 17:46:00,2,Wheat,Development,Sandy,27.736666666666665,61.21333333333333,113.75333333333332,2.37,0.0,42.0,60.0,18.0,55.0,0.85,,,0.006052,0.005144,0.0,0.005144
2026-06-01 17:46:00,3,Maize,Mid-season,Clay,27.736666666666665,61.21333333333333,113.75333333333332,2.37,0.0,65.0,75.0,30.0,65.0,1.2,,,0.006052,0.007262,0.0,0.007262
2026-06-01 17:47:00,1,Tomato,Mid-season,Loam,27.69833333333333,61.32666666666667,111.00666666666666,2.365,0.0,55.0,70.0,25.0,60.0,1.15,,,0.006102,0.007017,0.0,0.007017
2026-06-01 17:47:00,2,Wheat,Development,Sandy,27.69833333333333,61.32666666666667,111.00666666666666,2.365,0.0,42.0,60.0,18.0,55.0,0.85,,,0.006102,0.005187,0.0,0.005187
2026-06-01 17:47:00,3,Maize,Mid-season,Clay,27.69833333333333,61.32666666666667,111.00666666666666,2.365,0.0,65.0,75.0,30.0,65.0,1.2,,,0.006102,0.007322,0.0,0.007322
2026-06-01 17:48:00,1,Tomato,Mid-season,Loam,27.66,61.44,108.26,2.36,0.0,55.0,70.0,25.0,60.0,1.15,,,0.006032,0.006937,0.0,0.006937
2026-06-01 17:48:00,2,Wheat,Development,Sandy,27.66,61.44,108.26,2.36,0.0,42.0,60.0,18.0,55.0,0.85,,,0.006032,0.005127,0.0,0.005127
2026-06-01 17:48:00,3,Maize,Mid-season,Clay,27.66,61.44,108.26,2.36,0.0,65.0,75.0,30.0,65.0,1.2,,,0.006032,0.007238,0.0,0.007238
2026-06-01 17:49:00,1,Tomato,Mid-season,Loam,27.621666666666663,61.553333333333335,105.51333333333332,2.355,0.0,55.0,70.0,25.0,60.0,1.15,,,0.00588,0.006762,0.0,0.006762
2026-06-01 17:49:00,2,Wheat,Development,Sandy,27.621666666666663,61.553333333333335,105.51333333333332,2.355,0.0,42.0,60.0,18.0,55.0,0.85,,,0.00588,0.004998,0.0,0.004998
2026-06-01 17:49:00,3,Maize,Mid-season,Clay,27.621666666666663,61.553333333333335,105.51333333333332,2.355,0.0,65.0,75.0,30.0,65.0,1.2,,,0.00588,0.007056,0.0,0.007056
2026-06-01 17:50:00,1,Tomato,Mid-season,Loam,27.58333333333333,61.66666666666666,102.76666666666664,2.35,0.0,55.0,70.0,25.0,60.0,1.15,,,0.006045,0.006952,0.0,0.006952
2026-06-01 17:50:00,2,Wheat,Development,Sandy,27.58333333333333,61.66666666666666,102.76666666666664,2.35,0.0,42.0,60.0,18.0,55.0,0.85,,,0.006045,0.005138,0.0,0.005138
2026-06-01 17:50:00,3,Maize,Mid-season,Clay,27.58333333333333,61.66666666666666,102.76666666666664,2.35,0.0,65.0,75.0,30.0,65.0,1.2,,,0.006045,0.007254,0.0,0.007254
2026-06-01 17:51:00,1,Tomato,Mid-season,Loam,27.545,61.78,100.01999999999998,2.345,0.0,55.0,70.0,25.0,60.0,1.15,,,0.005816,0.006688,0.0,0.006688
2026-06-01 17:51:00,2,Wheat,Development,Sandy,27.545,61.78,100.01999999999998,2.345,0.0,42.0,60.0,18.0,55.0,0.85,,,0.005816,0.004944,0.0,0.004944
2026-06-01 17:51:00,3,Maize,Mid-season,Clay,27.545,61.78,100.01999999999998,2.345,0.0,65.0,75.0,30.0,65.0,1.2,,,0.005816,0.006979,0.0,0.006979
2026-06-01 17:52:00,1,Tomato,Mid-season,Loam,27.506666666666668,61.89333333333333,97.27333333333333,2.34,0.0,55.0,70.0,25.0,60.0,1.15,,,0.005642,0.006488,0.0,0.006488
2026-06-01 17:52:00,2,Wheat,Development,Sandy,27.506666666666668,61.89333333333333,97.27333333333333,2.34,0.0,42.0,60.0,18.0,55.0,0.85,,,0.005642,0.004796,0.0,0.004796
2026-06-01 17:52:00,3,Maize,Mid-season,Clay,27.506666666666668,61.89333333333333,97.27333333333333,2.34,0.0,65.0,75.0,30.0,65.0,1.2,,,0.005642,0.00677,0.0,0.00677
2026-06-01 17:53:00,1,Tomato,Mid-season,Loam,27.468333333333334,62.00666666666667,94.52666666666664,2.335,0.0,55.0,70.0,25.0,60.0,1.15,,,0.005734,0.006594,0.0,0.006594
2026-06-01 17:53:00,2,Wheat,Development,Sandy,27.468333333333334,62.00666666666667,94.52666666666664,2.335,0.0,42.0,60.0,18.0,55.0,0.85,,,0.005734,0.004874,0.0,0.004874
2026-06-01 17:53:00,3,Maize,Mid-season,Clay,27.468333333333334,62.00666666666667,94.52666666666664,2.335,0.0,65.0,75.0,30.0,65.0,1.2,,,0.005734,0.006881,0.0,0.006881
2026-06-01 17:54:00,1,Tomato,Mid-season,Loam,27.43,62.12,91.78,2.33,0.0,55.0,70.0,25.0,60.0,1.15,,,0.005764,0.006629,0.0,0.006629
2026-06-01 17:54:00,2,Wheat,Development,Sandy,27.43,62.12,91.78,2.33,0.0,42.0,60.0,18.0,55.0,0.85,,,0.005764,0.004899,0.0,0.004899
2026-06-01 17:54:00,3,Maize,Mid-season,Clay,27.43,62.12,91.78,2.33,0.0,65.0,75.0,30.0,65.0,1.2,,,0.005764,0.006917,0.0,0.006917
2026-06-01 17:55:00,1,Tomato,Mid-season,Loam,27.391666666666666,62.23333333333333,89.03333333333333,2.325,0.0,55.0,70.0,25.0,60.0,1.15,,,0.005765,0.00663,0.0,0.00663
2026-06-01 17:55:00,2,Wheat,Development,Sandy,27.391666666666666,62.23333333333333,89.03333333333333,2.325,0.0,42.0,60.0,18.0,55.0,0.85,,,0.005765,0.0049,0.0,0.0049
2026-06-01 17:55:00,3,Maize,Mid-season,Clay,27.391666666666666,62.23333333333333,89.03333333333333,2.325,0.0,65.0,75.0,30.0,65.0,1.2,,,0.005765,0.006918,0.0,0.006918
2026-06-01 17:56:00,1,Tomato,Mid-season,Loam,27.35333333333333,62.34666666666666,86.28666666666666,2.32,0.0,55.0,70.0,25.0,60.0,1.15,,,0.005775,0.006641,0.0,0.006641
2026-06-01 17:56:00,2,Wheat,Development,Sandy,27.35333333333333,62.34666666666666,86.28666666666666,2.32,0.0,42.0,60.0,18.0,55.0,0.85,,,0.005775,0.004909,0.0,0.004909
2026-06-01 17:56:00,3,Maize,Mid-season,Clay,27.35333333333333,62.34666666666666,86.28666666666666,2.32,0.0,65.0,75.0,30.0,65.0,1.2,,,0.005775,0.00693,0.0,0.00693
2026-06-01 17:57:00,1,Tomato,Mid-season,Loam,27.315,62.46,83.53999999999999,2.315,0.0,55.0,70.0,25.0,60.0,1.15,,,0.005995,0.006894,0.0,0.006894
2026-06-01 17:57:00,2,Wheat,Development,Sandy,27.315,62.46,83.53999999999999,2.315,0.0,42.0,60.0,18.0,55.0,0.85,,,0.005995,0.005096,0.0,0.005096
2026-06-01 17:57:00,3,Maize,Mid-season,Clay,27.315,62.46,83.53999999999999,2.315,0.0,65.0,75.0,30.0,65.0,1.2,,,0.005995,0.007194,0.0,0.007194
2026-06-01 17:58:00,1,Tomato,Mid-season,Loam,27.276666666666667,62.57333333333333,80.79333333333332,2.31,0.0,55.0,70.0,25.0,60.0,1.15,,,0.005402,0.006212,0.0,0.006212
2026-06-01 17:58:00,2,Wheat,Development,Sandy,27.276666666666667,62.57333333333333,80.79333333333332,2.31,0.0,42.0,60.0,18.0,55.0,0.85,,,0.005402,0.004592,0.0,0.004592
2026-06-01 17:58:00,3,Maize,Mid-season,Clay,27.276666666666667,62.57333333333333,80.79333333333332,2.31,0.0,65.0,75.0,30.0,65.0,1.2,,,0.005402,0.006482,0.0,0.006482
2026-06-01 17:59:00,1,Tomato,Mid-season,Loam,27.238333333333333,62.68666666666667,78.04666666666665,2.305,0.0,55.0,70.0,25.0,60.0,1.15,,,0.005568,0.006403,0.0,0.006403
2026-06-01 17:59:00,2,Wheat,Development,Sandy,27.238333333333333,62.68666666666667,78.04666666666665,2.305,0.0,42.0,60.0,18.0,55.0,0.85,,,0.005568,0.004733,0.0,0.004733
2026-06-01 17:59:00,3,Maize,Mid-season,Clay,27.238333333333333,62.68666666666667,78.04666666666665,2.305,0.0,65.0,75.0,30.0,65.0,1.2,,,0.005568,0.006682,0.0,0.006682
2026-06-01 18:00:00,1,Tomato,Mid-season,Loam,27.2,62.8,75.3,2.3,0.0,55.0,70.0,25.0,60.0,1.15,,,0.005412,0.006224,0.0,0.006224
2026-06-01 18:00:00,2,Wheat,Development,Sandy,27.2,62.8,75.3,2.3,0.0,42.0,60.0,18.0,55.0,0.85,,,0.005412,0.0046,0.0,0.0046
2026-06-01 18:00:00,3,Maize,Mid-season,Clay,27.2,62.8,75.3,2.3,0.0,65.0,75.0,30.0,65.0,1.2,,,0.005412,0.006494,0.0,0.006494
2026-06-01 18:01:00,1,Tomato,Mid-season,Loam,27.16333333333333,62.91166666666666,74.08,2.295,0.0,55.0,70.0,25.0,60.0,1.15,,,0.005689,0.006542,0.0,0.006542
2026-06-01 18:01:00,2,Wheat,Development,Sandy,27.16333333333333,62.91166666666666,74.08,2.295,0.0,42.0,60.0,18.0,55.0,0.85,,,0.005689,0.004836,0.0,0.004836
2026-06-01 18:01:00,3,Maize,Mid-season,Clay,27.16333333333333,62.91166666666666,74.08,2.295,0.0,65.0,75.0,30.0,65.0,1.2,,,0.005689,0.006827,0.0,0.006827
2026-06-01 18:02:00,1,Tomato,Mid-season,Loam,27.126666666666665,63.02333333333333,72.86,2.29,0.0,55.0,70.0,25.0,60.0,1.15,,,0.005217,0.006,0.0,0.006
2026-06-01 18:02:00,2,Wheat,Development,Sandy,27.126666666666665,63.02333333333333,72.86,2.29,0.0,42.0,60.0,18.0,55.0,0.85,,,0.005217,0.004434,0.0,0.004434
2026-06-01 18:02:00,3,Maize,Mid-season,Clay,27.126666666666665,63.02333333333333,72.86,2.29,0.0,65.0,75.0,30.0,65.0,1.2,,,0.005217,0.00626,0.0,0.00626
2026-06-01 18:03:00,1,Tomato,Mid-season,Loam,27.09,63.135,71.64,2.285,0.0,55.0,70.0,25.0,60.0,1.15,,,0.005191,0.00597,0.0,0.00597
2026-06-01 18:03:00,2,Wheat,Development,Sandy,27.09,63.135,71.64,2.285,0.0,42.0,60.0,18.0,55.0,0.85,,,0.005191,0.004412,0.0,0.004412
2026-06-01 18:03:00,3,Maize,Mid-season,Clay,27.09,63.135,71.64,2.285,0.0,65.0,75.0,30.0,65.0,1.2,,,0.005191,0.006229,0.0,0.006229
2026-06-01 18:04:00,1,Tomato,Mid-season,Loam,27.05333333333333,63.24666666666666,70.42,2.28,0.0,55.0,70.0,25.0,60.0,1.15,,,0.005548,0.00638,0.0,0.00638
2026-06-01 18:04:00,2,Wheat,Development,Sandy,27.05333333333333,63.24666666666666,70.42,2.28,0.0,42.0,60.0,18.0,55.0,0.85,,,0.005548,0.004716,0.0,0.004716
2026-06-01 18:04:00,3,Maize,Mid-season,Clay,27.05333333333333,63.24666666666666,70.42,2.28,0.0,65.0,75.0,30.0,65.0,1.2,,,0.005548,0.006658,0.0,0.006658
2026-06-01 18:05:00,1,Tomato,Mid-season,Loam,27.016666666666666,63.35833333333333,69.2,2.275,0.0,55.0,70.0,25.0,60.0,1.15,,,0.005494,0.006318,0.0,0.006318
2026-06-01 18:05:00,2,Wheat,Development,Sandy,27.016666666666666,63.35833333333333,69.2,2.275,0.0,42.0,60.0,18.0,55.0,0.85,,,0.005494,0.00467,0.0,0.00467
2026-06-01 18:05:00,3,Maize,Mid-season,Clay,27.016666666666666,63.35833333333333,69.2,2.275,0.0,65.0,75.0,30.0,65.0,1.2,,,0.005494,0.006593,0.0,0.006593
2026-06-01 18:06:00,1,Tomato,Mid-season,Loam,26.98,63.47,67.97999999999999,2.27,0.0,55.0,70.0,25.0,60.0,1.15,,,0.004998,0.005748,0.0,0.005748
2026-06-01 18:06:00,2,Wheat,Development,Sandy,26.98,63.47,67.97999999999999,2.27,0.0,42.0,60.0,18.0,55.0,0.85,,,0.004998,0.004248,0.0,0.004248
2026-06-01 18:06:00,3,Maize,Mid-season,Clay,26.98,63.47,67.97999999999999,2.27,0.0,65.0,75.0,30.0,65.0,1.2,,,0.004998,0.005998,0.0,0.005998
2026-06-01 18:07:00,1,Tomato,Mid-season,Loam,26.94333333333333,63.58166666666666,66.75999999999999,2.265,0.0,55.0,70.0,25.0,60.0,1.15,,,0.005133,0.005903,0.0,0.005903
2026-06-01 18:07:00,2,Wheat,Development,Sandy,26.94333333333333,63.58166666666666,66.75999999999999,2.265,0.0,42.0,60.0,18.0,55.0,0.85,,,0.005133,0.004363,0.0,0.004363
2026-06-01 18:07:00,3,Maize,Mid-season,Clay,26.94333333333333,63.58166666666666,66.75999999999999,2.265,0.0,65.0,75.0,30.0,65.0,1.2,,,0.005133,0.00616,0.0,0.00616
2026-06-01 18:08:00,1,Tomato,Mid-season,Loam,26.906666666666663,63.69333333333333,65.53999999999999,2.26,0.0,55.0,70.0,25.0,60.0,1.15,,,0.005147,0.005919,0.0,0.005919
2026-06-01 18:08:00,2,Wheat,Development,Sandy,26.906666666666663,63.69333333333333,65.53999999999999,2.26,0.0,42.0,60.0,18.0,55.0,0.85,,,0.005147,0.004375,0.0,0.004375
2026-06-01 18:08:00,3,Maize,Mid-season,Clay,26.906666666666663,63.69333333333333,65.53999999999999,2.26,0.0,65.0,75.0,30.0,65.0,1.2,,,0.005147,0.006176,0.0,0.006176
2026-06-01 18:09:00,1,Tomato,Mid-season,Loam,26.87,63.805,64.32,2.255,0.0,55.0,70.0,25.0,60.0,1.15,,,0.005133,0.005903,0.0,0.005903
2026-06-01 18:09:00,2,Wheat,Development,Sandy,26.87,63.805,64.32,2.255,0.0,42.0,60.0,18.0,55.0,0.85,,,0.005133,0.004363,0.0,0.004363
2026-06-01 18:09:00,3,Maize,Mid-season,Clay,26.87,63.805,64.32,2.255,0.0,65.0,75.0,30.0,65.0,1.2,,,0.005133,0.00616,0.0,0.00616
2026-06-01 18:10:00,1,Tomato,Mid-season,Loam,26.83333333333333,63.91666666666666,63.1,2.25,0.0,55.0,70.0,25.0,60.0,1.15,,,0.005284,0.006077,0.0,0.006077
2026-06-01 18:10:00,2,Wheat,Development,Sandy,26.83333333333333,63.91666666666666,63.1,2.25,0.0,42.0,60.0,18.0,55.0,0.85,,,0.005284,0.004491,0.0,0.004491
2026-06-01 18:10:00,3,Maize,Mid-season,Clay,26.83333333333333,63.91666666666666,63.1,2.25,0.0,65.0,75.0,30.0,65.0,1.2,,,0.005284,0.006341,0.0,0.006341
2026-06-01 18:11:00,1,Tomato,Mid-season,Loam,26.796666666666667,64.02833333333334,61.88,2.245,0.0,55.0,70.0,25.0,60.0,1.15,,,0.005229,0.006013,0.0,0.006013
2026-06-01 18:11:00,2,Wheat,Development,Sandy,26.796666666666667,64.02833333333334,61.88,2.245,0.0,42.0,60.0,18.0,55.0,0.85,,,0.005229,0.004445,0.0,0.004445
2026-06-01 18:11:00,3,Maize,Mid-season,Clay,26.796666666666667,64.02833333333334,61.88,2.245,0.0,65.0,75.0,30.0,65.0,1.2,,,0.005229,0.006275,0.0,0.006275
2026-06-01 18:12:00,1,Tomato,Mid-season,Loam,26.76,64.14,60.66,2.24,0.0,55.0,70.0,25.0,60.0,1.15,,,0.004947,0.005689,0.0,0.005689
2026-06-01 18:12:00,2,Wheat,Development,Sandy,26.76,64.14,60.66,2.24,0.0,42.0,60.0,18.0,55.0,0.85,,,0.004947,0.004205,0.0,0.004205
2026-06-01 18:12:00,3,Maize,Mid-season,Clay,26.76,64.14,60.66,2.24,0.0,65.0,75.0,30.0,65.0,1.2,,,0.004947,0.005936,0.0,0.005936
2026-06-01 18:13:00,1,Tomato,Mid-season,Loam,26.723333333333333,64.25166666666667,59.44,2.235,0.0,55.0,70.0,25.0,60.0,1.15,,,0.005034,0.005789,0.0,0.005789
2026-06-01 18:13:00,2,Wheat,Development,Sandy,26.723333333333333,64.25166666666667,59.44,2.235,0.0,42.0,60.0,18.0,55.0,0.85,,,0.005034,0.004279,0.0,0.004279
2026-06-01 18:13:00,3,Maize,Mid-season,Clay,26.723333333333333,64.25166666666667,59.44,2.235,0.0,65.0,75.0,30.0,65.0,1.2,,,0.005034,0.006041,0.0,0.006041
2026-06-01 18:14:00,1,Tomato,Mid-season,Loam,26.686666666666667,64.36333333333333,58.22,2.23,0.0,55.0,70.0,25.0,60.0,1.15,,,0.005041,0.005797,0.0,0.005797
2026-06-01 18:14:00,2,Wheat,Development,Sandy,26.686666666666667,64.36333333333333,58.22,2.23,0.0,42.0,60.0,18.0,55.0,0.85,,,0.005041,0.004285,0.0,0.004285
2026-06-01 18:14:00,3,Maize,Mid-season,Clay,26.686666666666667,64.36333333333333,58.22,2.23,0.0,65.0,75.0,30.0,65.0,1.2,,,0.005041,0.006049,0.0,0.006049
2026-06-01 18:15:00,1,Tomato,Mid-season,Loam,26.65,64.475,57.0,2.225,0.0,55.0,70.0,25.0,60.0,1.15,,,0.00475,0.005462,0.0,0.005462
2026-06-01 18:15:00,2,Wheat,Development,Sandy,26.65,64.475,57.0,2.225,0.0,42.0,60.0,18.0,55.0,0.85,,,0.00475,0.004037,0.0,0.004037
2026-06-01 18:15:00,3,Maize,Mid-season,Clay,26.65,64.475,57.0,2.225,0.0,65.0,75.0,30.0,65.0,1.2,,,0.00475,0.0057,0.0,0.0057
2026-06-01 18:16:00,1,Tomato,Mid-season,Loam,26.613333333333333,64.58666666666666,55.78,2.22,0.0,55.0,70.0,25.0,60.0,1.15,,,0.004852,0.00558,0.0,0.00558
2026-06-01 18:16:00,2,Wheat,Development,Sandy,26.613333333333333,64.58666666666666,55.78,2.22,0.0,42.0,60.0,18.0,55.0,0.85,,,0.004852,0.004124,0.0,0.004124
2026-06-01 18:16:00,3,Maize,Mid-season,Clay,26.613333333333333,64.58666666666666,55.78,2.22,0.0,65.0,75.0,30.0,65.0,1.2,,,0.004852,0.005822,0.0,0.005822
2026-06-01 18:17:00,1,Tomato,Mid-season,Loam,26.576666666666664,64.69833333333334,54.56,2.215,0.0,55.0,70.0,25.0,60.0,1.15,,,0.004765,0.00548,0.0,0.00548
2026-06-01 18:17:00,2,Wheat,Development,Sandy,26.576666666666664,64.69833333333334,54.56,2.215,0.0,42.0,60.0,18.0,55.0,0.85,,,0.004765,0.00405,0.0,0.00405
2026-06-01 18:17:00,3,Maize,Mid-season,Clay,26.576666666666664,64.69833333333334,54.56,2.215,0.0,65.0,75.0,30.0,65.0,1.2,,,0.004765,0.005718,0.0,0.005718
2026-06-01 18:18:00,1,Tomato,Mid-season,Loam,26.54,64.81,53.34,2.21,0.0,55.0,70.0,25.0,60.0,1.15,,,0.00475,0.005462,0.0,0.005462
2026-06-01 18:18:00,2,Wheat,Development,Sandy,26.54,64.81,53.34,2.21,0.0,42.0,60.0,18.0,55.0,0.85,,,0.00475,0.004037,0.0,0.004037
2026-06-01 18:18:00,3,Maize,Mid-season,Clay,26.54,64.81,53.34,2.21,0.0,65.0,75.0,30.0,65.0,1.2,,,0.00475,0.0057,0.0,0.0057
2026-06-01 18:19:00,1,Tomato,Mid-season,Loam,26.50333333333333,64.92166666666667,52.12,2.205,0.0,55.0,70.0,25.0,60.0,1.15,,,0.004582,0.005269,0.0,0.005269
2026-06-01 18:19:00,2,Wheat,Development,Sandy,26.50333333333333,64.92166666666667,52.12,2.205,0.0,42.0,60.0,18.0,55.0,0.85,,,0.004582,0.003895,0.0,0.003895
2026-06-01 18:19:00,3,Maize,Mid-season,Clay,26.50333333333333,64.92166666666667,52.12,2.205,0.0,65.0,75.0,30.0,65.0,1.2,,,0.004582,0.005498,0.0,0.005498
2026-06-01 18:20:00,1,Tomato,Mid-season,Loam,26.466666666666665,65.03333333333333,50.9,2.2,0.0,55.0,70.0,25.0,60.0,1.15,,,0.00482,0.005543,0.0,0.005543
2026-06-01 18:20:00,2,Wheat,Development,Sandy,26.466666666666665,65.03333333333333,50.9,2.2,0.0,42.0,60.0,18.0,55.0,0.85,,,0.00482,0.004097,0.0,0.004097
2026-06-01 18:20:00,3,Maize,Mid-season,Clay,26.466666666666665,65.03333333333333,50.9,2.2,0.0,65.0,75.0,30.0,65.0,1.2,,,0.00482,0.005784,0.0,0.005784
2026-06-01 18:21:00,1,Tomato,Mid-season,Loam,26.43,65.145,49.67999999999999,2.195,0.0,55.0,70.0,25.0,60.0,1.15,,,0.00448,0.005152,0.0,0.005152
2026-06-01 18:21:00,2,Wheat,Development,Sandy,26.43,65.145,49.67999999999999,2.195,0.0,42.0,60.0,18.0,55.0,0.85,,,0.00448,0.003808,0.0,0.003808
2026-06-01 18:21:00,3,Maize,Mid-season,Clay,26.43,65.145,49.67999999999999,2.195,0.0,65.0,75.0,30.0,65.0,1.2,,,0.00448,0.005376,0.0,0.005376
2026-06-01 18:22:00,1,Tomato,Mid-season,Loam,26.39333333333333,65.25666666666666,48.46,2.19,0.0,55.0,70.0,25.0,60.0,1.15,,,0.004517,0.005195,0.0,0.005195
2026-06-01 18:22:00,2,Wheat,Development,Sandy,26.39333333333333,65.25666666666666,48.46,2.19,0.0,42.0,60.0,18.0,55.0,0.85,,,0.004517,0.003839,0.0,0.003839
2026-06-01 18:22:00,3,Maize,Mid-season,Clay,26.39333333333333,65.25666666666666,48.46,2.19,0.0,65.0,75.0,30.0,65.0,1.2,,,0.004517,0.00542,0.0,0.00542
2026-06-01 18:23:00,1,Tomato,Mid-season,Loam,26.356666666666666,65.36833333333333,47.24,2.185,0.0,55.0,70.0,25.0,60.0,1.15,,,0.004595,0.005284,0.0,0.005284
2026-06-01 18:23:00,2,Wheat,Development,Sandy,26.356666666666666,65.36833333333333,47.24,2.185,0.0,42.0,60.0,18.0,55.0,0.85,,,0.004595,0.003906,0.0,0.003906
2026-06-01 18:23:00,3,Maize,Mid-season,Clay,26.356666666666666,65.36833333333333,47.24,2.185,0.0,65.0,75.0,30.0,65.0,1.2,,,0.004595,0.005514,0.0,0.005514
2026-06-01 18:24:00,1,Tomato,Mid-season,Loam,26.32,65.48,46.02,2.18,0.0,55.0,70.0,25.0,60.0,1.15,,,0.004528,0.005207,0.0,0.005207
2026-06-01 18:24:00,2,Wheat,Development,Sandy,26.32,65.48,46.02,2.18,0.0,42.0,60.0,18.0,55.0,0.85,,,0.004528,0.003849,0.0,0.003849
2026-06-01 18:24:00,3,Maize,Mid-season,Clay,26.32,65.48,46.02,2.18,0.0,65.0,75.0,30.0,65.0,1.2,,,0.004528,0.005434,0.0,0.005434
2026-06-01 18:25:00,1,Tomato,Mid-season,Loam,26.28333333333333,65.59166666666667,44.8,2.175,0.0,55.0,70.0,25.0,60.0,1.15,,,0.004319,0.004967,0.0,0.004967
2026-06-01 18:25:00,2,Wheat,Development,Sandy,26.28333333333333,65.59166666666667,44.8,2.175,0.0,42.0,60.0,18.0,55.0,0.85,,,0.004319,0.003671,0.0,0.003671
2026-06-01 18:25:00,3,Maize,Mid-season,Clay,26.28333333333333,65.59166666666667,44.8,2.175,0.0,65.0,75.0,30.0,65.0,1.2,,,0.004319,0.005183,0.0,0.005183
2026-06-01 18:26:00,1,Tomato,Mid-season,Loam,26.246666666666663,65.70333333333333,43.58,2.17,0.0,55.0,70.0,25.0,60.0,1.15,,,0.004231,0.004866,0.0,0.004866
2026-06-01 18:26:00,2,Wheat,Development,Sandy,26.246666666666663,65.70333333333333,43.58,2.17,0.0,42.0,60.0,18.0,55.0,0.85,,,0.004231,0.003596,0.0,0.003596
2026-06-01 18:26:00,3,Maize,Mid-season,Clay,26.246666666666663,65.70333333333333,43.58,2.17,0.0,65.0,75.0,30.0,65.0,1.2,,,0.004231,0.005077,0.0,0.005077
2026-06-01 18:27:00,1,Tomato,Mid-season,Loam,26.21,65.815,42.36,2.165,0.0,55.0,70.0,25.0,60.0,1.15,,,0.004455,0.005123,0.0,0.005123
2026-06-01 18:27:00,2,Wheat,Development,Sandy,26.21,65.815,42.36,2.165,0.0,42.0,60.0,18.0,55.0,0.85,,,0.004455,0.003787,0.0,0.003787
2026-06-01 18:27:00,3,Maize,Mid-season,Clay,26.21,65.815,42.36,2.165,0.0,65.0,75.0,30.0,65.0,1.2,,,0.004455,0.005346,0.0,0.005346
2026-06-01 18:28:00,1,Tomato,Mid-season,Loam,26.17333333333333,65.92666666666666,41.13999999999999,2.16,0.0,55.0,70.0,25.0,60.0,1.15,,,0.004294,0.004938,0.0,0.004938
2026-06-01 18:28:00,2,Wheat,Development,Sandy,26.17333333333333,65.92666666666666,41.13999999999999,2.16,0.0,42.0,60.0,18.0,55.0,0.85,,,0.004294,0.00365,0.0,0.00365
2026-06-01 18:28:00,3,Maize,Mid-season,Clay,26.17333333333333,65.92666666666666,41.13999999999999,2.16,0.0,65.0,75.0,30.0,65.0,1.2,,,0.004294,0.005153,0.0,0.005153
2026-06-01 18:29:00,1,Tomato,Mid-season,Loam,26.136666666666667,66.03833333333333,39.92,2.155,0.0,55.0,70.0,25.0,60.0,1.15,,,0.004619,0.005312,0.0,0.005312
2026-06-01 18:29:00,2,Wheat,Development,Sandy,26.136666666666667,66.03833333333333,39.92,2.155,0.0,42.0,60.0,18.0,55.0,0.85,,,0.004619,0.003926,0.0,0.003926
2026-06-01 18:29:00,3,Maize,Mid-season,Clay,26.136666666666667,66.03833333333333,39.92,2.155,0.0,65.0,75.0,30.0,65.0,1.2,,,0.004619,0.005543,0.0,0.005543
2026-06-01 18:30:00,1,Tomato,Mid-season,Loam,26.1,66.15,38.7,2.15,0.0,55.0,70.0,25.0,60.0,1.15,,,0.00389,0.004473,0.0,0.004473
2026-06-01 18:30:00,2,Wheat,Development,Sandy,26.1,66.15,38.7,2.15,0.0,42.0,60.0,18.0,55.0,0.85,,,0.00389,0.003306,0.0,0.003306
2026-06-01 18:30:00,3,Maize,Mid-season,Clay,26.1,66.15,38.7,2.15,0.0,65.0,75.0,30.0,65.0,1.2,,,0.00389,0.004668,0.0,0.004668
2026-06-01 18:31:00,1,Tomato,Mid-season,Loam,26.063333333333333,66.26166666666667,37.48,2.145,0.0,55.0,70.0,25.0,60.0,1.15,,,0.004189,0.004817,0.0,0.004817
2026-06-01 18:31:00,2,Wheat,Development,Sandy,26.063333333333333,66.26166666666667,37.48,2.145,0.0,42.0,60.0,18.0,55.0,0.85,,,0.004189,0.003561,0.0,0.003561
2026-06-01 18:31:00,3,Maize,Mid-season,Clay,26.063333333333333,66.26166666666667,37.48,2.145,0.0,65.0,75.0,30.0,65.0,1.2,,,0.004189,0.005027,0.0,0.005027
2026-06-01 18:32:00,1,Tomato,Mid-season,Loam,26.026666666666667,66.37333333333333,36.26,2.14,0.0,55.0,70.0,25.0,60.0,1.15,,,0.003895,0.004479,0.0,0.004479
2026-06-01 18:32:00,2,Wheat,Development,Sandy,26.026666666666667,66.37333333333333,36.26,2.14,0.0,42.0,60.0,18.0,55.0,0.85,,,0.003895,0.003311,0.0,0.003311
2026-06-01 18:32:00,3,Maize,Mid-season,Clay,26.026666666666667,66.37333333333333,36.26,2.14,0.0,65.0,75.0,30.0,65.0,1.2,,,0.003895,0.004674,0.0,0.004674
2026-06-01 18:33:00,1,Tomato,Mid-season,Loam,25.99,66.485,35.04,2.135,0.0,55.0,70.0,25.0,60.0,1.15,,,0.004062,0.004671,0.0,0.004671
2026-06-01 18:33:00,2,Wheat,Development,Sandy,25.99,66.485,35.04,2.135,0.0,42.0,60.0,18.0,55.0,0.85,,,0.004062,0.003453,0.0,0.003453
2026-06-01 18:33:00,3,Maize,Mid-season,Clay,25.99,66.485,35.04,2.135,0.0,65.0,75.0,30.0,65.0,1.2,,,0.004062,0.004874,0.0,0.004874
2026-06-01 18:34:00,1,Tomato,Mid-season,Loam,25.953333333333333,66.59666666666666,33.82,2.13,0.0,55.0,70.0,25.0,60.0,1.15,,,0.003896,0.00448,0.0,0.00448
2026-06-01 18:34:00,2,Wheat,Development,Sandy,25.953333333333333,66.59666666666666,33.82,2.13,0.0,42.0,60.0,18.0,55.0,0.85,,,0.003896,0.003312,0.0,0.003312
2026-06-01 18:34:00,3,Maize,Mid-season,Clay,25.953333333333333,66.59666666666666,33.82,2.13,0.0,65.0,75.0,30.0,65.0,1.2,,,0.003896,0.004675,0.0,0.004675
2026-06-01 18:35:00,1,Tomato,Mid-season,Loam,25.916666666666668,66.70833333333333,32.599999999999994,2.125,0.0,55.0,70.0,25.0,60.0,1.15,,,0.003861,0.00444,0.0,0.00444
2026-06-01 18:35:00,2,Wheat,Development,Sandy,25.916666666666668,66.70833333333333,32.599999999999994,2.125,0.0,42.0,60.0,18.0,55.0,0.85,,,0.003861,0.003282,0.0,0.003282
2026-06-01 18:35:00,3,Maize,Mid-season,Clay,25.916666666666668,66.70833333333333,32.599999999999994,2.125,0.0,65.0,75.0,30.0,65.0,1.2,,,0.003861,0.004633,0.0,0.004633
2026-06-01 18:36:00,1,Tomato,Mid-season,Loam,25.88,66.82,31.379999999999995,2.12,0.0,55.0,70.0,25.0,60.0,1.15,,,0.003711,0.004268,0.0,0.004268
2026-06-01 18:36:00,2,Wheat,Development,Sandy,25.88,66.82,31.379999999999995,2.12,0.0,42.0,60.0,18.0,55.0,0.85,,,0.003711,0.003154,0.0,0.003154
2026-06-01 18:36:00,3,Maize,Mid-season,Clay,25.88,66.82,31.379999999999995,2.12,0.0,65.0,75.0,30.0,65.0,1.2,,,0.003711,0.004453,0.0,0.004453
2026-06-01 18:37:00,1,Tomato,Mid-season,Loam,25.843333333333334,66.93166666666667,30.16,2.115,0.0,55.0,70.0,25.0,60.0,1.15,,,0.00391,0.004496,0.0,0.004496
2026-06-01 18:37:00,2,Wheat,Development,Sandy,25.843333333333334,66.93166666666667,30.16,2.115,0.0,42.0,60.0,18.0,55.0,0.85,,,0.00391,0.003324,0.0,0.003324
2026-06-01 18:37:00,3,Maize,Mid-season,Clay,25.843333333333334,66.93166666666667,30.16,2.115,0.0,65.0,75.0,30.0,65.0,1.2,,,0.00391,0.004692,0.0,0.004692
2026-06-01 18:38:00,1,Tomato,Mid-season,Loam,25.806666666666665,67.04333333333334,28.94,2.11,0.0,55.0,70.0,25.0,60.0,1.15,,,0.003986,0.004584,0.0,0.004584
2026-06-01 18:38:00,2,Wheat,Development,Sandy,25.806666666666665,67.04333333333334,28.94,2.11,0.0,42.0,60.0,18.0,55.0,0.85,,,0.003986,0.003388,0.0,0.003388
2026-06-01 18:38:00,3,Maize,Mid-season,Clay,25.806666666666665,67.04333333333334,28.94,2.11,0.0,65.0,75.0,30.0,65.0,1.2,,,0.003986,0.004783,0.0,0.004783
2026-06-01 18:39:00,1,Tomato,Mid-season,Loam,25.77,67.155,27.72,2.105,0.0,55.0,70.0,25.0,60.0,1.15,,,0.003941,0.004532,0.0,0.004532
2026-06-01 18:39:00,2,Wheat,Development,Sandy,25.77,67.155,27.72,2.105,0.0,42.0,60.0,18.0,55.0,0.85,,,0.003941,0.00335,0.0,0.00335
2026-06-01 18:39:00,3,Maize,Mid-season,Clay,25.77,67.155,27.72,2.105,0.0,65.0,75.0,30.0,65.0,1.2,,,0.003941,0.004729,0.0,0.004729
2026-06-01 18:40:00,1,Tomato,Mid-season,Loam,25.73333333333333,67.26666666666667,26.5,2.1,0.0,55.0,70.0,25.0,60.0,1.15,,,0.003771,0.004337,0.0,0.004337
2026-06-01 18:40:00,2,Wheat,Development,Sandy,25.73333333333333,67.26666666666667,26.5,2.1,0.0,42.0,60.0,18.0,55.0,0.85,,,0.003771,0.003205,0.0,0.003205
2026-06-01 18:40:00,3,Maize,Mid-season,Clay,25.73333333333333,67.26666666666667,26.5,2.1,0.0,65.0,75.0,30.0,65.0,1.2,,,0.003771,0.004525,0.0,0.004525
2026-06-01 18:41:00,1,Tomato,Mid-season,Loam,25.696666666666665,67.37833333333333,25.28,2.095,0.0,55.0,70.0,25.0,60.0,1.15,,,0.003498,0.004023,0.0,0.004023
2026-06-01 18:41:00,2,Wheat,Development,Sandy,25.696666666666665,67.37833333333333,25.28,2.095,0.0,42.0,60.0,18.0,55.0,0.85,,,0.003498,0.002973,0.0,0.002973
2026-06-01 18:41:00,3,Maize,Mid-season,Clay,25.696666666666665,67.37833333333333,25.28,2.095,0.0,65.0,75.0,30.0,65.0,1.2,,,0.003498,0.004198,0.0,0.004198
2026-06-01 18:42:00,1,Tomato,Mid-season,Loam,25.66,67.49,24.059999999999995,2.09,0.0,55.0,70.0,25.0,60.0,1.15,,,0.003802,0.004372,0.0,0.004372
2026-06-01 18:42:00,2,Wheat,Development,Sandy,25.66,67.49,24.059999999999995,2.09,0.0,42.0,60.0,18.0,55.0,0.85,,,0.003802,0.003232,0.0,0.003232
2026-06-01 18:42:00,3,Maize,Mid-season,Clay,25.66,67.49,24.059999999999995,2.09,0.0,65.0,75.0,30.0,65.0,1.2,,,0.003802,0.004562,0.0,0.004562
2026-06-01 18:43:00,1,Tomato,Mid-season,Loam,25.62333333333333,67.60166666666666,22.84,2.085,0.0,55.0,70.0,25.0,60.0,1.15,,,0.003645,0.004192,0.0,0.004192
2026-06-01 18:43:00,2,Wheat,Development,Sandy,25.62333333333333,67.60166666666666,22.84,2.085,0.0,42.0,60.0,18.0,55.0,0.85,,,0.003645,0.003098,0.0,0.003098
2026-06-01 18:43:00,3,Maize,Mid-season,Clay,25.62333333333333,67.60166666666666,22.84,2.085,0.0,65.0,75.0,30.0,65.0,1.2,,,0.003645,0.004374,0.0,0.004374
2026-06-01 18:44:00,1,Tomato,Mid-season,Loam,25.586666666666662,67.71333333333334,21.62,2.08,0.0,55.0,70.0,25.0,60.0,1.15,,,0.003749,0.004311,0.0,0.004311
2026-06-01 18:44:00,2,Wheat,Development,Sandy,25.586666666666662,67.71333333333334,21.62,2.08,0.0,42.0,60.0,18.0,55.0,0.85,,,0.003749,0.003187,0.0,0.003187
2026-06-01 18:44:00,3,Maize,Mid-season,Clay,25.586666666666662,67.71333333333334,21.62,2.08,0.0,65.0,75.0,30.0,65.0,1.2,,,0.003749,0.004499,0.0,0.004499
2026-06-01 18:45:00,1,Tomato,Mid-season,Loam,25.55,67.825,20.4,2.075,0.0,55.0,70.0,25.0,60.0,1.15,,,0.003367,0.003872,0.0,0.003872
2026-06-01 18:45:00,2,Wheat,Development,Sandy,25.55,67.825,20.4,2.075,0.0,42.0,60.0,18.0,55.0,0.85,,,0.003367,0.002862,0.0,0.002862
2026-06-01 18:45:00,3,Maize,Mid-season,Clay,25.55,67.825,20.4,2.075,0.0,65.0,75.0,30.0,65.0,1.2,,,0.003367,0.00404,0.0,0.00404
2026-06-01 18:46:00,1,Tomato,Mid-season,Loam,25.51333333333333,67.93666666666667,19.18,2.07,0.0,55.0,70.0,25.0,60.0,1.15,,,0.003305,0.003801,0.0,0.003801
2026-06-01 18:46:00,2,Wheat,Development,Sandy,25.51333333333333,67.93666666666667,19.18,2.07,0.0,42.0,60.0,18.0,55.0,0.85,,,0.003305,0.002809,0.0,0.002809
2026-06-01 18:46:00,3,Maize,Mid-season,Clay,25.51333333333333,67.93666666666667,19.18,2.07,0.0,65.0,75.0,30.0,65.0,1.2,,,0.003305,0.003966,0.0,0.003966
2026-06-01 18:47:00,1,Tomato,Mid-season,Loam,25.476666666666667,68.04833333333333,17.959999999999994,2.065,0.0,55.0,70.0,25.0,60.0,1.15,,,0.003435,0.00395,0.0,0.00395
2026-06-01 18:47:00,2,Wheat,Development,Sandy,25.476666666666667,68.04833333333333,17.959999999999994,2.065,0.0,42.0,60.0,18.0,55.0,0.85,,,0.003435,0.00292,0.0,0.00292
2026-06-01 18:47:00,3,Maize,Mid-season,Clay,25.476666666666667,68.04833333333333,17.959999999999994,2.065,0.0,65.0,75.0,30.0,65.0,1.2,,,0.003435,0.004122,0.0,0.004122
2026-06-01 18:48:00,1,Tomato,Mid-season,Loam,25.44,68.16,16.739999999999995,2.06,0.0,55.0,70.0,25.0,60.0,1.15,,,0.003484,0.004007,0.0,0.004007
2026-06-01 18:48:00,2,Wheat,Development,Sandy,25.44,68.16,16.739999999999995,2.06,0.0,42.0,60.0,18.0,55.0,0.85,,,0.003484,0.002961,0.0,0.002961
2026-06-01 18:48:00,3,Maize,Mid-season,Clay,25.44,68.16,16.739999999999995,2.06,0.0,65.0,75.0,30.0,65.0,1.2,,,0.003484,0.004181,0.0,0.004181
2026-06-01 18:49:00,1,Tomato,Mid-season,Loam,25.40333333333333,68.27166666666666,15.519999999999996,2.055,0.0,55.0,70.0,25.0,60.0,1.15,,,0.003307,0.003803,0.0,0.003803
2026-06-01 18:49:00,2,Wheat,Development,Sandy,25.40333333333333,68.27166666666666,15.519999999999996,2.055,0.0,42.0,60.0,18.0,55.0,0.85,,,0.003307,0.002811,0.0,0.002811
2026-06-01 18:49:00,3,Maize,Mid-season,Clay,25.40333333333333,68.27166666666666,15.519999999999996,2.055,0.0,65.0,75.0,30.0,65.0,1.2,,,0.003307,0.003968,0.0,0.003968
2026-06-01 18:50:00,1,Tomato,Mid-season,Loam,25.366666666666667,68.38333333333333,14.299999999999995,2.05,0.0,55.0,70.0,25.0,60.0,1.15,,,0.003341,0.003842,0.0,0.003842
2026-06-01 18:50:00,2,Wheat,Development,Sandy,25.366666666666667,68.38333333333333,14.299999999999995,2.05,0.0,42.0,60.0,18.0,55.0,0.85,,,0.003341,0.00284,0.0,0.00284
2026-06-01 18:50:00,3,Maize,Mid-season,Clay,25.366666666666667,68.38333333333333,14.299999999999995,2.05,0.0,65.0,75.0,30.0,65.0,1.2,,,0.003341,0.004009,0.0,0.004009
2026-06-01 18:51:00,1,Tomato,Mid-season,Loam,25.33,68.495,13.079999999999998,2.045,0.0,55.0,70.0,25.0,60.0,1.15,,,0.003139,0.00361,0.0,0.00361
2026-06-01 18:51:00,2,Wheat,Development,Sandy,25.33,68.495,13.079999999999998,2.045,0.0,42.0,60.0,18.0,55.0,0.85,,,0.003139,0.002668,0.0,0.002668
2026-06-01 18:51:00,3,Maize,Mid-season,Clay,25.33,68.495,13.079999999999998,2.045,0.0,65.0,75.0,30.0,65.0,1.2,,,0.003139,0.003767,0.0,0.003767
2026-06-01 18:52:00,1,Tomato,Mid-season,Loam,25.293333333333333,68.60666666666667,11.86,2.04,0.0,55.0,70.0,25.0,60.0,1.15,,,0.003471,0.003992,0.0,0.003992
2026-06-01 18:52:00,2,Wheat,Development,Sandy,25.293333333333333,68.60666666666667,11.86,2.04,0.0,42.0,60.0,18.0,55.0,0.85,,,0.003471,0.00295,0.0,0.00295
2026-06-01 18:52:00,3,Maize,Mid-season,Clay,25.293333333333333,68.60666666666667,11.86,2.04,0.0,65.0,75.0,30.0,65.0,1.2,,,0.003471,0.004165,0.0,0.004165
2026-06-01 18:53:00,1,Tomato,Mid-season,Loam,25.256666666666668,68.71833333333333,10.64,2.035,0.0,55.0,70.0,25.0,60.0,1.15,,,0.003016,0.003468,0.0,0.003468
2026-06-01 18:53:00,2,Wheat,Development,Sandy,25.256666666666668,68.71833333333333,10.64,2.035,0.0,42.0,60.0,18.0,55.0,0.85,,,0.003016,0.002564,0.0,0.002564
2026-06-01 18:53:00,3,Maize,Mid-season,Clay,25.256666666666668,68.71833333333333,10.64,2.035,0.0,65.0,75.0,30.0,65.0,1.2,,,0.003016,0.003619,0.0,0.003619
2026-06-01 18:54:00,1,Tomato,Mid-season,Loam,25.22,68.83,9.420000000000002,2.03,0.0,55.0,70.0,25.0,60.0,1.15,,,0.002996,0.003445,0.0,0.003445
2026-06-01 18:54:00,2,Wheat,Development,Sandy,25.22,68.83,9.420000000000002,2.03,0.0,42.0,60.0,18.0,55.0,0.85,,,0.002996,0.002547,0.0,0.002547
2026-06-01 18:54:00,3,Maize,Mid-season,Clay,25.22,68.83,9.420000000000002,2.03,0.0,65.0,75.0,30.0,65.0,1.2,,,0.002996,0.003595,0.0,0.003595
2026-06-01 18:55:00,1,Tomato,Mid-season,Loam,25.183333333333334,68.94166666666666,8.200000000000003,2.025,0.0,55.0,70.0,25.0,60.0,1.15,,,0.0032,0.00368,0.0,0.00368
2026-06-01 18:55:00,2,Wheat,Development,Sandy,25.183333333333334,68.94166666666666,8.200000000000003,2.025,0.0,42.0,60.0,18.0,55.0,0.85,,,0.0032,0.00272,0.0,0.00272
2026-06-01 18:55:00,3,Maize,Mid-season,Clay,25.183333333333334,68.94166666666666,8.200000000000003,2.025,0.0,65.0,75.0,30.0,65.0,1.2,,,0.0032,0.00384,0.0,0.00384
2026-06-01 18:56:00,1,Tomato,Mid-season,Loam,25.14666666666667,69.05333333333333,6.97999999999999,2.02,0.0,55.0,70.0,25.0,60.0,1.15,,,0.002696,0.0031,0.0,0.0031
2026-06-01 18:56:00,2,Wheat,Development,Sandy,25.14666666666667,69.05333333333333,6.97999999999999,2.02,0.0,42.0,60.0,18.0,55.0,0.85,,,0.002696,0.002292,0.0,0.002292
2026-06-01 18:56:00,3,Maize,Mid-season,Clay,25.14666666666667,69.05333333333333,6.97999999999999,2.02,0.0,65.0,75.0,30.0,65.0,1.2,,,0.002696,0.003235,0.0,0.003235
2026-06-01 18:57:00,1,Tomato,Mid-season,Loam,25.11,69.165,5.759999999999991,2.015,0.0,55.0,70.0,25.0,60.0,1.15,,,0.003097,0.003562,0.0,0.003562
2026-06-01 18:57:00,2,Wheat,Development,Sandy,25.11,69.165,5.759999999999991,2.015,0.0,42.0,60.0,18.0,55.0,0.85,,,0.003097,0.002632,0.0,0.002632
2026-06-01 18:57:00,3,Maize,Mid-season,Clay,25.11,69.165,5.759999999999991,2.015,0.0,65.0,75.0,30.0,65.0,1.2,,,0.003097,0.003716,0.0,0.003716
2026-06-01 18:58:00,1,Tomato,Mid-season,Loam,25.07333333333333,69.27666666666667,4.539999999999992,2.01,0.0,55.0,70.0,25.0,60.0,1.15,,,0.003072,0.003533,0.0,0.003533
2026-06-01 18:58:00,2,Wheat,Development,Sandy,25.07333333333333,69.27666666666667,4.539999999999992,2.01,0.0,42.0,60.0,18.0,55.0,0.85,,,0.003072,0.002611,0.0,0.002611
2026-06-01 18:58:00,3,Maize,Mid-season,Clay,25.07333333333333,69.27666666666667,4.539999999999992,2.01,0.0,65.0,75.0,30.0,65.0,1.2,,,0.003072,0.003686,0.0,0.003686
2026-06-01 18:59:00,1,Tomato,Mid-season,Loam,25.036666666666665,69.38833333333334,3.319999999999993,2.005,0.0,55.0,70.0,25.0,60.0,1.15,,,0.003062,0.003521,0.0,0.003521
2026-06-01 18:59:00,2,Wheat,Development,Sandy,25.036666666666665,69.38833333333334,3.319999999999993,2.005,0.0,42.0,60.0,18.0,55.0,0.85,,,0.003062,0.002603,0.0,0.002603
2026-06-01 18:59:00,3,Maize,Mid-season,Clay,25.036666666666665,69.38833333333334,3.319999999999993,2.005,0.0,65.0,75.0,30.0,65.0,1.2,,,0.003062,0.003674,0.0,0.003674
2026-06-01 19:00:00,1,Tomato,Mid-season,Loam,25.0,69.5,2.1,2.0,0.0,55.0,70.0,25.0,60.0,1.15,,,0.002918,0.003356,0.0,0.003356
2026-06-01 19:00:00,2,Wheat,Development,Sandy,25.0,69.5,2.1,2.0,0.0,42.0,60.0,18.0,55.0,0.85,,,0.002918,0.00248,0.0,0.00248
2026-06-01 19:00:00,3,Maize,Mid-season,Clay,25.0,69.5,2.1,2.0,0.0,65.0,75.0,30.0,65.0,1.2,,,0.002918,0.003502,0.0,0.003502
2026-06-01 19:01:00,1,Tomato,Mid-season,Loam,24.973333333333333,69.57666666666667,2.065,1.9983333333333333,0.0,55.0,70.0,25.0,60.0,1.15,,,0.002742,0.003153,0.0,0.003153
2026-06-01 19:01:00,2,Wheat,Development,Sandy,24.973333333333333,69.57666666666667,2.065,1.9983333333333333,0.0,42.0,60.0,18.0,55.0,0.85,,,0.002742,0.002331,0.0,0.002331
2026-06-01 19:01:00,3,Maize,Mid-season,Clay,24.973333333333333,69.57666666666667,2.065,1.9983333333333333,0.0,65.0,75.0,30.0,65.0,1.2,,,0.002742,0.00329,0.0,0.00329
2026-06-01 19:02:00,1,Tomato,Mid-season,Loam,24.946666666666665,69.65333333333334,2.03,1.9966666666666664,0.0,55.0,70.0,25.0,60.0,1.15,,,0.002566,0.002951,0.0,0.002951
2026-06-01 19:02:00,2,Wheat,Development,Sandy,24.946666666666665,69.65333333333334,2.03,1.9966666666666664,0.0,42.0,60.0,18.0,55.0,0.85,,,0.002566,0.002181,0.0,0.002181
2026-06-01 19:02:00,3,Maize,Mid-season,Clay,24.946666666666665,69.65333333333334,2.03,1.9966666666666664,0.0,65.0,75.0,30.0,65.0,1.2,,,0.002566,0.003079,0.0,0.003079
2026-06-01 19:03:00,1,Tomato,Mid-season,Loam,24.92,69.73,1.995,1.995,0.0,55.0,70.0,25.0,60.0,1.15,,,0.002705,0.003111,0.0,0.003111
2026-06-01 19:03:00,2,Wheat,Development,Sandy,24.92,69.73,1.995,1.995,0.0,42.0,60.0,18.0,55.0,0.85,,,0.002705,0.002299,0.0,0.002299
2026-06-01 19:03:00,3,Maize,Mid-season,Clay,24.92,69.73,1.995,1.995,0.0,65.0,75.0,30.0,65.0,1.2,,,0.002705,0.003246,0.0,0.003246
2026-06-01 19:04:00,1,Tomato,Mid-season,Loam,24.89333333333333,69.80666666666667,1.96,1.9933333333333327,0.0,55.0,70.0,25.0,60.0,1.15,,,0.002541,0.002922,0.0,0.002922
2026-06-01 19:04:00,2,Wheat,Development,Sandy,24.89333333333333,69.80666666666667,1.96,1.9933333333333327,0.0,42.0,60.0,18.0,55.0,0.85,,,0.002541,0.00216,0.0,0.00216
2026-06-01 19:04:00,3,Maize,Mid-season,Clay,24.89333333333333,69.80666666666667,1.96,1.9933333333333327,0.0,65.0,75.0,30.0,65.0,1.2,,,0.002541,0.003049,0.0,0.003049
2026-06-01 19:05:00,1,Tomato,Mid-season,Loam,24.866666666666667,69.88333333333333,1.925,1.9916666666666667,0.0,55.0,70.0,25.0,60.0,1.15,,,0.002744,0.003156,0.0,0.003156
2026-06-01 19:05:00,2,Wheat,Development,Sandy,24.866666666666667,69.88333333333333,1.925,1.9916666666666667,0.0,42.0,60.0,18.0,55.0,0.85,,,0.002744,0.002332,0.0,0.002332
2026-06-01 19:05:00,3,Maize,Mid-season,Clay,24.866666666666667,69.88333333333333,1.925,1.9916666666666667,0.0,65.0,75.0,30.0,65.0,1.2,,,0.002744,0.003293,0.0,0.003293
2026-06-01 19:06:00,1,Tomato,Mid-season,Loam,24.84,69.96,1.89,1.99,0.0,55.0,70.0,25.0,60.0,1.15,,,0.002707,0.003113,0.0,0.003113
2026-06-01 19:06:00,2,Wheat,Development,Sandy,24.84,69.96,1.89,1.99,0.0,42.0,60.0,18.0,55.0,0.85,,,0.002707,0.002301,0.0,0.002301
2026-06-01 19:06:00,3,Maize,Mid-season,Clay,24.84,69.96,1.89,1.99,0.0,65.0,75.0,30.0,65.0,1.2,,,0.002707,0.003248,0.0,0.003248
2026-06-01 19:07:00,1,Tomato,Mid-season,Loam,24.813333333333333,70.03666666666666,1.855,1.9883333333333333,0.0,55.0,70.0,25.0,60.0,1.15,,,0.002743,0.003154,0.0,0.003154
2026-06-01 19:07:00,2,Wheat,Development,Sandy,24.813333333333333,70.03666666666666,1.855,1.9883333333333333,0.0,42.0,60.0,18.0,55.0,0.85,,,0.002743,0.002332,0.0,0.002332
2026-06-01 19:07:00,3,Maize,Mid-season,Clay,24.813333333333333,70.03666666666666,1.855,1.9883333333333333,0.0,65.0,75.0,30.0,65.0,1.2,,,0.002743,0.003292,0.0,0.003292
2026-06-01 19:08:00,1,Tomato,Mid-season,Loam,24.786666666666665,70.11333333333333,1.82,1.9866666666666664,0.0,55.0,70.0,25.0,60.0,1.15,,,0.002565,0.00295,0.0,0.00295
2026-06-01 19:08:00,2,Wheat,Development,Sandy,24.786666666666665,70.11333333333333,1.82,1.9866666666666664,0.0,42.0,60.0,18.0,55.0,0.85,,,0.002565,0.00218,0.0,0.00218
2026-06-01 19:08:00,3,Maize,Mid-season,Clay,24.786666666666665,70.11333333333333,1.82,1.9866666666666664,0.0,65.0,75.0,30.0,65.0,1.2,,,0.002565,0.003078,0.0,0.003078
2026-06-01 19:09:00,1,Tomato,Mid-season,Loam,24.76,70.19,1.785,1.985,0.0,55.0,70.0,25.0,60.0,1.15,,,0.002595,0.002984,0.0,0.002984
2026-06-01 19:09:00,2,Wheat,Development,Sandy,24.76,70.19,1.785,1.985,0.0,42.0,60.0,18.0,55.0,0.85,,,0.002595,0.002206,0.0,0.002206
2026-06-01 19:09:00,3,Maize,Mid-season,Clay,24.76,70.19,1.785,1.985,0.0,65.0,75.0,30.0,65.0,1.2,,,0.002595,0.003114,0.0,0.003114
2026-06-01 19:10:00,1,Tomato,Mid-season,Loam,24.73333333333333,70.26666666666667,1.75,1.9833333333333327,0.0,55.0,70.0,25.0,60.0,1.15,,,0.002349,0.002701,0.0,0.002701
2026-06-01 19:10:00,2,Wheat,Development,Sandy,24.73333333333333,70.26666666666667,1.75,1.9833333333333327,0.0,42.0,60.0,18.0,55.0,0.85,,,0.002349,0.001997,0.0,0.001997
2026-06-01 19:10:00,3,Maize,Mid-season,Clay,24.73333333333333,70.26666666666667,1.75,1.9833333333333327,0.0,65.0,75.0,30.0,65.0,1.2,,,0.002349,0.002819,0.0,0.002819
2026-06-01 19:11:00,1,Tomato,Mid-season,Loam,24.706666666666667,70.34333333333333,1.715,1.981666666666667,0.0,55.0,70.0,25.0,60.0,1.15,,,0.002348,0.0027,0.0,0.0027
2026-06-01 19:11:00,2,Wheat,Development,Sandy,24.706666666666667,70.34333333333333,1.715,1.981666666666667,0.0,42.0,60.0,18.0,55.0,0.85,,,0.002348,0.001996,0.0,0.001996
2026-06-01 19:11:00,3,Maize,Mid-season,Clay,24.706666666666667,70.34333333333333,1.715,1.981666666666667,0.0,65.0,75.0,30.0,65.0,1.2,,,0.002348,0.002818,0.0,0.002818
2026-06-01 19:12:00,1,Tomato,Mid-season,Loam,24.68,70.42,1.6800000000000002,1.98,0.0,55.0,70.0,25.0,60.0,1.15,,,0.002364,0.002719,0.0,0.002719
2026-06-01 19:12:00,2,Wheat,Development,Sandy,24.68,70.42,1.6800000000000002,1.98,0.0,42.0,60.0,18.0,55.0,0.85,,,0.002364,0.002009,0.0,0.002009
2026-06-01 19:12:00,3,Maize,Mid-season,Clay,24.68,70.42,1.6800000000000002,1.98,0.0,65.0,75.0,30.0,65.0,1.2,,,0.002364,0.002837,0.0,0.002837
2026-06-01 19:13:00,1,Tomato,Mid-season,Loam,24.65333333333333,70.49666666666667,1.645,1.9783333333333333,0.0,55.0,70.0,25.0,60.0,1.15,,,0.002183,0.00251,0.0,0.00251
2026-06-01 19:13:00,2,Wheat,Development,Sandy,24.65333333333333,70.49666666666667,1.645,1.9783333333333333,0.0,42.0,60.0,18.0,55.0,0.85,,,0.002183,0.001856,0.0,0.001856
2026-06-01 19:13:00,3,Maize,Mid-season,Clay,24.65333333333333,70.49666666666667,1.645,1.9783333333333333,0.0,65.0,75.0,30.0,65.0,1.2,,,0.002183,0.00262,0.0,0.00262
2026-06-01 19:14:00,1,Tomato,Mid-season,Loam,24.626666666666665,70.57333333333334,1.61,1.9766666666666663,0.0,55.0,70.0,25.0,60.0,1.15,,,0.002254,0.002592,0.0,0.002592
2026-06-01 19:14:00,2,Wheat,Development,Sandy,24.626666666666665,70.57333333333334,1.61,1.9766666666666663,0.0,42.0,60.0,18.0,55.0,0.85,,,0.002254,0.001916,0.0,0.001916
2026-06-01 19:14:00,3,Maize,Mid-season,Clay,24.626666666666665,70.57333333333334,1.61,1.9766666666666663,0.0,65.0,75.0,30.0,65.0,1.2,,,0.002254,0.002705,0.0,0.002705
2026-06-01 19:15:00,1,Tomato,Mid-season,Loam,24.6,70.65,1.5750000000000002,1.975,0.0,55.0,70.0,25.0,60.0,1.15,,,0.002004,0.002305,0.0,0.002305
2026-06-01 19:15:00,2,Wheat,Development,Sandy,24.6,70.65,1.5750000000000002,1.975,0.0,42.0,60.0,18.0,55.0,0.85,,,0.002004,0.001703,0.0,0.001703
2026-06-01 19:15:00,3,Maize,Mid-season,Clay,24.6,70.65,1.5750000000000002,1.975,0.0,65.0,75.0,30.0,65.0,1.2,,,0.002004,0.002405,0.0,0.002405
2026-06-01 19:16:00,1,Tomato,Mid-season,Loam,24.57333333333333,70.72666666666666,1.54,1.9733333333333327,0.0,55.0,70.0,25.0,60.0,1.15,,,0.001986,0.002284,0.0,0.002284
2026-06-01 19:16:00,2,Wheat,Development,Sandy,24.57333333333333,70.72666666666666,1.54,1.9733333333333327,0.0,42.0,60.0,18.0,55.0,0.85,,,0.001986,0.001688,0.0,0.001688
2026-06-01 19:16:00,3,Maize,Mid-season,Clay,24.57333333333333,70.72666666666666,1.54,1.9733333333333327,0.0,65.0,75.0,30.0,65.0,1.2,,,0.001986,0.002383,0.0,0.002383
2026-06-01 19:17:00,1,Tomato,Mid-season,Loam,24.546666666666667,70.80333333333333,1.505,1.971666666666667,0.0,55.0,70.0,25.0,60.0,1.15,,,0.002244,0.002581,0.0,0.002581
2026-06-01 19:17:00,2,Wheat,Development,Sandy,24.546666666666667,70.80333333333333,1.505,1.971666666666667,0.0,42.0,60.0,18.0,55.0,0.85,,,0.002244,0.001907,0.0,0.001907
2026-06-01 19:17:00,3,Maize,Mid-season,Clay,24.546666666666667,70.80333333333333,1.505,1.971666666666667,0.0,65.0,75.0,30.0,65.0,1.2,,,0.002244,0.002693,0.0,0.002693
2026-06-01 19:18:00,1,Tomato,Mid-season,Loam,24.52,70.88,1.4700000000000002,1.97,0.0,55.0,70.0,25.0,60.0,1.15,,,0.002159,0.002483,0.0,0.002483
2026-06-01 19:18:00,2,Wheat,Development,Sandy,24.52,70.88,1.4700000000000002,1.97,0.0,42.0,60.0,18.0,55.0,0.85,,,0.002159,0.001835,0.0,0.001835
2026-06-01 19:18:00,3,Maize,Mid-season,Clay,24.52,70.88,1.4700000000000002,1.97,0.0,65.0,75.0,30.0,65.0,1.2,,,0.002159,0.002591,0.0,0.002591
2026-06-01 19:19:00,1,Tomato,Mid-season,Loam,24.49333333333333,70.95666666666666,1.435,1.9683333333333333,0.0,55.0,70.0,25.0,60.0,1.15,,,0.001893,0.002177,0.0,0.002177
2026-06-01 19:19:00,2,Wheat,Development,Sandy,24.49333333333333,70.95666666666666,1.435,1.9683333333333333,0.0,42.0,60.0,18.0,55.0,0.85,,,0.001893,0.001609,0.0,0.001609
2026-06-01 19:19:00,3,Maize,Mid-season,Clay,24.49333333333333,70.95666666666666,1.435,1.9683333333333333,0.0,65.0,75.0,30.0,65.0,1.2,,,0.001893,0.002272,0.0,0.002272
2026-06-01 19:20:00,1,Tomato,Mid-season,Loam,24.466666666666665,71.03333333333333,1.4,1.9666666666666663,0.0,55.0,70.0,25.0,60.0,1.15,,,0.002097,0.002412,0.0,0.002412
2026-06-01 19:20:00,2,Wheat,Development,Sandy,24.466666666666665,71.03333333333333,1.4,1.9666666666666663,0.0,42.0,60.0,18.0,55.0,0.85,,,0.002097,0.001782,0.0,0.001782
2026-06-01 19:20:00,3,Maize,Mid-season,Clay,24.466666666666665,71.03333333333333,1.4,1.9666666666666663,0.0,65.0,75.0,30.0,65.0,1.2,,,0.002097,0.002516,0.0,0.002516
2026-06-01 19:21:00,1,Tomato,Mid-season,Loam,24.44,71.11,1.365,1.965,0.0,55.0,70.0,25.0,60.0,1.15,,,0.001932,0.002222,0.0,0.002222
2026-06-01 19:21:00,2,Wheat,Development,Sandy,24.44,71.11,1.365,1.965,0.0,42.0,60.0,18.0,55.0,0.85,,,0.001932,0.001642,0.0,0.001642
2026-06-01 19:21:00,3,Maize,Mid-season,Clay,24.44,71.11,1.365,1.965,0.0,65.0,75.0,30.0,65.0,1.2,,,0.001932,0.002318,0.0,0.002318
2026-06-01 19:22:00,1,Tomato,Mid-season,Loam,24.41333333333333,71.18666666666667,1.33,1.9633333333333327,0.0,55.0,70.0,25.0,60.0,1.15,,,0.001972,0.002268,0.0,0.002268
2026-06-01 19:22:00,2,Wheat,Development,Sandy,24.41333333333333,71.18666666666667,1.33,1.9633333333333327,0.0,42.0,60.0,18.0,55.0,0.85,,,0.001972,0.001676,0.0,0.001676
2026-06-01 19:22:00,3,Maize,Mid-season,Clay,24.41333333333333,71.18666666666667,1.33,1.9633333333333327,0.0,65.0,75.0,30.0,65.0,1.2,,,0.001972,0.002366,0.0,0.002366
2026-06-01 19:23:00,1,Tomato,Mid-season,Loam,24.386666666666667,71.26333333333334,1.295,1.961666666666667,0.0,55.0,70.0,25.0,60.0,1.15,,,0.002152,0.002475,0.0,0.002475
2026-06-01 19:23:00,2,Wheat,Development,Sandy,24.386666666666667,71.26333333333334,1.295,1.961666666666667,0.0,42.0,60.0,18.0,55.0,0.85,,,0.002152,0.001829,0.0,0.001829
2026-06-01 19:23:00,3,Maize,Mid-season,Clay,24.386666666666667,71.26333333333334,1.295,1.961666666666667,0.0,65.0,75.0,30.0,65.0,1.2,,,0.002152,0.002582,0.0,0.002582
2026-06-01 19:24:00,1,Tomato,Mid-season,Loam,24.36,71.34,1.26,1.96,0.0,55.0,70.0,25.0,60.0,1.15,,,0.002038,0.002344,0.0,0.002344
2026-06-01 19:24:00,2,Wheat,Development,Sandy,24.36,71.34,1.26,1.96,0.0,42.0,60.0,18.0,55.0,0.85,,,0.002038,0.001732,0.0,0.001732
2026-06-01 19:24:00,3,Maize,Mid-season,Clay,24.36,71.34,1.26,1.96,0.0,65.0,75.0,30.0,65.0,1.2,,,0.002038,0.002446,0.0,0.002446
2026-06-01 19:25:00,1,Tomato,Mid-season,Loam,24.33333333333333,71.41666666666666,1.225,1.9583333333333333,0.0,55.0,70.0,25.0,60.0,1.15,,,0.001991,0.00229,0.0,0.00229
2026-06-01 19:25:00,2,Wheat,Development,Sandy,24.33333333333333,71.41666666666666,1.225,1.9583333333333333,0.0,42.0,60.0,18.0,55.0,0.85,,,0.001991,0.001692,0.0,0.001692
2026-06-01 19:25:00,3,Maize,Mid-season,Clay,24.33333333333333,71.41666666666666,1.225,1.9583333333333333,0.0,65.0,75.0,30.0,65.0,1.2,,,0.001991,0.002389,0.0,0.002389
2026-06-01 19:26:00,1,Tomato,Mid-season,Loam,24.306666666666665,71.49333333333333,1.19,1.9566666666666663,0.0,55.0,70.0,25.0,60.0,1.15,,,0.002198,0.002528,0.0,0.002528
2026-06-01 19:26:00,2,Wheat,Development,Sandy,24.306666666666665,71.49333333333333,1.19,1.9566666666666663,0.0,42.0,60.0,18.0,55.0,0.85,,,0.002198,0.001868,0.0,0.001868
2026-06-01 19:26:00,3,Maize,Mid-season,Clay,24.306666666666665,71.49333333333333,1.19,1.9566666666666663,0.0,65.0,75.0,30.0,65.0,1.2,,,0.002198,0.002638,0.0,0.002638
2026-06-01 19:27:00,1,Tomato,Mid-season,Loam,24.28,71.57,1.155,1.955,0.0,55.0,70.0,25.0,60.0,1.15,,,0.001779,0.002046,0.0,0.002046
2026-06-01 19:27:00,2,Wheat,Development,Sandy,24.28,71.57,1.155,1.955,0.0,42.0,60.0,18.0,55.0,0.85,,,0.001779,0.001512,0.0,0.001512
2026-06-01 19:27:00,3,Maize,Mid-season,Clay,24.28,71.57,1.155,1.955,0.0,65.0,75.0,30.0,65.0,1.2,,,0.001779,0.002135,0.0,0.002135
2026-06-01 19:28:00,1,Tomato,Mid-season,Loam,24.25333333333333,71.64666666666666,1.12,1.9533333333333327,0.0,55.0,70.0,25.0,60.0,1.15,,,0.001657,0.001906,0.0,0.001906
2026-06-01 19:28:00,2,Wheat,Development,Sandy,24.25333333333333,71.64666666666666,1.12,1.9533333333333327,0.0,42.0,60.0,18.0,55.0,0.85,,,0.001657,0.001408,0.0,0.001408
2026-06-01 19:28:00,3,Maize,Mid-season,Clay,24.25333333333333,71.64666666666666,1.12,1.9533333333333327,0.0,65.0,75.0,30.0,65.0,1.2,,,0.001657,0.001988,0.0,0.001988
2026-06-01 19:29:00,1,Tomato,Mid-season,Loam,24.226666666666667,71.72333333333333,1.085,1.9516666666666669,0.0,55.0,70.0,25.0,60.0,1.15,,,0.001663,0.001912,0.0,0.001912
2026-06-01 19:29:00,2,Wheat,Development,Sandy,24.226666666666667,71.72333333333333,1.085,1.9516666666666669,0.0,42.0,60.0,18.0,55.0,0.85,,,0.001663,0.001414,0.0,0.001414
2026-06-01 19:29:00,3,Maize,Mid-season,Clay,24.226666666666667,71.72333333333333,1.085,1.9516666666666669,0.0,65.0,75.0,30.0,65.0,1.2,,,0.001663,0.001996,0.0,0.001996
2026-06-01 19:30:00,1,Tomato,Mid-season,Loam,24.2,71.8,1.05,1.95,0.0,55.0,70.0,25.0,60.0,1.15,,,0.001672,0.001923,0.0,0.001923
2026-06-01 19:30:00,2,Wheat,Development,Sandy,24.2,71.8,1.05,1.95,0.0,42.0,60.0,18.0,55.0,0.85,,,0.001672,0.001421,0.0,0.001421
2026-06-01 19:30:00,3,Maize,Mid-season,Clay,24.2,71.8,1.05,1.95,0.0,65.0,75.0,30.0,65.0,1.2,,,0.001672,0.002006,0.0,0.002006
2026-06-01 19:31:00,1,Tomato,Mid-season,Loam,24.17333333333333,71.87666666666667,1.015,1.9483333333333333,0.0,55.0,70.0,25.0,60.0,1.15,,,0.001353,0.001556,0.0,0.001556
2026-06-01 19:31:00,2,Wheat,Development,Sandy,24.17333333333333,71.87666666666667,1.015,1.9483333333333333,0.0,42.0,60.0,18.0,55.0,0.85,,,0.001353,0.00115,0.0,0.00115
2026-06-01 19:31:00,3,Maize,Mid-season,Clay,24.17333333333333,71.87666666666667,1.015,1.9483333333333333,0.0,65.0,75.0,30.0,65.0,1.2,,,0.001353,0.001624,0.0,0.001624
2026-06-01 19:32:00,1,Tomato,Mid-season,Loam,24.146666666666665,71.95333333333333,0.98,1.9466666666666663,0.0,55.0,70.0,25.0,60.0,1.15,,,0.001697,0.001952,0.0,0.001952
2026-06-01 19:32:00,2,Wheat,Development,Sandy,24.146666666666665,71.95333333333333,0.98,1.9466666666666663,0.0,42.0,60.0,18.0,55.0,0.85,,,0.001697,0.001442,0.0,0.001442
2026-06-01 19:32:00,3,Maize,Mid-season,Clay,24.146666666666665,71.95333333333333,0.98,1.9466666666666663,0.0,65.0,75.0,30.0,65.0,1.2,,,0.001697,0.002036,0.0,0.002036
2026-06-01 19:33:00,1,Tomato,Mid-season,Loam,24.12,72.03,0.945,1.945,0.0,55.0,70.0,25.0,60.0,1.15,,,0.001643,0.001889,0.0,0.001889
2026-06-01 19:33:00,2,Wheat,Development,Sandy,24.12,72.03,0.945,1.945,0.0,42.0,60.0,18.0,55.0,0.85,,,0.001643,0.001397,0.0,0.001397
2026-06-01 19:33:00,3,Maize,Mid-season,Clay,24.12,72.03,0.945,1.945,0.0,65.0,75.0,30.0,65.0,1.2,,,0.001643,0.001972,0.0,0.001972
2026-06-01 19:34:00,1,Tomato,Mid-season,Loam,24.093333333333334,72.10666666666667,0.91,1.9433333333333327,0.0,55.0,70.0,25.0,60.0,1.15,,,0.001825,0.002099,0.0,0.002099
2026-06-01 19:34:00,2,Wheat,Development,Sandy,24.093333333333334,72.10666666666667,0.91,1.9433333333333327,0.0,42.0,60.0,18.0,55.0,0.85,,,0.001825,0.001551,0.0,0.001551
2026-06-01 19:34:00,3,Maize,Mid-season,Clay,24.093333333333334,72.10666666666667,0.91,1.9433333333333327,0.0,65.0,75.0,30.0,65.0,1.2,,,0.001825,0.00219,0.0,0.00219
2026-06-01 19:35:00,1,Tomato,Mid-season,Loam,24.066666666666663,72.18333333333334,0.875,1.9416666666666669,0.0,55.0,70.0,25.0,60.0,1.15,,,0.001728,0.001987,0.0,0.001987
2026-06-01 19:35:00,2,Wheat,Development,Sandy,24.066666666666663,72.18333333333334,0.875,1.9416666666666669,0.0,42.0,60.0,18.0,55.0,0.85,,,0.001728,0.001469,0.0,0.001469
2026-06-01 19:35:00,3,Maize,Mid-season,Clay,24.066666666666663,72.18333333333334,0.875,1.9416666666666669,0.0,65.0,75.0,30.0,65.0,1.2,,,0.001728,0.002074,0.0,0.002074
2026-06-01 19:36:00,1,Tomato,Mid-season,Loam,24.04,72.25999999999999,0.8400000000000001,1.94,0.0,55.0,70.0,25.0,60.0,1.15,,,0.001588,0.001826,0.0,0.001826
2026-06-01 19:36:00,2,Wheat,Development,Sandy,24.04,72.25999999999999,0.8400000000000001,1.94,0.0,42.0,60.0,18.0,55.0,0.85,,,0.001588,0.00135,0.0,0.00135
2026-06-01 19:36:00,3,Maize,Mid-season,Clay,24.04,72.25999999999999,0.8400000000000001,1.94,0.0,65.0,75.0,30.0,65.0,1.2,,,0.001588,0.001906,0.0,0.001906
2026-06-01 19:37:00,1,Tomato,Mid-season,Loam,24.01333333333333,72.33666666666666,0.8049999999999999,1.9383333333333328,0.0,55.0,70.0,25.0,60.0,1.15,,,0.00178,0.002047,0.0,0.002047
2026-06-01 19:37:00,2,Wheat,Development,Sandy,24.01333333333333,72.33666666666666,0.8049999999999999,1.9383333333333328,0.0,42.0,60.0,18.0,55.0,0.85,,,0.00178,0.001513,0.0,0.001513
2026-06-01 19:37:00,3,Maize,Mid-season,Clay,24.01333333333333,72.33666666666666,0.8049999999999999,1.9383333333333328,0.0,65.0,75.0,30.0,65.0,1.2,,,0.00178,0.002136,0.0,0.002136
2026-06-01 19:38:00,1,Tomato,Mid-season,Loam,23.986666666666665,72.41333333333333,0.77,1.9366666666666663,0.0,55.0,70.0,25.0,60.0,1.15,,,0.001798,0.002068,0.0,0.002068
2026-06-01 19:38:00,2,Wheat,Development,Sandy,23.986666666666665,72.41333333333333,0.77,1.9366666666666663,0.0,42.0,60.0,18.0,55.0,0.85,,,0.001798,0.001528,0.0,0.001528
2026-06-01 19:38:00,3,Maize,Mid-season,Clay,23.986666666666665,72.41333333333333,0.77,1.9366666666666663,0.0,65.0,75.0,30.0,65.0,1.2,,,0.001798,0.002158,0.0,0.002158
2026-06-01 19:39:00,1,Tomato,Mid-season,Loam,23.96,72.49,0.7349999999999999,1.935,0.0,55.0,70.0,25.0,60.0,1.15,,,0.00159,0.001828,0.0,0.001828
2026-06-01 19:39:00,2,Wheat,Development,Sandy,23.96,72.49,0.7349999999999999,1.935,0.0,42.0,60.0,18.0,55.0,0.85,,,0.00159,0.001352,0.0,0.001352
2026-06-01 19:39:00,3,Maize,Mid-season,Clay,23.96,72.49,0.7349999999999999,1.935,0.0,65.0,75.0,30.0,65.0,1.2,,,0.00159,0.001908,0.0,0.001908
2026-06-01 19:40:00,1,Tomato,Mid-season,Loam,23.933333333333334,72.56666666666666,0.7,1.933333333333333,0.0,55.0,70.0,25.0,60.0,1.15,,,0.001582,0.001819,0.0,0.001819
2026-06-01 19:40:00,2,Wheat,Development,Sandy,23.933333333333334,72.56666666666666,0.7,1.933333333333333,0.0,42.0,60.0,18.0,55.0,0.85,,,0.001582,0.001345,0.0,0.001345
2026-06-01 19:40:00,3,Maize,Mid-season,Clay,23.933333333333334,72.56666666666666,0.7,1.933333333333333,0.0,65.0,75.0,30.0,65.0,1.2,,,0.001582,0.001898,0.0,0.001898
2026-06-01 19:41:00,1,Tomato,Mid-season,Loam,23.906666666666663,72.64333333333333,0.665,1.9316666666666664,0.0,55.0,70.0,25.0,60.0,1.15,,,0.001344,0.001546,0.0,0.001546
2026-06-01 19:41:00,2,Wheat,Development,Sandy,23.906666666666663,72.64333333333333,0.665,1.9316666666666664,0.0,42.0,60.0,18.0,55.0,0.85,,,0.001344,0.001142,0.0,0.001142
2026-06-01 19:41:00,3,Maize,Mid-season,Clay,23.906666666666663,72.64333333333333,0.665,1.9316666666666664,0.0,65.0,75.0,30.0,65.0,1.2,,,0.001344,0.001613,0.0,0.001613
2026-06-01 19:42:00,1,Tomato,Mid-season,Loam,23.88,72.72,0.6299999999999999,1.93,0.0,55.0,70.0,25.0,60.0,1.15,,,0.001507,0.001733,0.0,0.001733
2026-06-01 19:42:00,2,Wheat,Development,Sandy,23.88,72.72,0.6299999999999999,1.93,0.0,42.0,60.0,18.0,55.0,0.85,,,0.001507,0.001281,0.0,0.001281
2026-06-01 19:42:00,3,Maize,Mid-season,Clay,23.88,72.72,0.6299999999999999,1.93,0.0,65.0,75.0,30.0,65.0,1.2,,,0.001507,0.001808,0.0,0.001808
2026-06-01 19:43:00,1,Tomato,Mid-season,Loam,23.85333333333333,72.79666666666667,0.595,1.9283333333333328,0.0,55.0,70.0,25.0,60.0,1.15,,,0.001584,0.001822,0.0,0.001822
2026-06-01 19:43:00,2,Wheat,Development,Sandy,23.85333333333333,72.79666666666667,0.595,1.9283333333333328,0.0,42.0,60.0,18.0,55.0,0.85,,,0.001584,0.001346,0.0,0.001346
2026-06-01 19:43:00,3,Maize,Mid-season,Clay,23.85333333333333,72.79666666666667,0.595,1.9283333333333328,0.0,65.0,75.0,30.0,65.0,1.2,,,0.001584,0.001901,0.0,0.001901
2026-06-01 19:44:00,1,Tomato,Mid-season,Loam,23.826666666666664,72.87333333333333,0.56,1.9266666666666663,0.0,55.0,70.0,25.0,60.0,1.15,,,0.001669,0.001919,0.0,0.001919
2026-06-01 19:44:00,2,Wheat,Development,Sandy,23.826666666666664,72.87333333333333,0.56,1.9266666666666663,0.0,42.0,60.0,18.0,55.0,0.85,,,0.001669,0.001419,0.0,0.001419
2026-06-01 19:44:00,3,Maize,Mid-season,Clay,23.826666666666664,72.87333333333333,0.56,1.9266666666666663,0.0,65.0,75.0,30.0,65.0,1.2,,,0.001669,0.002003,0.0,0.002003
2026-06-01 19:45:00,1,Tomato,Mid-season,Loam,23.8,72.94999999999999,0.5249999999999999,1.925,0.0,55.0,70.0,25.0,60.0,1.15,,,0.001481,0.001703,0.0,0.001703
2026-06-01 19:45:00,2,Wheat,Development,Sandy,23.8,72.94999999999999,0.5249999999999999,1.925,0.0,42.0,60.0,18.0,55.0,0.85,,,0.001481,0.001259,0.0,0.001259
2026-06-01 19:45:00,3,Maize,Mid-season,Clay,23.8,72.94999999999999,0.5249999999999999,1.925,0.0,65.0,75.0,30.0,65.0,1.2,,,0.001481,0.001777,0.0,0.001777
2026-06-01 19:46:00,1,Tomato,Mid-season,Loam,23.773333333333333,73.02666666666666,0.49,1.923333333333333,0.0,55.0,70.0,25.0,60.0,1.15,,,0.001581,0.001818,0.0,0.001818
2026-06-01 19:46:00,2,Wheat,Development,Sandy,23.773333333333333,73.02666666666666,0.49,1.923333333333333,0.0,42.0,60.0,18.0,55.0,0.85,,,0.001581,0.001344,0.0,0.001344
2026-06-01 19:46:00,3,Maize,Mid-season,Clay,23.773333333333333,73.02666666666666,0.49,1.923333333333333,0.0,65.0,75.0,30.0,65.0,1.2,,,0.001581,0.001897,0.0,0.001897
2026-06-01 19:47:00,1,Tomato,Mid-season,Loam,23.746666666666663,73.10333333333332,0.4549999999999998,1.9216666666666664,0.0,55.0,70.0,25.0,60.0,1.15,,,0.001473,0.001694,0.0,0.001694
2026-06-01 19:47:00,2,Wheat,Development,Sandy,23.746666666666663,73.10333333333332,0.4549999999999998,1.9216666666666664,0.0,42.0,60.0,18.0,55.0,0.85,,,0.001473,0.001252,0.0,0.001252
2026-06-01 19:47:00,3,Maize,Mid-season,Clay,23.746666666666663,73.10333333333332,0.4549999999999998,1.9216666666666664,0.0,65.0,75.0,30.0,65.0,1.2,,,0.001473,0.001768,0.0,0.001768
2026-06-01 19:48:00,1,Tomato,Mid-season,Loam,23.72,73.17999999999999,0.4199999999999999,1.92,0.0,55.0,70.0,25.0,60.0,1.15,,,0.001673,0.001924,0.0,0.001924
2026-06-01 19:48:00,2,Wheat,Development,Sandy,23.72,73.17999999999999,0.4199999999999999,1.92,0.0,42.0,60.0,18.0,55.0,0.85,,,0.001673,0.001422,0.0,0.001422
2026-06-01 19:48:00,3,Maize,Mid-season,Clay,23.72,73.17999999999999,0.4199999999999999,1.92,0.0,65.0,75.0,30.0,65.0,1.2,,,0.001673,0.002008,0.0,0.002008
2026-06-01 19:49:00,1,Tomato,Mid-season,Loam,23.69333333333333,73.25666666666666,0.385,1.9183333333333328,0.0,55.0,70.0,25.0,60.0,1.15,,,0.001733,0.001993,0.0,0.001993
2026-06-01 19:49:00,2,Wheat,Development,Sandy,23.69333333333333,73.25666666666666,0.385,1.9183333333333328,0.0,42.0,60.0,18.0,55.0,0.85,,,0.001733,0.001473,0.0,0.001473
2026-06-01 19:49:00,3,Maize,Mid-season,Clay,23.69333333333333,73.25666666666666,0.385,1.9183333333333328,0.0,65.0,75.0,30.0,65.0,1.2,,,0.001733,0.00208,0.0,0.00208
2026-06-01 19:50:00,1,Tomato,Mid-season,Loam,23.666666666666664,73.33333333333333,0.3499999999999998,1.9166666666666663,0.0,55.0,70.0,25.0,60.0,1.15,,,0.001716,0.001973,0.0,0.001973
2026-06-01 19:50:00,2,Wheat,Development,Sandy,23.666666666666664,73.33333333333333,0.3499999999999998,1.9166666666666663,0.0,42.0,60.0,18.0,55.0,0.85,,,0.001716,0.001459,0.0,0.001459
2026-06-01 19:50:00,3,Maize,Mid-season,Clay,23.666666666666664,73.33333333333333,0.3499999999999998,1.9166666666666663,0.0,65.0,75.0,30.0,65.0,1.2,,,0.001716,0.002059,0.0,0.002059
2026-06-01 19:51:00,1,Tomato,Mid-season,Loam,23.64,73.41,0.3149999999999999,1.915,0.0,55.0,70.0,25.0,60.0,1.15,,,0.001643,0.001889,0.0,0.001889
2026-06-01 19:51:00,2,Wheat,Development,Sandy,23.64,73.41,0.3149999999999999,1.915,0.0,42.0,60.0,18.0,55.0,0.85,,,0.001643,0.001397,0.0,0.001397
2026-06-01 19:51:00,3,Maize,Mid-season,Clay,23.64,73.41,0.3149999999999999,1.915,0.0,65.0,75.0,30.0,65.0,1.2,,,0.001643,0.001972,0.0,0.001972
2026-06-01 19:52:00,1,Tomato,Mid-season,Loam,23.613333333333333,73.48666666666666,0.28,1.913333333333333,0.0,55.0,70.0,25.0,60.0,1.15,,,0.00138,0.001587,0.0,0.001587
2026-06-01 19:52:00,2,Wheat,Development,Sandy,23.613333333333333,73.48666666666666,0.28,1.913333333333333,0.0,42.0,60.0,18.0,55.0,0.85,,,0.00138,0.001173,0.0,0.001173
2026-06-01 19:52:00,3,Maize,Mid-season,Clay,23.613333333333333,73.48666666666666,0.28,1.913333333333333,0.0,65.0,75.0,30.0,65.0,1.2,,,0.00138,0.001656,0.0,0.001656
2026-06-01 19:53:00,1,Tomato,Mid-season,Loam,23.586666666666662,73.56333333333333,0.2449999999999998,1.9116666666666664,0.0,55.0,70.0,25.0,60.0,1.15,,,0.001498,0.001723,0.0,0.001723
2026-06-01 19:53:00,2,Wheat,Development,Sandy,23.586666666666662,73.56333333333333,0.2449999999999998,1.9116666666666664,0.0,42.0,60.0,18.0,55.0,0.85,,,0.001498,0.001273,0.0,0.001273
2026-06-01 19:53:00,3,Maize,Mid-season,Clay,23.586666666666662,73.56333333333333,0.2449999999999998,1.9116666666666664,0.0,65.0,75.0,30.0,65.0,1.2,,,0.001498,0.001798,0.0,0.001798
2026-06-01 19:54:00,1,Tomato,Mid-season,Loam,23.56,73.64,0.2099999999999999,1.91,0.0,55.0,70.0,25.0,60.0,1.15,,,0.001598,0.001838,0.0,0.001838
2026-06-01 19:54:00,2,Wheat,Development,Sandy,23.56,73.64,0.2099999999999999,1.91,0.0,42.0,60.0,18.0,55.0,0.85,,,0.001598,0.001358,0.0,0.001358
2026-06-01 19:54:00,3,Maize,Mid-season,Clay,23.56,73.64,0.2099999999999999,1.91,0.0,65.0,75.0,30.0,65.0,1.2,,,0.001598,0.001918,0.0,0.001918
2026-06-01 19:55:00,1,Tomato,Mid-season,Loam,23.53333333333333,73.71666666666667,0.1749999999999998,1.9083333333333328,0.0,55.0,70.0,25.0,60.0,1.15,,,0.001587,0.001825,0.0,0.001825
2026-06-01 19:55:00,2,Wheat,Development,Sandy,23.53333333333333,73.71666666666667,0.1749999999999998,1.9083333333333328,0.0,42.0,60.0,18.0,55.0,0.85,,,0.001587,0.001349,0.0,0.001349
2026-06-01 19:55:00,3,Maize,Mid-season,Clay,23.53333333333333,73.71666666666667,0.1749999999999998,1.9083333333333328,0.0,65.0,75.0,30.0,65.0,1.2,,,0.001587,0.001904,0.0,0.001904
2026-06-01 19:56:00,1,Tomato,Mid-season,Loam,23.506666666666664,73.79333333333332,0.1399999999999999,1.9066666666666665,0.0,55.0,70.0,25.0,60.0,1.15,,,0.00162,0.001863,0.0,0.001863
2026-06-01 19:56:00,2,Wheat,Development,Sandy,23.506666666666664,73.79333333333332,0.1399999999999999,1.9066666666666665,0.0,42.0,60.0,18.0,55.0,0.85,,,0.00162,0.001377,0.0,0.001377
2026-06-01 19:56:00,3,Maize,Mid-season,Clay,23.506666666666664,73.79333333333332,0.1399999999999999,1.9066666666666665,0.0,65.0,75.0,30.0,65.0,1.2,,,0.00162,0.001944,0.0,0.001944
2026-06-01 19:57:00,1,Tomato,Mid-season,Loam,23.48,73.86999999999999,0.1049999999999999,1.905,0.0,55.0,70.0,25.0,60.0,1.15,,,0.001767,0.002032,0.0,0.002032
2026-06-01 19:57:00,2,Wheat,Development,Sandy,23.48,73.86999999999999,0.1049999999999999,1.905,0.0,42.0,60.0,18.0,55.0,0.85,,,0.001767,0.001502,0.0,0.001502
2026-06-01 19:57:00,3,Maize,Mid-season,Clay,23.48,73.86999999999999,0.1049999999999999,1.905,0.0,65.0,75.0,30.0,65.0,1.2,,,0.001767,0.00212,0.0,0.00212
2026-06-01 19:58:00,1,Tomato,Mid-season,Loam,23.453333333333333,73.94666666666666,0.0699999999999998,1.903333333333333,0.0,55.0,70.0,25.0,60.0,1.15,,,0.001724,0.001983,0.0,0.001983
2026-06-01 19:58:00,2,Wheat,Development,Sandy,23.453333333333333,73.94666666666666,0.0699999999999998,1.903333333333333,0.0,42.0,60.0,18.0,55.0,0.85,,,0.001724,0.001465,0.0,0.001465
2026-06-01 19:58:00,3,Maize,Mid-season,Clay,23.453333333333333,73.94666666666666,0.0699999999999998,1.903333333333333,0.0,65.0,75.0,30.0,65.0,1.2,,,0.001724,0.002069,0.0,0.002069
2026-06-01 19:59:00,1,Tomato,Mid-season,Loam,23.426666666666662,74.02333333333333,0.0349999999999997,1.9016666666666664,0.0,55.0,70.0,25.0,60.0,1.15,,,0.001414,0.001626,0.0,0.001626
2026-06-01 19:59:00,2,Wheat,Development,Sandy,23.426666666666662,74.02333333333333,0.0349999999999997,1.9016666666666664,0.0,42.0,60.0,18.0,55.0,0.85,,,0.001414,0.001202,0.0,0.001202
2026-06-01 19:59:00,3,Maize,Mid-season,Clay,23.426666666666662,74.02333333333333,0.0349999999999997,1.9016666666666664,0.0,65.0,75.0,30.0,65.0,1.2,,,0.001414,0.001697,0.0,0.001697
2026-06-01 20:00:00,1,Tomato,Mid-season,Loam,23.4,74.1,0.0,1.9,0.0,55.0,70.0,25.0,60.0,1.15,,,0.001604,0.001845,0.0,0.001845
2026-06-01 20:00:00,2,Wheat,Development,Sandy,23.4,74.1,0.0,1.9,0.0,42.0,60.0,18.0,55.0,0.85,,,0.001604,0.001363,0.0,0.001363
2026-06-01 20:00:00,3,Maize,Mid-season,Clay,23.4,74.1,0.0,1.9,0.0,65.0,75.0,30.0,65.0,1.2,,,0.001604,0.001925,0.0,0.001925
2026-06-01 20:01:00,1,Tomato,Mid-season,Loam,23.37833333333333,74.15833333333333,0.0,1.8983333333333328,0.0,55.0,70.0,25.0,60.0,1.15,,,0.001609,0.00185,0.0,0.00185
2026-06-01 20:01:00,2,Wheat,Development,Sandy,23.37833333333333,74.15833333333333,0.0,1.8983333333333328,0.0,42.0,60.0,18.0,55.0,0.85,,,0.001609,0.001368,0.0,0.001368
2026-06-01 20:01:00,3,Maize,Mid-season,Clay,23.37833333333333,74.15833333333333,0.0,1.8983333333333328,0.0,65.0,75.0,30.0,65.0,1.2,,,0.001609,0.001931,0.0,0.001931
2026-06-01 20:02:00,1,Tomato,Mid-season,Loam,23.356666666666666,74.21666666666665,0.0,1.8966666666666665,0.0,55.0,70.0,25.0,60.0,1.15,,,0.001435,0.00165,0.0,0.00165
2026-06-01 20:02:00,2,Wheat,Development,Sandy,23.356666666666666,74.21666666666665,0.0,1.8966666666666665,0.0,42.0,60.0,18.0,55.0,0.85,,,0.001435,0.00122,0.0,0.00122
2026-06-01 20:02:00,3,Maize,Mid-season,Clay,23.356666666666666,74.21666666666665,0.0,1.8966666666666665,0.0,65.0,75.0,30.0,65.0,1.2,,,0.001435,0.001722,0.0,0.001722
2026-06-01 20:03:00,1,Tomato,Mid-season,Loam,23.335,74.27499999999999,0.0,1.895,0.0,55.0,70.0,25.0,60.0,1.15,,,0.001662,0.001911,0.0,0.001911
2026-06-01 20:03:00,2,Wheat,Development,Sandy,23.335,74.27499999999999,0.0,1.895,0.0,42.0,60.0,18.0,55.0,0.85,,,0.001662,0.001413,0.0,0.001413
2026-06-01 20:03:00,3,Maize,Mid-season,Clay,23.335,74.27499999999999,0.0,1.895,0.0,65.0,75.0,30.0,65.0,1.2,,,0.001662,0.001994,0.0,0.001994
2026-06-01 20:04:00,1,Tomato,Mid-season,Loam,23.313333333333333,74.33333333333333,0.0,1.893333333333333,0.0,55.0,70.0,25.0,60.0,1.15,,,0.001474,0.001695,0.0,0.001695
2026-06-01 20:04:00,2,Wheat,Development,Sandy,23.313333333333333,74.33333333333333,0.0,1.893333333333333,0.0,42.0,60.0,18.0,55.0,0.85,,,0.001474,0.001253,0.0,0.001253
2026-06-01 20:04:00,3,Maize,Mid-season,Clay,23.313333333333333,74.33333333333333,0.0,1.893333333333333,0.0,65.0,75.0,30.0,65.0,1.2,,,0.001474,0.001769,0.0,0.001769
2026-06-01 20:05:00,1,Tomato,Mid-season,Loam,23.291666666666664,74.39166666666667,0.0,1.8916666666666664,0.0,55.0,70.0,25.0,60.0,1.15,,,0.001314,0.001511,0.0,0.001511
2026-06-01 20:05:00,2,Wheat,Development,Sandy,23.291666666666664,74.39166666666667,0.0,1.8916666666666664,0.0,42.0,60.0,18.0,55.0,0.85,,,0.001314,0.001117,0.0,0.001117
2026-06-01 20:05:00,3,Maize,Mid-season,Clay,23.291666666666664,74.39166666666667,0.0,1.8916666666666664,0.0,65.0,75.0,30.0,65.0,1.2,,,0.001314,0.001577,0.0,0.001577
2026-06-01 20:06:00,1,Tomato,Mid-season,Loam,23.27,74.44999999999999,0.0,1.89,0.0,55.0,70.0,25.0,60.0,1.15,,,0.001585,0.001823,0.0,0.001823
2026-06-01 20:06:00,2,Wheat,Development,Sandy,23.27,74.44999999999999,0.0,1.89,0.0,42.0,60.0,18.0,55.0,0.85,,,0.001585,0.001347,0.0,0.001347
2026-06-01 20:06:00,3,Maize,Mid-season,Clay,23.27,74.44999999999999,0.0,1.89,0.0,65.0,75.0,30.0,65.0,1.2,,,0.001585,0.001902,0.0,0.001902
2026-06-01 20:07:00,1,Tomato,Mid-season,Loam,23.24833333333333,74.50833333333333,0.0,1.8883333333333328,0.0,55.0,70.0,25.0,60.0,1.15,,,0.001561,0.001795,0.0,0.001795
2026-06-01 20:07:00,2,Wheat,Development,Sandy,23.24833333333333,74.50833333333333,0.0,1.8883333333333328,0.0,42.0,60.0,18.0,55.0,0.85,,,0.001561,0.001327,0.0,0.001327
2026-06-01 20:07:00,3,Maize,Mid-season,Clay,23.24833333333333,74.50833333333333,0.0,1.8883333333333328,0.0,65.0,75.0,30.0,65.0,1.2,,,0.001561,0.001873,0.0,0.001873
2026-06-01 20:08:00,1,Tomato,Mid-season,Loam,23.226666666666667,74.56666666666666,0.0,1.8866666666666665,0.0,55.0,70.0,25.0,60.0,1.15,,,0.001524,0.001753,0.0,0.001753
2026-06-01 20:08:00,2,Wheat,Development,Sandy,23.226666666666667,74.56666666666666,0.0,1.8866666666666665,0.0,42.0,60.0,18.0,55.0,0.85,,,0.001524,0.001295,0.0,0.001295
2026-06-01 20:08:00,3,Maize,Mid-season,Clay,23.226666666666667,74.56666666666666,0.0,1.8866666666666665,0.0,65.0,75.0,30.0,65.0,1.2,,,0.001524,0.001829,0.0,0.001829
2026-06-01 20:09:00,1,Tomato,Mid-season,Loam,23.205,74.625,0.0,1.885,0.0,55.0,70.0,25.0,60.0,1.15,,,0.001487,0.00171,0.0,0.00171
2026-06-01 20:09:00,2,Wheat,Development,Sandy,23.205,74.625,0.0,1.885,0.0,42.0,60.0,18.0,55.0,0.85,,,0.001487,0.001264,0.0,0.001264
2026-06-01 20:09:00,3,Maize,Mid-season,Clay,23.205,74.625,0.0,1.885,0.0,65.0,75.0,30.0,65.0,1.2,,,0.001487,0.001784,0.0,0.001784
2026-06-01 20:10:00,1,Tomato,Mid-season,Loam,23.183333333333334,74.68333333333332,0.0,1.8833333333333333,0.0,55.0,70.0,25.0,60.0,1.15,,,0.001369,0.001574,0.0,0.001574
2026-06-01 20:10:00,2,Wheat,Development,Sandy,23.183333333333334,74.68333333333332,0.0,1.8833333333333333,0.0,42.0,60.0,18.0,55.0,0.85,,,0.001369,0.001164,0.0,0.001164
2026-06-01 20:10:00,3,Maize,Mid-season,Clay,23.183333333333334,74.68333333333332,0.0,1.8833333333333333,0.0,65.0,75.0,30.0,65.0,1.2,,,0.001369,0.001643,0.0,0.001643
2026-06-01 20:11:00,1,Tomato,Mid-season,Loam,23.161666666666665,74.74166666666666,0.0,1.8816666666666664,0.0,55.0,70.0,25.0,60.0,1.15,,,0.001559,0.001793,0.0,0.001793
2026-06-01 20:11:00,2,Wheat,Development,Sandy,23.161666666666665,74.74166666666666,0.0,1.8816666666666664,0.0,42.0,60.0,18.0,55.0,0.85,,,0.001559,0.001325,0.0,0.001325
2026-06-01 20:11:00,3,Maize,Mid-season,Clay,23.161666666666665,74.74166666666666,0.0,1.8816666666666664,0.0,65.0,75.0,30.0,65.0,1.2,,,0.001559,0.001871,0.0,0.001871
2026-06-01 20:12:00,1,Tomato,Mid-season,Loam,23.14,74.8,0.0,1.88,0.0,55.0,70.0,25.0,60.0,1.15,,,0.001481,0.001703,0.0,0.001703
2026-06-01 20:12:00,2,Wheat,Development,Sandy,23.14,74.8,0.0,1.88,0.0,42.0,60.0,18.0,55.0,0.85,,,0.001481,0.001259,0.0,0.001259
2026-06-01 20:12:00,3,Maize,Mid-season,Clay,23.14,74.8,0.0,1.88,0.0,65.0,75.0,30.0,65.0,1.2,,,0.001481,0.001777,0.0,0.001777
2026-06-01 20:13:00,1,Tomato,Mid-season,Loam,23.11833333333333,74.85833333333333,0.0,1.8783333333333327,0.0,55.0,70.0,25.0,60.0,1.15,,,0.001503,0.001728,0.0,0.001728
2026-06-01 20:13:00,2,Wheat,Development,Sandy,23.11833333333333,74.85833333333333,0.0,1.8783333333333327,0.0,42.0,60.0,18.0,55.0,0.85,,,0.001503,0.001278,0.0,0.001278
2026-06-01 20:13:00,3,Maize,Mid-season,Clay,23.11833333333333,74.85833333333333,0.0,1.8783333333333327,0.0,65.0,75.0,30.0,65.0,1.2,,,0.001503,0.001804,0.0,0.001804
2026-06-01 20:14:00,1,Tomato,Mid-season,Loam,23.096666666666668,74.91666666666666,0.0,1.8766666666666667,0.0,55.0,70.0,25.0,60.0,1.15,,,0.001453,0.001671,0.0,0.001671
2026-06-01 20:14:00,2,Wheat,Development,Sandy,23.096666666666668,74.91666666666666,0.0,1.8766666666666667,0.0,42.0,60.0,18.0,55.0,0.85,,,0.001453,0.001235,0.0,0.001235
2026-06-01 20:14:00,3,Maize,Mid-season,Clay,23.096666666666668,74.91666666666666,0.0,1.8766666666666667,0.0,65.0,75.0,30.0,65.0,1.2,,,0.001453,0.001744,0.0,0.001744
2026-06-01 20:15:00,1,Tomato,Mid-season,Loam,23.075,74.975,0.0,1.875,0.0,55.0,70.0,25.0,60.0,1.15,,,0.001305,0.001501,0.0,0.001501
2026-06-01 20:15:00,2,Wheat,Development,Sandy,23.075,74.975,0.0,1.875,0.0,42.0,60.0,18.0,55.0,0.85,,,0.001305,0.001109,0.0,0.001109
2026-06-01 20:15:00,3,Maize,Mid-season,Clay,23.075,74.975,0.0,1.875,0.0,65.0,75.0,30.0,65.0,1.2,,,0.001305,0.001566,0.0,0.001566
2026-06-01 20:16:00,1,Tomato,Mid-season,Loam,23.05333333333333,75.03333333333333,0.0,1.8733333333333333,0.0,55.0,70.0,25.0,60.0,1.15,,,0.001288,0.001481,0.0,0.001481
2026-06-01 20:16:00,2,Wheat,Development,Sandy,23.05333333333333,75.03333333333333,0.0,1.8733333333333333,0.0,42.0,60.0,18.0,55.0,0.85,,,0.001288,0.001095,0.0,0.001095
2026-06-01 20:16:00,3,Maize,Mid-season,Clay,23.05333333333333,75.03333333333333,0.0,1.8733333333333333,0.0,65.0,75.0,30.0,65.0,1.2,,,0.001288,0.001546,0.0,0.001546
2026-06-01 20:17:00,1,Tomato,Mid-season,Loam,23.031666666666663,75.09166666666665,0.0,1.8716666666666664,0.0,55.0,70.0,25.0,60.0,1.15,,,0.001087,0.00125,0.0,0.00125
2026-06-01 20:17:00,2,Wheat,Development,Sandy,23.031666666666663,75.09166666666665,0.0,1.8716666666666664,0.0,42.0,60.0,18.0,55.0,0.85,,,0.001087,0.000924,0.0,0.000924
2026-06-01 20:17:00,3,Maize,Mid-season,Clay,23.031666666666663,75.09166666666665,0.0,1.8716666666666664,0.0,65.0,75.0,30.0,65.0,1.2,,,0.001087,0.001304,0.0,0.001304
2026-06-01 20:18:00,1,Tomato,Mid-season,Loam,23.01,75.14999999999999,0.0,1.87,0.0,55.0,70.0,25.0,60.0,1.15,,,0.001482,0.001704,0.0,0.001704
2026-06-01 20:18:00,2,Wheat,Development,Sandy,23.01,75.14999999999999,0.0,1.87,0.0,42.0,60.0,18.0,55.0,0.85,,,0.001482,0.00126,0.0,0.00126
2026-06-01 20:18:00,3,Maize,Mid-season,Clay,23.01,75.14999999999999,0.0,1.87,0.0,65.0,75.0,30.0,65.0,1.2,,,0.001482,0.001778,0.0,0.001778
2026-06-01 20:19:00,1,Tomato,Mid-season,Loam,22.988333333333333,75.20833333333333,0.0,1.8683333333333327,0.0,55.0,70.0,25.0,60.0,1.15,,,0.001291,0.001485,0.0,0.001485
2026-06-01 20:19:00,2,Wheat,Development,Sandy,22.988333333333333,75.20833333333333,0.0,1.8683333333333327,0.0,42.0,60.0,18.0,55.0,0.85,,,0.001291,0.001097,0.0,0.001097
2026-06-01 20:19:00,3,Maize,Mid-season,Clay,22.988333333333333,75.20833333333333,0.0,1.8683333333333327,0.0,65.0,75.0,30.0,65.0,1.2,,,0.001291,0.001549,0.0,0.001549
2026-06-01 20:20:00,1,Tomato,Mid-season,Loam,22.966666666666665,75.26666666666667,0.0,1.8666666666666667,0.0,55.0,70.0,25.0,60.0,1.15,,,0.001435,0.00165,0.0,0.00165
2026-06-01 20:20:00,2,Wheat,Development,Sandy,22.966666666666665,75.26666666666667,0.0,1.8666666666666667,0.0,42.0,60.0,18.0,55.0,0.85,,,0.001435,0.00122,0.0,0.00122
2026-06-01 20:20:00,3,Maize,Mid-season,Clay,22.966666666666665,75.26666666666667,0.0,1.8666666666666667,0.0,65.0,75.0,30.0,65.0,1.2,,,0.001435,0.001722,0.0,0.001722
2026-06-01 20:21:00,1,Tomato,Mid-season,Loam,22.945,75.32499999999999,0.0,1.865,0.0,55.0,70.0,25.0,60.0,1.15,,,0.001492,0.001716,0.0,0.001716
2026-06-01 20:21:00,2,Wheat,Development,Sandy,22.945,75.32499999999999,0.0,1.865,0.0,42.0,60.0,18.0,55.0,0.85,,,0.001492,0.001268,0.0,0.001268
2026-06-01 20:21:00,3,Maize,Mid-season,Clay,22.945,75.32499999999999,0.0,1.865,0.0,65.0,75.0,30.0,65.0,1.2,,,0.001492,0.00179,0.0,0.00179
2026-06-01 20:22:00,1,Tomato,Mid-season,Loam,22.92333333333333,75.38333333333333,0.0,1.8633333333333333,0.0,55.0,70.0,25.0,60.0,1.15,,,0.001517,0.001745,0.0,0.001745
2026-06-01 20:22:00,2,Wheat,Development,Sandy,22.92333333333333,75.38333333333333,0.0,1.8633333333333333,0.0,42.0,60.0,18.0,55.0,0.85,,,0.001517,0.001289,0.0,0.001289
2026-06-01 20:22:00,3,Maize,Mid-season,Clay,22.92333333333333,75.38333333333333,0.0,1.8633333333333333,0.0,65.0,75.0,30.0,65.0,1.2,,,0.001517,0.00182,0.0,0.00182
2026-06-01 20:23:00,1,Tomato,Mid-season,Loam,22.901666666666667,75.44166666666666,0.0,1.8616666666666664,0.0,55.0,70.0,25.0,60.0,1.15,,,0.001226,0.00141,0.0,0.00141
2026-06-01 20:23:00,2,Wheat,Development,Sandy,22.901666666666667,75.44166666666666,0.0,1.8616666666666664,0.0,42.0,60.0,18.0,55.0,0.85,,,0.001226,0.001042,0.0,0.001042
2026-06-01 20:23:00,3,Maize,Mid-season,Clay,22.901666666666667,75.44166666666666,0.0,1.8616666666666664,0.0,65.0,75.0,30.0,65.0,1.2,,,0.001226,0.001471,0.0,0.001471
2026-06-01 20:24:00,1,Tomato,Mid-season,Loam,22.88,75.5,0.0,1.86,0.0,55.0,70.0,25.0,60.0,1.15,,,0.00138,0.001587,0.0,0.001587
2026-06-01 20:24:00,2,Wheat,Development,Sandy,22.88,75.5,0.0,1.86,0.0,42.0,60.0,18.0,55.0,0.85,,,0.00138,0.001173,0.0,0.001173
2026-06-01 20:24:00,3,Maize,Mid-season,Clay,22.88,75.5,0.0,1.86,0.0,65.0,75.0,30.0,65.0,1.2,,,0.00138,0.001656,0.0,0.001656
2026-06-01 20:25:00,1,Tomato,Mid-season,Loam,22.85833333333333,75.55833333333332,0.0,1.8583333333333327,0.0,55.0,70.0,25.0,60.0,1.15,,,0.001613,0.001855,0.0,0.001855
2026-06-01 20:25:00,2,Wheat,Development,Sandy,22.85833333333333,75.55833333333332,0.0,1.8583333333333327,0.0,42.0,60.0,18.0,55.0,0.85,,,0.001613,0.001371,0.0,0.001371
2026-06-01 20:25:00,3,Maize,Mid-season,Clay,22.85833333333333,75.55833333333332,0.0,1.8583333333333327,0.0,65.0,75.0,30.0,65.0,1.2,,,0.001613,0.001936,0.0,0.001936
2026-06-01 20:26:00,1,Tomato,Mid-season,Loam,22.836666666666662,75.61666666666666,0.0,1.856666666666667,0.0,55.0,70.0,25.0,60.0,1.15,,,0.001682,0.001934,0.0,0.001934
2026-06-01 20:26:00,2,Wheat,Development,Sandy,22.836666666666662,75.61666666666666,0.0,1.856666666666667,0.0,42.0,60.0,18.0,55.0,0.85,,,0.001682,0.00143,0.0,0.00143
2026-06-01 20:26:00,3,Maize,Mid-season,Clay,22.836666666666662,75.61666666666666,0.0,1.856666666666667,0.0,65.0,75.0,30.0,65.0,1.2,,,0.001682,0.002018,0.0,0.002018
2026-06-01 20:27:00,1,Tomato,Mid-season,Loam,22.815,75.675,0.0,1.855,0.0,55.0,70.0,25.0,60.0,1.15,,,0.001475,0.001696,0.0,0.001696
2026-06-01 20:27:00,2,Wheat,Development,Sandy,22.815,75.675,0.0,1.855,0.0,42.0,60.0,18.0,55.0,0.85,,,0.001475,0.001254,0.0,0.001254
2026-06-01 20:27:00,3,Maize,Mid-season,Clay,22.815,75.675,0.0,1.855,0.0,65.0,75.0,30.0,65.0,1.2,,,0.001475,0.00177,0.0,0.00177
2026-06-01 20:28:00,1,Tomato,Mid-season,Loam,22.793333333333333,75.73333333333333,0.0,1.8533333333333333,0.0,55.0,70.0,25.0,60.0,1.15,,,0.001406,0.001617,0.0,0.001617
2026-06-01 20:28:00,2,Wheat,Development,Sandy,22.793333333333333,75.73333333333333,0.0,1.8533333333333333,0.0,42.0,60.0,18.0,55.0,0.85,,,0.001406,0.001195,0.0,0.001195
2026-06-01 20:28:00,3,Maize,Mid-season,Clay,22.793333333333333,75.73333333333333,0.0,1.8533333333333333,0.0,65.0,75.0,30.0,65.0,1.2,,,0.001406,0.001687,0.0,0.001687
2026-06-01 20:29:00,1,Tomato,Mid-season,Loam,22.77166666666667,75.79166666666666,0.0,1.8516666666666663,0.0,55.0,70.0,25.0,60.0,1.15,,,0.001246,0.001433,0.0,0.001433
2026-06-01 20:29:00,2,Wheat,Development,Sandy,22.77166666666667,75.79166666666666,0.0,1.8516666666666663,0.0,42.0,60.0,18.0,55.0,0.85,,,0.001246,0.001059,0.0,0.001059
2026-06-01 20:29:00,3,Maize,Mid-season,Clay,22.77166666666667,75.79166666666666,0.0,1.8516666666666663,0.0,65.0,75.0,30.0,65.0,1.2,,,0.001246,0.001495,0.0,0.001495
2026-06-01 20:30:00,1,Tomato,Mid-season,Loam,22.75,75.85,0.0,1.85,0.0,55.0,70.0,25.0,60.0,1.15,,,0.001439,0.001655,0.0,0.001655
2026-06-01 20:30:00,2,Wheat,Development,Sandy,22.75,75.85,0.0,1.85,0.0,42.0,60.0,18.0,55.0,0.85,,,0.001439,0.001223,0.0,0.001223
2026-06-01 20:30:00,3,Maize,Mid-season,Clay,22.75,75.85,0.0,1.85,0.0,65.0,75.0,30.0,65.0,1.2,,,0.001439,0.001727,0.0,0.001727
2026-06-01 20:31:00,1,Tomato,Mid-season,Loam,22.72833333333333,75.90833333333333,0.0,1.8483333333333327,0.0,55.0,70.0,25.0,60.0,1.15,,,0.001306,0.001502,0.0,0.001502
2026-06-01 20:31:00,2,Wheat,Development,Sandy,22.72833333333333,75.90833333333333,0.0,1.8483333333333327,0.0,42.0,60.0,18.0,55.0,0.85,,,0.001306,0.00111,0.0,0.00111
2026-06-01 20:31:00,3,Maize,Mid-season,Clay,22.72833333333333,75.90833333333333,0.0,1.8483333333333327,0.0,65.0,75.0,30.0,65.0,1.2,,,0.001306,0.001567,0.0,0.001567
2026-06-01 20:32:00,1,Tomato,Mid-season,Loam,22.706666666666667,75.96666666666665,0.0,1.846666666666667,0.0,55.0,70.0,25.0,60.0,1.15,,,0.001415,0.001627,0.0,0.001627
2026-06-01 20:32:00,2,Wheat,Development,Sandy,22.706666666666667,75.96666666666665,0.0,1.846666666666667,0.0,42.0,60.0,18.0,55.0,0.85,,,0.001415,0.001203,0.0,0.001203
2026-06-01 20:32:00,3,Maize,Mid-season,Clay,22.706666666666667,75.96666666666665,0.0,1.846666666666667,0.0,65.0,75.0,30.0,65.0,1.2,,,0.001415,0.001698,0.0,0.001698
2026-06-01 20:33:00,1,Tomato,Mid-season,Loam,22.685,76.02499999999999,0.0,1.845,0.0,55.0,70.0,25.0,60.0,1.15,,,0.001249,0.001436,0.0,0.001436
2026-06-01 20:33:00,2,Wheat,Development,Sandy,22.685,76.02499999999999,0.0,1.845,0.0,42.0,60.0,18.0,55.0,0.85,,,0.001249,0.001062,0.0,0.001062
2026-06-01 20:33:00,3,Maize,Mid-season,Clay,22.685,76.02499999999999,0.0,1.845,0.0,65.0,75.0,30.0,65.0,1.2,,,0.001249,0.001499,0.0,0.001499
2026-06-01 20:34:00,1,Tomato,Mid-season,Loam,22.66333333333333,76.08333333333333,0.0,1.8433333333333333,0.0,55.0,70.0,25.0,60.0,1.15,,,0.001334,0.001534,0.0,0.001534
2026-06-01 20:34:00,2,Wheat,Development,Sandy,22.66333333333333,76.08333333333333,0.0,1.8433333333333333,0.0,42.0,60.0,18.0,55.0,0.85,,,0.001334,0.001134,0.0,0.001134
2026-06-01 20:34:00,3,Maize,Mid-season,Clay,22.66333333333333,76.08333333333333,0.0,1.8433333333333333,0.0,65.0,75.0,30.0,65.0,1.2,,,0.001334,0.001601,0.0,0.001601
2026-06-01 20:35:00,1,Tomato,Mid-season,Loam,22.641666666666666,76.14166666666667,0.0,1.8416666666666663,0.0,55.0,70.0,25.0,60.0,1.15,,,0.001352,0.001555,0.0,0.001555
2026-06-01 20:35:00,2,Wheat,Development,Sandy,22.641666666666666,76.14166666666667,0.0,1.8416666666666663,0.0,42.0,60.0,18.0,55.0,0.85,,,0.001352,0.001149,0.0,0.001149
2026-06-01 20:35:00,3,Maize,Mid-season,Clay,22.641666666666666,76.14166666666667,0.0,1.8416666666666663,0.0,65.0,75.0,30.0,65.0,1.2,,,0.001352,0.001622,0.0,0.001622
2026-06-01 20:36:00,1,Tomato,Mid-season,Loam,22.62,76.19999999999999,0.0,1.84,0.0,55.0,70.0,25.0,60.0,1.15,,,0.001338,0.001539,0.0,0.001539
2026-06-01 20:36:00,2,Wheat,Development,Sandy,22.62,76.19999999999999,0.0,1.84,0.0,42.0,60.0,18.0,55.0,0.85,,,0.001338,0.001137,0.0,0.001137
2026-06-01 20:36:00,3,Maize,Mid-season,Clay,22.62,76.19999999999999,0.0,1.84,0.0,65.0,75.0,30.0,65.0,1.2,,,0.001338,0.001606,0.0,0.001606
2026-06-01 20:37:00,1,Tomato,Mid-season,Loam,22.598333333333333,76.25833333333333,0.0,1.8383333333333327,0.0,55.0,70.0,25.0,60.0,1.15,,,0.001373,0.001579,0.0,0.001579
2026-06-01 20:37:00,2,Wheat,Development,Sandy,22.598333333333333,76.25833333333333,0.0,1.8383333333333327,0.0,42.0,60.0,18.0,55.0,0.85,,,0.001373,0.001167,0.0,0.001167
2026-06-01 20:37:00,3,Maize,Mid-season,Clay,22.598333333333333,76.25833333333333,0.0,1.8383333333333327,0.0,65.0,75.0,30.0,65.0,1.2,,,0.001373,0.001648,0.0,0.001648
2026-06-01 20:38:00,1,Tomato,Mid-season,Loam,22.576666666666668,76.31666666666666,0.0,1.836666666666667,0.0,55.0,70.0,25.0,60.0,1.15,,,0.001261,0.00145,0.0,0.00145
2026-06-01 20:38:00,2,Wheat,Development,Sandy,22.576666666666668,76.31666666666666,0.0,1.836666666666667,0.0,42.0,60.0,18.0,55.0,0.85,,,0.001261,0.001072,0.0,0.001072
2026-06-01 20:38:00,3,Maize,Mid-season,Clay,22.576666666666668,76.31666666666666,0.0,1.836666666666667,0.0,65.0,75.0,30.0,65.0,1.2,,,0.001261,0.001513,0.0,0.001513
2026-06-01 20:39:00,1,Tomato,Mid-season,Loam,22.555,76.375,0.0,1.835,0.0,55.0,70.0,25.0,60.0,1.15,,,0.001164,0.001339,0.0,0.001339
2026-06-01 20:39:00,2,Wheat,Development,Sandy,22.555,76.375,0.0,1.835,0.0,42.0,60.0,18.0,55.0,0.85,,,0.001164,0.000989,0.0,0.000989
2026-06-01 20:39:00,3,Maize,Mid-season,Clay,22.555,76.375,0.0,1.835,0.0,65.0,75.0,30.0,65.0,1.2,,,0.001164,0.001397,0.0,0.001397
2026-06-01 20:40:00,1,Tomato,Mid-season,Loam,22.53333333333333,76.43333333333332,0.0,1.8333333333333333,0.0,55.0,70.0,25.0,60.0,1.15,,,0.001549,0.001781,0.0,0.001781
2026-06-01 20:40:00,2,Wheat,Development,Sandy,22.53333333333333,76.43333333333332,0.0,1.8333333333333333,0.0,42.0,60.0,18.0,55.0,0.85,,,0.001549,0.001317,0.0,0.001317
2026-06-01 20:40:00,3,Maize,Mid-season,Clay,22.53333333333333,76.43333333333332,0.0,1.8333333333333333,0.0,65.0,75.0,30.0,65.0,1.2,,,0.001549,0.001859,0.0,0.001859
2026-06-01 20:41:00,1,Tomato,Mid-season,Loam,22.511666666666667,76.49166666666666,0.0,1.8316666666666663,0.0,55.0,70.0,25.0,60.0,1.15,,,0.001571,0.001807,0.0,0.001807
2026-06-01 20:41:00,2,Wheat,Development,Sandy,22.511666666666667,76.49166666666666,0.0,1.8316666666666663,0.0,42.0,60.0,18.0,55.0,0.85,,,0.001571,0.001335,0.0,0.001335
2026-06-01 20:41:00,3,Maize,Mid-season,Clay,22.511666666666667,76.49166666666666,0.0,1.8316666666666663,0.0,65.0,75.0,30.0,65.0,1.2,,,0.001571,0.001885,0.0,0.001885
2026-06-01 20:42:00,1,Tomato,Mid-season,Loam,22.49,76.55,0.0,1.83,0.0,55.0,70.0,25.0,60.0,1.15,,,0.001399,0.001609,0.0,0.001609
2026-06-01 20:42:00,2,Wheat,Development,Sandy,22.49,76.55,0.0,1.83,0.0,42.0,60.0,18.0,55.0,0.85,,,0.001399,0.001189,0.0,0.001189
2026-06-01 20:42:00,3,Maize,Mid-season,Clay,22.49,76.55,0.0,1.83,0.0,65.0,75.0,30.0,65.0,1.2,,,0.001399,0.001679,0.0,0.001679
2026-06-01 20:43:00,1,Tomato,Mid-season,Loam,22.468333333333334,76.60833333333333,0.0,1.8283333333333327,0.0,55.0,70.0,25.0,60.0,1.15,,,0.001093,0.001257,0.0,0.001257
2026-06-01 20:43:00,2,Wheat,Development,Sandy,22.468333333333334,76.60833333333333,0.0,1.8283333333333327,0.0,42.0,60.0,18.0,55.0,0.85,,,0.001093,0.000929,0.0,0.000929
2026-06-01 20:43:00,3,Maize,Mid-season,Clay,22.468333333333334,76.60833333333333,0.0,1.8283333333333327,0.0,65.0,75.0,30.0,65.0,1.2,,,0.001093,0.001312,0.0,0.001312
2026-06-01 20:44:00,1,Tomato,Mid-season,Loam,22.446666666666665,76.66666666666666,0.0,1.8266666666666669,0.0,55.0,70.0,25.0,60.0,1.15,,,0.001176,0.001352,0.0,0.001352
2026-06-01 20:44:00,2,Wheat,Development,Sandy,22.446666666666665,76.66666666666666,0.0,1.8266666666666669,0.0,42.0,60.0,18.0,55.0,0.85,,,0.001176,0.001,0.0,0.001
2026-06-01 20:44:00,3,Maize,Mid-season,Clay,22.446666666666665,76.66666666666666,0.0,1.8266666666666669,0.0,65.0,75.0,30.0,65.0,1.2,,,0.001176,0.001411,0.0,0.001411
2026-06-01 20:45:00,1,Tomato,Mid-season,Loam,22.425,76.725,0.0,1.825,0.0,55.0,70.0,25.0,60.0,1.15,,,0.001339,0.00154,0.0,0.00154
2026-06-01 20:45:00,2,Wheat,Development,Sandy,22.425,76.725,0.0,1.825,0.0,42.0,60.0,18.0,55.0,0.85,,,0.001339,0.001138,0.0,0.001138
2026-06-01 20:45:00,3,Maize,Mid-season,Clay,22.425,76.725,0.0,1.825,0.0,65.0,75.0,30.0,65.0,1.2,,,0.001339,0.001607,0.0,0.001607
2026-06-01 20:46:00,1,Tomato,Mid-season,Loam,22.40333333333333,76.78333333333333,0.0,1.8233333333333333,0.0,55.0,70.0,25.0,60.0,1.15,,,0.001404,0.001615,0.0,0.001615
2026-06-01 20:46:00,2,Wheat,Development,Sandy,22.40333333333333,76.78333333333333,0.0,1.8233333333333333,0.0,42.0,60.0,18.0,55.0,0.85,,,0.001404,0.001193,0.0,0.001193
2026-06-01 20:46:00,3,Maize,Mid-season,Clay,22.40333333333333,76.78333333333333,0.0,1.8233333333333333,0.0,65.0,75.0,30.0,65.0,1.2,,,0.001404,0.001685,0.0,0.001685
2026-06-01 20:47:00,1,Tomato,Mid-season,Loam,22.381666666666668,76.84166666666667,0.0,1.8216666666666668,0.0,55.0,70.0,25.0,60.0,1.15,,,0.001069,0.001229,0.0,0.001229
2026-06-01 20:47:00,2,Wheat,Development,Sandy,22.381666666666668,76.84166666666667,0.0,1.8216666666666668,0.0,42.0,60.0,18.0,55.0,0.85,,,0.001069,0.000909,0.0,0.000909
2026-06-01 20:47:00,3,Maize,Mid-season,Clay,22.381666666666668,76.84166666666667,0.0,1.8216666666666668,0.0,65.0,75.0,30.0,65.0,1.2,,,0.001069,0.001283,0.0,0.001283
2026-06-01 20:48:00,1,Tomato,Mid-season,Loam,22.36,76.89999999999999,0.0,1.82,0.0,55.0,70.0,25.0,60.0,1.15,,,0.001235,0.00142,0.0,0.00142
2026-06-01 20:48:00,2,Wheat,Development,Sandy,22.36,76.89999999999999,0.0,1.82,0.0,42.0,60.0,18.0,55.0,0.85,,,0.001235,0.00105,0.0,0.00105
2026-06-01 20:48:00,3,Maize,Mid-season,Clay,22.36,76.89999999999999,0.0,1.82,0.0,65.0,75.0,30.0,65.0,1.2,,,0.001235,0.001482,0.0,0.001482
2026-06-01 20:49:00,1,Tomato,Mid-season,Loam,22.33833333333333,76.95833333333333,0.0,1.8183333333333327,0.0,55.0,70.0,25.0,60.0,1.15,,,0.001258,0.001447,0.0,0.001447
2026-06-01 20:49:00,2,Wheat,Development,Sandy,22.33833333333333,76.95833333333333,0.0,1.8183333333333327,0.0,42.0,60.0,18.0,55.0,0.85,,,0.001258,0.001069,0.0,0.001069
2026-06-01 20:49:00,3,Maize,Mid-season,Clay,22.33833333333333,76.95833333333333,0.0,1.8183333333333327,0.0,65.0,75.0,30.0,65.0,1.2,,,0.001258,0.00151,0.0,0.00151
2026-06-01 20:50:00,1,Tomato,Mid-season,Loam,22.316666666666663,77.01666666666667,0.0,1.8166666666666669,0.0,55.0,70.0,25.0,60.0,1.15,,,0.001346,0.001548,0.0,0.001548
2026-06-01 20:50:00,2,Wheat,Development,Sandy,22.316666666666663,77.01666666666667,0.0,1.8166666666666669,0.0,42.0,60.0,18.0,55.0,0.85,,,0.001346,0.001144,0.0,0.001144
2026-06-01 20:50:00,3,Maize,Mid-season,Clay,22.316666666666663,77.01666666666667,0.0,1.8166666666666669,0.0,65.0,75.0,30.0,65.0,1.2,,,0.001346,0.001615,0.0,0.001615
2026-06-01 20:51:00,1,Tomato,Mid-season,Loam,22.295,77.07499999999999,0.0,1.815,0.0,55.0,70.0,25.0,60.0,1.15,,,0.001224,0.001408,0.0,0.001408
2026-06-01 20:51:00,2,Wheat,Development,Sandy,22.295,77.07499999999999,0.0,1.815,0.0,42.0,60.0,18.0,55.0,0.85,,,0.001224,0.00104,0.0,0.00104
2026-06-01 20:51:00,3,Maize,Mid-season,Clay,22.295,77.07499999999999,0.0,1.815,0.0,65.0,75.0,30.0,65.0,1.2,,,0.001224,0.001469,0.0,0.001469
2026-06-01 20:52:00,1,Tomato,Mid-season,Loam,22.273333333333333,77.13333333333333,0.0,1.8133333333333328,0.0,55.0,70.0,25.0,60.0,1.15,,,0.000999,0.001149,0.0,0.001149
2026-06-01 20:52:00,2,Wheat,Development,Sandy,22.273333333333333,77.13333333333333,0.0,1.8133333333333328,0.0,42.0,60.0,18.0,55.0,0.85,,,0.000999,0.000849,0.0,0.000849
2026-06-01 20:52:00,3,Maize,Mid-season,Clay,22.273333333333333,77.13333333333333,0.0,1.8133333333333328,0.0,65.0,75.0,30.0,65.0,1.2,,,0.000999,0.001199,0.0,0.001199
2026-06-01 20:53:00,1,Tomato,Mid-season,Loam,22.25166666666667,77.19166666666666,0.0,1.8116666666666668,0.0,55.0,70.0,25.0,60.0,1.15,,,0.001304,0.0015,0.0,0.0015
2026-06-01 20:53:00,2,Wheat,Development,Sandy,22.25166666666667,77.19166666666666,0.0,1.8116666666666668,0.0,42.0,60.0,18.0,55.0,0.85,,,0.001304,0.001108,0.0,0.001108
2026-06-01 20:53:00,3,Maize,Mid-season,Clay,22.25166666666667,77.19166666666666,0.0,1.8116666666666668,0.0,65.0,75.0,30.0,65.0,1.2,,,0.001304,0.001565,0.0,0.001565
2026-06-01 20:54:00,1,Tomato,Mid-season,Loam,22.23,77.25,0.0,1.81,0.0,55.0,70.0,25.0,60.0,1.15,,,0.001355,0.001558,0.0,0.001558
2026-06-01 20:54:00,2,Wheat,Development,Sandy,22.23,77.25,0.0,1.81,0.0,42.0,60.0,18.0,55.0,0.85,,,0.001355,0.001152,0.0,0.001152
2026-06-01 20:54:00,3,Maize,Mid-season,Clay,22.23,77.25,0.0,1.81,0.0,65.0,75.0,30.0,65.0,1.2,,,0.001355,0.001626,0.0,0.001626
2026-06-01 20:55:00,1,Tomato,Mid-season,Loam,22.208333333333336,77.30833333333332,0.0,1.808333333333333,0.0,55.0,70.0,25.0,60.0,1.15,,,0.001194,0.001373,0.0,0.001373
2026-06-01 20:55:00,2,Wheat,Development,Sandy,22.208333333333336,77.30833333333332,0.0,1.808333333333333,0.0,42.0,60.0,18.0,55.0,0.85,,,0.001194,0.001015,0.0,0.001015
2026-06-01 20:55:00,3,Maize,Mid-season,Clay,22.208333333333336,77.30833333333332,0.0,1.808333333333333,0.0,65.0,75.0,30.0,65.0,1.2,,,0.001194,0.001433,0.0,0.001433
2026-06-01 20:56:00,1,Tomato,Mid-season,Loam,22.186666666666667,77.36666666666666,0.0,1.8066666666666664,0.0,55.0,70.0,25.0,60.0,1.15,,,0.001237,0.001423,0.0,0.001423
2026-06-01 20:56:00,2,Wheat,Development,Sandy,22.186666666666667,77.36666666666666,0.0,1.8066666666666664,0.0,42.0,60.0,18.0,55.0,0.85,,,0.001237,0.001051,0.0,0.001051
2026-06-01 20:56:00,3,Maize,Mid-season,Clay,22.186666666666667,77.36666666666666,0.0,1.8066666666666664,0.0,65.0,75.0,30.0,65.0,1.2,,,0.001237,0.001484,0.0,0.001484
2026-06-01 20:57:00,1,Tomato,Mid-season,Loam,22.165000000000003,77.425,0.0,1.805,0.0,55.0,70.0,25.0,60.0,1.15,,,0.001126,0.001295,0.0,0.001295
2026-06-01 20:57:00,2,Wheat,Development,Sandy,22.165000000000003,77.425,0.0,1.805,0.0,42.0,60.0,18.0,55.0,0.85,,,0.001126,0.000957,0.0,0.000957
2026-06-01 20:57:00,3,Maize,Mid-season,Clay,22.165000000000003,77.425,0.0,1.805,0.0,65.0,75.0,30.0,65.0,1.2,,,0.001126,0.001351,0.0,0.001351
2026-06-01 20:58:00,1,Tomato,Mid-season,Loam,22.14333333333333,77.48333333333333,0.0,1.8033333333333328,0.0,55.0,70.0,25.0,60.0,1.15,,,0.001126,0.001295,0.0,0.001295
2026-06-01 20:58:00,2,Wheat,Development,Sandy,22.14333333333333,77.48333333333333,0.0,1.8033333333333328,0.0,42.0,60.0,18.0,55.0,0.85,,,0.001126,0.000957,0.0,0.000957
2026-06-01 20:58:00,3,Maize,Mid-season,Clay,22.14333333333333,77.48333333333333,0.0,1.8033333333333328,0.0,65.0,75.0,30.0,65.0,1.2,,,0.001126,0.001351,0.0,0.001351
2026-06-01 20:59:00,1,Tomato,Mid-season,Loam,22.12166666666667,77.54166666666666,0.0,1.8016666666666667,0.0,55.0,70.0,25.0,60.0,1.15,,,0.001294,0.001488,0.0,0.001488
2026-06-01 20:59:00,2,Wheat,Development,Sandy,22.12166666666667,77.54166666666666,0.0,1.8016666666666667,0.0,42.0,60.0,18.0,55.0,0.85,,,0.001294,0.0011,0.0,0.0011
2026-06-01 20:59:00,3,Maize,Mid-season,Clay,22.12166666666667,77.54166666666666,0.0,1.8016666666666667,0.0,65.0,75.0,30.0,65.0,1.2,,,0.001294,0.001553,0.0,0.001553
2026-06-01 21:00:00,1,Tomato,Mid-season,Loam,22.1,77.6,0.0,1.8,0.0,55.0,70.0,25.0,60.0,1.15,,,0.00124,0.001426,0.0,0.001426
2026-06-01 21:00:00,2,Wheat,Development,Sandy,22.1,77.6,0.0,1.8,0.0,42.0,60.0,18.0,55.0,0.85,,,0.00124,0.001054,0.0,0.001054
2026-06-01 21:00:00,3,Maize,Mid-season,Clay,22.1,77.6,0.0,1.8,0.0,65.0,75.0,30.0,65.0,1.2,,,0.00124,0.001488,0.0,0.001488
2026-06-01 21:01:00,1,Tomato,Mid-season,Loam,22.085,77.63666666666666,0.0,1.7983333333333331,0.0,55.0,70.0,25.0,60.0,1.15,,,0.001166,0.001341,0.0,0.001341
2026-06-01 21:01:00,2,Wheat,Development,Sandy,22.085,77.63666666666666,0.0,1.7983333333333331,0.0,42.0,60.0,18.0,55.0,0.85,,,0.001166,0.000991,0.0,0.000991
2026-06-01 21:01:00,3,Maize,Mid-season,Clay,22.085,77.63666666666666,0.0,1.7983333333333331,0.0,65.0,75.0,30.0,65.0,1.2,,,0.001166,0.001399,0.0,0.001399
2026-06-01 21:02:00,1,Tomato,Mid-season,Loam,22.07,77.67333333333333,0.0,1.7966666666666666,0.0,55.0,70.0,25.0,60.0,1.15,,,0.001355,0.001558,0.0,0.001558
2026-06-01 21:02:00,2,Wheat,Development,Sandy,22.07,77.67333333333333,0.0,1.7966666666666666,0.0,42.0,60.0,18.0,55.0,0.85,,,0.001355,0.001152,0.0,0.001152
2026-06-01 21:02:00,3,Maize,Mid-season,Clay,22.07,77.67333333333333,0.0,1.7966666666666666,0.0,65.0,75.0,30.0,65.0,1.2,,,0.001355,0.001626,0.0,0.001626
2026-06-01 21:03:00,1,Tomato,Mid-season,Loam,22.055,77.71,0.0,1.795,0.0,55.0,70.0,25.0,60.0,1.15,,,0.001018,0.001171,0.0,0.001171
2026-06-01 21:03:00,2,Wheat,Development,Sandy,22.055,77.71,0.0,1.795,0.0,42.0,60.0,18.0,55.0,0.85,,,0.001018,0.000865,0.0,0.000865
2026-06-01 21:03:00,3,Maize,Mid-season,Clay,22.055,77.71,0.0,1.795,0.0,65.0,75.0,30.0,65.0,1.2,,,0.001018,0.001222,0.0,0.001222
2026-06-01 21:04:00,1,Tomato,Mid-season,Loam,22.040000000000003,77.74666666666666,0.0,1.7933333333333334,0.0,55.0,70.0,25.0,60.0,1.15,,,0.001055,0.001213,0.0,0.001213
2026-06-01 21:04:00,2,Wheat,Development,Sandy,22.040000000000003,77.74666666666666,0.0,1.7933333333333334,0.0,42.0,60.0,18.0,55.0,0.85,,,0.001055,0.000897,0.0,0.000897
2026-06-01 21:04:00,3,Maize,Mid-season,Clay,22.040000000000003,77.74666666666666,0.0,1.7933333333333334,0.0,65.0,75.0,30.0,65.0,1.2,,,0.001055,0.001266,0.0,0.001266
2026-06-01 21:05:00,1,Tomato,Mid-season,Loam,22.025,77.78333333333333,0.0,1.7916666666666667,0.0,55.0,70.0,25.0,60.0,1.15,,,0.001193,0.001372,0.0,0.001372
2026-06-01 21:05:00,2,Wheat,Development,Sandy,22.025,77.78333333333333,0.0,1.7916666666666667,0.0,42.0,60.0,18.0,55.0,0.85,,,0.001193,0.001014,0.0,0.001014
2026-06-01 21:05:00,3,Maize,Mid-season,Clay,22.025,77.78333333333333,0.0,1.7916666666666667,0.0,65.0,75.0,30.0,65.0,1.2,,,0.001193,0.001432,0.0,0.001432
2026-06-01 21:06:00,1,Tomato,Mid-season,Loam,22.01,77.82,0.0,1.79,0.0,55.0,70.0,25.0,60.0,1.15,,,0.00105,0.001207,0.0,0.001207
2026-06-01 21:06:00,2,Wheat,Development,Sandy,22.01,77.82,0.0,1.79,0.0,42.0,60.0,18.0,55.0,0.85,,,0.00105,0.000892,0.0,0.000892
2026-06-01 21:06:00,3,Maize,Mid-season,Clay,22.01,77.82,0.0,1.79,0.0,65.0,75.0,30.0,65.0,1.2,,,0.00105,0.00126,0.0,0.00126
2026-06-01 21:07:00,1,Tomato,Mid-season,Loam,21.995,77.85666666666665,0.0,1.788333333333333,0.0,55.0,70.0,25.0,60.0,1.15,,,0.001203,0.001383,0.0,0.001383
2026-06-01 21:07:00,2,Wheat,Development,Sandy,21.995,77.85666666666665,0.0,1.788333333333333,0.0,42.0,60.0,18.0,55.0,0.85,,,0.001203,0.001023,0.0,0.001023
2026-06-01 21:07:00,3,Maize,Mid-season,Clay,21.995,77.85666666666665,0.0,1.788333333333333,0.0,65.0,75.0,30.0,65.0,1.2,,,0.001203,0.001444,0.0,0.001444
2026-06-01 21:08:00,1,Tomato,Mid-season,Loam,21.98,77.89333333333333,0.0,1.7866666666666666,0.0,55.0,70.0,25.0,60.0,1.15,,,0.001115,0.001282,0.0,0.001282
2026-06-01 21:08:00,2,Wheat,Development,Sandy,21.98,77.89333333333333,0.0,1.7866666666666666,0.0,42.0,60.0,18.0,55.0,0.85,,,0.001115,0.000948,0.0,0.000948
2026-06-01 21:08:00,3,Maize,Mid-season,Clay,21.98,77.89333333333333,0.0,1.7866666666666666,0.0,65.0,75.0,30.0,65.0,1.2,,,0.001115,0.001338,0.0,0.001338
2026-06-01 21:09:00,1,Tomato,Mid-season,Loam,21.965,77.92999999999999,0.0,1.785,0.0,55.0,70.0,25.0,60.0,1.15,,,0.001028,0.001182,0.0,0.001182
2026-06-01 21:09:00,2,Wheat,Development,Sandy,21.965,77.92999999999999,0.0,1.785,0.0,42.0,60.0,18.0,55.0,0.85,,,0.001028,0.000874,0.0,0.000874
2026-06-01 21:09:00,3,Maize,Mid-season,Clay,21.965,77.92999999999999,0.0,1.785,0.0,65.0,75.0,30.0,65.0,1.2,,,0.001028,0.001234,0.0,0.001234
2026-06-01 21:10:00,1,Tomato,Mid-season,Loam,21.950000000000003,77.96666666666667,0.0,1.7833333333333334,0.0,55.0,70.0,25.0,60.0,1.15,,,0.001152,0.001325,0.0,0.001325
2026-06-01 21:10:00,2,Wheat,Development,Sandy,21.950000000000003,77.96666666666667,0.0,1.7833333333333334,0.0,42.0,60.0,18.0,55.0,0.85,,,0.001152,0.000979,0.0,0.000979
2026-06-01 21:10:00,3,Maize,Mid-season,Clay,21.950000000000003,77.96666666666667,0.0,1.7833333333333334,0.0,65.0,75.0,30.0,65.0,1.2,,,0.001152,0.001382,0.0,0.001382
2026-06-01 21:11:00,1,Tomato,Mid-season,Loam,21.935,78.00333333333333,0.0,1.7816666666666667,0.0,55.0,70.0,25.0,60.0,1.15,,,0.001127,0.001296,0.0,0.001296
2026-06-01 21:11:00,2,Wheat,Development,Sandy,21.935,78.00333333333333,0.0,1.7816666666666667,0.0,42.0,60.0,18.0,55.0,0.85,,,0.001127,0.000958,0.0,0.000958
2026-06-01 21:11:00,3,Maize,Mid-season,Clay,21.935,78.00333333333333,0.0,1.7816666666666667,0.0,65.0,75.0,30.0,65.0,1.2,,,0.001127,0.001352,0.0,0.001352
2026-06-01 21:12:00,1,Tomato,Mid-season,Loam,21.92,78.03999999999999,0.0,1.78,0.0,55.0,70.0,25.0,60.0,1.15,,,0.001199,0.001379,0.0,0.001379
2026-06-01 21:12:00,2,Wheat,Development,Sandy,21.92,78.03999999999999,0.0,1.78,0.0,42.0,60.0,18.0,55.0,0.85,,,0.001199,0.001019,0.0,0.001019
2026-06-01 21:12:00,3,Maize,Mid-season,Clay,21.92,78.03999999999999,0.0,1.78,0.0,65.0,75.0,30.0,65.0,1.2,,,0.001199,0.001439,0.0,0.001439
2026-06-01 21:13:00,1,Tomato,Mid-season,Loam,21.905,78.07666666666667,0.0,1.778333333333333,0.0,55.0,70.0,25.0,60.0,1.15,,,0.001165,0.00134,0.0,0.00134
2026-06-01 21:13:00,2,Wheat,Development,Sandy,21.905,78.07666666666667,0.0,1.778333333333333,0.0,42.0,60.0,18.0,55.0,0.85,,,0.001165,0.00099,0.0,0.00099
2026-06-01 21:13:00,3,Maize,Mid-season,Clay,21.905,78.07666666666667,0.0,1.778333333333333,0.0,65.0,75.0,30.0,65.0,1.2,,,0.001165,0.001398,0.0,0.001398
2026-06-01 21:14:00,1,Tomato,Mid-season,Loam,21.89,78.11333333333333,0.0,1.7766666666666666,0.0,55.0,70.0,25.0,60.0,1.15,,,0.001147,0.001319,0.0,0.001319
2026-06-01 21:14:00,2,Wheat,Development,Sandy,21.89,78.11333333333333,0.0,1.7766666666666666,0.0,42.0,60.0,18.0,55.0,0.85,,,0.001147,0.000975,0.0,0.000975
2026-06-01 21:14:00,3,Maize,Mid-season,Clay,21.89,78.11333333333333,0.0,1.7766666666666666,0.0,65.0,75.0,30.0,65.0,1.2,,,0.001147,0.001376,0.0,0.001376
2026-06-01 21:15:00,1,Tomato,Mid-season,Loam,21.875,78.14999999999999,0.0,1.775,0.0,55.0,70.0,25.0,60.0,1.15,,,0.001128,0.001297,0.0,0.001297
2026-06-01 21:15:00,2,Wheat,Development,Sandy,21.875,78.14999999999999,0.0,1.775,0.0,42.0,60.0,18.0,55.0,0.85,,,0.001128,0.000959,0.0,0.000959
2026-06-01 21:15:00,3,Maize,Mid-season,Clay,21.875,78.14999999999999,0.0,1.775,0.0,65.0,75.0,30.0,65.0,1.2,,,0.001128,0.001354,0.0,0.001354
2026-06-01 21:16:00,1,Tomato,Mid-season,Loam,21.86,78.18666666666667,0.0,1.7733333333333334,0.0,55.0,70.0,25.0,60.0,1.15,,,0.001037,0.001193,0.0,0.001193
2026-06-01 21:16:00,2,Wheat,Development,Sandy,21.86,78.18666666666667,0.0,1.7733333333333334,0.0,42.0,60.0,18.0,55.0,0.85,,,0.001037,0.000881,0.0,0.000881
2026-06-01 21:16:00,3,Maize,Mid-season,Clay,21.86,78.18666666666667,0.0,1.7733333333333334,0.0,65.0,75.0,30.0,65.0,1.2,,,0.001037,0.001244,0.0,0.001244
2026-06-01 21:17:00,1,Tomato,Mid-season,Loam,21.845,78.22333333333333,0.0,1.7716666666666667,0.0,55.0,70.0,25.0,60.0,1.15,,,0.000987,0.001135,0.0,0.001135
2026-06-01 21:17:00,2,Wheat,Development,Sandy,21.845,78.22333333333333,0.0,1.7716666666666667,0.0,42.0,60.0,18.0,55.0,0.85,,,0.000987,0.000839,0.0,0.000839
2026-06-01 21:17:00,3,Maize,Mid-season,Clay,21.845,78.22333333333333,0.0,1.7716666666666667,0.0,65.0,75.0,30.0,65.0,1.2,,,0.000987,0.001184,0.0,0.001184
2026-06-01 21:18:00,1,Tomato,Mid-season,Loam,21.83,78.25999999999999,0.0,1.77,0.0,55.0,70.0,25.0,60.0,1.15,,,0.001088,0.001251,0.0,0.001251
2026-06-01 21:18:00,2,Wheat,Development,Sandy,21.83,78.25999999999999,0.0,1.77,0.0,42.0,60.0,18.0,55.0,0.85,,,0.001088,0.000925,0.0,0.000925
2026-06-01 21:18:00,3,Maize,Mid-season,Clay,21.83,78.25999999999999,0.0,1.77,0.0,65.0,75.0,30.0,65.0,1.2,,,0.001088,0.001306,0.0,0.001306
2026-06-01 21:19:00,1,Tomato,Mid-season,Loam,21.815,78.29666666666667,0.0,1.768333333333333,0.0,55.0,70.0,25.0,60.0,1.15,,,0.001007,0.001158,0.0,0.001158
2026-06-01 21:19:00,2,Wheat,Development,Sandy,21.815,78.29666666666667,0.0,1.768333333333333,0.0,42.0,60.0,18.0,55.0,0.85,,,0.001007,0.000856,0.0,0.000856
2026-06-01 21:19:00,3,Maize,Mid-season,Clay,21.815,78.29666666666667,0.0,1.768333333333333,0.0,65.0,75.0,30.0,65.0,1.2,,,0.001007,0.001208,0.0,0.001208
2026-06-01 21:20:00,1,Tomato,Mid-season,Loam,21.8,78.33333333333333,0.0,1.7666666666666666,0.0,55.0,70.0,25.0,60.0,1.15,,,0.001298,0.001493,0.0,0.001493
2026-06-01 21:20:00,2,Wheat,Development,Sandy,21.8,78.33333333333333,0.0,1.7666666666666666,0.0,42.0,60.0,18.0,55.0,0.85,,,0.001298,0.001103,0.0,0.001103
2026-06-01 21:20:00,3,Maize,Mid-season,Clay,21.8,78.33333333333333,0.0,1.7666666666666666,0.0,65.0,75.0,30.0,65.0,1.2,,,0.001298,0.001558,0.0,0.001558
2026-06-01 21:21:00,1,Tomato,Mid-season,Loam,21.785,78.36999999999999,0.0,1.765,0.0,55.0,70.0,25.0,60.0,1.15,,,0.001189,0.001367,0.0,0.001367
2026-06-01 21:21:00,2,Wheat,Development,Sandy,21.785,78.36999999999999,0.0,1.765,0.0,42.0,60.0,18.0,55.0,0.85,,,0.001189,0.001011,0.0,0.001011
2026-06-01 21:21:00,3,Maize,Mid-season,Clay,21.785,78.36999999999999,0.0,1.765,0.0,65.0,75.0,30.0,65.0,1.2,,,0.001189,0.001427,0.0,0.001427
2026-06-01 21:22:00,1,Tomato,Mid-season,Loam,21.77,78.40666666666667,0.0,1.7633333333333334,0.0,55.0,70.0,25.0,60.0,1.15,,,0.001069,0.001229,0.0,0.001229
2026-06-01 21:22:00,2,Wheat,Development,Sandy,21.77,78.40666666666667,0.0,1.7633333333333334,0.0,42.0,60.0,18.0,55.0,0.85,,,0.001069,0.000909,0.0,0.000909
2026-06-01 21:22:00,3,Maize,Mid-season,Clay,21.77,78.40666666666667,0.0,1.7633333333333334,0.0,65.0,75.0,30.0,65.0,1.2,,,0.001069,0.001283,0.0,0.001283
2026-06-01 21:23:00,1,Tomato,Mid-season,Loam,21.755,78.44333333333333,0.0,1.7616666666666667,0.0,55.0,70.0,25.0,60.0,1.15,,,0.001117,0.001285,0.0,0.001285
2026-06-01 21:23:00,2,Wheat,Development,Sandy,21.755,78.44333333333333,0.0,1.7616666666666667,0.0,42.0,60.0,18.0,55.0,0.85,,,0.001117,0.000949,0.0,0.000949
2026-06-01 21:23:00,3,Maize,Mid-season,Clay,21.755,78.44333333333333,0.0,1.7616666666666667,0.0,65.0,75.0,30.0,65.0,1.2,,,0.001117,0.00134,0.0,0.00134
2026-06-01 21:24:00,1,Tomato,Mid-season,Loam,21.74,78.47999999999999,0.0,1.76,0.0,55.0,70.0,25.0,60.0,1.15,,,0.001022,0.001175,0.0,0.001175
2026-06-01 21:24:00,2,Wheat,Development,Sandy,21.74,78.47999999999999,0.0,1.76,0.0,42.0,60.0,18.0,55.0,0.85,,,0.001022,0.000869,0.0,0.000869
2026-06-01 21:24:00,3,Maize,Mid-season,Clay,21.74,78.47999999999999,0.0,1.76,0.0,65.0,75.0,30.0,65.0,1.2,,,0.001022,0.001226,0.0,0.001226
2026-06-01 21:25:00,1,Tomato,Mid-season,Loam,21.725,78.51666666666667,0.0,1.7583333333333333,0.0,55.0,70.0,25.0,60.0,1.15,,,0.000869,0.000999,0.0,0.000999
2026-06-01 21:25:00,2,Wheat,Development,Sandy,21.725,78.51666666666667,0.0,1.7583333333333333,0.0,42.0,60.0,18.0,55.0,0.85,,,0.000869,0.000739,0.0,0.000739
2026-06-01 21:25:00,3,Maize,Mid-season,Clay,21.725,78.51666666666667,0.0,1.7583333333333333,0.0,65.0,75.0,30.0,65.0,1.2,,,0.000869,0.001043,0.0,0.001043
2026-06-01 21:26:00,1,Tomato,Mid-season,Loam,21.71,78.55333333333333,0.0,1.7566666666666666,0.0,55.0,70.0,25.0,60.0,1.15,,,0.000989,0.001137,0.0,0.001137
2026-06-01 21:26:00,2,Wheat,Development,Sandy,21.71,78.55333333333333,0.0,1.7566666666666666,0.0,42.0,60.0,18.0,55.0,0.85,,,0.000989,0.000841,0.0,0.000841
2026-06-01 21:26:00,3,Maize,Mid-season,Clay,21.71,78.55333333333333,0.0,1.7566666666666666,0.0,65.0,75.0,30.0,65.0,1.2,,,0.000989,0.001187,0.0,0.001187
2026-06-01 21:27:00,1,Tomato,Mid-season,Loam,21.695,78.58999999999999,0.0,1.755,0.0,55.0,70.0,25.0,60.0,1.15,,,0.00104,0.001196,0.0,0.001196
2026-06-01 21:27:00,2,Wheat,Development,Sandy,21.695,78.58999999999999,0.0,1.755,0.0,42.0,60.0,18.0,55.0,0.85,,,0.00104,0.000884,0.0,0.000884
2026-06-01 21:27:00,3,Maize,Mid-season,Clay,21.695,78.58999999999999,0.0,1.755,0.0,65.0,75.0,30.0,65.0,1.2,,,0.00104,0.001248,0.0,0.001248
2026-06-01 21:28:00,1,Tomato,Mid-season,Loam,21.68,78.62666666666667,0.0,1.7533333333333334,0.0,55.0,70.0,25.0,60.0,1.15,,,0.001066,0.001226,0.0,0.001226
2026-06-01 21:28:00,2,Wheat,Development,Sandy,21.68,78.62666666666667,0.0,1.7533333333333334,0.0,42.0,60.0,18.0,55.0,0.85,,,0.001066,0.000906,0.0,0.000906
2026-06-01 21:28:00,3,Maize,Mid-season,Clay,21.68,78.62666666666667,0.0,1.7533333333333334,0.0,65.0,75.0,30.0,65.0,1.2,,,0.001066,0.001279,0.0,0.001279
2026-06-01 21:29:00,1,Tomato,Mid-season,Loam,21.665,78.66333333333333,0.0,1.7516666666666667,0.0,55.0,70.0,25.0,60.0,1.15,,,0.001056,0.001214,0.0,0.001214
2026-06-01 21:29:00,2,Wheat,Development,Sandy,21.665,78.66333333333333,0.0,1.7516666666666667,0.0,42.0,60.0,18.0,55.0,0.85,,,0.001056,0.000898,0.0,0.000898
2026-06-01 21:29:00,3,Maize,Mid-season,Clay,21.665,78.66333333333333,0.0,1.7516666666666667,0.0,65.0,75.0,30.0,65.0,1.2,,,0.001056,0.001267,0.0,0.001267
2026-06-01 21:30:00,1,Tomato,Mid-season,Loam,21.65,78.69999999999999,0.0,1.75,0.0,55.0,70.0,25.0,60.0,1.15,,,0.001082,0.001244,0.0,0.001244
2026-06-01 21:30:00,2,Wheat,Development,Sandy,21.65,78.69999999999999,0.0,1.75,0.0,42.0,60.0,18.0,55.0,0.85,,,0.001082,0.00092,0.0,0.00092
2026-06-01 21:30:00,3,Maize,Mid-season,Clay,21.65,78.69999999999999,0.0,1.75,0.0,65.0,75.0,30.0,65.0,1.2,,,0.001082,0.001298,0.0,0.001298
2026-06-01 21:31:00,1,Tomato,Mid-season,Loam,21.635,78.73666666666666,0.0,1.7483333333333333,0.0,55.0,70.0,25.0,60.0,1.15,,,0.000887,0.00102,0.0,0.00102
2026-06-01 21:31:00,2,Wheat,Development,Sandy,21.635,78.73666666666666,0.0,1.7483333333333333,0.0,42.0,60.0,18.0,55.0,0.85,,,0.000887,0.000754,0.0,0.000754
2026-06-01 21:31:00,3,Maize,Mid-season,Clay,21.635,78.73666666666666,0.0,1.7483333333333333,0.0,65.0,75.0,30.0,65.0,1.2,,,0.000887,0.001064,0.0,0.001064
2026-06-01 21:32:00,1,Tomato,Mid-season,Loam,21.62,78.77333333333333,0.0,1.7466666666666666,0.0,55.0,70.0,25.0,60.0,1.15,,,0.000892,0.001026,0.0,0.001026
2026-06-01 21:32:00,2,Wheat,Development,Sandy,21.62,78.77333333333333,0.0,1.7466666666666666,0.0,42.0,60.0,18.0,55.0,0.85,,,0.000892,0.000758,0.0,0.000758
2026-06-01 21:32:00,3,Maize,Mid-season,Clay,21.62,78.77333333333333,0.0,1.7466666666666666,0.0,65.0,75.0,30.0,65.0,1.2,,,0.000892,0.00107,0.0,0.00107
2026-06-01 21:33:00,1,Tomato,Mid-season,Loam,21.605,78.81,0.0,1.745,0.0,55.0,70.0,25.0,60.0,1.15,,,0.001111,0.001278,0.0,0.001278
2026-06-01 21:33:00,2,Wheat,Development,Sandy,21.605,78.81,0.0,1.745,0.0,42.0,60.0,18.0,55.0,0.85,,,0.001111,0.000944,0.0,0.000944
2026-06-01 21:33:00,3,Maize,Mid-season,Clay,21.605,78.81,0.0,1.745,0.0,65.0,75.0,30.0,65.0,1.2,,,0.001111,0.001333,0.0,0.001333
2026-06-01 21:34:00,1,Tomato,Mid-season,Loam,21.59,78.84666666666666,0.0,1.7433333333333334,0.0,55.0,70.0,25.0,60.0,1.15,,,0.001082,0.001244,0.0,0.001244
2026-06-01 21:34:00,2,Wheat,Development,Sandy,21.59,78.84666666666666,0.0,1.7433333333333334,0.0,42.0,60.0,18.0,55.0,0.85,,,0.001082,0.00092,0.0,0.00092
2026-06-01 21:34:00,3,Maize,Mid-season,Clay,21.59,78.84666666666666,0.0,1.7433333333333334,0.0,65.0,75.0,30.0,65.0,1.2,,,0.001082,0.001298,0.0,0.001298
2026-06-01 21:35:00,1,Tomato,Mid-season,Loam,21.575,78.88333333333333,0.0,1.7416666666666667,0.0,55.0,70.0,25.0,60.0,1.15,,,0.000939,0.00108,0.0,0.00108
2026-06-01 21:35:00,2,Wheat,Development,Sandy,21.575,78.88333333333333,0.0,1.7416666666666667,0.0,42.0,60.0,18.0,55.0,0.85,,,0.000939,0.000798,0.0,0.000798
2026-06-01 21:35:00,3,Maize,Mid-season,Clay,21.575,78.88333333333333,0.0,1.7416666666666667,0.0,65.0,75.0,30.0,65.0,1.2,,,0.000939,0.001127,0.0,0.001127
2026-06-01 21:36:00,1,Tomato,Mid-season,Loam,21.56,78.92,0.0,1.74,0.0,55.0,70.0,25.0,60.0,1.15,,,0.000912,0.001049,0.0,0.001049
2026-06-01 21:36:00,2,Wheat,Development,Sandy,21.56,78.92,0.0,1.74,0.0,42.0,60.0,18.0,55.0,0.85,,,0.000912,0.000775,0.0,0.000775
2026-06-01 21:36:00,3,Maize,Mid-season,Clay,21.56,78.92,0.0,1.74,0.0,65.0,75.0,30.0,65.0,1.2,,,0.000912,0.001094,0.0,0.001094
2026-06-01 21:37:00,1,Tomato,Mid-season,Loam,21.545,78.95666666666666,0.0,1.7383333333333333,0.0,55.0,70.0,25.0,60.0,1.15,,,0.000924,0.001063,0.0,0.001063
2026-06-01 21:37:00,2,Wheat,Development,Sandy,21.545,78.95666666666666,0.0,1.7383333333333333,0.0,42.0,60.0,18.0,55.0,0.85,,,0.000924,0.000785,0.0,0.000785
2026-06-01 21:37:00,3,Maize,Mid-season,Clay,21.545,78.95666666666666,0.0,1.7383333333333333,0.0,65.0,75.0,30.0,65.0,1.2,,,0.000924,0.001109,0.0,0.001109
2026-06-01 21:38:00,1,Tomato,Mid-season,Loam,21.53,78.99333333333333,0.0,1.7366666666666666,0.0,55.0,70.0,25.0,60.0,1.15,,,0.000962,0.001106,0.0,0.001106
2026-06-01 21:38:00,2,Wheat,Development,Sandy,21.53,78.99333333333333,0.0,1.7366666666666666,0.0,42.0,60.0,18.0,55.0,0.85,,,0.000962,0.000818,0.0,0.000818
2026-06-01 21:38:00,3,Maize,Mid-season,Clay,21.53,78.99333333333333,0.0,1.7366666666666666,0.0,65.0,75.0,30.0,65.0,1.2,,,0.000962,0.001154,0.0,0.001154
2026-06-01 21:39:00,1,Tomato,Mid-season,Loam,21.515,79.03,0.0,1.735,0.0,55.0,70.0,25.0,60.0,1.15,,,0.000991,0.00114,0.0,0.00114
2026-06-01 21:39:00,2,Wheat,Development,Sandy,21.515,79.03,0.0,1.735,0.0,42.0,60.0,18.0,55.0,0.85,,,0.000991,0.000842,0.0,0.000842
2026-06-01 21:39:00,3,Maize,Mid-season,Clay,21.515,79.03,0.0,1.735,0.0,65.0,75.0,30.0,65.0,1.2,,,0.000991,0.001189,0.0,0.001189
2026-06-01 21:40:00,1,Tomato,Mid-season,Loam,21.5,79.06666666666666,0.0,1.7333333333333334,0.0,55.0,70.0,25.0,60.0,1.15,,,0.00119,0.001368,0.0,0.001368
2026-06-01 21:40:00,2,Wheat,Development,Sandy,21.5,79.06666666666666,0.0,1.7333333333333334,0.0,42.0,60.0,18.0,55.0,0.85,,,0.00119,0.001012,0.0,0.001012
2026-06-01 21:40:00,3,Maize,Mid-season,Clay,21.5,79.06666666666666,0.0,1.7333333333333334,0.0,65.0,75.0,30.0,65.0,1.2,,,0.00119,0.001428,0.0,0.001428
2026-06-01 21:41:00,1,Tomato,Mid-season,Loam,21.485,79.10333333333332,0.0,1.731666666666667,0.0,55.0,70.0,25.0,60.0,1.15,,,0.000912,0.001049,0.0,0.001049
2026-06-01 21:41:00,2,Wheat,Development,Sandy,21.485,79.10333333333332,0.0,1.731666666666667,0.0,42.0,60.0,18.0,55.0,0.85,,,0.000912,0.000775,0.0,0.000775
2026-06-01 21:41:00,3,Maize,Mid-season,Clay,21.485,79.10333333333332,0.0,1.731666666666667,0.0,65.0,75.0,30.0,65.0,1.2,,,0.000912,0.001094,0.0,0.001094
2026-06-01 21:42:00,1,Tomato,Mid-season,Loam,21.47,79.14,0.0,1.73,0.0,55.0,70.0,25.0,60.0,1.15,,,0.001033,0.001188,0.0,0.001188
2026-06-01 21:42:00,2,Wheat,Development,Sandy,21.47,79.14,0.0,1.73,0.0,42.0,60.0,18.0,55.0,0.85,,,0.001033,0.000878,0.0,0.000878
2026-06-01 21:42:00,3,Maize,Mid-season,Clay,21.47,79.14,0.0,1.73,0.0,65.0,75.0,30.0,65.0,1.2,,,0.001033,0.00124,0.0,0.00124
2026-06-01 21:43:00,1,Tomato,Mid-season,Loam,21.455,79.17666666666666,0.0,1.7283333333333333,0.0,55.0,70.0,25.0,60.0,1.15,,,0.0007,0.000805,0.0,0.000805
2026-06-01 21:43:00,2,Wheat,Development,Sandy,21.455,79.17666666666666,0.0,1.7283333333333333,0.0,42.0,60.0,18.0,55.0,0.85,,,0.0007,0.000595,0.0,0.000595
2026-06-01 21:43:00,3,Maize,Mid-season,Clay,21.455,79.17666666666666,0.0,1.7283333333333333,0.0,65.0,75.0,30.0,65.0,1.2,,,0.0007,0.00084,0.0,0.00084
2026-06-01 21:44:00,1,Tomato,Mid-season,Loam,21.44,79.21333333333332,0.0,1.7266666666666666,0.0,55.0,70.0,25.0,60.0,1.15,,,0.000854,0.000982,0.0,0.000982
2026-06-01 21:44:00,2,Wheat,Development,Sandy,21.44,79.21333333333332,0.0,1.7266666666666666,0.0,42.0,60.0,18.0,55.0,0.85,,,0.000854,0.000726,0.0,0.000726
2026-06-01 21:44:00,3,Maize,Mid-season,Clay,21.44,79.21333333333332,0.0,1.7266666666666666,0.0,65.0,75.0,30.0,65.0,1.2,,,0.000854,0.001025,0.0,0.001025
2026-06-01 21:45:00,1,Tomato,Mid-season,Loam,21.425,79.25,0.0,1.725,0.0,55.0,70.0,25.0,60.0,1.15,,,0.000991,0.00114,0.0,0.00114
2026-06-01 21:45:00,2,Wheat,Development,Sandy,21.425,79.25,0.0,1.725,0.0,42.0,60.0,18.0,55.0,0.85,,,0.000991,0.000842,0.0,0.000842
2026-06-01 21:45:00,3,Maize,Mid-season,Clay,21.425,79.25,0.0,1.725,0.0,65.0,75.0,30.0,65.0,1.2,,,0.000991,0.001189,0.0,0.001189
2026-06-01 21:46:00,1,Tomato,Mid-season,Loam,21.41,79.28666666666666,0.0,1.7233333333333334,0.0,55.0,70.0,25.0,60.0,1.15,,,0.000922,0.00106,0.0,0.00106
2026-06-01 21:46:00,2,Wheat,Development,Sandy,21.41,79.28666666666666,0.0,1.7233333333333334,0.0,42.0,60.0,18.0,55.0,0.85,,,0.000922,0.000784,0.0,0.000784
2026-06-01 21:46:00,3,Maize,Mid-season,Clay,21.41,79.28666666666666,0.0,1.7233333333333334,0.0,65.0,75.0,30.0,65.0,1.2,,,0.000922,0.001106,0.0,0.001106
2026-06-01 21:47:00,1,Tomato,Mid-season,Loam,21.395,79.32333333333332,0.0,1.721666666666667,0.0,55.0,70.0,25.0,60.0,1.15,,,0.000389,0.000447,0.0,0.000447
2026-06-01 21:47:00,2,Wheat,Development,Sandy,21.395,79.32333333333332,0.0,1.721666666666667,0.0,42.0,60.0,18.0,55.0,0.85,,,0.000389,0.000331,0.0,0.000331
2026-06-01 21:47:00,3,Maize,Mid-season,Clay,21.395,79.32333333333332,0.0,1.721666666666667,0.0,65.0,75.0,30.0,65.0,1.2,,,0.000389,0.000467,0.0,0.000467
2026-06-01 21:48:00,1,Tomato,Mid-season,Loam,21.38,79.36,0.0,1.72,0.0,55.0,70.0,25.0,60.0,1.15,,,0.00093,0.00107,0.0,0.00107
2026-06-01 21:48:00,2,Wheat,Development,Sandy,21.38,79.36,0.0,1.72,0.0,42.0,60.0,18.0,55.0,0.85,,,0.00093,0.000791,0.0,0.000791
2026-06-01 21:48:00,3,Maize,Mid-season,Clay,21.38,79.36,0.0,1.72,0.0,65.0,75.0,30.0,65.0,1.2,,,0.00093,0.001116,0.0,0.001116
2026-06-01 21:49:00,1,Tomato,Mid-season,Loam,21.365,79.39666666666666,0.0,1.7183333333333333,0.0,55.0,70.0,25.0,60.0,1.15,,,0.001042,0.001198,0.0,0.001198
2026-06-01 21:49:00,2,Wheat,Development,Sandy,21.365,79.39666666666666,0.0,1.7183333333333333,0.0,42.0,60.0,18.0,55.0,0.85,,,0.001042,0.000886,0.0,0.000886
2026-06-01 21:49:00,3,Maize,Mid-season,Clay,21.365,79.39666666666666,0.0,1.7183333333333333,0.0,65.0,75.0,30.0,65.0,1.2,,,0.001042,0.00125,0.0,0.00125
2026-06-01 21:50:00,1,Tomato,Mid-season,Loam,21.35,79.43333333333332,0.0,1.7166666666666666,0.0,55.0,70.0,25.0,60.0,1.15,,,0.000626,0.00072,0.0,0.00072
2026-06-01 21:50:00,2,Wheat,Development,Sandy,21.35,79.43333333333332,0.0,1.7166666666666666,0.0,42.0,60.0,18.0,55.0,0.85,,,0.000626,0.000532,0.0,0.000532
2026-06-01 21:50:00,3,Maize,Mid-season,Clay,21.35,79.43333333333332,0.0,1.7166666666666666,0.0,65.0,75.0,30.0,65.0,1.2,,,0.000626,0.000751,0.0,0.000751
2026-06-01 21:51:00,1,Tomato,Mid-season,Loam,21.335,79.47,0.0,1.715,0.0,55.0,70.0,25.0,60.0,1.15,,,0.001032,0.001187,0.0,0.001187
2026-06-01 21:51:00,2,Wheat,Development,Sandy,21.335,79.47,0.0,1.715,0.0,42.0,60.0,18.0,55.0,0.85,,,0.001032,0.000877,0.0,0.000877
2026-06-01 21:51:00,3,Maize,Mid-season,Clay,21.335,79.47,0.0,1.715,0.0,65.0,75.0,30.0,65.0,1.2,,,0.001032,0.001238,0.0,0.001238
2026-06-01 21:52:00,1,Tomato,Mid-season,Loam,21.32,79.50666666666666,0.0,1.7133333333333334,0.0,55.0,70.0,25.0,60.0,1.15,,,0.000534,0.000614,0.0,0.000614
2026-06-01 21:52:00,2,Wheat,Development,Sandy,21.32,79.50666666666666,0.0,1.7133333333333334,0.0,42.0,60.0,18.0,55.0,0.85,,,0.000534,0.000454,0.0,0.000454
2026-06-01 21:52:00,3,Maize,Mid-season,Clay,21.32,79.50666666666666,0.0,1.7133333333333334,0.0,65.0,75.0,30.0,65.0,1.2,,,0.000534,0.000641,0.0,0.000641
2026-06-01 21:53:00,1,Tomato,Mid-season,Loam,21.305,79.54333333333334,0.0,1.711666666666667,0.0,55.0,70.0,25.0,60.0,1.15,,,0.000984,0.001132,0.0,0.001132
2026-06-01 21:53:00,2,Wheat,Development,Sandy,21.305,79.54333333333334,0.0,1.711666666666667,0.0,42.0,60.0,18.0,55.0,0.85,,,0.000984,0.000836,0.0,0.000836
2026-06-01 21:53:00,3,Maize,Mid-season,Clay,21.305,79.54333333333334,0.0,1.711666666666667,0.0,65.0,75.0,30.0,65.0,1.2,,,0.000984,0.001181,0.0,0.001181
2026-06-01 21:54:00,1,Tomato,Mid-season,Loam,21.29,79.58,0.0,1.71,0.0,55.0,70.0,25.0,60.0,1.15,,,0.000843,0.000969,0.0,0.000969
2026-06-01 21:54:00,2,Wheat,Development,Sandy,21.29,79.58,0.0,1.71,0.0,42.0,60.0,18.0,55.0,0.85,,,0.000843,0.000717,0.0,0.000717
2026-06-01 21:54:00,3,Maize,Mid-season,Clay,21.29,79.58,0.0,1.71,0.0,65.0,75.0,30.0,65.0,1.2,,,0.000843,0.001012,0.0,0.001012
2026-06-01 21:55:00,1,Tomato,Mid-season,Loam,21.275,79.61666666666666,0.0,1.7083333333333333,0.0,55.0,70.0,25.0,60.0,1.15,,,0.000617,0.00071,0.0,0.00071
2026-06-01 21:55:00,2,Wheat,Development,Sandy,21.275,79.61666666666666,0.0,1.7083333333333333,0.0,42.0,60.0,18.0,55.0,0.85,,,0.000617,0.000524,0.0,0.000524
2026-06-01 21:55:00,3,Maize,Mid-season,Clay,21.275,79.61666666666666,0.0,1.7083333333333333,0.0,65.0,75.0,30.0,65.0,1.2,,,0.000617,0.00074,0.0,0.00074
2026-06-01 21:56:00,1,Tomato,Mid-season,Loam,21.26,79.65333333333334,0.0,1.7066666666666666,0.0,55.0,70.0,25.0,60.0,1.15,,,0.000882,0.001014,0.0,0.001014
2026-06-01 21:56:00,2,Wheat,Development,Sandy,21.26,79.65333333333334,0.0,1.7066666666666666,0.0,42.0,60.0,18.0,55.0,0.85,,,0.000882,0.00075,0.0,0.00075
2026-06-01 21:56:00,3,Maize,Mid-season,Clay,21.26,79.65333333333334,0.0,1.7066666666666666,0.0,65.0,75.0,30.0,65.0,1.2,,,0.000882,0.001058,0.0,0.001058
2026-06-01 21:57:00,1,Tomato,Mid-season,Loam,21.245,79.69,0.0,1.705,0.0,55.0,70.0,25.0,60.0,1.15,,,0.000994,0.001143,0.0,0.001143
2026-06-01 21:57:00,2,Wheat,Development,Sandy,21.245,79.69,0.0,1.705,0.0,42.0,60.0,18.0,55.0,0.85,,,0.000994,0.000845,0.0,0.000845
2026-06-01 21:57:00,3,Maize,Mid-season,Clay,21.245,79.69,0.0,1.705,0.0,65.0,75.0,30.0,65.0,1.2,,,0.000994,0.001193,0.0,0.001193
2026-06-01 21:58:00,1,Tomato,Mid-season,Loam,21.23,79.72666666666666,0.0,1.7033333333333334,0.0,55.0,70.0,25.0,60.0,1.15,,,0.00088,0.001012,0.0,0.001012
2026-06-01 21:58:00,2,Wheat,Development,Sandy,21.23,79.72666666666666,0.0,1.7033333333333334,0.0,42.0,60.0,18.0,55.0,0.85,,,0.00088,0.000748,0.0,0.000748
2026-06-01 21:58:00,3,Maize,Mid-season,Clay,21.23,79.72666666666666,0.0,1.7033333333333334,0.0,65.0,75.0,30.0,65.0,1.2,,,0.00088,0.001056,0.0,0.001056
2026-06-01 21:59:00,1,Tomato,Mid-season,Loam,21.215,79.76333333333334,0.0,1.7016666666666669,0.0,55.0,70.0,25.0,60.0,1.15,,,0.000902,0.001037,0.0,0.001037
2026-06-01 21:59:00,2,Wheat,Development,Sandy,21.215,79.76333333333334,0.0,1.7016666666666669,0.0,42.0,60.0,18.0,55.0,0.85,,,0.000902,0.000767,0.0,0.000767
2026-06-01 21:59:00,3,Maize,Mid-season,Clay,21.215,79.76333333333334,0.0,1.7016666666666669,0.0,65.0,75.0,30.0,65.0,1.2,,,0.000902,0.001082,0.0,0.001082
2026-06-01 22:00:00,1,Tomato,Mid-season,Loam,21.2,79.8,0.0,1.7,0.0,55.0,70.0,25.0,60.0,1.15,,,0.000779,0.000896,0.0,0.000896
2026-06-01 22:00:00,2,Wheat,Development,Sandy,21.2,79.8,0.0,1.7,0.0,42.0,60.0,18.0,55.0,0.85,,,0.000779,0.000662,0.0,0.000662
2026-06-01 22:00:00,3,Maize,Mid-season,Clay,21.2,79.8,0.0,1.7,0.0,65.0,75.0,30.0,65.0,1.2,,,0.000779,0.000935,0.0,0.000935
2026-06-01 22:01:00,1,Tomato,Mid-season,Loam,21.188333333333333,79.825,0.0,1.6983333333333333,0.0,55.0,70.0,25.0,60.0,1.15,,,0.000626,0.00072,0.0,0.00072
2026-06-01 22:01:00,2,Wheat,Development,Sandy,21.188333333333333,79.825,0.0,1.6983333333333333,0.0,42.0,60.0,18.0,55.0,0.85,,,0.000626,0.000532,0.0,0.000532
2026-06-01 22:01:00,3,Maize,Mid-season,Clay,21.188333333333333,79.825,0.0,1.6983333333333333,0.0,65.0,75.0,30.0,65.0,1.2,,,0.000626,0.000751,0.0,0.000751
2026-06-01 22:02:00,1,Tomato,Mid-season,Loam,21.176666666666662,79.85,0.0,1.6966666666666663,0.0,55.0,70.0,25.0,60.0,1.15,,,0.000873,0.001004,0.0,0.001004
2026-06-01 22:02:00,2,Wheat,Development,Sandy,21.176666666666662,79.85,0.0,1.6966666666666663,0.0,42.0,60.0,18.0,55.0,0.85,,,0.000873,0.000742,0.0,0.000742
2026-06-01 22:02:00,3,Maize,Mid-season,Clay,21.176666666666662,79.85,0.0,1.6966666666666663,0.0,65.0,75.0,30.0,65.0,1.2,,,0.000873,0.001048,0.0,0.001048
2026-06-01 22:03:00,1,Tomato,Mid-season,Loam,21.165,79.875,0.0,1.695,0.0,55.0,70.0,25.0,60.0,1.15,,,0.00092,0.001058,0.0,0.001058
2026-06-01 22:03:00,2,Wheat,Development,Sandy,21.165,79.875,0.0,1.695,0.0,42.0,60.0,18.0,55.0,0.85,,,0.00092,0.000782,0.0,0.000782
2026-06-01 22:03:00,3,Maize,Mid-season,Clay,21.165,79.875,0.0,1.695,0.0,65.0,75.0,30.0,65.0,1.2,,,0.00092,0.001104,0.0,0.001104
2026-06-01 22:04:00,1,Tomato,Mid-season,Loam,21.15333333333333,79.89999999999999,0.0,1.6933333333333334,0.0,55.0,70.0,25.0,60.0,1.15,,,0.000896,0.00103,0.0,0.00103
2026-06-01 22:04:00,2,Wheat,Development,Sandy,21.15333333333333,79.89999999999999,0.0,1.6933333333333334,0.0,42.0,60.0,18.0,55.0,0.85,,,0.000896,0.000762,0.0,0.000762
2026-06-01 22:04:00,3,Maize,Mid-season,Clay,21.15333333333333,79.89999999999999,0.0,1.6933333333333334,0.0,65.0,75.0,30.0,65.0,1.2,,,0.000896,0.001075,0.0,0.001075
2026-06-01 22:05:00,1,Tomato,Mid-season,Loam,21.141666666666666,79.925,0.0,1.6916666666666669,0.0,55.0,70.0,25.0,60.0,1.15,,,0.000594,0.000683,0.0,0.000683
2026-06-01 22:05:00,2,Wheat,Development,Sandy,21.141666666666666,79.925,0.0,1.6916666666666669,0.0,42.0,60.0,18.0,55.0,0.85,,,0.000594,0.000505,0.0,0.000505
2026-06-01 22:05:00,3,Maize,Mid-season,Clay,21.141666666666666,79.925,0.0,1.6916666666666669,0.0,65.0,75.0,30.0,65.0,1.2,,,0.000594,0.000713,0.0,0.000713
2026-06-01 22:06:00,1,Tomato,Mid-season,Loam,21.13,79.95,0.0,1.69,0.0,55.0,70.0,25.0,60.0,1.15,,,0.00063,0.000724,0.0,0.000724
2026-06-01 22:06:00,2,Wheat,Development,Sandy,21.13,79.95,0.0,1.69,0.0,42.0,60.0,18.0,55.0,0.85,,,0.00063,0.000536,0.0,0.000536
2026-06-01 22:06:00,3,Maize,Mid-season,Clay,21.13,79.95,0.0,1.69,0.0,65.0,75.0,30.0,65.0,1.2,,,0.00063,0.000756,0.0,0.000756
2026-06-01 22:07:00,1,Tomato,Mid-season,Loam,21.11833333333333,79.975,0.0,1.6883333333333332,0.0,55.0,70.0,25.0,60.0,1.15,,,0.00066,0.000759,0.0,0.000759
2026-06-01 22:07:00,2,Wheat,Development,Sandy,21.11833333333333,79.975,0.0,1.6883333333333332,0.0,42.0,60.0,18.0,55.0,0.85,,,0.00066,0.000561,0.0,0.000561
2026-06-01 22:07:00,3,Maize,Mid-season,Clay,21.11833333333333,79.975,0.0,1.6883333333333332,0.0,65.0,75.0,30.0,65.0,1.2,,,0.00066,0.000792,0.0,0.000792
2026-06-01 22:08:00,1,Tomato,Mid-season,Loam,21.106666666666666,80.0,0.0,1.6866666666666663,0.0,55.0,70.0,25.0,60.0,1.15,,,0.000589,0.000677,0.0,0.000677
2026-06-01 22:08:00,2,Wheat,Development,Sandy,21.106666666666666,80.0,0.0,1.6866666666666663,0.0,42.0,60.0,18.0,55.0,0.85,,,0.000589,0.000501,0.0,0.000501
2026-06-01 22:08:00,3,Maize,Mid-season,Clay,21.106666666666666,80.0,0.0,1.6866666666666663,0.0,65.0,75.0,30.0,65.0,1.2,,,0.000589,0.000707,0.0,0.000707
2026-06-01 22:09:00,1,Tomato,Mid-season,Loam,21.095,80.02499999999999,0.0,1.685,0.0,55.0,70.0,25.0,60.0,1.15,,,0.000793,0.000912,0.0,0.000912
2026-06-01 22:09:00,2,Wheat,Development,Sandy,21.095,80.02499999999999,0.0,1.685,0.0,42.0,60.0,18.0,55.0,0.85,,,0.000793,0.000674,0.0,0.000674
2026-06-01 22:09:00,3,Maize,Mid-season,Clay,21.095,80.02499999999999,0.0,1.685,0.0,65.0,75.0,30.0,65.0,1.2,,,0.000793,0.000952,0.0,0.000952
2026-06-01 22:10:00,1,Tomato,Mid-season,Loam,21.08333333333333,80.05,0.0,1.6833333333333331,0.0,55.0,70.0,25.0,60.0,1.15,,,0.00078,0.000897,0.0,0.000897
2026-06-01 22:10:00,2,Wheat,Development,Sandy,21.08333333333333,80.05,0.0,1.6833333333333331,0.0,42.0,60.0,18.0,55.0,0.85,,,0.00078,0.000663,0.0,0.000663
2026-06-01 22:10:00,3,Maize,Mid-season,Clay,21.08333333333333,80.05,0.0,1.6833333333333331,0.0,65.0,75.0,30.0,65.0,1.2,,,0.00078,0.000936,0.0,0.000936
2026-06-01 22:11:00,1,Tomato,Mid-season,Loam,21.071666666666665,80.075,0.0,1.6816666666666666,0.0,55.0,70.0,25.0,60.0,1.15,,,0.000594,0.000683,0.0,0.000683
2026-06-01 22:11:00,2,Wheat,Development,Sandy,21.071666666666665,80.075,0.0,1.6816666666666666,0.0,42.0,60.0,18.0,55.0,0.85,,,0.000594,0.000505,0.0,0.000505
2026-06-01 22:11:00,3,Maize,Mid-season,Clay,21.071666666666665,80.075,0.0,1.6816666666666666,0.0,65.0,75.0,30.0,65.0,1.2,,,0.000594,0.000713,0.0,0.000713
2026-06-01 22:12:00,1,Tomato,Mid-season,Loam,21.06,80.1,0.0,1.68,0.0,55.0,70.0,25.0,60.0,1.15,,,0.000842,0.000968,0.0,0.000968
2026-06-01 22:12:00,2,Wheat,Development,Sandy,21.06,80.1,0.0,1.68,0.0,42.0,60.0,18.0,55.0,0.85,,,0.000842,0.000716,0.0,0.000716
2026-06-01 22:12:00,3,Maize,Mid-season,Clay,21.06,80.1,0.0,1.68,0.0,65.0,75.0,30.0,65.0,1.2,,,0.000842,0.00101,0.0,0.00101
2026-06-01 22:13:00,1,Tomato,Mid-season,Loam,21.04833333333333,80.125,0.0,1.6783333333333332,0.0,55.0,70.0,25.0,60.0,1.15,,,0.000819,0.000942,0.0,0.000942
2026-06-01 22:13:00,2,Wheat,Development,Sandy,21.04833333333333,80.125,0.0,1.6783333333333332,0.0,42.0,60.0,18.0,55.0,0.85,,,0.000819,0.000696,0.0,0.000696
2026-06-01 22:13:00,3,Maize,Mid-season,Clay,21.04833333333333,80.125,0.0,1.6783333333333332,0.0,65.0,75.0,30.0,65.0,1.2,,,0.000819,0.000983,0.0,0.000983
2026-06-01 22:14:00,1,Tomato,Mid-season,Loam,21.036666666666665,80.14999999999999,0.0,1.6766666666666667,0.0,55.0,70.0,25.0,60.0,1.15,,,0.000693,0.000797,0.0,0.000797
2026-06-01 22:14:00,2,Wheat,Development,Sandy,21.036666666666665,80.14999999999999,0.0,1.6766666666666667,0.0,42.0,60.0,18.0,55.0,0.85,,,0.000693,0.000589,0.0,0.000589
2026-06-01 22:14:00,3,Maize,Mid-season,Clay,21.036666666666665,80.14999999999999,0.0,1.6766666666666667,0.0,65.0,75.0,30.0,65.0,1.2,,,0.000693,0.000832,0.0,0.000832
2026-06-01 22:15:00,1,Tomato,Mid-season,Loam,21.025,80.175,0.0,1.675,0.0,55.0,70.0,25.0,60.0,1.15,,,0.00073,0.000839,0.0,0.000839
2026-06-01 22:15:00,2,Wheat,Development,Sandy,21.025,80.175,0.0,1.675,0.0,42.0,60.0,18.0,55.0,0.85,,,0.00073,0.00062,0.0,0.00062
2026-06-01 22:15:00,3,Maize,Mid-season,Clay,21.025,80.175,0.0,1.675,0.0,65.0,75.0,30.0,65.0,1.2,,,0.00073,0.000876,0.0,0.000876
2026-06-01 22:16:00,1,Tomato,Mid-season,Loam,21.01333333333333,80.2,0.0,1.6733333333333331,0.0,55.0,70.0,25.0,60.0,1.15,,,0.000523,0.000601,0.0,0.000601
2026-06-01 22:16:00,2,Wheat,Development,Sandy,21.01333333333333,80.2,0.0,1.6733333333333331,0.0,42.0,60.0,18.0,55.0,0.85,,,0.000523,0.000445,0.0,0.000445
2026-06-01 22:16:00,3,Maize,Mid-season,Clay,21.01333333333333,80.2,0.0,1.6733333333333331,0.0,65.0,75.0,30.0,65.0,1.2,,,0.000523,0.000628,0.0,0.000628
2026-06-01 22:17:00,1,Tomato,Mid-season,Loam,21.001666666666665,80.225,0.0,1.6716666666666666,0.0,55.0,70.0,25.0,60.0,1.15,,,0.000698,0.000803,0.0,0.000803
2026-06-01 22:17:00,2,Wheat,Development,Sandy,21.001666666666665,80.225,0.0,1.6716666666666666,0.0,42.0,60.0,18.0,55.0,0.85,,,0.000698,0.000593,0.0,0.000593
2026-06-01 22:17:00,3,Maize,Mid-season,Clay,21.001666666666665,80.225,0.0,1.6716666666666666,0.0,65.0,75.0,30.0,65.0,1.2,,,0.000698,0.000838,0.0,0.000838
2026-06-01 22:18:00,1,Tomato,Mid-season,Loam,20.99,80.25,0.0,1.67,0.0,55.0,70.0,25.0,60.0,1.15,,,0.000737,0.000848,0.0,0.000848
2026-06-01 22:18:00,2,Wheat,Development,Sandy,20.99,80.25,0.0,1.67,0.0,42.0,60.0,18.0,55.0,0.85,,,0.000737,0.000626,0.0,0.000626
2026-06-01 22:18:00,3,Maize,Mid-season,Clay,20.99,80.25,0.0,1.67,0.0,65.0,75.0,30.0,65.0,1.2,,,0.000737,0.000884,0.0,0.000884
2026-06-01 22:19:00,1,Tomato,Mid-season,Loam,20.97833333333333,80.27499999999999,0.0,1.6683333333333332,0.0,55.0,70.0,25.0,60.0,1.15,,,0.000737,0.000848,0.0,0.000848
2026-06-01 22:19:00,2,Wheat,Development,Sandy,20.97833333333333,80.27499999999999,0.0,1.6683333333333332,0.0,42.0,60.0,18.0,55.0,0.85,,,0.000737,0.000626,0.0,0.000626
2026-06-01 22:19:00,3,Maize,Mid-season,Clay,20.97833333333333,80.27499999999999,0.0,1.6683333333333332,0.0,65.0,75.0,30.0,65.0,1.2,,,0.000737,0.000884,0.0,0.000884
2026-06-01 22:20:00,1,Tomato,Mid-season,Loam,20.966666666666665,80.3,0.0,1.6666666666666667,0.0,55.0,70.0,25.0,60.0,1.15,,,0.000714,0.000821,0.0,0.000821
2026-06-01 22:20:00,2,Wheat,Development,Sandy,20.966666666666665,80.3,0.0,1.6666666666666667,0.0,42.0,60.0,18.0,55.0,0.85,,,0.000714,0.000607,0.0,0.000607
2026-06-01 22:20:00,3,Maize,Mid-season,Clay,20.966666666666665,80.3,0.0,1.6666666666666667,0.0,65.0,75.0,30.0,65.0,1.2,,,0.000714,0.000857,0.0,0.000857
2026-06-01 22:21:00,1,Tomato,Mid-season,Loam,20.955,80.325,0.0,1.665,0.0,55.0,70.0,25.0,60.0,1.15,,,0.00073,0.000839,0.0,0.000839
2026-06-01 22:21:00,2,Wheat,Development,Sandy,20.955,80.325,0.0,1.665,0.0,42.0,60.0,18.0,55.0,0.85,,,0.00073,0.00062,0.0,0.00062
2026-06-01 22:21:00,3,Maize,Mid-season,Clay,20.955,80.325,0.0,1.665,0.0,65.0,75.0,30.0,65.0,1.2,,,0.00073,0.000876,0.0,0.000876
2026-06-01 22:22:00,1,Tomato,Mid-season,Loam,20.94333333333333,80.35,0.0,1.663333333333333,0.0,55.0,70.0,25.0,60.0,1.15,,,0.000633,0.000728,0.0,0.000728
2026-06-01 22:22:00,2,Wheat,Development,Sandy,20.94333333333333,80.35,0.0,1.663333333333333,0.0,42.0,60.0,18.0,55.0,0.85,,,0.000633,0.000538,0.0,0.000538
2026-06-01 22:22:00,3,Maize,Mid-season,Clay,20.94333333333333,80.35,0.0,1.663333333333333,0.0,65.0,75.0,30.0,65.0,1.2,,,0.000633,0.00076,0.0,0.00076
2026-06-01 22:23:00,1,Tomato,Mid-season,Loam,20.931666666666665,80.375,0.0,1.6616666666666666,0.0,55.0,70.0,25.0,60.0,1.15,,,0.000734,0.000844,0.0,0.000844
2026-06-01 22:23:00,2,Wheat,Development,Sandy,20.931666666666665,80.375,0.0,1.6616666666666666,0.0,42.0,60.0,18.0,55.0,0.85,,,0.000734,0.000624,0.0,0.000624
2026-06-01 22:23:00,3,Maize,Mid-season,Clay,20.931666666666665,80.375,0.0,1.6616666666666666,0.0,65.0,75.0,30.0,65.0,1.2,,,0.000734,0.000881,0.0,0.000881
2026-06-01 22:24:00,1,Tomato,Mid-season,Loam,20.92,80.39999999999999,0.0,1.66,0.0,55.0,70.0,25.0,60.0,1.15,,,0.000783,0.0009,0.0,0.0009
2026-06-01 22:24:00,2,Wheat,Development,Sandy,20.92,80.39999999999999,0.0,1.66,0.0,42.0,60.0,18.0,55.0,0.85,,,0.000783,0.000666,0.0,0.000666
2026-06-01 22:24:00,3,Maize,Mid-season,Clay,20.92,80.39999999999999,0.0,1.66,0.0,65.0,75.0,30.0,65.0,1.2,,,0.000783,0.00094,0.0,0.00094
2026-06-01 22:25:00,1,Tomato,Mid-season,Loam,20.90833333333333,80.425,0.0,1.6583333333333334,0.0,55.0,70.0,25.0,60.0,1.15,,,0.000703,0.000808,0.0,0.000808
2026-06-01 22:25:00,2,Wheat,Development,Sandy,20.90833333333333,80.425,0.0,1.6583333333333334,0.0,42.0,60.0,18.0,55.0,0.85,,,0.000703,0.000598,0.0,0.000598
2026-06-01 22:25:00,3,Maize,Mid-season,Clay,20.90833333333333,80.425,0.0,1.6583333333333334,0.0,65.0,75.0,30.0,65.0,1.2,,,0.000703,0.000844,0.0,0.000844
2026-06-01 22:26:00,1,Tomato,Mid-season,Loam,20.896666666666665,80.45,0.0,1.6566666666666667,0.0,55.0,70.0,25.0,60.0,1.15,,,0.000711,0.000818,0.0,0.000818
2026-06-01 22:26:00,2,Wheat,Development,Sandy,20.896666666666665,80.45,0.0,1.6566666666666667,0.0,42.0,60.0,18.0,55.0,0.85,,,0.000711,0.000604,0.0,0.000604
2026-06-01 22:26:00,3,Maize,Mid-season,Clay,20.896666666666665,80.45,0.0,1.6566666666666667,0.0,65.0,75.0,30.0,65.0,1.2,,,0.000711,0.000853,0.0,0.000853
2026-06-01 22:27:00,1,Tomato,Mid-season,Loam,20.885,80.475,0.0,1.655,0.0,55.0,70.0,25.0,60.0,1.15,,,0.000617,0.00071,0.0,0.00071
2026-06-01 22:27:00,2,Wheat,Development,Sandy,20.885,80.475,0.0,1.655,0.0,42.0,60.0,18.0,55.0,0.85,,,0.000617,0.000524,0.0,0.000524
2026-06-01 22:27:00,3,Maize,Mid-season,Clay,20.885,80.475,0.0,1.655,0.0,65.0,75.0,30.0,65.0,1.2,,,0.000617,0.00074,0.0,0.00074
2026-06-01 22:28:00,1,Tomato,Mid-season,Loam,20.87333333333333,80.5,0.0,1.653333333333333,0.0,55.0,70.0,25.0,60.0,1.15,,,0.000627,0.000721,0.0,0.000721
2026-06-01 22:28:00,2,Wheat,Development,Sandy,20.87333333333333,80.5,0.0,1.653333333333333,0.0,42.0,60.0,18.0,55.0,0.85,,,0.000627,0.000533,0.0,0.000533
2026-06-01 22:28:00,3,Maize,Mid-season,Clay,20.87333333333333,80.5,0.0,1.653333333333333,0.0,65.0,75.0,30.0,65.0,1.2,,,0.000627,0.000752,0.0,0.000752
2026-06-01 22:29:00,1,Tomato,Mid-season,Loam,20.861666666666665,80.52499999999999,0.0,1.6516666666666666,0.0,55.0,70.0,25.0,60.0,1.15,,,0.000699,0.000804,0.0,0.000804
2026-06-01 22:29:00,2,Wheat,Development,Sandy,20.861666666666665,80.52499999999999,0.0,1.6516666666666666,0.0,42.0,60.0,18.0,55.0,0.85,,,0.000699,0.000594,0.0,0.000594
2026-06-01 22:29:00,3,Maize,Mid-season,Clay,20.861666666666665,80.52499999999999,0.0,1.6516666666666666,0.0,65.0,75.0,30.0,65.0,1.2,,,0.000699,0.000839,0.0,0.000839
2026-06-01 22:30:00,1,Tomato,Mid-season,Loam,20.85,80.55,0.0,1.65,0.0,55.0,70.0,25.0,60.0,1.15,,,0.000584,0.000672,0.0,0.000672
2026-06-01 22:30:00,2,Wheat,Development,Sandy,20.85,80.55,0.0,1.65,0.0,42.0,60.0,18.0,55.0,0.85,,,0.000584,0.000496,0.0,0.000496
2026-06-01 22:30:00,3,Maize,Mid-season,Clay,20.85,80.55,0.0,1.65,0.0,65.0,75.0,30.0,65.0,1.2,,,0.000584,0.000701,0.0,0.000701
2026-06-01 22:31:00,1,Tomato,Mid-season,Loam,20.83833333333333,80.575,0.0,1.6483333333333334,0.0,55.0,70.0,25.0,60.0,1.15,,,0.000691,0.000795,0.0,0.000795
2026-06-01 22:31:00,2,Wheat,Development,Sandy,20.83833333333333,80.575,0.0,1.6483333333333334,0.0,42.0,60.0,18.0,55.0,0.85,,,0.000691,0.000587,0.0,0.000587
2026-06-01 22:31:00,3,Maize,Mid-season,Clay,20.83833333333333,80.575,0.0,1.6483333333333334,0.0,65.0,75.0,30.0,65.0,1.2,,,0.000691,0.000829,0.0,0.000829
2026-06-01 22:32:00,1,Tomato,Mid-season,Loam,20.826666666666668,80.6,0.0,1.6466666666666667,0.0,55.0,70.0,25.0,60.0,1.15,,,0.000648,0.000745,0.0,0.000745
2026-06-01 22:32:00,2,Wheat,Development,Sandy,20.826666666666668,80.6,0.0,1.6466666666666667,0.0,42.0,60.0,18.0,55.0,0.85,,,0.000648,0.000551,0.0,0.000551
2026-06-01 22:32:00,3,Maize,Mid-season,Clay,20.826666666666668,80.6,0.0,1.6466666666666667,0.0,65.0,75.0,30.0,65.0,1.2,,,0.000648,0.000778,0.0,0.000778
2026-06-01 22:33:00,1,Tomato,Mid-season,Loam,20.815,80.625,0.0,1.645,0.0,55.0,70.0,25.0,60.0,1.15,,,0.000601,0.000691,0.0,0.000691
2026-06-01 22:33:00,2,Wheat,Development,Sandy,20.815,80.625,0.0,1.645,0.0,42.0,60.0,18.0,55.0,0.85,,,0.000601,0.000511,0.0,0.000511
2026-06-01 22:33:00,3,Maize,Mid-season,Clay,20.815,80.625,0.0,1.645,0.0,65.0,75.0,30.0,65.0,1.2,,,0.000601,0.000721,0.0,0.000721
2026-06-01 22:34:00,1,Tomato,Mid-season,Loam,20.80333333333333,80.64999999999999,0.0,1.643333333333333,0.0,55.0,70.0,25.0,60.0,1.15,,,0.000616,0.000708,0.0,0.000708
2026-06-01 22:34:00,2,Wheat,Development,Sandy,20.80333333333333,80.64999999999999,0.0,1.643333333333333,0.0,42.0,60.0,18.0,55.0,0.85,,,0.000616,0.000524,0.0,0.000524
2026-06-01 22:34:00,3,Maize,Mid-season,Clay,20.80333333333333,80.64999999999999,0.0,1.643333333333333,0.0,65.0,75.0,30.0,65.0,1.2,,,0.000616,0.000739,0.0,0.000739
2026-06-01 22:35:00,1,Tomato,Mid-season,Loam,20.791666666666668,80.675,0.0,1.6416666666666666,0.0,55.0,70.0,25.0,60.0,1.15,,,0.000589,0.000677,0.0,0.000677
2026-06-01 22:35:00,2,Wheat,Development,Sandy,20.791666666666668,80.675,0.0,1.6416666666666666,0.0,42.0,60.0,18.0,55.0,0.85,,,0.000589,0.000501,0.0,0.000501
2026-06-01 22:35:00,3,Maize,Mid-season,Clay,20.791666666666668,80.675,0.0,1.6416666666666666,0.0,65.0,75.0,30.0,65.0,1.2,,,0.000589,0.000707,0.0,0.000707
2026-06-01 22:36:00,1,Tomato,Mid-season,Loam,20.78,80.7,0.0,1.64,0.0,55.0,70.0,25.0,60.0,1.15,,,0.000463,0.000532,0.0,0.000532
2026-06-01 22:36:00,2,Wheat,Development,Sandy,20.78,80.7,0.0,1.64,0.0,42.0,60.0,18.0,55.0,0.85,,,0.000463,0.000394,0.0,0.000394
2026-06-01 22:36:00,3,Maize,Mid-season,Clay,20.78,80.7,0.0,1.64,0.0,65.0,75.0,30.0,65.0,1.2,,,0.000463,0.000556,0.0,0.000556
2026-06-01 22:37:00,1,Tomato,Mid-season,Loam,20.76833333333333,80.725,0.0,1.6383333333333334,0.0,55.0,70.0,25.0,60.0,1.15,,,0.000656,0.000754,0.0,0.000754
2026-06-01 22:37:00,2,Wheat,Development,Sandy,20.76833333333333,80.725,0.0,1.6383333333333334,0.0,42.0,60.0,18.0,55.0,0.85,,,0.000656,0.000558,0.0,0.000558
2026-06-01 22:37:00,3,Maize,Mid-season,Clay,20.76833333333333,80.725,0.0,1.6383333333333334,0.0,65.0,75.0,30.0,65.0,1.2,,,0.000656,0.000787,0.0,0.000787
2026-06-01 22:38:00,1,Tomato,Mid-season,Loam,20.756666666666668,80.75,0.0,1.6366666666666667,0.0,55.0,70.0,25.0,60.0,1.15,,,0.00064,0.000736,0.0,0.000736
2026-06-01 22:38:00,2,Wheat,Development,Sandy,20.756666666666668,80.75,0.0,1.6366666666666667,0.0,42.0,60.0,18.0,55.0,0.85,,,0.00064,0.000544,0.0,0.000544
2026-06-01 22:38:00,3,Maize,Mid-season,Clay,20.756666666666668,80.75,0.0,1.6366666666666667,0.0,65.0,75.0,30.0,65.0,1.2,,,0.00064,0.000768,0.0,0.000768
2026-06-01 22:39:00,1,Tomato,Mid-season,Loam,20.745,80.77499999999999,0.0,1.635,0.0,55.0,70.0,25.0,60.0,1.15,,,0.000684,0.000787,0.0,0.000787
2026-06-01 22:39:00,2,Wheat,Development,Sandy,20.745,80.77499999999999,0.0,1.635,0.0,42.0,60.0,18.0,55.0,0.85,,,0.000684,0.000581,0.0,0.000581
2026-06-01 22:39:00,3,Maize,Mid-season,Clay,20.745,80.77499999999999,0.0,1.635,0.0,65.0,75.0,30.0,65.0,1.2,,,0.000684,0.000821,0.0,0.000821
2026-06-01 22:40:00,1,Tomato,Mid-season,Loam,20.73333333333333,80.8,0.0,1.6333333333333333,0.0,55.0,70.0,25.0,60.0,1.15,,,0.000562,0.000646,0.0,0.000646
2026-06-01 22:40:00,2,Wheat,Development,Sandy,20.73333333333333,80.8,0.0,1.6333333333333333,0.0,42.0,60.0,18.0,55.0,0.85,,,0.000562,0.000478,0.0,0.000478
2026-06-01 22:40:00,3,Maize,Mid-season,Clay,20.73333333333333,80.8,0.0,1.6333333333333333,0.0,65.0,75.0,30.0,65.0,1.2,,,0.000562,0.000674,0.0,0.000674
2026-06-01 22:41:00,1,Tomato,Mid-season,Loam,20.721666666666668,80.825,0.0,1.6316666666666668,0.0,55.0,70.0,25.0,60.0,1.15,,,0.000815,0.000937,0.0,0.000937
2026-06-01 22:41:00,2,Wheat,Development,Sandy,20.721666666666668,80.825,0.0,1.6316666666666668,0.0,42.0,60.0,18.0,55.0,0.85,,,0.000815,0.000693,0.0,0.000693
2026-06-01 22:41:00,3,Maize,Mid-season,Clay,20.721666666666668,80.825,0.0,1.6316666666666668,0.0,65.0,75.0,30.0,65.0,1.2,,,0.000815,0.000978,0.0,0.000978
2026-06-01 22:42:00,1,Tomato,Mid-season,Loam,20.71,80.85,0.0,1.63,0.0,55.0,70.0,25.0,60.0,1.15,,,0.000563,0.000647,0.0,0.000647
2026-06-01 22:42:00,2,Wheat,Development,Sandy,20.71,80.85,0.0,1.63,0.0,42.0,60.0,18.0,55.0,0.85,,,0.000563,0.000479,0.0,0.000479
2026-06-01 22:42:00,3,Maize,Mid-season,Clay,20.71,80.85,0.0,1.63,0.0,65.0,75.0,30.0,65.0,1.2,,,0.000563,0.000676,0.0,0.000676
2026-06-01 22:43:00,1,Tomato,Mid-season,Loam,20.69833333333333,80.875,0.0,1.6283333333333334,0.0,55.0,70.0,25.0,60.0,1.15,,,0.000541,0.000622,0.0,0.000622
2026-06-01 22:43:00,2,Wheat,Development,Sandy,20.69833333333333,80.875,0.0,1.6283333333333334,0.0,42.0,60.0,18.0,55.0,0.85,,,0.000541,0.00046,0.0,0.00046
2026-06-01 22:43:00,3,Maize,Mid-season,Clay,20.69833333333333,80.875,0.0,1.6283333333333334,0.0,65.0,75.0,30.0,65.0,1.2,,,0.000541,0.000649,0.0,0.000649
2026-06-01 22:44:00,1,Tomato,Mid-season,Loam,20.686666666666667,80.89999999999999,0.0,1.6266666666666667,0.0,55.0,70.0,25.0,60.0,1.15,,,0.000497,0.000572,0.0,0.000572
2026-06-01 22:44:00,2,Wheat,Development,Sandy,20.686666666666667,80.89999999999999,0.0,1.6266666666666667,0.0,42.0,60.0,18.0,55.0,0.85,,,0.000497,0.000422,0.0,0.000422
2026-06-01 22:44:00,3,Maize,Mid-season,Clay,20.686666666666667,80.89999999999999,0.0,1.6266666666666667,0.0,65.0,75.0,30.0,65.0,1.2,,,0.000497,0.000596,0.0,0.000596
2026-06-01 22:45:00,1,Tomato,Mid-season,Loam,20.675,80.925,0.0,1.625,0.0,55.0,70.0,25.0,60.0,1.15,,,0.000433,0.000498,0.0,0.000498
2026-06-01 22:45:00,2,Wheat,Development,Sandy,20.675,80.925,0.0,1.625,0.0,42.0,60.0,18.0,55.0,0.85,,,0.000433,0.000368,0.0,0.000368
2026-06-01 22:45:00,3,Maize,Mid-season,Clay,20.675,80.925,0.0,1.625,0.0,65.0,75.0,30.0,65.0,1.2,,,0.000433,0.00052,0.0,0.00052
2026-06-01 22:46:00,1,Tomato,Mid-season,Loam,20.66333333333333,80.95,0.0,1.6233333333333333,0.0,55.0,70.0,25.0,60.0,1.15,,,0.000709,0.000815,0.0,0.000815
2026-06-01 22:46:00,2,Wheat,Development,Sandy,20.66333333333333,80.95,0.0,1.6233333333333333,0.0,42.0,60.0,18.0,55.0,0.85,,,0.000709,0.000603,0.0,0.000603
2026-06-01 22:46:00,3,Maize,Mid-season,Clay,20.66333333333333,80.95,0.0,1.6233333333333333,0.0,65.0,75.0,30.0,65.0,1.2,,,0.000709,0.000851,0.0,0.000851
2026-06-01 22:47:00,1,Tomato,Mid-season,Loam,20.651666666666667,80.975,0.0,1.6216666666666668,0.0,55.0,70.0,25.0,60.0,1.15,,,0.00072,0.000828,0.0,0.000828
2026-06-01 22:47:00,2,Wheat,Development,Sandy,20.651666666666667,80.975,0.0,1.6216666666666668,0.0,42.0,60.0,18.0,55.0,0.85,,,0.00072,0.000612,0.0,0.000612
2026-06-01 22:47:00,3,Maize,Mid-season,Clay,20.651666666666667,80.975,0.0,1.6216666666666668,0.0,65.0,75.0,30.0,65.0,1.2,,,0.00072,0.000864,0.0,0.000864
2026-06-01 22:48:00,1,Tomato,Mid-season,Loam,20.64,81.0,0.0,1.62,0.0,55.0,70.0,25.0,60.0,1.15,,,0.000665,0.000765,0.0,0.000765
2026-06-01 22:48:00,2,Wheat,Development,Sandy,20.64,81.0,0.0,1.62,0.0,42.0,60.0,18.0,55.0,0.85,,,0.000665,0.000565,0.0,0.000565
2026-06-01 22:48:00,3,Maize,Mid-season,Clay,20.64,81.0,0.0,1.62,0.0,65.0,75.0,30.0,65.0,1.2,,,0.000665,0.000798,0.0,0.000798
2026-06-01 22:49:00,1,Tomato,Mid-season,Loam,20.62833333333333,81.02499999999999,0.0,1.6183333333333334,0.0,55.0,70.0,25.0,60.0,1.15,,,0.000489,0.000562,0.0,0.000562
2026-06-01 22:49:00,2,Wheat,Development,Sandy,20.62833333333333,81.02499999999999,0.0,1.6183333333333334,0.0,42.0,60.0,18.0,55.0,0.85,,,0.000489,0.000416,0.0,0.000416
2026-06-01 22:49:00,3,Maize,Mid-season,Clay,20.62833333333333,81.02499999999999,0.0,1.6183333333333334,0.0,65.0,75.0,30.0,65.0,1.2,,,0.000489,0.000587,0.0,0.000587
2026-06-01 22:50:00,1,Tomato,Mid-season,Loam,20.616666666666667,81.05,0.0,1.6166666666666667,0.0,55.0,70.0,25.0,60.0,1.15,,,0.000714,0.000821,0.0,0.000821
2026-06-01 22:50:00,2,Wheat,Development,Sandy,20.616666666666667,81.05,0.0,1.6166666666666667,0.0,42.0,60.0,18.0,55.0,0.85,,,0.000714,0.000607,0.0,0.000607
2026-06-01 22:50:00,3,Maize,Mid-season,Clay,20.616666666666667,81.05,0.0,1.6166666666666667,0.0,65.0,75.0,30.0,65.0,1.2,,,0.000714,0.000857,0.0,0.000857
2026-06-01 22:51:00,1,Tomato,Mid-season,Loam,20.605,81.075,0.0,1.615,0.0,55.0,70.0,25.0,60.0,1.15,,,0.000554,0.000637,0.0,0.000637
2026-06-01 22:51:00,2,Wheat,Development,Sandy,20.605,81.075,0.0,1.615,0.0,42.0,60.0,18.0,55.0,0.85,,,0.000554,0.000471,0.0,0.000471
2026-06-01 22:51:00,3,Maize,Mid-season,Clay,20.605,81.075,0.0,1.615,0.0,65.0,75.0,30.0,65.0,1.2,,,0.000554,0.000665,0.0,0.000665
2026-06-01 22:52:00,1,Tomato,Mid-season,Loam,20.593333333333334,81.1,0.0,1.6133333333333333,0.0,55.0,70.0,25.0,60.0,1.15,,,0.000538,0.000619,0.0,0.000619
2026-06-01 22:52:00,2,Wheat,Development,Sandy,20.593333333333334,81.1,0.0,1.6133333333333333,0.0,42.0,60.0,18.0,55.0,0.85,,,0.000538,0.000457,0.0,0.000457
2026-06-01 22:52:00,3,Maize,Mid-season,Clay,20.593333333333334,81.1,0.0,1.6133333333333333,0.0,65.0,75.0,30.0,65.0,1.2,,,0.000538,0.000646,0.0,0.000646
2026-06-01 22:53:00,1,Tomato,Mid-season,Loam,20.581666666666667,81.125,0.0,1.6116666666666668,0.0,55.0,70.0,25.0,60.0,1.15,,,0.000693,0.000797,0.0,0.000797
2026-06-01 22:53:00,2,Wheat,Development,Sandy,20.581666666666667,81.125,0.0,1.6116666666666668,0.0,42.0,60.0,18.0,55.0,0.85,,,0.000693,0.000589,0.0,0.000589
2026-06-01 22:53:00,3,Maize,Mid-season,Clay,20.581666666666667,81.125,0.0,1.6116666666666668,0.0,65.0,75.0,30.0,65.0,1.2,,,0.000693,0.000832,0.0,0.000832
2026-06-01 22:54:00,1,Tomato,Mid-season,Loam,20.57,81.14999999999999,0.0,1.61,0.0,55.0,70.0,25.0,60.0,1.15,,,0.000626,0.00072,0.0,0.00072
2026-06-01 22:54:00,2,Wheat,Development,Sandy,20.57,81.14999999999999,0.0,1.61,0.0,42.0,60.0,18.0,55.0,0.85,,,0.000626,0.000532,0.0,0.000532
2026-06-01 22:54:00,3,Maize,Mid-season,Clay,20.57,81.14999999999999,0.0,1.61,0.0,65.0,75.0,30.0,65.0,1.2,,,0.000626,0.000751,0.0,0.000751
2026-06-01 22:55:00,1,Tomato,Mid-season,Loam,20.558333333333334,81.175,0.0,1.6083333333333334,0.0,55.0,70.0,25.0,60.0,1.15,,,0.000735,0.000845,0.0,0.000845
2026-06-01 22:55:00,2,Wheat,Development,Sandy,20.558333333333334,81.175,0.0,1.6083333333333334,0.0,42.0,60.0,18.0,55.0,0.85,,,0.000735,0.000625,0.0,0.000625
2026-06-01 22:55:00,3,Maize,Mid-season,Clay,20.558333333333334,81.175,0.0,1.6083333333333334,0.0,65.0,75.0,30.0,65.0,1.2,,,0.000735,0.000882,0.0,0.000882
2026-06-01 22:56:00,1,Tomato,Mid-season,Loam,20.546666666666667,81.2,0.0,1.606666666666667,0.0,55.0,70.0,25.0,60.0,1.15,,,0.0006,0.00069,0.0,0.00069
2026-06-01 22:56:00,2,Wheat,Development,Sandy,20.546666666666667,81.2,0.0,1.606666666666667,0.0,42.0,60.0,18.0,55.0,0.85,,,0.0006,0.00051,0.0,0.00051
2026-06-01 22:56:00,3,Maize,Mid-season,Clay,20.546666666666667,81.2,0.0,1.606666666666667,0.0,65.0,75.0,30.0,65.0,1.2,,,0.0006,0.00072,0.0,0.00072
2026-06-01 22:57:00,1,Tomato,Mid-season,Loam,20.535,81.225,0.0,1.605,0.0,55.0,70.0,25.0,60.0,1.15,,,0.000495,0.000569,0.0,0.000569
2026-06-01 22:57:00,2,Wheat,Development,Sandy,20.535,81.225,0.0,1.605,0.0,42.0,60.0,18.0,55.0,0.85,,,0.000495,0.000421,0.0,0.000421
2026-06-01 22:57:00,3,Maize,Mid-season,Clay,20.535,81.225,0.0,1.605,0.0,65.0,75.0,30.0,65.0,1.2,,,0.000495,0.000594,0.0,0.000594
2026-06-01 22:58:00,1,Tomato,Mid-season,Loam,20.523333333333333,81.25,0.0,1.6033333333333335,0.0,55.0,70.0,25.0,60.0,1.15,,,0.000471,0.000542,0.0,0.000542
2026-06-01 22:58:00,2,Wheat,Development,Sandy,20.523333333333333,81.25,0.0,1.6033333333333335,0.0,42.0,60.0,18.0,55.0,0.85,,,0.000471,0.0004,0.0,0.0004
2026-06-01 22:58:00,3,Maize,Mid-season,Clay,20.523333333333333,81.25,0.0,1.6033333333333335,0.0,65.0,75.0,30.0,65.0,1.2,,,0.000471,0.000565,0.0,0.000565
2026-06-01 22:59:00,1,Tomato,Mid-season,Loam,20.511666666666667,81.27499999999999,0.0,1.6016666666666668,0.0,55.0,70.0,25.0,60.0,1.15,,,0.000387,0.000445,0.0,0.000445
2026-06-01 22:59:00,2,Wheat,Development,Sandy,20.511666666666667,81.27499999999999,0.0,1.6016666666666668,0.0,42.0,60.0,18.0,55.0,0.85,,,0.000387,0.000329,0.0,0.000329
2026-06-01 22:59:00,3,Maize,Mid-season,Clay,20.511666666666667,81.27499999999999,0.0,1.6016666666666668,0.0,65.0,75.0,30.0,65.0,1.2,,,0.000387,0.000464,0.0,0.000464
2026-06-01 23:00:00,1,Tomato,Mid-season,Loam,20.5,81.3,0.0,1.6,0.0,55.0,70.0,25.0,60.0,1.15,,,0.00052,0.000598,0.0,0.000598
2026-06-01 23:00:00,2,Wheat,Development,Sandy,20.5,81.3,0.0,1.6,0.0,42.0,60.0,18.0,55.0,0.85,,,0.00052,0.000442,0.0,0.000442
2026-06-01 23:00:00,3,Maize,Mid-season,Clay,20.5,81.3,0.0,1.6,0.0,65.0,75.0,30.0,65.0,1.2,,,0.00052,0.000624,0.0,0.000624
2026-06-01 23:01:00,1,Tomato,Mid-season,Loam,20.49,81.325,0.0,1.6016666666666668,0.0,55.0,70.0,25.0,60.0,1.15,,,0.00057,0.000655,0.0,0.000655
2026-06-01 23:01:00,2,Wheat,Development,Sandy,20.49,81.325,0.0,1.6016666666666668,0.0,42.0,60.0,18.0,55.0,0.85,,,0.00057,0.000484,0.0,0.000484
2026-06-01 23:01:00,3,Maize,Mid-season,Clay,20.49,81.325,0.0,1.6016666666666668,0.0,65.0,75.0,30.0,65.0,1.2,,,0.00057,0.000684,0.0,0.000684
2026-06-01 23:02:00,1,Tomato,Mid-season,Loam,20.48,81.35,0.0,1.6033333333333335,0.0,55.0,70.0,25.0,60.0,1.15,,,0.00058,0.000667,0.0,0.000667
2026-06-01 23:02:00,2,Wheat,Development,Sandy,20.48,81.35,0.0,1.6033333333333335,0.0,42.0,60.0,18.0,55.0,0.85,,,0.00058,0.000493,0.0,0.000493
2026-06-01 23:02:00,3,Maize,Mid-season,Clay,20.48,81.35,0.0,1.6033333333333335,0.0,65.0,75.0,30.0,65.0,1.2,,,0.00058,0.000696,0.0,0.000696
2026-06-01 23:03:00,1,Tomato,Mid-season,Loam,20.47,81.375,0.0,1.605,0.0,55.0,70.0,25.0,60.0,1.15,,,0.000508,0.000584,0.0,0.000584
2026-06-01 23:03:00,2,Wheat,Development,Sandy,20.47,81.375,0.0,1.605,0.0,42.0,60.0,18.0,55.0,0.85,,,0.000508,0.000432,0.0,0.000432
2026-06-01 23:03:00,3,Maize,Mid-season,Clay,20.47,81.375,0.0,1.605,0.0,65.0,75.0,30.0,65.0,1.2,,,0.000508,0.00061,0.0,0.00061
2026-06-01 23:04:00,1,Tomato,Mid-season,Loam,20.46,81.39999999999999,0.0,1.606666666666667,0.0,55.0,70.0,25.0,60.0,1.15,,,0.000414,0.000476,0.0,0.000476
2026-06-01 23:04:00,2,Wheat,Development,Sandy,20.46,81.39999999999999,0.0,1.606666666666667,0.0,42.0,60.0,18.0,55.0,0.85,,,0.000414,0.000352,0.0,0.000352
2026-06-01 23:04:00,3,Maize,Mid-season,Clay,20.46,81.39999999999999,0.0,1.606666666666667,0.0,65.0,75.0,30.0,65.0,1.2,,,0.000414,0.000497,0.0,0.000497
2026-06-01 23:05:00,1,Tomato,Mid-season,Loam,20.45,81.425,0.0,1.6083333333333334,0.0,55.0,70.0,25.0,60.0,1.15,,,0.000541,0.000622,0.0,0.000622
2026-06-01 23:05:00,2,Wheat,Development,Sandy,20.45,81.425,0.0,1.6083333333333334,0.0,42.0,60.0,18.0,55.0,0.85,,,0.000541,0.00046,0.0,0.00046
2026-06-01 23:05:00,3,Maize,Mid-season,Clay,20.45,81.425,0.0,1.6083333333333334,0.0,65.0,75.0,30.0,65.0,1.2,,,0.000541,0.000649,0.0,0.000649
2026-06-01 23:06:00,1,Tomato,Mid-season,Loam,20.44,81.45,0.0,1.61,0.0,55.0,70.0,25.0,60.0,1.15,,,0.000624,0.000718,0.0,0.000718
2026-06-01 23:06:00,2,Wheat,Development,Sandy,20.44,81.45,0.0,1.61,0.0,42.0,60.0,18.0,55.0,0.85,,,0.000624,0.00053,0.0,0.00053
2026-06-01 23:06:00,3,Maize,Mid-season,Clay,20.44,81.45,0.0,1.61,0.0,65.0,75.0,30.0,65.0,1.2,,,0.000624,0.000749,0.0,0.000749
2026-06-01 23:07:00,1,Tomato,Mid-season,Loam,20.43,81.475,0.0,1.6116666666666668,0.0,55.0,70.0,25.0,60.0,1.15,,,0.000522,0.0006,0.0,0.0006
2026-06-01 23:07:00,2,Wheat,Development,Sandy,20.43,81.475,0.0,1.6116666666666668,0.0,42.0,60.0,18.0,55.0,0.85,,,0.000522,0.000444,0.0,0.000444
2026-06-01 23:07:00,3,Maize,Mid-season,Clay,20.43,81.475,0.0,1.6116666666666668,0.0,65.0,75.0,30.0,65.0,1.2,,,0.000522,0.000626,0.0,0.000626
2026-06-01 23:08:00,1,Tomato,Mid-season,Loam,20.42,81.5,0.0,1.6133333333333335,0.0,55.0,70.0,25.0,60.0,1.15,,,0.000505,0.000581,0.0,0.000581
2026-06-01 23:08:00,2,Wheat,Development,Sandy,20.42,81.5,0.0,1.6133333333333335,0.0,42.0,60.0,18.0,55.0,0.85,,,0.000505,0.000429,0.0,0.000429
2026-06-01 23:08:00,3,Maize,Mid-season,Clay,20.42,81.5,0.0,1.6133333333333335,0.0,65.0,75.0,30.0,65.0,1.2,,,0.000505,0.000606,0.0,0.000606
2026-06-01 23:09:00,1,Tomato,Mid-season,Loam,20.41,81.52499999999999,0.0,1.615,0.0,55.0,70.0,25.0,60.0,1.15,,,0.000418,0.000481,0.0,0.000481
2026-06-01 23:09:00,2,Wheat,Development,Sandy,20.41,81.52499999999999,0.0,1.615,0.0,42.0,60.0,18.0,55.0,0.85,,,0.000418,0.000355,0.0,0.000355
2026-06-01 23:09:00,3,Maize,Mid-season,Clay,20.41,81.52499999999999,0.0,1.615,0.0,65.0,75.0,30.0,65.0,1.2,,,0.000418,0.000502,0.0,0.000502
2026-06-01 23:10:00,1,Tomato,Mid-season,Loam,20.4,81.55,0.0,1.6166666666666667,0.0,55.0,70.0,25.0,60.0,1.15,,,0.000575,0.000661,0.0,0.000661
2026-06-01 23:10:00,2,Wheat,Development,Sandy,20.4,81.55,0.0,1.6166666666666667,0.0,42.0,60.0,18.0,55.0,0.85,,,0.000575,0.000489,0.0,0.000489
2026-06-01 23:10:00,3,Maize,Mid-season,Clay,20.4,81.55,0.0,1.6166666666666667,0.0,65.0,75.0,30.0,65.0,1.2,,,0.000575,0.00069,0.0,0.00069
2026-06-01 23:11:00,1,Tomato,Mid-season,Loam,20.39,81.575,0.0,1.6183333333333334,0.0,55.0,70.0,25.0,60.0,1.15,,,0.000226,0.00026,0.0,0.00026
2026-06-01 23:11:00,2,Wheat,Development,Sandy,20.39,81.575,0.0,1.6183333333333334,0.0,42.0,60.0,18.0,55.0,0.85,,,0.000226,0.000192,0.0,0.000192
2026-06-01 23:11:00,3,Maize,Mid-season,Clay,20.39,81.575,0.0,1.6183333333333334,0.0,65.0,75.0,30.0,65.0,1.2,,,0.000226,0.000271,0.0,0.000271
2026-06-01 23:12:00,1,Tomato,Mid-season,Loam,20.38,81.6,0.0,1.62,0.0,55.0,70.0,25.0,60.0,1.15,,,0.000505,0.000581,0.0,0.000581
2026-06-01 23:12:00,2,Wheat,Development,Sandy,20.38,81.6,0.0,1.62,0.0,42.0,60.0,18.0,55.0,0.85,,,0.000505,0.000429,0.0,0.000429
2026-06-01 23:12:00,3,Maize,Mid-season,Clay,20.38,81.6,0.0,1.62,0.0,65.0,75.0,30.0,65.0,1.2,,,0.000505,0.000606,0.0,0.000606
2026-06-01 23:13:00,1,Tomato,Mid-season,Loam,20.37,81.625,0.0,1.6216666666666668,0.0,55.0,70.0,25.0,60.0,1.15,,,0.000667,0.000767,0.0,0.000767
2026-06-01 23:13:00,2,Wheat,Development,Sandy,20.37,81.625,0.0,1.6216666666666668,0.0,42.0,60.0,18.0,55.0,0.85,,,0.000667,0.000567,0.0,0.000567
2026-06-01 23:13:00,3,Maize,Mid-season,Clay,20.37,81.625,0.0,1.6216666666666668,0.0,65.0,75.0,30.0,65.0,1.2,,,0.000667,0.0008,0.0,0.0008
2026-06-01 23:14:00,1,Tomato,Mid-season,Loam,20.36,81.64999999999999,0.0,1.6233333333333333,0.0,55.0,70.0,25.0,60.0,1.15,,,0.00032,0.000368,0.0,0.000368
2026-06-01 23:14:00,2,Wheat,Development,Sandy,20.36,81.64999999999999,0.0,1.6233333333333333,0.0,42.0,60.0,18.0,55.0,0.85,,,0.00032,0.000272,0.0,0.000272
2026-06-01 23:14:00,3,Maize,Mid-season,Clay,20.36,81.64999999999999,0.0,1.6233333333333333,0.0,65.0,75.0,30.0,65.0,1.2,,,0.00032,0.000384,0.0,0.000384
2026-06-01 23:15:00,1,Tomato,Mid-season,Loam,20.35,81.675,0.0,1.625,0.0,55.0,70.0,25.0,60.0,1.15,,,0.000481,0.000553,0.0,0.000553
2026-06-01 23:15:00,2,Wheat,Development,Sandy,20.35,81.675,0.0,1.625,0.0,42.0,60.0,18.0,55.0,0.85,,,0.000481,0.000409,0.0,0.000409
2026-06-01 23:15:00,3,Maize,Mid-season,Clay,20.35,81.675,0.0,1.625,0.0,65.0,75.0,30.0,65.0,1.2,,,0.000481,0.000577,0.0,0.000577
2026-06-01 23:16:00,1,Tomato,Mid-season,Loam,20.34,81.7,0.0,1.6266666666666667,0.0,55.0,70.0,25.0,60.0,1.15,,,0.000466,0.000536,0.0,0.000536
2026-06-01 23:16:00,2,Wheat,Development,Sandy,20.34,81.7,0.0,1.6266666666666667,0.0,42.0,60.0,18.0,55.0,0.85,,,0.000466,0.000396,0.0,0.000396
2026-06-01 23:16:00,3,Maize,Mid-season,Clay,20.34,81.7,0.0,1.6266666666666667,0.0,65.0,75.0,30.0,65.0,1.2,,,0.000466,0.000559,0.0,0.000559
2026-06-01 23:17:00,1,Tomato,Mid-season,Loam,20.33,81.725,0.0,1.6283333333333334,0.0,55.0,70.0,25.0,60.0,1.15,,,0.000428,0.000492,0.0,0.000492
2026-06-01 23:17:00,2,Wheat,Development,Sandy,20.33,81.725,0.0,1.6283333333333334,0.0,42.0,60.0,18.0,55.0,0.85,,,0.000428,0.000364,0.0,0.000364
2026-06-01 23:17:00,3,Maize,Mid-season,Clay,20.33,81.725,0.0,1.6283333333333334,0.0,65.0,75.0,30.0,65.0,1.2,,,0.000428,0.000514,0.0,0.000514
2026-06-01 23:18:00,1,Tomato,Mid-season,Loam,20.32,81.75,0.0,1.63,0.0,55.0,70.0,25.0,60.0,1.15,,,0.000559,0.000643,0.0,0.000643
2026-06-01 23:18:00,2,Wheat,Development,Sandy,20.32,81.75,0.0,1.63,0.0,42.0,60.0,18.0,55.0,0.85,,,0.000559,0.000475,0.0,0.000475
2026-06-01 23:18:00,3,Maize,Mid-season,Clay,20.32,81.75,0.0,1.63,0.0,65.0,75.0,30.0,65.0,1.2,,,0.000559,0.000671,0.0,0.000671
2026-06-01 23:19:00,1,Tomato,Mid-season,Loam,20.31,81.77499999999999,0.0,1.6316666666666668,0.0,55.0,70.0,25.0,60.0,1.15,,,0.000493,0.000567,0.0,0.000567
2026-06-01 23:19:00,2,Wheat,Development,Sandy,20.31,81.77499999999999,0.0,1.6316666666666668,0.0,42.0,60.0,18.0,55.0,0.85,,,0.000493,0.000419,0.0,0.000419
2026-06-01 23:19:00,3,Maize,Mid-season,Clay,20.31,81.77499999999999,0.0,1.6316666666666668,0.0,65.0,75.0,30.0,65.0,1.2,,,0.000493,0.000592,0.0,0.000592
2026-06-01 23:20:00,1,Tomato,Mid-season,Loam,20.3,81.8,0.0,1.6333333333333333,0.0,55.0,70.0,25.0,60.0,1.15,,,0.000462,0.000531,0.0,0.000531
2026-06-01 23:20:00,2,Wheat,Development,Sandy,20.3,81.8,0.0,1.6333333333333333,0.0,42.0,60.0,18.0,55.0,0.85,,,0.000462,0.000393,0.0,0.000393
2026-06-01 23:20:00,3,Maize,Mid-season,Clay,20.3,81.8,0.0,1.6333333333333333,0.0,65.0,75.0,30.0,65.0,1.2,,,0.000462,0.000554,0.0,0.000554
2026-06-01 23:21:00,1,Tomato,Mid-season,Loam,20.29,81.825,0.0,1.635,0.0,55.0,70.0,25.0,60.0,1.15,,,0.000548,0.00063,0.0,0.00063
2026-06-01 23:21:00,2,Wheat,Development,Sandy,20.29,81.825,0.0,1.635,0.0,42.0,60.0,18.0,55.0,0.85,,,0.000548,0.000466,0.0,0.000466
2026-06-01 23:21:00,3,Maize,Mid-season,Clay,20.29,81.825,0.0,1.635,0.0,65.0,75.0,30.0,65.0,1.2,,,0.000548,0.000658,0.0,0.000658
2026-06-01 23:22:00,1,Tomato,Mid-season,Loam,20.28,81.85,0.0,1.6366666666666667,0.0,55.0,70.0,25.0,60.0,1.15,,,0.000435,0.0005,0.0,0.0005
2026-06-01 23:22:00,2,Wheat,Development,Sandy,20.28,81.85,0.0,1.6366666666666667,0.0,42.0,60.0,18.0,55.0,0.85,,,0.000435,0.00037,0.0,0.00037
2026-06-01 23:22:00,3,Maize,Mid-season,Clay,20.28,81.85,0.0,1.6366666666666667,0.0,65.0,75.0,30.0,65.0,1.2,,,0.000435,0.000522,0.0,0.000522
2026-06-01 23:23:00,1,Tomato,Mid-season,Loam,20.27,81.875,0.0,1.6383333333333334,0.0,55.0,70.0,25.0,60.0,1.15,,,0.000693,0.000797,0.0,0.000797
2026-06-01 23:23:00,2,Wheat,Development,Sandy,20.27,81.875,0.0,1.6383333333333334,0.0,42.0,60.0,18.0,55.0,0.85,,,0.000693,0.000589,0.0,0.000589
2026-06-01 23:23:00,3,Maize,Mid-season,Clay,20.27,81.875,0.0,1.6383333333333334,0.0,65.0,75.0,30.0,65.0,1.2,,,0.000693,0.000832,0.0,0.000832
2026-06-01 23:24:00,1,Tomato,Mid-season,Loam,20.26,81.89999999999999,0.0,1.64,0.0,55.0,70.0,25.0,60.0,1.15,,,0.000449,0.000516,0.0,0.000516
2026-06-01 23:24:00,2,Wheat,Development,Sandy,20.26,81.89999999999999,0.0,1.64,0.0,42.0,60.0,18.0,55.0,0.85,,,0.000449,0.000382,0.0,0.000382
2026-06-01 23:24:00,3,Maize,Mid-season,Clay,20.26,81.89999999999999,0.0,1.64,0.0,65.0,75.0,30.0,65.0,1.2,,,0.000449,0.000539,0.0,0.000539
2026-06-01 23:25:00,1,Tomato,Mid-season,Loam,20.25,81.925,0.0,1.6416666666666666,0.0,55.0,70.0,25.0,60.0,1.15,,,0.000438,0.000504,0.0,0.000504
2026-06-01 23:25:00,2,Wheat,Development,Sandy,20.25,81.925,0.0,1.6416666666666666,0.0,42.0,60.0,18.0,55.0,0.85,,,0.000438,0.000372,0.0,0.000372
2026-06-01 23:25:00,3,Maize,Mid-season,Clay,20.25,81.925,0.0,1.6416666666666666,0.0,65.0,75.0,30.0,65.0,1.2,,,0.000438,0.000526,0.0,0.000526
2026-06-01 23:26:00,1,Tomato,Mid-season,Loam,20.24,81.95,0.0,1.643333333333333,0.0,55.0,70.0,25.0,60.0,1.15,,,0.000295,0.000339,0.0,0.000339
2026-06-01 23:26:00,2,Wheat,Development,Sandy,20.24,81.95,0.0,1.643333333333333,0.0,42.0,60.0,18.0,55.0,0.85,,,0.000295,0.000251,0.0,0.000251
2026-06-01 23:26:00,3,Maize,Mid-season,Clay,20.24,81.95,0.0,1.643333333333333,0.0,65.0,75.0,30.0,65.0,1.2,,,0.000295,0.000354,0.0,0.000354
2026-06-01 23:27:00,1,Tomato,Mid-season,Loam,20.23,81.975,0.0,1.645,0.0,55.0,70.0,25.0,60.0,1.15,,,0.000396,0.000455,0.0,0.000455
2026-06-01 23:27:00,2,Wheat,Development,Sandy,20.23,81.975,0.0,1.645,0.0,42.0,60.0,18.0,55.0,0.85,,,0.000396,0.000337,0.0,0.000337
2026-06-01 23:27:00,3,Maize,Mid-season,Clay,20.23,81.975,0.0,1.645,0.0,65.0,75.0,30.0,65.0,1.2,,,0.000396,0.000475,0.0,0.000475
2026-06-01 23:28:00,1,Tomato,Mid-season,Loam,20.22,82.0,0.0,1.6466666666666667,0.0,55.0,70.0,25.0,60.0,1.15,,,0.000517,0.000595,0.0,0.000595
2026-06-01 23:28:00,2,Wheat,Development,Sandy,20.22,82.0,0.0,1.6466666666666667,0.0,42.0,60.0,18.0,55.0,0.85,,,0.000517,0.000439,0.0,0.000439
2026-06-01 23:28:00,3,Maize,Mid-season,Clay,20.22,82.0,0.0,1.6466666666666667,0.0,65.0,75.0,30.0,65.0,1.2,,,0.000517,0.00062,0.0,0.00062
2026-06-01 23:29:00,1,Tomato,Mid-season,Loam,20.21,82.02499999999999,0.0,1.6483333333333334,0.0,55.0,70.0,25.0,60.0,1.15,,,0.00031,0.000356,0.0,0.000356
2026-06-01 23:29:00,2,Wheat,Development,Sandy,20.21,82.02499999999999,0.0,1.6483333333333334,0.0,42.0,60.0,18.0,55.0,0.85,,,0.00031,0.000264,0.0,0.000264
2026-06-01 23:29:00,3,Maize,Mid-season,Clay,20.21,82.02499999999999,0.0,1.6483333333333334,0.0,65.0,75.0,30.0,65.0,1.2,,,0.00031,0.000372,0.0,0.000372
2026-06-01 23:30:00,1,Tomato,Mid-season,Loam,20.2,82.05,0.0,1.65,0.0,55.0,70.0,25.0,60.0,1.15,,,0.000234,0.000269,0.0,0.000269
2026-06-01 23:30:00,2,Wheat,Development,Sandy,20.2,82.05,0.0,1.65,0.0,42.0,60.0,18.0,55.0,0.85,,,0.000234,0.000199,0.0,0.000199
2026-06-01 23:30:00,3,Maize,Mid-season,Clay,20.2,82.05,0.0,1.65,0.0,65.0,75.0,30.0,65.0,1.2,,,0.000234,0.000281,0.0,0.000281
2026-06-01 23:31:00,1,Tomato,Mid-season,Loam,20.19,82.075,0.0,1.6516666666666666,0.0,55.0,70.0,25.0,60.0,1.15,,,0.000462,0.000531,0.0,0.000531
2026-06-01 23:31:00,2,Wheat,Development,Sandy,20.19,82.075,0.0,1.6516666666666666,0.0,42.0,60.0,18.0,55.0,0.85,,,0.000462,0.000393,0.0,0.000393
2026-06-01 23:31:00,3,Maize,Mid-season,Clay,20.19,82.075,0.0,1.6516666666666666,0.0,65.0,75.0,30.0,65.0,1.2,,,0.000462,0.000554,0.0,0.000554
2026-06-01 23:32:00,1,Tomato,Mid-season,Loam,20.18,82.1,0.0,1.653333333333333,0.0,55.0,70.0,25.0,60.0,1.15,,,0.00051,0.000586,0.0,0.000586
2026-06-01 23:32:00,2,Wheat,Development,Sandy,20.18,82.1,0.0,1.653333333333333,0.0,42.0,60.0,18.0,55.0,0.85,,,0.00051,0.000434,0.0,0.000434
2026-06-01 23:32:00,3,Maize,Mid-season,Clay,20.18,82.1,0.0,1.653333333333333,0.0,65.0,75.0,30.0,65.0,1.2,,,0.00051,0.000612,0.0,0.000612
2026-06-01 23:33:00,1,Tomato,Mid-season,Loam,20.17,82.125,0.0,1.655,0.0,55.0,70.0,25.0,60.0,1.15,,,0.000409,0.00047,0.0,0.00047
2026-06-01 23:33:00,2,Wheat,Development,Sandy,20.17,82.125,0.0,1.655,0.0,42.0,60.0,18.0,55.0,0.85,,,0.000409,0.000348,0.0,0.000348
2026-06-01 23:33:00,3,Maize,Mid-season,Clay,20.17,82.125,0.0,1.655,0.0,65.0,75.0,30.0,65.0,1.2,,,0.000409,0.000491,0.0,0.000491
2026-06-01 23:34:00,1,Tomato,Mid-season,Loam,20.16,82.14999999999999,0.0,1.6566666666666667,0.0,55.0,70.0,25.0,60.0,1.15,,,0.00039,0.000448,0.0,0.000448
2026-06-01 23:34:00,2,Wheat,Development,Sandy,20.16,82.14999999999999,0.0,1.6566666666666667,0.0,42.0,60.0,18.0,55.0,0.85,,,0.00039,0.000332,0.0,0.000332
2026-06-01 23:34:00,3,Maize,Mid-season,Clay,20.16,82.14999999999999,0.0,1.6566666666666667,0.0,65.0,75.0,30.0,65.0,1.2,,,0.00039,0.000468,0.0,0.000468
2026-06-01 23:35:00,1,Tomato,Mid-season,Loam,20.15,82.175,0.0,1.6583333333333334,0.0,55.0,70.0,25.0,60.0,1.15,,,0.000234,0.000269,0.0,0.000269
2026-06-01 23:35:00,2,Wheat,Development,Sandy,20.15,82.175,0.0,1.6583333333333334,0.0,42.0,60.0,18.0,55.0,0.85,,,0.000234,0.000199,0.0,0.000199
2026-06-01 23:35:00,3,Maize,Mid-season,Clay,20.15,82.175,0.0,1.6583333333333334,0.0,65.0,75.0,30.0,65.0,1.2,,,0.000234,0.000281,0.0,0.000281
2026-06-01 23:36:00,1,Tomato,Mid-season,Loam,20.14,82.2,0.0,1.66,0.0,55.0,70.0,25.0,60.0,1.15,,,0.000461,0.00053,0.0,0.00053
2026-06-01 23:36:00,2,Wheat,Development,Sandy,20.14,82.2,0.0,1.66,0.0,42.0,60.0,18.0,55.0,0.85,,,0.000461,0.000392,0.0,0.000392
2026-06-01 23:36:00,3,Maize,Mid-season,Clay,20.14,82.2,0.0,1.66,0.0,65.0,75.0,30.0,65.0,1.2,,,0.000461,0.000553,0.0,0.000553
2026-06-01 23:37:00,1,Tomato,Mid-season,Loam,20.13,82.225,0.0,1.6616666666666666,0.0,55.0,70.0,25.0,60.0,1.15,,,0.000464,0.000534,0.0,0.000534
2026-06-01 23:37:00,2,Wheat,Development,Sandy,20.13,82.225,0.0,1.6616666666666666,0.0,42.0,60.0,18.0,55.0,0.85,,,0.000464,0.000394,0.0,0.000394
2026-06-01 23:37:00,3,Maize,Mid-season,Clay,20.13,82.225,0.0,1.6616666666666666,0.0,65.0,75.0,30.0,65.0,1.2,,,0.000464,0.000557,0.0,0.000557
2026-06-01 23:38:00,1,Tomato,Mid-season,Loam,20.12,82.25,0.0,1.663333333333333,0.0,55.0,70.0,25.0,60.0,1.15,,,0.000236,0.000271,0.0,0.000271
2026-06-01 23:38:00,2,Wheat,Development,Sandy,20.12,82.25,0.0,1.663333333333333,0.0,42.0,60.0,18.0,55.0,0.85,,,0.000236,0.000201,0.0,0.000201
2026-06-01 23:38:00,3,Maize,Mid-season,Clay,20.12,82.25,0.0,1.663333333333333,0.0,65.0,75.0,30.0,65.0,1.2,,,0.000236,0.000283,0.0,0.000283
2026-06-01 23:39:00,1,Tomato,Mid-season,Loam,20.11,82.27499999999999,0.0,1.665,0.0,55.0,70.0,25.0,60.0,1.15,,,0.000474,0.000545,0.0,0.000545
2026-06-01 23:39:00,2,Wheat,Development,Sandy,20.11,82.27499999999999,0.0,1.665,0.0,42.0,60.0,18.0,55.0,0.85,,,0.000474,0.000403,0.0,0.000403
2026-06-01 23:39:00,3,Maize,Mid-season,Clay,20.11,82.27499999999999,0.0,1.665,0.0,65.0,75.0,30.0,65.0,1.2,,,0.000474,0.000569,0.0,0.000569
2026-06-01 23:40:00,1,Tomato,Mid-season,Loam,20.1,82.3,0.0,1.6666666666666667,0.0,55.0,70.0,25.0,60.0,1.15,,,0.000445,0.000512,0.0,0.000512
2026-06-01 23:40:00,2,Wheat,Development,Sandy,20.1,82.3,0.0,1.6666666666666667,0.0,42.0,60.0,18.0,55.0,0.85,,,0.000445,0.000378,0.0,0.000378
2026-06-01 23:40:00,3,Maize,Mid-season,Clay,20.1,82.3,0.0,1.6666666666666667,0.0,65.0,75.0,30.0,65.0,1.2,,,0.000445,0.000534,0.0,0.000534
2026-06-01 23:41:00,1,Tomato,Mid-season,Loam,20.09,82.325,0.0,1.6683333333333334,0.0,55.0,70.0,25.0,60.0,1.15,,,0.000447,0.000514,0.0,0.000514
2026-06-01 23:41:00,2,Wheat,Development,Sandy,20.09,82.325,0.0,1.6683333333333334,0.0,42.0,60.0,18.0,55.0,0.85,,,0.000447,0.00038,0.0,0.00038
2026-06-01 23:41:00,3,Maize,Mid-season,Clay,20.09,82.325,0.0,1.6683333333333334,0.0,65.0,75.0,30.0,65.0,1.2,,,0.000447,0.000536,0.0,0.000536
2026-06-01 23:42:00,1,Tomato,Mid-season,Loam,20.08,82.35,0.0,1.67,0.0,55.0,70.0,25.0,60.0,1.15,,,0.000432,0.000497,0.0,0.000497
2026-06-01 23:42:00,2,Wheat,Development,Sandy,20.08,82.35,0.0,1.67,0.0,42.0,60.0,18.0,55.0,0.85,,,0.000432,0.000367,0.0,0.000367
2026-06-01 23:42:00,3,Maize,Mid-season,Clay,20.08,82.35,0.0,1.67,0.0,65.0,75.0,30.0,65.0,1.2,,,0.000432,0.000518,0.0,0.000518
2026-06-01 23:43:00,1,Tomato,Mid-season,Loam,20.07,82.375,0.0,1.6716666666666666,0.0,55.0,70.0,25.0,60.0,1.15,,,0.000448,0.000515,0.0,0.000515
2026-06-01 23:43:00,2,Wheat,Development,Sandy,20.07,82.375,0.0,1.6716666666666666,0.0,42.0,60.0,18.0,55.0,0.85,,,0.000448,0.000381,0.0,0.000381
2026-06-01 23:43:00,3,Maize,Mid-season,Clay,20.07,82.375,0.0,1.6716666666666666,0.0,65.0,75.0,30.0,65.0,1.2,,,0.000448,0.000538,0.0,0.000538
2026-06-01 23:44:00,1,Tomato,Mid-season,Loam,20.06,82.39999999999999,0.0,1.6733333333333331,0.0,55.0,70.0,25.0,60.0,1.15,,,0.00041,0.000471,0.0,0.000471
2026-06-01 23:44:00,2,Wheat,Development,Sandy,20.06,82.39999999999999,0.0,1.6733333333333331,0.0,42.0,60.0,18.0,55.0,0.85,,,0.00041,0.000348,0.0,0.000348
2026-06-01 23:44:00,3,Maize,Mid-season,Clay,20.06,82.39999999999999,0.0,1.6733333333333331,0.0,65.0,75.0,30.0,65.0,1.2,,,0.00041,0.000492,0.0,0.000492
2026-06-01 23:45:00,1,Tomato,Mid-season,Loam,20.05,82.425,0.0,1.675,0.0,55.0,70.0,25.0,60.0,1.15,,,0.00042,0.000483,0.0,0.000483
2026-06-01 23:45:00,2,Wheat,Development,Sandy,20.05,82.425,0.0,1.675,0.0,42.0,60.0,18.0,55.0,0.85,,,0.00042,0.000357,0.0,0.000357
2026-06-01 23:45:00,3,Maize,Mid-season,Clay,20.05,82.425,0.0,1.675,0.0,65.0,75.0,30.0,65.0,1.2,,,0.00042,0.000504,0.0,0.000504
2026-06-01 23:46:00,1,Tomato,Mid-season,Loam,20.04,82.45,0.0,1.6766666666666667,0.0,55.0,70.0,25.0,60.0,1.15,,,0.000224,0.000258,0.0,0.000258
2026-06-01 23:46:00,2,Wheat,Development,Sandy,20.04,82.45,0.0,1.6766666666666667,0.0,42.0,60.0,18.0,55.0,0.85,,,0.000224,0.00019,0.0,0.00019
2026-06-01 23:46:00,3,Maize,Mid-season,Clay,20.04,82.45,0.0,1.6766666666666667,0.0,65.0,75.0,30.0,65.0,1.2,,,0.000224,0.000269,0.0,0.000269
2026-06-01 23:47:00,1,Tomato,Mid-season,Loam,20.03,82.475,0.0,1.6783333333333332,0.0,55.0,70.0,25.0,60.0,1.15,,,0.000229,0.000263,0.0,0.000263
2026-06-01 23:47:00,2,Wheat,Development,Sandy,20.03,82.475,0.0,1.6783333333333332,0.0,42.0,60.0,18.0,55.0,0.85,,,0.000229,0.000195,0.0,0.000195
2026-06-01 23:47:00,3,Maize,Mid-season,Clay,20.03,82.475,0.0,1.6783333333333332,0.0,65.0,75.0,30.0,65.0,1.2,,,0.000229,0.000275,0.0,0.000275
2026-06-01 23:48:00,1,Tomato,Mid-season,Loam,20.02,82.5,0.0,1.68,0.0,55.0,70.0,25.0,60.0,1.15,,,0.000302,0.000347,0.0,0.000347
2026-06-01 23:48:00,2,Wheat,Development,Sandy,20.02,82.5,0.0,1.68,0.0,42.0,60.0,18.0,55.0,0.85,,,0.000302,0.000257,0.0,0.000257
2026-06-01 23:48:00,3,Maize,Mid-season,Clay,20.02,82.5,0.0,1.68,0.0,65.0,75.0,30.0,65.0,1.2,,,0.000302,0.000362,0.0,0.000362
2026-06-01 23:49:00,1,Tomato,Mid-season,Loam,20.01,82.52499999999999,0.0,1.6816666666666666,0.0,55.0,70.0,25.0,60.0,1.15,,,0.000379,0.000436,0.0,0.000436
2026-06-01 23:49:00,2,Wheat,Development,Sandy,20.01,82.52499999999999,0.0,1.6816666666666666,0.0,42.0,60.0,18.0,55.0,0.85,,,0.000379,0.000322,0.0,0.000322
2026-06-01 23:49:00,3,Maize,Mid-season,Clay,20.01,82.52499999999999,0.0,1.6816666666666666,0.0,65.0,75.0,30.0,65.0,1.2,,,0.000379,0.000455,0.0,0.000455
2026-06-01 23:50:00,1,Tomato,Mid-season,Loam,20.0,82.55,0.0,1.6833333333333331,0.0,55.0,70.0,25.0,60.0,1.15,,,0.00037,0.000425,0.0,0.000425
2026-06-01 23:50:00,2,Wheat,Development,Sandy,20.0,82.55,0.0,1.6833333333333331,0.0,42.0,60.0,18.0,55.0,0.85,,,0.00037,0.000314,0.0,0.000314
2026-06-01 23:50:00,3,Maize,Mid-season,Clay,20.0,82.55,0.0,1.6833333333333331,0.0,65.0,75.0,30.0,65.0,1.2,,,0.00037,0.000444,0.0,0.000444
2026-06-01 23:51:00,1,Tomato,Mid-season,Loam,19.99,82.575,0.0,1.685,0.0,55.0,70.0,25.0,60.0,1.15,,,0.000356,0.000409,0.0,0.000409
2026-06-01 23:51:00,2,Wheat,Development,Sandy,19.99,82.575,0.0,1.685,0.0,42.0,60.0,18.0,55.0,0.85,,,0.000356,0.000303,0.0,0.000303
2026-06-01 23:51:00,3,Maize,Mid-season,Clay,19.99,82.575,0.0,1.685,0.0,65.0,75.0,30.0,65.0,1.2,,,0.000356,0.000427,0.0,0.000427
2026-06-01 23:52:00,1,Tomato,Mid-season,Loam,19.98,82.6,0.0,1.6866666666666663,0.0,55.0,70.0,25.0,60.0,1.15,,,0.000412,0.000474,0.0,0.000474
2026-06-01 23:52:00,2,Wheat,Development,Sandy,19.98,82.6,0.0,1.6866666666666663,0.0,42.0,60.0,18.0,55.0,0.85,,,0.000412,0.00035,0.0,0.00035
2026-06-01 23:52:00,3,Maize,Mid-season,Clay,19.98,82.6,0.0,1.6866666666666663,0.0,65.0,75.0,30.0,65.0,1.2,,,0.000412,0.000494,0.0,0.000494
2026-06-01 23:53:00,1,Tomato,Mid-season,Loam,19.97,82.625,0.0,1.6883333333333332,0.0,55.0,70.0,25.0,60.0,1.15,,,0.000397,0.000457,0.0,0.000457
2026-06-01 23:53:00,2,Wheat,Development,Sandy,19.97,82.625,0.0,1.6883333333333332,0.0,42.0,60.0,18.0,55.0,0.85,,,0.000397,0.000337,0.0,0.000337
2026-06-01 23:53:00,3,Maize,Mid-season,Clay,19.97,82.625,0.0,1.6883333333333332,0.0,65.0,75.0,30.0,65.0,1.2,,,0.000397,0.000476,0.0,0.000476
2026-06-01 23:54:00,1,Tomato,Mid-season,Loam,19.96,82.64999999999999,0.0,1.69,0.0,55.0,70.0,25.0,60.0,1.15,,,0.000272,0.000313,0.0,0.000313
2026-06-01 23:54:00,2,Wheat,Development,Sandy,19.96,82.64999999999999,0.0,1.69,0.0,42.0,60.0,18.0,55.0,0.85,,,0.000272,0.000231,0.0,0.000231
2026-06-01 23:54:00,3,Maize,Mid-season,Clay,19.96,82.64999999999999,0.0,1.69,0.0,65.0,75.0,30.0,65.0,1.2,,,0.000272,0.000326,0.0,0.000326
2026-06-01 23:55:00,1,Tomato,Mid-season,Loam,19.95,82.675,0.0,1.6916666666666669,0.0,55.0,70.0,25.0,60.0,1.15,,,0.00035,0.000402,0.0,0.000402
2026-06-01 23:55:00,2,Wheat,Development,Sandy,19.95,82.675,0.0,1.6916666666666669,0.0,42.0,60.0,18.0,55.0,0.85,,,0.00035,0.000297,0.0,0.000297
2026-06-01 23:55:00,3,Maize,Mid-season,Clay,19.95,82.675,0.0,1.6916666666666669,0.0,65.0,75.0,30.0,65.0,1.2,,,0.00035,0.00042,0.0,0.00042
2026-06-01 23:56:00,1,Tomato,Mid-season,Loam,19.94,82.7,0.0,1.6933333333333334,0.0,55.0,70.0,25.0,60.0,1.15,,,0.000254,0.000292,0.0,0.000292
2026-06-01 23:56:00,2,Wheat,Development,Sandy,19.94,82.7,0.0,1.6933333333333334,0.0,42.0,60.0,18.0,55.0,0.85,,,0.000254,0.000216,0.0,0.000216
2026-06-01 23:56:00,3,Maize,Mid-season,Clay,19.94,82.7,0.0,1.6933333333333334,0.0,65.0,75.0,30.0,65.0,1.2,,,0.000254,0.000305,0.0,0.000305
2026-06-01 23:57:00,1,Tomato,Mid-season,Loam,19.93,82.725,0.0,1.695,0.0,55.0,70.0,25.0,60.0,1.15,,,0.000286,0.000329,0.0,0.000329
2026-06-01 23:57:00,2,Wheat,Development,Sandy,19.93,82.725,0.0,1.695,0.0,42.0,60.0,18.0,55.0,0.85,,,0.000286,0.000243,0.0,0.000243
2026-06-01 23:57:00,3,Maize,Mid-season,Clay,19.93,82.725,0.0,1.695,0.0,65.0,75.0,30.0,65.0,1.2,,,0.000286,0.000343,0.0,0.000343
2026-06-01 23:58:00,1,Tomato,Mid-season,Loam,19.92,82.75,0.0,1.6966666666666663,0.0,55.0,70.0,25.0,60.0,1.15,,,0.000343,0.000394,0.0,0.000394
2026-06-01 23:58:00,2,Wheat,Development,Sandy,19.92,82.75,0.0,1.6966666666666663,0.0,42.0,60.0,18.0,55.0,0.85,,,0.000343,0.000292,0.0,0.000292
2026-06-01 23:58:00,3,Maize,Mid-season,Clay,19.92,82.75,0.0,1.6966666666666663,0.0,65.0,75.0,30.0,65.0,1.2,,,0.000343,0.000412,0.0,0.000412
2026-06-01 23:59:00,1,Tomato,Mid-season,Loam,19.91,82.77499999999999,0.0,1.6983333333333333,0.0,55.0,70.0,25.0,60.0,1.15,,,4.2e-05,4.8e-05,0.0,4.8e-05
2026-06-01 23:59:00,2,Wheat,Development,Sandy,19.91,82.77499999999999,0.0,1.6983333333333333,0.0,42.0,60.0,18.0,55.0,0.85,,,4.2e-05,3.6e-05,0.0,3.6e-05
2026-06-01 23:59:00,3,Maize,Mid-season,Clay,19.91,82.77499999999999,0.0,1.6983333333333333,0.0,65.0,75.0,30.0,65.0,1.2,,,4.2e-05,5e-05,0.0,5e-05
2026-06-02 00:00:00,1,Tomato,Mid-season,Loam,19.9,82.8,0.0,1.7,0.0,55.0,70.0,25.0,60.0,1.15,,,,,,
2026-06-02 00:00:00,2,Wheat,Development,Sandy,19.9,82.8,0.0,1.7,0.0,42.0,60.0,18.0,55.0,0.85,,,,,,
2026-06-02 00:00:00,3,Maize,Mid-season,Clay,19.9,82.8,0.0,1.7,0.0,65.0,75.0,30.0,65.0,1.2,,,,,,
