timestamp,zone_id,crop,soil_type,soil_moisture,soil_storage_mm,field_capacity,wilting_point,saturation,root_depth_m,rsm,target_moisture,moisture_error,rainfall,effective_rainfall,et0,etc,irrigation,infiltration,drainage,runoff,water_stress_indicator,water_balance_residual
2026-06-01 00:00:00,1,Tomato,Loam,55.0,384.9997,70.0,25.0,85.0,0.7,0.6667,60.0,5.0,0.0,0.0,0.000264,0.000304,0.0,0.0,0.0,0.0,0.0,0.0
2026-06-01 00:00:00,2,Wheat,Sandy,42.0,377.9998,60.0,18.0,78.0,0.9,0.5714,55.0,13.0,0.0,0.0,0.000264,0.000224,0.0,0.0,0.0,0.0,0.0,0.0
2026-06-01 00:00:00,3,Maize,Clay,65.0,649.9997,75.0,30.0,90.0,1.0,0.7778,65.0,0.0,0.0,0.0,0.000264,0.000317,0.0,0.0,0.0,0.0,0.0,0.0
2026-06-01 00:01:00,1,Tomato,Loam,54.9999,384.9994,70.0,25.0,85.0,0.7,0.6667,60.0,5.0001,0.0,0.0,0.000298,0.000343,0.0,0.0,0.0,0.0,0.0,0.0
2026-06-01 00:01:00,2,Wheat,Sandy,41.9999,377.9995,60.0,18.0,78.0,0.9,0.5714,55.0,13.0001,0.0,0.0,0.000298,0.000253,0.0,0.0,0.0,0.0,0.0,0.0
2026-06-01 00:01:00,3,Maize,Clay,64.9999,649.9993,75.0,30.0,90.0,1.0,0.7778,65.0,0.0001,0.0,0.0,0.000298,0.000358,0.0,0.0,0.0,0.0,0.0,0.0
2026-06-01 00:02:00,1,Tomato,Loam,54.9999,384.9992,70.0,25.0,85.0,0.7,0.6667,60.0,5.0001,0.0,0.0,0.000199,0.000229,0.0,0.0,0.0,0.0,0.0,0.0
2026-06-01 00:02:00,2,Wheat,Sandy,41.9999,377.9993,60.0,18.0,78.0,0.9,0.5714,55.0,13.0001,0.0,0.0,0.000199,0.000169,0.0,0.0,0.0,0.0,0.0,0.0
2026-06-01 00:02:00,3,Maize,Clay,64.9999,649.9991,75.0,30.0,90.0,1.0,0.7778,65.0,0.0001,0.0,0.0,0.000199,0.000239,0.0,0.0,0.0,0.0,0.0,0.0
2026-06-01 00:03:00,1,Tomato,Loam,54.9998,384.9988,70.0,25.0,85.0,0.7,0.6667,60.0,5.0002,0.0,0.0,0.000312,0.000359,0.0,0.0,0.0,0.0,0.0,0.0
2026-06-01 00:03:00,2,Wheat,Sandy,41.9999,377.999,60.0,18.0,78.0,0.9,0.5714,55.0,13.0001,0.0,0.0,0.000312,0.000265,0.0,0.0,0.0,0.0,0.0,0.0
2026-06-01 00:03:00,3,Maize,Clay,64.9999,649.9987,75.0,30.0,90.0,1.0,0.7778,65.0,0.0001,0.0,0.0,0.000312,0.000374,0.0,0.0,0.0,0.0,0.0,0.0
2026-06-01 00:04:00,1,Tomato,Loam,54.9998,384.9985,70.0,25.0,85.0,0.7,0.6667,60.0,5.0002,0.0,0.0,0.000218,0.000251,0.0,0.0,0.0,0.0,0.0,0.0
2026-06-01 00:04:00,2,Wheat,Sandy,41.9999,377.9988,60.0,18.0,78.0,0.9,0.5714,55.0,13.0001,0.0,0.0,0.000218,0.000185,0.0,0.0,0.0,0.0,0.0,0.0
2026-06-01 00:04:00,3,Maize,Clay,64.9998,649.9984,75.0,30.0,90.0,1.0,0.7778,65.0,0.0002,0.0,0.0,0.000218,0.000262,0.0,0.0,0.0,0.0,0.0,0.0
2026-06-01 00:05:00,1,Tomato,Loam,54.9997,384.9982,70.0,25.0,85.0,0.7,0.6667,60.0,5.0003,0.0,0.0,0.000251,0.000289,0.0,0.0,0.0,0.0,0.0,0.0
2026-06-01 00:05:00,2,Wheat,Sandy,41.9998,377.9986,60.0,18.0,78.0,0.9,0.5714,55.0,13.0002,0.0,0.0,0.000251,0.000213,0.0,0.0,0.0,0.0,0.0,0.0
2026-06-01 00:05:00,3,Maize,Clay,64.9998,649.9981,75.0,30.0,90.0,1.0,0.7778,65.0,0.0002,0.0,0.0,0.000251,0.000301,0.0,0.0,0.0,0.0,0.0,0.0
2026-06-01 00:06:00,1,Tomato,Loam,54.9997,384.9978,70.0,25.0,85.0,0.7,0.6667,60.0,5.0003,0.0,0.0,0.000366,0.000421,0.0,0.0,0.0,0.0,0.0,0.0
2026-06-01 00:06:00,2,Wheat,Sandy,41.9998,377.9983,60.0,18.0,78.0,0.9,0.5714,55.0,13.0002,0.0,0.0,0.000366,0.000311,0.0,0.0,0.0,0.0,0.0,0.0
2026-06-01 00:06:00,3,Maize,Clay,64.9998,649.9977,75.0,30.0,90.0,1.0,0.7778,65.0,0.0002,0.0,0.0,0.000366,0.000439,0.0,0.0,0.0,0.0,0.0,0.0
2026-06-01 00:07:00,1,Tomato,Loam,54.9996,384.9974,70.0,25.0,85.0,0.7,0.6667,60.0,5.0004,0.0,0.0,0.000322,0.00037,0.0,0.0,0.0,0.0,0.0,0.0
2026-06-01 00:07:00,2,Wheat,Sandy,41.9998,377.998,60.0,18.0,78.0,0.9,0.5714,55.0,13.0002,0.0,0.0,0.000322,0.000274,0.0,0.0,0.0,0.0,0.0,0.0
2026-06-01 00:07:00,3,Maize,Clay,64.9997,649.9973,75.0,30.0,90.0,1.0,0.7778,65.0,0.0003,0.0,0.0,0.000322,0.000386,0.0,0.0,0.0,0.0,0.0,0.0
2026-06-01 00:08:00,1,Tomato,Loam,54.9996,384.997,70.0,25.0,85.0,0.7,0.6667,60.0,5.0004,0.0,0.0,0.000336,0.000386,0.0,0.0,0.0,0.0,0.0,0.0
2026-06-01 00:08:00,2,Wheat,Sandy,41.9997,377.9977,60.0,18.0,78.0,0.9,0.5714,55.0,13.0003,0.0,0.0,0.000336,0.000286,0.0,0.0,0.0,0.0,0.0,0.0
2026-06-01 00:08:00,3,Maize,Clay,64.9997,649.9969,75.0,30.0,90.0,1.0,0.7778,65.0,0.0003,0.0,0.0,0.000336,0.000403,0.0,0.0,0.0,0.0,0.0,0.0
2026-06-01 00:09:00,1,Tomato,Loam,54.9995,384.9968,70.0,25.0,85.0,0.7,0.6667,60.0,5.0005,0.0,0.0,0.000156,0.000179,0.0,0.0,0.0,0.0,0.0,0.0
2026-06-01 00:09:00,2,Wheat,Sandy,41.9997,377.9976,60.0,18.0,78.0,0.9,0.5714,55.0,13.0003,0.0,0.0,0.000156,0.000133,0.0,0.0,0.0,0.0,0.0,0.0
2026-06-01 00:09:00,3,Maize,Clay,64.9997,649.9967,75.0,30.0,90.0,1.0,0.7778,65.0,0.0003,0.0,0.0,0.000156,0.000187,0.0,0.0,0.0,0.0,0.0,0.0
2026-06-01 00:10:00,1,Tomato,Loam,54.9995,384.9963,70.0,25.0,85.0,0.7,0.6667,60.0,5.0005,0.0,0.0,0.000434,0.000499,0.0,0.0,0.0,0.0,0.0,0.0
2026-06-01 00:10:00,2,Wheat,Sandy,41.9997,377.9972,60.0,18.0,78.0,0.9,0.5714,55.0,13.0003,0.0,0.0,0.000434,0.000369,0.0,0.0,0.0,0.0,0.0,0.0
2026-06-01 00:10:00,3,Maize,Clay,64.9996,649.9962,75.0,30.0,90.0,1.0,0.7778,65.0,0.0004,0.0,0.0,0.000434,0.000521,0.0,0.0,0.0,0.0,0.0,0.0
2026-06-01 00:11:00,1,Tomato,Loam,54.9994,384.9961,70.0,25.0,85.0,0.7,0.6667,60.0,5.0006,0.0,0.0,0.0002,0.00023,0.0,0.0,0.0,0.0,0.0,0.0
2026-06-01 00:11:00,2,Wheat,Sandy,41.9997,377.997,60.0,18.0,78.0,0.9,0.5714,55.0,13.0003,0.0,0.0,0.0002,0.00017,0.0,0.0,0.0,0.0,0.0,0.0
2026-06-01 00:11:00,3,Maize,Clay,64.9996,649.996,75.0,30.0,90.0,1.0,0.7778,65.0,0.0004,0.0,0.0,0.0002,0.00024,0.0,0.0,0.0,0.0,0.0,0.0
2026-06-01 00:12:00,1,Tomato,Loam,54.9994,384.9957,70.0,25.0,85.0,0.7,0.6667,60.0,5.0006,0.0,0.0,0.000385,0.000443,0.0,0.0,0.0,0.0,0.0,0.0
2026-06-01 00:12:00,2,Wheat,Sandy,41.9996,377.9967,60.0,18.0,78.0,0.9,0.5714,55.0,13.0004,0.0,0.0,0.000385,0.000327,0.0,0.0,0.0,0.0,0.0,0.0
2026-06-01 00:12:00,3,Maize,Clay,64.9996,649.9955,75.0,30.0,90.0,1.0,0.7778,65.0,0.0004,0.0,0.0,0.000385,0.000462,0.0,0.0,0.0,0.0,0.0,0.0
2026-06-01 00:13:00,1,Tomato,Loam,54.9993,384.9953,70.0,25.0,85.0,0.7,0.6667,60.0,5.0007,0.0,0.0,0.000369,0.000424,0.0,0.0,0.0,0.0,0.0,0.0
2026-06-01 00:13:00,2,Wheat,Sandy,41.9996,377.9964,60.0,18.0,78.0,0.9,0.5714,55.0,13.0004,0.0,0.0,0.000369,0.000314,0.0,0.0,0.0,0.0,0.0,0.0
2026-06-01 00:13:00,3,Maize,Clay,64.9995,649.9951,75.0,30.0,90.0,1.0,0.7778,65.0,0.0005,0.0,0.0,0.000369,0.000443,0.0,0.0,0.0,0.0,0.0,0.0
2026-06-01 00:14:00,1,Tomato,Loam,54.9993,384.9949,70.0,25.0,85.0,0.7,0.6667,60.0,5.0007,0.0,0.0,0.000327,0.000376,0.0,0.0,0.0,0.0,0.0,0.0
2026-06-01 00:14:00,2,Wheat,Sandy,41.9996,377.9961,60.0,18.0,78.0,0.9,0.5714,55.0,13.0004,0.0,0.0,0.000327,0.000278,0.0,0.0,0.0,0.0,0.0,0.0
2026-06-01 00:14:00,3,Maize,Clay,64.9995,649.9947,75.0,30.0,90.0,1.0,0.7778,65.0,0.0005,0.0,0.0,0.000327,0.000392,0.0,0.0,0.0,0.0,0.0,0.0
2026-06-01 00:15:00,1,Tomato,Loam,54.9992,384.9947,70.0,25.0,85.0,0.7,0.6666,60.0,5.0008,0.0,0.0,0.000215,0.000247,0.0,0.0,0.0,0.0,0.0,0.0
2026-06-01 00:15:00,2,Wheat,Sandy,41.9995,377.9959,60.0,18.0,78.0,0.9,0.5714,55.0,13.0005,0.0,0.0,0.000215,0.000183,0.0,0.0,0.0,0.0,0.0,0.0
2026-06-01 00:15:00,3,Maize,Clay,64.9994,649.9944,75.0,30.0,90.0,1.0,0.7778,65.0,0.0006,0.0,0.0,0.000215,0.000258,0.0,0.0,0.0,0.0,0.0,0.0
2026-06-01 00:16:00,1,Tomato,Loam,54.9992,384.9944,70.0,25.0,85.0,0.7,0.6666,60.0,5.0008,0.0,0.0,0.00027,0.00031,0.0,0.0,0.0,0.0,0.0,0.0
2026-06-01 00:16:00,2,Wheat,Sandy,41.9995,377.9957,60.0,18.0,78.0,0.9,0.5714,55.0,13.0005,0.0,0.0,0.00027,0.00023,0.0,0.0,0.0,0.0,0.0,0.0
2026-06-01 00:16:00,3,Maize,Clay,64.9994,649.9941,75.0,30.0,90.0,1.0,0.7778,65.0,0.0006,0.0,0.0,0.00027,0.000324,0.0,0.0,0.0,0.0,0.0,0.0
2026-06-01 00:17:00,1,Tomato,Loam,54.9992,384.9941,70.0,25.0,85.0,0.7,0.6666,60.0,5.0008,0.0,0.0,0.000224,0.000258,0.0,0.0,0.0,0.0,0.0,0.0
2026-06-01 00:17:00,2,Wheat,Sandy,41.9995,377.9955,60.0,18.0,78.0,0.9,0.5714,55.0,13.0005,0.0,0.0,0.000224,0.00019,0.0,0.0,0.0,0.0,0.0,0.0
2026-06-01 00:17:00,3,Maize,Clay,64.9994,649.9938,75.0,30.0,90.0,1.0,0.7778,65.0,0.0006,0.0,0.0,0.000224,0.000269,0.0,0.0,0.0,0.0,0.0,0.0
2026-06-01 00:18:00,1,Tomato,Loam,54.9991,384.9938,70.0,25.0,85.0,0.7,0.6666,60.0,5.0009,0.0,0.0,0.000283,0.000325,0.0,0.0,0.0,0.0,0.0,0.0
2026-06-01 00:18:00,2,Wheat,Sandy,41.9995,377.9953,60.0,18.0,78.0,0.9,0.5714,55.0,13.0005,0.0,0.0,0.000283,0.000241,0.0,0.0,0.0,0.0,0.0,0.0
2026-06-01 00:18:00,3,Maize,Clay,64.9993,649.9935,75.0,30.0,90.0,1.0,0.7778,65.0,0.0007,0.0,0.0,0.000283,0.00034,0.0,0.0,0.0,0.0,0.0,0.0
2026-06-01 00:19:00,1,Tomato,Loam,54.9991,384.9935,70.0,25.0,85.0,0.7,0.6666,60.0,5.0009,0.0,0.0,0.000235,0.00027,0.0,0.0,0.0,0.0,0.0,0.0
2026-06-01 00:19:00,2,Wheat,Sandy,41.9995,377.9951,60.0,18.0,78.0,0.9,0.5714,55.0,13.0005,0.0,0.0,0.000235,0.0002,0.0,0.0,0.0,0.0,0.0,0.0
2026-06-01 00:19:00,3,Maize,Clay,64.9993,649.9932,75.0,30.0,90.0,1.0,0.7778,65.0,0.0007,0.0,0.0,0.000235,0.000282,0.0,0.0,0.0,0.0,0.0,0.0
2026-06-01 00:20:00,1,Tomato,Loam,54.9991,384.9934,70.0,25.0,85.0,0.7,0.6666,60.0,5.0009,0.0,0.0,0.000119,0.000137,0.0,0.0,0.0,0.0,0.0,0.0
2026-06-01 00:20:00,2,Wheat,Sandy,41.9994,377.995,60.0,18.0,78.0,0.9,0.5714,55.0,13.0006,0.0,0.0,0.000119,0.000101,0.0,0.0,0.0,0.0,0.0,0.0
2026-06-01 00:20:00,3,Maize,Clay,64.9993,649.9931,75.0,30.0,90.0,1.0,0.7778,65.0,0.0007,0.0,0.0,0.000119,0.000143,0.0,0.0,0.0,0.0,0.0,0.0
2026-06-01 00:21:00,1,Tomato,Loam,54.999,384.993,70.0,25.0,85.0,0.7,0.6666,60.0,5.001,0.0,0.0,0.00034,0.000391,0.0,0.0,0.0,0.0,0.0,0.0
2026-06-01 00:21:00,2,Wheat,Sandy,41.9994,377.9947,60.0,18.0,78.0,0.9,0.5714,55.0,13.0006,0.0,0.0,0.00034,0.000289,0.0,0.0,0.0,0.0,0.0,0.0
2026-06-01 00:21:00,3,Maize,Clay,64.9993,649.9927,75.0,30.0,90.0,1.0,0.7778,65.0,0.0007,0.0,0.0,0.00034,0.000408,0.0,0.0,0.0,0.0,0.0,0.0
2026-06-01 00:22:00,1,Tomato,Loam,54.999,384.9927,70.0,25.0,85.0,0.7,0.6666,60.0,5.001,0.0,0.0,0.000246,0.000283,0.0,0.0,0.0,0.0,0.0,0.0
2026-06-01 00:22:00,2,Wheat,Sandy,41.9994,377.9945,60.0,18.0,78.0,0.9,0.5714,55.0,13.0006,0.0,0.0,0.000246,0.000209,0.0,0.0,0.0,0.0,0.0,0.0
2026-06-01 00:22:00,3,Maize,Clay,64.9992,649.9924,75.0,30.0,90.0,1.0,0.7778,65.0,0.0008,0.0,0.0,0.000246,0.000295,0.0,0.0,0.0,0.0,0.0,0.0
2026-06-01 00:23:00,1,Tomato,Loam,54.9989,384.9924,70.0,25.0,85.0,0.7,0.6666,60.0,5.0011,0.0,0.0,0.00022,0.000253,0.0,0.0,0.0,0.0,0.0,0.0
2026-06-01 00:23:00,2,Wheat,Sandy,41.9994,377.9943,60.0,18.0,78.0,0.9,0.5714,55.0,13.0006,0.0,0.0,0.00022,0.000187,0.0,0.0,0.0,0.0,0.0,0.0
2026-06-01 00:23:00,3,Maize,Clay,64.9992,649.9921,75.0,30.0,90.0,1.0,0.7778,65.0,0.0008,0.0,0.0,0.00022,0.000264,0.0,0.0,0.0,0.0,0.0,0.0
2026-06-01 00:24:00,1,Tomato,Loam,54.9989,384.9922,70.0,25.0,85.0,0.7,0.6666,60.0,5.0011,0.0,0.0,0.00021,0.000242,0.0,0.0,0.0,0.0,0.0,0.0
2026-06-01 00:24:00,2,Wheat,Sandy,41.9993,377.9941,60.0,18.0,78.0,0.9,0.5714,55.0,13.0007,0.0,0.0,0.00021,0.000178,0.0,0.0,0.0,0.0,0.0,0.0
2026-06-01 00:24:00,3,Maize,Clay,64.9992,649.9918,75.0,30.0,90.0,1.0,0.7778,65.0,0.0008,0.0,0.0,0.00021,0.000252,0.0,0.0,0.0,0.0,0.0,0.0
2026-06-01 00:25:00,1,Tomato,Loam,54.9988,384.9919,70.0,25.0,85.0,0.7,0.6666,60.0,5.0012,0.0,0.0,0.000264,0.000304,0.0,0.0,0.0,0.0,0.0,0.0
2026-06-01 00:25:00,2,Wheat,Sandy,41.9993,377.9939,60.0,18.0,78.0,0.9,0.5714,55.0,13.0007,0.0,0.0,0.000264,0.000224,0.0,0.0,0.0,0.0,0.0,0.0
2026-06-01 00:25:00,3,Maize,Clay,64.9991,649.9915,75.0,30.0,90.0,1.0,0.7778,65.0,0.0009,0.0,0.0,0.000264,0.000317,0.0,0.0,0.0,0.0,0.0,0.0
2026-06-01 00:26:00,1,Tomato,Loam,54.9988,384.9917,70.0,25.0,85.0,0.7,0.6666,60.0,5.0012,0.0,0.0,0.000176,0.000202,0.0,0.0,0.0,0.0,0.0,0.0
2026-06-01 00:26:00,2,Wheat,Sandy,41.9993,377.9937,60.0,18.0,78.0,0.9,0.5714,55.0,13.0007,0.0,0.0,0.000176,0.00015,0.0,0.0,0.0,0.0,0.0,0.0
2026-06-01 00:26:00,3,Maize,Clay,64.9991,649.9913,75.0,30.0,90.0,1.0,0.7778,65.0,0.0009,0.0,0.0,0.000176,0.000211,0.0,0.0,0.0,0.0,0.0,0.0
2026-06-01 00:27:00,1,Tomato,Loam,54.9988,384.9916,70.0,25.0,85.0,0.7,0.6666,60.0,5.0012,0.0,0.0,8.5e-05,9.8e-05,0.0,0.0,0.0,0.0,0.0,0.0
2026-06-01 00:27:00,2,Wheat,Sandy,41.9993,377.9936,60.0,18.0,78.0,0.9,0.5714,55.0,13.0007,0.0,0.0,8.5e-05,7.2e-05,0.0,0.0,0.0,0.0,0.0,0.0
2026-06-01 00:27:00,3,Maize,Clay,64.9991,649.9912,75.0,30.0,90.0,1.0,0.7778,65.0,0.0009,0.0,0.0,8.5e-05,0.000102,0.0,0.0,0.0,0.0,0.0,0.0
2026-06-01 00:28:00,1,Tomato,Loam,54.9988,384.9913,70.0,25.0,85.0,0.7,0.6666,60.0,5.0012,0.0,0.0,0.00028,0.000322,0.0,0.0,0.0,0.0,0.0,0.0
2026-06-01 00:28:00,2,Wheat,Sandy,41.9993,377.9934,60.0,18.0,78.0,0.9,0.5714,55.0,13.0007,0.0,0.0,0.00028,0.000238,0.0,0.0,0.0,0.0,0.0,0.0
2026-06-01 00:28:00,3,Maize,Clay,64.9991,649.9909,75.0,30.0,90.0,1.0,0.7778,65.0,0.0009,0.0,0.0,0.00028,0.000336,0.0,0.0,0.0,0.0,0.0,0.0
2026-06-01 00:29:00,1,Tomato,Loam,54.9987,384.991,70.0,25.0,85.0,0.7,0.6666,60.0,5.0013,0.0,0.0,0.000263,0.000302,0.0,0.0,0.0,0.0,0.0,0.0
2026-06-01 00:29:00,2,Wheat,Sandy,41.9992,377.9932,60.0,18.0,78.0,0.9,0.5714,55.0,13.0008,0.0,0.0,0.000263,0.000224,0.0,0.0,0.0,0.0,0.0,0.0
2026-06-01 00:29:00,3,Maize,Clay,64.9991,649.9906,75.0,30.0,90.0,1.0,0.7778,65.0,0.0009,0.0,0.0,0.000263,0.000316,0.0,0.0,0.0,0.0,0.0,0.0
2026-06-01 00:30:00,1,Tomato,Loam,54.9987,384.9907,70.0,25.0,85.0,0.7,0.6666,60.0,5.0013,0.0,0.0,0.000245,0.000282,0.0,0.0,0.0,0.0,0.0,0.0
2026-06-01 00:30:00,2,Wheat,Sandy,41.9992,377.993,60.0,18.0,78.0,0.9,0.5714,55.0,13.0008,0.0,0.0,0.000245,0.000208,0.0,0.0,0.0,0.0,0.0,0.0
2026-06-01 00:30:00,3,Maize,Clay,64.999,649.9903,75.0,30.0,90.0,1.0,0.7778,65.0,0.001,0.0,0.0,0.000245,0.000294,0.0,0.0,0.0,0.0,0.0,0.0
2026-06-01 00:31:00,1,Tomato,Loam,54.9986,384.9905,70.0,25.0,85.0,0.7,0.6666,60.0,5.0014,0.0,0.0,0.000131,0.000151,0.0,0.0,0.0,0.0,0.0,0.0
2026-06-01 00:31:00,2,Wheat,Sandy,41.9992,377.9929,60.0,18.0,78.0,0.9,0.5714,55.0,13.0008,0.0,0.0,0.000131,0.000111,0.0,0.0,0.0,0.0,0.0,0.0
2026-06-01 00:31:00,3,Maize,Clay,64.999,649.9901,75.0,30.0,90.0,1.0,0.7778,65.0,0.001,0.0,0.0,0.000131,0.000157,0.0,0.0,0.0,0.0,0.0,0.0
2026-06-01 00:32:00,1,Tomato,Loam,54.9986,384.9902,70.0,25.0,85.0,0.7,0.6666,60.0,5.0014,0.0,0.0,0.000225,0.000259,0.0,0.0,0.0,0.0,0.0,0.0
2026-06-01 00:32:00,2,Wheat,Sandy,41.9992,377.9927,60.0,18.0,78.0,0.9,0.5714,55.0,13.0008,0.0,0.0,0.000225,0.000191,0.0,0.0,0.0,0.0,0.0,0.0
2026-06-01 00:32:00,3,Maize,Clay,64.999,649.9898,75.0,30.0,90.0,1.0,0.7778,65.0,0.001,0.0,0.0,0.000225,0.00027,0.0,0.0,0.0,0.0,0.0,0.0
2026-06-01 00:33:00,1,Tomato,Loam,54.9986,384.99,70.0,25.0,85.0,0.7,0.6666,60.0,5.0014,0.0,0.0,0.000139,0.00016,0.0,0.0,0.0,0.0,0.0,0.0
2026-06-01 00:33:00,2,Wheat,Sandy,41.9992,377.9926,60.0,18.0,78.0,0.9,0.5714,55.0,13.0008,0.0,0.0,0.000139,0.000118,0.0,0.0,0.0,0.0,0.0,0.0
2026-06-01 00:33:00,3,Maize,Clay,64.999,649.9896,75.0,30.0,90.0,1.0,0.7778,65.0,0.001,0.0,0.0,0.000139,0.000167,0.0,0.0,0.0,0.0,0.0,0.0
2026-06-01 00:34:00,1,Tomato,Loam,54.9985,384.9898,70.0,25.0,85.0,0.7,0.6666,60.0,5.0015,0.0,0.0,0.000156,0.000179,0.0,0.0,0.0,0.0,0.0,0.0
2026-06-01 00:34:00,2,Wheat,Sandy,41.9992,377.9925,60.0,18.0,78.0,0.9,0.5714,55.0,13.0008,0.0,0.0,0.000156,0.000133,0.0,0.0,0.0,0.0,0.0,0.0
2026-06-01 00:34:00,3,Maize,Clay,64.9989,649.9894,75.0,30.0,90.0,1.0,0.7778,65.0,0.0011,0.0,0.0,0.000156,0.000187,0.0,0.0,0.0,0.0,0.0,0.0
2026-06-01 00:35:00,1,Tomato,Loam,54.9985,384.9896,70.0,25.0,85.0,0.7,0.6666,60.0,5.0015,0.0,0.0,0.000159,0.000183,0.0,0.0,0.0,0.0,0.0,0.0
2026-06-01 00:35:00,2,Wheat,Sandy,41.9992,377.9924,60.0,18.0,78.0,0.9,0.5714,55.0,13.0008,0.0,0.0,0.000159,0.000135,0.0,0.0,0.0,0.0,0.0,0.0
2026-06-01 00:35:00,3,Maize,Clay,64.9989,649.9892,75.0,30.0,90.0,1.0,0.7778,65.0,0.0011,0.0,0.0,0.000159,0.000191,0.0,0.0,0.0,0.0,0.0,0.0
2026-06-01 00:36:00,1,Tomato,Loam,54.9985,384.9893,70.0,25.0,85.0,0.7,0.6666,60.0,5.0015,0.0,0.0,0.000247,0.000284,0.0,0.0,0.0,0.0,0.0,0.0
2026-06-01 00:36:00,2,Wheat,Sandy,41.9991,377.9922,60.0,18.0,78.0,0.9,0.5714,55.0,13.0009,0.0,0.0,0.000247,0.00021,0.0,0.0,0.0,0.0,0.0,0.0
2026-06-01 00:36:00,3,Maize,Clay,64.9989,649.9889,75.0,30.0,90.0,1.0,0.7778,65.0,0.0011,0.0,0.0,0.000247,0.000296,0.0,0.0,0.0,0.0,0.0,0.0
2026-06-01 00:37:00,1,Tomato,Loam,54.9984,384.9891,70.0,25.0,85.0,0.7,0.6666,60.0,5.0016,0.0,0.0,0.000163,0.000187,0.0,0.0,0.0,0.0,0.0,0.0
2026-06-01 00:37:00,2,Wheat,Sandy,41.9991,377.9921,60.0,18.0,78.0,0.9,0.5714,55.0,13.0009,0.0,0.0,0.000163,0.000139,0.0,0.0,0.0,0.0,0.0,0.0
2026-06-01 00:37:00,3,Maize,Clay,64.9989,649.9887,75.0,30.0,90.0,1.0,0.7778,65.0,0.0011,0.0,0.0,0.000163,0.000196,0.0,0.0,0.0,0.0,0.0,0.0
2026-06-01 00:38:00,1,Tomato,Loam,54.9984,384.9889,70.0,25.0,85.0,0.7,0.6666,60.0,5.0016,0.0,0.0,0.000185,0.000213,0.0,0.0,0.0,0.0,0.0,0.0
2026-06-01 00:38:00,2,Wheat,Sandy,41.9991,377.9919,60.0,18.0,78.0,0.9,0.5714,55.0,13.0009,0.0,0.0,0.000185,0.000157,0.0,0.0,0.0,0.0,0.0,0.0
2026-06-01 00:38:00,3,Maize,Clay,64.9988,649.9885,75.0,30.0,90.0,1.0,0.7778,65.0,0.0012,0.0,0.0,0.000185,0.000222,0.0,0.0,0.0,0.0,0.0,0.0
2026-06-01 00:39:00,1,Tomato,Loam,54.9984,384.9885,70.0,25.0,85.0,0.7,0.6666,60.0,5.0016,0.0,0.0,0.000323,0.000371,0.0,0.0,0.0,0.0,0.0,0.0
2026-06-01 00:39:00,2,Wheat,Sandy,41.9991,377.9916,60.0,18.0,78.0,0.9,0.5714,55.0,13.0009,0.0,0.0,0.000323,0.000275,0.0,0.0,0.0,0.0,0.0,0.0
2026-06-01 00:39:00,3,Maize,Clay,64.9988,649.9881,75.0,30.0,90.0,1.0,0.7778,65.0,0.0012,0.0,0.0,0.000323,0.000388,0.0,0.0,0.0,0.0,0.0,0.0
2026-06-01 00:40:00,1,Tomato,Loam,54.9983,384.9882,70.0,25.0,85.0,0.7,0.6666,60.0,5.0017,0.0,0.0,0.000242,0.000278,0.0,0.0,0.0,0.0,0.0,0.0
2026-06-01 00:40:00,2,Wheat,Sandy,41.999,377.9914,60.0,18.0,78.0,0.9,0.5714,55.0,13.001,0.0,0.0,0.000242,0.000206,0.0,0.0,0.0,0.0,0.0,0.0
2026-06-01 00:40:00,3,Maize,Clay,64.9988,649.9878,75.0,30.0,90.0,1.0,0.7778,65.0,0.0012,0.0,0.0,0.000242,0.00029,0.0,0.0,0.0,0.0,0.0,0.0
2026-06-01 00:41:00,1,Tomato,Loam,54.9983,384.9879,70.0,25.0,85.0,0.7,0.6666,60.0,5.0017,0.0,0.0,0.000226,0.00026,0.0,0.0,0.0,0.0,0.0,0.0
2026-06-01 00:41:00,2,Wheat,Sandy,41.999,377.9912,60.0,18.0,78.0,0.9,0.5714,55.0,13.001,0.0,0.0,0.000226,0.000192,0.0,0.0,0.0,0.0,0.0,0.0
2026-06-01 00:41:00,3,Maize,Clay,64.9988,649.9875,75.0,30.0,90.0,1.0,0.7778,65.0,0.0012,0.0,0.0,0.000226,0.000271,0.0,0.0,0.0,0.0,0.0,0.0
2026-06-01 00:42:00,1,Tomato,Loam,54.9982,384.9877,70.0,25.0,85.0,0.7,0.6666,60.0,5.0018,0.0,0.0,0.000185,0.000213,0.0,0.0,0.0,0.0,0.0,0.0
2026-06-01 00:42:00,2,Wheat,Sandy,41.999,377.991,60.0,18.0,78.0,0.9,0.5714,55.0,13.001,0.0,0.0,0.000185,0.000157,0.0,0.0,0.0,0.0,0.0,0.0
2026-06-01 00:42:00,3,Maize,Clay,64.9987,649.9873,75.0,30.0,90.0,1.0,0.7777,65.0,0.0013,0.0,0.0,0.000185,0.000222,0.0,0.0,0.0,0.0,0.0,0.0
2026-06-01 00:43:00,1,Tomato,Loam,54.9982,384.9875,70.0,25.0,85.0,0.7,0.6666,60.0,5.0018,0.0,0.0,0.000169,0.000194,0.0,0.0,0.0,0.0,0.0,0.0
2026-06-01 00:43:00,2,Wheat,Sandy,41.999,377.9909,60.0,18.0,78.0,0.9,0.5714,55.0,13.001,0.0,0.0,0.000169,0.000144,0.0,0.0,0.0,0.0,0.0,0.0
2026-06-01 00:43:00,3,Maize,Clay,64.9987,649.9871,75.0,30.0,90.0,1.0,0.7777,65.0,0.0013,0.0,0.0,0.000169,0.000203,0.0,0.0,0.0,0.0,0.0,0.0
2026-06-01 00:44:00,1,Tomato,Loam,54.9982,384.9874,70.0,25.0,85.0,0.7,0.6666,60.0,5.0018,0.0,0.0,6e-05,6.9e-05,0.0,0.0,0.0,0.0,0.0,0.0
2026-06-01 00:44:00,2,Wheat,Sandy,41.999,377.9908,60.0,18.0,78.0,0.9,0.5714,55.0,13.001,0.0,0.0,6e-05,5.1e-05,0.0,0.0,0.0,0.0,0.0,0.0
2026-06-01 00:44:00,3,Maize,Clay,64.9987,649.987,75.0,30.0,90.0,1.0,0.7777,65.0,0.0013,0.0,0.0,6e-05,7.2e-05,0.0,0.0,0.0,0.0,0.0,0.0
2026-06-01 00:45:00,1,Tomato,Loam,54.9982,384.9871,70.0,25.0,85.0,0.7,0.6666,60.0,5.0018,0.0,0.0,0.000242,0.000278,0.0,0.0,0.0,0.0,0.0,0.0
2026-06-01 00:45:00,2,Wheat,Sandy,41.999,377.9906,60.0,18.0,78.0,0.9,0.5714,55.0,13.001,0.0,0.0,0.000242,0.000206,0.0,0.0,0.0,0.0,0.0,0.0
2026-06-01 00:45:00,3,Maize,Clay,64.9987,649.9867,75.0,30.0,90.0,1.0,0.7777,65.0,0.0013,0.0,0.0,0.000242,0.00029,0.0,0.0,0.0,0.0,0.0,0.0
2026-06-01 00:46:00,1,Tomato,Loam,54.9981,384.9868,70.0,25.0,85.0,0.7,0.6666,60.0,5.0019,0.0,0.0,0.000219,0.000252,0.0,0.0,0.0,0.0,0.0,0.0
2026-06-01 00:46:00,2,Wheat,Sandy,41.9989,377.9904,60.0,18.0,78.0,0.9,0.5714,55.0,13.0011,0.0,0.0,0.000219,0.000186,0.0,0.0,0.0,0.0,0.0,0.0
2026-06-01 00:46:00,3,Maize,Clay,64.9986,649.9864,75.0,30.0,90.0,1.0,0.7777,65.0,0.0014,0.0,0.0,0.000219,0.000263,0.0,0.0,0.0,0.0,0.0,0.0
2026-06-01 00:47:00,1,Tomato,Loam,54.9981,384.9866,70.0,25.0,85.0,0.7,0.6666,60.0,5.0019,0.0,0.0,0.000177,0.000204,0.0,0.0,0.0,0.0,0.0,0.0
2026-06-01 00:47:00,2,Wheat,Sandy,41.9989,377.9903,60.0,18.0,78.0,0.9,0.5714,55.0,13.0011,0.0,0.0,0.000177,0.00015,0.0,0.0,0.0,0.0,0.0,0.0
2026-06-01 00:47:00,3,Maize,Clay,64.9986,649.9862,75.0,30.0,90.0,1.0,0.7777,65.0,0.0014,0.0,0.0,0.000177,0.000212,0.0,0.0,0.0,0.0,0.0,0.0
2026-06-01 00:48:00,1,Tomato,Loam,54.9981,384.9864,70.0,25.0,85.0,0.7,0.6666,60.0,5.0019,0.0,0.0,0.0002,0.00023,0.0,0.0,0.0,0.0,0.0,0.0
2026-06-01 00:48:00,2,Wheat,Sandy,41.9989,377.9901,60.0,18.0,78.0,0.9,0.5714,55.0,13.0011,0.0,0.0,0.0002,0.00017,0.0,0.0,0.0,0.0,0.0,0.0
2026-06-01 00:48:00,3,Maize,Clay,64.9986,649.986,75.0,30.0,90.0,1.0,0.7777,65.0,0.0014,0.0,0.0,0.0002,0.00024,0.0,0.0,0.0,0.0,0.0,0.0
2026-06-01 00:49:00,1,Tomato,Loam,54.998,384.9861,70.0,25.0,85.0,0.7,0.6666,60.0,5.002,0.0,0.0,0.000232,0.000267,0.0,0.0,0.0,0.0,0.0,0.0
2026-06-01 00:49:00,2,Wheat,Sandy,41.9989,377.9899,60.0,18.0,78.0,0.9,0.5714,55.0,13.0011,0.0,0.0,0.000232,0.000197,0.0,0.0,0.0,0.0,0.0,0.0
2026-06-01 00:49:00,3,Maize,Clay,64.9986,649.9857,75.0,30.0,90.0,1.0,0.7777,65.0,0.0014,0.0,0.0,0.000232,0.000278,0.0,0.0,0.0,0.0,0.0,0.0
2026-06-01 00:50:00,1,Tomato,Loam,54.998,384.986,70.0,25.0,85.0,0.7,0.6666,60.0,5.002,0.0,0.0,9.3e-05,0.000107,0.0,0.0,0.0,0.0,0.0,0.0
2026-06-01 00:50:00,2,Wheat,Sandy,41.9989,377.9898,60.0,18.0,78.0,0.9,0.5714,55.0,13.0011,0.0,0.0,9.3e-05,7.9e-05,0.0,0.0,0.0,0.0,0.0,0.0
2026-06-01 00:50:00,3,Maize,Clay,64.9986,649.9856,75.0,30.0,90.0,1.0,0.7777,65.0,0.0014,0.0,0.0,9.3e-05,0.000112,0.0,0.0,0.0,0.0,0.0,0.0
2026-06-01 00:51:00,1,Tomato,Loam,54.998,384.9858,70.0,25.0,85.0,0.7,0.6666,60.0,5.002,0.0,0.0,0.000139,0.00016,0.0,0.0,0.0,0.0,0.0,0.0
2026-06-01 00:51:00,2,Wheat,Sandy,41.9989,377.9897,60.0,18.0,78.0,0.9,0.5714,55.0,13.0011,0.0,0.0,0.000139,0.000118,0.0,0.0,0.0,0.0,0.0,0.0
2026-06-01 00:51:00,3,Maize,Clay,64.9985,649.9854,75.0,30.0,90.0,1.0,0.7777,65.0,0.0015,0.0,0.0,0.000139,0.000167,0.0,0.0,0.0,0.0,0.0,0.0
2026-06-01 00:52:00,1,Tomato,Loam,54.998,384.9857,70.0,25.0,85.0,0.7,0.6666,60.0,5.002,0.0,0.0,8.4e-05,9.7e-05,0.0,0.0,0.0,0.0,0.0,0.0
2026-06-01 00:52:00,2,Wheat,Sandy,41.9988,377.9896,60.0,18.0,78.0,0.9,0.5714,55.0,13.0012,0.0,0.0,8.4e-05,7.1e-05,0.0,0.0,0.0,0.0,0.0,0.0
2026-06-01 00:52:00,3,Maize,Clay,64.9985,649.9853,75.0,30.0,90.0,1.0,0.7777,65.0,0.0015,0.0,0.0,8.4e-05,0.000101,0.0,0.0,0.0,0.0,0.0,0.0
2026-06-01 00:53:00,1,Tomato,Loam,54.9979,384.9854,70.0,25.0,85.0,0.7,0.6666,60.0,5.0021,0.0,0.0,0.000258,0.000297,0.0,0.0,0.0,0.0,0.0,0.0
2026-06-01 00:53:00,2,Wheat,Sandy,41.9988,377.9894,60.0,18.0,78.0,0.9,0.5714,55.0,13.0012,0.0,0.0,0.000258,0.000219,0.0,0.0,0.0,0.0,0.0,0.0
2026-06-01 00:53:00,3,Maize,Clay,64.9985,649.985,75.0,30.0,90.0,1.0,0.7777,65.0,0.0015,0.0,0.0,0.000258,0.00031,0.0,0.0,0.0,0.0,0.0,0.0
2026-06-01 00:54:00,1,Tomato,Loam,54.9979,384.9851,70.0,25.0,85.0,0.7,0.6666,60.0,5.0021,0.0,0.0,0.000227,0.000261,0.0,0.0,0.0,0.0,0.0,0.0
2026-06-01 00:54:00,2,Wheat,Sandy,41.9988,377.9892,60.0,18.0,78.0,0.9,0.5714,55.0,13.0012,0.0,0.0,0.000227,0.000193,0.0,0.0,0.0,0.0,0.0,0.0
2026-06-01 00:54:00,3,Maize,Clay,64.9985,649.9847,75.0,30.0,90.0,1.0,0.7777,65.0,0.0015,0.0,0.0,0.000227,0.000272,0.0,0.0,0.0,0.0,0.0,0.0
2026-06-01 00:55:00,1,Tomato,Loam,54.9979,384.985,70.0,25.0,85.0,0.7,0.6666,60.0,5.0021,0.0,0.0,5.2e-05,6e-05,0.0,0.0,0.0,0.0,0.0,0.0
2026-06-01 00:55:00,2,Wheat,Sandy,41.9988,377.9892,60.0,18.0,78.0,0.9,0.5714,55.0,13.0012,0.0,0.0,5.2e-05,4.4e-05,0.0,0.0,0.0,0.0,0.0,0.0
2026-06-01 00:55:00,3,Maize,Clay,64.9985,649.9846,75.0,30.0,90.0,1.0,0.7777,65.0,0.0015,0.0,0.0,5.2e-05,6.2e-05,0.0,0.0,0.0,0.0,0.0,0.0
2026-06-01 00:56:00,1,Tomato,Loam,54.9978,384.9849,70.0,25.0,85.0,0.7,0.6666,60.0,5.0022,0.0,0.0,8.9e-05,0.000102,0.0,0.0,0.0,0.0,0.0,0.0
2026-06-01 00:56:00,2,Wheat,Sandy,41.9988,377.9891,60.0,18.0,78.0,0.9,0.5714,55.0,13.0012,0.0,0.0,8.9e-05,7.6e-05,0.0,0.0,0.0,0.0,0.0,0.0
2026-06-01 00:56:00,3,Maize,Clay,64.9984,649.9845,75.0,30.0,90.0,1.0,0.7777,65.0,0.0016,0.0,0.0,8.9e-05,0.000107,0.0,0.0,0.0,0.0,0.0,0.0
2026-06-01 00:57:00,1,Tomato,Loam,54.9978,384.9847,70.0,25.0,85.0,0.7,0.6666,60.0,5.0022,0.0,0.0,0.000158,0.000182,0.0,0.0,0.0,0.0,0.0,0.0
2026-06-01 00:57:00,2,Wheat,Sandy,41.9988,377.989,60.0,18.0,78.0,0.9,0.5714,55.0,13.0012,0.0,0.0,0.000158,0.000134,0.0,0.0,0.0,0.0,0.0,0.0
2026-06-01 00:57:00,3,Maize,Clay,64.9984,649.9843,75.0,30.0,90.0,1.0,0.7777,65.0,0.0016,0.0,0.0,0.000158,0.00019,0.0,0.0,0.0,0.0,0.0,0.0
2026-06-01 00:58:00,1,Tomato,Loam,54.9978,384.9845,70.0,25.0,85.0,0.7,0.6666,60.0,5.0022,0.0,0.0,0.000132,0.000152,0.0,0.0,0.0,0.0,0.0,0.0
2026-06-01 00:58:00,2,Wheat,Sandy,41.9988,377.9889,60.0,18.0,78.0,0.9,0.5714,55.0,13.0012,0.0,0.0,0.000132,0.000112,0.0,0.0,0.0,0.0,0.0,0.0
2026-06-01 00:58:00,3,Maize,Clay,64.9984,649.9841,75.0,30.0,90.0,1.0,0.7777,65.0,0.0016,0.0,0.0,0.000132,0.000158,0.0,0.0,0.0,0.0,0.0,0.0
2026-06-01 00:59:00,1,Tomato,Loam,54.9978,384.9844,70.0,25.0,85.0,0.7,0.6666,60.0,5.0022,0.0,0.0,9.8e-05,0.000113,0.0,0.0,0.0,0.0,0.0,0.0
2026-06-01 00:59:00,2,Wheat,Sandy,41.9988,377.9888,60.0,18.0,78.0,0.9,0.5714,55.0,13.0012,0.0,0.0,9.8e-05,8.3e-05,0.0,0.0,0.0,0.0,0.0,0.0
2026-06-01 00:59:00,3,Maize,Clay,64.9984,649.984,75.0,30.0,90.0,1.0,0.7777,65.0,0.0016,0.0,0.0,9.8e-05,0.000118,0.0,0.0,0.0,0.0,0.0,0.0
2026-06-01 01:00:00,1,Tomato,Loam,54.9977,384.9841,70.0,25.0,85.0,0.7,0.6666,60.0,5.0023,0.0,0.0,0.000226,0.00026,0.0,0.0,0.0,0.0,0.0,0.0
2026-06-01 01:00:00,2,Wheat,Sandy,41.9987,377.9886,60.0,18.0,78.0,0.9,0.5714,55.0,13.0013,0.0,0.0,0.000226,0.000192,0.0,0.0,0.0,0.0,0.0,0.0
2026-06-01 01:00:00,3,Maize,Clay,64.9984,649.9837,75.0,30.0,90.0,1.0,0.7777,65.0,0.0016,0.0,0.0,0.000226,0.000271,0.0,0.0,0.0,0.0,0.0,0.0
2026-06-01 01:01:00,1,Tomato,Loam,54.9977,384.9839,70.0,25.0,85.0,0.7,0.6666,60.0,5.0023,0.0,0.0,0.000157,0.000181,0.0,0.0,0.0,0.0,0.0,0.0
2026-06-01 01:01:00,2,Wheat,Sandy,41.9987,377.9885,60.0,18.0,78.0,0.9,0.5714,55.0,13.0013,0.0,0.0,0.000157,0.000133,0.0,0.0,0.0,0.0,0.0,0.0
2026-06-01 01:01:00,3,Maize,Clay,64.9984,649.9835,75.0,30.0,90.0,1.0,0.7777,65.0,0.0016,0.0,0.0,0.000157,0.000188,0.0,0.0,0.0,0.0,0.0,0.0
2026-06-01 01:02:00,1,Tomato,Loam,54.9977,384.9837,70.0,25.0,85.0,0.7,0.6666,60.0,5.0023,0.0,0.0,0.000182,0.000209,0.0,0.0,0.0,0.0,0.0,0.0
2026-06-01 01:02:00,2,Wheat,Sandy,41.9987,377.9883,60.0,18.0,78.0,0.9,0.5714,55.0,13.0013,0.0,0.0,0.000182,0.000155,0.0,0.0,0.0,0.0,0.0,0.0
2026-06-01 01:02:00,3,Maize,Clay,64.9983,649.9833,75.0,30.0,90.0,1.0,0.7777,65.0,0.0017,0.0,0.0,0.000182,0.000218,0.0,0.0,0.0,0.0,0.0,0.0
2026-06-01 01:03:00,1,Tomato,Loam,54.9977,384.9836,70.0,25.0,85.0,0.7,0.6666,60.0,5.0023,0.0,0.0,0.000121,0.000139,0.0,0.0,0.0,0.0,0.0,0.0
2026-06-01 01:03:00,2,Wheat,Sandy,41.9987,377.9882,60.0,18.0,78.0,0.9,0.5714,55.0,13.0013,0.0,0.0,0.000121,0.000103,0.0,0.0,0.0,0.0,0.0,0.0
2026-06-01 01:03:00,3,Maize,Clay,64.9983,649.9832,75.0,30.0,90.0,1.0,0.7777,65.0,0.0017,0.0,0.0,0.000121,0.000145,0.0,0.0,0.0,0.0,0.0,0.0
2026-06-01 01:04:00,1,Tomato,Loam,54.9976,384.9834,70.0,25.0,85.0,0.7,0.6666,60.0,5.0024,0.0,0.0,0.0002,0.00023,0.0,0.0,0.0,0.0,0.0,0.0
2026-06-01 01:04:00,2,Wheat,Sandy,41.9987,377.988,60.0,18.0,78.0,0.9,0.5714,55.0,13.0013,0.0,0.0,0.0002,0.00017,0.0,0.0,0.0,0.0,0.0,0.0
2026-06-01 01:04:00,3,Maize,Clay,64.9983,649.983,75.0,30.0,90.0,1.0,0.7777,65.0,0.0017,0.0,0.0,0.0002,0.00024,0.0,0.0,0.0,0.0,0.0,0.0
2026-06-01 01:05:00,1,Tomato,Loam,54.9976,384.9832,70.0,25.0,85.0,0.7,0.6666,60.0,5.0024,0.0,0.0,0.000132,0.000152,0.0,0.0,0.0,0.0,0.0,0.0
2026-06-01 01:05:00,2,Wheat,Sandy,41.9987,377.9879,60.0,18.0,78.0,0.9,0.5714,55.0,13.0013,0.0,0.0,0.000132,0.000112,0.0,0.0,0.0,0.0,0.0,0.0
2026-06-01 01:05:00,3,Maize,Clay,64.9983,649.9828,75.0,30.0,90.0,1.0,0.7777,65.0,0.0017,0.0,0.0,0.000132,0.000158,0.0,0.0,0.0,0.0,0.0,0.0
2026-06-01 01:06:00,1,Tomato,Loam,54.9976,384.9831,70.0,25.0,85.0,0.7,0.6666,60.0,5.0024,0.0,0.0,0.000111,0.000128,0.0,0.0,0.0,0.0,0.0,0.0
2026-06-01 01:06:00,2,Wheat,Sandy,41.9986,377.9878,60.0,18.0,78.0,0.9,0.5714,55.0,13.0014,0.0,0.0,0.000111,9.4e-05,0.0,0.0,0.0,0.0,0.0,0.0
2026-06-01 01:06:00,3,Maize,Clay,64.9983,649.9827,75.0,30.0,90.0,1.0,0.7777,65.0,0.0017,0.0,0.0,0.000111,0.000133,0.0,0.0,0.0,0.0,0.0,0.0
2026-06-01 01:07:00,1,Tomato,Loam,54.9976,384.9829,70.0,25.0,85.0,0.7,0.6666,60.0,5.0024,0.0,0.0,0.00017,0.000196,0.0,0.0,0.0,0.0,0.0,0.0
2026-06-01 01:07:00,2,Wheat,Sandy,41.9986,377.9877,60.0,18.0,78.0,0.9,0.5714,55.0,13.0014,0.0,0.0,0.00017,0.000145,0.0,0.0,0.0,0.0,0.0,0.0
2026-06-01 01:07:00,3,Maize,Clay,64.9982,649.9825,75.0,30.0,90.0,1.0,0.7777,65.0,0.0018,0.0,0.0,0.00017,0.000204,0.0,0.0,0.0,0.0,0.0,0.0
2026-06-01 01:08:00,1,Tomato,Loam,54.9975,384.9828,70.0,25.0,85.0,0.7,0.6666,60.0,5.0025,0.0,0.0,4.9e-05,5.6e-05,0.0,0.0,0.0,0.0,0.0,0.0
2026-06-01 01:08:00,2,Wheat,Sandy,41.9986,377.9877,60.0,18.0,78.0,0.9,0.5714,55.0,13.0014,0.0,0.0,4.9e-05,4.2e-05,0.0,0.0,0.0,0.0,0.0,0.0
2026-06-01 01:08:00,3,Maize,Clay,64.9982,649.9824,75.0,30.0,90.0,1.0,0.7777,65.0,0.0018,0.0,0.0,4.9e-05,5.9e-05,0.0,0.0,0.0,0.0,0.0,0.0
2026-06-01 01:09:00,1,Tomato,Loam,54.9975,384.9826,70.0,25.0,85.0,0.7,0.6666,60.0,5.0025,0.0,0.0,0.00021,0.000242,0.0,0.0,0.0,0.0,0.0,0.0
2026-06-01 01:09:00,2,Wheat,Sandy,41.9986,377.9875,60.0,18.0,78.0,0.9,0.5714,55.0,13.0014,0.0,0.0,0.00021,0.000178,0.0,0.0,0.0,0.0,0.0,0.0
2026-06-01 01:09:00,3,Maize,Clay,64.9982,649.9821,75.0,30.0,90.0,1.0,0.7777,65.0,0.0018,0.0,0.0,0.00021,0.000252,0.0,0.0,0.0,0.0,0.0,0.0
2026-06-01 01:10:00,1,Tomato,Loam,54.9975,384.9824,70.0,25.0,85.0,0.7,0.6666,60.0,5.0025,0.0,0.0,0.00015,0.000172,0.0,0.0,0.0,0.0,0.0,0.0
2026-06-01 01:10:00,2,Wheat,Sandy,41.9986,377.9874,60.0,18.0,78.0,0.9,0.5714,55.0,13.0014,0.0,0.0,0.00015,0.000127,0.0,0.0,0.0,0.0,0.0,0.0
2026-06-01 01:10:00,3,Maize,Clay,64.9982,649.9819,75.0,30.0,90.0,1.0,0.7777,65.0,0.0018,0.0,0.0,0.00015,0.00018,0.0,0.0,0.0,0.0,0.0,0.0
2026-06-01 01:11:00,1,Tomato,Loam,54.9975,384.9822,70.0,25.0,85.0,0.7,0.6666,60.0,5.0025,0.0,0.0,0.000185,0.000213,0.0,0.0,0.0,0.0,0.0,0.0
2026-06-01 01:11:00,2,Wheat,Sandy,41.9986,377.9872,60.0,18.0,78.0,0.9,0.5714,55.0,13.0014,0.0,0.0,0.000185,0.000157,0.0,0.0,0.0,0.0,0.0,0.0
2026-06-01 01:11:00,3,Maize,Clay,64.9982,649.9817,75.0,30.0,90.0,1.0,0.7777,65.0,0.0018,0.0,0.0,0.000185,0.000222,0.0,0.0,0.0,0.0,0.0,0.0
2026-06-01 01:12:00,1,Tomato,Loam,54.9974,384.9821,70.0,25.0,85.0,0.7,0.6666,60.0,5.0026,0.0,0.0,6.8e-05,7.8e-05,0.0,0.0,0.0,0.0,0.0,0.0
2026-06-01 01:12:00,2,Wheat,Sandy,41.9986,377.9871,60.0,18.0,78.0,0.9,0.5714,55.0,13.0014,0.0,0.0,6.8e-05,5.8e-05,0.0,0.0,0.0,0.0,0.0,0.0
2026-06-01 01:12:00,3,Maize,Clay,64.9982,649.9816,75.0,30.0,90.0,1.0,0.7777,65.0,0.0018,0.0,0.0,6.8e-05,8.2e-05,0.0,0.0,0.0,0.0,0.0,0.0
2026-06-01 01:13:00,1,Tomato,Loam,54.9974,384.982,70.0,25.0,85.0,0.7,0.6666,60.0,5.0026,0.0,0.0,0.000107,0.000123,0.0,0.0,0.0,0.0,0.0,0.0
2026-06-01 01:13:00,2,Wheat,Sandy,41.9986,377.987,60.0,18.0,78.0,0.9,0.5714,55.0,13.0014,0.0,0.0,0.000107,9.1e-05,0.0,0.0,0.0,0.0,0.0,0.0
2026-06-01 01:13:00,3,Maize,Clay,64.9981,649.9815,75.0,30.0,90.0,1.0,0.7777,65.0,0.0019,0.0,0.0,0.000107,0.000128,0.0,0.0,0.0,0.0,0.0,0.0
2026-06-01 01:14:00,1,Tomato,Loam,54.9974,384.9819,70.0,25.0,85.0,0.7,0.6666,60.0,5.0026,0.0,0.0,8.7e-05,0.0001,0.0,0.0,0.0,0.0,0.0,0.0
2026-06-01 01:14:00,2,Wheat,Sandy,41.9985,377.9869,60.0,18.0,78.0,0.9,0.5714,55.0,13.0015,0.0,0.0,8.7e-05,7.4e-05,0.0,0.0,0.0,0.0,0.0,0.0
2026-06-01 01:14:00,3,Maize,Clay,64.9981,649.9814,75.0,30.0,90.0,1.0,0.7777,65.0,0.0019,0.0,0.0,8.7e-05,0.000104,0.0,0.0,0.0,0.0,0.0,0.0
2026-06-01 01:15:00,1,Tomato,Loam,54.9974,384.9817,70.0,25.0,85.0,0.7,0.6666,60.0,5.0026,0.0,0.0,0.000161,0.000185,0.0,0.0,0.0,0.0,0.0,0.0
2026-06-01 01:15:00,2,Wheat,Sandy,41.9985,377.9868,60.0,18.0,78.0,0.9,0.5714,55.0,13.0015,0.0,0.0,0.000161,0.000137,0.0,0.0,0.0,0.0,0.0,0.0
2026-06-01 01:15:00,3,Maize,Clay,64.9981,649.9812,75.0,30.0,90.0,1.0,0.7777,65.0,0.0019,0.0,0.0,0.000161,0.000193,0.0,0.0,0.0,0.0,0.0,0.0
2026-06-01 01:16:00,1,Tomato,Loam,54.9974,384.9816,70.0,25.0,85.0,0.7,0.6666,60.0,5.0026,0.0,0.0,0.000121,0.000139,0.0,0.0,0.0,0.0,0.0,0.0
2026-06-01 01:16:00,2,Wheat,Sandy,41.9985,377.9867,60.0,18.0,78.0,0.9,0.5714,55.0,13.0015,0.0,0.0,0.000121,0.000103,0.0,0.0,0.0,0.0,0.0,0.0
2026-06-01 01:16:00,3,Maize,Clay,64.9981,649.9811,75.0,30.0,90.0,1.0,0.7777,65.0,0.0019,0.0,0.0,0.000121,0.000145,0.0,0.0,0.0,0.0,0.0,0.0
2026-06-01 01:17:00,1,Tomato,Loam,54.9974,384.9815,70.0,25.0,85.0,0.7,0.6666,60.0,5.0026,0.0,0.0,9.9e-05,0.000114,0.0,0.0,0.0,0.0,0.0,0.0
2026-06-01 01:17:00,2,Wheat,Sandy,41.9985,377.9866,60.0,18.0,78.0,0.9,0.5714,55.0,13.0015,0.0,0.0,9.9e-05,8.4e-05,0.0,0.0,0.0,0.0,0.0,0.0
2026-06-01 01:17:00,3,Maize,Clay,64.9981,649.981,75.0,30.0,90.0,1.0,0.7777,65.0,0.0019,0.0,0.0,9.9e-05,0.000119,0.0,0.0,0.0,0.0,0.0,0.0
2026-06-01 01:18:00,1,Tomato,Loam,54.9973,384.9814,70.0,25.0,85.0,0.7,0.6666,60.0,5.0027,0.0,0.0,7e-05,8e-05,0.0,0.0,0.0,0.0,0.0,0.0
2026-06-01 01:18:00,2,Wheat,Sandy,41.9985,377.9865,60.0,18.0,78.0,0.9,0.5714,55.0,13.0015,0.0,0.0,7e-05,5.9e-05,0.0,0.0,0.0,0.0,0.0,0.0
2026-06-01 01:18:00,3,Maize,Clay,64.9981,649.9809,75.0,30.0,90.0,1.0,0.7777,65.0,0.0019,0.0,0.0,7e-05,8.4e-05,0.0,0.0,0.0,0.0,0.0,0.0
2026-06-01 01:19:00,1,Tomato,Loam,54.9973,384.9814,70.0,25.0,85.0,0.7,0.6666,60.0,5.0027,0.0,0.0,3.1e-05,3.6e-05,0.0,0.0,0.0,0.0,0.0,0.0
2026-06-01 01:19:00,2,Wheat,Sandy,41.9985,377.9865,60.0,18.0,78.0,0.9,0.5714,55.0,13.0015,0.0,0.0,3.1e-05,2.6e-05,0.0,0.0,0.0,0.0,0.0,0.0
2026-06-01 01:19:00,3,Maize,Clay,64.9981,649.9809,75.0,30.0,90.0,1.0,0.7777,65.0,0.0019,0.0,0.0,3.1e-05,3.7e-05,0.0,0.0,0.0,0.0,0.0,0.0
2026-06-01 01:20:00,1,Tomato,Loam,54.9973,384.9812,70.0,25.0,85.0,0.7,0.6666,60.0,5.0027,0.0,0.0,0.000133,0.000153,0.0,0.0,0.0,0.0,0.0,0.0
2026-06-01 01:20:00,2,Wheat,Sandy,41.9985,377.9864,60.0,18.0,78.0,0.9,0.5714,55.0,13.0015,0.0,0.0,0.000133,0.000113,0.0,0.0,0.0,0.0,0.0,0.0
2026-06-01 01:20:00,3,Maize,Clay,64.9981,649.9807,75.0,30.0,90.0,1.0,0.7777,65.0,0.0019,0.0,0.0,0.000133,0.00016,0.0,0.0,0.0,0.0,0.0,0.0
2026-06-01 01:21:00,1,Tomato,Loam,54.9973,384.9811,70.0,25.0,85.0,0.7,0.6666,60.0,5.0027,0.0,0.0,8.7e-05,0.0001,0.0,0.0,0.0,0.0,0.0,0.0
2026-06-01 01:21:00,2,Wheat,Sandy,41.9985,377.9863,60.0,18.0,78.0,0.9,0.5714,55.0,13.0015,0.0,0.0,8.7e-05,7.4e-05,0.0,0.0,0.0,0.0,0.0,0.0
2026-06-01 01:21:00,3,Maize,Clay,64.9981,649.9806,75.0,30.0,90.0,1.0,0.7777,65.0,0.0019,0.0,0.0,8.7e-05,0.000104,0.0,0.0,0.0,0.0,0.0,0.0
2026-06-01 01:22:00,1,Tomato,Loam,54.9973,384.981,70.0,25.0,85.0,0.7,0.6666,60.0,5.0027,0.0,0.0,7.4e-05,8.5e-05,0.0,0.0,0.0,0.0,0.0,0.0
2026-06-01 01:22:00,2,Wheat,Sandy,41.9985,377.9862,60.0,18.0,78.0,0.9,0.5714,55.0,13.0015,0.0,0.0,7.4e-05,6.3e-05,0.0,0.0,0.0,0.0,0.0,0.0
2026-06-01 01:22:00,3,Maize,Clay,64.9981,649.9805,75.0,30.0,90.0,1.0,0.7777,65.0,0.0019,0.0,0.0,7.4e-05,8.9e-05,0.0,0.0,0.0,0.0,0.0,0.0
2026-06-01 01:23:00,1,Tomato,Loam,54.9973,384.9808,70.0,25.0,85.0,0.7,0.6666,60.0,5.0027,0.0,0.0,0.000199,0.000229,0.0,0.0,0.0,0.0,0.0,0.0
2026-06-01 01:23:00,2,Wheat,Sandy,41.9984,377.986,60.0,18.0,78.0,0.9,0.5714,55.0,13.0016,0.0,0.0,0.000199,0.000169,0.0,0.0,0.0,0.0,0.0,0.0
2026-06-01 01:23:00,3,Maize,Clay,64.998,649.9803,75.0,30.0,90.0,1.0,0.7777,65.0,0.002,0.0,0.0,0.000199,0.000239,0.0,0.0,0.0,0.0,0.0,0.0
2026-06-01 01:24:00,1,Tomato,Loam,54.9972,384.9807,70.0,25.0,85.0,0.7,0.6666,60.0,5.0028,0.0,0.0,9.5e-05,0.000109,0.0,0.0,0.0,0.0,0.0,0.0
2026-06-01 01:24:00,2,Wheat,Sandy,41.9984,377.9859,60.0,18.0,78.0,0.9,0.5714,55.0,13.0016,0.0,0.0,9.5e-05,8.1e-05,0.0,0.0,0.0,0.0,0.0,0.0
2026-06-01 01:24:00,3,Maize,Clay,64.998,649.9802,75.0,30.0,90.0,1.0,0.7777,65.0,0.002,0.0,0.0,9.5e-05,0.000114,0.0,0.0,0.0,0.0,0.0,0.0
2026-06-01 01:25:00,1,Tomato,Loam,54.9972,384.9805,70.0,25.0,85.0,0.7,0.6666,60.0,5.0028,0.0,0.0,0.0002,0.00023,0.0,0.0,0.0,0.0,0.0,0.0
2026-06-01 01:25:00,2,Wheat,Sandy,41.9984,377.9857,60.0,18.0,78.0,0.9,0.5714,55.0,13.0016,0.0,0.0,0.0002,0.00017,0.0,0.0,0.0,0.0,0.0,0.0
2026-06-01 01:25:00,3,Maize,Clay,64.998,649.98,75.0,30.0,90.0,1.0,0.7777,65.0,0.002,0.0,0.0,0.0002,0.00024,0.0,0.0,0.0,0.0,0.0,0.0
2026-06-01 01:26:00,1,Tomato,Loam,54.9972,384.9804,70.0,25.0,85.0,0.7,0.6666,60.0,5.0028,0.0,0.0,6.2e-05,7.1e-05,0.0,0.0,0.0,0.0,0.0,0.0
2026-06-01 01:26:00,2,Wheat,Sandy,41.9984,377.9856,60.0,18.0,78.0,0.9,0.5714,55.0,13.0016,0.0,0.0,6.2e-05,5.3e-05,0.0,0.0,0.0,0.0,0.0,0.0
2026-06-01 01:26:00,3,Maize,Clay,64.998,649.9799,75.0,30.0,90.0,1.0,0.7777,65.0,0.002,0.0,0.0,6.2e-05,7.4e-05,0.0,0.0,0.0,0.0,0.0,0.0
2026-06-01 01:27:00,1,Tomato,Loam,54.9972,384.9803,70.0,25.0,85.0,0.7,0.6666,60.0,5.0028,0.0,0.0,0.000128,0.000147,0.0,0.0,0.0,0.0,0.0,0.0
2026-06-01 01:27:00,2,Wheat,Sandy,41.9984,377.9855,60.0,18.0,78.0,0.9,0.5714,55.0,13.0016,0.0,0.0,0.000128,0.000109,0.0,0.0,0.0,0.0,0.0,0.0
2026-06-01 01:27:00,3,Maize,Clay,64.998,649.9797,75.0,30.0,90.0,1.0,0.7777,65.0,0.002,0.0,0.0,0.000128,0.000154,0.0,0.0,0.0,0.0,0.0,0.0
2026-06-01 01:28:00,1,Tomato,Loam,54.9972,384.9802,70.0,25.0,85.0,0.7,0.6666,60.0,5.0028,0.0,0.0,8.6e-05,9.9e-05,0.0,0.0,0.0,0.0,0.0,0.0
2026-06-01 01:28:00,2,Wheat,Sandy,41.9984,377.9854,60.0,18.0,78.0,0.9,0.5714,55.0,13.0016,0.0,0.0,8.6e-05,7.3e-05,0.0,0.0,0.0,0.0,0.0,0.0
2026-06-01 01:28:00,3,Maize,Clay,64.998,649.9796,75.0,30.0,90.0,1.0,0.7777,65.0,0.002,0.0,0.0,8.6e-05,0.000103,0.0,0.0,0.0,0.0,0.0,0.0
2026-06-01 01:29:00,1,Tomato,Loam,54.9972,384.9802,70.0,25.0,85.0,0.7,0.6666,60.0,5.0028,0.0,0.0,1.6e-05,1.8e-05,0.0,0.0,0.0,0.0,0.0,0.0
2026-06-01 01:29:00,2,Wheat,Sandy,41.9984,377.9854,60.0,18.0,78.0,0.9,0.5714,55.0,13.0016,0.0,0.0,1.6e-05,1.4e-05,0.0,0.0,0.0,0.0,0.0,0.0
2026-06-01 01:29:00,3,Maize,Clay,64.998,649.9796,75.0,30.0,90.0,1.0,0.7777,65.0,0.002,0.0,0.0,1.6e-05,1.9e-05,0.0,0.0,0.0,0.0,0.0,0.0
2026-06-01 01:30:00,1,Tomato,Loam,54.9971,384.98,70.0,25.0,85.0,0.7,0.6666,60.0,5.0029,0.0,0.0,0.000167,0.000192,0.0,0.0,0.0,0.0,0.0,0.0
2026-06-01 01:30:00,2,Wheat,Sandy,41.9984,377.9853,60.0,18.0,78.0,0.9,0.5714,55.0,13.0016,0.0,0.0,0.000167,0.000142,0.0,0.0,0.0,0.0,0.0,0.0
2026-06-01 01:30:00,3,Maize,Clay,64.9979,649.9794,75.0,30.0,90.0,1.0,0.7777,65.0,0.0021,0.0,0.0,0.000167,0.0002,0.0,0.0,0.0,0.0,0.0,0.0
2026-06-01 01:31:00,1,Tomato,Loam,54.9971,384.9799,70.0,25.0,85.0,0.7,0.6666,60.0,5.0029,0.0,0.0,9.3e-05,0.000107,0.0,0.0,0.0,0.0,0.0,0.0
2026-06-01 01:31:00,2,Wheat,Sandy,41.9984,377.9852,60.0,18.0,78.0,0.9,0.5714,55.0,13.0016,0.0,0.0,9.3e-05,7.9e-05,0.0,0.0,0.0,0.0,0.0,0.0
2026-06-01 01:31:00,3,Maize,Clay,64.9979,649.9793,75.0,30.0,90.0,1.0,0.7777,65.0,0.0021,0.0,0.0,9.3e-05,0.000112,0.0,0.0,0.0,0.0,0.0,0.0
2026-06-01 01:32:00,1,Tomato,Loam,54.9971,384.9797,70.0,25.0,85.0,0.7,0.6666,60.0,5.0029,0.0,0.0,0.000133,0.000153,0.0,0.0,0.0,0.0,0.0,0.0
2026-06-01 01:32:00,2,Wheat,Sandy,41.9983,377.9851,60.0,18.0,78.0,0.9,0.5714,55.0,13.0017,0.0,0.0,0.000133,0.000113,0.0,0.0,0.0,0.0,0.0,0.0
2026-06-01 01:32:00,3,Maize,Clay,64.9979,649.9791,75.0,30.0,90.0,1.0,0.7777,65.0,0.0021,0.0,0.0,0.000133,0.00016,0.0,0.0,0.0,0.0,0.0,0.0
2026-06-01 01:33:00,1,Tomato,Loam,54.9971,384.9796,70.0,25.0,85.0,0.7,0.6666,60.0,5.0029,0.0,0.0,6.4e-05,7.4e-05,0.0,0.0,0.0,0.0,0.0,0.0
2026-06-01 01:33:00,2,Wheat,Sandy,41.9983,377.985,60.0,18.0,78.0,0.9,0.5714,55.0,13.0017,0.0,0.0,6.4e-05,5.4e-05,0.0,0.0,0.0,0.0,0.0,0.0
2026-06-01 01:33:00,3,Maize,Clay,64.9979,649.979,75.0,30.0,90.0,1.0,0.7777,65.0,0.0021,0.0,0.0,6.4e-05,7.7e-05,0.0,0.0,0.0,0.0,0.0,0.0
2026-06-01 01:34:00,1,Tomato,Loam,54.9971,384.9795,70.0,25.0,85.0,0.7,0.6666,60.0,5.0029,0.0,0.0,7e-05,8e-05,0.0,0.0,0.0,0.0,0.0,0.0
2026-06-01 01:34:00,2,Wheat,Sandy,41.9983,377.9849,60.0,18.0,78.0,0.9,0.5714,55.0,13.0017,0.0,0.0,7e-05,5.9e-05,0.0,0.0,0.0,0.0,0.0,0.0
2026-06-01 01:34:00,3,Maize,Clay,64.9979,649.9789,75.0,30.0,90.0,1.0,0.7777,65.0,0.0021,0.0,0.0,7e-05,8.4e-05,0.0,0.0,0.0,0.0,0.0,0.0
2026-06-01 01:35:00,1,Tomato,Loam,54.9971,384.9795,70.0,25.0,85.0,0.7,0.6666,60.0,5.0029,0.0,0.0,3.4e-05,3.9e-05,0.0,0.0,0.0,0.0,0.0,0.0
2026-06-01 01:35:00,2,Wheat,Sandy,41.9983,377.9849,60.0,18.0,78.0,0.9,0.5714,55.0,13.0017,0.0,0.0,3.4e-05,2.9e-05,0.0,0.0,0.0,0.0,0.0,0.0
2026-06-01 01:35:00,3,Maize,Clay,64.9979,649.9789,75.0,30.0,90.0,1.0,0.7777,65.0,0.0021,0.0,0.0,3.4e-05,4.1e-05,0.0,0.0,0.0,0.0,0.0,0.0
2026-06-01 01:36:00,1,Tomato,Loam,54.997,384.9793,70.0,25.0,85.0,0.7,0.6666,60.0,5.003,0.0,0.0,0.000148,0.00017,0.0,0.0,0.0,0.0,0.0,0.0
2026-06-01 01:36:00,2,Wheat,Sandy,41.9983,377.9848,60.0,18.0,78.0,0.9,0.5714,55.0,13.0017,0.0,0.0,0.000148,0.000126,0.0,0.0,0.0,0.0,0.0,0.0
2026-06-01 01:36:00,3,Maize,Clay,64.9979,649.9787,75.0,30.0,90.0,1.0,0.7777,65.0,0.0021,0.0,0.0,0.000148,0.000178,0.0,0.0,0.0,0.0,0.0,0.0
2026-06-01 01:37:00,1,Tomato,Loam,54.997,384.9792,70.0,25.0,85.0,0.7,0.6666,60.0,5.003,0.0,0.0,9.9e-05,0.000114,0.0,0.0,0.0,0.0,0.0,0.0
2026-06-01 01:37:00,2,Wheat,Sandy,41.9983,377.9847,60.0,18.0,78.0,0.9,0.5714,55.0,13.0017,0.0,0.0,9.9e-05,8.4e-05,0.0,0.0,0.0,0.0,0.0,0.0
2026-06-01 01:37:00,3,Maize,Clay,64.9979,649.9786,75.0,30.0,90.0,1.0,0.7777,65.0,0.0021,0.0,0.0,9.9e-05,0.000119,0.0,0.0,0.0,0.0,0.0,0.0
2026-06-01 01:38:00,1,Tomato,Loam,54.997,384.9791,70.0,25.0,85.0,0.7,0.6666,60.0,5.003,0.0,0.0,0.000118,0.000136,0.0,0.0,0.0,0.0,0.0,0.0
2026-06-01 01:38:00,2,Wheat,Sandy,41.9983,377.9846,60.0,18.0,78.0,0.9,0.5714,55.0,13.0017,0.0,0.0,0.000118,0.0001,0.0,0.0,0.0,0.0,0.0,0.0
2026-06-01 01:38:00,3,Maize,Clay,64.9978,649.9785,75.0,30.0,90.0,1.0,0.7777,65.0,0.0022,0.0,0.0,0.000118,0.000142,0.0,0.0,0.0,0.0,0.0,0.0
2026-06-01 01:39:00,1,Tomato,Loam,54.997,384.979,70.0,25.0,85.0,0.7,0.6666,60.0,5.003,0.0,0.0,0.000116,0.000133,0.0,0.0,0.0,0.0,0.0,0.0
2026-06-01 01:39:00,2,Wheat,Sandy,41.9983,377.9845,60.0,18.0,78.0,0.9,0.5714,55.0,13.0017,0.0,0.0,0.000116,9.9e-05,0.0,0.0,0.0,0.0,0.0,0.0
2026-06-01 01:39:00,3,Maize,Clay,64.9978,649.9784,75.0,30.0,90.0,1.0,0.7777,65.0,0.0022,0.0,0.0,0.000116,0.000139,0.0,0.0,0.0,0.0,0.0,0.0
2026-06-01 01:40:00,1,Tomato,Loam,54.997,384.9788,70.0,25.0,85.0,0.7,0.6666,60.0,5.003,0.0,0.0,0.000138,0.000159,0.0,0.0,0.0,0.0,0.0,0.0
2026-06-01 01:40:00,2,Wheat,Sandy,41.9983,377.9844,60.0,18.0,78.0,0.9,0.5714,55.0,13.0017,0.0,0.0,0.000138,0.000117,0.0,0.0,0.0,0.0,0.0,0.0
2026-06-01 01:40:00,3,Maize,Clay,64.9978,649.9782,75.0,30.0,90.0,1.0,0.7777,65.0,0.0022,0.0,0.0,0.000138,0.000166,0.0,0.0,0.0,0.0,0.0,0.0
2026-06-01 01:41:00,1,Tomato,Loam,54.997,384.9787,70.0,25.0,85.0,0.7,0.6666,60.0,5.003,0.0,0.0,0.000117,0.000135,0.0,0.0,0.0,0.0,0.0,0.0
2026-06-01 01:41:00,2,Wheat,Sandy,41.9983,377.9843,60.0,18.0,78.0,0.9,0.5714,55.0,13.0017,0.0,0.0,0.000117,9.9e-05,0.0,0.0,0.0,0.0,0.0,0.0
2026-06-01 01:41:00,3,Maize,Clay,64.9978,649.9781,75.0,30.0,90.0,1.0,0.7777,65.0,0.0022,0.0,0.0,0.000117,0.00014,0.0,0.0,0.0,0.0,0.0,0.0
2026-06-01 01:42:00,1,Tomato,Loam,54.997,384.9787,70.0,25.0,85.0,0.7,0.6666,60.0,5.003,0.0,0.0,1e-05,1.2e-05,0.0,0.0,0.0,0.0,0.0,0.0
2026-06-01 01:42:00,2,Wheat,Sandy,41.9983,377.9843,60.0,18.0,78.0,0.9,0.5714,55.0,13.0017,0.0,0.0,1e-05,8e-06,0.0,0.0,0.0,0.0,0.0,0.0
2026-06-01 01:42:00,3,Maize,Clay,64.9978,649.9781,75.0,30.0,90.0,1.0,0.7777,65.0,0.0022,0.0,0.0,1e-05,1.2e-05,0.0,0.0,0.0,0.0,0.0,0.0
2026-06-01 01:43:00,1,Tomato,Loam,54.9969,384.9786,70.0,25.0,85.0,0.7,0.6666,60.0,5.0031,0.0,0.0,4.9e-05,5.6e-05,0.0,0.0,0.0,0.0,0.0,0.0
2026-06-01 01:43:00,2,Wheat,Sandy,41.9983,377.9843,60.0,18.0,78.0,0.9,0.5714,55.0,13.0017,0.0,0.0,4.9e-05,4.2e-05,0.0,0.0,0.0,0.0,0.0,0.0
2026-06-01 01:43:00,3,Maize,Clay,64.9978,649.978,75.0,30.0,90.0,1.0,0.7777,65.0,0.0022,0.0,0.0,4.9e-05,5.9e-05,0.0,0.0,0.0,0.0,0.0,0.0
2026-06-01 01:44:00,1,Tomato,Loam,54.9969,384.9786,70.0,25.0,85.0,0.7,0.6666,60.0,5.0031,0.0,0.0,3.3e-05,3.8e-05,0.0,0.0,0.0,0.0,0.0,0.0
2026-06-01 01:44:00,2,Wheat,Sandy,41.9983,377.9843,60.0,18.0,78.0,0.9,0.5714,55.0,13.0017,0.0,0.0,3.3e-05,2.8e-05,0.0,0.0,0.0,0.0,0.0,0.0
2026-06-01 01:44:00,3,Maize,Clay,64.9978,649.978,75.0,30.0,90.0,1.0,0.7777,65.0,0.0022,0.0,0.0,3.3e-05,4e-05,0.0,0.0,0.0,0.0,0.0,0.0
2026-06-01 01:45:00,1,Tomato,Loam,54.9969,384.9785,70.0,25.0,85.0,0.7,0.6666,60.0,5.0031,0.0,0.0,0.000117,0.000135,0.0,0.0,0.0,0.0,0.0,0.0
2026-06-01 01:45:00,2,Wheat,Sandy,41.9982,377.9842,60.0,18.0,78.0,0.9,0.5714,55.0,13.0018,0.0,0.0,0.000117,9.9e-05,0.0,0.0,0.0,0.0,0.0,0.0
2026-06-01 01:45:00,3,Maize,Clay,64.9978,649.9779,75.0,30.0,90.0,1.0,0.7777,65.0,0.0022,0.0,0.0,0.000117,0.00014,0.0,0.0,0.0,0.0,0.0,0.0
2026-06-01 01:46:00,1,Tomato,Loam,54.9969,384.9784,70.0,25.0,85.0,0.7,0.6666,60.0,5.0031,0.0,0.0,7.5e-05,8.6e-05,0.0,0.0,0.0,0.0,0.0,0.0
2026-06-01 01:46:00,2,Wheat,Sandy,41.9982,377.9841,60.0,18.0,78.0,0.9,0.5714,55.0,13.0018,0.0,0.0,7.5e-05,6.4e-05,0.0,0.0,0.0,0.0,0.0,0.0
2026-06-01 01:46:00,3,Maize,Clay,64.9978,649.9778,75.0,30.0,90.0,1.0,0.7777,65.0,0.0022,0.0,0.0,7.5e-05,9e-05,0.0,0.0,0.0,0.0,0.0,0.0
2026-06-01 01:47:00,1,Tomato,Loam,54.9969,384.9784,70.0,25.0,85.0,0.7,0.6666,60.0,5.0031,0.0,0.0,0.0,0.0,0.0,0.0,0.0,0.0,0.0,0.0
2026-06-01 01:47:00,2,Wheat,Sandy,41.9982,377.9841,60.0,18.0,78.0,0.9,0.5714,55.0,13.0018,0.0,0.0,0.0,0.0,0.0,0.0,0.0,0.0,0.0,0.0
2026-06-01 01:47:00,3,Maize,Clay,64.9978,649.9778,75.0,30.0,90.0,1.0,0.7777,65.0,0.0022,0.0,0.0,0.0,0.0,0.0,0.0,0.0,0.0,0.0,0.0
2026-06-01 01:48:00,1,Tomato,Loam,54.9969,384.9783,70.0,25.0,85.0,0.7,0.6666,60.0,5.0031,0.0,0.0,6.8e-05,7.8e-05,0.0,0.0,0.0,0.0,0.0,0.0
2026-06-01 01:48:00,2,Wheat,Sandy,41.9982,377.984,60.0,18.0,78.0,0.9,0.5714,55.0,13.0018,0.0,0.0,6.8e-05,5.8e-05,0.0,0.0,0.0,0.0,0.0,0.0
2026-06-01 01:48:00,3,Maize,Clay,64.9978,649.9777,75.0,30.0,90.0,1.0,0.7777,65.0,0.0022,0.0,0.0,6.8e-05,8.2e-05,0.0,0.0,0.0,0.0,0.0,0.0
2026-06-01 01:49:00,1,Tomato,Loam,54.9969,384.9783,70.0,25.0,85.0,0.7,0.6666,60.0,5.0031,0.0,0.0,0.0,0.0,0.0,0.0,0.0,0.0,0.0,0.0
2026-06-01 01:49:00,2,Wheat,Sandy,41.9982,377.984,60.0,18.0,78.0,0.9,0.5714,55.0,13.0018,0.0,0.0,0.0,0.0,0.0,0.0,0.0,0.0,0.0,0.0
2026-06-01 01:49:00,3,Maize,Clay,64.9978,649.9777,75.0,30.0,90.0,1.0,0.7777,65.0,0.0022,0.0,0.0,0.0,0.0,0.0,0.0,0.0,0.0,0.0,0.0
2026-06-01 01:50:00,1,Tomato,Loam,54.9969,384.9782,70.0,25.0,85.0,0.7,0.6666,60.0,5.0031,0.0,0.0,6.5e-05,7.5e-05,0.0,0.0,0.0,0.0,0.0,0.0
2026-06-01 01:50:00,2,Wheat,Sandy,41.9982,377.9839,60.0,18.0,78.0,0.9,0.5714,55.0,13.0018,0.0,0.0,6.5e-05,5.5e-05,0.0,0.0,0.0,0.0,0.0,0.0
2026-06-01 01:50:00,3,Maize,Clay,64.9978,649.9776,75.0,30.0,90.0,1.0,0.7777,65.0,0.0022,0.0,0.0,6.5e-05,7.8e-05,0.0,0.0,0.0,0.0,0.0,0.0
2026-06-01 01:51:00,1,Tomato,Loam,54.9969,384.9782,70.0,25.0,85.0,0.7,0.6666,60.0,5.0031,0.0,0.0,0.0,0.0,0.0,0.0,0.0,0.0,0.0,0.0
2026-06-01 01:51:00,2,Wheat,Sandy,41.9982,377.9839,60.0,18.0,78.0,0.9,0.5714,55.0,13.0018,0.0,0.0,0.0,0.0,0.0,0.0,0.0,0.0,0.0,0.0
2026-06-01 01:51:00,3,Maize,Clay,64.9978,649.9776,75.0,30.0,90.0,1.0,0.7777,65.0,0.0022,0.0,0.0,0.0,0.0,0.0,0.0,0.0,0.0,0.0,0.0
2026-06-01 01:52:00,1,Tomato,Loam,54.9969,384.9781,70.0,25.0,85.0,0.7,0.6666,60.0,5.0031,0.0,0.0,8.8e-05,0.000101,0.0,0.0,0.0,0.0,0.0,0.0
2026-06-01 01:52:00,2,Wheat,Sandy,41.9982,377.9838,60.0,18.0,78.0,0.9,0.5714,55.0,13.0018,0.0,0.0,8.8e-05,7.5e-05,0.0,0.0,0.0,0.0,0.0,0.0
2026-06-01 01:52:00,3,Maize,Clay,64.9977,649.9775,75.0,30.0,90.0,1.0,0.7777,65.0,0.0023,0.0,0.0,8.8e-05,0.000106,0.0,0.0,0.0,0.0,0.0,0.0
2026-06-01 01:53:00,1,Tomato,Loam,54.9969,384.978,70.0,25.0,85.0,0.7,0.6666,60.0,5.0031,0.0,0.0,4.5e-05,5.2e-05,0.0,0.0,0.0,0.0,0.0,0.0
2026-06-01 01:53:00,2,Wheat,Sandy,41.9982,377.9838,60.0,18.0,78.0,0.9,0.5714,55.0,13.0018,0.0,0.0,4.5e-05,3.8e-05,0.0,0.0,0.0,0.0,0.0,0.0
2026-06-01 01:53:00,3,Maize,Clay,64.9977,649.9774,75.0,30.0,90.0,1.0,0.7777,65.0,0.0023,0.0,0.0,4.5e-05,5.4e-05,0.0,0.0,0.0,0.0,0.0,0.0
2026-06-01 01:54:00,1,Tomato,Loam,54.9968,384.9778,70.0,25.0,85.0,0.7,0.6666,60.0,5.0032,0.0,0.0,0.000158,0.000182,0.0,0.0,0.0,0.0,0.0,0.0
2026-06-01 01:54:00,2,Wheat,Sandy,41.9982,377.9837,60.0,18.0,78.0,0.9,0.5714,55.0,13.0018,0.0,0.0,0.000158,0.000134,0.0,0.0,0.0,0.0,0.0,0.0
2026-06-01 01:54:00,3,Maize,Clay,64.9977,649.9772,75.0,30.0,90.0,1.0,0.7777,65.0,0.0023,0.0,0.0,0.000158,0.00019,0.0,0.0,0.0,0.0,0.0,0.0
2026-06-01 01:55:00,1,Tomato,Loam,54.9968,384.9777,70.0,25.0,85.0,0.7,0.6666,60.0,5.0032,0.0,0.0,0.000106,0.000122,0.0,0.0,0.0,0.0,0.0,0.0
2026-06-01 01:55:00,2,Wheat,Sandy,41.9982,377.9836,60.0,18.0,78.0,0.9,0.5714,55.0,13.0018,0.0,0.0,0.000106,9e-05,0.0,0.0,0.0,0.0,0.0,0.0
2026-06-01 01:55:00,3,Maize,Clay,64.9977,649.9771,75.0,30.0,90.0,1.0,0.7777,65.0,0.0023,0.0,0.0,0.000106,0.000127,0.0,0.0,0.0,0.0,0.0,0.0
2026-06-01 01:56:00,1,Tomato,Loam,54.9968,384.9776,70.0,25.0,85.0,0.7,0.6666,60.0,5.0032,0.0,0.0,5.7e-05,6.6e-05,0.0,0.0,0.0,0.0,0.0,0.0
2026-06-01 01:56:00,2,Wheat,Sandy,41.9982,377.9836,60.0,18.0,78.0,0.9,0.5714,55.0,13.0018,0.0,0.0,5.7e-05,4.8e-05,0.0,0.0,0.0,0.0,0.0,0.0
2026-06-01 01:56:00,3,Maize,Clay,64.9977,649.977,75.0,30.0,90.0,1.0,0.7777,65.0,0.0023,0.0,0.0,5.7e-05,6.8e-05,0.0,0.0,0.0,0.0,0.0,0.0
2026-06-01 01:57:00,1,Tomato,Loam,54.9968,384.9775,70.0,25.0,85.0,0.7,0.6666,60.0,5.0032,0.0,0.0,7.1e-05,8.2e-05,0.0,0.0,0.0,0.0,0.0,0.0
2026-06-01 01:57:00,2,Wheat,Sandy,41.9982,377.9835,60.0,18.0,78.0,0.9,0.5714,55.0,13.0018,0.0,0.0,7.1e-05,6e-05,0.0,0.0,0.0,0.0,0.0,0.0
2026-06-01 01:57:00,3,Maize,Clay,64.9977,649.9769,75.0,30.0,90.0,1.0,0.7777,65.0,0.0023,0.0,0.0,7.1e-05,8.5e-05,0.0,0.0,0.0,0.0,0.0,0.0
2026-06-01 01:58:00,1,Tomato,Loam,54.9968,384.9775,70.0,25.0,85.0,0.7,0.6666,60.0,5.0032,0.0,0.0,0.0,0.0,0.0,0.0,0.0,0.0,0.0,0.0
2026-06-01 01:58:00,2,Wheat,Sandy,41.9982,377.9835,60.0,18.0,78.0,0.9,0.5714,55.0,13.0018,0.0,0.0,0.0,0.0,0.0,0.0,0.0,0.0,0.0,0.0
2026-06-01 01:58:00,3,Maize,Clay,64.9977,649.9769,75.0,30.0,90.0,1.0,0.7777,65.0,0.0023,0.0,0.0,0.0,0.0,0.0,0.0,0.0,0.0,0.0,0.0
2026-06-01 01:59:00,1,Tomato,Loam,54.9968,384.9775,70.0,25.0,85.0,0.7,0.6666,60.0,5.0032,0.0,0.0,1.4e-05,1.6e-05,0.0,0.0,0.0,0.0,0.0,0.0
2026-06-01 01:59:00,2,Wheat,Sandy,41.9982,377.9835,60.0,18.0,78.0,0.9,0.5714,55.0,13.0018,0.0,0.0,1.4e-05,1.2e-05,0.0,0.0,0.0,0.0,0.0,0.0
2026-06-01 01:59:00,3,Maize,Clay,64.9977,649.9769,75.0,30.0,90.0,1.0,0.7777,65.0,0.0023,0.0,0.0,1.4e-05,1.7e-05,0.0,0.0,0.0,0.0,0.0,0.0
2026-06-01 02:00:00,1,Tomato,Loam,54.9968,384.9774,70.0,25.0,85.0,0.7,0.6666,60.0,5.0032,0.0,0.0,5e-05,5.7e-05,0.0,0.0,0.0,0.0,0.0,0.0
2026-06-01 02:00:00,2,Wheat,Sandy,41.9982,377.9835,60.0,18.0,78.0,0.9,0.5714,55.0,13.0018,0.0,0.0,5e-05,4.2e-05,0.0,0.0,0.0,0.0,0.0,0.0
2026-06-01 02:00:00,3,Maize,Clay,64.9977,649.9768,75.0,30.0,90.0,1.0,0.7777,65.0,0.0023,0.0,0.0,5e-05,6e-05,0.0,0.0,0.0,0.0,0.0,0.0
2026-06-01 02:01:00,1,Tomato,Loam,54.9968,384.9774,70.0,25.0,85.0,0.7,0.6666,60.0,5.0032,0.0,0.0,0.0,0.0,0.0,0.0,0.0,0.0,0.0,0.0
2026-06-01 02:01:00,2,Wheat,Sandy,41.9982,377.9835,60.0,18.0,78.0,0.9,0.5714,55.0,13.0018,0.0,0.0,0.0,0.0,0.0,0.0,0.0,0.0,0.0,0.0
2026-06-01 02:01:00,3,Maize,Clay,64.9977,649.9768,75.0,30.0,90.0,1.0,0.7777,65.0,0.0023,0.0,0.0,0.0,0.0,0.0,0.0,0.0,0.0,0.0,0.0
2026-06-01 02:02:00,1,Tomato,Loam,54.9968,384.9774,70.0,25.0,85.0,0.7,0.6666,60.0,5.0032,0.0,0.0,3.4e-05,3.9e-05,0.0,0.0,0.0,0.0,0.0,0.0
2026-06-01 02:02:00,2,Wheat,Sandy,41.9982,377.9835,60.0,18.0,78.0,0.9,0.5714,55.0,13.0018,0.0,0.0,3.4e-05,2.9e-05,0.0,0.0,0.0,0.0,0.0,0.0
2026-06-01 02:02:00,3,Maize,Clay,64.9977,649.9768,75.0,30.0,90.0,1.0,0.7777,65.0,0.0023,0.0,0.0,3.4e-05,4.1e-05,0.0,0.0,0.0,0.0,0.0,0.0
2026-06-01 02:03:00,1,Tomato,Loam,54.9968,384.9774,70.0,25.0,85.0,0.7,0.6666,60.0,5.0032,0.0,0.0,3.1e-05,3.6e-05,0.0,0.0,0.0,0.0,0.0,0.0
2026-06-01 02:03:00,2,Wheat,Sandy,41.9982,377.9835,60.0,18.0,78.0,0.9,0.5714,55.0,13.0018,0.0,0.0,3.1e-05,2.6e-05,0.0,0.0,0.0,0.0,0.0,0.0
2026-06-01 02:03:00,3,Maize,Clay,64.9977,649.9768,75.0,30.0,90.0,1.0,0.7777,65.0,0.0023,0.0,0.0,3.1e-05,3.7e-05,0.0,0.0,0.0,0.0,0.0,0.0
2026-06-01 02:04:00,1,Tomato,Loam,54.9968,384.9773,70.0,25.0,85.0,0.7,0.6666,60.0,5.0032,0.0,0.0,6.6e-05,7.6e-05,0.0,0.0,0.0,0.0,0.0,0.0
2026-06-01 02:04:00,2,Wheat,Sandy,41.9982,377.9834,60.0,18.0,78.0,0.9,0.5714,55.0,13.0018,0.0,0.0,6.6e-05,5.6e-05,0.0,0.0,0.0,0.0,0.0,0.0
2026-06-01 02:04:00,3,Maize,Clay,64.9977,649.9767,75.0,30.0,90.0,1.0,0.7777,65.0,0.0023,0.0,0.0,6.6e-05,7.9e-05,0.0,0.0,0.0,0.0,0.0,0.0
2026-06-01 02:05:00,1,Tomato,Loam,54.9968,384.9773,70.0,25.0,85.0,0.7,0.6666,60.0,5.0032,0.0,0.0,6e-06,7e-06,0.0,0.0,0.0,0.0,0.0,0.0
2026-06-01 02:05:00,2,Wheat,Sandy,41.9982,377.9834,60.0,18.0,78.0,0.9,0.5714,55.0,13.0018,0.0,0.0,6e-06,5e-06,0.0,0.0,0.0,0.0,0.0,0.0
2026-06-01 02:05:00,3,Maize,Clay,64.9977,649.9767,75.0,30.0,90.0,1.0,0.7777,65.0,0.0023,0.0,0.0,6e-06,7e-06,0.0,0.0,0.0,0.0,0.0,0.0
2026-06-01 02:06:00,1,Tomato,Loam,54.9967,384.9772,70.0,25.0,85.0,0.7,0.6666,60.0,5.0033,0.0,0.0,0.000105,0.000121,0.0,0.0,0.0,0.0,0.0,0.0
2026-06-01 02:06:00,2,Wheat,Sandy,41.9981,377.9833,60.0,18.0,78.0,0.9,0.5714,55.0,13.0019,0.0,0.0,0.000105,8.9e-05,0.0,0.0,0.0,0.0,0.0,0.0
2026-06-01 02:06:00,3,Maize,Clay,64.9977,649.9766,75.0,30.0,90.0,1.0,0.7777,65.0,0.0023,0.0,0.0,0.000105,0.000126,0.0,0.0,0.0,0.0,0.0,0.0
2026-06-01 02:07:00,1,Tomato,Loam,54.9967,384.9772,70.0,25.0,85.0,0.7,0.6666,60.0,5.0033,0.0,0.0,2.7e-05,3.1e-05,0.0,0.0,0.0,0.0,0.0,0.0
2026-06-01 02:07:00,2,Wheat,Sandy,41.9981,377.9833,60.0,18.0,78.0,0.9,0.5714,55.0,13.0019,0.0,0.0,2.7e-05,2.3e-05,0.0,0.0,0.0,0.0,0.0,0.0
2026-06-01 02:07:00,3,Maize,Clay,64.9977,649.9766,75.0,30.0,90.0,1.0,0.7777,65.0,0.0023,0.0,0.0,2.7e-05,3.2e-05,0.0,0.0,0.0,0.0,0.0,0.0
2026-06-01 02:08:00,1,Tomato,Loam,54.9967,384.9771,70.0,25.0,85.0,0.7,0.6666,60.0,5.0033,0.0,0.0,0.000105,0.000121,0.0,0.0,0.0,0.0,0.0,0.0
2026-06-01 02:08:00,2,Wheat,Sandy,41.9981,377.9832,60.0,18.0,78.0,0.9,0.5714,55.0,13.0019,0.0,0.0,0.000105,8.9e-05,0.0,0.0,0.0,0.0,0.0,0.0
2026-06-01 02:08:00,3,Maize,Clay,64.9976,649.9765,75.0,30.0,90.0,1.0,0.7777,65.0,0.0024,0.0,0.0,0.000105,0.000126,0.0,0.0,0.0,0.0,0.0,0.0
2026-06-01 02:09:00,1,Tomato,Loam,54.9967,384.9771,70.0,25.0,85.0,0.7,0.6666,60.0,5.0033,0.0,0.0,3e-05,3.4e-05,0.0,0.0,0.0,0.0,0.0,0.0
2026-06-01 02:09:00,2,Wheat,Sandy,41.9981,377.9832,60.0,18.0,78.0,0.9,0.5714,55.0,13.0019,0.0,0.0,3e-05,2.6e-05,0.0,0.0,0.0,0.0,0.0,0.0
2026-06-01 02:09:00,3,Maize,Clay,64.9976,649.9765,75.0,30.0,90.0,1.0,0.7777,65.0,0.0024,0.0,0.0,3e-05,3.6e-05,0.0,0.0,0.0,0.0,0.0,0.0
2026-06-01 02:10:00,1,Tomato,Loam,54.9967,384.9771,70.0,25.0,85.0,0.7,0.6666,60.0,5.0033,0.0,0.0,0.0,0.0,0.0,0.0,0.0,0.0,0.0,0.0
2026-06-01 02:10:00,2,Wheat,Sandy,41.9981,377.9832,60.0,18.0,78.0,0.9,0.5714,55.0,13.0019,0.0,0.0,0.0,0.0,0.0,0.0,0.0,0.0,0.0,0.0
2026-06-01 02:10:00,3,Maize,Clay,64.9976,649.9765,75.0,30.0,90.0,1.0,0.7777,65.0,0.0024,0.0,0.0,0.0,0.0,0.0,0.0,0.0,0.0,0.0,0.0
2026-06-01 02:11:00,1,Tomato,Loam,54.9967,384.9771,70.0,25.0,85.0,0.7,0.6666,60.0,5.0033,0.0,0.0,2.4e-05,2.8e-05,0.0,0.0,0.0,0.0,0.0,0.0
2026-06-01 02:11:00,2,Wheat,Sandy,41.9981,377.9832,60.0,18.0,78.0,0.9,0.5714,55.0,13.0019,0.0,0.0,2.4e-05,2e-05,0.0,0.0,0.0,0.0,0.0,0.0
2026-06-01 02:11:00,3,Maize,Clay,64.9976,649.9765,75.0,30.0,90.0,1.0,0.7777,65.0,0.0024,0.0,0.0,2.4e-05,2.9e-05,0.0,0.0,0.0,0.0,0.0,0.0
2026-06-01 02:12:00,1,Tomato,Loam,54.9967,384.9771,70.0,25.0,85.0,0.7,0.6666,60.0,5.0033,0.0,0.0,0.0,0.0,0.0,0.0,0.0,0.0,0.0,0.0
2026-06-01 02:12:00,2,Wheat,Sandy,41.9981,377.9832,60.0,18.0,78.0,0.9,0.5714,55.0,13.0019,0.0,0.0,0.0,0.0,0.0,0.0,0.0,0.0,0.0,0.0
2026-06-01 02:12:00,3,Maize,Clay,64.9976,649.9765,75.0,30.0,90.0,1.0,0.7777,65.0,0.0024,0.0,0.0,0.0,0.0,0.0,0.0,0.0,0.0,0.0,0.0
2026-06-01 02:13:00,1,Tomato,Loam,54.9967,384.977,70.0,25.0,85.0,0.7,0.6666,60.0,5.0033,0.0,0.0,5.5e-05,6.3e-05,0.0,0.0,0.0,0.0,0.0,0.0
2026-06-01 02:13:00,2,Wheat,Sandy,41.9981,377.9832,60.0,18.0,78.0,0.9,0.5714,55.0,13.0019,0.0,0.0,5.5e-05,4.7e-05,0.0,0.0,0.0,0.0,0.0,0.0
2026-06-01 02:13:00,3,Maize,Clay,64.9976,649.9764,75.0,30.0,90.0,1.0,0.7777,65.0,0.0024,0.0,0.0,5.5e-05,6.6e-05,0.0,0.0,0.0,0.0,0.0,0.0
2026-06-01 02:14:00,1,Tomato,Loam,54.9967,384.977,70.0,25.0,85.0,0.7,0.6666,60.0,5.0033,0.0,0.0,4.1e-05,4.7e-05,0.0,0.0,0.0,0.0,0.0,0.0
2026-06-01 02:14:00,2,Wheat,Sandy,41.9981,377.9832,60.0,18.0,78.0,0.9,0.5714,55.0,13.0019,0.0,0.0,4.1e-05,3.5e-05,0.0,0.0,0.0,0.0,0.0,0.0
2026-06-01 02:14:00,3,Maize,Clay,64.9976,649.9764,75.0,30.0,90.0,1.0,0.7777,65.0,0.0024,0.0,0.0,4.1e-05,4.9e-05,0.0,0.0,0.0,0.0,0.0,0.0
2026-06-01 02:15:00,1,Tomato,Loam,54.9967,384.9768,70.0,25.0,85.0,0.7,0.6666,60.0,5.0033,0.0,0.0,0.000139,0.00016,0.0,0.0,0.0,0.0,0.0,0.0
2026-06-01 02:15:00,2,Wheat,Sandy,41.9981,377.9831,60.0,18.0,78.0,0.9,0.5714,55.0,13.0019,0.0,0.0,0.000139,0.000118,0.0,0.0,0.0,0.0,0.0,0.0
2026-06-01 02:15:00,3,Maize,Clay,64.9976,649.9762,75.0,30.0,90.0,1.0,0.7777,65.0,0.0024,0.0,0.0,0.000139,0.000167,0.0,0.0,0.0,0.0,0.0,0.0
2026-06-01 02:16:00,1,Tomato,Loam,54.9967,384.9768,70.0,25.0,85.0,0.7,0.6666,60.0,5.0033,0.0,0.0,1.9e-05,2.2e-05,0.0,0.0,0.0,0.0,0.0,0.0
2026-06-01 02:16:00,2,Wheat,Sandy,41.9981,377.9831,60.0,18.0,78.0,0.9,0.5714,55.0,13.0019,0.0,0.0,1.9e-05,1.6e-05,0.0,0.0,0.0,0.0,0.0,0.0
2026-06-01 02:16:00,3,Maize,Clay,64.9976,649.9762,75.0,30.0,90.0,1.0,0.7777,65.0,0.0024,0.0,0.0,1.9e-05,2.3e-05,0.0,0.0,0.0,0.0,0.0,0.0
2026-06-01 02:17:00,1,Tomato,Loam,54.9967,384.9768,70.0,25.0,85.0,0.7,0.6666,60.0,5.0033,0.0,0.0,2.1e-05,2.4e-05,0.0,0.0,0.0,0.0,0.0,0.0
2026-06-01 02:17:00,2,Wheat,Sandy,41.9981,377.9831,60.0,18.0,78.0,0.9,0.5714,55.0,13.0019,0.0,0.0,2.1e-05,1.8e-05,0.0,0.0,0.0,0.0,0.0,0.0
2026-06-01 02:17:00,3,Maize,Clay,64.9976,649.9762,75.0,30.0,90.0,1.0,0.7777,65.0,0.0024,0.0,0.0,2.1e-05,2.5e-05,0.0,0.0,0.0,0.0,0.0,0.0
2026-06-01 02:18:00,1,Tomato,Loam,54.9967,384.9768,70.0,25.0,85.0,0.7,0.6666,60.0,5.0033,0.0,0.0,2.3e-05,2.6e-05,0.0,0.0,0.0,0.0,0.0,0.0
2026-06-01 02:18:00,2,Wheat,Sandy,41.9981,377.9831,60.0,18.0,78.0,0.9,0.5714,55.0,13.0019,0.0,0.0,2.3e-05,2e-05,0.0,0.0,0.0,0.0,0.0,0.0
2026-06-01 02:18:00,3,Maize,Clay,64.9976,649.9762,75.0,30.0,90.0,1.0,0.7777,65.0,0.0024,0.0,0.0,2.3e-05,2.8e-05,0.0,0.0,0.0,0.0,0.0,0.0
2026-06-01 02:19:00,1,Tomato,Loam,54.9967,384.9767,70.0,25.0,85.0,0.7,0.6666,60.0,5.0033,0.0,0.0,9.2e-05,0.000106,0.0,0.0,0.0,0.0,0.0,0.0
2026-06-01 02:19:00,2,Wheat,Sandy,41.9981,377.983,60.0,18.0,78.0,0.9,0.5714,55.0,13.0019,0.0,0.0,9.2e-05,7.8e-05,0.0,0.0,0.0,0.0,0.0,0.0
2026-06-01 02:19:00,3,Maize,Clay,64.9976,649.9761,75.0,30.0,90.0,1.0,0.7777,65.0,0.0024,0.0,0.0,9.2e-05,0.00011,0.0,0.0,0.0,0.0,0.0,0.0
2026-06-01 02:20:00,1,Tomato,Loam,54.9967,384.9766,70.0,25.0,85.0,0.7,0.6666,60.0,5.0033,0.0,0.0,6.7e-05,7.7e-05,0.0,0.0,0.0,0.0,0.0,0.0
2026-06-01 02:20:00,2,Wheat,Sandy,41.9981,377.9829,60.0,18.0,78.0,0.9,0.5714,55.0,13.0019,0.0,0.0,6.7e-05,5.7e-05,0.0,0.0,0.0,0.0,0.0,0.0
2026-06-01 02:20:00,3,Maize,Clay,64.9976,649.976,75.0,30.0,90.0,1.0,0.7777,65.0,0.0024,0.0,0.0,6.7e-05,8e-05,0.0,0.0,0.0,0.0,0.0,0.0
2026-06-01 02:21:00,1,Tomato,Loam,54.9967,384.9766,70.0,25.0,85.0,0.7,0.6666,60.0,5.0033,0.0,0.0,6e-06,7e-06,0.0,0.0,0.0,0.0,0.0,0.0
2026-06-01 02:21:00,2,Wheat,Sandy,41.9981,377.9829,60.0,18.0,78.0,0.9,0.5714,55.0,13.0019,0.0,0.0,6e-06,5e-06,0.0,0.0,0.0,0.0,0.0,0.0
2026-06-01 02:21:00,3,Maize,Clay,64.9976,649.976,75.0,30.0,90.0,1.0,0.7777,65.0,0.0024,0.0,0.0,6e-06,7e-06,0.0,0.0,0.0,0.0,0.0,0.0
2026-06-01 02:22:00,1,Tomato,Loam,54.9966,384.9765,70.0,25.0,85.0,0.7,0.6666,60.0,5.0034,0.0,0.0,5.1e-05,5.9e-05,0.0,0.0,0.0,0.0,0.0,0.0
2026-06-01 02:22:00,2,Wheat,Sandy,41.9981,377.9829,60.0,18.0,78.0,0.9,0.5714,55.0,13.0019,0.0,0.0,5.1e-05,4.3e-05,0.0,0.0,0.0,0.0,0.0,0.0
2026-06-01 02:22:00,3,Maize,Clay,64.9976,649.9759,75.0,30.0,90.0,1.0,0.7777,65.0,0.0024,0.0,0.0,5.1e-05,6.1e-05,0.0,0.0,0.0,0.0,0.0,0.0
2026-06-01 02:23:00,1,Tomato,Loam,54.9966,384.9765,70.0,25.0,85.0,0.7,0.6666,60.0,5.0034,0.0,0.0,1.2e-05,1.4e-05,0.0,0.0,0.0,0.0,0.0,0.0
2026-06-01 02:23:00,2,Wheat,Sandy,41.9981,377.9829,60.0,18.0,78.0,0.9,0.5714,55.0,13.0019,0.0,0.0,1.2e-05,1e-05,0.0,0.0,0.0,0.0,0.0,0.0
2026-06-01 02:23:00,3,Maize,Clay,64.9976,649.9759,75.0,30.0,90.0,1.0,0.7777,65.0,0.0024,0.0,0.0,1.2e-05,1.4e-05,0.0,0.0,0.0,0.0,0.0,0.0
2026-06-01 02:24:00,1,Tomato,Loam,54.9966,384.9764,70.0,25.0,85.0,0.7,0.6666,60.0,5.0034,0.0,0.0,6.4e-05,7.4e-05,0.0,0.0,0.0,0.0,0.0,0.0
2026-06-01 02:24:00,2,Wheat,Sandy,41.9981,377.9828,60.0,18.0,78.0,0.9,0.5714,55.0,13.0019,0.0,0.0,6.4e-05,5.4e-05,0.0,0.0,0.0,0.0,0.0,0.0
2026-06-01 02:24:00,3,Maize,Clay,64.9976,649.9758,75.0,30.0,90.0,1.0,0.7777,65.0,0.0024,0.0,0.0,6.4e-05,7.7e-05,0.0,0.0,0.0,0.0,0.0,0.0
2026-06-01 02:25:00,1,Tomato,Loam,54.9966,384.9763,70.0,25.0,85.0,0.7,0.6666,60.0,5.0034,0.0,0.0,4.6e-05,5.3e-05,0.0,0.0,0.0,0.0,0.0,0.0
2026-06-01 02:25:00,2,Wheat,Sandy,41.9981,377.9828,60.0,18.0,78.0,0.9,0.5714,55.0,13.0019,0.0,0.0,4.6e-05,3.9e-05,0.0,0.0,0.0,0.0,0.0,0.0
2026-06-01 02:25:00,3,Maize,Clay,64.9976,649.9757,75.0,30.0,90.0,1.0,0.7777,65.0,0.0024,0.0,0.0,4.6e-05,5.5e-05,0.0,0.0,0.0,0.0,0.0,0.0
2026-06-01 02:26:00,1,Tomato,Loam,54.9966,384.9763,70.0,25.0,85.0,0.7,0.6666,60.0,5.0034,0.0,0.0,1.3e-05,1.5e-05,0.0,0.0,0.0,0.0,0.0,0.0
2026-06-01 02:26:00,2,Wheat,Sandy,41.9981,377.9828,60.0,18.0,78.0,0.9,0.5714,55.0,13.0019,0.0,0.0,1.3e-05,1.1e-05,0.0,0.0,0.0,0.0,0.0,0.0
2026-06-01 02:26:00,3,Maize,Clay,64.9976,649.9757,75.0,30.0,90.0,1.0,0.7777,65.0,0.0024,0.0,0.0,1.3e-05,1.6e-05,0.0,0.0,0.0,0.0,0.0,0.0
2026-06-01 02:27:00,1,Tomato,Loam,54.9966,384.9763,70.0,25.0,85.0,0.7,0.6666,60.0,5.0034,0.0,0.0,2.4e-05,2.8e-05,0.0,0.0,0.0,0.0,0.0,0.0
2026-06-01 02:27:00,2,Wheat,Sandy,41.9981,377.9828,60.0,18.0,78.0,0.9,0.5714,55.0,13.0019,0.0,0.0,2.4e-05,2e-05,0.0,0.0,0.0,0.0,0.0,0.0
2026-06-01 02:27:00,3,Maize,Clay,64.9976,649.9757,75.0,30.0,90.0,1.0,0.7777,65.0,0.0024,0.0,0.0,2.4e-05,2.9e-05,0.0,0.0,0.0,0.0,0.0,0.0
2026-06-01 02:28:00,1,Tomato,Loam,54.9966,384.9761,70.0,25.0,85.0,0.7,0.6666,60.0,5.0034,0.0,0.0,0.000145,0.000167,0.0,0.0,0.0,0.0,0.0,0.0
2026-06-01 02:28:00,2,Wheat,Sandy,41.9981,377.9827,60.0,18.0,78.0,0.9,0.5714,55.0,13.0019,0.0,0.0,0.000145,0.000123,0.0,0.0,0.0,0.0,0.0,0.0
2026-06-01 02:28:00,3,Maize,Clay,64.9976,649.9755,75.0,30.0,90.0,1.0,0.7777,65.0,0.0024,0.0,0.0,0.000145,0.000174,0.0,0.0,0.0,0.0,0.0,0.0
2026-06-01 02:29:00,1,Tomato,Loam,54.9966,384.9761,70.0,25.0,85.0,0.7,0.6666,60.0,5.0034,0.0,0.0,0.0,0.0,0.0,0.0,0.0,0.0,0.0,0.0
2026-06-01 02:29:00,2,Wheat,Sandy,41.9981,377.9827,60.0,18.0,78.0,0.9,0.5714,55.0,13.0019,0.0,0.0,0.0,0.0,0.0,0.0,0.0,0.0,0.0,0.0
2026-06-01 02:29:00,3,Maize,Clay,64.9976,649.9755,75.0,30.0,90.0,1.0,0.7777,65.0,0.0024,0.0,0.0,0.0,0.0,0.0,0.0,0.0,0.0,0.0,0.0
2026-06-01 02:30:00,1,Tomato,Loam,54.9966,384.9761,70.0,25.0,85.0,0.7,0.6666,60.0,5.0034,0.0,0.0,3.6e-05,4.1e-05,0.0,0.0,0.0,0.0,0.0,0.0
2026-06-01 02:30:00,2,Wheat,Sandy,41.9981,377.9827,60.0,18.0,78.0,0.9,0.5714,55.0,13.0019,0.0,0.0,3.6e-05,3.1e-05,0.0,0.0,0.0,0.0,0.0,0.0
2026-06-01 02:30:00,3,Maize,Clay,64.9975,649.9755,75.0,30.0,90.0,1.0,0.7777,65.0,0.0025,0.0,0.0,3.6e-05,4.3e-05,0.0,0.0,0.0,0.0,0.0,0.0
2026-06-01 02:31:00,1,Tomato,Loam,54.9966,384.9761,70.0,25.0,85.0,0.7,0.6666,60.0,5.0034,0.0,0.0,0.0,0.0,0.0,0.0,0.0,0.0,0.0,0.0
2026-06-01 02:31:00,2,Wheat,Sandy,41.9981,377.9827,60.0,18.0,78.0,0.9,0.5714,55.0,13.0019,0.0,0.0,0.0,0.0,0.0,0.0,0.0,0.0,0.0,0.0
2026-06-01 02:31:00,3,Maize,Clay,64.9976,649.9755,75.0,30.0,90.0,1.0,0.7777,65.0,0.0024,0.0,0.0,0.0,0.0,0.0,0.0,0.0,0.0,0.0,0.0
2026-06-01 02:32:00,1,Tomato,Loam,54.9966,384.976,70.0,25.0,85.0,0.7,0.6666,60.0,5.0034,0.0,0.0,9.2e-05,0.000106,0.0,0.0,0.0,0.0,0.0,0.0
2026-06-01 02:32:00,2,Wheat,Sandy,41.9981,377.9826,60.0,18.0,78.0,0.9,0.5714,55.0,13.0019,0.0,0.0,9.2e-05,7.8e-05,0.0,0.0,0.0,0.0,0.0,0.0
2026-06-01 02:32:00,3,Maize,Clay,64.9975,649.9754,75.0,30.0,90.0,1.0,0.7777,65.0,0.0025,0.0,0.0,9.2e-05,0.00011,0.0,0.0,0.0,0.0,0.0,0.0
2026-06-01 02:33:00,1,Tomato,Loam,54.9966,384.9759,70.0,25.0,85.0,0.7,0.6666,60.0,5.0034,0.0,0.0,4.8e-05,5.5e-05,0.0,0.0,0.0,0.0,0.0,0.0
2026-06-01 02:33:00,2,Wheat,Sandy,41.9981,377.9826,60.0,18.0,78.0,0.9,0.5714,55.0,13.0019,0.0,0.0,4.8e-05,4.1e-05,0.0,0.0,0.0,0.0,0.0,0.0
2026-06-01 02:33:00,3,Maize,Clay,64.9975,649.9753,75.0,30.0,90.0,1.0,0.7777,65.0,0.0025,0.0,0.0,4.8e-05,5.8e-05,0.0,0.0,0.0,0.0,0.0,0.0
2026-06-01 02:34:00,1,Tomato,Loam,54.9966,384.9759,70.0,25.0,85.0,0.7,0.6666,60.0,5.0034,0.0,0.0,0.0,0.0,0.0,0.0,0.0,0.0,0.0,0.0
2026-06-01 02:34:00,2,Wheat,Sandy,41.9981,377.9826,60.0,18.0,78.0,0.9,0.5714,55.0,13.0019,0.0,0.0,0.0,0.0,0.0,0.0,0.0,0.0,0.0,0.0
2026-06-01 02:34:00,3,Maize,Clay,64.9975,649.9753,75.0,30.0,90.0,1.0,0.7777,65.0,0.0025,0.0,0.0,0.0,0.0,0.0,0.0,0.0,0.0,0.0,0.0
2026-06-01 02:35:00,1,Tomato,Loam,54.9965,384.9758,70.0,25.0,85.0,0.7,0.6666,60.0,5.0035,0.0,0.0,5e-05,5.7e-05,0.0,0.0,0.0,0.0,0.0,0.0
2026-06-01 02:35:00,2,Wheat,Sandy,41.9981,377.9826,60.0,18.0,78.0,0.9,0.5714,55.0,13.0019,0.0,0.0,5e-05,4.2e-05,0.0,0.0,0.0,0.0,0.0,0.0
2026-06-01 02:35:00,3,Maize,Clay,64.9975,649.9752,75.0,30.0,90.0,1.0,0.7777,65.0,0.0025,0.0,0.0,5e-05,6e-05,0.0,0.0,0.0,0.0,0.0,0.0
2026-06-01 02:36:00,1,Tomato,Loam,54.9965,384.9758,70.0,25.0,85.0,0.7,0.6666,60.0,5.0035,0.0,0.0,2.7e-05,3.1e-05,0.0,0.0,0.0,0.0,0.0,0.0
2026-06-01 02:36:00,2,Wheat,Sandy,41.9981,377.9826,60.0,18.0,78.0,0.9,0.5714,55.0,13.0019,0.0,0.0,2.7e-05,2.3e-05,0.0,0.0,0.0,0.0,0.0,0.0
2026-06-01 02:36:00,3,Maize,Clay,64.9975,649.9752,75.0,30.0,90.0,1.0,0.7777,65.0,0.0025,0.0,0.0,2.7e-05,3.2e-05,0.0,0.0,0.0,0.0,0.0,0.0
2026-06-01 02:37:00,1,Tomato,Loam,54.9965,384.9758,70.0,25.0,85.0,0.7,0.6666,60.0,5.0035,0.0,0.0,5e-06,6e-06,0.0,0.0,0.0,0.0,0.0,0.0
2026-06-01 02:37:00,2,Wheat,Sandy,41.9981,377.9826,60.0,18.0,78.0,0.9,0.5714,55.0,13.0019,0.0,0.0,5e-06,4e-06,0.0,0.0,0.0,0.0,0.0,0.0
2026-06-01 02:37:00,3,Maize,Clay,64.9975,649.9752,75.0,30.0,90.0,1.0,0.7777,65.0,0.0025,0.0,0.0,5e-06,6e-06,0.0,0.0,0.0,0.0,0.0,0.0
2026-06-01 02:38:00,1,Tomato,Loam,54.9965,384.9757,70.0,25.0,85.0,0.7,0.6666,60.0,5.0035,0.0,0.0,5e-05,5.7e-05,0.0,0.0,0.0,0.0,0.0,0.0
2026-06-01 02:38:00,2,Wheat,Sandy,41.9981,377.9826,60.0,18.0,78.0,0.9,0.5714,55.0,13.0019,0.0,0.0,5e-05,4.2e-05,0.0,0.0,0.0,0.0,0.0,0.0
2026-06-01 02:38:00,3,Maize,Clay,64.9975,649.9751,75.0,30.0,90.0,1.0,0.7777,65.0,0.0025,0.0,0.0,5e-05,6e-05,0.0,0.0,0.0,0.0,0.0,0.0
2026-06-01 02:39:00,1,Tomato,Loam,54.9965,384.9757,70.0,25.0,85.0,0.7,0.6666,60.0,5.0035,0.0,0.0,2.1e-05,2.4e-05,0.0,0.0,0.0,0.0,0.0,0.0
2026-06-01 02:39:00,2,Wheat,Sandy,41.9981,377.9826,60.0,18.0,78.0,0.9,0.5714,55.0,13.0019,0.0,0.0,2.1e-05,1.8e-05,0.0,0.0,0.0,0.0,0.0,0.0
2026-06-01 02:39:00,3,Maize,Clay,64.9975,649.9751,75.0,30.0,90.0,1.0,0.7777,65.0,0.0025,0.0,0.0,2.1e-05,2.5e-05,0.0,0.0,0.0,0.0,0.0,0.0
2026-06-01 02:40:00,1,Tomato,Loam,54.9965,384.9757,70.0,25.0,85.0,0.7,0.6666,60.0,5.0035,0.0,0.0,2e-06,2e-06,0.0,0.0,0.0,0.0,0.0,0.0
2026-06-01 02:40:00,2,Wheat,Sandy,41.9981,377.9826,60.0,18.0,78.0,0.9,0.5714,55.0,13.0019,0.0,0.0,2e-06,2e-06,0.0,0.0,0.0,0.0,0.0,0.0
2026-06-01 02:40:00,3,Maize,Clay,64.9975,649.9751,75.0,30.0,90.0,1.0,0.7777,65.0,0.0025,0.0,0.0,2e-06,2e-06,0.0,0.0,0.0,0.0,0.0,0.0
2026-06-01 02:41:00,1,Tomato,Loam,54.9965,384.9757,70.0,25.0,85.0,0.7,0.6666,60.0,5.0035,0.0,0.0,8e-06,9e-06,0.0,0.0,0.0,0.0,0.0,0.0
2026-06-01 02:41:00,2,Wheat,Sandy,41.9981,377.9826,60.0,18.0,78.0,0.9,0.5714,55.0,13.0019,0.0,0.0,8e-06,7e-06,0.0,0.0,0.0,0.0,0.0,0.0
2026-06-01 02:41:00,3,Maize,Clay,64.9975,649.9751,75.0,30.0,90.0,1.0,0.7777,65.0,0.0025,0.0,0.0,8e-06,1e-05,0.0,0.0,0.0,0.0,0.0,0.0
2026-06-01 02:42:00,1,Tomato,Loam,54.9965,384.9756,70.0,25.0,85.0,0.7,0.6666,60.0,5.0035,0.0,0.0,5.8e-05,6.7e-05,0.0,0.0,0.0,0.0,0.0,0.0
2026-06-01 02:42:00,2,Wheat,Sandy,41.9981,377.9826,60.0,18.0,78.0,0.9,0.5714,55.0,13.0019,0.0,0.0,5.8e-05,4.9e-05,0.0,0.0,0.0,0.0,0.0,0.0
2026-06-01 02:42:00,3,Maize,Clay,64.9975,649.975,75.0,30.0,90.0,1.0,0.7777,65.0,0.0025,0.0,0.0,5.8e-05,7e-05,0.0,0.0,0.0,0.0,0.0,0.0
2026-06-01 02:43:00,1,Tomato,Loam,54.9965,384.9756,70.0,25.0,85.0,0.7,0.6666,60.0,5.0035,0.0,0.0,1.9e-05,2.2e-05,0.0,0.0,0.0,0.0,0.0,0.0
2026-06-01 02:43:00,2,Wheat,Sandy,41.9981,377.9826,60.0,18.0,78.0,0.9,0.5714,55.0,13.0019,0.0,0.0,1.9e-05,1.6e-05,0.0,0.0,0.0,0.0,0.0,0.0
2026-06-01 02:43:00,3,Maize,Clay,64.9975,649.975,75.0,30.0,90.0,1.0,0.7777,65.0,0.0025,0.0,0.0,1.9e-05,2.3e-05,0.0,0.0,0.0,0.0,0.0,0.0
2026-06-01 02:44:00,1,Tomato,Loam,54.9965,384.9756,70.0,25.0,85.0,0.7,0.6666,60.0,5.0035,0.0,0.0,1.9e-05,2.2e-05,0.0,0.0,0.0,0.0,0.0,0.0
2026-06-01 02:44:00,2,Wheat,Sandy,41.9981,377.9826,60.0,18.0,78.0,0.9,0.5714,55.0,13.0019,0.0,0.0,1.9e-05,1.6e-05,0.0,0.0,0.0,0.0,0.0,0.0
2026-06-01 02:44:00,3,Maize,Clay,64.9975,649.975,75.0,30.0,90.0,1.0,0.7777,65.0,0.0025,0.0,0.0,1.9e-05,2.3e-05,0.0,0.0,0.0,0.0,0.0,0.0
2026-06-01 02:45:00,1,Tomato,Loam,54.9965,384.9756,70.0,25.0,85.0,0.7,0.6666,60.0,5.0035,0.0,0.0,0.0,0.0,0.0,0.0,0.0,0.0,0.0,0.0
2026-06-01 02:45:00,2,Wheat,Sandy,41.9981,377.9826,60.0,18.0,78.0,0.9,0.5714,55.0,13.0019,0.0,0.0,0.0,0.0,0.0,0.0,0.0,0.0,0.0,0.0
2026-06-01 02:45:00,3,Maize,Clay,64.9975,649.975,75.0,30.0,90.0,1.0,0.7777,65.0,0.0025,0.0,0.0,0.0,0.0,0.0,0.0,0.0,0.0,0.0,0.0
2026-06-01 02:46:00,1,Tomato,Loam,54.9965,384.9755,70.0,25.0,85.0,0.7,0.6666,60.0,5.0035,0.0,0.0,7.9e-05,9.1e-05,0.0,0.0,0.0,0.0,0.0,0.0
2026-06-01 02:46:00,2,Wheat,Sandy,41.9981,377.9825,60.0,18.0,78.0,0.9,0.5714,55.0,13.0019,0.0,0.0,7.9e-05,6.7e-05,0.0,0.0,0.0,0.0,0.0,0.0
2026-06-01 02:46:00,3,Maize,Clay,64.9975,649.9749,75.0,30.0,90.0,1.0,0.7777,65.0,0.0025,0.0,0.0,7.9e-05,9.5e-05,0.0,0.0,0.0,0.0,0.0,0.0
2026-06-01 02:47:00,1,Tomato,Loam,54.9965,384.9755,70.0,25.0,85.0,0.7,0.6666,60.0,5.0035,0.0,0.0,0.0,0.0,0.0,0.0,0.0,0.0,0.0,0.0
2026-06-01 02:47:00,2,Wheat,Sandy,41.9981,377.9825,60.0,18.0,78.0,0.9,0.5714,55.0,13.0019,0.0,0.0,0.0,0.0,0.0,0.0,0.0,0.0,0.0,0.0
2026-06-01 02:47:00,3,Maize,Clay,64.9975,649.9749,75.0,30.0,90.0,1.0,0.7777,65.0,0.0025,0.0,0.0,0.0,0.0,0.0,0.0,0.0,0.0,0.0,0.0
2026-06-01 02:48:00,1,Tomato,Loam,54.9965,384.9755,70.0,25.0,85.0,0.7,0.6666,60.0,5.0035,0.0,0.0,1.5e-05,1.7e-05,0.0,0.0,0.0,0.0,0.0,0.0
2026-06-01 02:48:00,2,Wheat,Sandy,41.9981,377.9825,60.0,18.0,78.0,0.9,0.5714,55.0,13.0019,0.0,0.0,1.5e-05,1.3e-05,0.0,0.0,0.0,0.0,0.0,0.0
2026-06-01 02:48:00,3,Maize,Clay,64.9975,649.9749,75.0,30.0,90.0,1.0,0.7777,65.0,0.0025,0.0,0.0,1.5e-05,1.8e-05,0.0,0.0,0.0,0.0,0.0,0.0
2026-06-01 02:49:00,1,Tomato,Loam,54.9965,384.9755,70.0,25.0,85.0,0.7,0.6666,60.0,5.0035,0.0,0.0,0.0,0.0,0.0,0.0,0.0,0.0,0.0,0.0
2026-06-01 02:49:00,2,Wheat,Sandy,41.9981,377.9825,60.0,18.0,78.0,0.9,0.5714,55.0,13.0019,0.0,0.0,0.0,0.0,0.0,0.0,0.0,0.0,0.0,0.0
2026-06-01 02:49:00,3,Maize,Clay,64.9975,649.9749,75.0,30.0,90.0,1.0,0.7777,65.0,0.0025,0.0,0.0,0.0,0.0,0.0,0.0,0.0,0.0,0.0,0.0
2026-06-01 02:50:00,1,Tomato,Loam,54.9965,384.9754,70.0,25.0,85.0,0.7,0.6666,60.0,5.0035,0.0,0.0,5.3e-05,6.1e-05,0.0,0.0,0.0,0.0,0.0,0.0
2026-06-01 02:50:00,2,Wheat,Sandy,41.9981,377.9825,60.0,18.0,78.0,0.9,0.5714,55.0,13.0019,0.0,0.0,5.3e-05,4.5e-05,0.0,0.0,0.0,0.0,0.0,0.0
2026-06-01 02:50:00,3,Maize,Clay,64.9975,649.9748,75.0,30.0,90.0,1.0,0.7777,65.0,0.0025,0.0,0.0,5.3e-05,6.4e-05,0.0,0.0,0.0,0.0,0.0,0.0
2026-06-01 02:51:00,1,Tomato,Loam,54.9965,384.9754,70.0,25.0,85.0,0.7,0.6666,60.0,5.0035,0.0,0.0,0.0,0.0,0.0,0.0,0.0,0.0,0.0,0.0
2026-06-01 02:51:00,2,Wheat,Sandy,41.9981,377.9825,60.0,18.0,78.0,0.9,0.5714,55.0,13.0019,0.0,0.0,0.0,0.0,0.0,0.0,0.0,0.0,0.0,0.0
2026-06-01 02:51:00,3,Maize,Clay,64.9975,649.9748,75.0,30.0,90.0,1.0,0.7777,65.0,0.0025,0.0,0.0,0.0,0.0,0.0,0.0,0.0,0.0,0.0,0.0
2026-06-01 02:52:00,1,Tomato,Loam,54.9965,384.9754,70.0,25.0,85.0,0.7,0.6666,60.0,5.0035,0.0,0.0,0.0,0.0,0.0,0.0,0.0,0.0,0.0,0.0
2026-06-01 02:52:00,2,Wheat,Sandy,41.9981,377.9825,60.0,18.0,78.0,0.9,0.5714,55.0,13.0019,0.0,0.0,0.0,0.0,0.0,0.0,0.0,0.0,0.0,0.0
2026-06-01 02:52:00,3,Maize,Clay,64.9975,649.9748,75.0,30.0,90.0,1.0,0.7777,65.0,0.0025,0.0,0.0,0.0,0.0,0.0,0.0,0.0,0.0,0.0,0.0
2026-06-01 02:53:00,1,Tomato,Loam,54.9965,384.9754,70.0,25.0,85.0,0.7,0.6666,60.0,5.0035,0.0,0.0,0.0,0.0,0.0,0.0,0.0,0.0,0.0,0.0
2026-06-01 02:53:00,2,Wheat,Sandy,41.9981,377.9825,60.0,18.0,78.0,0.9,0.5714,55.0,13.0019,0.0,0.0,0.0,0.0,0.0,0.0,0.0,0.0,0.0,0.0
2026-06-01 02:53:00,3,Maize,Clay,64.9975,649.9748,75.0,30.0,90.0,1.0,0.7777,65.0,0.0025,0.0,0.0,0.0,0.0,0.0,0.0,0.0,0.0,0.0,0.0
2026-06-01 02:54:00,1,Tomato,Loam,54.9965,384.9754,70.0,25.0,85.0,0.7,0.6666,60.0,5.0035,0.0,0.0,1e-05,1.2e-05,0.0,0.0,0.0,0.0,0.0,0.0
2026-06-01 02:54:00,2,Wheat,Sandy,41.9981,377.9825,60.0,18.0,78.0,0.9,0.5714,55.0,13.0019,0.0,0.0,1e-05,8e-06,0.0,0.0,0.0,0.0,0.0,0.0
2026-06-01 02:54:00,3,Maize,Clay,64.9975,649.9748,75.0,30.0,90.0,1.0,0.7777,65.0,0.0025,0.0,0.0,1e-05,1.2e-05,0.0,0.0,0.0,0.0,0.0,0.0
2026-06-01 02:55:00,1,Tomato,Loam,54.9965,384.9754,70.0,25.0,85.0,0.7,0.6666,60.0,5.0035,0.0,0.0,0.0,0.0,0.0,0.0,0.0,0.0,0.0,0.0
2026-06-01 02:55:00,2,Wheat,Sandy,41.9981,377.9825,60.0,18.0,78.0,0.9,0.5714,55.0,13.0019,0.0,0.0,0.0,0.0,0.0,0.0,0.0,0.0,0.0,0.0
2026-06-01 02:55:00,3,Maize,Clay,64.9975,649.9748,75.0,30.0,90.0,1.0,0.7777,65.0,0.0025,0.0,0.0,0.0,0.0,0.0,0.0,0.0,0.0,0.0,0.0
2026-06-01 02:56:00,1,Tomato,Loam,54.9965,384.9754,70.0,25.0,85.0,0.7,0.6666,60.0,5.0035,0.0,0.0,1e-06,1e-06,0.0,0.0,0.0,0.0,0.0,0.0
2026-06-01 02:56:00,2,Wheat,Sandy,41.9981,377.9825,60.0,18.0,78.0,0.9,0.5714,55.0,13.0019,0.0,0.0,1e-06,1e-06,0.0,0.0,0.0,0.0,0.0,0.0
2026-06-01 02:56:00,3,Maize,Clay,64.9975,649.9748,75.0,30.0,90.0,1.0,0.7777,65.0,0.0025,0.0,0.0,1e-06,1e-06,0.0,0.0,0.0,0.0,0.0,0.0
2026-06-01 02:57:00,1,Tomato,Loam,54.9965,384.9754,70.0,25.0,85.0,0.7,0.6666,60.0,5.0035,0.0,0.0,0.0,0.0,0.0,0.0,0.0,0.0,0.0,0.0
2026-06-01 02:57:00,2,Wheat,Sandy,41.9981,377.9825,60.0,18.0,78.0,0.9,0.5714,55.0,13.0019,0.0,0.0,0.0,0.0,0.0,0.0,0.0,0.0,0.0,0.0
2026-06-01 02:57:00,3,Maize,Clay,64.9975,649.9748,75.0,30.0,90.0,1.0,0.7777,65.0,0.0025,0.0,0.0,0.0,0.0,0.0,0.0,0.0,0.0,0.0,0.0
2026-06-01 02:58:00,1,Tomato,Loam,54.9965,384.9754,70.0,25.0,85.0,0.7,0.6666,60.0,5.0035,0.0,0.0,1.7e-05,2e-05,0.0,0.0,0.0,0.0,0.0,0.0
2026-06-01 02:58:00,2,Wheat,Sandy,41.9981,377.9825,60.0,18.0,78.0,0.9,0.5714,55.0,13.0019,0.0,0.0,1.7e-05,1.4e-05,0.0,0.0,0.0,0.0,0.0,0.0
2026-06-01 02:58:00,3,Maize,Clay,64.9975,649.9748,75.0,30.0,90.0,1.0,0.7777,65.0,0.0025,0.0,0.0,1.7e-05,2e-05,0.0,0.0,0.0,0.0,0.0,0.0
2026-06-01 02:59:00,1,Tomato,Loam,54.9965,384.9754,70.0,25.0,85.0,0.7,0.6666,60.0,5.0035,0.0,0.0,0.0,0.0,0.0,0.0,0.0,0.0,0.0,0.0
2026-06-01 02:59:00,2,Wheat,Sandy,41.9981,377.9825,60.0,18.0,78.0,0.9,0.5714,55.0,13.0019,0.0,0.0,0.0,0.0,0.0,0.0,0.0,0.0,0.0,0.0
2026-06-01 02:59:00,3,Maize,Clay,64.9975,649.9748,75.0,30.0,90.0,1.0,0.7777,65.0,0.0025,0.0,0.0,0.0,0.0,0.0,0.0,0.0,0.0,0.0,0.0
2026-06-01 03:00:00,1,Tomato,Loam,54.9965,384.9754,70.0,25.0,85.0,0.7,0.6666,60.0,5.0035,0.0,0.0,0.0,0.0,0.0,0.0,0.0,0.0,0.0,0.0
2026-06-01 03:00:00,2,Wheat,Sandy,41.9981,377.9825,60.0,18.0,78.0,0.9,0.5714,55.0,13.0019,0.0,0.0,0.0,0.0,0.0,0.0,0.0,0.0,0.0,0.0
2026-06-01 03:00:00,3,Maize,Clay,64.9975,649.9748,75.0,30.0,90.0,1.0,0.7777,65.0,0.0025,0.0,0.0,0.0,0.0,0.0,0.0,0.0,0.0,0.0,0.0
2026-06-01 03:01:00,1,Tomato,Loam,54.9965,384.9754,70.0,25.0,85.0,0.7,0.6666,60.0,5.0035,0.0,0.0,4e-05,4.6e-05,0.0,0.0,0.0,0.0,0.0,0.0
2026-06-01 03:01:00,2,Wheat,Sandy,41.9981,377.9825,60.0,18.0,78.0,0.9,0.5714,55.0,13.0019,0.0,0.0,4e-05,3.4e-05,0.0,0.0,0.0,0.0,0.0,0.0
2026-06-01 03:01:00,3,Maize,Clay,64.9975,649.9748,75.0,30.0,90.0,1.0,0.7777,65.0,0.0025,0.0,0.0,4e-05,4.8e-05,0.0,0.0,0.0,0.0,0.0,0.0
2026-06-01 03:02:00,1,Tomato,Loam,54.9965,384.9754,70.0,25.0,85.0,0.7,0.6666,60.0,5.0035,0.0,0.0,0.0,0.0,0.0,0.0,0.0,0.0,0.0,0.0
2026-06-01 03:02:00,2,Wheat,Sandy,41.9981,377.9825,60.0,18.0,78.0,0.9,0.5714,55.0,13.0019,0.0,0.0,0.0,0.0,0.0,0.0,0.0,0.0,0.0,0.0
2026-06-01 03:02:00,3,Maize,Clay,64.9975,649.9748,75.0,30.0,90.0,1.0,0.7777,65.0,0.0025,0.0,0.0,0.0,0.0,0.0,0.0,0.0,0.0,0.0,0.0
2026-06-01 03:03:00,1,Tomato,Loam,54.9965,384.9754,70.0,25.0,85.0,0.7,0.6666,60.0,5.0035,0.0,0.0,3.6e-05,4.1e-05,0.0,0.0,0.0,0.0,0.0,0.0
2026-06-01 03:03:00,2,Wheat,Sandy,41.9981,377.9825,60.0,18.0,78.0,0.9,0.5714,55.0,13.0019,0.0,0.0,3.6e-05,3.1e-05,0.0,0.0,0.0,0.0,0.0,0.0
2026-06-01 03:03:00,3,Maize,Clay,64.9975,649.9748,75.0,30.0,90.0,1.0,0.7777,65.0,0.0025,0.0,0.0,3.6e-05,4.3e-05,0.0,0.0,0.0,0.0,0.0,0.0
2026-06-01 03:04:00,1,Tomato,Loam,54.9965,384.9754,70.0,25.0,85.0,0.7,0.6666,60.0,5.0035,0.0,0.0,0.0,0.0,0.0,0.0,0.0,0.0,0.0,0.0
2026-06-01 03:04:00,2,Wheat,Sandy,41.9981,377.9825,60.0,18.0,78.0,0.9,0.5714,55.0,13.0019,0.0,0.0,0.0,0.0,0.0,0.0,0.0,0.0,0.0,0.0
2026-06-01 03:04:00,3,Maize,Clay,64.9975,649.9748,75.0,30.0,90.0,1.0,0.7777,65.0,0.0025,0.0,0.0,0.0,0.0,0.0,0.0,0.0,0.0,0.0,0.0
2026-06-01 03:05:00,1,Tomato,Loam,54.9965,384.9753,70.0,25.0,85.0,0.7,0.6666,60.0,5.0035,0.0,0.0,7.2e-05,8.3e-05,0.0,0.0,0.0,0.0,0.0,0.0
2026-06-01 03:05:00,2,Wheat,Sandy,41.998,377.9824,60.0,18.0,78.0,0.9,0.5714,55.0,13.002,0.0,0.0,7.2e-05,6.1e-05,0.0,0.0,0.0,0.0,0.0,0.0
2026-06-01 03:05:00,3,Maize,Clay,64.9975,649.9747,75.0,30.0,90.0,1.0,0.7777,65.0,0.0025,0.0,0.0,7.2e-05,8.6e-05,0.0,0.0,0.0,0.0,0.0,0.0
2026-06-01 03:06:00,1,Tomato,Loam,54.9965,384.9753,70.0,25.0,85.0,0.7,0.6666,60.0,5.0035,0.0,0.0,2.4e-05,2.8e-05,0.0,0.0,0.0,0.0,0.0,0.0
2026-06-01 03:06:00,2,Wheat,Sandy,41.998,377.9824,60.0,18.0,78.0,0.9,0.5714,55.0,13.002,0.0,0.0,2.4e-05,2e-05,0.0,0.0,0.0,0.0,0.0,0.0
2026-06-01 03:06:00,3,Maize,Clay,64.9975,649.9747,75.0,30.0,90.0,1.0,0.7777,65.0,0.0025,0.0,0.0,2.4e-05,2.9e-05,0.0,0.0,0.0,0.0,0.0,0.0
2026-06-01 03:07:00,1,Tomato,Loam,54.9965,384.9753,70.0,25.0,85.0,0.7,0.6666,60.0,5.0035,0.0,0.0,0.0,0.0,0.0,0.0,0.0,0.0,0.0,0.0
2026-06-01 03:07:00,2,Wheat,Sandy,41.998,377.9824,60.0,18.0,78.0,0.9,0.5714,55.0,13.002,0.0,0.0,0.0,0.0,0.0,0.0,0.0,0.0,0.0,0.0
2026-06-01 03:07:00,3,Maize,Clay,64.9975,649.9747,75.0,30.0,90.0,1.0,0.7777,65.0,0.0025,0.0,0.0,0.0,0.0,0.0,0.0,0.0,0.0,0.0,0.0
2026-06-01 03:08:00,1,Tomato,Loam,54.9965,384.9753,70.0,25.0,85.0,0.7,0.6666,60.0,5.0035,0.0,0.0,0.0,0.0,0.0,0.0,0.0,0.0,0.0,0.0
2026-06-01 03:08:00,2,Wheat,Sandy,41.998,377.9824,60.0,18.0,78.0,0.9,0.5714,55.0,13.002,0.0,0.0,0.0,0.0,0.0,0.0,0.0,0.0,0.0,0.0
2026-06-01 03:08:00,3,Maize,Clay,64.9975,649.9747,75.0,30.0,90.0,1.0,0.7777,65.0,0.0025,0.0,0.0,0.0,0.0,0.0,0.0,0.0,0.0,0.0,0.0
2026-06-01 03:09:00,1,Tomato,Loam,54.9965,384.9753,70.0,25.0,85.0,0.7,0.6666,60.0,5.0035,0.0,0.0,4.1e-05,4.7e-05,0.0,0.0,0.0,0.0,0.0,0.0
2026-06-01 03:09:00,2,Wheat,Sandy,41.998,377.9824,60.0,18.0,78.0,0.9,0.5714,55.0,13.002,0.0,0.0,4.1e-05,3.5e-05,0.0,0.0,0.0,0.0,0.0,0.0
2026-06-01 03:09:00,3,Maize,Clay,64.9975,649.9747,75.0,30.0,90.0,1.0,0.7777,65.0,0.0025,0.0,0.0,4.1e-05,4.9e-05,0.0,0.0,0.0,0.0,0.0,0.0
2026-06-01 03:10:00,1,Tomato,Loam,54.9965,384.9753,70.0,25.0,85.0,0.7,0.6666,60.0,5.0035,0.0,0.0,0.0,0.0,0.0,0.0,0.0,0.0,0.0,0.0
2026-06-01 03:10:00,2,Wheat,Sandy,41.998,377.9824,60.0,18.0,78.0,0.9,0.5714,55.0,13.002,0.0,0.0,0.0,0.0,0.0,0.0,0.0,0.0,0.0,0.0
2026-06-01 03:10:00,3,Maize,Clay,64.9975,649.9747,75.0,30.0,90.0,1.0,0.7777,65.0,0.0025,0.0,0.0,0.0,0.0,0.0,0.0,0.0,0.0,0.0,0.0
2026-06-01 03:11:00,1,Tomato,Loam,54.9965,384.9753,70.0,25.0,85.0,0.7,0.6666,60.0,5.0035,0.0,0.0,0.0,0.0,0.0,0.0,0.0,0.0,0.0,0.0
2026-06-01 03:11:00,2,Wheat,Sandy,41.998,377.9824,60.0,18.0,78.0,0.9,0.5714,55.0,13.002,0.0,0.0,0.0,0.0,0.0,0.0,0.0,0.0,0.0,0.0
2026-06-01 03:11:00,3,Maize,Clay,64.9975,649.9747,75.0,30.0,90.0,1.0,0.7777,65.0,0.0025,0.0,0.0,0.0,0.0,0.0,0.0,0.0,0.0,0.0,0.0
2026-06-01 03:12:00,1,Tomato,Loam,54.9965,384.9752,70.0,25.0,85.0,0.7,0.6666,60.0,5.0035,0.0,0.0,5.5e-05,6.3e-05,0.0,0.0,0.0,0.0,0.0,0.0
2026-06-01 03:12:00,2,Wheat,Sandy,41.998,377.9824,60.0,18.0,78.0,0.9,0.5714,55.0,13.002,0.0,0.0,5.5e-05,4.7e-05,0.0,0.0,0.0,0.0,0.0,0.0
2026-06-01 03:12:00,3,Maize,Clay,64.9975,649.9746,75.0,30.0,90.0,1.0,0.7777,65.0,0.0025,0.0,0.0,5.5e-05,6.6e-05,0.0,0.0,0.0,0.0,0.0,0.0
2026-06-01 03:13:00,1,Tomato,Loam,54.9965,384.9752,70.0,25.0,85.0,0.7,0.6666,60.0,5.0035,0.0,0.0,0.0,0.0,0.0,0.0,0.0,0.0,0.0,0.0
2026-06-01 03:13:00,2,Wheat,Sandy,41.998,377.9824,60.0,18.0,78.0,0.9,0.5714,55.0,13.002,0.0,0.0,0.0,0.0,0.0,0.0,0.0,0.0,0.0,0.0
2026-06-01 03:13:00,3,Maize,Clay,64.9975,649.9746,75.0,30.0,90.0,1.0,0.7777,65.0,0.0025,0.0,0.0,0.0,0.0,0.0,0.0,0.0,0.0,0.0,0.0
2026-06-01 03:14:00,1,Tomato,Loam,54.9965,384.9752,70.0,25.0,85.0,0.7,0.6666,60.0,5.0035,0.0,0.0,0.0,0.0,0.0,0.0,0.0,0.0,0.0,0.0
2026-06-01 03:14:00,2,Wheat,Sandy,41.998,377.9824,60.0,18.0,78.0,0.9,0.5714,55.0,13.002,0.0,0.0,0.0,0.0,0.0,0.0,0.0,0.0,0.0,0.0
2026-06-01 03:14:00,3,Maize,Clay,64.9975,649.9746,75.0,30.0,90.0,1.0,0.7777,65.0,0.0025,0.0,0.0,0.0,0.0,0.0,0.0,0.0,0.0,0.0,0.0
2026-06-01 03:15:00,1,Tomato,Loam,54.9965,384.9752,70.0,25.0,85.0,0.7,0.6666,60.0,5.0035,0.0,0.0,2.8e-05,3.2e-05,0.0,0.0,0.0,0.0,0.0,0.0
2026-06-01 03:15:00,2,Wheat,Sandy,41.998,377.9824,60.0,18.0,78.0,0.9,0.5714,55.0,13.002,0.0,0.0,2.8e-05,2.4e-05,0.0,0.0,0.0,0.0,0.0,0.0
2026-06-01 03:15:00,3,Maize,Clay,64.9975,649.9746,75.0,30.0,90.0,1.0,0.7777,65.0,0.0025,0.0,0.0,2.8e-05,3.4e-05,0.0,0.0,0.0,0.0,0.0,0.0
2026-06-01 03:16:00,1,Tomato,Loam,54.9965,384.9752,70.0,25.0,85.0,0.7,0.6666,60.0,5.0035,0.0,0.0,2.7e-05,3.1e-05,0.0,0.0,0.0,0.0,0.0,0.0
2026-06-01 03:16:00,2,Wheat,Sandy,41.998,377.9824,60.0,18.0,78.0,0.9,0.5714,55.0,13.002,0.0,0.0,2.7e-05,2.3e-05,0.0,0.0,0.0,0.0,0.0,0.0
2026-06-01 03:16:00,3,Maize,Clay,64.9975,649.9746,75.0,30.0,90.0,1.0,0.7777,65.0,0.0025,0.0,0.0,2.7e-05,3.2e-05,0.0,0.0,0.0,0.0,0.0,0.0
2026-06-01 03:17:00,1,Tomato,Loam,54.9965,384.9752,70.0,25.0,85.0,0.7,0.6666,60.0,5.0035,0.0,0.0,0.0,0.0,0.0,0.0,0.0,0.0,0.0,0.0
2026-06-01 03:17:00,2,Wheat,Sandy,41.998,377.9824,60.0,18.0,78.0,0.9,0.5714,55.0,13.002,0.0,0.0,0.0,0.0,0.0,0.0,0.0,0.0,0.0,0.0
2026-06-01 03:17:00,3,Maize,Clay,64.9975,649.9746,75.0,30.0,90.0,1.0,0.7777,65.0,0.0025,0.0,0.0,0.0,0.0,0.0,0.0,0.0,0.0,0.0,0.0
2026-06-01 03:18:00,1,Tomato,Loam,54.9965,384.9752,70.0,25.0,85.0,0.7,0.6666,60.0,5.0035,0.0,0.0,0.0,0.0,0.0,0.0,0.0,0.0,0.0,0.0
2026-06-01 03:18:00,2,Wheat,Sandy,41.998,377.9824,60.0,18.0,78.0,0.9,0.5714,55.0,13.002,0.0,0.0,0.0,0.0,0.0,0.0,0.0,0.0,0.0,0.0
2026-06-01 03:18:00,3,Maize,Clay,64.9975,649.9746,75.0,30.0,90.0,1.0,0.7777,65.0,0.0025,0.0,0.0,0.0,0.0,0.0,0.0,0.0,0.0,0.0,0.0
2026-06-01 03:19:00,1,Tomato,Loam,54.9965,384.9752,70.0,25.0,85.0,0.7,0.6666,60.0,5.0035,0.0,0.0,0.0,0.0,0.0,0.0,0.0,0.0,0.0,0.0
2026-06-01 03:19:00,2,Wheat,Sandy,41.998,377.9824,60.0,18.0,78.0,0.9,0.5714,55.0,13.002,0.0,0.0,0.0,0.0,0.0,0.0,0.0,0.0,0.0,0.0
2026-06-01 03:19:00,3,Maize,Clay,64.9975,649.9746,75.0,30.0,90.0,1.0,0.7777,65.0,0.0025,0.0,0.0,0.0,0.0,0.0,0.0,0.0,0.0,0.0,0.0
2026-06-01 03:20:00,1,Tomato,Loam,54.9965,384.9752,70.0,25.0,85.0,0.7,0.6666,60.0,5.0035,0.0,0.0,0.0,0.0,0.0,0.0,0.0,0.0,0.0,0.0
2026-06-01 03:20:00,2,Wheat,Sandy,41.998,377.9824,60.0,18.0,78.0,0.9,0.5714,55.0,13.002,0.0,0.0,0.0,0.0,0.0,0.0,0.0,0.0,0.0,0.0
2026-06-01 03:20:00,3,Maize,Clay,64.9975,649.9746,75.0,30.0,90.0,1.0,0.7777,65.0,0.0025,0.0,0.0,0.0,0.0,0.0,0.0,0.0,0.0,0.0,0.0
2026-06-01 03:21:00,1,Tomato,Loam,54.9965,384.9752,70.0,25.0,85.0,0.7,0.6666,60.0,5.0035,0.0,0.0,2.6e-05,3e-05,0.0,0.0,0.0,0.0,0.0,0.0
2026-06-01 03:21:00,2,Wheat,Sandy,41.998,377.9824,60.0,18.0,78.0,0.9,0.5714,55.0,13.002,0.0,0.0,2.6e-05,2.2e-05,0.0,0.0,0.0,0.0,0.0,0.0
2026-06-01 03:21:00,3,Maize,Clay,64.9975,649.9746,75.0,30.0,90.0,1.0,0.7777,65.0,0.0025,0.0,0.0,2.6e-05,3.1e-05,0.0,0.0,0.0,0.0,0.0,0.0
2026-06-01 03:22:00,1,Tomato,Loam,54.9965,384.9752,70.0,25.0,85.0,0.7,0.6666,60.0,5.0035,0.0,0.0,0.0,0.0,0.0,0.0,0.0,0.0,0.0,0.0
2026-06-01 03:22:00,2,Wheat,Sandy,41.998,377.9824,60.0,18.0,78.0,0.9,0.5714,55.0,13.002,0.0,0.0,0.0,0.0,0.0,0.0,0.0,0.0,0.0,0.0
2026-06-01 03:22:00,3,Maize,Clay,64.9975,649.9746,75.0,30.0,90.0,1.0,0.7777,65.0,0.0025,0.0,0.0,0.0,0.0,0.0,0.0,0.0,0.0,0.0,0.0
2026-06-01 03:23:00,1,Tomato,Loam,54.9965,384.9752,70.0,25.0,85.0,0.7,0.6666,60.0,5.0035,0.0,0.0,2e-06,2e-06,0.0,0.0,0.0,0.0,0.0,0.0
2026-06-01 03:23:00,2,Wheat,Sandy,41.998,377.9824,60.0,18.0,78.0,0.9,0.5714,55.0,13.002,0.0,0.0,2e-06,2e-06,0.0,0.0,0.0,0.0,0.0,0.0
2026-06-01 03:23:00,3,Maize,Clay,64.9975,649.9746,75.0,30.0,90.0,1.0,0.7777,65.0,0.0025,0.0,0.0,2e-06,2e-06,0.0,0.0,0.0,0.0,0.0,0.0
2026-06-01 03:24:00,1,Tomato,Loam,54.9965,384.9752,70.0,25.0,85.0,0.7,0.6666,60.0,5.0035,0.0,0.0,1.2e-05,1.4e-05,0.0,0.0,0.0,0.0,0.0,0.0
2026-06-01 03:24:00,2,Wheat,Sandy,41.998,377.9824,60.0,18.0,78.0,0.9,0.5714,55.0,13.002,0.0,0.0,1.2e-05,1e-05,0.0,0.0,0.0,0.0,0.0,0.0
2026-06-01 03:24:00,3,Maize,Clay,64.9975,649.9746,75.0,30.0,90.0,1.0,0.7777,65.0,0.0025,0.0,0.0,1.2e-05,1.4e-05,0.0,0.0,0.0,0.0,0.0,0.0
2026-06-01 03:25:00,1,Tomato,Loam,54.9965,384.9752,70.0,25.0,85.0,0.7,0.6666,60.0,5.0035,0.0,0.0,0.0,0.0,0.0,0.0,0.0,0.0,0.0,0.0
2026-06-01 03:25:00,2,Wheat,Sandy,41.998,377.9824,60.0,18.0,78.0,0.9,0.5714,55.0,13.002,0.0,0.0,0.0,0.0,0.0,0.0,0.0,0.0,0.0,0.0
2026-06-01 03:25:00,3,Maize,Clay,64.9975,649.9746,75.0,30.0,90.0,1.0,0.7777,65.0,0.0025,0.0,0.0,0.0,0.0,0.0,0.0,0.0,0.0,0.0,0.0
2026-06-01 03:26:00,1,Tomato,Loam,54.9965,384.9752,70.0,25.0,85.0,0.7,0.6666,60.0,5.0035,0.0,0.0,0.0,0.0,0.0,0.0,0.0,0.0,0.0,0.0
2026-06-01 03:26:00,2,Wheat,Sandy,41.998,377.9824,60.0,18.0,78.0,0.9,0.5714,55.0,13.002,0.0,0.0,0.0,0.0,0.0,0.0,0.0,0.0,0.0,0.0
2026-06-01 03:26:00,3,Maize,Clay,64.9975,649.9746,75.0,30.0,90.0,1.0,0.7777,65.0,0.0025,0.0,0.0,0.0,0.0,0.0,0.0,0.0,0.0,0.0,0.0
2026-06-01 03:27:00,1,Tomato,Loam,54.9965,384.9752,70.0,25.0,85.0,0.7,0.6666,60.0,5.0035,0.0,0.0,0.0,0.0,0.0,0.0,0.0,0.0,0.0,0.0
2026-06-01 03:27:00,2,Wheat,Sandy,41.998,377.9824,60.0,18.0,78.0,0.9,0.5714,55.0,13.002,0.0,0.0,0.0,0.0,0.0,0.0,0.0,0.0,0.0,0.0
2026-06-01 03:27:00,3,Maize,Clay,64.9975,649.9746,75.0,30.0,90.0,1.0,0.7777,65.0,0.0025,0.0,0.0,0.0,0.0,0.0,0.0,0.0,0.0,0.0,0.0
2026-06-01 03:28:00,1,Tomato,Loam,54.9965,384.9752,70.0,25.0,85.0,0.7,0.6666,60.0,5.0035,0.0,0.0,0.0,0.0,0.0,0.0,0.0,0.0,0.0,0.0
2026-06-01 03:28:00,2,Wheat,Sandy,41.998,377.9824,60.0,18.0,78.0,0.9,0.5714,55.0,13.002,0.0,0.0,0.0,0.0,0.0,0.0,0.0,0.0,0.0,0.0
2026-06-01 03:28:00,3,Maize,Clay,64.9975,649.9746,75.0,30.0,90.0,1.0,0.7777,65.0,0.0025,0.0,0.0,0.0,0.0,0.0,0.0,0.0,0.0,0.0,0.0
2026-06-01 03:29:00,1,Tomato,Loam,54.9965,384.9752,70.0,25.0,85.0,0.7,0.6666,60.0,5.0035,0.0,0.0,2e-05,2.3e-05,0.0,0.0,0.0,0.0,0.0,0.0
2026-06-01 03:29:00,2,Wheat,Sandy,41.998,377.9824,60.0,18.0,78.0,0.9,0.5714,55.0,13.002,0.0,0.0,2e-05,1.7e-05,0.0,0.0,0.0,0.0,0.0,0.0
2026-06-01 03:29:00,3,Maize,Clay,64.9975,649.9746,75.0,30.0,90.0,1.0,0.7777,65.0,0.0025,0.0,0.0,2e-05,2.4e-05,0.0,0.0,0.0,0.0,0.0,0.0
2026-06-01 03:30:00,1,Tomato,Loam,54.9965,384.9752,70.0,25.0,85.0,0.7,0.6666,60.0,5.0035,0.0,0.0,1.2e-05,1.4e-05,0.0,0.0,0.0,0.0,0.0,0.0
2026-06-01 03:30:00,2,Wheat,Sandy,41.998,377.9824,60.0,18.0,78.0,0.9,0.5714,55.0,13.002,0.0,0.0,1.2e-05,1e-05,0.0,0.0,0.0,0.0,0.0,0.0
2026-06-01 03:30:00,3,Maize,Clay,64.9975,649.9746,75.0,30.0,90.0,1.0,0.7777,65.0,0.0025,0.0,0.0,1.2e-05,1.4e-05,0.0,0.0,0.0,0.0,0.0,0.0
2026-06-01 03:31:00,1,Tomato,Loam,54.9965,384.9752,70.0,25.0,85.0,0.7,0.6666,60.0,5.0035,0.0,0.0,0.0,0.0,0.0,0.0,0.0,0.0,0.0,0.0
2026-06-01 03:31:00,2,Wheat,Sandy,41.998,377.9824,60.0,18.0,78.0,0.9,0.5714,55.0,13.002,0.0,0.0,0.0,0.0,0.0,0.0,0.0,0.0,0.0,0.0
2026-06-01 03:31:00,3,Maize,Clay,64.9975,649.9746,75.0,30.0,90.0,1.0,0.7777,65.0,0.0025,0.0,0.0,0.0,0.0,0.0,0.0,0.0,0.0,0.0,0.0
2026-06-01 03:32:00,1,Tomato,Loam,54.9965,384.9752,70.0,25.0,85.0,0.7,0.6666,60.0,5.0035,0.0,0.0,3.5e-05,4e-05,0.0,0.0,0.0,0.0,0.0,0.0
2026-06-01 03:32:00,2,Wheat,Sandy,41.998,377.9824,60.0,18.0,78.0,0.9,0.5714,55.0,13.002,0.0,0.0,3.5e-05,3e-05,0.0,0.0,0.0,0.0,0.0,0.0
2026-06-01 03:32:00,3,Maize,Clay,64.9975,649.9746,75.0,30.0,90.0,1.0,0.7777,65.0,0.0025,0.0,0.0,3.5e-05,4.2e-05,0.0,0.0,0.0,0.0,0.0,0.0
2026-06-01 03:33:00,1,Tomato,Loam,54.9965,384.9752,70.0,25.0,85.0,0.7,0.6666,60.0,5.0035,0.0,0.0,0.0,0.0,0.0,0.0,0.0,0.0,0.0,0.0
2026-06-01 03:33:00,2,Wheat,Sandy,41.998,377.9824,60.0,18.0,78.0,0.9,0.5714,55.0,13.002,0.0,0.0,0.0,0.0,0.0,0.0,0.0,0.0,0.0,0.0
2026-06-01 03:33:00,3,Maize,Clay,64.9975,649.9746,75.0,30.0,90.0,1.0,0.7777,65.0,0.0025,0.0,0.0,0.0,0.0,0.0,0.0,0.0,0.0,0.0,0.0
2026-06-01 03:34:00,1,Tomato,Loam,54.9965,384.9752,70.0,25.0,85.0,0.7,0.6666,60.0,5.0035,0.0,0.0,0.0,0.0,0.0,0.0,0.0,0.0,0.0,0.0
2026-06-01 03:34:00,2,Wheat,Sandy,41.998,377.9824,60.0,18.0,78.0,0.9,0.5714,55.0,13.002,0.0,0.0,0.0,0.0,0.0,0.0,0.0,0.0,0.0,0.0
2026-06-01 03:34:00,3,Maize,Clay,64.9975,649.9746,75.0,30.0,90.0,1.0,0.7777,65.0,0.0025,0.0,0.0,0.0,0.0,0.0,0.0,0.0,0.0,0.0,0.0
2026-06-01 03:35:00,1,Tomato,Loam,54.9965,384.9752,70.0,25.0,85.0,0.7,0.6666,60.0,5.0035,0.0,0.0,2e-05,2.3e-05,0.0,0.0,0.0,0.0,0.0,0.0
2026-06-01 03:35:00,2,Wheat,Sandy,41.998,377.9824,60.0,18.0,78.0,0.9,0.5714,55.0,13.002,0.0,0.0,2e-05,1.7e-05,0.0,0.0,0.0,0.0,0.0,0.0
2026-06-01 03:35:00,3,Maize,Clay,64.9975,649.9746,75.0,30.0,90.0,1.0,0.7777,65.0,0.0025,0.0,0.0,2e-05,2.4e-05,0.0,0.0,0.0,0.0,0.0,0.0
2026-06-01 03:36:00,1,Tomato,Loam,54.9965,384.9752,70.0,25.0,85.0,0.7,0.6666,60.0,5.0035,0.0,0.0,0.0,0.0,0.0,0.0,0.0,0.0,0.0,0.0
2026-06-01 03:36:00,2,Wheat,Sandy,41.998,377.9824,60.0,18.0,78.0,0.9,0.5714,55.0,13.002,0.0,0.0,0.0,0.0,0.0,0.0,0.0,0.0,0.0,0.0
2026-06-01 03:36:00,3,Maize,Clay,64.9975,649.9746,75.0,30.0,90.0,1.0,0.7777,65.0,0.0025,0.0,0.0,0.0,0.0,0.0,0.0,0.0,0.0,0.0,0.0
2026-06-01 03:37:00,1,Tomato,Loam,54.9965,384.9752,70.0,25.0,85.0,0.7,0.6666,60.0,5.0035,0.0,0.0,1.5e-05,1.7e-05,0.0,0.0,0.0,0.0,0.0,0.0
2026-06-01 03:37:00,2,Wheat,Sandy,41.998,377.9824,60.0,18.0,78.0,0.9,0.5714,55.0,13.002,0.0,0.0,1.5e-05,1.3e-05,0.0,0.0,0.0,0.0,0.0,0.0
2026-06-01 03:37:00,3,Maize,Clay,64.9975,649.9746,75.0,30.0,90.0,1.0,0.7777,65.0,0.0025,0.0,0.0,1.5e-05,1.8e-05,0.0,0.0,0.0,0.0,0.0,0.0
2026-06-01 03:38:00,1,Tomato,Loam,54.9965,384.9752,70.0,25.0,85.0,0.7,0.6666,60.0,5.0035,0.0,0.0,0.0,0.0,0.0,0.0,0.0,0.0,0.0,0.0
2026-06-01 03:38:00,2,Wheat,Sandy,41.998,377.9824,60.0,18.0,78.0,0.9,0.5714,55.0,13.002,0.0,0.0,0.0,0.0,0.0,0.0,0.0,0.0,0.0,0.0
2026-06-01 03:38:00,3,Maize,Clay,64.9975,649.9746,75.0,30.0,90.0,1.0,0.7777,65.0,0.0025,0.0,0.0,0.0,0.0,0.0,0.0,0.0,0.0,0.0,0.0
2026-06-01 03:39:00,1,Tomato,Loam,54.9965,384.9752,70.0,25.0,85.0,0.7,0.6666,60.0,5.0035,0.0,0.0,0.0,0.0,0.0,0.0,0.0,0.0,0.0,0.0
2026-06-01 03:39:00,2,Wheat,Sandy,41.998,377.9824,60.0,18.0,78.0,0.9,0.5714,55.0,13.002,0.0,0.0,0.0,0.0,0.0,0.0,0.0,0.0,0.0,0.0
2026-06-01 03:39:00,3,Maize,Clay,64.9975,649.9746,75.0,30.0,90.0,1.0,0.7777,65.0,0.0025,0.0,0.0,0.0,0.0,0.0,0.0,0.0,0.0,0.0,0.0
2026-06-01 03:40:00,1,Tomato,Loam,54.9965,384.9752,70.0,25.0,85.0,0.7,0.6666,60.0,5.0035,0.0,0.0,3.1e-05,3.6e-05,0.0,0.0,0.0,0.0,0.0,0.0
2026-06-01 03:40:00,2,Wheat,Sandy,41.998,377.9824,60.0,18.0,78.0,0.9,0.5714,55.0,13.002,0.0,0.0,3.1e-05,2.6e-05,0.0,0.0,0.0,0.0,0.0,0.0
2026-06-01 03:40:00,3,Maize,Clay,64.9975,649.9746,75.0,30.0,90.0,1.0,0.7777,65.0,0.0025,0.0,0.0,3.1e-05,3.7e-05,0.0,0.0,0.0,0.0,0.0,0.0
2026-06-01 03:41:00,1,Tomato,Loam,54.9965,384.9752,70.0,25.0,85.0,0.7,0.6666,60.0,5.0035,0.0,0.0,2e-06,2e-06,0.0,0.0,0.0,0.0,0.0,0.0
2026-06-01 03:41:00,2,Wheat,Sandy,41.998,377.9824,60.0,18.0,78.0,0.9,0.5714,55.0,13.002,0.0,0.0,2e-06,2e-06,0.0,0.0,0.0,0.0,0.0,0.0
2026-06-01 03:41:00,3,Maize,Clay,64.9975,649.9746,75.0,30.0,90.0,1.0,0.7777,65.0,0.0025,0.0,0.0,2e-06,2e-06,0.0,0.0,0.0,0.0,0.0,0.0
2026-06-01 03:42:00,1,Tomato,Loam,54.9965,384.9752,70.0,25.0,85.0,0.7,0.6666,60.0,5.0035,0.0,0.0,0.0,0.0,0.0,0.0,0.0,0.0,0.0,0.0
2026-06-01 03:42:00,2,Wheat,Sandy,41.998,377.9824,60.0,18.0,78.0,0.9,0.5714,55.0,13.002,0.0,0.0,0.0,0.0,0.0,0.0,0.0,0.0,0.0,0.0
2026-06-01 03:42:00,3,Maize,Clay,64.9975,649.9746,75.0,30.0,90.0,1.0,0.7777,65.0,0.0025,0.0,0.0,0.0,0.0,0.0,0.0,0.0,0.0,0.0,0.0
2026-06-01 03:43:00,1,Tomato,Loam,54.9965,384.9752,70.0,25.0,85.0,0.7,0.6666,60.0,5.0035,0.0,0.0,0.0,0.0,0.0,0.0,0.0,0.0,0.0,0.0
2026-06-01 03:43:00,2,Wheat,Sandy,41.998,377.9824,60.0,18.0,78.0,0.9,0.5714,55.0,13.002,0.0,0.0,0.0,0.0,0.0,0.0,0.0,0.0,0.0,0.0
2026-06-01 03:43:00,3,Maize,Clay,64.9975,649.9746,75.0,30.0,90.0,1.0,0.7777,65.0,0.0025,0.0,0.0,0.0,0.0,0.0,0.0,0.0,0.0,0.0,0.0
2026-06-01 03:44:00,1,Tomato,Loam,54.9965,384.9752,70.0,25.0,85.0,0.7,0.6666,60.0,5.0035,0.0,0.0,4e-06,5e-06,0.0,0.0,0.0,0.0,0.0,0.0
2026-06-01 03:44:00,2,Wheat,Sandy,41.998,377.9824,60.0,18.0,78.0,0.9,0.5714,55.0,13.002,0.0,0.0,4e-06,3e-06,0.0,0.0,0.0,0.0,0.0,0.0
2026-06-01 03:44:00,3,Maize,Clay,64.9975,649.9746,75.0,30.0,90.0,1.0,0.7777,65.0,0.0025,0.0,0.0,4e-06,5e-06,0.0,0.0,0.0,0.0,0.0,0.0
2026-06-01 03:45:00,1,Tomato,Loam,54.9965,384.9752,70.0,25.0,85.0,0.7,0.6666,60.0,5.0035,0.0,0.0,0.0,0.0,0.0,0.0,0.0,0.0,0.0,0.0
2026-06-01 03:45:00,2,Wheat,Sandy,41.998,377.9824,60.0,18.0,78.0,0.9,0.5714,55.0,13.002,0.0,0.0,0.0,0.0,0.0,0.0,0.0,0.0,0.0,0.0
2026-06-01 03:45:00,3,Maize,Clay,64.9975,649.9746,75.0,30.0,90.0,1.0,0.7777,65.0,0.0025,0.0,0.0,0.0,0.0,0.0,0.0,0.0,0.0,0.0,0.0
2026-06-01 03:46:00,1,Tomato,Loam,54.9965,384.9752,70.0,25.0,85.0,0.7,0.6666,60.0,5.0035,0.0,0.0,0.0,0.0,0.0,0.0,0.0,0.0,0.0,0.0
2026-06-01 03:46:00,2,Wheat,Sandy,41.998,377.9824,60.0,18.0,78.0,0.9,0.5714,55.0,13.002,0.0,0.0,0.0,0.0,0.0,0.0,0.0,0.0,0.0,0.0
2026-06-01 03:46:00,3,Maize,Clay,64.9975,649.9746,75.0,30.0,90.0,1.0,0.7777,65.0,0.0025,0.0,0.0,0.0,0.0,0.0,0.0,0.0,0.0,0.0,0.0
2026-06-01 03:47:00,1,Tomato,Loam,54.9965,384.9752,70.0,25.0,85.0,0.7,0.6666,60.0,5.0035,0.0,0.0,4.1e-05,4.7e-05,0.0,0.0,0.0,0.0,0.0,0.0
2026-06-01 03:47:00,2,Wheat,Sandy,41.998,377.9824,60.0,18.0,78.0,0.9,0.5714,55.0,13.002,0.0,0.0,4.1e-05,3.5e-05,0.0,0.0,0.0,0.0,0.0,0.0
2026-06-01 03:47:00,3,Maize,Clay,64.9975,649.9746,75.0,30.0,90.0,1.0,0.7777,65.0,0.0025,0.0,0.0,4.1e-05,4.9e-05,0.0,0.0,0.0,0.0,0.0,0.0
2026-06-01 03:48:00,1,Tomato,Loam,54.9965,384.9752,70.0,25.0,85.0,0.7,0.6666,60.0,5.0035,0.0,0.0,0.0,0.0,0.0,0.0,0.0,0.0,0.0,0.0
2026-06-01 03:48:00,2,Wheat,Sandy,41.998,377.9824,60.0,18.0,78.0,0.9,0.5714,55.0,13.002,0.0,0.0,0.0,0.0,0.0,0.0,0.0,0.0,0.0,0.0
2026-06-01 03:48:00,3,Maize,Clay,64.9975,649.9746,75.0,30.0,90.0,1.0,0.7777,65.0,0.0025,0.0,0.0,0.0,0.0,0.0,0.0,0.0,0.0,0.0,0.0
2026-06-01 03:49:00,1,Tomato,Loam,54.9965,384.9752,70.0,25.0,85.0,0.7,0.6666,60.0,5.0035,0.0,0.0,0.0,0.0,0.0,0.0,0.0,0.0,0.0,0.0
2026-06-01 03:49:00,2,Wheat,Sandy,41.998,377.9824,60.0,18.0,78.0,0.9,0.5714,55.0,13.002,0.0,0.0,0.0,0.0,0.0,0.0,0.0,0.0,0.0,0.0
2026-06-01 03:49:00,3,Maize,Clay,64.9975,649.9746,75.0,30.0,90.0,1.0,0.7777,65.0,0.0025,0.0,0.0,0.0,0.0,0.0,0.0,0.0,0.0,0.0,0.0
2026-06-01 03:50:00,1,Tomato,Loam,54.9965,384.9752,70.0,25.0,85.0,0.7,0.6666,60.0,5.0035,0.0,0.0,0.0,0.0,0.0,0.0,0.0,0.0,0.0,0.0
2026-06-01 03:50:00,2,Wheat,Sandy,41.998,377.9824,60.0,18.0,78.0,0.9,0.5714,55.0,13.002,0.0,0.0,0.0,0.0,0.0,0.0,0.0,0.0,0.0,0.0
2026-06-01 03:50:00,3,Maize,Clay,64.9975,649.9746,75.0,30.0,90.0,1.0,0.7777,65.0,0.0025,0.0,0.0,0.0,0.0,0.0,0.0,0.0,0.0,0.0,0.0
2026-06-01 03:51:00,1,Tomato,Loam,54.9965,384.9752,70.0,25.0,85.0,0.7,0.6666,60.0,5.0035,0.0,0.0,0.0,0.0,0.0,0.0,0.0,0.0,0.0,0.0
2026-06-01 03:51:00,2,Wheat,Sandy,41.998,377.9824,60.0,18.0,78.0,0.9,0.5714,55.0,13.002,0.0,0.0,0.0,0.0,0.0,0.0,0.0,0.0,0.0,0.0
2026-06-01 03:51:00,3,Maize,Clay,64.9975,649.9746,75.0,30.0,90.0,1.0,0.7777,65.0,0.0025,0.0,0.0,0.0,0.0,0.0,0.0,0.0,0.0,0.0,0.0
2026-06-01 03:52:00,1,Tomato,Loam,54.9965,384.9752,70.0,25.0,85.0,0.7,0.6666,60.0,5.0035,0.0,0.0,0.0,0.0,0.0,0.0,0.0,0.0,0.0,0.0
2026-06-01 03:52:00,2,Wheat,Sandy,41.998,377.9824,60.0,18.0,78.0,0.9,0.5714,55.0,13.002,0.0,0.0,0.0,0.0,0.0,0.0,0.0,0.0,0.0,0.0
2026-06-01 03:52:00,3,Maize,Clay,64.9975,649.9746,75.0,30.0,90.0,1.0,0.7777,65.0,0.0025,0.0,0.0,0.0,0.0,0.0,0.0,0.0,0.0,0.0,0.0
2026-06-01 03:53:00,1,Tomato,Loam,54.9965,384.9752,70.0,25.0,85.0,0.7,0.6666,60.0,5.0035,0.0,0.0,0.0,0.0,0.0,0.0,0.0,0.0,0.0,0.0
2026-06-01 03:53:00,2,Wheat,Sandy,41.998,377.9824,60.0,18.0,78.0,0.9,0.5714,55.0,13.002,0.0,0.0,0.0,0.0,0.0,0.0,0.0,0.0,0.0,0.0
2026-06-01 03:53:00,3,Maize,Clay,64.9975,649.9746,75.0,30.0,90.0,1.0,0.7777,65.0,0.0025,0.0,0.0,0.0,0.0,0.0,0.0,0.0,0.0,0.0,0.0
2026-06-01 03:54:00,1,Tomato,Loam,54.9965,384.9752,70.0,25.0,85.0,0.7,0.6666,60.0,5.0035,0.0,0.0,3.1e-05,3.6e-05,0.0,0.0,0.0,0.0,0.0,0.0
2026-06-01 03:54:00,2,Wheat,Sandy,41.998,377.9824,60.0,18.0,78.0,0.9,0.5714,55.0,13.002,0.0,0.0,3.1e-05,2.6e-05,0.0,0.0,0.0,0.0,0.0,0.0
2026-06-01 03:54:00,3,Maize,Clay,64.9975,649.9746,75.0,30.0,90.0,1.0,0.7777,65.0,0.0025,0.0,0.0,3.1e-05,3.7e-05,0.0,0.0,0.0,0.0,0.0,0.0
2026-06-01 03:55:00,1,Tomato,Loam,54.9965,384.9752,70.0,25.0,85.0,0.7,0.6666,60.0,5.0035,0.0,0.0,2.1e-05,2.4e-05,0.0,0.0,0.0,0.0,0.0,0.0
2026-06-01 03:55:00,2,Wheat,Sandy,41.998,377.9824,60.0,18.0,78.0,0.9,0.5714,55.0,13.002,0.0,0.0,2.1e-05,1.8e-05,0.0,0.0,0.0,0.0,0.0,0.0
2026-06-01 03:55:00,3,Maize,Clay,64.9975,649.9746,75.0,30.0,90.0,1.0,0.7777,65.0,0.0025,0.0,0.0,2.1e-05,2.5e-05,0.0,0.0,0.0,0.0,0.0,0.0
2026-06-01 03:56:00,1,Tomato,Loam,54.9965,384.9752,70.0,25.0,85.0,0.7,0.6666,60.0,5.0035,0.0,0.0,0.0,0.0,0.0,0.0,0.0,0.0,0.0,0.0
2026-06-01 03:56:00,2,Wheat,Sandy,41.998,377.9824,60.0,18.0,78.0,0.9,0.5714,55.0,13.002,0.0,0.0,0.0,0.0,0.0,0.0,0.0,0.0,0.0,0.0
2026-06-01 03:56:00,3,Maize,Clay,64.9975,649.9746,75.0,30.0,90.0,1.0,0.7777,65.0,0.0025,0.0,0.0,0.0,0.0,0.0,0.0,0.0,0.0,0.0,0.0
2026-06-01 03:57:00,1,Tomato,Loam,54.9965,384.9752,70.0,25.0,85.0,0.7,0.6666,60.0,5.0035,0.0,0.0,0.0,0.0,0.0,0.0,0.0,0.0,0.0,0.0
2026-06-01 03:57:00,2,Wheat,Sandy,41.998,377.9824,60.0,18.0,78.0,0.9,0.5714,55.0,13.002,0.0,0.0,0.0,0.0,0.0,0.0,0.0,0.0,0.0,0.0
2026-06-01 03:57:00,3,Maize,Clay,64.9975,649.9746,75.0,30.0,90.0,1.0,0.7777,65.0,0.0025,0.0,0.0,0.0,0.0,0.0,0.0,0.0,0.0,0.0,0.0
2026-06-01 03:58:00,1,Tomato,Loam,54.9965,384.9752,70.0,25.0,85.0,0.7,0.6666,60.0,5.0035,0.0,0.0,8e-06,9e-06,0.0,0.0,0.0,0.0,0.0,0.0
2026-06-01 03:58:00,2,Wheat,Sandy,41.998,377.9824,60.0,18.0,78.0,0.9,0.5714,55.0,13.002,0.0,0.0,8e-06,7e-06,0.0,0.0,0.0,0.0,0.0,0.0
2026-06-01 03:58:00,3,Maize,Clay,64.9975,649.9746,75.0,30.0,90.0,1.0,0.7777,65.0,0.0025,0.0,0.0,8e-06,1e-05,0.0,0.0,0.0,0.0,0.0,0.0
2026-06-01 03:59:00,1,Tomato,Loam,54.9965,384.9752,70.0,25.0,85.0,0.7,0.6666,60.0,5.0035,0.0,0.0,0.0,0.0,0.0,0.0,0.0,0.0,0.0,0.0
2026-06-01 03:59:00,2,Wheat,Sandy,41.998,377.9824,60.0,18.0,78.0,0.9,0.5714,55.0,13.002,0.0,0.0,0.0,0.0,0.0,0.0,0.0,0.0,0.0,0.0
2026-06-01 03:59:00,3,Maize,Clay,64.9975,649.9746,75.0,30.0,90.0,1.0,0.7777,65.0,0.0025,0.0,0.0,0.0,0.0,0.0,0.0,0.0,0.0,0.0,0.0
2026-06-01 04:00:00,1,Tomato,Loam,54.9965,384.9752,70.0,25.0,85.0,0.7,0.6666,60.0,5.0035,0.0,0.0,0.0,0.0,0.0,0.0,0.0,0.0,0.0,0.0
2026-06-01 04:00:00,2,Wheat,Sandy,41.998,377.9824,60.0,18.0,78.0,0.9,0.5714,55.0,13.002,0.0,0.0,0.0,0.0,0.0,0.0,0.0,0.0,0.0,0.0
2026-06-01 04:00:00,3,Maize,Clay,64.9975,649.9746,75.0,30.0,90.0,1.0,0.7777,65.0,0.0025,0.0,0.0,0.0,0.0,0.0,0.0,0.0,0.0,0.0,0.0
2026-06-01 04:01:00,1,Tomato,Loam,54.9965,384.9752,70.0,25.0,85.0,0.7,0.6666,60.0,5.0035,0.0,0.0,0.0,0.0,0.0,0.0,0.0,0.0,0.0,0.0
2026-06-01 04:01:00,2,Wheat,Sandy,41.998,377.9824,60.0,18.0,78.0,0.9,0.5714,55.0,13.002,0.0,0.0,0.0,0.0,0.0,0.0,0.0,0.0,0.0,0.0
2026-06-01 04:01:00,3,Maize,Clay,64.9975,649.9746,75.0,30.0,90.0,1.0,0.7777,65.0,0.0025,0.0,0.0,0.0,0.0,0.0,0.0,0.0,0.0,0.0,0.0
2026-06-01 04:02:00,1,Tomato,Loam,54.9965,384.9752,70.0,25.0,85.0,0.7,0.6666,60.0,5.0035,0.0,0.0,0.0,0.0,0.0,0.0,0.0,0.0,0.0,0.0
2026-06-01 04:02:00,2,Wheat,Sandy,41.998,377.9824,60.0,18.0,78.0,0.9,0.5714,55.0,13.002,0.0,0.0,0.0,0.0,0.0,0.0,0.0,0.0,0.0,0.0
2026-06-01 04:02:00,3,Maize,Clay,64.9975,649.9746,75.0,30.0,90.0,1.0,0.7777,65.0,0.0025,0.0,0.0,0.0,0.0,0.0,0.0,0.0,0.0,0.0,0.0
2026-06-01 04:03:00,1,Tomato,Loam,54.9965,384.9752,70.0,25.0,85.0,0.7,0.6666,60.0,5.0035,0.0,0.0,0.0,0.0,0.0,0.0,0.0,0.0,0.0,0.0
2026-06-01 04:03:00,2,Wheat,Sandy,41.998,377.9824,60.0,18.0,78.0,0.9,0.5714,55.0,13.002,0.0,0.0,0.0,0.0,0.0,0.0,0.0,0.0,0.0,0.0
2026-06-01 04:03:00,3,Maize,Clay,64.9975,649.9746,75.0,30.0,90.0,1.0,0.7777,65.0,0.0025,0.0,0.0,0.0,0.0,0.0,0.0,0.0,0.0,0.0,0.0
2026-06-01 04:04:00,1,Tomato,Loam,54.9965,384.9752,70.0,25.0,85.0,0.7,0.6666,60.0,5.0035,0.0,0.0,1.7e-05,2e-05,0.0,0.0,0.0,0.0,0.0,0.0
2026-06-01 04:04:00,2,Wheat,Sandy,41.998,377.9824,60.0,18.0,78.0,0.9,0.5714,55.0,13.002,0.0,0.0,1.7e-05,1.4e-05,0.0,0.0,0.0,0.0,0.0,0.0
2026-06-01 04:04:00,3,Maize,Clay,64.9975,649.9746,75.0,30.0,90.0,1.0,0.7777,65.0,0.0025,0.0,0.0,1.7e-05,2e-05,0.0,0.0,0.0,0.0,0.0,0.0
2026-06-01 04:05:00,1,Tomato,Loam,54.9965,384.9752,70.0,25.0,85.0,0.7,0.6666,60.0,5.0035,0.0,0.0,0.0,0.0,0.0,0.0,0.0,0.0,0.0,0.0
2026-06-01 04:05:00,2,Wheat,Sandy,41.998,377.9824,60.0,18.0,78.0,0.9,0.5714,55.0,13.002,0.0,0.0,0.0,0.0,0.0,0.0,0.0,0.0,0.0,0.0
2026-06-01 04:05:00,3,Maize,Clay,64.9975,649.9746,75.0,30.0,90.0,1.0,0.7777,65.0,0.0025,0.0,0.0,0.0,0.0,0.0,0.0,0.0,0.0,0.0,0.0
2026-06-01 04:06:00,1,Tomato,Loam,54.9965,384.9752,70.0,25.0,85.0,0.7,0.6666,60.0,5.0035,0.0,0.0,0.0,0.0,0.0,0.0,0.0,0.0,0.0,0.0
2026-06-01 04:06:00,2,Wheat,Sandy,41.998,377.9824,60.0,18.0,78.0,0.9,0.5714,55.0,13.002,0.0,0.0,0.0,0.0,0.0,0.0,0.0,0.0,0.0,0.0
2026-06-01 04:06:00,3,Maize,Clay,64.9975,649.9746,75.0,30.0,90.0,1.0,0.7777,65.0,0.0025,0.0,0.0,0.0,0.0,0.0,0.0,0.0,0.0,0.0,0.0
2026-06-01 04:07:00,1,Tomato,Loam,54.9965,384.9752,70.0,25.0,85.0,0.7,0.6666,60.0,5.0035,0.0,0.0,2e-06,2e-06,0.0,0.0,0.0,0.0,0.0,0.0
2026-06-01 04:07:00,2,Wheat,Sandy,41.998,377.9824,60.0,18.0,78.0,0.9,0.5714,55.0,13.002,0.0,0.0,2e-06,2e-06,0.0,0.0,0.0,0.0,0.0,0.0
2026-06-01 04:07:00,3,Maize,Clay,64.9975,649.9746,75.0,30.0,90.0,1.0,0.7777,65.0,0.0025,0.0,0.0,2e-06,2e-06,0.0,0.0,0.0,0.0,0.0,0.0
2026-06-01 04:08:00,1,Tomato,Loam,54.9965,384.9752,70.0,25.0,85.0,0.7,0.6666,60.0,5.0035,0.0,0.0,4.2e-05,4.8e-05,0.0,0.0,0.0,0.0,0.0,0.0
2026-06-01 04:08:00,2,Wheat,Sandy,41.998,377.9824,60.0,18.0,78.0,0.9,0.5714,55.0,13.002,0.0,0.0,4.2e-05,3.6e-05,0.0,0.0,0.0,0.0,0.0,0.0
2026-06-01 04:08:00,3,Maize,Clay,64.9975,649.9746,75.0,30.0,90.0,1.0,0.7777,65.0,0.0025,0.0,0.0,4.2e-05,5e-05,0.0,0.0,0.0,0.0,0.0,0.0
2026-06-01 04:09:00,1,Tomato,Loam,54.9965,384.9752,70.0,25.0,85.0,0.7,0.6666,60.0,5.0035,0.0,0.0,0.0,0.0,0.0,0.0,0.0,0.0,0.0,0.0
2026-06-01 04:09:00,2,Wheat,Sandy,41.998,377.9824,60.0,18.0,78.0,0.9,0.5714,55.0,13.002,0.0,0.0,0.0,0.0,0.0,0.0,0.0,0.0,0.0,0.0
2026-06-01 04:09:00,3,Maize,Clay,64.9975,649.9746,75.0,30.0,90.0,1.0,0.7777,65.0,0.0025,0.0,0.0,0.0,0.0,0.0,0.0,0.0,0.0,0.0,0.0
2026-06-01 04:10:00,1,Tomato,Loam,54.9965,384.9752,70.0,25.0,85.0,0.7,0.6666,60.0,5.0035,0.0,0.0,0.0,0.0,0.0,0.0,0.0,0.0,0.0,0.0
2026-06-01 04:10:00,2,Wheat,Sandy,41.998,377.9824,60.0,18.0,78.0,0.9,0.5714,55.0,13.002,0.0,0.0,0.0,0.0,0.0,0.0,0.0,0.0,0.0,0.0
2026-06-01 04:10:00,3,Maize,Clay,64.9975,649.9746,75.0,30.0,90.0,1.0,0.7777,65.0,0.0025,0.0,0.0,0.0,0.0,0.0,0.0,0.0,0.0,0.0,0.0
2026-06-01 04:11:00,1,Tomato,Loam,54.9964,384.9751,70.0,25.0,85.0,0.7,0.6666,60.0,5.0036,0.0,0.0,4.9e-05,5.6e-05,0.0,0.0,0.0,0.0,0.0,0.0
2026-06-01 04:11:00,2,Wheat,Sandy,41.998,377.9824,60.0,18.0,78.0,0.9,0.5714,55.0,13.002,0.0,0.0,4.9e-05,4.2e-05,0.0,0.0,0.0,0.0,0.0,0.0
2026-06-01 04:11:00,3,Maize,Clay,64.9975,649.9745,75.0,30.0,90.0,1.0,0.7777,65.0,0.0025,0.0,0.0,4.9e-05,5.9e-05,0.0,0.0,0.0,0.0,0.0,0.0
2026-06-01 04:12:00,1,Tomato,Loam,54.9964,384.9751,70.0,25.0,85.0,0.7,0.6666,60.0,5.0036,0.0,0.0,1.1e-05,1.3e-05,0.0,0.0,0.0,0.0,0.0,0.0
2026-06-01 04:12:00,2,Wheat,Sandy,41.998,377.9824,60.0,18.0,78.0,0.9,0.5714,55.0,13.002,0.0,0.0,1.1e-05,9e-06,0.0,0.0,0.0,0.0,0.0,0.0
2026-06-01 04:12:00,3,Maize,Clay,64.9974,649.9745,75.0,30.0,90.0,1.0,0.7777,65.0,0.0026,0.0,0.0,1.1e-05,1.3e-05,0.0,0.0,0.0,0.0,0.0,0.0
2026-06-01 04:13:00,1,Tomato,Loam,54.9964,384.9751,70.0,25.0,85.0,0.7,0.6666,60.0,5.0036,0.0,0.0,0.0,0.0,0.0,0.0,0.0,0.0,0.0,0.0
2026-06-01 04:13:00,2,Wheat,Sandy,41.998,377.9824,60.0,18.0,78.0,0.9,0.5714,55.0,13.002,0.0,0.0,0.0,0.0,0.0,0.0,0.0,0.0,0.0,0.0
2026-06-01 04:13:00,3,Maize,Clay,64.9975,649.9745,75.0,30.0,90.0,1.0,0.7777,65.0,0.0025,0.0,0.0,0.0,0.0,0.0,0.0,0.0,0.0,0.0,0.0
2026-06-01 04:14:00,1,Tomato,Loam,54.9964,384.9751,70.0,25.0,85.0,0.7,0.6666,60.0,5.0036,0.0,0.0,2.3e-05,2.6e-05,0.0,0.0,0.0,0.0,0.0,0.0
2026-06-01 04:14:00,2,Wheat,Sandy,41.998,377.9824,60.0,18.0,78.0,0.9,0.5714,55.0,13.002,0.0,0.0,2.3e-05,2e-05,0.0,0.0,0.0,0.0,0.0,0.0
2026-06-01 04:14:00,3,Maize,Clay,64.9974,649.9745,75.0,30.0,90.0,1.0,0.7777,65.0,0.0026,0.0,0.0,2.3e-05,2.8e-05,0.0,0.0,0.0,0.0,0.0,0.0
2026-06-01 04:15:00,1,Tomato,Loam,54.9964,384.9751,70.0,25.0,85.0,0.7,0.6666,60.0,5.0036,0.0,0.0,1.6e-05,1.8e-05,0.0,0.0,0.0,0.0,0.0,0.0
2026-06-01 04:15:00,2,Wheat,Sandy,41.998,377.9824,60.0,18.0,78.0,0.9,0.5714,55.0,13.002,0.0,0.0,1.6e-05,1.4e-05,0.0,0.0,0.0,0.0,0.0,0.0
2026-06-01 04:15:00,3,Maize,Clay,64.9974,649.9745,75.0,30.0,90.0,1.0,0.7777,65.0,0.0026,0.0,0.0,1.6e-05,1.9e-05,0.0,0.0,0.0,0.0,0.0,0.0
2026-06-01 04:16:00,1,Tomato,Loam,54.9964,384.9751,70.0,25.0,85.0,0.7,0.6666,60.0,5.0036,0.0,0.0,0.0,0.0,0.0,0.0,0.0,0.0,0.0,0.0
2026-06-01 04:16:00,2,Wheat,Sandy,41.998,377.9824,60.0,18.0,78.0,0.9,0.5714,55.0,13.002,0.0,0.0,0.0,0.0,0.0,0.0,0.0,0.0,0.0,0.0
2026-06-01 04:16:00,3,Maize,Clay,64.9975,649.9745,75.0,30.0,90.0,1.0,0.7777,65.0,0.0025,0.0,0.0,0.0,0.0,0.0,0.0,0.0,0.0,0.0,0.0
2026-06-01 04:17:00,1,Tomato,Loam,54.9964,384.9751,70.0,25.0,85.0,0.7,0.6666,60.0,5.0036,0.0,0.0,0.0,0.0,0.0,0.0,0.0,0.0,0.0,0.0
2026-06-01 04:17:00,2,Wheat,Sandy,41.998,377.9824,60.0,18.0,78.0,0.9,0.5714,55.0,13.002,0.0,0.0,0.0,0.0,0.0,0.0,0.0,0.0,0.0,0.0
2026-06-01 04:17:00,3,Maize,Clay,64.9975,649.9745,75.0,30.0,90.0,1.0,0.7777,65.0,0.0025,0.0,0.0,0.0,0.0,0.0,0.0,0.0,0.0,0.0,0.0
2026-06-01 04:18:00,1,Tomato,Loam,54.9964,384.9751,70.0,25.0,85.0,0.7,0.6666,60.0,5.0036,0.0,0.0,0.0,0.0,0.0,0.0,0.0,0.0,0.0,0.0
2026-06-01 04:18:00,2,Wheat,Sandy,41.998,377.9824,60.0,18.0,78.0,0.9,0.5714,55.0,13.002,0.0,0.0,0.0,0.0,0.0,0.0,0.0,0.0,0.0,0.0
2026-06-01 04:18:00,3,Maize,Clay,64.9975,649.9745,75.0,30.0,90.0,1.0,0.7777,65.0,0.0025,0.0,0.0,0.0,0.0,0.0,0.0,0.0,0.0,0.0,0.0
2026-06-01 04:19:00,1,Tomato,Loam,54.9964,384.9751,70.0,25.0,85.0,0.7,0.6666,60.0,5.0036,0.0,0.0,0.0,0.0,0.0,0.0,0.0,0.0,0.0,0.0
2026-06-01 04:19:00,2,Wheat,Sandy,41.998,377.9824,60.0,18.0,78.0,0.9,0.5714,55.0,13.002,0.0,0.0,0.0,0.0,0.0,0.0,0.0,0.0,0.0,0.0
2026-06-01 04:19:00,3,Maize,Clay,64.9975,649.9745,75.0,30.0,90.0,1.0,0.7777,65.0,0.0025,0.0,0.0,0.0,0.0,0.0,0.0,0.0,0.0,0.0,0.0
2026-06-01 04:20:00,1,Tomato,Loam,54.9964,384.9751,70.0,25.0,85.0,0.7,0.6666,60.0,5.0036,0.0,0.0,0.0,0.0,0.0,0.0,0.0,0.0,0.0,0.0
2026-06-01 04:20:00,2,Wheat,Sandy,41.998,377.9824,60.0,18.0,78.0,0.9,0.5714,55.0,13.002,0.0,0.0,0.0,0.0,0.0,0.0,0.0,0.0,0.0,0.0
2026-06-01 04:20:00,3,Maize,Clay,64.9975,649.9745,75.0,30.0,90.0,1.0,0.7777,65.0,0.0025,0.0,0.0,0.0,0.0,0.0,0.0,0.0,0.0,0.0,0.0
2026-06-01 04:21:00,1,Tomato,Loam,54.9964,384.9751,70.0,25.0,85.0,0.7,0.6666,60.0,5.0036,0.0,0.0,0.0,0.0,0.0,0.0,0.0,0.0,0.0,0.0
2026-06-01 04:21:00,2,Wheat,Sandy,41.998,377.9824,60.0,18.0,78.0,0.9,0.5714,55.0,13.002,0.0,0.0,0.0,0.0,0.0,0.0,0.0,0.0,0.0,0.0
2026-06-01 04:21:00,3,Maize,Clay,64.9975,649.9745,75.0,30.0,90.0,1.0,0.7777,65.0,0.0025,0.0,0.0,0.0,0.0,0.0,0.0,0.0,0.0,0.0,0.0
2026-06-01 04:22:00,1,Tomato,Loam,54.9964,384.9751,70.0,25.0,85.0,0.7,0.6666,60.0,5.0036,0.0,0.0,0.0,0.0,0.0,0.0,0.0,0.0,0.0,0.0
2026-06-01 04:22:00,2,Wheat,Sandy,41.998,377.9824,60.0,18.0,78.0,0.9,0.5714,55.0,13.002,0.0,0.0,0.0,0.0,0.0,0.0,0.0,0.0,0.0,0.0
2026-06-01 04:22:00,3,Maize,Clay,64.9975,649.9745,75.0,30.0,90.0,1.0,0.7777,65.0,0.0025,0.0,0.0,0.0,0.0,0.0,0.0,0.0,0.0,0.0,0.0
2026-06-01 04:23:00,1,Tomato,Loam,54.9964,384.9751,70.0,25.0,85.0,0.7,0.6666,60.0,5.0036,0.0,0.0,2e-05,2.3e-05,0.0,0.0,0.0,0.0,0.0,0.0
2026-06-01 04:23:00,2,Wheat,Sandy,41.998,377.9824,60.0,18.0,78.0,0.9,0.5714,55.0,13.002,0.0,0.0,2e-05,1.7e-05,0.0,0.0,0.0,0.0,0.0,0.0
2026-06-01 04:23:00,3,Maize,Clay,64.9974,649.9745,75.0,30.0,90.0,1.0,0.7777,65.0,0.0026,0.0,0.0,2e-05,2.4e-05,0.0,0.0,0.0,0.0,0.0,0.0
2026-06-01 04:24:00,1,Tomato,Loam,54.9964,384.9751,70.0,25.0,85.0,0.7,0.6666,60.0,5.0036,0.0,0.0,0.0,0.0,0.0,0.0,0.0,0.0,0.0,0.0
2026-06-01 04:24:00,2,Wheat,Sandy,41.998,377.9824,60.0,18.0,78.0,0.9,0.5714,55.0,13.002,0.0,0.0,0.0,0.0,0.0,0.0,0.0,0.0,0.0,0.0
2026-06-01 04:24:00,3,Maize,Clay,64.9975,649.9745,75.0,30.0,90.0,1.0,0.7777,65.0,0.0025,0.0,0.0,0.0,0.0,0.0,0.0,0.0,0.0,0.0,0.0
2026-06-01 04:25:00,1,Tomato,Loam,54.9964,384.9751,70.0,25.0,85.0,0.7,0.6666,60.0,5.0036,0.0,0.0,9e-06,1e-05,0.0,0.0,0.0,0.0,0.0,0.0
2026-06-01 04:25:00,2,Wheat,Sandy,41.998,377.9824,60.0,18.0,78.0,0.9,0.5714,55.0,13.002,0.0,0.0,9e-06,8e-06,0.0,0.0,0.0,0.0,0.0,0.0
2026-06-01 04:25:00,3,Maize,Clay,64.9974,649.9745,75.0,30.0,90.0,1.0,0.7777,65.0,0.0026,0.0,0.0,9e-06,1.1e-05,0.0,0.0,0.0,0.0,0.0,0.0
2026-06-01 04:26:00,1,Tomato,Loam,54.9964,384.9751,70.0,25.0,85.0,0.7,0.6666,60.0,5.0036,0.0,0.0,0.0,0.0,0.0,0.0,0.0,0.0,0.0,0.0
2026-06-01 04:26:00,2,Wheat,Sandy,41.998,377.9824,60.0,18.0,78.0,0.9,0.5714,55.0,13.002,0.0,0.0,0.0,0.0,0.0,0.0,0.0,0.0,0.0,0.0
2026-06-01 04:26:00,3,Maize,Clay,64.9975,649.9745,75.0,30.0,90.0,1.0,0.7777,65.0,0.0025,0.0,0.0,0.0,0.0,0.0,0.0,0.0,0.0,0.0,0.0
2026-06-01 04:27:00,1,Tomato,Loam,54.9964,384.9751,70.0,25.0,85.0,0.7,0.6666,60.0,5.0036,0.0,0.0,4.2e-05,4.8e-05,0.0,0.0,0.0,0.0,0.0,0.0
2026-06-01 04:27:00,2,Wheat,Sandy,41.998,377.9824,60.0,18.0,78.0,0.9,0.5714,55.0,13.002,0.0,0.0,4.2e-05,3.6e-05,0.0,0.0,0.0,0.0,0.0,0.0
2026-06-01 04:27:00,3,Maize,Clay,64.9974,649.9745,75.0,30.0,90.0,1.0,0.7777,65.0,0.0026,0.0,0.0,4.2e-05,5e-05,0.0,0.0,0.0,0.0,0.0,0.0
2026-06-01 04:28:00,1,Tomato,Loam,54.9964,384.9751,70.0,25.0,85.0,0.7,0.6666,60.0,5.0036,0.0,0.0,0.0,0.0,0.0,0.0,0.0,0.0,0.0,0.0
2026-06-01 04:28:00,2,Wheat,Sandy,41.998,377.9824,60.0,18.0,78.0,0.9,0.5714,55.0,13.002,0.0,0.0,0.0,0.0,0.0,0.0,0.0,0.0,0.0,0.0
2026-06-01 04:28:00,3,Maize,Clay,64.9975,649.9745,75.0,30.0,90.0,1.0,0.7777,65.0,0.0025,0.0,0.0,0.0,0.0,0.0,0.0,0.0,0.0,0.0,0.0
2026-06-01 04:29:00,1,Tomato,Loam,54.9964,384.9751,70.0,25.0,85.0,0.7,0.6666,60.0,5.0036,0.0,0.0,0.0,0.0,0.0,0.0,0.0,0.0,0.0,0.0
2026-06-01 04:29:00,2,Wheat,Sandy,41.998,377.9824,60.0,18.0,78.0,0.9,0.5714,55.0,13.002,0.0,0.0,0.0,0.0,0.0,0.0,0.0,0.0,0.0,0.0
2026-06-01 04:29:00,3,Maize,Clay,64.9975,649.9745,75.0,30.0,90.0,1.0,0.7777,65.0,0.0025,0.0,0.0,0.0,0.0,0.0,0.0,0.0,0.0,0.0,0.0
2026-06-01 04:30:00,1,Tomato,Loam,54.9964,384.9751,70.0,25.0,85.0,0.7,0.6666,60.0,5.0036,0.0,0.0,7e-06,8e-06,0.0,0.0,0.0,0.0,0.0,0.0
2026-06-01 04:30:00,2,Wheat,Sandy,41.998,377.9824,60.0,18.0,78.0,0.9,0.5714,55.0,13.002,0.0,0.0,7e-06,6e-06,0.0,0.0,0.0,0.0,0.0,0.0
2026-06-01 04:30:00,3,Maize,Clay,64.9974,649.9745,75.0,30.0,90.0,1.0,0.7777,65.0,0.0026,0.0,0.0,7e-06,8e-06,0.0,0.0,0.0,0.0,0.0,0.0
2026-06-01 04:31:00,1,Tomato,Loam,54.9964,384.975,70.0,25.0,85.0,0.7,0.6666,60.0,5.0036,0.0,0.0,5.5e-05,6.3e-05,0.0,0.0,0.0,0.0,0.0,0.0
2026-06-01 04:31:00,2,Wheat,Sandy,41.998,377.9824,60.0,18.0,78.0,0.9,0.5714,55.0,13.002,0.0,0.0,5.5e-05,4.7e-05,0.0,0.0,0.0,0.0,0.0,0.0
2026-06-01 04:31:00,3,Maize,Clay,64.9974,649.9744,75.0,30.0,90.0,1.0,0.7777,65.0,0.0026,0.0,0.0,5.5e-05,6.6e-05,0.0,0.0,0.0,0.0,0.0,0.0
2026-06-01 04:32:00,1,Tomato,Loam,54.9964,384.975,70.0,25.0,85.0,0.7,0.6666,60.0,5.0036,0.0,0.0,0.0,0.0,0.0,0.0,0.0,0.0,0.0,0.0
2026-06-01 04:32:00,2,Wheat,Sandy,41.998,377.9824,60.0,18.0,78.0,0.9,0.5714,55.0,13.002,0.0,0.0,0.0,0.0,0.0,0.0,0.0,0.0,0.0,0.0
2026-06-01 04:32:00,3,Maize,Clay,64.9974,649.9744,75.0,30.0,90.0,1.0,0.7777,65.0,0.0026,0.0,0.0,0.0,0.0,0.0,0.0,0.0,0.0,0.0,0.0
2026-06-01 04:33:00,1,Tomato,Loam,54.9964,384.975,70.0,25.0,85.0,0.7,0.6666,60.0,5.0036,0.0,0.0,0.0,0.0,0.0,0.0,0.0,0.0,0.0,0.0
2026-06-01 04:33:00,2,Wheat,Sandy,41.998,377.9824,60.0,18.0,78.0,0.9,0.5714,55.0,13.002,0.0,0.0,0.0,0.0,0.0,0.0,0.0,0.0,0.0,0.0
2026-06-01 04:33:00,3,Maize,Clay,64.9974,649.9744,75.0,30.0,90.0,1.0,0.7777,65.0,0.0026,0.0,0.0,0.0,0.0,0.0,0.0,0.0,0.0,0.0,0.0
2026-06-01 04:34:00,1,Tomato,Loam,54.9964,384.975,70.0,25.0,85.0,0.7,0.6666,60.0,5.0036,0.0,0.0,3.9e-05,4.5e-05,0.0,0.0,0.0,0.0,0.0,0.0
2026-06-01 04:34:00,2,Wheat,Sandy,41.998,377.9824,60.0,18.0,78.0,0.9,0.5714,55.0,13.002,0.0,0.0,3.9e-05,3.3e-05,0.0,0.0,0.0,0.0,0.0,0.0
2026-06-01 04:34:00,3,Maize,Clay,64.9974,649.9744,75.0,30.0,90.0,1.0,0.7777,65.0,0.0026,0.0,0.0,3.9e-05,4.7e-05,0.0,0.0,0.0,0.0,0.0,0.0
2026-06-01 04:35:00,1,Tomato,Loam,54.9964,384.975,70.0,25.0,85.0,0.7,0.6666,60.0,5.0036,0.0,0.0,3.3e-05,3.8e-05,0.0,0.0,0.0,0.0,0.0,0.0
2026-06-01 04:35:00,2,Wheat,Sandy,41.998,377.9824,60.0,18.0,78.0,0.9,0.5714,55.0,13.002,0.0,0.0,3.3e-05,2.8e-05,0.0,0.0,0.0,0.0,0.0,0.0
2026-06-01 04:35:00,3,Maize,Clay,64.9974,649.9744,75.0,30.0,90.0,1.0,0.7777,65.0,0.0026,0.0,0.0,3.3e-05,4e-05,0.0,0.0,0.0,0.0,0.0,0.0
2026-06-01 04:36:00,1,Tomato,Loam,54.9964,384.975,70.0,25.0,85.0,0.7,0.6666,60.0,5.0036,0.0,0.0,0.0,0.0,0.0,0.0,0.0,0.0,0.0,0.0
2026-06-01 04:36:00,2,Wheat,Sandy,41.998,377.9824,60.0,18.0,78.0,0.9,0.5714,55.0,13.002,0.0,0.0,0.0,0.0,0.0,0.0,0.0,0.0,0.0,0.0
2026-06-01 04:36:00,3,Maize,Clay,64.9974,649.9744,75.0,30.0,90.0,1.0,0.7777,65.0,0.0026,0.0,0.0,0.0,0.0,0.0,0.0,0.0,0.0,0.0,0.0
2026-06-01 04:37:00,1,Tomato,Loam,54.9964,384.975,70.0,25.0,85.0,0.7,0.6666,60.0,5.0036,0.0,0.0,0.0,0.0,0.0,0.0,0.0,0.0,0.0,0.0
2026-06-01 04:37:00,2,Wheat,Sandy,41.998,377.9824,60.0,18.0,78.0,0.9,0.5714,55.0,13.002,0.0,0.0,0.0,0.0,0.0,0.0,0.0,0.0,0.0,0.0
2026-06-01 04:37:00,3,Maize,Clay,64.9974,649.9744,75.0,30.0,90.0,1.0,0.7777,65.0,0.0026,0.0,0.0,0.0,0.0,0.0,0.0,0.0,0.0,0.0,0.0
2026-06-01 04:38:00,1,Tomato,Loam,54.9964,384.9749,70.0,25.0,85.0,0.7,0.6666,60.0,5.0036,0.0,0.0,6.1e-05,7e-05,0.0,0.0,0.0,0.0,0.0,0.0
2026-06-01 04:38:00,2,Wheat,Sandy,41.998,377.9823,60.0,18.0,78.0,0.9,0.5714,55.0,13.002,0.0,0.0,6.1e-05,5.2e-05,0.0,0.0,0.0,0.0,0.0,0.0
2026-06-01 04:38:00,3,Maize,Clay,64.9974,649.9743,75.0,30.0,90.0,1.0,0.7777,65.0,0.0026,0.0,0.0,6.1e-05,7.3e-05,0.0,0.0,0.0,0.0,0.0,0.0
2026-06-01 04:39:00,1,Tomato,Loam,54.9964,384.9748,70.0,25.0,85.0,0.7,0.6666,60.0,5.0036,0.0,0.0,6.6e-05,7.6e-05,0.0,0.0,0.0,0.0,0.0,0.0
2026-06-01 04:39:00,2,Wheat,Sandy,41.998,377.9822,60.0,18.0,78.0,0.9,0.5714,55.0,13.002,0.0,0.0,6.6e-05,5.6e-05,0.0,0.0,0.0,0.0,0.0,0.0
2026-06-01 04:39:00,3,Maize,Clay,64.9974,649.9742,75.0,30.0,90.0,1.0,0.7777,65.0,0.0026,0.0,0.0,6.6e-05,7.9e-05,0.0,0.0,0.0,0.0,0.0,0.0
2026-06-01 04:40:00,1,Tomato,Loam,54.9964,384.9748,70.0,25.0,85.0,0.7,0.6666,60.0,5.0036,0.0,0.0,2.3e-05,2.6e-05,0.0,0.0,0.0,0.0,0.0,0.0
2026-06-01 04:40:00,2,Wheat,Sandy,41.998,377.9822,60.0,18.0,78.0,0.9,0.5714,55.0,13.002,0.0,0.0,2.3e-05,2e-05,0.0,0.0,0.0,0.0,0.0,0.0
2026-06-01 04:40:00,3,Maize,Clay,64.9974,649.9742,75.0,30.0,90.0,1.0,0.7777,65.0,0.0026,0.0,0.0,2.3e-05,2.8e-05,0.0,0.0,0.0,0.0,0.0,0.0
2026-06-01 04:41:00,1,Tomato,Loam,54.9964,384.9748,70.0,25.0,85.0,0.7,0.6666,60.0,5.0036,0.0,0.0,0.0,0.0,0.0,0.0,0.0,0.0,0.0,0.0
2026-06-01 04:41:00,2,Wheat,Sandy,41.998,377.9822,60.0,18.0,78.0,0.9,0.5714,55.0,13.002,0.0,0.0,0.0,0.0,0.0,0.0,0.0,0.0,0.0,0.0
2026-06-01 04:41:00,3,Maize,Clay,64.9974,649.9742,75.0,30.0,90.0,1.0,0.7777,65.0,0.0026,0.0,0.0,0.0,0.0,0.0,0.0,0.0,0.0,0.0,0.0
2026-06-01 04:42:00,1,Tomato,Loam,54.9964,384.9748,70.0,25.0,85.0,0.7,0.6666,60.0,5.0036,0.0,0.0,0.0,0.0,0.0,0.0,0.0,0.0,0.0,0.0
2026-06-01 04:42:00,2,Wheat,Sandy,41.998,377.9822,60.0,18.0,78.0,0.9,0.5714,55.0,13.002,0.0,0.0,0.0,0.0,0.0,0.0,0.0,0.0,0.0,0.0
2026-06-01 04:42:00,3,Maize,Clay,64.9974,649.9742,75.0,30.0,90.0,1.0,0.7777,65.0,0.0026,0.0,0.0,0.0,0.0,0.0,0.0,0.0,0.0,0.0,0.0
2026-06-01 04:43:00,1,Tomato,Loam,54.9964,384.9748,70.0,25.0,85.0,0.7,0.6666,60.0,5.0036,0.0,0.0,1e-05,1.2e-05,0.0,0.0,0.0,0.0,0.0,0.0
2026-06-01 04:43:00,2,Wheat,Sandy,41.998,377.9822,60.0,18.0,78.0,0.9,0.5714,55.0,13.002,0.0,0.0,1e-05,8e-06,0.0,0.0,0.0,0.0,0.0,0.0
2026-06-01 04:43:00,3,Maize,Clay,64.9974,649.9742,75.0,30.0,90.0,1.0,0.7777,65.0,0.0026,0.0,0.0,1e-05,1.2e-05,0.0,0.0,0.0,0.0,0.0,0.0
2026-06-01 04:44:00,1,Tomato,Loam,54.9964,384.9748,70.0,25.0,85.0,0.7,0.6666,60.0,5.0036,0.0,0.0,0.0,0.0,0.0,0.0,0.0,0.0,0.0,0.0
2026-06-01 04:44:00,2,Wheat,Sandy,41.998,377.9822,60.0,18.0,78.0,0.9,0.5714,55.0,13.002,0.0,0.0,0.0,0.0,0.0,0.0,0.0,0.0,0.0,0.0
2026-06-01 04:44:00,3,Maize,Clay,64.9974,649.9742,75.0,30.0,90.0,1.0,0.7777,65.0,0.0026,0.0,0.0,0.0,0.0,0.0,0.0,0.0,0.0,0.0,0.0
2026-06-01 04:45:00,1,Tomato,Loam,54.9964,384.9748,70.0,25.0,85.0,0.7,0.6666,60.0,5.0036,0.0,0.0,0.0,0.0,0.0,0.0,0.0,0.0,0.0,0.0
2026-06-01 04:45:00,2,Wheat,Sandy,41.998,377.9822,60.0,18.0,78.0,0.9,0.5714,55.0,13.002,0.0,0.0,0.0,0.0,0.0,0.0,0.0,0.0,0.0,0.0
2026-06-01 04:45:00,3,Maize,Clay,64.9974,649.9742,75.0,30.0,90.0,1.0,0.7777,65.0,0.0026,0.0,0.0,0.0,0.0,0.0,0.0,0.0,0.0,0.0,0.0
2026-06-01 04:46:00,1,Tomato,Loam,54.9964,384.9748,70.0,25.0,85.0,0.7,0.6666,60.0,5.0036,0.0,0.0,0.0,0.0,0.0,0.0,0.0,0.0,0.0,0.0
2026-06-01 04:46:00,2,Wheat,Sandy,41.998,377.9822,60.0,18.0,78.0,0.9,0.5714,55.0,13.002,0.0,0.0,0.0,0.0,0.0,0.0,0.0,0.0,0.0,0.0
2026-06-01 04:46:00,3,Maize,Clay,64.9974,649.9742,75.0,30.0,90.0,1.0,0.7777,65.0,0.0026,0.0,0.0,0.0,0.0,0.0,0.0,0.0,0.0,0.0,0.0
2026-06-01 04:47:00,1,Tomato,Loam,54.9964,384.9747,70.0,25.0,85.0,0.7,0.6666,60.0,5.0036,0.0,0.0,4.8e-05,5.5e-05,0.0,0.0,0.0,0.0,0.0,0.0
2026-06-01 04:47:00,2,Wheat,Sandy,41.998,377.9822,60.0,18.0,78.0,0.9,0.5714,55.0,13.002,0.0,0.0,4.8e-05,4.1e-05,0.0,0.0,0.0,0.0,0.0,0.0
2026-06-01 04:47:00,3,Maize,Clay,64.9974,649.9741,75.0,30.0,90.0,1.0,0.7777,65.0,0.0026,0.0,0.0,4.8e-05,5.8e-05,0.0,0.0,0.0,0.0,0.0,0.0
2026-06-01 04:48:00,1,Tomato,Loam,54.9964,384.9747,70.0,25.0,85.0,0.7,0.6666,60.0,5.0036,0.0,0.0,0.0,0.0,0.0,0.0,0.0,0.0,0.0,0.0
2026-06-01 04:48:00,2,Wheat,Sandy,41.998,377.9822,60.0,18.0,78.0,0.9,0.5714,55.0,13.002,0.0,0.0,0.0,0.0,0.0,0.0,0.0,0.0,0.0,0.0
2026-06-01 04:48:00,3,Maize,Clay,64.9974,649.9741,75.0,30.0,90.0,1.0,0.7777,65.0,0.0026,0.0,0.0,0.0,0.0,0.0,0.0,0.0,0.0,0.0,0.0
2026-06-01 04:49:00,1,Tomato,Loam,54.9964,384.9747,70.0,25.0,85.0,0.7,0.6666,60.0,5.0036,0.0,0.0,0.0,0.0,0.0,0.0,0.0,0.0,0.0,0.0
2026-06-01 04:49:00,2,Wheat,Sandy,41.998,377.9822,60.0,18.0,78.0,0.9,0.5714,55.0,13.002,0.0,0.0,0.0,0.0,0.0,0.0,0.0,0.0,0.0,0.0
2026-06-01 04:49:00,3,Maize,Clay,64.9974,649.9741,75.0,30.0,90.0,1.0,0.7777,65.0,0.0026,0.0,0.0,0.0,0.0,0.0,0.0,0.0,0.0,0.0,0.0
2026-06-01 04:50:00,1,Tomato,Loam,54.9964,384.9747,70.0,25.0,85.0,0.7,0.6666,60.0,5.0036,0.0,0.0,0.0,0.0,0.0,0.0,0.0,0.0,0.0,0.0
2026-06-01 04:50:00,2,Wheat,Sandy,41.998,377.9822,60.0,18.0,78.0,0.9,0.5714,55.0,13.002,0.0,0.0,0.0,0.0,0.0,0.0,0.0,0.0,0.0,0.0
2026-06-01 04:50:00,3,Maize,Clay,64.9974,649.9741,75.0,30.0,90.0,1.0,0.7777,65.0,0.0026,0.0,0.0,0.0,0.0,0.0,0.0,0.0,0.0,0.0,0.0
2026-06-01 04:51:00,1,Tomato,Loam,54.9964,384.9746,70.0,25.0,85.0,0.7,0.6666,60.0,5.0036,0.0,0.0,5.5e-05,6.3e-05,0.0,0.0,0.0,0.0,0.0,0.0
2026-06-01 04:51:00,2,Wheat,Sandy,41.998,377.9822,60.0,18.0,78.0,0.9,0.5714,55.0,13.002,0.0,0.0,5.5e-05,4.7e-05,0.0,0.0,0.0,0.0,0.0,0.0
2026-06-01 04:51:00,3,Maize,Clay,64.9974,649.974,75.0,30.0,90.0,1.0,0.7777,65.0,0.0026,0.0,0.0,5.5e-05,6.6e-05,0.0,0.0,0.0,0.0,0.0,0.0
2026-06-01 04:52:00,1,Tomato,Loam,54.9964,384.9746,70.0,25.0,85.0,0.7,0.6666,60.0,5.0036,0.0,0.0,0.0,0.0,0.0,0.0,0.0,0.0,0.0,0.0
2026-06-01 04:52:00,2,Wheat,Sandy,41.998,377.9822,60.0,18.0,78.0,0.9,0.5714,55.0,13.002,0.0,0.0,0.0,0.0,0.0,0.0,0.0,0.0,0.0,0.0
2026-06-01 04:52:00,3,Maize,Clay,64.9974,649.974,75.0,30.0,90.0,1.0,0.7777,65.0,0.0026,0.0,0.0,0.0,0.0,0.0,0.0,0.0,0.0,0.0,0.0
2026-06-01 04:53:00,1,Tomato,Loam,54.9964,384.9746,70.0,25.0,85.0,0.7,0.6666,60.0,5.0036,0.0,0.0,0.0,0.0,0.0,0.0,0.0,0.0,0.0,0.0
2026-06-01 04:53:00,2,Wheat,Sandy,41.998,377.9822,60.0,18.0,78.0,0.9,0.5714,55.0,13.002,0.0,0.0,0.0,0.0,0.0,0.0,0.0,0.0,0.0,0.0
2026-06-01 04:53:00,3,Maize,Clay,64.9974,649.974,75.0,30.0,90.0,1.0,0.7777,65.0,0.0026,0.0,0.0,0.0,0.0,0.0,0.0,0.0,0.0,0.0,0.0
2026-06-01 04:54:00,1,Tomato,Loam,54.9964,384.9746,70.0,25.0,85.0,0.7,0.6666,60.0,5.0036,0.0,0.0,0.0,0.0,0.0,0.0,0.0,0.0,0.0,0.0
2026-06-01 04:54:00,2,Wheat,Sandy,41.998,377.9822,60.0,18.0,78.0,0.9,0.5714,55.0,13.002,0.0,0.0,0.0,0.0,0.0,0.0,0.0,0.0,0.0,0.0
2026-06-01 04:54:00,3,Maize,Clay,64.9974,649.974,75.0,30.0,90.0,1.0,0.7777,65.0,0.0026,0.0,0.0,0.0,0.0,0.0,0.0,0.0,0.0,0.0,0.0
2026-06-01 04:55:00,1,Tomato,Loam,54.9964,384.9745,70.0,25.0,85.0,0.7,0.6666,60.0,5.0036,0.0,0.0,8.1e-05,9.3e-05,0.0,0.0,0.0,0.0,0.0,0.0
2026-06-01 04:55:00,2,Wheat,Sandy,41.998,377.9821,60.0,18.0,78.0,0.9,0.5714,55.0,13.002,0.0,0.0,8.1e-05,6.9e-05,0.0,0.0,0.0,0.0,0.0,0.0
2026-06-01 04:55:00,3,Maize,Clay,64.9974,649.9739,75.0,30.0,90.0,1.0,0.7777,65.0,0.0026,0.0,0.0,8.1e-05,9.7e-05,0.0,0.0,0.0,0.0,0.0,0.0
2026-06-01 04:56:00,1,Tomato,Loam,54.9964,384.9745,70.0,25.0,85.0,0.7,0.6666,60.0,5.0036,0.0,0.0,0.0,0.0,0.0,0.0,0.0,0.0,0.0,0.0
2026-06-01 04:56:00,2,Wheat,Sandy,41.998,377.9821,60.0,18.0,78.0,0.9,0.5714,55.0,13.002,0.0,0.0,0.0,0.0,0.0,0.0,0.0,0.0,0.0,0.0
2026-06-01 04:56:00,3,Maize,Clay,64.9974,649.9739,75.0,30.0,90.0,1.0,0.7777,65.0,0.0026,0.0,0.0,0.0,0.0,0.0,0.0,0.0,0.0,0.0,0.0
2026-06-01 04:57:00,1,Tomato,Loam,54.9964,384.9745,70.0,25.0,85.0,0.7,0.6666,60.0,5.0036,0.0,0.0,0.0,0.0,0.0,0.0,0.0,0.0,0.0,0.0
2026-06-01 04:57:00,2,Wheat,Sandy,41.998,377.9821,60.0,18.0,78.0,0.9,0.5714,55.0,13.002,0.0,0.0,0.0,0.0,0.0,0.0,0.0,0.0,0.0,0.0
2026-06-01 04:57:00,3,Maize,Clay,64.9974,649.9739,75.0,30.0,90.0,1.0,0.7777,65.0,0.0026,0.0,0.0,0.0,0.0,0.0,0.0,0.0,0.0,0.0,0.0
2026-06-01 04:58:00,1,Tomato,Loam,54.9963,384.9744,70.0,25.0,85.0,0.7,0.6666,60.0,5.0037,0.0,0.0,5.9e-05,6.8e-05,0.0,0.0,0.0,0.0,0.0,0.0
2026-06-01 04:58:00,2,Wheat,Sandy,41.998,377.9821,60.0,18.0,78.0,0.9,0.5714,55.0,13.002,0.0,0.0,5.9e-05,5e-05,0.0,0.0,0.0,0.0,0.0,0.0
2026-06-01 04:58:00,3,Maize,Clay,64.9974,649.9738,75.0,30.0,90.0,1.0,0.7777,65.0,0.0026,0.0,0.0,5.9e-05,7.1e-05,0.0,0.0,0.0,0.0,0.0,0.0
2026-06-01 04:59:00,1,Tomato,Loam,54.9963,384.9744,70.0,25.0,85.0,0.7,0.6666,60.0,5.0037,0.0,0.0,2.4e-05,2.8e-05,0.0,0.0,0.0,0.0,0.0,0.0
2026-06-01 04:59:00,2,Wheat,Sandy,41.998,377.9821,60.0,18.0,78.0,0.9,0.5714,55.0,13.002,0.0,0.0,2.4e-05,2e-05,0.0,0.0,0.0,0.0,0.0,0.0
2026-06-01 04:59:00,3,Maize,Clay,64.9974,649.9738,75.0,30.0,90.0,1.0,0.7777,65.0,0.0026,0.0,0.0,2.4e-05,2.9e-05,0.0,0.0,0.0,0.0,0.0,0.0
2026-06-01 05:00:00,1,Tomato,Loam,54.9963,384.9744,70.0,25.0,85.0,0.7,0.6666,60.0,5.0037,0.0,0.0,0.0,0.0,0.0,0.0,0.0,0.0,0.0,0.0
2026-06-01 05:00:00,2,Wheat,Sandy,41.998,377.9821,60.0,18.0,78.0,0.9,0.5714,55.0,13.002,0.0,0.0,0.0,0.0,0.0,0.0,0.0,0.0,0.0,0.0
2026-06-01 05:00:00,3,Maize,Clay,64.9974,649.9738,75.0,30.0,90.0,1.0,0.7777,65.0,0.0026,0.0,0.0,0.0,0.0,0.0,0.0,0.0,0.0,0.0,0.0
2026-06-01 05:01:00,1,Tomato,Loam,54.9963,384.9744,70.0,25.0,85.0,0.7,0.6666,60.0,5.0037,0.0,0.0,1e-05,1.2e-05,0.0,0.0,0.0,0.0,0.0,0.0
2026-06-01 05:01:00,2,Wheat,Sandy,41.998,377.9821,60.0,18.0,78.0,0.9,0.5714,55.0,13.002,0.0,0.0,1e-05,8e-06,0.0,0.0,0.0,0.0,0.0,0.0
2026-06-01 05:01:00,3,Maize,Clay,64.9974,649.9738,75.0,30.0,90.0,1.0,0.7777,65.0,0.0026,0.0,0.0,1e-05,1.2e-05,0.0,0.0,0.0,0.0,0.0,0.0
2026-06-01 05:02:00,1,Tomato,Loam,54.9963,384.9744,70.0,25.0,85.0,0.7,0.6666,60.0,5.0037,0.0,0.0,2.7e-05,3.1e-05,0.0,0.0,0.0,0.0,0.0,0.0
2026-06-01 05:02:00,2,Wheat,Sandy,41.998,377.9821,60.0,18.0,78.0,0.9,0.5714,55.0,13.002,0.0,0.0,2.7e-05,2.3e-05,0.0,0.0,0.0,0.0,0.0,0.0
2026-06-01 05:02:00,3,Maize,Clay,64.9974,649.9738,75.0,30.0,90.0,1.0,0.7777,65.0,0.0026,0.0,0.0,2.7e-05,3.2e-05,0.0,0.0,0.0,0.0,0.0,0.0
2026-06-01 05:03:00,1,Tomato,Loam,54.9963,384.9744,70.0,25.0,85.0,0.7,0.6666,60.0,5.0037,0.0,0.0,2.6e-05,3e-05,0.0,0.0,0.0,0.0,0.0,0.0
2026-06-01 05:03:00,2,Wheat,Sandy,41.998,377.9821,60.0,18.0,78.0,0.9,0.5714,55.0,13.002,0.0,0.0,2.6e-05,2.2e-05,0.0,0.0,0.0,0.0,0.0,0.0
2026-06-01 05:03:00,3,Maize,Clay,64.9974,649.9738,75.0,30.0,90.0,1.0,0.7777,65.0,0.0026,0.0,0.0,2.6e-05,3.1e-05,0.0,0.0,0.0,0.0,0.0,0.0
2026-06-01 05:04:00,1,Tomato,Loam,54.9963,384.9743,70.0,25.0,85.0,0.7,0.6666,60.0,5.0037,0.0,0.0,5.7e-05,6.6e-05,0.0,0.0,0.0,0.0,0.0,0.0
2026-06-01 05:04:00,2,Wheat,Sandy,41.998,377.9821,60.0,18.0,78.0,0.9,0.5714,55.0,13.002,0.0,0.0,5.7e-05,4.8e-05,0.0,0.0,0.0,0.0,0.0,0.0
2026-06-01 05:04:00,3,Maize,Clay,64.9974,649.9737,75.0,30.0,90.0,1.0,0.7777,65.0,0.0026,0.0,0.0,5.7e-05,6.8e-05,0.0,0.0,0.0,0.0,0.0,0.0
2026-06-01 05:05:00,1,Tomato,Loam,54.9963,384.9743,70.0,25.0,85.0,0.7,0.6666,60.0,5.0037,0.0,0.0,3.1e-05,3.6e-05,0.0,0.0,0.0,0.0,0.0,0.0
2026-06-01 05:05:00,2,Wheat,Sandy,41.998,377.9821,60.0,18.0,78.0,0.9,0.5714,55.0,13.002,0.0,0.0,3.1e-05,2.6e-05,0.0,0.0,0.0,0.0,0.0,0.0
2026-06-01 05:05:00,3,Maize,Clay,64.9974,649.9737,75.0,30.0,90.0,1.0,0.7777,65.0,0.0026,0.0,0.0,3.1e-05,3.7e-05,0.0,0.0,0.0,0.0,0.0,0.0
2026-06-01 05:06:00,1,Tomato,Loam,54.9963,384.9743,70.0,25.0,85.0,0.7,0.6666,60.0,5.0037,0.0,0.0,1e-06,1e-06,0.0,0.0,0.0,0.0,0.0,0.0
2026-06-01 05:06:00,2,Wheat,Sandy,41.998,377.9821,60.0,18.0,78.0,0.9,0.5714,55.0,13.002,0.0,0.0,1e-06,1e-06,0.0,0.0,0.0,0.0,0.0,0.0
2026-06-01 05:06:00,3,Maize,Clay,64.9974,649.9737,75.0,30.0,90.0,1.0,0.7777,65.0,0.0026,0.0,0.0,1e-06,1e-06,0.0,0.0,0.0,0.0,0.0,0.0
2026-06-01 05:07:00,1,Tomato,Loam,54.9963,384.9742,70.0,25.0,85.0,0.7,0.6666,60.0,5.0037,0.0,0.0,6e-05,6.9e-05,0.0,0.0,0.0,0.0,0.0,0.0
2026-06-01 05:07:00,2,Wheat,Sandy,41.998,377.982,60.0,18.0,78.0,0.9,0.5714,55.0,13.002,0.0,0.0,6e-05,5.1e-05,0.0,0.0,0.0,0.0,0.0,0.0
2026-06-01 05:07:00,3,Maize,Clay,64.9974,649.9736,75.0,30.0,90.0,1.0,0.7777,65.0,0.0026,0.0,0.0,6e-05,7.2e-05,0.0,0.0,0.0,0.0,0.0,0.0
2026-06-01 05:08:00,1,Tomato,Loam,54.9963,384.9742,70.0,25.0,85.0,0.7,0.6666,60.0,5.0037,0.0,0.0,0.0,0.0,0.0,0.0,0.0,0.0,0.0,0.0
2026-06-01 05:08:00,2,Wheat,Sandy,41.998,377.982,60.0,18.0,78.0,0.9,0.5714,55.0,13.002,0.0,0.0,0.0,0.0,0.0,0.0,0.0,0.0,0.0,0.0
2026-06-01 05:08:00,3,Maize,Clay,64.9974,649.9736,75.0,30.0,90.0,1.0,0.7777,65.0,0.0026,0.0,0.0,0.0,0.0,0.0,0.0,0.0,0.0,0.0,0.0
2026-06-01 05:09:00,1,Tomato,Loam,54.9963,384.9742,70.0,25.0,85.0,0.7,0.6666,60.0,5.0037,0.0,0.0,9e-06,1e-05,0.0,0.0,0.0,0.0,0.0,0.0
2026-06-01 05:09:00,2,Wheat,Sandy,41.998,377.982,60.0,18.0,78.0,0.9,0.5714,55.0,13.002,0.0,0.0,9e-06,8e-06,0.0,0.0,0.0,0.0,0.0,0.0
2026-06-01 05:09:00,3,Maize,Clay,64.9974,649.9736,75.0,30.0,90.0,1.0,0.7777,65.0,0.0026,0.0,0.0,9e-06,1.1e-05,0.0,0.0,0.0,0.0,0.0,0.0
2026-06-01 05:10:00,1,Tomato,Loam,54.9963,384.9742,70.0,25.0,85.0,0.7,0.6666,60.0,5.0037,0.0,0.0,0.0,0.0,0.0,0.0,0.0,0.0,0.0,0.0
2026-06-01 05:10:00,2,Wheat,Sandy,41.998,377.982,60.0,18.0,78.0,0.9,0.5714,55.0,13.002,0.0,0.0,0.0,0.0,0.0,0.0,0.0,0.0,0.0,0.0
2026-06-01 05:10:00,3,Maize,Clay,64.9974,649.9736,75.0,30.0,90.0,1.0,0.7777,65.0,0.0026,0.0,0.0,0.0,0.0,0.0,0.0,0.0,0.0,0.0,0.0
2026-06-01 05:11:00,1,Tomato,Loam,54.9963,384.9742,70.0,25.0,85.0,0.7,0.6666,60.0,5.0037,0.0,0.0,0.0,0.0,0.0,0.0,0.0,0.0,0.0,0.0
2026-06-01 05:11:00,2,Wheat,Sandy,41.998,377.982,60.0,18.0,78.0,0.9,0.5714,55.0,13.002,0.0,0.0,0.0,0.0,0.0,0.0,0.0,0.0,0.0,0.0
2026-06-01 05:11:00,3,Maize,Clay,64.9974,649.9736,75.0,30.0,90.0,1.0,0.7777,65.0,0.0026,0.0,0.0,0.0,0.0,0.0,0.0,0.0,0.0,0.0,0.0
2026-06-01 05:12:00,1,Tomato,Loam,54.9963,384.9742,70.0,25.0,85.0,0.7,0.6666,60.0,5.0037,0.0,0.0,2e-06,2e-06,0.0,0.0,0.0,0.0,0.0,0.0
2026-06-01 05:12:00,2,Wheat,Sandy,41.998,377.982,60.0,18.0,78.0,0.9,0.5714,55.0,13.002,0.0,0.0,2e-06,2e-06,0.0,0.0,0.0,0.0,0.0,0.0
2026-06-01 05:12:00,3,Maize,Clay,64.9974,649.9736,75.0,30.0,90.0,1.0,0.7777,65.0,0.0026,0.0,0.0,2e-06,2e-06,0.0,0.0,0.0,0.0,0.0,0.0
2026-06-01 05:13:00,1,Tomato,Loam,54.9963,384.9742,70.0,25.0,85.0,0.7,0.6666,60.0,5.0037,0.0,0.0,0.0,0.0,0.0,0.0,0.0,0.0,0.0,0.0
2026-06-01 05:13:00,2,Wheat,Sandy,41.998,377.982,60.0,18.0,78.0,0.9,0.5714,55.0,13.002,0.0,0.0,0.0,0.0,0.0,0.0,0.0,0.0,0.0,0.0
2026-06-01 05:13:00,3,Maize,Clay,64.9974,649.9736,75.0,30.0,90.0,1.0,0.7777,65.0,0.0026,0.0,0.0,0.0,0.0,0.0,0.0,0.0,0.0,0.0,0.0
2026-06-01 05:14:00,1,Tomato,Loam,54.9963,384.9742,70.0,25.0,85.0,0.7,0.6666,60.0,5.0037,0.0,0.0,3.9e-05,4.5e-05,0.0,0.0,0.0,0.0,0.0,0.0
2026-06-01 05:14:00,2,Wheat,Sandy,41.998,377.982,60.0,18.0,78.0,0.9,0.5714,55.0,13.002,0.0,0.0,3.9e-05,3.3e-05,0.0,0.0,0.0,0.0,0.0,0.0
2026-06-01 05:14:00,3,Maize,Clay,64.9974,649.9736,75.0,30.0,90.0,1.0,0.7777,65.0,0.0026,0.0,0.0,3.9e-05,4.7e-05,0.0,0.0,0.0,0.0,0.0,0.0
2026-06-01 05:15:00,1,Tomato,Loam,54.9963,384.9742,70.0,25.0,85.0,0.7,0.6666,60.0,5.0037,0.0,0.0,0.0,0.0,0.0,0.0,0.0,0.0,0.0,0.0
2026-06-01 05:15:00,2,Wheat,Sandy,41.998,377.982,60.0,18.0,78.0,0.9,0.5714,55.0,13.002,0.0,0.0,0.0,0.0,0.0,0.0,0.0,0.0,0.0,0.0
2026-06-01 05:15:00,3,Maize,Clay,64.9974,649.9736,75.0,30.0,90.0,1.0,0.7777,65.0,0.0026,0.0,0.0,0.0,0.0,0.0,0.0,0.0,0.0,0.0,0.0
2026-06-01 05:16:00,1,Tomato,Loam,54.9963,384.9742,70.0,25.0,85.0,0.7,0.6666,60.0,5.0037,0.0,0.0,0.0,0.0,0.0,0.0,0.0,0.0,0.0,0.0
2026-06-01 05:16:00,2,Wheat,Sandy,41.998,377.982,60.0,18.0,78.0,0.9,0.5714,55.0,13.002,0.0,0.0,0.0,0.0,0.0,0.0,0.0,0.0,0.0,0.0
2026-06-01 05:16:00,3,Maize,Clay,64.9974,649.9736,75.0,30.0,90.0,1.0,0.7777,65.0,0.0026,0.0,0.0,0.0,0.0,0.0,0.0,0.0,0.0,0.0,0.0
2026-06-01 05:17:00,1,Tomato,Loam,54.9963,384.9742,70.0,25.0,85.0,0.7,0.6666,60.0,5.0037,0.0,0.0,0.0,0.0,0.0,0.0,0.0,0.0,0.0,0.0
2026-06-01 05:17:00,2,Wheat,Sandy,41.998,377.982,60.0,18.0,78.0,0.9,0.5714,55.0,13.002,0.0,0.0,0.0,0.0,0.0,0.0,0.0,0.0,0.0,0.0
2026-06-01 05:17:00,3,Maize,Clay,64.9974,649.9736,75.0,30.0,90.0,1.0,0.7777,65.0,0.0026,0.0,0.0,0.0,0.0,0.0,0.0,0.0,0.0,0.0,0.0
2026-06-01 05:18:00,1,Tomato,Loam,54.9963,384.9742,70.0,25.0,85.0,0.7,0.6666,60.0,5.0037,0.0,0.0,4e-06,5e-06,0.0,0.0,0.0,0.0,0.0,0.0
2026-06-01 05:18:00,2,Wheat,Sandy,41.998,377.982,60.0,18.0,78.0,0.9,0.5714,55.0,13.002,0.0,0.0,4e-06,3e-06,0.0,0.0,0.0,0.0,0.0,0.0
2026-06-01 05:18:00,3,Maize,Clay,64.9974,649.9736,75.0,30.0,90.0,1.0,0.7777,65.0,0.0026,0.0,0.0,4e-06,5e-06,0.0,0.0,0.0,0.0,0.0,0.0
2026-06-01 05:19:00,1,Tomato,Loam,54.9963,384.9742,70.0,25.0,85.0,0.7,0.6666,60.0,5.0037,0.0,0.0,0.0,0.0,0.0,0.0,0.0,0.0,0.0,0.0
2026-06-01 05:19:00,2,Wheat,Sandy,41.998,377.982,60.0,18.0,78.0,0.9,0.5714,55.0,13.002,0.0,0.0,0.0,0.0,0.0,0.0,0.0,0.0,0.0,0.0
2026-06-01 05:19:00,3,Maize,Clay,64.9974,649.9736,75.0,30.0,90.0,1.0,0.7777,65.0,0.0026,0.0,0.0,0.0,0.0,0.0,0.0,0.0,0.0,0.0,0.0
2026-06-01 05:20:00,1,Tomato,Loam,54.9963,384.9741,70.0,25.0,85.0,0.7,0.6666,60.0,5.0037,0.0,0.0,9.1e-05,0.000105,0.0,0.0,0.0,0.0,0.0,0.0
2026-06-01 05:20:00,2,Wheat,Sandy,41.998,377.9819,60.0,18.0,78.0,0.9,0.5714,55.0,13.002,0.0,0.0,9.1e-05,7.7e-05,0.0,0.0,0.0,0.0,0.0,0.0
2026-06-01 05:20:00,3,Maize,Clay,64.9973,649.9735,75.0,30.0,90.0,1.0,0.7777,65.0,0.0027,0.0,0.0,9.1e-05,0.000109,0.0,0.0,0.0,0.0,0.0,0.0
2026-06-01 05:21:00,1,Tomato,Loam,54.9963,384.9741,70.0,25.0,85.0,0.7,0.6666,60.0,5.0037,0.0,0.0,0.0,0.0,0.0,0.0,0.0,0.0,0.0,0.0
2026-06-01 05:21:00,2,Wheat,Sandy,41.998,377.9819,60.0,18.0,78.0,0.9,0.5714,55.0,13.002,0.0,0.0,0.0,0.0,0.0,0.0,0.0,0.0,0.0,0.0
2026-06-01 05:21:00,3,Maize,Clay,64.9973,649.9735,75.0,30.0,90.0,1.0,0.7777,65.0,0.0027,0.0,0.0,0.0,0.0,0.0,0.0,0.0,0.0,0.0,0.0
2026-06-01 05:22:00,1,Tomato,Loam,54.9963,384.974,70.0,25.0,85.0,0.7,0.6666,60.0,5.0037,0.0,0.0,7.1e-05,8.2e-05,0.0,0.0,0.0,0.0,0.0,0.0
2026-06-01 05:22:00,2,Wheat,Sandy,41.998,377.9818,60.0,18.0,78.0,0.9,0.5714,55.0,13.002,0.0,0.0,7.1e-05,6e-05,0.0,0.0,0.0,0.0,0.0,0.0
2026-06-01 05:22:00,3,Maize,Clay,64.9973,649.9734,75.0,30.0,90.0,1.0,0.7777,65.0,0.0027,0.0,0.0,7.1e-05,8.5e-05,0.0,0.0,0.0,0.0,0.0,0.0
2026-06-01 05:23:00,1,Tomato,Loam,54.9963,384.974,70.0,25.0,85.0,0.7,0.6666,60.0,5.0037,0.0,0.0,2.2e-05,2.5e-05,0.0,0.0,0.0,0.0,0.0,0.0
2026-06-01 05:23:00,2,Wheat,Sandy,41.998,377.9818,60.0,18.0,78.0,0.9,0.5714,55.0,13.002,0.0,0.0,2.2e-05,1.9e-05,0.0,0.0,0.0,0.0,0.0,0.0
2026-06-01 05:23:00,3,Maize,Clay,64.9973,649.9734,75.0,30.0,90.0,1.0,0.7777,65.0,0.0027,0.0,0.0,2.2e-05,2.6e-05,0.0,0.0,0.0,0.0,0.0,0.0
2026-06-01 05:24:00,1,Tomato,Loam,54.9963,384.974,70.0,25.0,85.0,0.7,0.6666,60.0,5.0037,0.0,0.0,4.1e-05,4.7e-05,0.0,0.0,0.0,0.0,0.0,0.0
2026-06-01 05:24:00,2,Wheat,Sandy,41.998,377.9818,60.0,18.0,78.0,0.9,0.5714,55.0,13.002,0.0,0.0,4.1e-05,3.5e-05,0.0,0.0,0.0,0.0,0.0,0.0
2026-06-01 05:24:00,3,Maize,Clay,64.9973,649.9734,75.0,30.0,90.0,1.0,0.7777,65.0,0.0027,0.0,0.0,4.1e-05,4.9e-05,0.0,0.0,0.0,0.0,0.0,0.0
2026-06-01 05:25:00,1,Tomato,Loam,54.9963,384.974,70.0,25.0,85.0,0.7,0.6666,60.0,5.0037,0.0,0.0,1.2e-05,1.4e-05,0.0,0.0,0.0,0.0,0.0,0.0
2026-06-01 05:25:00,2,Wheat,Sandy,41.998,377.9818,60.0,18.0,78.0,0.9,0.5714,55.0,13.002,0.0,0.0,1.2e-05,1e-05,0.0,0.0,0.0,0.0,0.0,0.0
2026-06-01 05:25:00,3,Maize,Clay,64.9973,649.9734,75.0,30.0,90.0,1.0,0.7777,65.0,0.0027,0.0,0.0,1.2e-05,1.4e-05,0.0,0.0,0.0,0.0,0.0,0.0
2026-06-01 05:26:00,1,Tomato,Loam,54.9963,384.974,70.0,25.0,85.0,0.7,0.6666,60.0,5.0037,0.0,0.0,8e-06,9e-06,0.0,0.0,0.0,0.0,0.0,0.0
2026-06-01 05:26:00,2,Wheat,Sandy,41.998,377.9818,60.0,18.0,78.0,0.9,0.5714,55.0,13.002,0.0,0.0,8e-06,7e-06,0.0,0.0,0.0,0.0,0.0,0.0
2026-06-01 05:26:00,3,Maize,Clay,64.9973,649.9734,75.0,30.0,90.0,1.0,0.7777,65.0,0.0027,0.0,0.0,8e-06,1e-05,0.0,0.0,0.0,0.0,0.0,0.0
2026-06-01 05:27:00,1,Tomato,Loam,54.9963,384.974,70.0,25.0,85.0,0.7,0.6666,60.0,5.0037,0.0,0.0,2e-06,2e-06,0.0,0.0,0.0,0.0,0.0,0.0
2026-06-01 05:27:00,2,Wheat,Sandy,41.998,377.9818,60.0,18.0,78.0,0.9,0.5714,55.0,13.002,0.0,0.0,2e-06,2e-06,0.0,0.0,0.0,0.0,0.0,0.0
2026-06-01 05:27:00,3,Maize,Clay,64.9973,649.9734,75.0,30.0,90.0,1.0,0.7777,65.0,0.0027,0.0,0.0,2e-06,2e-06,0.0,0.0,0.0,0.0,0.0,0.0
2026-06-01 05:28:00,1,Tomato,Loam,54.9963,384.974,70.0,25.0,85.0,0.7,0.6666,60.0,5.0037,0.0,0.0,1.4e-05,1.6e-05,0.0,0.0,0.0,0.0,0.0,0.0
2026-06-01 05:28:00,2,Wheat,Sandy,41.998,377.9818,60.0,18.0,78.0,0.9,0.5714,55.0,13.002,0.0,0.0,1.4e-05,1.2e-05,0.0,0.0,0.0,0.0,0.0,0.0
2026-06-01 05:28:00,3,Maize,Clay,64.9973,649.9734,75.0,30.0,90.0,1.0,0.7777,65.0,0.0027,0.0,0.0,1.4e-05,1.7e-05,0.0,0.0,0.0,0.0,0.0,0.0
2026-06-01 05:29:00,1,Tomato,Loam,54.9963,384.974,70.0,25.0,85.0,0.7,0.6666,60.0,5.0037,0.0,0.0,2.8e-05,3.2e-05,0.0,0.0,0.0,0.0,0.0,0.0
2026-06-01 05:29:00,2,Wheat,Sandy,41.998,377.9818,60.0,18.0,78.0,0.9,0.5714,55.0,13.002,0.0,0.0,2.8e-05,2.4e-05,0.0,0.0,0.0,0.0,0.0,0.0
2026-06-01 05:29:00,3,Maize,Clay,64.9973,649.9734,75.0,30.0,90.0,1.0,0.7777,65.0,0.0027,0.0,0.0,2.8e-05,3.4e-05,0.0,0.0,0.0,0.0,0.0,0.0
2026-06-01 05:30:00,1,Tomato,Loam,54.9963,384.974,70.0,25.0,85.0,0.7,0.6666,60.0,5.0037,0.0,0.0,1.6e-05,1.8e-05,0.0,0.0,0.0,0.0,0.0,0.0
2026-06-01 05:30:00,2,Wheat,Sandy,41.998,377.9818,60.0,18.0,78.0,0.9,0.5714,55.0,13.002,0.0,0.0,1.6e-05,1.4e-05,0.0,0.0,0.0,0.0,0.0,0.0
2026-06-01 05:30:00,3,Maize,Clay,64.9973,649.9734,75.0,30.0,90.0,1.0,0.7777,65.0,0.0027,0.0,0.0,1.6e-05,1.9e-05,0.0,0.0,0.0,0.0,0.0,0.0
2026-06-01 05:31:00,1,Tomato,Loam,54.9963,384.9739,70.0,25.0,85.0,0.7,0.6666,60.0,5.0037,0.0,0.0,9.3e-05,0.000107,0.0,0.0,0.0,0.0,0.0,0.0
2026-06-01 05:31:00,2,Wheat,Sandy,41.998,377.9817,60.0,18.0,78.0,0.9,0.5714,55.0,13.002,0.0,0.0,9.3e-05,7.9e-05,0.0,0.0,0.0,0.0,0.0,0.0
2026-06-01 05:31:00,3,Maize,Clay,64.9973,649.9733,75.0,30.0,90.0,1.0,0.7777,65.0,0.0027,0.0,0.0,9.3e-05,0.000112,0.0,0.0,0.0,0.0,0.0,0.0
2026-06-01 05:32:00,1,Tomato,Loam,54.9963,384.9738,70.0,25.0,85.0,0.7,0.6666,60.0,5.0037,0.0,0.0,6.8e-05,7.8e-05,0.0,0.0,0.0,0.0,0.0,0.0
2026-06-01 05:32:00,2,Wheat,Sandy,41.998,377.9816,60.0,18.0,78.0,0.9,0.5714,55.0,13.002,0.0,0.0,6.8e-05,5.8e-05,0.0,0.0,0.0,0.0,0.0,0.0
2026-06-01 05:32:00,3,Maize,Clay,64.9973,649.9732,75.0,30.0,90.0,1.0,0.7777,65.0,0.0027,0.0,0.0,6.8e-05,8.2e-05,0.0,0.0,0.0,0.0,0.0,0.0
2026-06-01 05:33:00,1,Tomato,Loam,54.9962,384.9737,70.0,25.0,85.0,0.7,0.6666,60.0,5.0038,0.0,0.0,8.2e-05,9.4e-05,0.0,0.0,0.0,0.0,0.0,0.0
2026-06-01 05:33:00,2,Wheat,Sandy,41.9979,377.9815,60.0,18.0,78.0,0.9,0.5714,55.0,13.0021,0.0,0.0,8.2e-05,7e-05,0.0,0.0,0.0,0.0,0.0,0.0
2026-06-01 05:33:00,3,Maize,Clay,64.9973,649.9731,75.0,30.0,90.0,1.0,0.7777,65.0,0.0027,0.0,0.0,8.2e-05,9.8e-05,0.0,0.0,0.0,0.0,0.0,0.0
2026-06-01 05:34:00,1,Tomato,Loam,54.9962,384.9736,70.0,25.0,85.0,0.7,0.6666,60.0,5.0038,0.0,0.0,0.000104,0.00012,0.0,0.0,0.0,0.0,0.0,0.0
2026-06-01 05:34:00,2,Wheat,Sandy,41.9979,377.9814,60.0,18.0,78.0,0.9,0.5714,55.0,13.0021,0.0,0.0,0.000104,8.8e-05,0.0,0.0,0.0,0.0,0.0,0.0
2026-06-01 05:34:00,3,Maize,Clay,64.9973,649.973,75.0,30.0,90.0,1.0,0.7777,65.0,0.0027,0.0,0.0,0.000104,0.000125,0.0,0.0,0.0,0.0,0.0,0.0
2026-06-01 05:35:00,1,Tomato,Loam,54.9962,384.9735,70.0,25.0,85.0,0.7,0.6666,60.0,5.0038,0.0,0.0,0.000109,0.000125,0.0,0.0,0.0,0.0,0.0,0.0
2026-06-01 05:35:00,2,Wheat,Sandy,41.9979,377.9813,60.0,18.0,78.0,0.9,0.5714,55.0,13.0021,0.0,0.0,0.000109,9.3e-05,0.0,0.0,0.0,0.0,0.0,0.0
2026-06-01 05:35:00,3,Maize,Clay,64.9973,649.9729,75.0,30.0,90.0,1.0,0.7777,65.0,0.0027,0.0,0.0,0.000109,0.000131,0.0,0.0,0.0,0.0,0.0,0.0
2026-06-01 05:36:00,1,Tomato,Loam,54.9962,384.9734,70.0,25.0,85.0,0.7,0.6666,60.0,5.0038,0.0,0.0,0.000124,0.000143,0.0,0.0,0.0,0.0,0.0,0.0
2026-06-01 05:36:00,2,Wheat,Sandy,41.9979,377.9812,60.0,18.0,78.0,0.9,0.5714,55.0,13.0021,0.0,0.0,0.000124,0.000105,0.0,0.0,0.0,0.0,0.0,0.0
2026-06-01 05:36:00,3,Maize,Clay,64.9973,649.9728,75.0,30.0,90.0,1.0,0.7777,65.0,0.0027,0.0,0.0,0.000124,0.000149,0.0,0.0,0.0,0.0,0.0,0.0
2026-06-01 05:37:00,1,Tomato,Loam,54.9962,384.9732,70.0,25.0,85.0,0.7,0.6666,60.0,5.0038,0.0,0.0,0.000158,0.000182,0.0,0.0,0.0,0.0,0.0,0.0
2026-06-01 05:37:00,2,Wheat,Sandy,41.9979,377.9811,60.0,18.0,78.0,0.9,0.5714,55.0,13.0021,0.0,0.0,0.000158,0.000134,0.0,0.0,0.0,0.0,0.0,0.0
2026-06-01 05:37:00,3,Maize,Clay,64.9973,649.9726,75.0,30.0,90.0,1.0,0.7777,65.0,0.0027,0.0,0.0,0.000158,0.00019,0.0,0.0,0.0,0.0,0.0,0.0
2026-06-01 05:38:00,1,Tomato,Loam,54.9961,384.973,70.0,25.0,85.0,0.7,0.6666,60.0,5.0039,0.0,0.0,0.000146,0.000168,0.0,0.0,0.0,0.0,0.0,0.0
2026-06-01 05:38:00,2,Wheat,Sandy,41.9979,377.981,60.0,18.0,78.0,0.9,0.5714,55.0,13.0021,0.0,0.0,0.000146,0.000124,0.0,0.0,0.0,0.0,0.0,0.0
2026-06-01 05:38:00,3,Maize,Clay,64.9972,649.9724,75.0,30.0,90.0,1.0,0.7777,65.0,0.0028,0.0,0.0,0.000146,0.000175,0.0,0.0,0.0,0.0,0.0,0.0
2026-06-01 05:39:00,1,Tomato,Loam,54.9961,384.9728,70.0,25.0,85.0,0.7,0.6666,60.0,5.0039,0.0,0.0,0.000176,0.000202,0.0,0.0,0.0,0.0,0.0,0.0
2026-06-01 05:39:00,2,Wheat,Sandy,41.9979,377.9808,60.0,18.0,78.0,0.9,0.5714,55.0,13.0021,0.0,0.0,0.000176,0.00015,0.0,0.0,0.0,0.0,0.0,0.0
2026-06-01 05:39:00,3,Maize,Clay,64.9972,649.9722,75.0,30.0,90.0,1.0,0.7777,65.0,0.0028,0.0,0.0,0.000176,0.000211,0.0,0.0,0.0,0.0,0.0,0.0
2026-06-01 05:40:00,1,Tomato,Loam,54.9961,384.9726,70.0,25.0,85.0,0.7,0.6666,60.0,5.0039,0.0,0.0,0.000141,0.000162,0.0,0.0,0.0,0.0,0.0,0.0
2026-06-01 05:40:00,2,Wheat,Sandy,41.9979,377.9807,60.0,18.0,78.0,0.9,0.5714,55.0,13.0021,0.0,0.0,0.000141,0.00012,0.0,0.0,0.0,0.0,0.0,0.0
2026-06-01 05:40:00,3,Maize,Clay,64.9972,649.972,75.0,30.0,90.0,1.0,0.7777,65.0,0.0028,0.0,0.0,0.000141,0.000169,0.0,0.0,0.0,0.0,0.0,0.0
2026-06-01 05:41:00,1,Tomato,Loam,54.996,384.9723,70.0,25.0,85.0,0.7,0.6666,60.0,5.004,0.0,0.0,0.000234,0.000269,0.0,0.0,0.0,0.0,0.0,0.0
2026-06-01 05:41:00,2,Wheat,Sandy,41.9978,377.9805,60.0,18.0,78.0,0.9,0.5714,55.0,13.0022,0.0,0.0,0.000234,0.000199,0.0,0.0,0.0,0.0,0.0,0.0
2026-06-01 05:41:00,3,Maize,Clay,64.9972,649.9717,75.0,30.0,90.0,1.0,0.7777,65.0,0.0028,0.0,0.0,0.000234,0.000281,0.0,0.0,0.0,0.0,0.0,0.0
2026-06-01 05:42:00,1,Tomato,Loam,54.996,384.972,70.0,25.0,85.0,0.7,0.6666,60.0,5.004,0.0,0.0,0.000284,0.000327,0.0,0.0,0.0,0.0,0.0,0.0
2026-06-01 05:42:00,2,Wheat,Sandy,41.9978,377.9803,60.0,18.0,78.0,0.9,0.5714,55.0,13.0022,0.0,0.0,0.000284,0.000241,0.0,0.0,0.0,0.0,0.0,0.0
2026-06-01 05:42:00,3,Maize,Clay,64.9971,649.9714,75.0,30.0,90.0,1.0,0.7777,65.0,0.0029,0.0,0.0,0.000284,0.000341,0.0,0.0,0.0,0.0,0.0,0.0
2026-06-01 05:43:00,1,Tomato,Loam,54.996,384.9717,70.0,25.0,85.0,0.7,0.6666,60.0,5.004,0.0,0.0,0.000277,0.000319,0.0,0.0,0.0,0.0,0.0,0.0
2026-06-01 05:43:00,2,Wheat,Sandy,41.9978,377.9801,60.0,18.0,78.0,0.9,0.5714,55.0,13.0022,0.0,0.0,0.000277,0.000235,0.0,0.0,0.0,0.0,0.0,0.0
2026-06-01 05:43:00,3,Maize,Clay,64.9971,649.9711,75.0,30.0,90.0,1.0,0.7777,65.0,0.0029,0.0,0.0,0.000277,0.000332,0.0,0.0,0.0,0.0,0.0,0.0
2026-06-01 05:44:00,1,Tomato,Loam,54.9959,384.9712,70.0,25.0,85.0,0.7,0.6666,60.0,5.0041,0.0,0.0,0.000392,0.000451,0.0,0.0,0.0,0.0,0.0,0.0
2026-06-01 05:44:00,2,Wheat,Sandy,41.9978,377.9798,60.0,18.0,78.0,0.9,0.5714,55.0,13.0022,0.0,0.0,0.000392,0.000333,0.0,0.0,0.0,0.0,0.0,0.0
2026-06-01 05:44:00,3,Maize,Clay,64.9971,649.9706,75.0,30.0,90.0,1.0,0.7777,65.0,0.0029,0.0,0.0,0.000392,0.00047,0.0,0.0,0.0,0.0,0.0,0.0
2026-06-01 05:45:00,1,Tomato,Loam,54.9958,384.9708,70.0,25.0,85.0,0.7,0.6666,60.0,5.0042,0.0,0.0,0.000335,0.000385,0.0,0.0,0.0,0.0,0.0,0.0
2026-06-01 05:45:00,2,Wheat,Sandy,41.9977,377.9795,60.0,18.0,78.0,0.9,0.5714,55.0,13.0023,0.0,0.0,0.000335,0.000285,0.0,0.0,0.0,0.0,0.0,0.0
2026-06-01 05:45:00,3,Maize,Clay,64.997,649.9702,75.0,30.0,90.0,1.0,0.7777,65.0,0.003,0.0,0.0,0.000335,0.000402,0.0,0.0,0.0,0.0,0.0,0.0
2026-06-01 05:46:00,1,Tomato,Loam,54.9958,384.9703,70.0,25.0,85.0,0.7,0.6666,60.0,5.0042,0.0,0.0,0.000396,0.000455,0.0,0.0,0.0,0.0,0.0,0.0
2026-06-01 05:46:00,2,Wheat,Sandy,41.9977,377.9792,60.0,18.0,78.0,0.9,0.5714,55.0,13.0023,0.0,0.0,0.000396,0.000337,0.0,0.0,0.0,0.0,0.0,0.0
2026-06-01 05:46:00,3,Maize,Clay,64.997,649.9697,75.0,30.0,90.0,1.0,0.7777,65.0,0.003,0.0,0.0,0.000396,0.000475,0.0,0.0,0.0,0.0,0.0,0.0
2026-06-01 05:47:00,1,Tomato,Loam,54.9957,384.9699,70.0,25.0,85.0,0.7,0.6666,60.0,5.0043,0.0,0.0,0.000378,0.000435,0.0,0.0,0.0,0.0,0.0,0.0
2026-06-01 05:47:00,2,Wheat,Sandy,41.9977,377.9789,60.0,18.0,78.0,0.9,0.5714,55.0,13.0023,0.0,0.0,0.000378,0.000321,0.0,0.0,0.0,0.0,0.0,0.0
2026-06-01 05:47:00,3,Maize,Clay,64.9969,649.9692,75.0,30.0,90.0,1.0,0.7777,65.0,0.0031,0.0,0.0,0.000378,0.000454,0.0,0.0,0.0,0.0,0.0,0.0
2026-06-01 05:48:00,1,Tomato,Loam,54.9956,384.9694,70.0,25.0,85.0,0.7,0.6666,60.0,5.0044,0.0,0.0,0.00043,0.000494,0.0,0.0,0.0,0.0,0.0,0.0
2026-06-01 05:48:00,2,Wheat,Sandy,41.9976,377.9785,60.0,18.0,78.0,0.9,0.5714,55.0,13.0024,0.0,0.0,0.00043,0.000366,0.0,0.0,0.0,0.0,0.0,0.0
2026-06-01 05:48:00,3,Maize,Clay,64.9969,649.9687,75.0,30.0,90.0,1.0,0.7777,65.0,0.0031,0.0,0.0,0.00043,0.000516,0.0,0.0,0.0,0.0,0.0,0.0
2026-06-01 05:49:00,1,Tomato,Loam,54.9956,384.9689,70.0,25.0,85.0,0.7,0.6666,60.0,5.0044,0.0,0.0,0.000468,0.000538,0.0,0.0,0.0,0.0,0.0,0.0
2026-06-01 05:49:00,2,Wheat,Sandy,41.9976,377.9781,60.0,18.0,78.0,0.9,0.5714,55.0,13.0024,0.0,0.0,0.000468,0.000398,0.0,0.0,0.0,0.0,0.0,0.0
2026-06-01 05:49:00,3,Maize,Clay,64.9968,649.9681,75.0,30.0,90.0,1.0,0.7777,65.0,0.0032,0.0,0.0,0.000468,0.000562,0.0,0.0,0.0,0.0,0.0,0.0
2026-06-01 05:50:00,1,Tomato,Loam,54.9955,384.9685,70.0,25.0,85.0,0.7,0.6666,60.0,5.0045,0.0,0.0,0.000373,0.000429,0.0,0.0,0.0,0.0,0.0,0.0
2026-06-01 05:50:00,2,Wheat,Sandy,41.9975,377.9778,60.0,18.0,78.0,0.9,0.5714,55.0,13.0025,0.0,0.0,0.000373,0.000317,0.0,0.0,0.0,0.0,0.0,0.0
2026-06-01 05:50:00,3,Maize,Clay,64.9968,649.9677,75.0,30.0,90.0,1.0,0.7777,65.0,0.0032,0.0,0.0,0.000373,0.000448,0.0,0.0,0.0,0.0,0.0,0.0
2026-06-01 05:51:00,1,Tomato,Loam,54.9954,384.9679,70.0,25.0,85.0,0.7,0.6666,60.0,5.0046,0.0,0.0,0.000485,0.000558,0.0,0.0,0.0,0.0,0.0,0.0
2026-06-01 05:51:00,2,Wheat,Sandy,41.9975,377.9774,60.0,18.0,78.0,0.9,0.5714,55.0,13.0025,0.0,0.0,0.000485,0.000412,0.0,0.0,0.0,0.0,0.0,0.0
2026-06-01 05:51:00,3,Maize,Clay,64.9967,649.9671,75.0,30.0,90.0,1.0,0.7777,65.0,0.0033,0.0,0.0,0.000485,0.000582,0.0,0.0,0.0,0.0,0.0,0.0
2026-06-01 05:52:00,1,Tomato,Loam,54.9953,384.9673,70.0,25.0,85.0,0.7,0.6666,60.0,5.0047,0.0,0.0,0.000562,0.000646,0.0,0.0,0.0,0.0,0.0,0.0
2026-06-01 05:52:00,2,Wheat,Sandy,41.9974,377.9769,60.0,18.0,78.0,0.9,0.5714,55.0,13.0026,0.0,0.0,0.000562,0.000478,0.0,0.0,0.0,0.0,0.0,0.0
2026-06-01 05:52:00,3,Maize,Clay,64.9966,649.9664,75.0,30.0,90.0,1.0,0.7777,65.0,0.0034,0.0,0.0,0.000562,0.000674,0.0,0.0,0.0,0.0,0.0,0.0
2026-06-01 05:53:00,1,Tomato,Loam,54.9952,384.9666,70.0,25.0,85.0,0.7,0.6666,60.0,5.0048,0.0,0.0,0.000567,0.000652,0.0,0.0,0.0,0.0,0.0,0.0
2026-06-01 05:53:00,2,Wheat,Sandy,41.9974,377.9764,60.0,18.0,78.0,0.9,0.5714,55.0,13.0026,0.0,0.0,0.000567,0.000482,0.0,0.0,0.0,0.0,0.0,0.0
2026-06-01 05:53:00,3,Maize,Clay,64.9966,649.9657,75.0,30.0,90.0,1.0,0.7777,65.0,0.0034,0.0,0.0,0.000567,0.00068,0.0,0.0,0.0,0.0,0.0,0.0
2026-06-01 05:54:00,1,Tomato,Loam,54.9951,384.9659,70.0,25.0,85.0,0.7,0.6666,60.0,5.0049,0.0,0.0,0.000587,0.000675,0.0,0.0,0.0,0.0,0.0,0.0
2026-06-01 05:54:00,2,Wheat,Sandy,41.9973,377.9759,60.0,18.0,78.0,0.9,0.5714,55.0,13.0027,0.0,0.0,0.000587,0.000499,0.0,0.0,0.0,0.0,0.0,0.0
2026-06-01 05:54:00,3,Maize,Clay,64.9965,649.965,75.0,30.0,90.0,1.0,0.7777,65.0,0.0035,0.0,0.0,0.000587,0.000704,0.0,0.0,0.0,0.0,0.0,0.0
2026-06-01 05:55:00,1,Tomato,Loam,54.995,384.9651,70.0,25.0,85.0,0.7,0.6666,60.0,5.005,0.0,0.0,0.000655,0.000753,0.0,0.0,0.0,0.0,0.0,0.0
2026-06-01 05:55:00,2,Wheat,Sandy,41.9973,377.9753,60.0,18.0,78.0,0.9,0.5714,55.0,13.0027,0.0,0.0,0.000655,0.000557,0.0,0.0,0.0,0.0,0.0,0.0
2026-06-01 05:55:00,3,Maize,Clay,64.9964,649.9642,75.0,30.0,90.0,1.0,0.7777,65.0,0.0036,0.0,0.0,0.000655,0.000786,0.0,0.0,0.0,0.0,0.0,0.0
2026-06-01 05:56:00,1,Tomato,Loam,54.9949,384.9643,70.0,25.0,85.0,0.7,0.6666,60.0,5.0051,0.0,0.0,0.000659,0.000758,0.0,0.0,0.0,0.0,0.0,0.0
2026-06-01 05:56:00,2,Wheat,Sandy,41.9972,377.9747,60.0,18.0,78.0,0.9,0.5714,55.0,13.0028,0.0,0.0,0.000659,0.00056,0.0,0.0,0.0,0.0,0.0,0.0
2026-06-01 05:56:00,3,Maize,Clay,64.9963,649.9634,75.0,30.0,90.0,1.0,0.7777,65.0,0.0037,0.0,0.0,0.000659,0.000791,0.0,0.0,0.0,0.0,0.0,0.0
2026-06-01 05:57:00,1,Tomato,Loam,54.9948,384.9635,70.0,25.0,85.0,0.7,0.6666,60.0,5.0052,0.0,0.0,0.00071,0.000816,0.0,0.0,0.0,0.0,0.0,0.0
2026-06-01 05:57:00,2,Wheat,Sandy,41.9971,377.9741,60.0,18.0,78.0,0.9,0.5714,55.0,13.0029,0.0,0.0,0.00071,0.000604,0.0,0.0,0.0,0.0,0.0,0.0
2026-06-01 05:57:00,3,Maize,Clay,64.9963,649.9625,75.0,30.0,90.0,1.0,0.7777,65.0,0.0037,0.0,0.0,0.00071,0.000852,0.0,0.0,0.0,0.0,0.0,0.0
2026-06-01 05:58:00,1,Tomato,Loam,54.9947,384.9627,70.0,25.0,85.0,0.7,0.6665,60.0,5.0053,0.0,0.0,0.000678,0.00078,0.0,0.0,0.0,0.0,0.0,0.0
2026-06-01 05:58:00,2,Wheat,Sandy,41.9971,377.9735,60.0,18.0,78.0,0.9,0.5714,55.0,13.0029,0.0,0.0,0.000678,0.000576,0.0,0.0,0.0,0.0,0.0,0.0
2026-06-01 05:58:00,3,Maize,Clay,64.9962,649.9617,75.0,30.0,90.0,1.0,0.7777,65.0,0.0038,0.0,0.0,0.000678,0.000814,0.0,0.0,0.0,0.0,0.0,0.0
2026-06-01 05:59:00,1,Tomato,Loam,54.9945,384.9618,70.0,25.0,85.0,0.7,0.6665,60.0,5.0055,0.0,0.0,0.000741,0.000852,0.0,0.0,0.0,0.0,0.0,0.0
2026-06-01 05:59:00,2,Wheat,Sandy,41.997,377.9729,60.0,18.0,78.0,0.9,0.5714,55.0,13.003,0.0,0.0,0.000741,0.00063,0.0,0.0,0.0,0.0,0.0,0.0
2026-06-01 05:59:00,3,Maize,Clay,64.9961,649.9608,75.0,30.0,90.0,1.0,0.7777,65.0,0.0039,0.0,0.0,0.000741,0.000889,0.0,0.0,0.0,0.0,0.0,0.0
2026-06-01 06:00:00,1,Tomato,Loam,55.0325,385.2275,70.0,25.0,85.0,0.7,0.6674,60.0,4.9675,0.0,0.0,0.000815,0.000937,0.2667,0.2667,0.0,0.0,0.0,0.0
2026-06-01 06:00:00,2,Wheat,Sandy,42.0265,378.2389,60.0,18.0,78.0,0.9,0.5721,55.0,12.9735,0.0,0.0,0.000815,0.000693,0.2667,0.2667,0.0,0.0,0.0,0.0
2026-06-01 06:00:00,3,Maize,Clay,65.0043,650.0432,75.0,30.0,90.0,1.0,0.7779,65.0,-0.0043,0.0,0.0,0.000815,0.000978,0.2667,0.0833,0.0,0.1833,0.0,0.0
2026-06-01 06:01:00,1,Tomato,Loam,55.0705,385.4932,70.0,25.0,85.0,0.7,0.6682,60.0,4.9295,0.0,0.0,0.000864,0.000994,0.2667,0.2667,0.0,0.0,0.0,0.0
2026-06-01 06:01:00,2,Wheat,Sandy,42.0561,378.5048,60.0,18.0,78.0,0.9,0.5728,55.0,12.9439,0.0,0.0,0.000864,0.000734,0.2667,0.2667,0.0,0.0,0.0,0.0
2026-06-01 06:01:00,3,Maize,Clay,65.0125,650.1255,75.0,30.0,90.0,1.0,0.7781,65.0,-0.0125,0.0,0.0,0.000864,0.001037,0.2667,0.0833,0.0,0.1833,0.0,0.0
2026-06-01 06:02:00,1,Tomato,Loam,55.1084,385.7589,70.0,25.0,85.0,0.7,0.6691,60.0,4.8916,0.0,0.0,0.000854,0.000982,0.2667,0.2667,0.0,0.0,0.0,0.0
2026-06-01 06:02:00,2,Wheat,Sandy,42.0856,378.7707,60.0,18.0,78.0,0.9,0.5735,55.0,12.9144,0.0,0.0,0.000854,0.000726,0.2667,0.2667,0.0,0.0,0.0,0.0
2026-06-01 06:02:00,3,Maize,Clay,65.0208,650.2078,75.0,30.0,90.0,1.0,0.7782,65.0,-0.0208,0.0,0.0,0.000854,0.001025,0.2667,0.0833,0.0,0.1833,0.0,0.0
2026-06-01 06:03:00,1,Tomato,Loam,55.1464,386.0246,70.0,25.0,85.0,0.7,0.6699,60.0,4.8536,0.0,0.0,0.000858,0.000987,0.2667,0.2667,0.0,0.0,0.0,0.0
2026-06-01 06:03:00,2,Wheat,Sandy,42.1152,379.0366,60.0,18.0,78.0,0.9,0.5742,55.0,12.8848,0.0,0.0,0.000858,0.000729,0.2667,0.2667,0.0,0.0,0.0,0.0
2026-06-01 06:03:00,3,Maize,Clay,65.029,650.2901,75.0,30.0,90.0,1.0,0.7784,65.0,-0.029,0.0,0.0,0.000858,0.00103,0.2667,0.0833,0.0,0.1833,0.0,0.0
2026-06-01 06:04:00,1,Tomato,Loam,55.1843,386.2902,70.0,25.0,85.0,0.7,0.6708,60.0,4.8157,0.0,0.0,0.000915,0.001052,0.2667,0.2667,0.0,0.0,0.0,0.0
2026-06-01 06:04:00,2,Wheat,Sandy,42.1447,379.3025,60.0,18.0,78.0,0.9,0.5749,55.0,12.8553,0.0,0.0,0.000915,0.000778,0.2667,0.2667,0.0,0.0,0.0,0.0
2026-06-01 06:04:00,3,Maize,Clay,65.0372,650.3723,75.0,30.0,90.0,1.0,0.7786,65.0,-0.0372,0.0,0.0,0.000915,0.001098,0.2667,0.0833,0.0,0.1833,0.0,0.0
2026-06-01 06:05:00,1,Tomato,Loam,55.2223,386.5558,70.0,25.0,85.0,0.7,0.6716,60.0,4.7777,0.0,0.0,0.000904,0.00104,0.2667,0.2667,0.0,0.0,0.0,0.0
2026-06-01 06:05:00,2,Wheat,Sandy,42.1743,379.5684,60.0,18.0,78.0,0.9,0.5756,55.0,12.8257,0.0,0.0,0.000904,0.000768,0.2667,0.2667,0.0,0.0,0.0,0.0
2026-06-01 06:05:00,3,Maize,Clay,65.0455,650.4545,75.0,30.0,90.0,1.0,0.7788,65.0,-0.0455,0.0,0.0,0.000904,0.001085,0.2667,0.0833,0.0,0.1833,0.0,0.0
2026-06-01 06:06:00,1,Tomato,Loam,55.2602,386.8213,70.0,25.0,85.0,0.7,0.6724,60.0,4.7398,0.0,0.0,0.00099,0.001138,0.2667,0.2667,0.0,0.0,0.0,0.0
2026-06-01 06:06:00,2,Wheat,Sandy,42.2038,379.8342,60.0,18.0,78.0,0.9,0.5763,55.0,12.7962,0.0,0.0,0.00099,0.000842,0.2667,0.2667,0.0,0.0,0.0,0.0
2026-06-01 06:06:00,3,Maize,Clay,65.0537,650.5366,75.0,30.0,90.0,1.0,0.779,65.0,-0.0537,0.0,0.0,0.00099,0.001188,0.2667,0.0833,0.0,0.1833,0.0,0.0
2026-06-01 06:07:00,1,Tomato,Loam,55.2981,387.0868,70.0,25.0,85.0,0.7,0.6733,60.0,4.7019,0.0,0.0,0.001007,0.001158,0.2667,0.2667,0.0,0.0,0.0,0.0
2026-06-01 06:07:00,2,Wheat,Sandy,42.2333,380.1,60.0,18.0,78.0,0.9,0.577,55.0,12.7667,0.0,0.0,0.001007,0.000856,0.2667,0.2667,0.0,0.0,0.0,0.0
2026-06-01 06:07:00,3,Maize,Clay,65.0619,650.6187,75.0,30.0,90.0,1.0,0.7792,65.0,-0.0619,0.0,0.0,0.001007,0.001208,0.2667,0.0833,0.0,0.1833,0.0,0.0
2026-06-01 06:08:00,1,Tomato,Loam,55.336,387.3523,70.0,25.0,85.0,0.7,0.6741,60.0,4.664,0.0,0.0,0.001055,0.001213,0.2667,0.2667,0.0,0.0,0.0,0.0
2026-06-01 06:08:00,2,Wheat,Sandy,42.2629,380.3658,60.0,18.0,78.0,0.9,0.5777,55.0,12.7371,0.0,0.0,0.001055,0.000897,0.2667,0.2667,0.0,0.0,0.0,0.0
2026-06-01 06:08:00,3,Maize,Clay,65.0701,650.7008,75.0,30.0,90.0,1.0,0.7793,65.0,-0.0701,0.0,0.0,0.001055,0.001266,0.2667,0.0833,0.0,0.1833,0.0,0.0
2026-06-01 06:09:00,1,Tomato,Loam,55.374,387.6177,70.0,25.0,85.0,0.7,0.675,60.0,4.626,0.0,0.0,0.001133,0.001303,0.2667,0.2667,0.0,0.0,0.0,0.0
2026-06-01 06:09:00,2,Wheat,Sandy,42.2924,380.6315,60.0,18.0,78.0,0.9,0.5784,55.0,12.7076,0.0,0.0,0.001133,0.000963,0.2667,0.2667,0.0,0.0,0.0,0.0
2026-06-01 06:09:00,3,Maize,Clay,65.0783,650.7828,75.0,30.0,90.0,1.0,0.7795,65.0,-0.0783,0.0,0.0,0.001133,0.00136,0.2667,0.0833,0.0,0.1833,0.0,0.0
2026-06-01 06:10:00,1,Tomato,Loam,55.4119,387.8831,70.0,25.0,85.0,0.7,0.6758,60.0,4.5881,0.0,0.0,0.001061,0.00122,0.2667,0.2667,0.0,0.0,0.0,0.0
2026-06-01 06:10:00,2,Wheat,Sandy,42.3219,380.8973,60.0,18.0,78.0,0.9,0.5791,55.0,12.6781,0.0,0.0,0.001061,0.000902,0.2667,0.2667,0.0,0.0,0.0,0.0
2026-06-01 06:10:00,3,Maize,Clay,65.0865,650.8649,75.0,30.0,90.0,1.0,0.7797,65.0,-0.0865,0.0,0.0,0.001061,0.001273,0.2667,0.0833,0.0,0.1833,0.0,0.0
2026-06-01 06:11:00,1,Tomato,Loam,55.4498,388.1485,70.0,25.0,85.0,0.7,0.6767,60.0,4.5502,0.0,0.0,0.001113,0.00128,0.2667,0.2667,0.0,0.0,0.0,0.0
2026-06-01 06:11:00,2,Wheat,Sandy,42.3514,381.163,60.0,18.0,78.0,0.9,0.5798,55.0,12.6486,0.0,0.0,0.001113,0.000946,0.2667,0.2667,0.0,0.0,0.0,0.0
2026-06-01 06:11:00,3,Maize,Clay,65.0947,650.9469,75.0,30.0,90.0,1.0,0.7799,65.0,-0.0947,0.0,0.0,0.001113,0.001336,0.2667,0.0833,0.0,0.1833,0.0,0.0
2026-06-01 06:12:00,1,Tomato,Loam,55.4877,388.4137,70.0,25.0,85.0,0.7,0.6775,60.0,4.5123,0.0,0.0,0.001242,0.001428,0.2667,0.2667,0.0,0.0,0.0,0.0
2026-06-01 06:12:00,2,Wheat,Sandy,42.381,381.4286,60.0,18.0,78.0,0.9,0.5805,55.0,12.619,0.0,0.0,0.001242,0.001056,0.2667,0.2667,0.0,0.0,0.0,0.0
2026-06-01 06:12:00,3,Maize,Clay,65.1029,651.0287,75.0,30.0,90.0,1.0,0.7801,65.0,-0.1029,0.0,0.0,0.001242,0.00149,0.2667,0.0833,0.0,0.1833,0.0,0.0
2026-06-01 06:13:00,1,Tomato,Loam,55.5256,388.679,70.0,25.0,85.0,0.7,0.6783,60.0,4.4744,0.0,0.0,0.00122,0.001403,0.2667,0.2667,0.0,0.0,0.0,0.0
2026-06-01 06:13:00,2,Wheat,Sandy,42.4105,381.6942,60.0,18.0,78.0,0.9,0.5812,55.0,12.5895,0.0,0.0,0.00122,0.001037,0.2667,0.2667,0.0,0.0,0.0,0.0
2026-06-01 06:13:00,3,Maize,Clay,65.1111,651.1106,75.0,30.0,90.0,1.0,0.7802,65.0,-0.1111,0.0,0.0,0.00122,0.001464,0.2667,0.0833,0.0,0.1833,0.0,0.0
2026-06-01 06:14:00,1,Tomato,Loam,55.5635,388.9442,70.0,25.0,85.0,0.7,0.6792,60.0,4.4365,0.0,0.0,0.001281,0.001473,0.2667,0.2667,0.0,0.0,0.0,0.0
2026-06-01 06:14:00,2,Wheat,Sandy,42.44,381.9598,60.0,18.0,78.0,0.9,0.5819,55.0,12.56,0.0,0.0,0.001281,0.001089,0.2667,0.2667,0.0,0.0,0.0,0.0
2026-06-01 06:14:00,3,Maize,Clay,65.1192,651.1924,75.0,30.0,90.0,1.0,0.7804,65.0,-0.1192,0.0,0.0,0.001281,0.001537,0.2667,0.0833,0.0,0.1833,0.0,0.0
2026-06-01 06:15:00,1,Tomato,Loam,55.5632,388.9427,70.0,25.0,85.0,0.7,0.6792,60.0,4.4368,0.0,0.0,0.001314,0.001511,0.0,0.0,0.0,0.0,0.0,0.0
2026-06-01 06:15:00,2,Wheat,Sandy,42.4399,381.9587,60.0,18.0,78.0,0.9,0.5819,55.0,12.5601,0.0,0.0,0.001314,0.001117,0.0,0.0,0.0,0.0,0.0,0.0
2026-06-01 06:15:00,3,Maize,Clay,65.1191,651.1908,75.0,30.0,90.0,1.0,0.7804,65.0,-0.1191,0.0,0.0,0.001314,0.001577,0.0,0.0,0.0,0.0,0.0,0.0
2026-06-01 06:16:00,1,Tomato,Loam,55.563,388.9411,70.0,25.0,85.0,0.7,0.6792,60.0,4.437,0.0,0.0,0.001373,0.001579,0.0,0.0,0.0,0.0,0.0,0.0
2026-06-01 06:16:00,2,Wheat,Sandy,42.4397,381.9575,60.0,18.0,78.0,0.9,0.5819,55.0,12.5603,0.0,0.0,0.001373,0.001167,0.0,0.0,0.0,0.0,0.0,0.0
2026-06-01 06:16:00,3,Maize,Clay,65.1189,651.1892,75.0,30.0,90.0,1.0,0.7804,65.0,-0.1189,0.0,0.0,0.001373,0.001648,0.0,0.0,0.0,0.0,0.0,0.0
2026-06-01 06:17:00,1,Tomato,Loam,55.5628,388.9395,70.0,25.0,85.0,0.7,0.6792,60.0,4.4372,0.0,0.0,0.00135,0.001552,0.0,0.0,0.0,0.0,0.0,0.0
2026-06-01 06:17:00,2,Wheat,Sandy,42.4396,381.9564,60.0,18.0,78.0,0.9,0.5819,55.0,12.5604,0.0,0.0,0.00135,0.001148,0.0,0.0,0.0,0.0,0.0,0.0
2026-06-01 06:17:00,3,Maize,Clay,65.1188,651.1876,75.0,30.0,90.0,1.0,0.7804,65.0,-0.1188,0.0,0.0,0.00135,0.00162,0.0,0.0,0.0,0.0,0.0,0.0
2026-06-01 06:18:00,1,Tomato,Loam,55.5625,388.9378,70.0,25.0,85.0,0.7,0.6792,60.0,4.4375,0.0,0.0,0.00147,0.00169,0.0,0.0,0.0,0.0,0.0,0.0
2026-06-01 06:18:00,2,Wheat,Sandy,42.4395,381.9551,60.0,18.0,78.0,0.9,0.5819,55.0,12.5605,0.0,0.0,0.00147,0.00125,0.0,0.0,0.0,0.0,0.0,0.0
2026-06-01 06:18:00,3,Maize,Clay,65.1186,651.1858,75.0,30.0,90.0,1.0,0.7804,65.0,-0.1186,0.0,0.0,0.00147,0.001764,0.0,0.0,0.0,0.0,0.0,0.0
2026-06-01 06:19:00,1,Tomato,Loam,55.5623,388.9362,70.0,25.0,85.0,0.7,0.6792,60.0,4.4377,0.0,0.0,0.001413,0.001625,0.0,0.0,0.0,0.0,0.0,0.0
2026-06-01 06:19:00,2,Wheat,Sandy,42.4393,381.9539,60.0,18.0,78.0,0.9,0.5819,55.0,12.5607,0.0,0.0,0.001413,0.001201,0.0,0.0,0.0,0.0,0.0,0.0
2026-06-01 06:19:00,3,Maize,Clay,65.1184,651.1841,75.0,30.0,90.0,1.0,0.7804,65.0,-0.1184,0.0,0.0,0.001413,0.001696,0.0,0.0,0.0,0.0,0.0,0.0
2026-06-01 06:20:00,1,Tomato,Loam,55.5621,388.9346,70.0,25.0,85.0,0.7,0.6792,60.0,4.4379,0.0,0.0,0.001373,0.001579,0.0,0.0,0.0,0.0,0.0,0.0
2026-06-01 06:20:00,2,Wheat,Sandy,42.4392,381.9527,60.0,18.0,78.0,0.9,0.5819,55.0,12.5608,0.0,0.0,0.001373,0.001167,0.0,0.0,0.0,0.0,0.0,0.0
2026-06-01 06:20:00,3,Maize,Clay,65.1182,651.1825,75.0,30.0,90.0,1.0,0.7804,65.0,-0.1182,0.0,0.0,0.001373,0.001648,0.0,0.0,0.0,0.0,0.0,0.0
2026-06-01 06:21:00,1,Tomato,Loam,55.5618,388.9328,70.0,25.0,85.0,0.7,0.6792,60.0,4.4382,0.0,0.0,0.001561,0.001795,0.0,0.0,0.0,0.0,0.0,0.0
2026-06-01 06:21:00,2,Wheat,Sandy,42.439,381.9514,60.0,18.0,78.0,0.9,0.5819,55.0,12.561,0.0,0.0,0.001561,0.001327,0.0,0.0,0.0,0.0,0.0,0.0
2026-06-01 06:21:00,3,Maize,Clay,65.1181,651.1806,75.0,30.0,90.0,1.0,0.7804,65.0,-0.1181,0.0,0.0,0.001561,0.001873,0.0,0.0,0.0,0.0,0.0,0.0
2026-06-01 06:22:00,1,Tomato,Loam,55.5616,388.931,70.0,25.0,85.0,0.7,0.6791,60.0,4.4384,0.0,0.0,0.001542,0.001773,0.0,0.0,0.0,0.0,0.0,0.0
2026-06-01 06:22:00,2,Wheat,Sandy,42.4389,381.9501,60.0,18.0,78.0,0.9,0.5819,55.0,12.5611,0.0,0.0,0.001542,0.001311,0.0,0.0,0.0,0.0,0.0,0.0
2026-06-01 06:22:00,3,Maize,Clay,65.1179,651.1788,75.0,30.0,90.0,1.0,0.7804,65.0,-0.1179,0.0,0.0,0.001542,0.00185,0.0,0.0,0.0,0.0,0.0,0.0
2026-06-01 06:23:00,1,Tomato,Loam,55.5613,388.9292,70.0,25.0,85.0,0.7,0.6791,60.0,4.4387,0.0,0.0,0.001553,0.001786,0.0,0.0,0.0,0.0,0.0,0.0
2026-06-01 06:23:00,2,Wheat,Sandy,42.4388,381.9488,60.0,18.0,78.0,0.9,0.5819,55.0,12.5612,0.0,0.0,0.001553,0.00132,0.0,0.0,0.0,0.0,0.0,0.0
2026-06-01 06:23:00,3,Maize,Clay,65.1177,651.1769,75.0,30.0,90.0,1.0,0.7804,65.0,-0.1177,0.0,0.0,0.001553,0.001864,0.0,0.0,0.0,0.0,0.0,0.0
2026-06-01 06:24:00,1,Tomato,Loam,55.5611,388.9274,70.0,25.0,85.0,0.7,0.6791,60.0,4.4389,0.0,0.0,0.001536,0.001766,0.0,0.0,0.0,0.0,0.0,0.0
2026-06-01 06:24:00,2,Wheat,Sandy,42.4386,381.9475,60.0,18.0,78.0,0.9,0.5819,55.0,12.5614,0.0,0.0,0.001536,0.001306,0.0,0.0,0.0,0.0,0.0,0.0
2026-06-01 06:24:00,3,Maize,Clay,65.1175,651.1751,75.0,30.0,90.0,1.0,0.7804,65.0,-0.1175,0.0,0.0,0.001536,0.001843,0.0,0.0,0.0,0.0,0.0,0.0
2026-06-01 06:25:00,1,Tomato,Loam,55.5608,388.9255,70.0,25.0,85.0,0.7,0.6791,60.0,4.4392,0.0,0.0,0.001648,0.001895,0.0,0.0,0.0,0.0,0.0,0.0
2026-06-01 06:25:00,2,Wheat,Sandy,42.4385,381.9461,60.0,18.0,78.0,0.9,0.5819,55.0,12.5615,0.0,0.0,0.001648,0.001401,0.0,0.0,0.0,0.0,0.0,0.0
2026-06-01 06:25:00,3,Maize,Clay,65.1173,651.1731,75.0,30.0,90.0,1.0,0.7804,65.0,-0.1173,0.0,0.0,0.001648,0.001978,0.0,0.0,0.0,0.0,0.0,0.0
2026-06-01 06:26:00,1,Tomato,Loam,55.5605,388.9235,70.0,25.0,85.0,0.7,0.6791,60.0,4.4395,0.0,0.0,0.001754,0.002017,0.0,0.0,0.0,0.0,0.0,0.0
2026-06-01 06:26:00,2,Wheat,Sandy,42.4383,381.9446,60.0,18.0,78.0,0.9,0.5819,55.0,12.5617,0.0,0.0,0.001754,0.001491,0.0,0.0,0.0,0.0,0.0,0.0
2026-06-01 06:26:00,3,Maize,Clay,65.1171,651.171,75.0,30.0,90.0,1.0,0.7804,65.0,-0.1171,0.0,0.0,0.001754,0.002105,0.0,0.0,0.0,0.0,0.0,0.0
2026-06-01 06:27:00,1,Tomato,Loam,55.5602,388.9214,70.0,25.0,85.0,0.7,0.6791,60.0,4.4398,0.0,0.0,0.001784,0.002052,0.0,0.0,0.0,0.0,0.0,0.0
2026-06-01 06:27:00,2,Wheat,Sandy,42.4381,381.9431,60.0,18.0,78.0,0.9,0.5819,55.0,12.5619,0.0,0.0,0.001784,0.001516,0.0,0.0,0.0,0.0,0.0,0.0
2026-06-01 06:27:00,3,Maize,Clay,65.1169,651.1689,75.0,30.0,90.0,1.0,0.7804,65.0,-0.1169,0.0,0.0,0.001784,0.002141,0.0,0.0,0.0,0.0,0.0,0.0
2026-06-01 06:28:00,1,Tomato,Loam,55.5599,388.9195,70.0,25.0,85.0,0.7,0.6791,60.0,4.4401,0.0,0.0,0.00168,0.001932,0.0,0.0,0.0,0.0,0.0,0.0
2026-06-01 06:28:00,2,Wheat,Sandy,42.438,381.9417,60.0,18.0,78.0,0.9,0.5819,55.0,12.562,0.0,0.0,0.00168,0.001428,0.0,0.0,0.0,0.0,0.0,0.0
2026-06-01 06:28:00,3,Maize,Clay,65.1167,651.1669,75.0,30.0,90.0,1.0,0.7804,65.0,-0.1167,0.0,0.0,0.00168,0.002016,0.0,0.0,0.0,0.0,0.0,0.0
2026-06-01 06:29:00,1,Tomato,Loam,55.5596,388.9175,70.0,25.0,85.0,0.7,0.6791,60.0,4.4404,0.0,0.0,0.001737,0.001998,0.0,0.0,0.0,0.0,0.0,0.0
2026-06-01 06:29:00,2,Wheat,Sandy,42.4378,381.9402,60.0,18.0,78.0,0.9,0.5819,55.0,12.5622,0.0,0.0,0.001737,0.001476,0.0,0.0,0.0,0.0,0.0,0.0
2026-06-01 06:29:00,3,Maize,Clay,65.1165,651.1648,75.0,30.0,90.0,1.0,0.7804,65.0,-0.1165,0.0,0.0,0.001737,0.002084,0.0,0.0,0.0,0.0,0.0,0.0
2026-06-01 06:30:00,1,Tomato,Loam,55.5594,388.9155,70.0,25.0,85.0,0.7,0.6791,60.0,4.4406,0.0,0.0,0.001781,0.002048,0.0,0.0,0.0,0.0,0.0,0.0
2026-06-01 06:30:00,2,Wheat,Sandy,42.4376,381.9387,60.0,18.0,78.0,0.9,0.5818,55.0,12.5624,0.0,0.0,0.001781,0.001514,0.0,0.0,0.0,0.0,0.0,0.0
2026-06-01 06:30:00,3,Maize,Clay,65.1163,651.1627,75.0,30.0,90.0,1.0,0.7804,65.0,-0.1163,0.0,0.0,0.001781,0.002137,0.0,0.0,0.0,0.0,0.0,0.0
2026-06-01 06:31:00,1,Tomato,Loam,55.5591,388.9134,70.0,25.0,85.0,0.7,0.6791,60.0,4.4409,0.0,0.0,0.00183,0.002104,0.0,0.0,0.0,0.0,0.0,0.0
2026-06-01 06:31:00,2,Wheat,Sandy,42.4375,381.9371,60.0,18.0,78.0,0.9,0.5818,55.0,12.5625,0.0,0.0,0.00183,0.001556,0.0,0.0,0.0,0.0,0.0,0.0
2026-06-01 06:31:00,3,Maize,Clay,65.1161,651.1605,75.0,30.0,90.0,1.0,0.7804,65.0,-0.1161,0.0,0.0,0.00183,0.002196,0.0,0.0,0.0,0.0,0.0,0.0
2026-06-01 06:32:00,1,Tomato,Loam,55.5588,388.9113,70.0,25.0,85.0,0.7,0.6791,60.0,4.4412,0.0,0.0,0.001795,0.002064,0.0,0.0,0.0,0.0,0.0,0.0
2026-06-01 06:32:00,2,Wheat,Sandy,42.4373,381.9356,60.0,18.0,78.0,0.9,0.5818,55.0,12.5627,0.0,0.0,0.001795,0.001526,0.0,0.0,0.0,0.0,0.0,0.0
2026-06-01 06:32:00,3,Maize,Clay,65.1158,651.1583,75.0,30.0,90.0,1.0,0.7804,65.0,-0.1158,0.0,0.0,0.001795,0.002154,0.0,0.0,0.0,0.0,0.0,0.0
2026-06-01 06:33:00,1,Tomato,Loam,55.5584,388.9091,70.0,25.0,85.0,0.7,0.6791,60.0,4.4416,0.0,0.0,0.001924,0.002213,0.0,0.0,0.0,0.0,0.0,0.0
2026-06-01 06:33:00,2,Wheat,Sandy,42.4371,381.934,60.0,18.0,78.0,0.9,0.5818,55.0,12.5629,0.0,0.0,0.001924,0.001635,0.0,0.0,0.0,0.0,0.0,0.0
2026-06-01 06:33:00,3,Maize,Clay,65.1156,651.156,75.0,30.0,90.0,1.0,0.7803,65.0,-0.1156,0.0,0.0,0.001924,0.002309,0.0,0.0,0.0,0.0,0.0,0.0
2026-06-01 06:34:00,1,Tomato,Loam,55.5581,388.9068,70.0,25.0,85.0,0.7,0.6791,60.0,4.4419,0.0,0.0,0.001993,0.002292,0.0,0.0,0.0,0.0,0.0,0.0
2026-06-01 06:34:00,2,Wheat,Sandy,42.4369,381.9323,60.0,18.0,78.0,0.9,0.5818,55.0,12.5631,0.0,0.0,0.001993,0.001694,0.0,0.0,0.0,0.0,0.0,0.0
2026-06-01 06:34:00,3,Maize,Clay,65.1154,651.1536,75.0,30.0,90.0,1.0,0.7803,65.0,-0.1154,0.0,0.0,0.001993,0.002392,0.0,0.0,0.0,0.0,0.0,0.0
2026-06-01 06:35:00,1,Tomato,Loam,55.5578,388.9045,70.0,25.0,85.0,0.7,0.6791,60.0,4.4422,0.0,0.0,0.001991,0.00229,0.0,0.0,0.0,0.0,0.0,0.0
2026-06-01 06:35:00,2,Wheat,Sandy,42.4367,381.9306,60.0,18.0,78.0,0.9,0.5818,55.0,12.5633,0.0,0.0,0.001991,0.001692,0.0,0.0,0.0,0.0,0.0,0.0
2026-06-01 06:35:00,3,Maize,Clay,65.1151,651.1512,75.0,30.0,90.0,1.0,0.7803,65.0,-0.1151,0.0,0.0,0.001991,0.002389,0.0,0.0,0.0,0.0,0.0,0.0
2026-06-01 06:36:00,1,Tomato,Loam,55.5575,388.9022,70.0,25.0,85.0,0.7,0.6791,60.0,4.4425,0.0,0.0,0.00201,0.002311,0.0,0.0,0.0,0.0,0.0,0.0
2026-06-01 06:36:00,2,Wheat,Sandy,42.4365,381.9289,60.0,18.0,78.0,0.9,0.5818,55.0,12.5635,0.0,0.0,0.00201,0.001708,0.0,0.0,0.0,0.0,0.0,0.0
2026-06-01 06:36:00,3,Maize,Clay,65.1149,651.1488,75.0,30.0,90.0,1.0,0.7803,65.0,-0.1149,0.0,0.0,0.00201,0.002412,0.0,0.0,0.0,0.0,0.0,0.0
2026-06-01 06:37:00,1,Tomato,Loam,55.5571,388.8999,70.0,25.0,85.0,0.7,0.679,60.0,4.4429,0.0,0.0,0.002038,0.002344,0.0,0.0,0.0,0.0,0.0,0.0
2026-06-01 06:37:00,2,Wheat,Sandy,42.4364,381.9272,60.0,18.0,78.0,0.9,0.5818,55.0,12.5636,0.0,0.0,0.002038,0.001732,0.0,0.0,0.0,0.0,0.0,0.0
2026-06-01 06:37:00,3,Maize,Clay,65.1146,651.1464,75.0,30.0,90.0,1.0,0.7803,65.0,-0.1146,0.0,0.0,0.002038,0.002446,0.0,0.0,0.0,0.0,0.0,0.0
2026-06-01 06:38:00,1,Tomato,Loam,55.5568,388.8974,70.0,25.0,85.0,0.7,0.679,60.0,4.4432,0.0,0.0,0.002174,0.0025,0.0,0.0,0.0,0.0,0.0,0.0
2026-06-01 06:38:00,2,Wheat,Sandy,42.4362,381.9254,60.0,18.0,78.0,0.9,0.5818,55.0,12.5638,0.0,0.0,0.002174,0.001848,0.0,0.0,0.0,0.0,0.0,0.0
2026-06-01 06:38:00,3,Maize,Clay,65.1144,651.1438,75.0,30.0,90.0,1.0,0.7803,65.0,-0.1144,0.0,0.0,0.002174,0.002609,0.0,0.0,0.0,0.0,0.0,0.0
2026-06-01 06:39:00,1,Tomato,Loam,55.5564,388.8951,70.0,25.0,85.0,0.7,0.679,60.0,4.4436,0.0,0.0,0.002025,0.002329,0.0,0.0,0.0,0.0,0.0,0.0
2026-06-01 06:39:00,2,Wheat,Sandy,42.436,381.9237,60.0,18.0,78.0,0.9,0.5818,55.0,12.564,0.0,0.0,0.002025,0.001721,0.0,0.0,0.0,0.0,0.0,0.0
2026-06-01 06:39:00,3,Maize,Clay,65.1141,651.1414,75.0,30.0,90.0,1.0,0.7803,65.0,-0.1141,0.0,0.0,0.002025,0.00243,0.0,0.0,0.0,0.0,0.0,0.0
2026-06-01 06:40:00,1,Tomato,Loam,55.5561,388.8927,70.0,25.0,85.0,0.7,0.679,60.0,4.4439,0.0,0.0,0.002056,0.002364,0.0,0.0,0.0,0.0,0.0,0.0
2026-06-01 06:40:00,2,Wheat,Sandy,42.4358,381.922,60.0,18.0,78.0,0.9,0.5818,55.0,12.5642,0.0,0.0,0.002056,0.001748,0.0,0.0,0.0,0.0,0.0,0.0
2026-06-01 06:40:00,3,Maize,Clay,65.1139,651.1389,75.0,30.0,90.0,1.0,0.7803,65.0,-0.1139,0.0,0.0,0.002056,0.002467,0.0,0.0,0.0,0.0,0.0,0.0
2026-06-01 06:41:00,1,Tomato,Loam,55.5557,388.8902,70.0,25.0,85.0,0.7,0.679,60.0,4.4443,0.0,0.0,0.002151,0.002474,0.0,0.0,0.0,0.0,0.0,0.0
2026-06-01 06:41:00,2,Wheat,Sandy,42.4356,381.9202,60.0,18.0,78.0,0.9,0.5818,55.0,12.5644,0.0,0.0,0.002151,0.001828,0.0,0.0,0.0,0.0,0.0,0.0
2026-06-01 06:41:00,3,Maize,Clay,65.1136,651.1363,75.0,30.0,90.0,1.0,0.7803,65.0,-0.1136,0.0,0.0,0.002151,0.002581,0.0,0.0,0.0,0.0,0.0,0.0
2026-06-01 06:42:00,1,Tomato,Loam,55.5554,388.8876,70.0,25.0,85.0,0.7,0.679,60.0,4.4446,0.0,0.0,0.002274,0.002615,0.0,0.0,0.0,0.0,0.0,0.0
2026-06-01 06:42:00,2,Wheat,Sandy,42.4354,381.9183,60.0,18.0,78.0,0.9,0.5818,55.0,12.5646,0.0,0.0,0.002274,0.001933,0.0,0.0,0.0,0.0,0.0,0.0
2026-06-01 06:42:00,3,Maize,Clay,65.1134,651.1336,75.0,30.0,90.0,1.0,0.7803,65.0,-0.1134,0.0,0.0,0.002274,0.002729,0.0,0.0,0.0,0.0,0.0,0.0
2026-06-01 06:43:00,1,Tomato,Loam,55.555,388.8852,70.0,25.0,85.0,0.7,0.679,60.0,4.445,0.0,0.0,0.002096,0.00241,0.0,0.0,0.0,0.0,0.0,0.0
2026-06-01 06:43:00,2,Wheat,Sandy,42.4352,381.9165,60.0,18.0,78.0,0.9,0.5818,55.0,12.5648,0.0,0.0,0.002096,0.001782,0.0,0.0,0.0,0.0,0.0,0.0
2026-06-01 06:43:00,3,Maize,Clay,65.1131,651.1311,75.0,30.0,90.0,1.0,0.7803,65.0,-0.1131,0.0,0.0,0.002096,0.002515,0.0,0.0,0.0,0.0,0.0,0.0
2026-06-01 06:44:00,1,Tomato,Loam,55.5547,388.8827,70.0,25.0,85.0,0.7,0.679,60.0,4.4453,0.0,0.0,0.002187,0.002515,0.0,0.0,0.0,0.0,0.0,0.0
2026-06-01 06:44:00,2,Wheat,Sandy,42.435,381.9146,60.0,18.0,78.0,0.9,0.5818,55.0,12.565,0.0,0.0,0.002187,0.001859,0.0,0.0,0.0,0.0,0.0,0.0
2026-06-01 06:44:00,3,Maize,Clay,65.1128,651.1285,75.0,30.0,90.0,1.0,0.7803,65.0,-0.1128,0.0,0.0,0.002187,0.002624,0.0,0.0,0.0,0.0,0.0,0.0
2026-06-01 06:45:00,1,Tomato,Loam,55.5543,388.8802,70.0,25.0,85.0,0.7,0.679,60.0,4.4457,0.0,0.0,0.002131,0.002451,0.0,0.0,0.0,0.0,0.0,0.0
2026-06-01 06:45:00,2,Wheat,Sandy,42.4348,381.9128,60.0,18.0,78.0,0.9,0.5818,55.0,12.5652,0.0,0.0,0.002131,0.001811,0.0,0.0,0.0,0.0,0.0,0.0
2026-06-01 06:45:00,3,Maize,Clay,65.1126,651.1259,75.0,30.0,90.0,1.0,0.7803,65.0,-0.1126,0.0,0.0,0.002131,0.002557,0.0,0.0,0.0,0.0,0.0,0.0
2026-06-01 06:46:00,1,Tomato,Loam,55.5539,388.8775,70.0,25.0,85.0,0.7,0.679,60.0,4.4461,0.0,0.0,0.002341,0.002692,0.0,0.0,0.0,0.0,0.0,0.0
2026-06-01 06:46:00,2,Wheat,Sandy,42.4345,381.9108,60.0,18.0,78.0,0.9,0.5818,55.0,12.5655,0.0,0.0,0.002341,0.00199,0.0,0.0,0.0,0.0,0.0,0.0
2026-06-01 06:46:00,3,Maize,Clay,65.1123,651.1231,75.0,30.0,90.0,1.0,0.7803,65.0,-0.1123,0.0,0.0,0.002341,0.002809,0.0,0.0,0.0,0.0,0.0,0.0
2026-06-01 06:47:00,1,Tomato,Loam,55.5536,388.8749,70.0,25.0,85.0,0.7,0.679,60.0,4.4464,0.0,0.0,0.002277,0.002619,0.0,0.0,0.0,0.0,0.0,0.0
2026-06-01 06:47:00,2,Wheat,Sandy,42.4343,381.9089,60.0,18.0,78.0,0.9,0.5818,55.0,12.5657,0.0,0.0,0.002277,0.001935,0.0,0.0,0.0,0.0,0.0,0.0
2026-06-01 06:47:00,3,Maize,Clay,65.112,651.1204,75.0,30.0,90.0,1.0,0.7803,65.0,-0.112,0.0,0.0,0.002277,0.002732,0.0,0.0,0.0,0.0,0.0,0.0
2026-06-01 06:48:00,1,Tomato,Loam,55.5532,388.8722,70.0,25.0,85.0,0.7,0.679,60.0,4.4468,0.0,0.0,0.002326,0.002675,0.0,0.0,0.0,0.0,0.0,0.0
2026-06-01 06:48:00,2,Wheat,Sandy,42.4341,381.9069,60.0,18.0,78.0,0.9,0.5818,55.0,12.5659,0.0,0.0,0.002326,0.001977,0.0,0.0,0.0,0.0,0.0,0.0
2026-06-01 06:48:00,3,Maize,Clay,65.1118,651.1176,75.0,30.0,90.0,1.0,0.7803,65.0,-0.1118,0.0,0.0,0.002326,0.002791,0.0,0.0,0.0,0.0,0.0,0.0
2026-06-01 06:49:00,1,Tomato,Loam,55.5528,388.8694,70.0,25.0,85.0,0.7,0.679,60.0,4.4472,0.0,0.0,0.00246,0.002829,0.0,0.0,0.0,0.0,0.0,0.0
2026-06-01 06:49:00,2,Wheat,Sandy,42.4339,381.9048,60.0,18.0,78.0,0.9,0.5818,55.0,12.5661,0.0,0.0,0.00246,0.002091,0.0,0.0,0.0,0.0,0.0,0.0
2026-06-01 06:49:00,3,Maize,Clay,65.1115,651.1146,75.0,30.0,90.0,1.0,0.7803,65.0,-0.1115,0.0,0.0,0.00246,0.002952,0.0,0.0,0.0,0.0,0.0,0.0
2026-06-01 06:50:00,1,Tomato,Loam,55.5524,388.8667,70.0,25.0,85.0,0.7,0.6789,60.0,4.4476,0.0,0.0,0.002381,0.002738,0.0,0.0,0.0,0.0,0.0,0.0
2026-06-01 06:50:00,2,Wheat,Sandy,42.4336,381.9028,60.0,18.0,78.0,0.9,0.5818,55.0,12.5664,0.0,0.0,0.002381,0.002024,0.0,0.0,0.0,0.0,0.0,0.0
2026-06-01 06:50:00,3,Maize,Clay,65.1112,651.1117,75.0,30.0,90.0,1.0,0.7802,65.0,-0.1112,0.0,0.0,0.002381,0.002857,0.0,0.0,0.0,0.0,0.0,0.0
2026-06-01 06:51:00,1,Tomato,Loam,55.552,388.8639,70.0,25.0,85.0,0.7,0.6789,60.0,4.448,0.0,0.0,0.002456,0.002824,0.0,0.0,0.0,0.0,0.0,0.0
2026-06-01 06:51:00,2,Wheat,Sandy,42.4334,381.9007,60.0,18.0,78.0,0.9,0.5817,55.0,12.5666,0.0,0.0,0.002456,0.002088,0.0,0.0,0.0,0.0,0.0,0.0
2026-06-01 06:51:00,3,Maize,Clay,65.1109,651.1088,75.0,30.0,90.0,1.0,0.7802,65.0,-0.1109,0.0,0.0,0.002456,0.002947,0.0,0.0,0.0,0.0,0.0,0.0
2026-06-01 06:52:00,1,Tomato,Loam,55.5516,388.861,70.0,25.0,85.0,0.7,0.6789,60.0,4.4484,0.0,0.0,0.002488,0.002861,0.0,0.0,0.0,0.0,0.0,0.0
2026-06-01 06:52:00,2,Wheat,Sandy,42.4332,381.8986,60.0,18.0,78.0,0.9,0.5817,55.0,12.5668,0.0,0.0,0.002488,0.002115,0.0,0.0,0.0,0.0,0.0,0.0
2026-06-01 06:52:00,3,Maize,Clay,65.1106,651.1058,75.0,30.0,90.0,1.0,0.7802,65.0,-0.1106,0.0,0.0,0.002488,0.002986,0.0,0.0,0.0,0.0,0.0,0.0
2026-06-01 06:53:00,1,Tomato,Loam,55.5511,388.858,70.0,25.0,85.0,0.7,0.6789,60.0,4.4489,0.0,0.0,0.002624,0.003018,0.0,0.0,0.0,0.0,0.0,0.0
2026-06-01 06:53:00,2,Wheat,Sandy,42.4329,381.8964,60.0,18.0,78.0,0.9,0.5817,55.0,12.5671,0.0,0.0,0.002624,0.00223,0.0,0.0,0.0,0.0,0.0,0.0
2026-06-01 06:53:00,3,Maize,Clay,65.1103,651.1027,75.0,30.0,90.0,1.0,0.7802,65.0,-0.1103,0.0,0.0,0.002624,0.003149,0.0,0.0,0.0,0.0,0.0,0.0
2026-06-01 06:54:00,1,Tomato,Loam,55.5507,388.855,70.0,25.0,85.0,0.7,0.6789,60.0,4.4493,0.0,0.0,0.002629,0.003023,0.0,0.0,0.0,0.0,0.0,0.0
2026-06-01 06:54:00,2,Wheat,Sandy,42.4327,381.8942,60.0,18.0,78.0,0.9,0.5817,55.0,12.5673,0.0,0.0,0.002629,0.002235,0.0,0.0,0.0,0.0,0.0,0.0
2026-06-01 06:54:00,3,Maize,Clay,65.11,651.0995,75.0,30.0,90.0,1.0,0.7802,65.0,-0.11,0.0,0.0,0.002629,0.003155,0.0,0.0,0.0,0.0,0.0,0.0
2026-06-01 06:55:00,1,Tomato,Loam,55.5503,388.8521,70.0,25.0,85.0,0.7,0.6789,60.0,4.4497,0.0,0.0,0.002563,0.002947,0.0,0.0,0.0,0.0,0.0,0.0
2026-06-01 06:55:00,2,Wheat,Sandy,42.4324,381.892,60.0,18.0,78.0,0.9,0.5817,55.0,12.5676,0.0,0.0,0.002563,0.002179,0.0,0.0,0.0,0.0,0.0,0.0
2026-06-01 06:55:00,3,Maize,Clay,65.1096,651.0964,75.0,30.0,90.0,1.0,0.7802,65.0,-0.1096,0.0,0.0,0.002563,0.003076,0.0,0.0,0.0,0.0,0.0,0.0
2026-06-01 06:56:00,1,Tomato,Loam,55.5499,388.849,70.0,25.0,85.0,0.7,0.6789,60.0,4.4501,0.0,0.0,0.002661,0.00306,0.0,0.0,0.0,0.0,0.0,0.0
2026-06-01 06:56:00,2,Wheat,Sandy,42.4322,381.8897,60.0,18.0,78.0,0.9,0.5817,55.0,12.5678,0.0,0.0,0.002661,0.002262,0.0,0.0,0.0,0.0,0.0,0.0
2026-06-01 06:56:00,3,Maize,Clay,65.1093,651.0932,75.0,30.0,90.0,1.0,0.7802,65.0,-0.1093,0.0,0.0,0.002661,0.003193,0.0,0.0,0.0,0.0,0.0,0.0
2026-06-01 06:57:00,1,Tomato,Loam,55.5494,388.8458,70.0,25.0,85.0,0.7,0.6789,60.0,4.4506,0.0,0.0,0.0028,0.00322,0.0,0.0,0.0,0.0,0.0,0.0
2026-06-01 06:57:00,2,Wheat,Sandy,42.4319,381.8873,60.0,18.0,78.0,0.9,0.5817,55.0,12.5681,0.0,0.0,0.0028,0.00238,0.0,0.0,0.0,0.0,0.0,0.0
2026-06-01 06:57:00,3,Maize,Clay,65.109,651.0898,75.0,30.0,90.0,1.0,0.7802,65.0,-0.109,0.0,0.0,0.0028,0.00336,0.0,0.0,0.0,0.0,0.0,0.0
2026-06-01 06:58:00,1,Tomato,Loam,55.5489,388.8426,70.0,25.0,85.0,0.7,0.6789,60.0,4.4511,0.0,0.0,0.002755,0.003168,0.0,0.0,0.0,0.0,0.0,0.0
2026-06-01 06:58:00,2,Wheat,Sandy,42.4317,381.885,60.0,18.0,78.0,0.9,0.5817,55.0,12.5683,0.0,0.0,0.002755,0.002342,0.0,0.0,0.0,0.0,0.0,0.0
2026-06-01 06:58:00,3,Maize,Clay,65.1086,651.0865,75.0,30.0,90.0,1.0,0.7802,65.0,-0.1086,0.0,0.0,0.002755,0.003306,0.0,0.0,0.0,0.0,0.0,0.0
2026-06-01 06:59:00,1,Tomato,Loam,55.5485,388.8395,70.0,25.0,85.0,0.7,0.6789,60.0,4.4515,0.0,0.0,0.002666,0.003066,0.0,0.0,0.0,0.0,0.0,0.0
2026-06-01 06:59:00,2,Wheat,Sandy,42.4314,381.8827,60.0,18.0,78.0,0.9,0.5817,55.0,12.5686,0.0,0.0,0.002666,0.002266,0.0,0.0,0.0,0.0,0.0,0.0
2026-06-01 06:59:00,3,Maize,Clay,65.1083,651.0833,75.0,30.0,90.0,1.0,0.7802,65.0,-0.1083,0.0,0.0,0.002666,0.003199,0.0,0.0,0.0,0.0,0.0,0.0
2026-06-01 07:00:00,1,Tomato,Loam,55.548,388.8362,70.0,25.0,85.0,0.7,0.6788,60.0,4.452,0.0,0.0,0.00284,0.003266,0.0,0.0,0.0,0.0,0.0,0.0
2026-06-01 07:00:00,2,Wheat,Sandy,42.4311,381.8803,60.0,18.0,78.0,0.9,0.5817,55.0,12.5689,0.0,0.0,0.00284,0.002414,0.0,0.0,0.0,0.0,0.0,0.0
2026-06-01 07:00:00,3,Maize,Clay,65.108,651.0799,75.0,30.0,90.0,1.0,0.7802,65.0,-0.108,0.0,0.0,0.00284,0.003408,0.0,0.0,0.0,0.0,0.0,0.0
2026-06-01 07:01:00,1,Tomato,Loam,55.5476,388.8331,70.0,25.0,85.0,0.7,0.6788,60.0,4.4524,0.0,0.0,0.002683,0.003085,0.0,0.0,0.0,0.0,0.0,0.0
2026-06-01 07:01:00,2,Wheat,Sandy,42.4309,381.878,60.0,18.0,78.0,0.9,0.5817,55.0,12.5691,0.0,0.0,0.002683,0.002281,0.0,0.0,0.0,0.0,0.0,0.0
2026-06-01 07:01:00,3,Maize,Clay,65.1077,651.0767,75.0,30.0,90.0,1.0,0.7802,65.0,-0.1077,0.0,0.0,0.002683,0.00322,0.0,0.0,0.0,0.0,0.0,0.0
2026-06-01 07:02:00,1,Tomato,Loam,55.5471,388.8297,70.0,25.0,85.0,0.7,0.6788,60.0,4.4529,0.0,0.0,0.002951,0.003394,0.0,0.0,0.0,0.0,0.0,0.0
2026-06-01 07:02:00,2,Wheat,Sandy,42.4306,381.8755,60.0,18.0,78.0,0.9,0.5817,55.0,12.5694,0.0,0.0,0.002951,0.002508,0.0,0.0,0.0,0.0,0.0,0.0
2026-06-01 07:02:00,3,Maize,Clay,65.1073,651.0732,75.0,30.0,90.0,1.0,0.7802,65.0,-0.1073,0.0,0.0,0.002951,0.003541,0.0,0.0,0.0,0.0,0.0,0.0
2026-06-01 07:03:00,1,Tomato,Loam,55.5466,388.8263,70.0,25.0,85.0,0.7,0.6788,60.0,4.4534,0.0,0.0,0.00293,0.003369,0.0,0.0,0.0,0.0,0.0,0.0
2026-06-01 07:03:00,2,Wheat,Sandy,42.4303,381.873,60.0,18.0,78.0,0.9,0.5817,55.0,12.5697,0.0,0.0,0.00293,0.00249,0.0,0.0,0.0,0.0,0.0,0.0
2026-06-01 07:03:00,3,Maize,Clay,65.107,651.0697,75.0,30.0,90.0,1.0,0.7802,65.0,-0.107,0.0,0.0,0.00293,0.003516,0.0,0.0,0.0,0.0,0.0,0.0
2026-06-01 07:04:00,1,Tomato,Loam,55.5461,388.823,70.0,25.0,85.0,0.7,0.6788,60.0,4.4539,0.0,0.0,0.002886,0.003319,0.0,0.0,0.0,0.0,0.0,0.0
2026-06-01 07:04:00,2,Wheat,Sandy,42.4301,381.8705,60.0,18.0,78.0,0.9,0.5817,55.0,12.5699,0.0,0.0,0.002886,0.002453,0.0,0.0,0.0,0.0,0.0,0.0
2026-06-01 07:04:00,3,Maize,Clay,65.1066,651.0662,75.0,30.0,90.0,1.0,0.7801,65.0,-0.1066,0.0,0.0,0.002886,0.003463,0.0,0.0,0.0,0.0,0.0,0.0
2026-06-01 07:05:00,1,Tomato,Loam,55.5457,388.8196,70.0,25.0,85.0,0.7,0.6788,60.0,4.4543,0.0,0.0,0.002951,0.003394,0.0,0.0,0.0,0.0,0.0,0.0
2026-06-01 07:05:00,2,Wheat,Sandy,42.4298,381.868,60.0,18.0,78.0,0.9,0.5817,55.0,12.5702,0.0,0.0,0.002951,0.002508,0.0,0.0,0.0,0.0,0.0,0.0
2026-06-01 07:05:00,3,Maize,Clay,65.1063,651.0627,75.0,30.0,90.0,1.0,0.7801,65.0,-0.1063,0.0,0.0,0.002951,0.003541,0.0,0.0,0.0,0.0,0.0,0.0
2026-06-01 07:06:00,1,Tomato,Loam,55.5452,388.8162,70.0,25.0,85.0,0.7,0.6788,60.0,4.4548,0.0,0.0,0.002975,0.003421,0.0,0.0,0.0,0.0,0.0,0.0
2026-06-01 07:06:00,2,Wheat,Sandy,42.4295,381.8655,60.0,18.0,78.0,0.9,0.5817,55.0,12.5705,0.0,0.0,0.002975,0.002529,0.0,0.0,0.0,0.0,0.0,0.0
2026-06-01 07:06:00,3,Maize,Clay,65.1059,651.0591,75.0,30.0,90.0,1.0,0.7801,65.0,-0.1059,0.0,0.0,0.002975,0.00357,0.0,0.0,0.0,0.0,0.0,0.0
2026-06-01 07:07:00,1,Tomato,Loam,55.5447,388.8126,70.0,25.0,85.0,0.7,0.6788,60.0,4.4553,0.0,0.0,0.003122,0.00359,0.0,0.0,0.0,0.0,0.0,0.0
2026-06-01 07:07:00,2,Wheat,Sandy,42.4292,381.8628,60.0,18.0,78.0,0.9,0.5816,55.0,12.5708,0.0,0.0,0.003122,0.002654,0.0,0.0,0.0,0.0,0.0,0.0
2026-06-01 07:07:00,3,Maize,Clay,65.1055,651.0554,75.0,30.0,90.0,1.0,0.7801,65.0,-0.1055,0.0,0.0,0.003122,0.003746,0.0,0.0,0.0,0.0,0.0,0.0
2026-06-01 07:08:00,1,Tomato,Loam,55.5442,388.8091,70.0,25.0,85.0,0.7,0.6788,60.0,4.4558,0.0,0.0,0.00301,0.003461,0.0,0.0,0.0,0.0,0.0,0.0
2026-06-01 07:08:00,2,Wheat,Sandy,42.4289,381.8602,60.0,18.0,78.0,0.9,0.5816,55.0,12.5711,0.0,0.0,0.00301,0.002558,0.0,0.0,0.0,0.0,0.0,0.0
2026-06-01 07:08:00,3,Maize,Clay,65.1052,651.0518,75.0,30.0,90.0,1.0,0.7801,65.0,-0.1052,0.0,0.0,0.00301,0.003612,0.0,0.0,0.0,0.0,0.0,0.0
2026-06-01 07:09:00,1,Tomato,Loam,55.5436,388.8055,70.0,25.0,85.0,0.7,0.6787,60.0,4.4564,0.0,0.0,0.003138,0.003609,0.0,0.0,0.0,0.0,0.0,0.0
2026-06-01 07:09:00,2,Wheat,Sandy,42.4286,381.8575,60.0,18.0,78.0,0.9,0.5816,55.0,12.5714,0.0,0.0,0.003138,0.002667,0.0,0.0,0.0,0.0,0.0,0.0
2026-06-01 07:09:00,3,Maize,Clay,65.1048,651.048,75.0,30.0,90.0,1.0,0.7801,65.0,-0.1048,0.0,0.0,0.003138,0.003766,0.0,0.0,0.0,0.0,0.0,0.0
2026-06-01 07:10:00,1,Tomato,Loam,55.5431,388.8019,70.0,25.0,85.0,0.7,0.6787,60.0,4.4569,0.0,0.0,0.003174,0.00365,0.0,0.0,0.0,0.0,0.0,0.0
2026-06-01 07:10:00,2,Wheat,Sandy,42.4283,381.8548,60.0,18.0,78.0,0.9,0.5816,55.0,12.5717,0.0,0.0,0.003174,0.002698,0.0,0.0,0.0,0.0,0.0,0.0
2026-06-01 07:10:00,3,Maize,Clay,65.1044,651.0442,75.0,30.0,90.0,1.0,0.7801,65.0,-0.1044,0.0,0.0,0.003174,0.003809,0.0,0.0,0.0,0.0,0.0,0.0
2026-06-01 07:11:00,1,Tomato,Loam,55.5426,388.7983,70.0,25.0,85.0,0.7,0.6787,60.0,4.4574,0.0,0.0,0.0031,0.003565,0.0,0.0,0.0,0.0,0.0,0.0
2026-06-01 07:11:00,2,Wheat,Sandy,42.428,381.8522,60.0,18.0,78.0,0.9,0.5816,55.0,12.572,0.0,0.0,0.0031,0.002635,0.0,0.0,0.0,0.0,0.0,0.0
2026-06-01 07:11:00,3,Maize,Clay,65.104,651.0405,75.0,30.0,90.0,1.0,0.7801,65.0,-0.104,0.0,0.0,0.0031,0.00372,0.0,0.0,0.0,0.0,0.0,0.0
2026-06-01 07:12:00,1,Tomato,Loam,55.5421,388.7947,70.0,25.0,85.0,0.7,0.6787,60.0,4.4579,0.0,0.0,0.003122,0.00359,0.0,0.0,0.0,0.0,0.0,0.0
2026-06-01 07:12:00,2,Wheat,Sandy,42.4277,381.8495,60.0,18.0,78.0,0.9,0.5816,55.0,12.5723,0.0,0.0,0.003122,0.002654,0.0,0.0,0.0,0.0,0.0,0.0
2026-06-01 07:12:00,3,Maize,Clay,65.1037,651.0368,75.0,30.0,90.0,1.0,0.7801,65.0,-0.1037,0.0,0.0,0.003122,0.003746,0.0,0.0,0.0,0.0,0.0,0.0
2026-06-01 07:13:00,1,Tomato,Loam,55.5416,388.7912,70.0,25.0,85.0,0.7,0.6787,60.0,4.4584,0.0,0.0,0.003074,0.003535,0.0,0.0,0.0,0.0,0.0,0.0
2026-06-01 07:13:00,2,Wheat,Sandy,42.4274,381.8469,60.0,18.0,78.0,0.9,0.5816,55.0,12.5726,0.0,0.0,0.003074,0.002613,0.0,0.0,0.0,0.0,0.0,0.0
2026-06-01 07:13:00,3,Maize,Clay,65.1033,651.0331,75.0,30.0,90.0,1.0,0.7801,65.0,-0.1033,0.0,0.0,0.003074,0.003689,0.0,0.0,0.0,0.0,0.0,0.0
2026-06-01 07:14:00,1,Tomato,Loam,55.5411,388.7876,70.0,25.0,85.0,0.7,0.6787,60.0,4.4589,0.0,0.0,0.003141,0.003612,0.0,0.0,0.0,0.0,0.0,0.0
2026-06-01 07:14:00,2,Wheat,Sandy,42.4271,381.8442,60.0,18.0,78.0,0.9,0.5816,55.0,12.5729,0.0,0.0,0.003141,0.00267,0.0,0.0,0.0,0.0,0.0,0.0
2026-06-01 07:14:00,3,Maize,Clay,65.1029,651.0293,75.0,30.0,90.0,1.0,0.7801,65.0,-0.1029,0.0,0.0,0.003141,0.003769,0.0,0.0,0.0,0.0,0.0,0.0
2026-06-01 07:15:00,1,Tomato,Loam,55.5406,388.7841,70.0,25.0,85.0,0.7,0.6787,60.0,4.4594,0.0,0.0,0.003086,0.003549,0.0,0.0,0.0,0.0,0.0,0.0
2026-06-01 07:15:00,2,Wheat,Sandy,42.4268,381.8416,60.0,18.0,78.0,0.9,0.5816,55.0,12.5732,0.0,0.0,0.003086,0.002623,0.0,0.0,0.0,0.0,0.0,0.0
2026-06-01 07:15:00,3,Maize,Clay,65.1026,651.0256,75.0,30.0,90.0,1.0,0.7801,65.0,-0.1026,0.0,0.0,0.003086,0.003703,0.0,0.0,0.0,0.0,0.0,0.0
2026-06-01 07:16:00,1,Tomato,Loam,55.54,388.7802,70.0,25.0,85.0,0.7,0.6787,60.0,4.46,0.0,0.0,0.003378,0.003885,0.0,0.0,0.0,0.0,0.0,0.0
2026-06-01 07:16:00,2,Wheat,Sandy,42.4265,381.8387,60.0,18.0,78.0,0.9,0.5816,55.0,12.5735,0.0,0.0,0.003378,0.002871,0.0,0.0,0.0,0.0,0.0,0.0
2026-06-01 07:16:00,3,Maize,Clay,65.1022,651.0215,75.0,30.0,90.0,1.0,0.78,65.0,-0.1022,0.0,0.0,0.003378,0.004054,0.0,0.0,0.0,0.0,0.0,0.0
2026-06-01 07:17:00,1,Tomato,Loam,55.5395,388.7762,70.0,25.0,85.0,0.7,0.6787,60.0,4.4605,0.0,0.0,0.003503,0.004028,0.0,0.0,0.0,0.0,0.0,0.0
2026-06-01 07:17:00,2,Wheat,Sandy,42.4262,381.8357,60.0,18.0,78.0,0.9,0.5816,55.0,12.5738,0.0,0.0,0.003503,0.002978,0.0,0.0,0.0,0.0,0.0,0.0
2026-06-01 07:17:00,3,Maize,Clay,65.1017,651.0173,75.0,30.0,90.0,1.0,0.78,65.0,-0.1017,0.0,0.0,0.003503,0.004204,0.0,0.0,0.0,0.0,0.0,0.0
2026-06-01 07:18:00,1,Tomato,Loam,55.5389,388.7722,70.0,25.0,85.0,0.7,0.6786,60.0,4.4611,0.0,0.0,0.003512,0.004039,0.0,0.0,0.0,0.0,0.0,0.0
2026-06-01 07:18:00,2,Wheat,Sandy,42.4259,381.8327,60.0,18.0,78.0,0.9,0.5816,55.0,12.5741,0.0,0.0,0.003512,0.002985,0.0,0.0,0.0,0.0,0.0,0.0
2026-06-01 07:18:00,3,Maize,Clay,65.1013,651.0131,75.0,30.0,90.0,1.0,0.78,65.0,-0.1013,0.0,0.0,0.003512,0.004214,0.0,0.0,0.0,0.0,0.0,0.0
2026-06-01 07:19:00,1,Tomato,Loam,55.5384,388.7685,70.0,25.0,85.0,0.7,0.6786,60.0,4.4616,0.0,0.0,0.003258,0.003747,0.0,0.0,0.0,0.0,0.0,0.0
2026-06-01 07:19:00,2,Wheat,Sandy,42.4255,381.8299,60.0,18.0,78.0,0.9,0.5816,55.0,12.5745,0.0,0.0,0.003258,0.002769,0.0,0.0,0.0,0.0,0.0,0.0
2026-06-01 07:19:00,3,Maize,Clay,65.1009,651.0092,75.0,30.0,90.0,1.0,0.78,65.0,-0.1009,0.0,0.0,0.003258,0.00391,0.0,0.0,0.0,0.0,0.0,0.0
2026-06-01 07:20:00,1,Tomato,Loam,55.5378,388.7644,70.0,25.0,85.0,0.7,0.6786,60.0,4.4622,0.0,0.0,0.003542,0.004073,0.0,0.0,0.0,0.0,0.0,0.0
2026-06-01 07:20:00,2,Wheat,Sandy,42.4252,381.8269,60.0,18.0,78.0,0.9,0.5816,55.0,12.5748,0.0,0.0,0.003542,0.003011,0.0,0.0,0.0,0.0,0.0,0.0
2026-06-01 07:20:00,3,Maize,Clay,65.1005,651.005,75.0,30.0,90.0,1.0,0.78,65.0,-0.1005,0.0,0.0,0.003542,0.00425,0.0,0.0,0.0,0.0,0.0,0.0
2026-06-01 07:21:00,1,Tomato,Loam,55.5372,388.7603,70.0,25.0,85.0,0.7,0.6786,60.0,4.4628,0.0,0.0,0.003606,0.004147,0.0,0.0,0.0,0.0,0.0,0.0
2026-06-01 07:21:00,2,Wheat,Sandy,42.4249,381.8238,60.0,18.0,78.0,0.9,0.5815,55.0,12.5751,0.0,0.0,0.003606,0.003065,0.0,0.0,0.0,0.0,0.0,0.0
2026-06-01 07:21:00,3,Maize,Clay,65.1001,651.0007,75.0,30.0,90.0,1.0,0.78,65.0,-0.1001,0.0,0.0,0.003606,0.004327,0.0,0.0,0.0,0.0,0.0,0.0
2026-06-01 07:22:00,1,Tomato,Loam,55.5366,388.7563,70.0,25.0,85.0,0.7,0.6786,60.0,4.4634,0.0,0.0,0.003473,0.003994,0.0,0.0,0.0,0.0,0.0,0.0
2026-06-01 07:22:00,2,Wheat,Sandy,42.4245,381.8208,60.0,18.0,78.0,0.9,0.5815,55.0,12.5755,0.0,0.0,0.003473,0.002952,0.0,0.0,0.0,0.0,0.0,0.0
2026-06-01 07:22:00,3,Maize,Clay,65.0997,650.9965,75.0,30.0,90.0,1.0,0.78,65.0,-0.0997,0.0,0.0,0.003473,0.004168,0.0,0.0,0.0,0.0,0.0,0.0
2026-06-01 07:23:00,1,Tomato,Loam,55.536,388.7522,70.0,25.0,85.0,0.7,0.6786,60.0,4.464,0.0,0.0,0.003564,0.004099,0.0,0.0,0.0,0.0,0.0,0.0
2026-06-01 07:23:00,2,Wheat,Sandy,42.4242,381.8178,60.0,18.0,78.0,0.9,0.5815,55.0,12.5758,0.0,0.0,0.003564,0.003029,0.0,0.0,0.0,0.0,0.0,0.0
2026-06-01 07:23:00,3,Maize,Clay,65.0992,650.9922,75.0,30.0,90.0,1.0,0.78,65.0,-0.0992,0.0,0.0,0.003564,0.004277,0.0,0.0,0.0,0.0,0.0,0.0
2026-06-01 07:24:00,1,Tomato,Loam,55.5355,388.7484,70.0,25.0,85.0,0.7,0.6786,60.0,4.4645,0.0,0.0,0.003337,0.003838,0.0,0.0,0.0,0.0,0.0,0.0
2026-06-01 07:24:00,2,Wheat,Sandy,42.4239,381.815,60.0,18.0,78.0,0.9,0.5815,55.0,12.5761,0.0,0.0,0.003337,0.002836,0.0,0.0,0.0,0.0,0.0,0.0
2026-06-01 07:24:00,3,Maize,Clay,65.0988,650.9882,75.0,30.0,90.0,1.0,0.78,65.0,-0.0988,0.0,0.0,0.003337,0.004004,0.0,0.0,0.0,0.0,0.0,0.0
2026-06-01 07:25:00,1,Tomato,Loam,55.5349,388.7443,70.0,25.0,85.0,0.7,0.6786,60.0,4.4651,0.0,0.0,0.003597,0.004137,0.0,0.0,0.0,0.0,0.0,0.0
2026-06-01 07:25:00,2,Wheat,Sandy,42.4235,381.8119,60.0,18.0,78.0,0.9,0.5815,55.0,12.5765,0.0,0.0,0.003597,0.003057,0.0,0.0,0.0,0.0,0.0,0.0
2026-06-01 07:25:00,3,Maize,Clay,65.0984,650.9839,75.0,30.0,90.0,1.0,0.78,65.0,-0.0984,0.0,0.0,0.003597,0.004316,0.0,0.0,0.0,0.0,0.0,0.0
2026-06-01 07:26:00,1,Tomato,Loam,55.5343,388.7402,70.0,25.0,85.0,0.7,0.6785,60.0,4.4657,0.0,0.0,0.003566,0.004101,0.0,0.0,0.0,0.0,0.0,0.0
2026-06-01 07:26:00,2,Wheat,Sandy,42.4232,381.8089,60.0,18.0,78.0,0.9,0.5815,55.0,12.5768,0.0,0.0,0.003566,0.003031,0.0,0.0,0.0,0.0,0.0,0.0
2026-06-01 07:26:00,3,Maize,Clay,65.098,650.9796,75.0,30.0,90.0,1.0,0.78,65.0,-0.098,0.0,0.0,0.003566,0.004279,0.0,0.0,0.0,0.0,0.0,0.0
2026-06-01 07:27:00,1,Tomato,Loam,55.5337,388.736,70.0,25.0,85.0,0.7,0.6785,60.0,4.4663,0.0,0.0,0.00368,0.004232,0.0,0.0,0.0,0.0,0.0,0.0
2026-06-01 07:27:00,2,Wheat,Sandy,42.4229,381.8058,60.0,18.0,78.0,0.9,0.5815,55.0,12.5771,0.0,0.0,0.00368,0.003128,0.0,0.0,0.0,0.0,0.0,0.0
2026-06-01 07:27:00,3,Maize,Clay,65.0975,650.9752,75.0,30.0,90.0,1.0,0.7799,65.0,-0.0975,0.0,0.0,0.00368,0.004416,0.0,0.0,0.0,0.0,0.0,0.0
2026-06-01 07:28:00,1,Tomato,Loam,55.5331,388.7319,70.0,25.0,85.0,0.7,0.6785,60.0,4.4669,0.0,0.0,0.003598,0.004138,0.0,0.0,0.0,0.0,0.0,0.0
2026-06-01 07:28:00,2,Wheat,Sandy,42.4225,381.8027,60.0,18.0,78.0,0.9,0.5815,55.0,12.5775,0.0,0.0,0.003598,0.003058,0.0,0.0,0.0,0.0,0.0,0.0
2026-06-01 07:28:00,3,Maize,Clay,65.0971,650.9709,75.0,30.0,90.0,1.0,0.7799,65.0,-0.0971,0.0,0.0,0.003598,0.004318,0.0,0.0,0.0,0.0,0.0,0.0
2026-06-01 07:29:00,1,Tomato,Loam,55.5325,388.7275,70.0,25.0,85.0,0.7,0.6785,60.0,4.4675,0.0,0.0,0.0038,0.00437,0.0,0.0,0.0,0.0,0.0,0.0
2026-06-01 07:29:00,2,Wheat,Sandy,42.4222,381.7995,60.0,18.0,78.0,0.9,0.5815,55.0,12.5778,0.0,0.0,0.0038,0.00323,0.0,0.0,0.0,0.0,0.0,0.0
2026-06-01 07:29:00,3,Maize,Clay,65.0966,650.9663,75.0,30.0,90.0,1.0,0.7799,65.0,-0.0966,0.0,0.0,0.0038,0.00456,0.0,0.0,0.0,0.0,0.0,0.0
2026-06-01 07:30:00,1,Tomato,Loam,55.5319,388.723,70.0,25.0,85.0,0.7,0.6785,60.0,4.4681,0.0,0.0,0.00389,0.004473,0.0,0.0,0.0,0.0,0.0,0.0
2026-06-01 07:30:00,2,Wheat,Sandy,42.4218,381.7962,60.0,18.0,78.0,0.9,0.5815,55.0,12.5782,0.0,0.0,0.00389,0.003306,0.0,0.0,0.0,0.0,0.0,0.0
2026-06-01 07:30:00,3,Maize,Clay,65.0962,650.9616,75.0,30.0,90.0,1.0,0.7799,65.0,-0.0962,0.0,0.0,0.00389,0.004668,0.0,0.0,0.0,0.0,0.0,0.0
2026-06-01 07:31:00,1,Tomato,Loam,55.5312,388.7187,70.0,25.0,85.0,0.7,0.6785,60.0,4.4688,0.0,0.0,0.003775,0.004341,0.0,0.0,0.0,0.0,0.0,0.0
2026-06-01 07:31:00,2,Wheat,Sandy,42.4214,381.793,60.0,18.0,78.0,0.9,0.5815,55.0,12.5786,0.0,0.0,0.003775,0.003209,0.0,0.0,0.0,0.0,0.0,0.0
2026-06-01 07:31:00,3,Maize,Clay,65.0957,650.9571,75.0,30.0,90.0,1.0,0.7799,65.0,-0.0957,0.0,0.0,0.003775,0.00453,0.0,0.0,0.0,0.0,0.0,0.0
2026-06-01 07:32:00,1,Tomato,Loam,55.5306,388.7143,70.0,25.0,85.0,0.7,0.6785,60.0,4.4694,0.0,0.0,0.003802,0.004372,0.0,0.0,0.0,0.0,0.0,0.0
2026-06-01 07:32:00,2,Wheat,Sandy,42.4211,381.7898,60.0,18.0,78.0,0.9,0.5815,55.0,12.5789,0.0,0.0,0.003802,0.003232,0.0,0.0,0.0,0.0,0.0,0.0
2026-06-01 07:32:00,3,Maize,Clay,65.0953,650.9525,75.0,30.0,90.0,1.0,0.7799,65.0,-0.0953,0.0,0.0,0.003802,0.004562,0.0,0.0,0.0,0.0,0.0,0.0
2026-06-01 07:33:00,1,Tomato,Loam,55.53,388.7101,70.0,25.0,85.0,0.7,0.6784,60.0,4.47,0.0,0.0,0.003689,0.004242,0.0,0.0,0.0,0.0,0.0,0.0
2026-06-01 07:33:00,2,Wheat,Sandy,42.4207,381.7867,60.0,18.0,78.0,0.9,0.5814,55.0,12.5793,0.0,0.0,0.003689,0.003136,0.0,0.0,0.0,0.0,0.0,0.0
2026-06-01 07:33:00,3,Maize,Clay,65.0948,650.9481,75.0,30.0,90.0,1.0,0.7799,65.0,-0.0948,0.0,0.0,0.003689,0.004427,0.0,0.0,0.0,0.0,0.0,0.0
2026-06-01 07:34:00,1,Tomato,Loam,55.5294,388.7056,70.0,25.0,85.0,0.7,0.6784,60.0,4.4706,0.0,0.0,0.00389,0.004473,0.0,0.0,0.0,0.0,0.0,0.0
2026-06-01 07:34:00,2,Wheat,Sandy,42.4204,381.7834,60.0,18.0,78.0,0.9,0.5814,55.0,12.5796,0.0,0.0,0.00389,0.003306,0.0,0.0,0.0,0.0,0.0,0.0
2026-06-01 07:34:00,3,Maize,Clay,65.0943,650.9434,75.0,30.0,90.0,1.0,0.7799,65.0,-0.0943,0.0,0.0,0.00389,0.004668,0.0,0.0,0.0,0.0,0.0,0.0
2026-06-01 07:35:00,1,Tomato,Loam,55.5287,388.7011,70.0,25.0,85.0,0.7,0.6784,60.0,4.4713,0.0,0.0,0.003878,0.00446,0.0,0.0,0.0,0.0,0.0,0.0
2026-06-01 07:35:00,2,Wheat,Sandy,42.42,381.7801,60.0,18.0,78.0,0.9,0.5814,55.0,12.58,0.0,0.0,0.003878,0.003296,0.0,0.0,0.0,0.0,0.0,0.0
2026-06-01 07:35:00,3,Maize,Clay,65.0939,650.9387,75.0,30.0,90.0,1.0,0.7799,65.0,-0.0939,0.0,0.0,0.003878,0.004654,0.0,0.0,0.0,0.0,0.0,0.0
2026-06-01 07:36:00,1,Tomato,Loam,55.5281,388.6967,70.0,25.0,85.0,0.7,0.6784,60.0,4.4719,0.0,0.0,0.003842,0.004418,0.0,0.0,0.0,0.0,0.0,0.0
2026-06-01 07:36:00,2,Wheat,Sandy,42.4196,381.7768,60.0,18.0,78.0,0.9,0.5814,55.0,12.5804,0.0,0.0,0.003842,0.003266,0.0,0.0,0.0,0.0,0.0,0.0
2026-06-01 07:36:00,3,Maize,Clay,65.0934,650.9341,75.0,30.0,90.0,1.0,0.7799,65.0,-0.0934,0.0,0.0,0.003842,0.00461,0.0,0.0,0.0,0.0,0.0,0.0
2026-06-01 07:37:00,1,Tomato,Loam,55.5274,388.692,70.0,25.0,85.0,0.7,0.6784,60.0,4.4726,0.0,0.0,0.004063,0.004672,0.0,0.0,0.0,0.0,0.0,0.0
2026-06-01 07:37:00,2,Wheat,Sandy,42.4193,381.7733,60.0,18.0,78.0,0.9,0.5814,55.0,12.5807,0.0,0.0,0.004063,0.003454,0.0,0.0,0.0,0.0,0.0,0.0
2026-06-01 07:37:00,3,Maize,Clay,65.0929,650.9292,75.0,30.0,90.0,1.0,0.7798,65.0,-0.0929,0.0,0.0,0.004063,0.004876,0.0,0.0,0.0,0.0,0.0,0.0
2026-06-01 07:38:00,1,Tomato,Loam,55.5268,388.6874,70.0,25.0,85.0,0.7,0.6784,60.0,4.4732,0.0,0.0,0.00402,0.004623,0.0,0.0,0.0,0.0,0.0,0.0
2026-06-01 07:38:00,2,Wheat,Sandy,42.4189,381.7699,60.0,18.0,78.0,0.9,0.5814,55.0,12.5811,0.0,0.0,0.00402,0.003417,0.0,0.0,0.0,0.0,0.0,0.0
2026-06-01 07:38:00,3,Maize,Clay,65.0924,650.9244,75.0,30.0,90.0,1.0,0.7798,65.0,-0.0924,0.0,0.0,0.00402,0.004824,0.0,0.0,0.0,0.0,0.0,0.0
2026-06-01 07:39:00,1,Tomato,Loam,55.5261,388.6828,70.0,25.0,85.0,0.7,0.6784,60.0,4.4739,0.0,0.0,0.003974,0.00457,0.0,0.0,0.0,0.0,0.0,0.0
2026-06-01 07:39:00,2,Wheat,Sandy,42.4185,381.7665,60.0,18.0,78.0,0.9,0.5814,55.0,12.5815,0.0,0.0,0.003974,0.003378,0.0,0.0,0.0,0.0,0.0,0.0
2026-06-01 07:39:00,3,Maize,Clay,65.092,650.9196,75.0,30.0,90.0,1.0,0.7798,65.0,-0.092,0.0,0.0,0.003974,0.004769,0.0,0.0,0.0,0.0,0.0,0.0
2026-06-01 07:40:00,1,Tomato,Loam,55.5254,388.6781,70.0,25.0,85.0,0.7,0.6783,60.0,4.4746,0.0,0.0,0.004066,0.004676,0.0,0.0,0.0,0.0,0.0,0.0
2026-06-01 07:40:00,2,Wheat,Sandy,42.4181,381.763,60.0,18.0,78.0,0.9,0.5814,55.0,12.5819,0.0,0.0,0.004066,0.003456,0.0,0.0,0.0,0.0,0.0,0.0
2026-06-01 07:40:00,3,Maize,Clay,65.0915,650.9147,75.0,30.0,90.0,1.0,0.7798,65.0,-0.0915,0.0,0.0,0.004066,0.004879,0.0,0.0,0.0,0.0,0.0,0.0
2026-06-01 07:41:00,1,Tomato,Loam,55.5248,388.6733,70.0,25.0,85.0,0.7,0.6783,60.0,4.4752,0.0,0.0,0.004215,0.004847,0.0,0.0,0.0,0.0,0.0,0.0
2026-06-01 07:41:00,2,Wheat,Sandy,42.4177,381.7594,60.0,18.0,78.0,0.9,0.5814,55.0,12.5823,0.0,0.0,0.004215,0.003583,0.0,0.0,0.0,0.0,0.0,0.0
2026-06-01 07:41:00,3,Maize,Clay,65.091,650.9096,75.0,30.0,90.0,1.0,0.7798,65.0,-0.091,0.0,0.0,0.004215,0.005058,0.0,0.0,0.0,0.0,0.0,0.0
2026-06-01 07:42:00,1,Tomato,Loam,55.5241,388.6685,70.0,25.0,85.0,0.7,0.6783,60.0,4.4759,0.0,0.0,0.004203,0.004833,0.0,0.0,0.0,0.0,0.0,0.0
2026-06-01 07:42:00,2,Wheat,Sandy,42.4173,381.7558,60.0,18.0,78.0,0.9,0.5814,55.0,12.5827,0.0,0.0,0.004203,0.003573,0.0,0.0,0.0,0.0,0.0,0.0
2026-06-01 07:42:00,3,Maize,Clay,65.0905,650.9046,75.0,30.0,90.0,1.0,0.7798,65.0,-0.0905,0.0,0.0,0.004203,0.005044,0.0,0.0,0.0,0.0,0.0,0.0
2026-06-01 07:43:00,1,Tomato,Loam,55.5234,388.6638,70.0,25.0,85.0,0.7,0.6783,60.0,4.4766,0.0,0.0,0.004119,0.004737,0.0,0.0,0.0,0.0,0.0,0.0
2026-06-01 07:43:00,2,Wheat,Sandy,42.4169,381.7523,60.0,18.0,78.0,0.9,0.5814,55.0,12.5831,0.0,0.0,0.004119,0.003501,0.0,0.0,0.0,0.0,0.0,0.0
2026-06-01 07:43:00,3,Maize,Clay,65.09,650.8997,75.0,30.0,90.0,1.0,0.7798,65.0,-0.09,0.0,0.0,0.004119,0.004943,0.0,0.0,0.0,0.0,0.0,0.0
2026-06-01 07:44:00,1,Tomato,Loam,55.5227,388.6588,70.0,25.0,85.0,0.7,0.6783,60.0,4.4773,0.0,0.0,0.00431,0.004956,0.0,0.0,0.0,0.0,0.0,0.0
2026-06-01 07:44:00,2,Wheat,Sandy,42.4165,381.7486,60.0,18.0,78.0,0.9,0.5813,55.0,12.5835,0.0,0.0,0.00431,0.003663,0.0,0.0,0.0,0.0,0.0,0.0
2026-06-01 07:44:00,3,Maize,Clay,65.0895,650.8945,75.0,30.0,90.0,1.0,0.7798,65.0,-0.0895,0.0,0.0,0.00431,0.005172,0.0,0.0,0.0,0.0,0.0,0.0
2026-06-01 07:45:00,1,Tomato,Loam,55.522,388.654,70.0,25.0,85.0,0.7,0.6783,60.0,4.478,0.0,0.0,0.004151,0.004774,0.0,0.0,0.0,0.0,0.0,0.0
2026-06-01 07:45:00,2,Wheat,Sandy,42.4161,381.7451,60.0,18.0,78.0,0.9,0.5813,55.0,12.5839,0.0,0.0,0.004151,0.003528,0.0,0.0,0.0,0.0,0.0,0.0
2026-06-01 07:45:00,3,Maize,Clay,65.089,650.8895,75.0,30.0,90.0,1.0,0.7798,65.0,-0.089,0.0,0.0,0.004151,0.004981,0.0,0.0,0.0,0.0,0.0,0.0
2026-06-01 07:46:00,1,Tomato,Loam,55.5213,388.649,70.0,25.0,85.0,0.7,0.6783,60.0,4.4787,0.0,0.0,0.00433,0.00498,0.0,0.0,0.0,0.0,0.0,0.0
2026-06-01 07:46:00,2,Wheat,Sandy,42.4157,381.7414,60.0,18.0,78.0,0.9,0.5813,55.0,12.5843,0.0,0.0,0.00433,0.00368,0.0,0.0,0.0,0.0,0.0,0.0
2026-06-01 07:46:00,3,Maize,Clay,65.0884,650.8843,75.0,30.0,90.0,1.0,0.7797,65.0,-0.0884,0.0,0.0,0.00433,0.005196,0.0,0.0,0.0,0.0,0.0,0.0
2026-06-01 07:47:00,1,Tomato,Loam,55.5206,388.6439,70.0,25.0,85.0,0.7,0.6782,60.0,4.4794,0.0,0.0,0.004415,0.005077,0.0,0.0,0.0,0.0,0.0,0.0
2026-06-01 07:47:00,2,Wheat,Sandy,42.4153,381.7376,60.0,18.0,78.0,0.9,0.5813,55.0,12.5847,0.0,0.0,0.004415,0.003753,0.0,0.0,0.0,0.0,0.0,0.0
2026-06-01 07:47:00,3,Maize,Clay,65.0879,650.879,75.0,30.0,90.0,1.0,0.7797,65.0,-0.0879,0.0,0.0,0.004415,0.005298,0.0,0.0,0.0,0.0,0.0,0.0
2026-06-01 07:48:00,1,Tomato,Loam,55.5198,388.6389,70.0,25.0,85.0,0.7,0.6782,60.0,4.4802,0.0,0.0,0.004305,0.004951,0.0,0.0,0.0,0.0,0.0,0.0
2026-06-01 07:48:00,2,Wheat,Sandy,42.4149,381.7339,60.0,18.0,78.0,0.9,0.5813,55.0,12.5851,0.0,0.0,0.004305,0.003659,0.0,0.0,0.0,0.0,0.0,0.0
2026-06-01 07:48:00,3,Maize,Clay,65.0874,650.8738,75.0,30.0,90.0,1.0,0.7797,65.0,-0.0874,0.0,0.0,0.004305,0.005166,0.0,0.0,0.0,0.0,0.0,0.0
2026-06-01 07:49:00,1,Tomato,Loam,55.5191,388.6338,70.0,25.0,85.0,0.7,0.6782,60.0,4.4809,0.0,0.0,0.00444,0.005106,0.0,0.0,0.0,0.0,0.0,0.0
2026-06-01 07:49:00,2,Wheat,Sandy,42.4145,381.7301,60.0,18.0,78.0,0.9,0.5813,55.0,12.5855,0.0,0.0,0.00444,0.003774,0.0,0.0,0.0,0.0,0.0,0.0
2026-06-01 07:49:00,3,Maize,Clay,65.0868,650.8685,75.0,30.0,90.0,1.0,0.7797,65.0,-0.0868,0.0,0.0,0.00444,0.005328,0.0,0.0,0.0,0.0,0.0,0.0
2026-06-01 07:50:00,1,Tomato,Loam,55.5184,388.6288,70.0,25.0,85.0,0.7,0.6782,60.0,4.4816,0.0,0.0,0.004383,0.00504,0.0,0.0,0.0,0.0,0.0,0.0
2026-06-01 07:50:00,2,Wheat,Sandy,42.414,381.7264,60.0,18.0,78.0,0.9,0.5813,55.0,12.586,0.0,0.0,0.004383,0.003726,0.0,0.0,0.0,0.0,0.0,0.0
2026-06-01 07:50:00,3,Maize,Clay,65.0863,650.8632,75.0,30.0,90.0,1.0,0.7797,65.0,-0.0863,0.0,0.0,0.004383,0.00526,0.0,0.0,0.0,0.0,0.0,0.0
2026-06-01 07:51:00,1,Tomato,Loam,55.5176,388.6235,70.0,25.0,85.0,0.7,0.6782,60.0,4.4824,0.0,0.0,0.004598,0.005288,0.0,0.0,0.0,0.0,0.0,0.0
2026-06-01 07:51:00,2,Wheat,Sandy,42.4136,381.7225,60.0,18.0,78.0,0.9,0.5813,55.0,12.5864,0.0,0.0,0.004598,0.003908,0.0,0.0,0.0,0.0,0.0,0.0
2026-06-01 07:51:00,3,Maize,Clay,65.0858,650.8577,75.0,30.0,90.0,1.0,0.7797,65.0,-0.0858,0.0,0.0,0.004598,0.005518,0.0,0.0,0.0,0.0,0.0,0.0
2026-06-01 07:52:00,1,Tomato,Loam,55.5169,388.6183,70.0,25.0,85.0,0.7,0.6782,60.0,4.4831,0.0,0.0,0.004542,0.005223,0.0,0.0,0.0,0.0,0.0,0.0
2026-06-01 07:52:00,2,Wheat,Sandy,42.4132,381.7186,60.0,18.0,78.0,0.9,0.5813,55.0,12.5868,0.0,0.0,0.004542,0.003861,0.0,0.0,0.0,0.0,0.0,0.0
2026-06-01 07:52:00,3,Maize,Clay,65.0852,650.8523,75.0,30.0,90.0,1.0,0.7797,65.0,-0.0852,0.0,0.0,0.004542,0.00545,0.0,0.0,0.0,0.0,0.0,0.0
2026-06-01 07:53:00,1,Tomato,Loam,55.5162,388.6135,70.0,25.0,85.0,0.7,0.6781,60.0,4.4838,0.0,0.0,0.004176,0.004802,0.0,0.0,0.0,0.0,0.0,0.0
2026-06-01 07:53:00,2,Wheat,Sandy,42.4128,381.715,60.0,18.0,78.0,0.9,0.5813,55.0,12.5872,0.0,0.0,0.004176,0.00355,0.0,0.0,0.0,0.0,0.0,0.0
2026-06-01 07:53:00,3,Maize,Clay,65.0847,650.8473,75.0,30.0,90.0,1.0,0.7797,65.0,-0.0847,0.0,0.0,0.004176,0.005011,0.0,0.0,0.0,0.0,0.0,0.0
2026-06-01 07:54:00,1,Tomato,Loam,55.5154,388.6081,70.0,25.0,85.0,0.7,0.6781,60.0,4.4846,0.0,0.0,0.00473,0.005439,0.0,0.0,0.0,0.0,0.0,0.0
2026-06-01 07:54:00,2,Wheat,Sandy,42.4123,381.711,60.0,18.0,78.0,0.9,0.5812,55.0,12.5877,0.0,0.0,0.00473,0.00402,0.0,0.0,0.0,0.0,0.0,0.0
2026-06-01 07:54:00,3,Maize,Clay,65.0842,650.8416,75.0,30.0,90.0,1.0,0.7796,65.0,-0.0842,0.0,0.0,0.00473,0.005676,0.0,0.0,0.0,0.0,0.0,0.0
2026-06-01 07:55:00,1,Tomato,Loam,55.5147,388.6032,70.0,25.0,85.0,0.7,0.6781,60.0,4.4853,0.0,0.0,0.004243,0.004879,0.0,0.0,0.0,0.0,0.0,0.0
2026-06-01 07:55:00,2,Wheat,Sandy,42.4119,381.7074,60.0,18.0,78.0,0.9,0.5812,55.0,12.5881,0.0,0.0,0.004243,0.003607,0.0,0.0,0.0,0.0,0.0,0.0
2026-06-01 07:55:00,3,Maize,Clay,65.0837,650.8365,75.0,30.0,90.0,1.0,0.7796,65.0,-0.0837,0.0,0.0,0.004243,0.005092,0.0,0.0,0.0,0.0,0.0,0.0
2026-06-01 07:56:00,1,Tomato,Loam,55.514,388.5979,70.0,25.0,85.0,0.7,0.6781,60.0,4.486,0.0,0.0,0.004592,0.005281,0.0,0.0,0.0,0.0,0.0,0.0
2026-06-01 07:56:00,2,Wheat,Sandy,42.4115,381.7035,60.0,18.0,78.0,0.9,0.5812,55.0,12.5885,0.0,0.0,0.004592,0.003903,0.0,0.0,0.0,0.0,0.0,0.0
2026-06-01 07:56:00,3,Maize,Clay,65.0831,650.831,75.0,30.0,90.0,1.0,0.7796,65.0,-0.0831,0.0,0.0,0.004592,0.00551,0.0,0.0,0.0,0.0,0.0,0.0
2026-06-01 07:57:00,1,Tomato,Loam,55.5132,388.5924,70.0,25.0,85.0,0.7,0.6781,60.0,4.4868,0.0,0.0,0.004763,0.005477,0.0,0.0,0.0,0.0,0.0,0.0
2026-06-01 07:57:00,2,Wheat,Sandy,42.4111,381.6995,60.0,18.0,78.0,0.9,0.5812,55.0,12.5889,0.0,0.0,0.004763,0.004049,0.0,0.0,0.0,0.0,0.0,0.0
2026-06-01 07:57:00,3,Maize,Clay,65.0825,650.8253,75.0,30.0,90.0,1.0,0.7796,65.0,-0.0825,0.0,0.0,0.004763,0.005716,0.0,0.0,0.0,0.0,0.0,0.0
2026-06-01 07:58:00,1,Tomato,Loam,55.5124,388.587,70.0,25.0,85.0,0.7,0.6781,60.0,4.4876,0.0,0.0,0.004687,0.00539,0.0,0.0,0.0,0.0,0.0,0.0
2026-06-01 07:58:00,2,Wheat,Sandy,42.4106,381.6955,60.0,18.0,78.0,0.9,0.5812,55.0,12.5894,0.0,0.0,0.004687,0.003984,0.0,0.0,0.0,0.0,0.0,0.0
2026-06-01 07:58:00,3,Maize,Clay,65.082,650.8197,75.0,30.0,90.0,1.0,0.7796,65.0,-0.082,0.0,0.0,0.004687,0.005624,0.0,0.0,0.0,0.0,0.0,0.0
2026-06-01 07:59:00,1,Tomato,Loam,55.5117,388.5817,70.0,25.0,85.0,0.7,0.678,60.0,4.4883,0.0,0.0,0.004618,0.005311,0.0,0.0,0.0,0.0,0.0,0.0
2026-06-01 07:59:00,2,Wheat,Sandy,42.4102,381.6916,60.0,18.0,78.0,0.9,0.5812,55.0,12.5898,0.0,0.0,0.004618,0.003925,0.0,0.0,0.0,0.0,0.0,0.0
2026-06-01 07:59:00,3,Maize,Clay,65.0814,650.8142,75.0,30.0,90.0,1.0,0.7796,65.0,-0.0814,0.0,0.0,0.004618,0.005542,0.0,0.0,0.0,0.0,0.0,0.0
2026-06-01 08:00:00,1,Tomato,Loam,55.5109,388.5764,70.0,25.0,85.0,0.7,0.678,60.0,4.4891,0.0,0.0,0.004626,0.00532,0.0,0.0,0.0,0.0,0.0,0.0
2026-06-01 08:00:00,2,Wheat,Sandy,42.4097,381.6877,60.0,18.0,78.0,0.9,0.5812,55.0,12.5903,0.0,0.0,0.004626,0.003932,0.0,0.0,0.0,0.0,0.0,0.0
2026-06-01 08:00:00,3,Maize,Clay,65.0809,650.8086,75.0,30.0,90.0,1.0,0.7796,65.0,-0.0809,0.0,0.0,0.004626,0.005551,0.0,0.0,0.0,0.0,0.0,0.0
2026-06-01 08:01:00,1,Tomato,Loam,55.5101,388.5706,70.0,25.0,85.0,0.7,0.678,60.0,4.4899,0.0,0.0,0.005014,0.005766,0.0,0.0,0.0,0.0,0.0,0.0
2026-06-01 08:01:00,2,Wheat,Sandy,42.4093,381.6834,60.0,18.0,78.0,0.9,0.5812,55.0,12.5907,0.0,0.0,0.005014,0.004262,0.0,0.0,0.0,0.0,0.0,0.0
2026-06-01 08:01:00,3,Maize,Clay,65.0803,650.8026,75.0,30.0,90.0,1.0,0.7796,65.0,-0.0803,0.0,0.0,0.005014,0.006017,0.0,0.0,0.0,0.0,0.0,0.0
2026-06-01 08:02:00,1,Tomato,Loam,55.5093,388.5653,70.0,25.0,85.0,0.7,0.678,60.0,4.4907,0.0,0.0,0.004568,0.005253,0.0,0.0,0.0,0.0,0.0,0.0
2026-06-01 08:02:00,2,Wheat,Sandy,42.4088,381.6795,60.0,18.0,78.0,0.9,0.5812,55.0,12.5912,0.0,0.0,0.004568,0.003883,0.0,0.0,0.0,0.0,0.0,0.0
2026-06-01 08:02:00,3,Maize,Clay,65.0797,650.7971,75.0,30.0,90.0,1.0,0.7795,65.0,-0.0797,0.0,0.0,0.004568,0.005482,0.0,0.0,0.0,0.0,0.0,0.0
2026-06-01 08:03:00,1,Tomato,Loam,55.5085,388.5595,70.0,25.0,85.0,0.7,0.678,60.0,4.4915,0.0,0.0,0.005036,0.005791,0.0,0.0,0.0,0.0,0.0,0.0
2026-06-01 08:03:00,2,Wheat,Sandy,42.4084,381.6752,60.0,18.0,78.0,0.9,0.5812,55.0,12.5916,0.0,0.0,0.005036,0.004281,0.0,0.0,0.0,0.0,0.0,0.0
2026-06-01 08:03:00,3,Maize,Clay,65.0791,650.7911,75.0,30.0,90.0,1.0,0.7795,65.0,-0.0791,0.0,0.0,0.005036,0.006043,0.0,0.0,0.0,0.0,0.0,0.0
2026-06-01 08:04:00,1,Tomato,Loam,55.5077,388.5539,70.0,25.0,85.0,0.7,0.6779,60.0,4.4923,0.0,0.0,0.004896,0.00563,0.0,0.0,0.0,0.0,0.0,0.0
2026-06-01 08:04:00,2,Wheat,Sandy,42.4079,381.671,60.0,18.0,78.0,0.9,0.5811,55.0,12.5921,0.0,0.0,0.004896,0.004162,0.0,0.0,0.0,0.0,0.0,0.0
2026-06-01 08:04:00,3,Maize,Clay,65.0785,650.7852,75.0,30.0,90.0,1.0,0.7795,65.0,-0.0785,0.0,0.0,0.004896,0.005875,0.0,0.0,0.0,0.0,0.0,0.0
2026-06-01 08:05:00,1,Tomato,Loam,55.5069,388.5484,70.0,25.0,85.0,0.7,0.6779,60.0,4.4931,0.0,0.0,0.004807,0.005528,0.0,0.0,0.0,0.0,0.0,0.0
2026-06-01 08:05:00,2,Wheat,Sandy,42.4074,381.6669,60.0,18.0,78.0,0.9,0.5811,55.0,12.5926,0.0,0.0,0.004807,0.004086,0.0,0.0,0.0,0.0,0.0,0.0
2026-06-01 08:05:00,3,Maize,Clay,65.0779,650.7794,75.0,30.0,90.0,1.0,0.7795,65.0,-0.0779,0.0,0.0,0.004807,0.005768,0.0,0.0,0.0,0.0,0.0,0.0
2026-06-01 08:06:00,1,Tomato,Loam,55.5061,388.5429,70.0,25.0,85.0,0.7,0.6779,60.0,4.4939,0.0,0.0,0.004814,0.005536,0.0,0.0,0.0,0.0,0.0,0.0
2026-06-01 08:06:00,2,Wheat,Sandy,42.407,381.6628,60.0,18.0,78.0,0.9,0.5811,55.0,12.593,0.0,0.0,0.004814,0.004092,0.0,0.0,0.0,0.0,0.0,0.0
2026-06-01 08:06:00,3,Maize,Clay,65.0774,650.7736,75.0,30.0,90.0,1.0,0.7795,65.0,-0.0774,0.0,0.0,0.004814,0.005777,0.0,0.0,0.0,0.0,0.0,0.0
2026-06-01 08:07:00,1,Tomato,Loam,55.5053,388.5373,70.0,25.0,85.0,0.7,0.6779,60.0,4.4947,0.0,0.0,0.004883,0.005615,0.0,0.0,0.0,0.0,0.0,0.0
2026-06-01 08:07:00,2,Wheat,Sandy,42.4065,381.6586,60.0,18.0,78.0,0.9,0.5811,55.0,12.5935,0.0,0.0,0.004883,0.004151,0.0,0.0,0.0,0.0,0.0,0.0
2026-06-01 08:07:00,3,Maize,Clay,65.0768,650.7677,75.0,30.0,90.0,1.0,0.7795,65.0,-0.0768,0.0,0.0,0.004883,0.00586,0.0,0.0,0.0,0.0,0.0,0.0
2026-06-01 08:08:00,1,Tomato,Loam,55.5045,388.5314,70.0,25.0,85.0,0.7,0.6779,60.0,4.4955,0.0,0.0,0.005141,0.005912,0.0,0.0,0.0,0.0,0.0,0.0
2026-06-01 08:08:00,2,Wheat,Sandy,42.406,381.6542,60.0,18.0,78.0,0.9,0.5811,55.0,12.594,0.0,0.0,0.005141,0.00437,0.0,0.0,0.0,0.0,0.0,0.0
2026-06-01 08:08:00,3,Maize,Clay,65.0762,650.7615,75.0,30.0,90.0,1.0,0.7795,65.0,-0.0762,0.0,0.0,0.005141,0.006169,0.0,0.0,0.0,0.0,0.0,0.0
2026-06-01 08:09:00,1,Tomato,Loam,55.5036,388.5254,70.0,25.0,85.0,0.7,0.6779,60.0,4.4964,0.0,0.0,0.005192,0.005971,0.0,0.0,0.0,0.0,0.0,0.0
2026-06-01 08:09:00,2,Wheat,Sandy,42.4055,381.6498,60.0,18.0,78.0,0.9,0.5811,55.0,12.5945,0.0,0.0,0.005192,0.004413,0.0,0.0,0.0,0.0,0.0,0.0
2026-06-01 08:09:00,3,Maize,Clay,65.0755,650.7553,75.0,30.0,90.0,1.0,0.7795,65.0,-0.0755,0.0,0.0,0.005192,0.00623,0.0,0.0,0.0,0.0,0.0,0.0
2026-06-01 08:10:00,1,Tomato,Loam,55.5028,388.5198,70.0,25.0,85.0,0.7,0.6778,60.0,4.4972,0.0,0.0,0.004881,0.005613,0.0,0.0,0.0,0.0,0.0,0.0
2026-06-01 08:10:00,2,Wheat,Sandy,42.4051,381.6457,60.0,18.0,78.0,0.9,0.5811,55.0,12.5949,0.0,0.0,0.004881,0.004149,0.0,0.0,0.0,0.0,0.0,0.0
2026-06-01 08:10:00,3,Maize,Clay,65.0749,650.7494,75.0,30.0,90.0,1.0,0.7794,65.0,-0.0749,0.0,0.0,0.004881,0.005857,0.0,0.0,0.0,0.0,0.0,0.0
2026-06-01 08:11:00,1,Tomato,Loam,55.502,388.5139,70.0,25.0,85.0,0.7,0.6778,60.0,4.498,0.0,0.0,0.005115,0.005882,0.0,0.0,0.0,0.0,0.0,0.0
2026-06-01 08:11:00,2,Wheat,Sandy,42.4046,381.6414,60.0,18.0,78.0,0.9,0.5811,55.0,12.5954,0.0,0.0,0.005115,0.004348,0.0,0.0,0.0,0.0,0.0,0.0
2026-06-01 08:11:00,3,Maize,Clay,65.0743,650.7433,75.0,30.0,90.0,1.0,0.7794,65.0,-0.0743,0.0,0.0,0.005115,0.006138,0.0,0.0,0.0,0.0,0.0,0.0
2026-06-01 08:12:00,1,Tomato,Loam,55.5012,388.5081,70.0,25.0,85.0,0.7,0.6778,60.0,4.4988,0.0,0.0,0.00505,0.005807,0.0,0.0,0.0,0.0,0.0,0.0
2026-06-01 08:12:00,2,Wheat,Sandy,42.4041,381.6371,60.0,18.0,78.0,0.9,0.5811,55.0,12.5959,0.0,0.0,0.00505,0.004292,0.0,0.0,0.0,0.0,0.0,0.0
2026-06-01 08:12:00,3,Maize,Clay,65.0737,650.7372,75.0,30.0,90.0,1.0,0.7794,65.0,-0.0737,0.0,0.0,0.00505,0.00606,0.0,0.0,0.0,0.0,0.0,0.0
2026-06-01 08:13:00,1,Tomato,Loam,55.5003,388.5019,70.0,25.0,85.0,0.7,0.6778,60.0,4.4997,0.0,0.0,0.005414,0.006226,0.0,0.0,0.0,0.0,0.0,0.0
2026-06-01 08:13:00,2,Wheat,Sandy,42.4036,381.6325,60.0,18.0,78.0,0.9,0.581,55.0,12.5964,0.0,0.0,0.005414,0.004602,0.0,0.0,0.0,0.0,0.0,0.0
2026-06-01 08:13:00,3,Maize,Clay,65.0731,650.7307,75.0,30.0,90.0,1.0,0.7794,65.0,-0.0731,0.0,0.0,0.005414,0.006497,0.0,0.0,0.0,0.0,0.0,0.0
2026-06-01 08:14:00,1,Tomato,Loam,55.4994,388.4961,70.0,25.0,85.0,0.7,0.6778,60.0,4.5006,0.0,0.0,0.00501,0.005761,0.0,0.0,0.0,0.0,0.0,0.0
2026-06-01 08:14:00,2,Wheat,Sandy,42.4031,381.6282,60.0,18.0,78.0,0.9,0.581,55.0,12.5969,0.0,0.0,0.00501,0.004258,0.0,0.0,0.0,0.0,0.0,0.0
2026-06-01 08:14:00,3,Maize,Clay,65.0725,650.7247,75.0,30.0,90.0,1.0,0.7794,65.0,-0.0725,0.0,0.0,0.00501,0.006012,0.0,0.0,0.0,0.0,0.0,0.0
2026-06-01 08:15:00,1,Tomato,Loam,55.4985,388.4896,70.0,25.0,85.0,0.7,0.6777,60.0,4.5015,0.0,0.0,0.005611,0.006453,0.0,0.0,0.0,0.0,0.0,0.0
2026-06-01 08:15:00,2,Wheat,Sandy,42.4026,381.6234,60.0,18.0,78.0,0.9,0.581,55.0,12.5974,0.0,0.0,0.005611,0.004769,0.0,0.0,0.0,0.0,0.0,0.0
2026-06-01 08:15:00,3,Maize,Clay,65.0718,650.718,75.0,30.0,90.0,1.0,0.7794,65.0,-0.0718,0.0,0.0,0.005611,0.006733,0.0,0.0,0.0,0.0,0.0,0.0
2026-06-01 08:16:00,1,Tomato,Loam,55.4977,388.4837,70.0,25.0,85.0,0.7,0.6777,60.0,4.5023,0.0,0.0,0.005166,0.005941,0.0,0.0,0.0,0.0,0.0,0.0
2026-06-01 08:16:00,2,Wheat,Sandy,42.4021,381.619,60.0,18.0,78.0,0.9,0.581,55.0,12.5979,0.0,0.0,0.005166,0.004391,0.0,0.0,0.0,0.0,0.0,0.0
2026-06-01 08:16:00,3,Maize,Clay,65.0712,650.7118,75.0,30.0,90.0,1.0,0.7794,65.0,-0.0712,0.0,0.0,0.005166,0.006199,0.0,0.0,0.0,0.0,0.0,0.0
2026-06-01 08:17:00,1,Tomato,Loam,55.4968,388.4778,70.0,25.0,85.0,0.7,0.6777,60.0,4.5032,0.0,0.0,0.005144,0.005916,0.0,0.0,0.0,0.0,0.0,0.0
2026-06-01 08:17:00,2,Wheat,Sandy,42.4016,381.6146,60.0,18.0,78.0,0.9,0.581,55.0,12.5984,0.0,0.0,0.005144,0.004372,0.0,0.0,0.0,0.0,0.0,0.0
2026-06-01 08:17:00,3,Maize,Clay,65.0706,650.7056,75.0,30.0,90.0,1.0,0.7793,65.0,-0.0706,0.0,0.0,0.005144,0.006173,0.0,0.0,0.0,0.0,0.0,0.0
2026-06-01 08:18:00,1,Tomato,Loam,55.496,388.4718,70.0,25.0,85.0,0.7,0.6777,60.0,4.504,0.0,0.0,0.005189,0.005967,0.0,0.0,0.0,0.0,0.0,0.0
2026-06-01 08:18:00,2,Wheat,Sandy,42.4011,381.6102,60.0,18.0,78.0,0.9,0.581,55.0,12.5989,0.0,0.0,0.005189,0.004411,0.0,0.0,0.0,0.0,0.0,0.0
2026-06-01 08:18:00,3,Maize,Clay,65.0699,650.6994,75.0,30.0,90.0,1.0,0.7793,65.0,-0.0699,0.0,0.0,0.005189,0.006227,0.0,0.0,0.0,0.0,0.0,0.0
2026-06-01 08:19:00,1,Tomato,Loam,55.4951,388.4658,70.0,25.0,85.0,0.7,0.6777,60.0,4.5049,0.0,0.0,0.005259,0.006048,0.0,0.0,0.0,0.0,0.0,0.0
2026-06-01 08:19:00,2,Wheat,Sandy,42.4006,381.6057,60.0,18.0,78.0,0.9,0.581,55.0,12.5994,0.0,0.0,0.005259,0.00447,0.0,0.0,0.0,0.0,0.0,0.0
2026-06-01 08:19:00,3,Maize,Clay,65.0693,650.6931,75.0,30.0,90.0,1.0,0.7793,65.0,-0.0693,0.0,0.0,0.005259,0.006311,0.0,0.0,0.0,0.0,0.0,0.0
2026-06-01 08:20:00,1,Tomato,Loam,55.4942,388.4597,70.0,25.0,85.0,0.7,0.6776,60.0,4.5058,0.0,0.0,0.005276,0.006067,0.0,0.0,0.0,0.0,0.0,0.0
2026-06-01 08:20:00,2,Wheat,Sandy,42.4001,381.6012,60.0,18.0,78.0,0.9,0.581,55.0,12.5999,0.0,0.0,0.005276,0.004485,0.0,0.0,0.0,0.0,0.0,0.0
2026-06-01 08:20:00,3,Maize,Clay,65.0687,650.6868,75.0,30.0,90.0,1.0,0.7793,65.0,-0.0687,0.0,0.0,0.005276,0.006331,0.0,0.0,0.0,0.0,0.0,0.0
2026-06-01 08:21:00,1,Tomato,Loam,55.4933,388.4534,70.0,25.0,85.0,0.7,0.6776,60.0,4.5067,0.0,0.0,0.005512,0.006339,0.0,0.0,0.0,0.0,0.0,0.0
2026-06-01 08:21:00,2,Wheat,Sandy,42.3996,381.5965,60.0,18.0,78.0,0.9,0.5809,55.0,12.6004,0.0,0.0,0.005512,0.004685,0.0,0.0,0.0,0.0,0.0,0.0
2026-06-01 08:21:00,3,Maize,Clay,65.068,650.6802,75.0,30.0,90.0,1.0,0.7793,65.0,-0.068,0.0,0.0,0.005512,0.006614,0.0,0.0,0.0,0.0,0.0,0.0
2026-06-01 08:22:00,1,Tomato,Loam,55.4925,388.4474,70.0,25.0,85.0,0.7,0.6776,60.0,4.5075,0.0,0.0,0.0052,0.00598,0.0,0.0,0.0,0.0,0.0,0.0
2026-06-01 08:22:00,2,Wheat,Sandy,42.3991,381.5921,60.0,18.0,78.0,0.9,0.5809,55.0,12.6009,0.0,0.0,0.0052,0.00442,0.0,0.0,0.0,0.0,0.0,0.0
2026-06-01 08:22:00,3,Maize,Clay,65.0674,650.674,75.0,30.0,90.0,1.0,0.7793,65.0,-0.0674,0.0,0.0,0.0052,0.00624,0.0,0.0,0.0,0.0,0.0,0.0
2026-06-01 08:23:00,1,Tomato,Loam,55.4916,388.4415,70.0,25.0,85.0,0.7,0.6776,60.0,4.5084,0.0,0.0,0.005152,0.005925,0.0,0.0,0.0,0.0,0.0,0.0
2026-06-01 08:23:00,2,Wheat,Sandy,42.3986,381.5877,60.0,18.0,78.0,0.9,0.5809,55.0,12.6014,0.0,0.0,0.005152,0.004379,0.0,0.0,0.0,0.0,0.0,0.0
2026-06-01 08:23:00,3,Maize,Clay,65.0668,650.6678,75.0,30.0,90.0,1.0,0.7793,65.0,-0.0668,0.0,0.0,0.005152,0.006182,0.0,0.0,0.0,0.0,0.0,0.0
2026-06-01 08:24:00,1,Tomato,Loam,55.4908,388.4353,70.0,25.0,85.0,0.7,0.6776,60.0,4.5092,0.0,0.0,0.005371,0.006177,0.0,0.0,0.0,0.0,0.0,0.0
2026-06-01 08:24:00,2,Wheat,Sandy,42.3981,381.5831,60.0,18.0,78.0,0.9,0.5809,55.0,12.6019,0.0,0.0,0.005371,0.004565,0.0,0.0,0.0,0.0,0.0,0.0
2026-06-01 08:24:00,3,Maize,Clay,65.0661,650.6614,75.0,30.0,90.0,1.0,0.7792,65.0,-0.0661,0.0,0.0,0.005371,0.006445,0.0,0.0,0.0,0.0,0.0,0.0
2026-06-01 08:25:00,1,Tomato,Loam,55.4899,388.4292,70.0,25.0,85.0,0.7,0.6776,60.0,4.5101,0.0,0.0,0.005287,0.00608,0.0,0.0,0.0,0.0,0.0,0.0
2026-06-01 08:25:00,2,Wheat,Sandy,42.3976,381.5786,60.0,18.0,78.0,0.9,0.5809,55.0,12.6024,0.0,0.0,0.005287,0.004494,0.0,0.0,0.0,0.0,0.0,0.0
2026-06-01 08:25:00,3,Maize,Clay,65.0655,650.6551,75.0,30.0,90.0,1.0,0.7792,65.0,-0.0655,0.0,0.0,0.005287,0.006344,0.0,0.0,0.0,0.0,0.0,0.0
2026-06-01 08:26:00,1,Tomato,Loam,55.489,388.4228,70.0,25.0,85.0,0.7,0.6775,60.0,4.511,0.0,0.0,0.005587,0.006425,0.0,0.0,0.0,0.0,0.0,0.0
2026-06-01 08:26:00,2,Wheat,Sandy,42.3971,381.5739,60.0,18.0,78.0,0.9,0.5809,55.0,12.6029,0.0,0.0,0.005587,0.004749,0.0,0.0,0.0,0.0,0.0,0.0
2026-06-01 08:26:00,3,Maize,Clay,65.0648,650.6484,75.0,30.0,90.0,1.0,0.7792,65.0,-0.0648,0.0,0.0,0.005587,0.006704,0.0,0.0,0.0,0.0,0.0,0.0
2026-06-01 08:27:00,1,Tomato,Loam,55.4881,388.4164,70.0,25.0,85.0,0.7,0.6775,60.0,4.5119,0.0,0.0,0.00553,0.00636,0.0,0.0,0.0,0.0,0.0,0.0
2026-06-01 08:27:00,2,Wheat,Sandy,42.3966,381.5692,60.0,18.0,78.0,0.9,0.5809,55.0,12.6034,0.0,0.0,0.00553,0.0047,0.0,0.0,0.0,0.0,0.0,0.0
2026-06-01 08:27:00,3,Maize,Clay,65.0642,650.6418,75.0,30.0,90.0,1.0,0.7792,65.0,-0.0642,0.0,0.0,0.00553,0.006636,0.0,0.0,0.0,0.0,0.0,0.0
2026-06-01 08:28:00,1,Tomato,Loam,55.4872,388.4101,70.0,25.0,85.0,0.7,0.6775,60.0,4.5128,0.0,0.0,0.005514,0.006341,0.0,0.0,0.0,0.0,0.0,0.0
2026-06-01 08:28:00,2,Wheat,Sandy,42.3961,381.5645,60.0,18.0,78.0,0.9,0.5809,55.0,12.6039,0.0,0.0,0.005514,0.004687,0.0,0.0,0.0,0.0,0.0,0.0
2026-06-01 08:28:00,3,Maize,Clay,65.0635,650.6352,75.0,30.0,90.0,1.0,0.7792,65.0,-0.0635,0.0,0.0,0.005514,0.006617,0.0,0.0,0.0,0.0,0.0,0.0
2026-06-01 08:29:00,1,Tomato,Loam,55.4862,388.4031,70.0,25.0,85.0,0.7,0.6775,60.0,4.5138,0.0,0.0,0.006126,0.007045,0.0,0.0,0.0,0.0,0.0,0.0
2026-06-01 08:29:00,2,Wheat,Sandy,42.3955,381.5593,60.0,18.0,78.0,0.9,0.5808,55.0,12.6045,0.0,0.0,0.006126,0.005207,0.0,0.0,0.0,0.0,0.0,0.0
2026-06-01 08:29:00,3,Maize,Clay,65.0628,650.6278,75.0,30.0,90.0,1.0,0.7792,65.0,-0.0628,0.0,0.0,0.006126,0.007351,0.0,0.0,0.0,0.0,0.0,0.0
2026-06-01 08:30:00,1,Tomato,Loam,55.4852,388.3965,70.0,25.0,85.0,0.7,0.6774,60.0,4.5148,0.0,0.0,0.005757,0.006621,0.0,0.0,0.0,0.0,0.0,0.0
2026-06-01 08:30:00,2,Wheat,Sandy,42.3949,381.5544,60.0,18.0,78.0,0.9,0.5808,55.0,12.6051,0.0,0.0,0.005757,0.004893,0.0,0.0,0.0,0.0,0.0,0.0
2026-06-01 08:30:00,3,Maize,Clay,65.0621,650.6209,75.0,30.0,90.0,1.0,0.7792,65.0,-0.0621,0.0,0.0,0.005757,0.006908,0.0,0.0,0.0,0.0,0.0,0.0
2026-06-01 08:31:00,1,Tomato,Loam,55.4842,388.3897,70.0,25.0,85.0,0.7,0.6774,60.0,4.5158,0.0,0.0,0.00589,0.006774,0.0,0.0,0.0,0.0,0.0,0.0
2026-06-01 08:31:00,2,Wheat,Sandy,42.3944,381.5494,60.0,18.0,78.0,0.9,0.5808,55.0,12.6056,0.0,0.0,0.00589,0.005006,0.0,0.0,0.0,0.0,0.0,0.0
2026-06-01 08:31:00,3,Maize,Clay,65.0614,650.6138,75.0,30.0,90.0,1.0,0.7791,65.0,-0.0614,0.0,0.0,0.00589,0.007068,0.0,0.0,0.0,0.0,0.0,0.0
2026-06-01 08:32:00,1,Tomato,Loam,55.4833,388.3833,70.0,25.0,85.0,0.7,0.6774,60.0,4.5167,0.0,0.0,0.005557,0.006391,0.0,0.0,0.0,0.0,0.0,0.0
2026-06-01 08:32:00,2,Wheat,Sandy,42.3939,381.5447,60.0,18.0,78.0,0.9,0.5808,55.0,12.6061,0.0,0.0,0.005557,0.004723,0.0,0.0,0.0,0.0,0.0,0.0
2026-06-01 08:32:00,3,Maize,Clay,65.0607,650.6071,75.0,30.0,90.0,1.0,0.7791,65.0,-0.0607,0.0,0.0,0.005557,0.006668,0.0,0.0,0.0,0.0,0.0,0.0
2026-06-01 08:33:00,1,Tomato,Loam,55.4824,388.3767,70.0,25.0,85.0,0.7,0.6774,60.0,4.5176,0.0,0.0,0.005768,0.006633,0.0,0.0,0.0,0.0,0.0,0.0
2026-06-01 08:33:00,2,Wheat,Sandy,42.3933,381.5398,60.0,18.0,78.0,0.9,0.5808,55.0,12.6067,0.0,0.0,0.005768,0.004903,0.0,0.0,0.0,0.0,0.0,0.0
2026-06-01 08:33:00,3,Maize,Clay,65.06,650.6002,75.0,30.0,90.0,1.0,0.7791,65.0,-0.06,0.0,0.0,0.005768,0.006922,0.0,0.0,0.0,0.0,0.0,0.0
2026-06-01 08:34:00,1,Tomato,Loam,55.4814,388.3698,70.0,25.0,85.0,0.7,0.6774,60.0,4.5186,0.0,0.0,0.005975,0.006871,0.0,0.0,0.0,0.0,0.0,0.0
2026-06-01 08:34:00,2,Wheat,Sandy,42.3927,381.5347,60.0,18.0,78.0,0.9,0.5808,55.0,12.6073,0.0,0.0,0.005975,0.005079,0.0,0.0,0.0,0.0,0.0,0.0
2026-06-01 08:34:00,3,Maize,Clay,65.0593,650.593,75.0,30.0,90.0,1.0,0.7791,65.0,-0.0593,0.0,0.0,0.005975,0.00717,0.0,0.0,0.0,0.0,0.0,0.0
2026-06-01 08:35:00,1,Tomato,Loam,55.4805,388.3632,70.0,25.0,85.0,0.7,0.6773,60.0,4.5195,0.0,0.0,0.005755,0.006618,0.0,0.0,0.0,0.0,0.0,0.0
2026-06-01 08:35:00,2,Wheat,Sandy,42.3922,381.5298,60.0,18.0,78.0,0.9,0.5808,55.0,12.6078,0.0,0.0,0.005755,0.004892,0.0,0.0,0.0,0.0,0.0,0.0
2026-06-01 08:35:00,3,Maize,Clay,65.0586,650.5861,75.0,30.0,90.0,1.0,0.7791,65.0,-0.0586,0.0,0.0,0.005755,0.006906,0.0,0.0,0.0,0.0,0.0,0.0
2026-06-01 08:36:00,1,Tomato,Loam,55.4794,388.3561,70.0,25.0,85.0,0.7,0.6773,60.0,4.5206,0.0,0.0,0.006191,0.00712,0.0,0.0,0.0,0.0,0.0,0.0
2026-06-01 08:36:00,2,Wheat,Sandy,42.3916,381.5245,60.0,18.0,78.0,0.9,0.5808,55.0,12.6084,0.0,0.0,0.006191,0.005262,0.0,0.0,0.0,0.0,0.0,0.0
2026-06-01 08:36:00,3,Maize,Clay,65.0579,650.5787,75.0,30.0,90.0,1.0,0.7791,65.0,-0.0579,0.0,0.0,0.006191,0.007429,0.0,0.0,0.0,0.0,0.0,0.0
2026-06-01 08:37:00,1,Tomato,Loam,55.4785,388.3495,70.0,25.0,85.0,0.7,0.6773,60.0,4.5215,0.0,0.0,0.005773,0.006639,0.0,0.0,0.0,0.0,0.0,0.0
2026-06-01 08:37:00,2,Wheat,Sandy,42.3911,381.5196,60.0,18.0,78.0,0.9,0.5807,55.0,12.6089,0.0,0.0,0.005773,0.004907,0.0,0.0,0.0,0.0,0.0,0.0
2026-06-01 08:37:00,3,Maize,Clay,65.0572,650.5718,75.0,30.0,90.0,1.0,0.779,65.0,-0.0572,0.0,0.0,0.005773,0.006928,0.0,0.0,0.0,0.0,0.0,0.0
2026-06-01 08:38:00,1,Tomato,Loam,55.4775,388.3426,70.0,25.0,85.0,0.7,0.6773,60.0,4.5225,0.0,0.0,0.005984,0.006882,0.0,0.0,0.0,0.0,0.0,0.0
2026-06-01 08:38:00,2,Wheat,Sandy,42.3905,381.5145,60.0,18.0,78.0,0.9,0.5807,55.0,12.6095,0.0,0.0,0.005984,0.005086,0.0,0.0,0.0,0.0,0.0,0.0
2026-06-01 08:38:00,3,Maize,Clay,65.0565,650.5646,75.0,30.0,90.0,1.0,0.779,65.0,-0.0565,0.0,0.0,0.005984,0.007181,0.0,0.0,0.0,0.0,0.0,0.0
2026-06-01 08:39:00,1,Tomato,Loam,55.4765,388.3357,70.0,25.0,85.0,0.7,0.6773,60.0,4.5235,0.0,0.0,0.005987,0.006885,0.0,0.0,0.0,0.0,0.0,0.0
2026-06-01 08:39:00,2,Wheat,Sandy,42.3899,381.5094,60.0,18.0,78.0,0.9,0.5807,55.0,12.6101,0.0,0.0,0.005987,0.005089,0.0,0.0,0.0,0.0,0.0,0.0
2026-06-01 08:39:00,3,Maize,Clay,65.0557,650.5574,75.0,30.0,90.0,1.0,0.779,65.0,-0.0557,0.0,0.0,0.005987,0.007184,0.0,0.0,0.0,0.0,0.0,0.0
2026-06-01 08:40:00,1,Tomato,Loam,55.4755,388.3287,70.0,25.0,85.0,0.7,0.6772,60.0,4.5245,0.0,0.0,0.006046,0.006953,0.0,0.0,0.0,0.0,0.0,0.0
2026-06-01 08:40:00,2,Wheat,Sandy,42.3894,381.5043,60.0,18.0,78.0,0.9,0.5807,55.0,12.6106,0.0,0.0,0.006046,0.005139,0.0,0.0,0.0,0.0,0.0,0.0
2026-06-01 08:40:00,3,Maize,Clay,65.055,650.5501,75.0,30.0,90.0,1.0,0.779,65.0,-0.055,0.0,0.0,0.006046,0.007255,0.0,0.0,0.0,0.0,0.0,0.0
2026-06-01 08:41:00,1,Tomato,Loam,55.4745,388.3218,70.0,25.0,85.0,0.7,0.6772,60.0,4.5255,0.0,0.0,0.005971,0.006867,0.0,0.0,0.0,0.0,0.0,0.0
2026-06-01 08:41:00,2,Wheat,Sandy,42.3888,381.4992,60.0,18.0,78.0,0.9,0.5807,55.0,12.6112,0.0,0.0,0.005971,0.005075,0.0,0.0,0.0,0.0,0.0,0.0
2026-06-01 08:41:00,3,Maize,Clay,65.0543,650.5429,75.0,30.0,90.0,1.0,0.779,65.0,-0.0543,0.0,0.0,0.005971,0.007165,0.0,0.0,0.0,0.0,0.0,0.0
2026-06-01 08:42:00,1,Tomato,Loam,55.4735,388.3147,70.0,25.0,85.0,0.7,0.6772,60.0,4.5265,0.0,0.0,0.006183,0.00711,0.0,0.0,0.0,0.0,0.0,0.0
2026-06-01 08:42:00,2,Wheat,Sandy,42.3882,381.4939,60.0,18.0,78.0,0.9,0.5807,55.0,12.6118,0.0,0.0,0.006183,0.005256,0.0,0.0,0.0,0.0,0.0,0.0
2026-06-01 08:42:00,3,Maize,Clay,65.0535,650.5355,75.0,30.0,90.0,1.0,0.779,65.0,-0.0535,0.0,0.0,0.006183,0.00742,0.0,0.0,0.0,0.0,0.0,0.0
2026-06-01 08:43:00,1,Tomato,Loam,55.4725,388.3077,70.0,25.0,85.0,0.7,0.6772,60.0,4.5275,0.0,0.0,0.00613,0.007049,0.0,0.0,0.0,0.0,0.0,0.0
2026-06-01 08:43:00,2,Wheat,Sandy,42.3876,381.4887,60.0,18.0,78.0,0.9,0.5807,55.0,12.6124,0.0,0.0,0.00613,0.00521,0.0,0.0,0.0,0.0,0.0,0.0
2026-06-01 08:43:00,3,Maize,Clay,65.0528,650.5281,75.0,30.0,90.0,1.0,0.779,65.0,-0.0528,0.0,0.0,0.00613,0.007356,0.0,0.0,0.0,0.0,0.0,0.0
2026-06-01 08:44:00,1,Tomato,Loam,55.4715,388.3006,70.0,25.0,85.0,0.7,0.6771,60.0,4.5285,0.0,0.0,0.00614,0.007061,0.0,0.0,0.0,0.0,0.0,0.0
2026-06-01 08:44:00,2,Wheat,Sandy,42.3871,381.4835,60.0,18.0,78.0,0.9,0.5806,55.0,12.6129,0.0,0.0,0.00614,0.005219,0.0,0.0,0.0,0.0,0.0,0.0
2026-06-01 08:44:00,3,Maize,Clay,65.0521,650.5207,75.0,30.0,90.0,1.0,0.7789,65.0,-0.0521,0.0,0.0,0.00614,0.007368,0.0,0.0,0.0,0.0,0.0,0.0
2026-06-01 08:45:00,1,Tomato,Loam,55.4705,388.2934,70.0,25.0,85.0,0.7,0.6771,60.0,4.5295,0.0,0.0,0.006286,0.007229,0.0,0.0,0.0,0.0,0.0,0.0
2026-06-01 08:45:00,2,Wheat,Sandy,42.3865,381.4782,60.0,18.0,78.0,0.9,0.5806,55.0,12.6135,0.0,0.0,0.006286,0.005343,0.0,0.0,0.0,0.0,0.0,0.0
2026-06-01 08:45:00,3,Maize,Clay,65.0513,650.5132,75.0,30.0,90.0,1.0,0.7789,65.0,-0.0513,0.0,0.0,0.006286,0.007543,0.0,0.0,0.0,0.0,0.0,0.0
2026-06-01 08:46:00,1,Tomato,Loam,55.4694,388.2861,70.0,25.0,85.0,0.7,0.6771,60.0,4.5306,0.0,0.0,0.006311,0.007258,0.0,0.0,0.0,0.0,0.0,0.0
2026-06-01 08:46:00,2,Wheat,Sandy,42.3859,381.4728,60.0,18.0,78.0,0.9,0.5806,55.0,12.6141,0.0,0.0,0.006311,0.005364,0.0,0.0,0.0,0.0,0.0,0.0
2026-06-01 08:46:00,3,Maize,Clay,65.0506,650.5056,75.0,30.0,90.0,1.0,0.7789,65.0,-0.0506,0.0,0.0,0.006311,0.007573,0.0,0.0,0.0,0.0,0.0,0.0
2026-06-01 08:47:00,1,Tomato,Loam,55.4684,388.2789,70.0,25.0,85.0,0.7,0.6771,60.0,4.5316,0.0,0.0,0.006225,0.007159,0.0,0.0,0.0,0.0,0.0,0.0
2026-06-01 08:47:00,2,Wheat,Sandy,42.3853,381.4675,60.0,18.0,78.0,0.9,0.5806,55.0,12.6147,0.0,0.0,0.006225,0.005291,0.0,0.0,0.0,0.0,0.0,0.0
2026-06-01 08:47:00,3,Maize,Clay,65.0498,650.4981,75.0,30.0,90.0,1.0,0.7789,65.0,-0.0498,0.0,0.0,0.006225,0.00747,0.0,0.0,0.0,0.0,0.0,0.0
2026-06-01 08:48:00,1,Tomato,Loam,55.4674,388.2717,70.0,25.0,85.0,0.7,0.6771,60.0,4.5326,0.0,0.0,0.006264,0.007204,0.0,0.0,0.0,0.0,0.0,0.0
2026-06-01 08:48:00,2,Wheat,Sandy,42.3847,381.4622,60.0,18.0,78.0,0.9,0.5806,55.0,12.6153,0.0,0.0,0.006264,0.005324,0.0,0.0,0.0,0.0,0.0,0.0
2026-06-01 08:48:00,3,Maize,Clay,65.0491,650.4906,75.0,30.0,90.0,1.0,0.7789,65.0,-0.0491,0.0,0.0,0.006264,0.007517,0.0,0.0,0.0,0.0,0.0,0.0
2026-06-01 08:49:00,1,Tomato,Loam,55.4663,388.2642,70.0,25.0,85.0,0.7,0.677,60.0,4.5337,0.0,0.0,0.006549,0.007531,0.0,0.0,0.0,0.0,0.0,0.0
2026-06-01 08:49:00,2,Wheat,Sandy,42.3841,381.4566,60.0,18.0,78.0,0.9,0.5806,55.0,12.6159,0.0,0.0,0.006549,0.005567,0.0,0.0,0.0,0.0,0.0,0.0
2026-06-01 08:49:00,3,Maize,Clay,65.0483,650.4827,75.0,30.0,90.0,1.0,0.7789,65.0,-0.0483,0.0,0.0,0.006549,0.007859,0.0,0.0,0.0,0.0,0.0,0.0
2026-06-01 08:50:00,1,Tomato,Loam,55.4653,388.2569,70.0,25.0,85.0,0.7,0.677,60.0,4.5347,0.0,0.0,0.006372,0.007328,0.0,0.0,0.0,0.0,0.0,0.0
2026-06-01 08:50:00,2,Wheat,Sandy,42.3835,381.4512,60.0,18.0,78.0,0.9,0.5806,55.0,12.6165,0.0,0.0,0.006372,0.005416,0.0,0.0,0.0,0.0,0.0,0.0
2026-06-01 08:50:00,3,Maize,Clay,65.0475,650.4751,75.0,30.0,90.0,1.0,0.7788,65.0,-0.0475,0.0,0.0,0.006372,0.007646,0.0,0.0,0.0,0.0,0.0,0.0
2026-06-01 08:51:00,1,Tomato,Loam,55.4642,388.2496,70.0,25.0,85.0,0.7,0.677,60.0,4.5358,0.0,0.0,0.006362,0.007316,0.0,0.0,0.0,0.0,0.0,0.0
2026-06-01 08:51:00,2,Wheat,Sandy,42.3829,381.4458,60.0,18.0,78.0,0.9,0.5805,55.0,12.6171,0.0,0.0,0.006362,0.005408,0.0,0.0,0.0,0.0,0.0,0.0
2026-06-01 08:51:00,3,Maize,Clay,65.0467,650.4675,75.0,30.0,90.0,1.0,0.7788,65.0,-0.0467,0.0,0.0,0.006362,0.007634,0.0,0.0,0.0,0.0,0.0,0.0
2026-06-01 08:52:00,1,Tomato,Loam,55.4632,388.2423,70.0,25.0,85.0,0.7,0.677,60.0,4.5368,0.0,0.0,0.006381,0.007338,0.0,0.0,0.0,0.0,0.0,0.0
2026-06-01 08:52:00,2,Wheat,Sandy,42.3823,381.4404,60.0,18.0,78.0,0.9,0.5805,55.0,12.6177,0.0,0.0,0.006381,0.005424,0.0,0.0,0.0,0.0,0.0,0.0
2026-06-01 08:52:00,3,Maize,Clay,65.046,650.4598,75.0,30.0,90.0,1.0,0.7788,65.0,-0.046,0.0,0.0,0.006381,0.007657,0.0,0.0,0.0,0.0,0.0,0.0
2026-06-01 08:53:00,1,Tomato,Loam,55.4621,388.2344,70.0,25.0,85.0,0.7,0.6769,60.0,4.5379,0.0,0.0,0.006872,0.007903,0.0,0.0,0.0,0.0,0.0,0.0
2026-06-01 08:53:00,2,Wheat,Sandy,42.3816,381.4346,60.0,18.0,78.0,0.9,0.5805,55.0,12.6184,0.0,0.0,0.006872,0.005841,0.0,0.0,0.0,0.0,0.0,0.0
2026-06-01 08:53:00,3,Maize,Clay,65.0452,650.4516,75.0,30.0,90.0,1.0,0.7788,65.0,-0.0452,0.0,0.0,0.006872,0.008246,0.0,0.0,0.0,0.0,0.0,0.0
2026-06-01 08:54:00,1,Tomato,Loam,55.461,388.2272,70.0,25.0,85.0,0.7,0.6769,60.0,4.539,0.0,0.0,0.006231,0.007166,0.0,0.0,0.0,0.0,0.0,0.0
2026-06-01 08:54:00,2,Wheat,Sandy,42.381,381.4293,60.0,18.0,78.0,0.9,0.5805,55.0,12.619,0.0,0.0,0.006231,0.005296,0.0,0.0,0.0,0.0,0.0,0.0
2026-06-01 08:54:00,3,Maize,Clay,65.0444,650.4441,75.0,30.0,90.0,1.0,0.7788,65.0,-0.0444,0.0,0.0,0.006231,0.007477,0.0,0.0,0.0,0.0,0.0,0.0
2026-06-01 08:55:00,1,Tomato,Loam,55.4599,388.2195,70.0,25.0,85.0,0.7,0.6769,60.0,4.5401,0.0,0.0,0.006663,0.007662,0.0,0.0,0.0,0.0,0.0,0.0
2026-06-01 08:55:00,2,Wheat,Sandy,42.3804,381.4236,60.0,18.0,78.0,0.9,0.5805,55.0,12.6196,0.0,0.0,0.006663,0.005664,0.0,0.0,0.0,0.0,0.0,0.0
2026-06-01 08:55:00,3,Maize,Clay,65.0436,650.4361,75.0,30.0,90.0,1.0,0.7787,65.0,-0.0436,0.0,0.0,0.006663,0.007996,0.0,0.0,0.0,0.0,0.0,0.0
2026-06-01 08:56:00,1,Tomato,Loam,55.4589,388.2123,70.0,25.0,85.0,0.7,0.6769,60.0,4.5411,0.0,0.0,0.006237,0.007173,0.0,0.0,0.0,0.0,0.0,0.0
2026-06-01 08:56:00,2,Wheat,Sandy,42.3798,381.4183,60.0,18.0,78.0,0.9,0.5805,55.0,12.6202,0.0,0.0,0.006237,0.005301,0.0,0.0,0.0,0.0,0.0,0.0
2026-06-01 08:56:00,3,Maize,Clay,65.0429,650.4286,75.0,30.0,90.0,1.0,0.7787,65.0,-0.0429,0.0,0.0,0.006237,0.007484,0.0,0.0,0.0,0.0,0.0,0.0
2026-06-01 08:57:00,1,Tomato,Loam,55.4578,388.2046,70.0,25.0,85.0,0.7,0.6768,60.0,4.5422,0.0,0.0,0.006688,0.007691,0.0,0.0,0.0,0.0,0.0,0.0
2026-06-01 08:57:00,2,Wheat,Sandy,42.3792,381.4126,60.0,18.0,78.0,0.9,0.5805,55.0,12.6208,0.0,0.0,0.006688,0.005685,0.0,0.0,0.0,0.0,0.0,0.0
2026-06-01 08:57:00,3,Maize,Clay,65.0421,650.4206,75.0,30.0,90.0,1.0,0.7787,65.0,-0.0421,0.0,0.0,0.006688,0.008026,0.0,0.0,0.0,0.0,0.0,0.0
2026-06-01 08:58:00,1,Tomato,Loam,55.4567,388.1967,70.0,25.0,85.0,0.7,0.6768,60.0,4.5433,0.0,0.0,0.006851,0.007879,0.0,0.0,0.0,0.0,0.0,0.0
2026-06-01 08:58:00,2,Wheat,Sandy,42.3785,381.4068,60.0,18.0,78.0,0.9,0.5804,55.0,12.6215,0.0,0.0,0.006851,0.005823,0.0,0.0,0.0,0.0,0.0,0.0
2026-06-01 08:58:00,3,Maize,Clay,65.0412,650.4124,75.0,30.0,90.0,1.0,0.7787,65.0,-0.0412,0.0,0.0,0.006851,0.008221,0.0,0.0,0.0,0.0,0.0,0.0
2026-06-01 08:59:00,1,Tomato,Loam,55.4556,388.189,70.0,25.0,85.0,0.7,0.6768,60.0,4.5444,0.0,0.0,0.00671,0.007716,0.0,0.0,0.0,0.0,0.0,0.0
2026-06-01 08:59:00,2,Wheat,Sandy,42.3779,381.4011,60.0,18.0,78.0,0.9,0.5804,55.0,12.6221,0.0,0.0,0.00671,0.005703,0.0,0.0,0.0,0.0,0.0,0.0
2026-06-01 08:59:00,3,Maize,Clay,65.0404,650.4043,75.0,30.0,90.0,1.0,0.7787,65.0,-0.0404,0.0,0.0,0.00671,0.008052,0.0,0.0,0.0,0.0,0.0,0.0
2026-06-01 09:00:00,1,Tomato,Loam,55.4545,388.1813,70.0,25.0,85.0,0.7,0.6768,60.0,4.5455,0.0,0.0,0.006718,0.007726,0.0,0.0,0.0,0.0,0.0,0.0
2026-06-01 09:00:00,2,Wheat,Sandy,42.3773,381.3954,60.0,18.0,78.0,0.9,0.5804,55.0,12.6227,0.0,0.0,0.006718,0.00571,0.0,0.0,0.0,0.0,0.0,0.0
2026-06-01 09:00:00,3,Maize,Clay,65.0396,650.3962,75.0,30.0,90.0,1.0,0.7787,65.0,-0.0396,0.0,0.0,0.006718,0.008062,0.0,0.0,0.0,0.0,0.0,0.0
2026-06-01 09:01:00,1,Tomato,Loam,55.4534,388.1737,70.0,25.0,85.0,0.7,0.6767,60.0,4.5466,0.0,0.0,0.00657,0.007556,0.0,0.0,0.0,0.0,0.0,0.0
2026-06-01 09:01:00,2,Wheat,Sandy,42.3766,381.3898,60.0,18.0,78.0,0.9,0.5804,55.0,12.6234,0.0,0.0,0.00657,0.005584,0.0,0.0,0.0,0.0,0.0,0.0
2026-06-01 09:01:00,3,Maize,Clay,65.0388,650.3883,75.0,30.0,90.0,1.0,0.7786,65.0,-0.0388,0.0,0.0,0.00657,0.007884,0.0,0.0,0.0,0.0,0.0,0.0
2026-06-01 09:02:00,1,Tomato,Loam,55.4523,388.166,70.0,25.0,85.0,0.7,0.6767,60.0,4.5477,0.0,0.0,0.006731,0.007741,0.0,0.0,0.0,0.0,0.0,0.0
2026-06-01 09:02:00,2,Wheat,Sandy,42.376,381.3841,60.0,18.0,78.0,0.9,0.5804,55.0,12.624,0.0,0.0,0.006731,0.005721,0.0,0.0,0.0,0.0,0.0,0.0
2026-06-01 09:02:00,3,Maize,Clay,65.038,650.3802,75.0,30.0,90.0,1.0,0.7786,65.0,-0.038,0.0,0.0,0.006731,0.008077,0.0,0.0,0.0,0.0,0.0,0.0
2026-06-01 09:03:00,1,Tomato,Loam,55.4512,388.1583,70.0,25.0,85.0,0.7,0.6767,60.0,4.5488,0.0,0.0,0.006734,0.007744,0.0,0.0,0.0,0.0,0.0,0.0
2026-06-01 09:03:00,2,Wheat,Sandy,42.3754,381.3784,60.0,18.0,78.0,0.9,0.5804,55.0,12.6246,0.0,0.0,0.006734,0.005724,0.0,0.0,0.0,0.0,0.0,0.0
2026-06-01 09:03:00,3,Maize,Clay,65.0372,650.3721,75.0,30.0,90.0,1.0,0.7786,65.0,-0.0372,0.0,0.0,0.006734,0.008081,0.0,0.0,0.0,0.0,0.0,0.0
2026-06-01 09:04:00,1,Tomato,Loam,55.4501,388.1507,70.0,25.0,85.0,0.7,0.6767,60.0,4.5499,0.0,0.0,0.006638,0.007634,0.0,0.0,0.0,0.0,0.0,0.0
2026-06-01 09:04:00,2,Wheat,Sandy,42.3748,381.3728,60.0,18.0,78.0,0.9,0.5804,55.0,12.6252,0.0,0.0,0.006638,0.005642,0.0,0.0,0.0,0.0,0.0,0.0
2026-06-01 09:04:00,3,Maize,Clay,65.0364,650.3641,75.0,30.0,90.0,1.0,0.7786,65.0,-0.0364,0.0,0.0,0.006638,0.007966,0.0,0.0,0.0,0.0,0.0,0.0
2026-06-01 09:05:00,1,Tomato,Loam,55.449,388.1429,70.0,25.0,85.0,0.7,0.6766,60.0,4.551,0.0,0.0,0.006778,0.007795,0.0,0.0,0.0,0.0,0.0,0.0
2026-06-01 09:05:00,2,Wheat,Sandy,42.3741,381.367,60.0,18.0,78.0,0.9,0.5803,55.0,12.6259,0.0,0.0,0.006778,0.005761,0.0,0.0,0.0,0.0,0.0,0.0
2026-06-01 09:05:00,3,Maize,Clay,65.0356,650.356,75.0,30.0,90.0,1.0,0.7786,65.0,-0.0356,0.0,0.0,0.006778,0.008134,0.0,0.0,0.0,0.0,0.0,0.0
2026-06-01 09:06:00,1,Tomato,Loam,55.4478,388.1349,70.0,25.0,85.0,0.7,0.6766,60.0,4.5522,0.0,0.0,0.006947,0.007989,0.0,0.0,0.0,0.0,0.0,0.0
2026-06-01 09:06:00,2,Wheat,Sandy,42.3735,381.3611,60.0,18.0,78.0,0.9,0.5803,55.0,12.6265,0.0,0.0,0.006947,0.005905,0.0,0.0,0.0,0.0,0.0,0.0
2026-06-01 09:06:00,3,Maize,Clay,65.0348,650.3477,75.0,30.0,90.0,1.0,0.7786,65.0,-0.0348,0.0,0.0,0.006947,0.008336,0.0,0.0,0.0,0.0,0.0,0.0
2026-06-01 09:07:00,1,Tomato,Loam,55.4467,388.1272,70.0,25.0,85.0,0.7,0.6766,60.0,4.5533,0.0,0.0,0.006724,0.007733,0.0,0.0,0.0,0.0,0.0,0.0
2026-06-01 09:07:00,2,Wheat,Sandy,42.3728,381.3554,60.0,18.0,78.0,0.9,0.5803,55.0,12.6272,0.0,0.0,0.006724,0.005715,0.0,0.0,0.0,0.0,0.0,0.0
2026-06-01 09:07:00,3,Maize,Clay,65.034,650.3396,75.0,30.0,90.0,1.0,0.7785,65.0,-0.034,0.0,0.0,0.006724,0.008069,0.0,0.0,0.0,0.0,0.0,0.0
2026-06-01 09:08:00,1,Tomato,Loam,55.4456,388.1195,70.0,25.0,85.0,0.7,0.6766,60.0,4.5544,0.0,0.0,0.006712,0.007719,0.0,0.0,0.0,0.0,0.0,0.0
2026-06-01 09:08:00,2,Wheat,Sandy,42.3722,381.3497,60.0,18.0,78.0,0.9,0.5803,55.0,12.6278,0.0,0.0,0.006712,0.005705,0.0,0.0,0.0,0.0,0.0,0.0
2026-06-01 09:08:00,3,Maize,Clay,65.0332,650.3315,75.0,30.0,90.0,1.0,0.7785,65.0,-0.0332,0.0,0.0,0.006712,0.008054,0.0,0.0,0.0,0.0,0.0,0.0
2026-06-01 09:09:00,1,Tomato,Loam,55.4445,388.1118,70.0,25.0,85.0,0.7,0.6765,60.0,4.5555,0.0,0.0,0.006714,0.007721,0.0,0.0,0.0,0.0,0.0,0.0
2026-06-01 09:09:00,2,Wheat,Sandy,42.3716,381.344,60.0,18.0,78.0,0.9,0.5803,55.0,12.6284,0.0,0.0,0.006714,0.005707,0.0,0.0,0.0,0.0,0.0,0.0
2026-06-01 09:09:00,3,Maize,Clay,65.0323,650.3234,75.0,30.0,90.0,1.0,0.7785,65.0,-0.0323,0.0,0.0,0.006714,0.008057,0.0,0.0,0.0,0.0,0.0,0.0
2026-06-01 09:10:00,1,Tomato,Loam,55.4434,388.1036,70.0,25.0,85.0,0.7,0.6765,60.0,4.5566,0.0,0.0,0.00716,0.008234,0.0,0.0,0.0,0.0,0.0,0.0
2026-06-01 09:10:00,2,Wheat,Sandy,42.3709,381.3379,60.0,18.0,78.0,0.9,0.5803,55.0,12.6291,0.0,0.0,0.00716,0.006086,0.0,0.0,0.0,0.0,0.0,0.0
2026-06-01 09:10:00,3,Maize,Clay,65.0315,650.3148,75.0,30.0,90.0,1.0,0.7785,65.0,-0.0315,0.0,0.0,0.00716,0.008592,0.0,0.0,0.0,0.0,0.0,0.0
2026-06-01 09:11:00,1,Tomato,Loam,55.4422,388.0954,70.0,25.0,85.0,0.7,0.6765,60.0,4.5578,0.0,0.0,0.00713,0.0082,0.0,0.0,0.0,0.0,0.0,0.0
2026-06-01 09:11:00,2,Wheat,Sandy,42.3702,381.3318,60.0,18.0,78.0,0.9,0.5802,55.0,12.6298,0.0,0.0,0.00713,0.00606,0.0,0.0,0.0,0.0,0.0,0.0
2026-06-01 09:11:00,3,Maize,Clay,65.0306,650.3062,75.0,30.0,90.0,1.0,0.7785,65.0,-0.0306,0.0,0.0,0.00713,0.008556,0.0,0.0,0.0,0.0,0.0,0.0
2026-06-01 09:12:00,1,Tomato,Loam,55.441,388.0872,70.0,25.0,85.0,0.7,0.6765,60.0,4.559,0.0,0.0,0.00717,0.008246,0.0,0.0,0.0,0.0,0.0,0.0
2026-06-01 09:12:00,2,Wheat,Sandy,42.3695,381.3257,60.0,18.0,78.0,0.9,0.5802,55.0,12.6305,0.0,0.0,0.00717,0.006094,0.0,0.0,0.0,0.0,0.0,0.0
2026-06-01 09:12:00,3,Maize,Clay,65.0298,650.2976,75.0,30.0,90.0,1.0,0.7784,65.0,-0.0298,0.0,0.0,0.00717,0.008604,0.0,0.0,0.0,0.0,0.0,0.0
2026-06-01 09:13:00,1,Tomato,Loam,55.4398,388.0787,70.0,25.0,85.0,0.7,0.6764,60.0,4.5602,0.0,0.0,0.007405,0.008516,0.0,0.0,0.0,0.0,0.0,0.0
2026-06-01 09:13:00,2,Wheat,Sandy,42.3688,381.3194,60.0,18.0,78.0,0.9,0.5802,55.0,12.6312,0.0,0.0,0.007405,0.006294,0.0,0.0,0.0,0.0,0.0,0.0
2026-06-01 09:13:00,3,Maize,Clay,65.0289,650.2887,75.0,30.0,90.0,1.0,0.7784,65.0,-0.0289,0.0,0.0,0.007405,0.008886,0.0,0.0,0.0,0.0,0.0,0.0
2026-06-01 09:14:00,1,Tomato,Loam,55.4386,388.0704,70.0,25.0,85.0,0.7,0.6764,60.0,4.5614,0.0,0.0,0.007193,0.008272,0.0,0.0,0.0,0.0,0.0,0.0
2026-06-01 09:14:00,2,Wheat,Sandy,42.3681,381.3133,60.0,18.0,78.0,0.9,0.5802,55.0,12.6319,0.0,0.0,0.007193,0.006114,0.0,0.0,0.0,0.0,0.0,0.0
2026-06-01 09:14:00,3,Maize,Clay,65.028,650.2801,75.0,30.0,90.0,1.0,0.7784,65.0,-0.028,0.0,0.0,0.007193,0.008632,0.0,0.0,0.0,0.0,0.0,0.0
2026-06-01 09:15:00,1,Tomato,Loam,55.4374,388.0621,70.0,25.0,85.0,0.7,0.6764,60.0,4.5626,0.0,0.0,0.007226,0.00831,0.0,0.0,0.0,0.0,0.0,0.0
2026-06-01 09:15:00,2,Wheat,Sandy,42.3675,381.3072,60.0,18.0,78.0,0.9,0.5802,55.0,12.6325,0.0,0.0,0.007226,0.006142,0.0,0.0,0.0,0.0,0.0,0.0
2026-06-01 09:15:00,3,Maize,Clay,65.0271,650.2714,75.0,30.0,90.0,1.0,0.7784,65.0,-0.0271,0.0,0.0,0.007226,0.008671,0.0,0.0,0.0,0.0,0.0,0.0
2026-06-01 09:16:00,1,Tomato,Loam,55.4363,388.0538,70.0,25.0,85.0,0.7,0.6764,60.0,4.5637,0.0,0.0,0.007197,0.008277,0.0,0.0,0.0,0.0,0.0,0.0
2026-06-01 09:16:00,2,Wheat,Sandy,42.3668,381.3011,60.0,18.0,78.0,0.9,0.5802,55.0,12.6332,0.0,0.0,0.007197,0.006117,0.0,0.0,0.0,0.0,0.0,0.0
2026-06-01 09:16:00,3,Maize,Clay,65.0263,650.2628,75.0,30.0,90.0,1.0,0.7784,65.0,-0.0263,0.0,0.0,0.007197,0.008636,0.0,0.0,0.0,0.0,0.0,0.0
2026-06-01 09:17:00,1,Tomato,Loam,55.4351,388.0456,70.0,25.0,85.0,0.7,0.6763,60.0,4.5649,0.0,0.0,0.007135,0.008205,0.0,0.0,0.0,0.0,0.0,0.0
2026-06-01 09:17:00,2,Wheat,Sandy,42.3661,381.295,60.0,18.0,78.0,0.9,0.5801,55.0,12.6339,0.0,0.0,0.007135,0.006065,0.0,0.0,0.0,0.0,0.0,0.0
2026-06-01 09:17:00,3,Maize,Clay,65.0254,650.2542,75.0,30.0,90.0,1.0,0.7783,65.0,-0.0254,0.0,0.0,0.007135,0.008562,0.0,0.0,0.0,0.0,0.0,0.0
2026-06-01 09:18:00,1,Tomato,Loam,55.4339,388.0375,70.0,25.0,85.0,0.7,0.6763,60.0,4.5661,0.0,0.0,0.007077,0.008139,0.0,0.0,0.0,0.0,0.0,0.0
2026-06-01 09:18:00,2,Wheat,Sandy,42.3654,381.289,60.0,18.0,78.0,0.9,0.5801,55.0,12.6346,0.0,0.0,0.007077,0.006015,0.0,0.0,0.0,0.0,0.0,0.0
2026-06-01 09:18:00,3,Maize,Clay,65.0246,650.2457,75.0,30.0,90.0,1.0,0.7783,65.0,-0.0246,0.0,0.0,0.007077,0.008492,0.0,0.0,0.0,0.0,0.0,0.0
2026-06-01 09:19:00,1,Tomato,Loam,55.4327,388.0286,70.0,25.0,85.0,0.7,0.6763,60.0,4.5673,0.0,0.0,0.007701,0.008856,0.0,0.0,0.0,0.0,0.0,0.0
2026-06-01 09:19:00,2,Wheat,Sandy,42.3647,381.2825,60.0,18.0,78.0,0.9,0.5801,55.0,12.6353,0.0,0.0,0.007701,0.006546,0.0,0.0,0.0,0.0,0.0,0.0
2026-06-01 09:19:00,3,Maize,Clay,65.0236,650.2365,75.0,30.0,90.0,1.0,0.7783,65.0,-0.0236,0.0,0.0,0.007701,0.009241,0.0,0.0,0.0,0.0,0.0,0.0
2026-06-01 09:20:00,1,Tomato,Loam,55.4315,388.0203,70.0,25.0,85.0,0.7,0.6763,60.0,4.5685,0.0,0.0,0.007194,0.008273,0.0,0.0,0.0,0.0,0.0,0.0
2026-06-01 09:20:00,2,Wheat,Sandy,42.364,381.2764,60.0,18.0,78.0,0.9,0.5801,55.0,12.636,0.0,0.0,0.007194,0.006115,0.0,0.0,0.0,0.0,0.0,0.0
2026-06-01 09:20:00,3,Maize,Clay,65.0228,650.2279,75.0,30.0,90.0,1.0,0.7783,65.0,-0.0228,0.0,0.0,0.007194,0.008633,0.0,0.0,0.0,0.0,0.0,0.0
2026-06-01 09:21:00,1,Tomato,Loam,55.4303,388.012,70.0,25.0,85.0,0.7,0.6762,60.0,4.5697,0.0,0.0,0.007204,0.008285,0.0,0.0,0.0,0.0,0.0,0.0
2026-06-01 09:21:00,2,Wheat,Sandy,42.3634,381.2703,60.0,18.0,78.0,0.9,0.5801,55.0,12.6366,0.0,0.0,0.007204,0.006123,0.0,0.0,0.0,0.0,0.0,0.0
2026-06-01 09:21:00,3,Maize,Clay,65.0219,650.2193,75.0,30.0,90.0,1.0,0.7783,65.0,-0.0219,0.0,0.0,0.007204,0.008645,0.0,0.0,0.0,0.0,0.0,0.0
2026-06-01 09:22:00,1,Tomato,Loam,55.4291,388.0034,70.0,25.0,85.0,0.7,0.6762,60.0,4.5709,0.0,0.0,0.007477,0.008599,0.0,0.0,0.0,0.0,0.0,0.0
2026-06-01 09:22:00,2,Wheat,Sandy,42.3627,381.2639,60.0,18.0,78.0,0.9,0.5801,55.0,12.6373,0.0,0.0,0.007477,0.006355,0.0,0.0,0.0,0.0,0.0,0.0
2026-06-01 09:22:00,3,Maize,Clay,65.021,650.2103,75.0,30.0,90.0,1.0,0.7782,65.0,-0.021,0.0,0.0,0.007477,0.008972,0.0,0.0,0.0,0.0,0.0,0.0
2026-06-01 09:23:00,1,Tomato,Loam,55.4278,387.9949,70.0,25.0,85.0,0.7,0.6762,60.0,4.5722,0.0,0.0,0.007434,0.008549,0.0,0.0,0.0,0.0,0.0,0.0
2026-06-01 09:23:00,2,Wheat,Sandy,42.362,381.2576,60.0,18.0,78.0,0.9,0.58,55.0,12.638,0.0,0.0,0.007434,0.006319,0.0,0.0,0.0,0.0,0.0,0.0
2026-06-01 09:23:00,3,Maize,Clay,65.0201,650.2014,75.0,30.0,90.0,1.0,0.7782,65.0,-0.0201,0.0,0.0,0.007434,0.008921,0.0,0.0,0.0,0.0,0.0,0.0
2026-06-01 09:24:00,1,Tomato,Loam,55.4267,387.9867,70.0,25.0,85.0,0.7,0.6761,60.0,4.5733,0.0,0.0,0.007138,0.008209,0.0,0.0,0.0,0.0,0.0,0.0
2026-06-01 09:24:00,2,Wheat,Sandy,42.3613,381.2515,60.0,18.0,78.0,0.9,0.58,55.0,12.6387,0.0,0.0,0.007138,0.006067,0.0,0.0,0.0,0.0,0.0,0.0
2026-06-01 09:24:00,3,Maize,Clay,65.0193,650.1928,75.0,30.0,90.0,1.0,0.7782,65.0,-0.0193,0.0,0.0,0.007138,0.008566,0.0,0.0,0.0,0.0,0.0,0.0
2026-06-01 09:25:00,1,Tomato,Loam,55.4254,387.9778,70.0,25.0,85.0,0.7,0.6761,60.0,4.5746,0.0,0.0,0.007736,0.008896,0.0,0.0,0.0,0.0,0.0,0.0
2026-06-01 09:25:00,2,Wheat,Sandy,42.3605,381.2449,60.0,18.0,78.0,0.9,0.58,55.0,12.6395,0.0,0.0,0.007736,0.006576,0.0,0.0,0.0,0.0,0.0,0.0
2026-06-01 09:25:00,3,Maize,Clay,65.0184,650.1835,75.0,30.0,90.0,1.0,0.7782,65.0,-0.0184,0.0,0.0,0.007736,0.009283,0.0,0.0,0.0,0.0,0.0,0.0
2026-06-01 09:26:00,1,Tomato,Loam,55.4242,387.9692,70.0,25.0,85.0,0.7,0.6761,60.0,4.5758,0.0,0.0,0.007459,0.008578,0.0,0.0,0.0,0.0,0.0,0.0
2026-06-01 09:26:00,2,Wheat,Sandy,42.3598,381.2386,60.0,18.0,78.0,0.9,0.58,55.0,12.6402,0.0,0.0,0.007459,0.00634,0.0,0.0,0.0,0.0,0.0,0.0
2026-06-01 09:26:00,3,Maize,Clay,65.0175,650.1745,75.0,30.0,90.0,1.0,0.7782,65.0,-0.0175,0.0,0.0,0.007459,0.008951,0.0,0.0,0.0,0.0,0.0,0.0
2026-06-01 09:27:00,1,Tomato,Loam,55.423,387.9609,70.0,25.0,85.0,0.7,0.6761,60.0,4.577,0.0,0.0,0.007191,0.00827,0.0,0.0,0.0,0.0,0.0,0.0
2026-06-01 09:27:00,2,Wheat,Sandy,42.3592,381.2325,60.0,18.0,78.0,0.9,0.58,55.0,12.6408,0.0,0.0,0.007191,0.006112,0.0,0.0,0.0,0.0,0.0,0.0
2026-06-01 09:27:00,3,Maize,Clay,65.0166,650.1659,75.0,30.0,90.0,1.0,0.7781,65.0,-0.0166,0.0,0.0,0.007191,0.008629,0.0,0.0,0.0,0.0,0.0,0.0
2026-06-01 09:28:00,1,Tomato,Loam,55.4217,387.9519,70.0,25.0,85.0,0.7,0.676,60.0,4.5783,0.0,0.0,0.007835,0.00901,0.0,0.0,0.0,0.0,0.0,0.0
2026-06-01 09:28:00,2,Wheat,Sandy,42.3584,381.2258,60.0,18.0,78.0,0.9,0.58,55.0,12.6416,0.0,0.0,0.007835,0.00666,0.0,0.0,0.0,0.0,0.0,0.0
2026-06-01 09:28:00,3,Maize,Clay,65.0156,650.1565,75.0,30.0,90.0,1.0,0.7781,65.0,-0.0156,0.0,0.0,0.007835,0.009402,0.0,0.0,0.0,0.0,0.0,0.0
2026-06-01 09:29:00,1,Tomato,Loam,55.4204,387.9431,70.0,25.0,85.0,0.7,0.676,60.0,4.5796,0.0,0.0,0.007676,0.008827,0.0,0.0,0.0,0.0,0.0,0.0
2026-06-01 09:29:00,2,Wheat,Sandy,42.3577,381.2193,60.0,18.0,78.0,0.9,0.5799,55.0,12.6423,0.0,0.0,0.007676,0.006525,0.0,0.0,0.0,0.0,0.0,0.0
2026-06-01 09:29:00,3,Maize,Clay,65.0147,650.1473,75.0,30.0,90.0,1.0,0.7781,65.0,-0.0147,0.0,0.0,0.007676,0.009211,0.0,0.0,0.0,0.0,0.0,0.0
2026-06-01 09:30:00,1,Tomato,Loam,55.4192,387.9347,70.0,25.0,85.0,0.7,0.676,60.0,4.5808,0.0,0.0,0.007293,0.008387,0.0,0.0,0.0,0.0,0.0,0.0
2026-06-01 09:30:00,2,Wheat,Sandy,42.357,381.2131,60.0,18.0,78.0,0.9,0.5799,55.0,12.643,0.0,0.0,0.007293,0.006199,0.0,0.0,0.0,0.0,0.0,0.0
2026-06-01 09:30:00,3,Maize,Clay,65.0139,650.1385,75.0,30.0,90.0,1.0,0.7781,65.0,-0.0139,0.0,0.0,0.007293,0.008752,0.0,0.0,0.0,0.0,0.0,0.0
2026-06-01 09:31:00,1,Tomato,Loam,55.4179,387.9254,70.0,25.0,85.0,0.7,0.676,60.0,4.5821,0.0,0.0,0.008053,0.009261,0.0,0.0,0.0,0.0,0.0,0.0
2026-06-01 09:31:00,2,Wheat,Sandy,42.3563,381.2063,60.0,18.0,78.0,0.9,0.5799,55.0,12.6437,0.0,0.0,0.008053,0.006845,0.0,0.0,0.0,0.0,0.0,0.0
2026-06-01 09:31:00,3,Maize,Clay,65.0129,650.1288,75.0,30.0,90.0,1.0,0.7781,65.0,-0.0129,0.0,0.0,0.008053,0.009664,0.0,0.0,0.0,0.0,0.0,0.0
2026-06-01 09:32:00,1,Tomato,Loam,55.4166,387.9164,70.0,25.0,85.0,0.7,0.6759,60.0,4.5834,0.0,0.0,0.00782,0.008993,0.0,0.0,0.0,0.0,0.0,0.0
2026-06-01 09:32:00,2,Wheat,Sandy,42.3555,381.1997,60.0,18.0,78.0,0.9,0.5799,55.0,12.6445,0.0,0.0,0.00782,0.006647,0.0,0.0,0.0,0.0,0.0,0.0
2026-06-01 09:32:00,3,Maize,Clay,65.0119,650.1194,75.0,30.0,90.0,1.0,0.778,65.0,-0.0119,0.0,0.0,0.00782,0.009384,0.0,0.0,0.0,0.0,0.0,0.0
2026-06-01 09:33:00,1,Tomato,Loam,55.4154,387.9076,70.0,25.0,85.0,0.7,0.6759,60.0,4.5846,0.0,0.0,0.00767,0.00882,0.0,0.0,0.0,0.0,0.0,0.0
2026-06-01 09:33:00,2,Wheat,Sandy,42.3548,381.1932,60.0,18.0,78.0,0.9,0.5799,55.0,12.6452,0.0,0.0,0.00767,0.006519,0.0,0.0,0.0,0.0,0.0,0.0
2026-06-01 09:33:00,3,Maize,Clay,65.011,650.1102,75.0,30.0,90.0,1.0,0.778,65.0,-0.011,0.0,0.0,0.00767,0.009204,0.0,0.0,0.0,0.0,0.0,0.0
2026-06-01 09:34:00,1,Tomato,Loam,55.414,387.8983,70.0,25.0,85.0,0.7,0.6759,60.0,4.586,0.0,0.0,0.008076,0.009287,0.0,0.0,0.0,0.0,0.0,0.0
2026-06-01 09:34:00,2,Wheat,Sandy,42.354,381.1863,60.0,18.0,78.0,0.9,0.5799,55.0,12.646,0.0,0.0,0.008076,0.006865,0.0,0.0,0.0,0.0,0.0,0.0
2026-06-01 09:34:00,3,Maize,Clay,65.0101,650.1005,75.0,30.0,90.0,1.0,0.778,65.0,-0.0101,0.0,0.0,0.008076,0.009691,0.0,0.0,0.0,0.0,0.0,0.0
2026-06-01 09:35:00,1,Tomato,Loam,55.4128,387.8894,70.0,25.0,85.0,0.7,0.6758,60.0,4.5872,0.0,0.0,0.007745,0.008907,0.0,0.0,0.0,0.0,0.0,0.0
2026-06-01 09:35:00,2,Wheat,Sandy,42.3533,381.1797,60.0,18.0,78.0,0.9,0.5798,55.0,12.6467,0.0,0.0,0.007745,0.006583,0.0,0.0,0.0,0.0,0.0,0.0
2026-06-01 09:35:00,3,Maize,Clay,65.0091,650.0912,75.0,30.0,90.0,1.0,0.778,65.0,-0.0091,0.0,0.0,0.007745,0.009294,0.0,0.0,0.0,0.0,0.0,0.0
2026-06-01 09:36:00,1,Tomato,Loam,55.4115,387.8804,70.0,25.0,85.0,0.7,0.6758,60.0,4.5885,0.0,0.0,0.007807,0.008978,0.0,0.0,0.0,0.0,0.0,0.0
2026-06-01 09:36:00,2,Wheat,Sandy,42.3526,381.1731,60.0,18.0,78.0,0.9,0.5798,55.0,12.6474,0.0,0.0,0.007807,0.006636,0.0,0.0,0.0,0.0,0.0,0.0
2026-06-01 09:36:00,3,Maize,Clay,65.0082,650.0818,75.0,30.0,90.0,1.0,0.778,65.0,-0.0082,0.0,0.0,0.007807,0.009368,0.0,0.0,0.0,0.0,0.0,0.0
2026-06-01 09:37:00,1,Tomato,Loam,55.4102,387.8717,70.0,25.0,85.0,0.7,0.6758,60.0,4.5898,0.0,0.0,0.007591,0.00873,0.0,0.0,0.0,0.0,0.0,0.0
2026-06-01 09:37:00,2,Wheat,Sandy,42.3518,381.1666,60.0,18.0,78.0,0.9,0.5798,55.0,12.6482,0.0,0.0,0.007591,0.006452,0.0,0.0,0.0,0.0,0.0,0.0
2026-06-01 09:37:00,3,Maize,Clay,65.0073,650.0727,75.0,30.0,90.0,1.0,0.7779,65.0,-0.0073,0.0,0.0,0.007591,0.009109,0.0,0.0,0.0,0.0,0.0,0.0
2026-06-01 09:38:00,1,Tomato,Loam,55.409,387.8627,70.0,25.0,85.0,0.7,0.6758,60.0,4.591,0.0,0.0,0.007801,0.008971,0.0,0.0,0.0,0.0,0.0,0.0
2026-06-01 09:38:00,2,Wheat,Sandy,42.3511,381.16,60.0,18.0,78.0,0.9,0.5798,55.0,12.6489,0.0,0.0,0.007801,0.006631,0.0,0.0,0.0,0.0,0.0,0.0
2026-06-01 09:38:00,3,Maize,Clay,65.0063,650.0633,75.0,30.0,90.0,1.0,0.7779,65.0,-0.0063,0.0,0.0,0.007801,0.009361,0.0,0.0,0.0,0.0,0.0,0.0
2026-06-01 09:39:00,1,Tomato,Loam,55.4077,387.8537,70.0,25.0,85.0,0.7,0.6757,60.0,4.5923,0.0,0.0,0.007842,0.009018,0.0,0.0,0.0,0.0,0.0,0.0
2026-06-01 09:39:00,2,Wheat,Sandy,42.3504,381.1533,60.0,18.0,78.0,0.9,0.5798,55.0,12.6496,0.0,0.0,0.007842,0.006666,0.0,0.0,0.0,0.0,0.0,0.0
2026-06-01 09:39:00,3,Maize,Clay,65.0054,650.0539,75.0,30.0,90.0,1.0,0.7779,65.0,-0.0054,0.0,0.0,0.007842,0.00941,0.0,0.0,0.0,0.0,0.0,0.0
2026-06-01 09:40:00,1,Tomato,Loam,55.4064,387.8448,70.0,25.0,85.0,0.7,0.6757,60.0,4.5936,0.0,0.0,0.007737,0.008898,0.0,0.0,0.0,0.0,0.0,0.0
2026-06-01 09:40:00,2,Wheat,Sandy,42.3496,381.1467,60.0,18.0,78.0,0.9,0.5798,55.0,12.6504,0.0,0.0,0.007737,0.006576,0.0,0.0,0.0,0.0,0.0,0.0
2026-06-01 09:40:00,3,Maize,Clay,65.0045,650.0446,75.0,30.0,90.0,1.0,0.7779,65.0,-0.0045,0.0,0.0,0.007737,0.009284,0.0,0.0,0.0,0.0,0.0,0.0
2026-06-01 09:41:00,1,Tomato,Loam,55.4051,387.836,70.0,25.0,85.0,0.7,0.6757,60.0,4.5949,0.0,0.0,0.007619,0.008762,0.0,0.0,0.0,0.0,0.0,0.0
2026-06-01 09:41:00,2,Wheat,Sandy,42.3489,381.1402,60.0,18.0,78.0,0.9,0.5797,55.0,12.6511,0.0,0.0,0.007619,0.006476,0.0,0.0,0.0,0.0,0.0,0.0
2026-06-01 09:41:00,3,Maize,Clay,65.0035,650.0355,75.0,30.0,90.0,1.0,0.7779,65.0,-0.0035,0.0,0.0,0.007619,0.009143,0.0,0.0,0.0,0.0,0.0,0.0
2026-06-01 09:42:00,1,Tomato,Loam,55.4039,387.827,70.0,25.0,85.0,0.7,0.6756,60.0,4.5961,0.0,0.0,0.007858,0.009037,0.0,0.0,0.0,0.0,0.0,0.0
2026-06-01 09:42:00,2,Wheat,Sandy,42.3482,381.1335,60.0,18.0,78.0,0.9,0.5797,55.0,12.6518,0.0,0.0,0.007858,0.006679,0.0,0.0,0.0,0.0,0.0,0.0
2026-06-01 09:42:00,3,Maize,Clay,65.0026,650.0261,75.0,30.0,90.0,1.0,0.7778,65.0,-0.0026,0.0,0.0,0.007858,0.00943,0.0,0.0,0.0,0.0,0.0,0.0
2026-06-01 09:43:00,1,Tomato,Loam,55.4026,387.818,70.0,25.0,85.0,0.7,0.6756,60.0,4.5974,0.0,0.0,0.007812,0.008984,0.0,0.0,0.0,0.0,0.0,0.0
2026-06-01 09:43:00,2,Wheat,Sandy,42.3474,381.1269,60.0,18.0,78.0,0.9,0.5797,55.0,12.6526,0.0,0.0,0.007812,0.00664,0.0,0.0,0.0,0.0,0.0,0.0
2026-06-01 09:43:00,3,Maize,Clay,65.0017,650.0167,75.0,30.0,90.0,1.0,0.7778,65.0,-0.0017,0.0,0.0,0.007812,0.009374,0.0,0.0,0.0,0.0,0.0,0.0
2026-06-01 09:44:00,1,Tomato,Loam,55.4013,387.8093,70.0,25.0,85.0,0.7,0.6756,60.0,4.5987,0.0,0.0,0.007588,0.008726,0.0,0.0,0.0,0.0,0.0,0.0
2026-06-01 09:44:00,2,Wheat,Sandy,42.3467,381.1205,60.0,18.0,78.0,0.9,0.5797,55.0,12.6533,0.0,0.0,0.007588,0.00645,0.0,0.0,0.0,0.0,0.0,0.0
2026-06-01 09:44:00,3,Maize,Clay,65.0008,650.0076,75.0,30.0,90.0,1.0,0.7778,65.0,-0.0008,0.0,0.0,0.007588,0.009106,0.0,0.0,0.0,0.0,0.0,0.0
2026-06-01 09:45:00,1,Tomato,Loam,55.4001,387.8005,70.0,25.0,85.0,0.7,0.6756,60.0,4.5999,0.0,0.0,0.007633,0.008778,0.0,0.0,0.0,0.0,0.0,0.0
2026-06-01 09:45:00,2,Wheat,Sandy,42.346,381.114,60.0,18.0,78.0,0.9,0.5797,55.0,12.654,0.0,0.0,0.007633,0.006488,0.0,0.0,0.0,0.0,0.0,0.0
2026-06-01 09:45:00,3,Maize,Clay,64.9998,649.9984,75.0,30.0,90.0,1.0,0.7778,65.0,0.0002,0.0,0.0,0.007633,0.00916,0.0,0.0,0.0,0.0,0.0,0.0
2026-06-01 09:46:00,1,Tomato,Loam,55.3988,387.7914,70.0,25.0,85.0,0.7,0.6755,60.0,4.6012,0.0,0.0,0.007942,0.009133,0.0,0.0,0.0,0.0,0.0,0.0
2026-06-01 09:46:00,2,Wheat,Sandy,42.3452,381.1072,60.0,18.0,78.0,0.9,0.5796,55.0,12.6548,0.0,0.0,0.007942,0.006751,0.0,0.0,0.0,0.0,0.0,0.0
2026-06-01 09:46:00,3,Maize,Clay,64.9989,649.9889,75.0,30.0,90.0,1.0,0.7778,65.0,0.0011,0.0,0.0,0.007942,0.00953,0.0,0.0,0.0,0.0,0.0,0.0
2026-06-01 09:47:00,1,Tomato,Loam,55.3975,387.7828,70.0,25.0,85.0,0.7,0.6755,60.0,4.6025,0.0,0.0,0.00748,0.008602,0.0,0.0,0.0,0.0,0.0,0.0
2026-06-01 09:47:00,2,Wheat,Sandy,42.3445,381.1008,60.0,18.0,78.0,0.9,0.5796,55.0,12.6555,0.0,0.0,0.00748,0.006358,0.0,0.0,0.0,0.0,0.0,0.0
2026-06-01 09:47:00,3,Maize,Clay,64.998,649.9799,75.0,30.0,90.0,1.0,0.7777,65.0,0.002,0.0,0.0,0.00748,0.008976,0.0,0.0,0.0,0.0,0.0,0.0
2026-06-01 09:48:00,1,Tomato,Loam,55.3962,387.7736,70.0,25.0,85.0,0.7,0.6755,60.0,4.6038,0.0,0.0,0.008031,0.009236,0.0,0.0,0.0,0.0,0.0,0.0
2026-06-01 09:48:00,2,Wheat,Sandy,42.3438,381.094,60.0,18.0,78.0,0.9,0.5796,55.0,12.6562,0.0,0.0,0.008031,0.006826,0.0,0.0,0.0,0.0,0.0,0.0
2026-06-01 09:48:00,3,Maize,Clay,64.997,649.9703,75.0,30.0,90.0,1.0,0.7777,65.0,0.003,0.0,0.0,0.008031,0.009637,0.0,0.0,0.0,0.0,0.0,0.0
2026-06-01 09:49:00,1,Tomato,Loam,55.3949,387.7644,70.0,25.0,85.0,0.7,0.6754,60.0,4.6051,0.0,0.0,0.00798,0.009177,0.0,0.0,0.0,0.0,0.0,0.0
2026-06-01 09:49:00,2,Wheat,Sandy,42.343,381.0872,60.0,18.0,78.0,0.9,0.5796,55.0,12.657,0.0,0.0,0.00798,0.006783,0.0,0.0,0.0,0.0,0.0,0.0
2026-06-01 09:49:00,3,Maize,Clay,64.9961,649.9607,75.0,30.0,90.0,1.0,0.7777,65.0,0.0039,0.0,0.0,0.00798,0.009576,0.0,0.0,0.0,0.0,0.0,0.0
2026-06-01 09:50:00,1,Tomato,Loam,55.3935,387.7548,70.0,25.0,85.0,0.7,0.6754,60.0,4.6065,0.0,0.0,0.008306,0.009552,0.0,0.0,0.0,0.0,0.0,0.0
2026-06-01 09:50:00,2,Wheat,Sandy,42.3422,381.0801,60.0,18.0,78.0,0.9,0.5796,55.0,12.6578,0.0,0.0,0.008306,0.00706,0.0,0.0,0.0,0.0,0.0,0.0
2026-06-01 09:50:00,3,Maize,Clay,64.9951,649.9507,75.0,30.0,90.0,1.0,0.7777,65.0,0.0049,0.0,0.0,0.008306,0.009967,0.0,0.0,0.0,0.0,0.0,0.0
2026-06-01 09:51:00,1,Tomato,Loam,55.3922,387.7456,70.0,25.0,85.0,0.7,0.6754,60.0,4.6078,0.0,0.0,0.00798,0.009177,0.0,0.0,0.0,0.0,0.0,0.0
2026-06-01 09:51:00,2,Wheat,Sandy,42.3415,381.0733,60.0,18.0,78.0,0.9,0.5796,55.0,12.6585,0.0,0.0,0.00798,0.006783,0.0,0.0,0.0,0.0,0.0,0.0
2026-06-01 09:51:00,3,Maize,Clay,64.9941,649.9411,75.0,30.0,90.0,1.0,0.7776,65.0,0.0059,0.0,0.0,0.00798,0.009576,0.0,0.0,0.0,0.0,0.0,0.0
2026-06-01 09:52:00,1,Tomato,Loam,55.3909,387.7361,70.0,25.0,85.0,0.7,0.6754,60.0,4.6091,0.0,0.0,0.008282,0.009524,0.0,0.0,0.0,0.0,0.0,0.0
2026-06-01 09:52:00,2,Wheat,Sandy,42.3407,381.0663,60.0,18.0,78.0,0.9,0.5795,55.0,12.6593,0.0,0.0,0.008282,0.00704,0.0,0.0,0.0,0.0,0.0,0.0
2026-06-01 09:52:00,3,Maize,Clay,64.9931,649.9312,75.0,30.0,90.0,1.0,0.7776,65.0,0.0069,0.0,0.0,0.008282,0.009938,0.0,0.0,0.0,0.0,0.0,0.0
2026-06-01 09:53:00,1,Tomato,Loam,55.3896,387.7269,70.0,25.0,85.0,0.7,0.6753,60.0,4.6104,0.0,0.0,0.008005,0.009206,0.0,0.0,0.0,0.0,0.0,0.0
2026-06-01 09:53:00,2,Wheat,Sandy,42.3399,381.0595,60.0,18.0,78.0,0.9,0.5795,55.0,12.6601,0.0,0.0,0.008005,0.006804,0.0,0.0,0.0,0.0,0.0,0.0
2026-06-01 09:53:00,3,Maize,Clay,64.9922,649.9216,75.0,30.0,90.0,1.0,0.7776,65.0,0.0078,0.0,0.0,0.008005,0.009606,0.0,0.0,0.0,0.0,0.0,0.0
2026-06-01 09:54:00,1,Tomato,Loam,55.3882,387.7176,70.0,25.0,85.0,0.7,0.6753,60.0,4.6118,0.0,0.0,0.008114,0.009331,0.0,0.0,0.0,0.0,0.0,0.0
2026-06-01 09:54:00,2,Wheat,Sandy,42.3392,381.0526,60.0,18.0,78.0,0.9,0.5795,55.0,12.6608,0.0,0.0,0.008114,0.006897,0.0,0.0,0.0,0.0,0.0,0.0
2026-06-01 09:54:00,3,Maize,Clay,64.9912,649.9119,75.0,30.0,90.0,1.0,0.7776,65.0,0.0088,0.0,0.0,0.008114,0.009737,0.0,0.0,0.0,0.0,0.0,0.0
2026-06-01 09:55:00,1,Tomato,Loam,55.3869,387.7081,70.0,25.0,85.0,0.7,0.6753,60.0,4.6131,0.0,0.0,0.008299,0.009544,0.0,0.0,0.0,0.0,0.0,0.0
2026-06-01 09:55:00,2,Wheat,Sandy,42.3384,381.0455,60.0,18.0,78.0,0.9,0.5795,55.0,12.6616,0.0,0.0,0.008299,0.007054,0.0,0.0,0.0,0.0,0.0,0.0
2026-06-01 09:55:00,3,Maize,Clay,64.9902,649.9019,75.0,30.0,90.0,1.0,0.7776,65.0,0.0098,0.0,0.0,0.008299,0.009959,0.0,0.0,0.0,0.0,0.0,0.0
2026-06-01 09:56:00,1,Tomato,Loam,55.3855,387.6987,70.0,25.0,85.0,0.7,0.6752,60.0,4.6145,0.0,0.0,0.008183,0.00941,0.0,0.0,0.0,0.0,0.0,0.0
2026-06-01 09:56:00,2,Wheat,Sandy,42.3376,381.0385,60.0,18.0,78.0,0.9,0.5795,55.0,12.6624,0.0,0.0,0.008183,0.006956,0.0,0.0,0.0,0.0,0.0,0.0
2026-06-01 09:56:00,3,Maize,Clay,64.9892,649.8921,75.0,30.0,90.0,1.0,0.7775,65.0,0.0108,0.0,0.0,0.008183,0.00982,0.0,0.0,0.0,0.0,0.0,0.0
2026-06-01 09:57:00,1,Tomato,Loam,55.3841,387.6889,70.0,25.0,85.0,0.7,0.6752,60.0,4.6159,0.0,0.0,0.008483,0.009755,0.0,0.0,0.0,0.0,0.0,0.0
2026-06-01 09:57:00,2,Wheat,Sandy,42.3368,381.0313,60.0,18.0,78.0,0.9,0.5794,55.0,12.6632,0.0,0.0,0.008483,0.007211,0.0,0.0,0.0,0.0,0.0,0.0
2026-06-01 09:57:00,3,Maize,Clay,64.9882,649.8819,75.0,30.0,90.0,1.0,0.7775,65.0,0.0118,0.0,0.0,0.008483,0.01018,0.0,0.0,0.0,0.0,0.0,0.0
2026-06-01 09:58:00,1,Tomato,Loam,55.3828,387.6796,70.0,25.0,85.0,0.7,0.6752,60.0,4.6172,0.0,0.0,0.008047,0.009254,0.0,0.0,0.0,0.0,0.0,0.0
2026-06-01 09:58:00,2,Wheat,Sandy,42.3361,381.0245,60.0,18.0,78.0,0.9,0.5794,55.0,12.6639,0.0,0.0,0.008047,0.00684,0.0,0.0,0.0,0.0,0.0,0.0
2026-06-01 09:58:00,3,Maize,Clay,64.9872,649.8722,75.0,30.0,90.0,1.0,0.7775,65.0,0.0128,0.0,0.0,0.008047,0.009656,0.0,0.0,0.0,0.0,0.0,0.0
2026-06-01 09:59:00,1,Tomato,Loam,55.3814,387.6701,70.0,25.0,85.0,0.7,0.6751,60.0,4.6186,0.0,0.0,0.008246,0.009483,0.0,0.0,0.0,0.0,0.0,0.0
2026-06-01 09:59:00,2,Wheat,Sandy,42.3353,381.0175,60.0,18.0,78.0,0.9,0.5794,55.0,12.6647,0.0,0.0,0.008246,0.007009,0.0,0.0,0.0,0.0,0.0,0.0
2026-06-01 09:59:00,3,Maize,Clay,64.9862,649.8623,75.0,30.0,90.0,1.0,0.7775,65.0,0.0138,0.0,0.0,0.008246,0.009895,0.0,0.0,0.0,0.0,0.0,0.0
2026-06-01 10:00:00,1,Tomato,Loam,55.38,387.6603,70.0,25.0,85.0,0.7,0.6751,60.0,4.62,0.0,0.0,0.008552,0.009835,0.0,0.0,0.0,0.0,0.0,0.0
2026-06-01 10:00:00,2,Wheat,Sandy,42.3345,381.0102,60.0,18.0,78.0,0.9,0.5794,55.0,12.6655,0.0,0.0,0.008552,0.007269,0.0,0.0,0.0,0.0,0.0,0.0
2026-06-01 10:00:00,3,Maize,Clay,64.9852,649.852,75.0,30.0,90.0,1.0,0.7774,65.0,0.0148,0.0,0.0,0.008552,0.010262,0.0,0.0,0.0,0.0,0.0,0.0
2026-06-01 10:01:00,1,Tomato,Loam,55.3787,387.6506,70.0,25.0,85.0,0.7,0.6751,60.0,4.6213,0.0,0.0,0.008414,0.009676,0.0,0.0,0.0,0.0,0.0,0.0
2026-06-01 10:01:00,2,Wheat,Sandy,42.3337,381.003,60.0,18.0,78.0,0.9,0.5794,55.0,12.6663,0.0,0.0,0.008414,0.007152,0.0,0.0,0.0,0.0,0.0,0.0
2026-06-01 10:01:00,3,Maize,Clay,64.9842,649.8419,75.0,30.0,90.0,1.0,0.7774,65.0,0.0158,0.0,0.0,0.008414,0.010097,0.0,0.0,0.0,0.0,0.0,0.0
2026-06-01 10:02:00,1,Tomato,Loam,55.3772,387.6405,70.0,25.0,85.0,0.7,0.675,60.0,4.6228,0.0,0.0,0.008802,0.010122,0.0,0.0,0.0,0.0,0.0,0.0
2026-06-01 10:02:00,2,Wheat,Sandy,42.3328,380.9955,60.0,18.0,78.0,0.9,0.5794,55.0,12.6672,0.0,0.0,0.008802,0.007482,0.0,0.0,0.0,0.0,0.0,0.0
2026-06-01 10:02:00,3,Maize,Clay,64.9831,649.8313,75.0,30.0,90.0,1.0,0.7774,65.0,0.0169,0.0,0.0,0.008802,0.010562,0.0,0.0,0.0,0.0,0.0,0.0
2026-06-01 10:03:00,1,Tomato,Loam,55.3759,387.631,70.0,25.0,85.0,0.7,0.675,60.0,4.6241,0.0,0.0,0.008234,0.009469,0.0,0.0,0.0,0.0,0.0,0.0
2026-06-01 10:03:00,2,Wheat,Sandy,42.3321,380.9885,60.0,18.0,78.0,0.9,0.5793,55.0,12.6679,0.0,0.0,0.008234,0.006999,0.0,0.0,0.0,0.0,0.0,0.0
2026-06-01 10:03:00,3,Maize,Clay,64.9821,649.8214,75.0,30.0,90.0,1.0,0.7774,65.0,0.0179,0.0,0.0,0.008234,0.009881,0.0,0.0,0.0,0.0,0.0,0.0
2026-06-01 10:04:00,1,Tomato,Loam,55.3745,387.6216,70.0,25.0,85.0,0.7,0.675,60.0,4.6255,0.0,0.0,0.008141,0.009362,0.0,0.0,0.0,0.0,0.0,0.0
2026-06-01 10:04:00,2,Wheat,Sandy,42.3313,380.9816,60.0,18.0,78.0,0.9,0.5793,55.0,12.6687,0.0,0.0,0.008141,0.00692,0.0,0.0,0.0,0.0,0.0,0.0
2026-06-01 10:04:00,3,Maize,Clay,64.9812,649.8116,75.0,30.0,90.0,1.0,0.7774,65.0,0.0188,0.0,0.0,0.008141,0.009769,0.0,0.0,0.0,0.0,0.0,0.0
2026-06-01 10:05:00,1,Tomato,Loam,55.3732,387.6121,70.0,25.0,85.0,0.7,0.675,60.0,4.6268,0.0,0.0,0.008224,0.009458,0.0,0.0,0.0,0.0,0.0,0.0
2026-06-01 10:05:00,2,Wheat,Sandy,42.3305,380.9746,60.0,18.0,78.0,0.9,0.5793,55.0,12.6695,0.0,0.0,0.008224,0.00699,0.0,0.0,0.0,0.0,0.0,0.0
2026-06-01 10:05:00,3,Maize,Clay,64.9802,649.8017,75.0,30.0,90.0,1.0,0.7773,65.0,0.0198,0.0,0.0,0.008224,0.009869,0.0,0.0,0.0,0.0,0.0,0.0
2026-06-01 10:06:00,1,Tomato,Loam,55.3717,387.6022,70.0,25.0,85.0,0.7,0.6749,60.0,4.6283,0.0,0.0,0.008604,0.009895,0.0,0.0,0.0,0.0,0.0,0.0
2026-06-01 10:06:00,2,Wheat,Sandy,42.3297,380.9673,60.0,18.0,78.0,0.9,0.5793,55.0,12.6703,0.0,0.0,0.008604,0.007313,0.0,0.0,0.0,0.0,0.0,0.0
2026-06-01 10:06:00,3,Maize,Clay,64.9791,649.7914,75.0,30.0,90.0,1.0,0.7773,65.0,0.0209,0.0,0.0,0.008604,0.010325,0.0,0.0,0.0,0.0,0.0,0.0
2026-06-01 10:07:00,1,Tomato,Loam,55.3703,387.5923,70.0,25.0,85.0,0.7,0.6749,60.0,4.6297,0.0,0.0,0.008617,0.00991,0.0,0.0,0.0,0.0,0.0,0.0
2026-06-01 10:07:00,2,Wheat,Sandy,42.3289,380.96,60.0,18.0,78.0,0.9,0.5793,55.0,12.6711,0.0,0.0,0.008617,0.007324,0.0,0.0,0.0,0.0,0.0,0.0
2026-06-01 10:07:00,3,Maize,Clay,64.9781,649.7811,75.0,30.0,90.0,1.0,0.7773,65.0,0.0219,0.0,0.0,0.008617,0.01034,0.0,0.0,0.0,0.0,0.0,0.0
2026-06-01 10:08:00,1,Tomato,Loam,55.3689,387.5826,70.0,25.0,85.0,0.7,0.6749,60.0,4.6311,0.0,0.0,0.008435,0.0097,0.0,0.0,0.0,0.0,0.0,0.0
2026-06-01 10:08:00,2,Wheat,Sandy,42.3281,380.9528,60.0,18.0,78.0,0.9,0.5792,55.0,12.6719,0.0,0.0,0.008435,0.00717,0.0,0.0,0.0,0.0,0.0,0.0
2026-06-01 10:08:00,3,Maize,Clay,64.9771,649.771,75.0,30.0,90.0,1.0,0.7773,65.0,0.0229,0.0,0.0,0.008435,0.010122,0.0,0.0,0.0,0.0,0.0,0.0
2026-06-01 10:09:00,1,Tomato,Loam,55.3676,387.573,70.0,25.0,85.0,0.7,0.6748,60.0,4.6324,0.0,0.0,0.00833,0.00958,0.0,0.0,0.0,0.0,0.0,0.0
2026-06-01 10:09:00,2,Wheat,Sandy,42.3273,380.9457,60.0,18.0,78.0,0.9,0.5792,55.0,12.6727,0.0,0.0,0.00833,0.00708,0.0,0.0,0.0,0.0,0.0,0.0
2026-06-01 10:09:00,3,Maize,Clay,64.9761,649.761,75.0,30.0,90.0,1.0,0.7772,65.0,0.0239,0.0,0.0,0.00833,0.009996,0.0,0.0,0.0,0.0,0.0,0.0
2026-06-01 10:10:00,1,Tomato,Loam,55.3661,387.563,70.0,25.0,85.0,0.7,0.6748,60.0,4.6339,0.0,0.0,0.008705,0.010011,0.0,0.0,0.0,0.0,0.0,0.0
2026-06-01 10:10:00,2,Wheat,Sandy,42.3265,380.9383,60.0,18.0,78.0,0.9,0.5792,55.0,12.6735,0.0,0.0,0.008705,0.007399,0.0,0.0,0.0,0.0,0.0,0.0
2026-06-01 10:10:00,3,Maize,Clay,64.9751,649.7506,75.0,30.0,90.0,1.0,0.7772,65.0,0.0249,0.0,0.0,0.008705,0.010446,0.0,0.0,0.0,0.0,0.0,0.0
2026-06-01 10:11:00,1,Tomato,Loam,55.3648,387.5533,70.0,25.0,85.0,0.7,0.6748,60.0,4.6352,0.0,0.0,0.008408,0.009669,0.0,0.0,0.0,0.0,0.0,0.0
2026-06-01 10:11:00,2,Wheat,Sandy,42.3257,380.9312,60.0,18.0,78.0,0.9,0.5792,55.0,12.6743,0.0,0.0,0.008408,0.007147,0.0,0.0,0.0,0.0,0.0,0.0
2026-06-01 10:11:00,3,Maize,Clay,64.9741,649.7405,75.0,30.0,90.0,1.0,0.7772,65.0,0.0259,0.0,0.0,0.008408,0.01009,0.0,0.0,0.0,0.0,0.0,0.0
2026-06-01 10:12:00,1,Tomato,Loam,55.3633,387.5432,70.0,25.0,85.0,0.7,0.6747,60.0,4.6367,0.0,0.0,0.008769,0.010084,0.0,0.0,0.0,0.0,0.0,0.0
2026-06-01 10:12:00,2,Wheat,Sandy,42.3249,380.9237,60.0,18.0,78.0,0.9,0.5792,55.0,12.6751,0.0,0.0,0.008769,0.007454,0.0,0.0,0.0,0.0,0.0,0.0
2026-06-01 10:12:00,3,Maize,Clay,64.973,649.73,75.0,30.0,90.0,1.0,0.7772,65.0,0.027,0.0,0.0,0.008769,0.010523,0.0,0.0,0.0,0.0,0.0,0.0
2026-06-01 10:13:00,1,Tomato,Loam,55.3618,387.5325,70.0,25.0,85.0,0.7,0.6747,60.0,4.6382,0.0,0.0,0.009267,0.010657,0.0,0.0,0.0,0.0,0.0,0.0
2026-06-01 10:13:00,2,Wheat,Sandy,42.324,380.9158,60.0,18.0,78.0,0.9,0.5791,55.0,12.676,0.0,0.0,0.009267,0.007877,0.0,0.0,0.0,0.0,0.0,0.0
2026-06-01 10:13:00,3,Maize,Clay,64.9719,649.7189,75.0,30.0,90.0,1.0,0.7772,65.0,0.0281,0.0,0.0,0.009267,0.01112,0.0,0.0,0.0,0.0,0.0,0.0
2026-06-01 10:14:00,1,Tomato,Loam,55.3604,387.5225,70.0,25.0,85.0,0.7,0.6747,60.0,4.6396,0.0,0.0,0.008718,0.010026,0.0,0.0,0.0,0.0,0.0,0.0
2026-06-01 10:14:00,2,Wheat,Sandy,42.3232,380.9084,60.0,18.0,78.0,0.9,0.5791,55.0,12.6768,0.0,0.0,0.008718,0.00741,0.0,0.0,0.0,0.0,0.0,0.0
2026-06-01 10:14:00,3,Maize,Clay,64.9708,649.7084,75.0,30.0,90.0,1.0,0.7771,65.0,0.0292,0.0,0.0,0.008718,0.010462,0.0,0.0,0.0,0.0,0.0,0.0
2026-06-01 10:15:00,1,Tomato,Loam,55.3589,387.5124,70.0,25.0,85.0,0.7,0.6746,60.0,4.6411,0.0,0.0,0.008806,0.010127,0.0,0.0,0.0,0.0,0.0,0.0
2026-06-01 10:15:00,2,Wheat,Sandy,42.3223,380.9009,60.0,18.0,78.0,0.9,0.5791,55.0,12.6777,0.0,0.0,0.008806,0.007485,0.0,0.0,0.0,0.0,0.0,0.0
2026-06-01 10:15:00,3,Maize,Clay,64.9698,649.6978,75.0,30.0,90.0,1.0,0.7771,65.0,0.0302,0.0,0.0,0.008806,0.010567,0.0,0.0,0.0,0.0,0.0,0.0
2026-06-01 10:16:00,1,Tomato,Loam,55.3575,387.5025,70.0,25.0,85.0,0.7,0.6746,60.0,4.6425,0.0,0.0,0.008645,0.009942,0.0,0.0,0.0,0.0,0.0,0.0
2026-06-01 10:16:00,2,Wheat,Sandy,42.3215,380.8936,60.0,18.0,78.0,0.9,0.5791,55.0,12.6785,0.0,0.0,0.008645,0.007348,0.0,0.0,0.0,0.0,0.0,0.0
2026-06-01 10:16:00,3,Maize,Clay,64.9687,649.6874,75.0,30.0,90.0,1.0,0.7771,65.0,0.0313,0.0,0.0,0.008645,0.010374,0.0,0.0,0.0,0.0,0.0,0.0
2026-06-01 10:17:00,1,Tomato,Loam,55.3561,387.4928,70.0,25.0,85.0,0.7,0.6746,60.0,4.6439,0.0,0.0,0.008413,0.009675,0.0,0.0,0.0,0.0,0.0,0.0
2026-06-01 10:17:00,2,Wheat,Sandy,42.3207,380.8864,60.0,18.0,78.0,0.9,0.5791,55.0,12.6793,0.0,0.0,0.008413,0.007151,0.0,0.0,0.0,0.0,0.0,0.0
2026-06-01 10:17:00,3,Maize,Clay,64.9677,649.6773,75.0,30.0,90.0,1.0,0.7771,65.0,0.0323,0.0,0.0,0.008413,0.010096,0.0,0.0,0.0,0.0,0.0,0.0
2026-06-01 10:18:00,1,Tomato,Loam,55.3547,387.4829,70.0,25.0,85.0,0.7,0.6745,60.0,4.6453,0.0,0.0,0.008623,0.009916,0.0,0.0,0.0,0.0,0.0,0.0
2026-06-01 10:18:00,2,Wheat,Sandy,42.3199,380.8791,60.0,18.0,78.0,0.9,0.579,55.0,12.6801,0.0,0.0,0.008623,0.00733,0.0,0.0,0.0,0.0,0.0,0.0
2026-06-01 10:18:00,3,Maize,Clay,64.9667,649.667,75.0,30.0,90.0,1.0,0.777,65.0,0.0333,0.0,0.0,0.008623,0.010348,0.0,0.0,0.0,0.0,0.0,0.0
2026-06-01 10:19:00,1,Tomato,Loam,55.3533,387.4729,70.0,25.0,85.0,0.7,0.6745,60.0,4.6467,0.0,0.0,0.00866,0.009959,0.0,0.0,0.0,0.0,0.0,0.0
2026-06-01 10:19:00,2,Wheat,Sandy,42.3191,380.8717,60.0,18.0,78.0,0.9,0.579,55.0,12.6809,0.0,0.0,0.00866,0.007361,0.0,0.0,0.0,0.0,0.0,0.0
2026-06-01 10:19:00,3,Maize,Clay,64.9657,649.6566,75.0,30.0,90.0,1.0,0.777,65.0,0.0343,0.0,0.0,0.00866,0.010392,0.0,0.0,0.0,0.0,0.0,0.0
2026-06-01 10:20:00,1,Tomato,Loam,55.3519,387.4631,70.0,25.0,85.0,0.7,0.6745,60.0,4.6481,0.0,0.0,0.008509,0.009785,0.0,0.0,0.0,0.0,0.0,0.0
2026-06-01 10:20:00,2,Wheat,Sandy,42.3183,380.8645,60.0,18.0,78.0,0.9,0.579,55.0,12.6817,0.0,0.0,0.008509,0.007233,0.0,0.0,0.0,0.0,0.0,0.0
2026-06-01 10:20:00,3,Maize,Clay,64.9646,649.6464,75.0,30.0,90.0,1.0,0.777,65.0,0.0354,0.0,0.0,0.008509,0.010211,0.0,0.0,0.0,0.0,0.0,0.0
2026-06-01 10:21:00,1,Tomato,Loam,55.3504,387.4525,70.0,25.0,85.0,0.7,0.6745,60.0,4.6496,0.0,0.0,0.009234,0.010619,0.0,0.0,0.0,0.0,0.0,0.0
2026-06-01 10:21:00,2,Wheat,Sandy,42.3174,380.8567,60.0,18.0,78.0,0.9,0.579,55.0,12.6826,0.0,0.0,0.009234,0.007849,0.0,0.0,0.0,0.0,0.0,0.0
2026-06-01 10:21:00,3,Maize,Clay,64.9635,649.6353,75.0,30.0,90.0,1.0,0.777,65.0,0.0365,0.0,0.0,0.009234,0.011081,0.0,0.0,0.0,0.0,0.0,0.0
2026-06-01 10:22:00,1,Tomato,Loam,55.3489,387.4422,70.0,25.0,85.0,0.7,0.6744,60.0,4.6511,0.0,0.0,0.008961,0.010305,0.0,0.0,0.0,0.0,0.0,0.0
2026-06-01 10:22:00,2,Wheat,Sandy,42.3166,380.8491,60.0,18.0,78.0,0.9,0.579,55.0,12.6834,0.0,0.0,0.008961,0.007617,0.0,0.0,0.0,0.0,0.0,0.0
2026-06-01 10:22:00,3,Maize,Clay,64.9625,649.6245,75.0,30.0,90.0,1.0,0.7769,65.0,0.0375,0.0,0.0,0.008961,0.010753,0.0,0.0,0.0,0.0,0.0,0.0
2026-06-01 10:23:00,1,Tomato,Loam,55.3474,387.4318,70.0,25.0,85.0,0.7,0.6744,60.0,4.6526,0.0,0.0,0.009018,0.010371,0.0,0.0,0.0,0.0,0.0,0.0
2026-06-01 10:23:00,2,Wheat,Sandy,42.3157,380.8414,60.0,18.0,78.0,0.9,0.5789,55.0,12.6843,0.0,0.0,0.009018,0.007665,0.0,0.0,0.0,0.0,0.0,0.0
2026-06-01 10:23:00,3,Maize,Clay,64.9614,649.6137,75.0,30.0,90.0,1.0,0.7769,65.0,0.0386,0.0,0.0,0.009018,0.010822,0.0,0.0,0.0,0.0,0.0,0.0
2026-06-01 10:24:00,1,Tomato,Loam,55.3459,387.4216,70.0,25.0,85.0,0.7,0.6744,60.0,4.6541,0.0,0.0,0.008897,0.010232,0.0,0.0,0.0,0.0,0.0,0.0
2026-06-01 10:24:00,2,Wheat,Sandy,42.3149,380.8338,60.0,18.0,78.0,0.9,0.5789,55.0,12.6851,0.0,0.0,0.008897,0.007562,0.0,0.0,0.0,0.0,0.0,0.0
2026-06-01 10:24:00,3,Maize,Clay,64.9603,649.603,75.0,30.0,90.0,1.0,0.7769,65.0,0.0397,0.0,0.0,0.008897,0.010676,0.0,0.0,0.0,0.0,0.0,0.0
2026-06-01 10:25:00,1,Tomato,Loam,55.3445,387.4115,70.0,25.0,85.0,0.7,0.6743,60.0,4.6555,0.0,0.0,0.008818,0.010141,0.0,0.0,0.0,0.0,0.0,0.0
2026-06-01 10:25:00,2,Wheat,Sandy,42.314,380.8263,60.0,18.0,78.0,0.9,0.5789,55.0,12.686,0.0,0.0,0.008818,0.007495,0.0,0.0,0.0,0.0,0.0,0.0
2026-06-01 10:25:00,3,Maize,Clay,64.9592,649.5924,75.0,30.0,90.0,1.0,0.7769,65.0,0.0408,0.0,0.0,0.008818,0.010582,0.0,0.0,0.0,0.0,0.0,0.0
2026-06-01 10:26:00,1,Tomato,Loam,55.343,387.401,70.0,25.0,85.0,0.7,0.6743,60.0,4.657,0.0,0.0,0.009145,0.010517,0.0,0.0,0.0,0.0,0.0,0.0
2026-06-01 10:26:00,2,Wheat,Sandy,42.3132,380.8185,60.0,18.0,78.0,0.9,0.5789,55.0,12.6868,0.0,0.0,0.009145,0.007773,0.0,0.0,0.0,0.0,0.0,0.0
2026-06-01 10:26:00,3,Maize,Clay,64.9581,649.5814,75.0,30.0,90.0,1.0,0.7768,65.0,0.0419,0.0,0.0,0.009145,0.010974,0.0,0.0,0.0,0.0,0.0,0.0
2026-06-01 10:27:00,1,Tomato,Loam,55.3415,387.3906,70.0,25.0,85.0,0.7,0.6743,60.0,4.6585,0.0,0.0,0.009053,0.010411,0.0,0.0,0.0,0.0,0.0,0.0
2026-06-01 10:27:00,2,Wheat,Sandy,42.3123,380.8108,60.0,18.0,78.0,0.9,0.5789,55.0,12.6877,0.0,0.0,0.009053,0.007695,0.0,0.0,0.0,0.0,0.0,0.0
2026-06-01 10:27:00,3,Maize,Clay,64.9571,649.5705,75.0,30.0,90.0,1.0,0.7768,65.0,0.0429,0.0,0.0,0.009053,0.010864,0.0,0.0,0.0,0.0,0.0,0.0
2026-06-01 10:28:00,1,Tomato,Loam,55.34,387.3801,70.0,25.0,85.0,0.7,0.6742,60.0,4.66,0.0,0.0,0.009097,0.010462,0.0,0.0,0.0,0.0,0.0,0.0
2026-06-01 10:28:00,2,Wheat,Sandy,42.3115,380.8031,60.0,18.0,78.0,0.9,0.5788,55.0,12.6885,0.0,0.0,0.009097,0.007732,0.0,0.0,0.0,0.0,0.0,0.0
2026-06-01 10:28:00,3,Maize,Clay,64.956,649.5596,75.0,30.0,90.0,1.0,0.7768,65.0,0.044,0.0,0.0,0.009097,0.010916,0.0,0.0,0.0,0.0,0.0,0.0
2026-06-01 10:29:00,1,Tomato,Loam,55.3386,387.3699,70.0,25.0,85.0,0.7,0.6742,60.0,4.6614,0.0,0.0,0.008905,0.010241,0.0,0.0,0.0,0.0,0.0,0.0
2026-06-01 10:29:00,2,Wheat,Sandy,42.3106,380.7955,60.0,18.0,78.0,0.9,0.5788,55.0,12.6894,0.0,0.0,0.008905,0.007569,0.0,0.0,0.0,0.0,0.0,0.0
2026-06-01 10:29:00,3,Maize,Clay,64.9549,649.5489,75.0,30.0,90.0,1.0,0.7768,65.0,0.0451,0.0,0.0,0.008905,0.010686,0.0,0.0,0.0,0.0,0.0,0.0
2026-06-01 10:30:00,1,Tomato,Loam,55.3371,387.3595,70.0,25.0,85.0,0.7,0.6742,60.0,4.6629,0.0,0.0,0.009047,0.010404,0.0,0.0,0.0,0.0,0.0,0.0
2026-06-01 10:30:00,2,Wheat,Sandy,42.3098,380.7878,60.0,18.0,78.0,0.9,0.5788,55.0,12.6902,0.0,0.0,0.009047,0.00769,0.0,0.0,0.0,0.0,0.0,0.0
2026-06-01 10:30:00,3,Maize,Clay,64.9538,649.538,75.0,30.0,90.0,1.0,0.7768,65.0,0.0462,0.0,0.0,0.009047,0.010856,0.0,0.0,0.0,0.0,0.0,0.0
2026-06-01 10:31:00,1,Tomato,Loam,55.3356,387.3492,70.0,25.0,85.0,0.7,0.6741,60.0,4.6644,0.0,0.0,0.008959,0.010303,0.0,0.0,0.0,0.0,0.0,0.0
2026-06-01 10:31:00,2,Wheat,Sandy,42.3089,380.7802,60.0,18.0,78.0,0.9,0.5788,55.0,12.6911,0.0,0.0,0.008959,0.007615,0.0,0.0,0.0,0.0,0.0,0.0
2026-06-01 10:31:00,3,Maize,Clay,64.9527,649.5272,75.0,30.0,90.0,1.0,0.7767,65.0,0.0473,0.0,0.0,0.008959,0.010751,0.0,0.0,0.0,0.0,0.0,0.0
2026-06-01 10:32:00,1,Tomato,Loam,55.3342,387.3392,70.0,25.0,85.0,0.7,0.6741,60.0,4.6658,0.0,0.0,0.008698,0.010003,0.0,0.0,0.0,0.0,0.0,0.0
2026-06-01 10:32:00,2,Wheat,Sandy,42.3081,380.7728,60.0,18.0,78.0,0.9,0.5788,55.0,12.6919,0.0,0.0,0.008698,0.007393,0.0,0.0,0.0,0.0,0.0,0.0
2026-06-01 10:32:00,3,Maize,Clay,64.9517,649.5168,75.0,30.0,90.0,1.0,0.7767,65.0,0.0483,0.0,0.0,0.008698,0.010438,0.0,0.0,0.0,0.0,0.0,0.0
2026-06-01 10:33:00,1,Tomato,Loam,55.3327,387.3288,70.0,25.0,85.0,0.7,0.6741,60.0,4.6673,0.0,0.0,0.009055,0.010413,0.0,0.0,0.0,0.0,0.0,0.0
2026-06-01 10:33:00,2,Wheat,Sandy,42.3072,380.7651,60.0,18.0,78.0,0.9,0.5787,55.0,12.6928,0.0,0.0,0.009055,0.007697,0.0,0.0,0.0,0.0,0.0,0.0
2026-06-01 10:33:00,3,Maize,Clay,64.9506,649.5059,75.0,30.0,90.0,1.0,0.7767,65.0,0.0494,0.0,0.0,0.009055,0.010866,0.0,0.0,0.0,0.0,0.0,0.0
2026-06-01 10:34:00,1,Tomato,Loam,55.3312,387.3183,70.0,25.0,85.0,0.7,0.674,60.0,4.6688,0.0,0.0,0.009158,0.010532,0.0,0.0,0.0,0.0,0.0,0.0
2026-06-01 10:34:00,2,Wheat,Sandy,42.3064,380.7573,60.0,18.0,78.0,0.9,0.5787,55.0,12.6936,0.0,0.0,0.009158,0.007784,0.0,0.0,0.0,0.0,0.0,0.0
2026-06-01 10:34:00,3,Maize,Clay,64.9495,649.4949,75.0,30.0,90.0,1.0,0.7767,65.0,0.0505,0.0,0.0,0.009158,0.01099,0.0,0.0,0.0,0.0,0.0,0.0
2026-06-01 10:35:00,1,Tomato,Loam,55.3297,387.3081,70.0,25.0,85.0,0.7,0.674,60.0,4.6703,0.0,0.0,0.008883,0.010215,0.0,0.0,0.0,0.0,0.0,0.0
2026-06-01 10:35:00,2,Wheat,Sandy,42.3055,380.7497,60.0,18.0,78.0,0.9,0.5787,55.0,12.6945,0.0,0.0,0.008883,0.007551,0.0,0.0,0.0,0.0,0.0,0.0
2026-06-01 10:35:00,3,Maize,Clay,64.9484,649.4842,75.0,30.0,90.0,1.0,0.7766,65.0,0.0516,0.0,0.0,0.008883,0.01066,0.0,0.0,0.0,0.0,0.0,0.0
2026-06-01 10:36:00,1,Tomato,Loam,55.3282,387.2975,70.0,25.0,85.0,0.7,0.674,60.0,4.6718,0.0,0.0,0.009222,0.010605,0.0,0.0,0.0,0.0,0.0,0.0
2026-06-01 10:36:00,2,Wheat,Sandy,42.3047,380.7419,60.0,18.0,78.0,0.9,0.5787,55.0,12.6953,0.0,0.0,0.009222,0.007839,0.0,0.0,0.0,0.0,0.0,0.0
2026-06-01 10:36:00,3,Maize,Clay,64.9473,649.4731,75.0,30.0,90.0,1.0,0.7766,65.0,0.0527,0.0,0.0,0.009222,0.011066,0.0,0.0,0.0,0.0,0.0,0.0
2026-06-01 10:37:00,1,Tomato,Loam,55.3267,387.2868,70.0,25.0,85.0,0.7,0.6739,60.0,4.6733,0.0,0.0,0.009295,0.010689,0.0,0.0,0.0,0.0,0.0,0.0
2026-06-01 10:37:00,2,Wheat,Sandy,42.3038,380.734,60.0,18.0,78.0,0.9,0.5787,55.0,12.6962,0.0,0.0,0.009295,0.007901,0.0,0.0,0.0,0.0,0.0,0.0
2026-06-01 10:37:00,3,Maize,Clay,64.9462,649.4619,75.0,30.0,90.0,1.0,0.7766,65.0,0.0538,0.0,0.0,0.009295,0.011154,0.0,0.0,0.0,0.0,0.0,0.0
2026-06-01 10:38:00,1,Tomato,Loam,55.3252,387.2766,70.0,25.0,85.0,0.7,0.6739,60.0,4.6748,0.0,0.0,0.00883,0.010154,0.0,0.0,0.0,0.0,0.0,0.0
2026-06-01 10:38:00,2,Wheat,Sandy,42.3029,380.7265,60.0,18.0,78.0,0.9,0.5786,55.0,12.6971,0.0,0.0,0.00883,0.007505,0.0,0.0,0.0,0.0,0.0,0.0
2026-06-01 10:38:00,3,Maize,Clay,64.9451,649.4513,75.0,30.0,90.0,1.0,0.7766,65.0,0.0549,0.0,0.0,0.00883,0.010596,0.0,0.0,0.0,0.0,0.0,0.0
2026-06-01 10:39:00,1,Tomato,Loam,55.3237,387.2661,70.0,25.0,85.0,0.7,0.6739,60.0,4.6763,0.0,0.0,0.00915,0.010522,0.0,0.0,0.0,0.0,0.0,0.0
2026-06-01 10:39:00,2,Wheat,Sandy,42.3021,380.7187,60.0,18.0,78.0,0.9,0.5786,55.0,12.6979,0.0,0.0,0.00915,0.007778,0.0,0.0,0.0,0.0,0.0,0.0
2026-06-01 10:39:00,3,Maize,Clay,64.944,649.4403,75.0,30.0,90.0,1.0,0.7765,65.0,0.056,0.0,0.0,0.00915,0.01098,0.0,0.0,0.0,0.0,0.0,0.0
2026-06-01 10:40:00,1,Tomato,Loam,55.3222,387.2553,70.0,25.0,85.0,0.7,0.6738,60.0,4.6778,0.0,0.0,0.009405,0.010816,0.0,0.0,0.0,0.0,0.0,0.0
2026-06-01 10:40:00,2,Wheat,Sandy,42.3012,380.7107,60.0,18.0,78.0,0.9,0.5786,55.0,12.6988,0.0,0.0,0.009405,0.007994,0.0,0.0,0.0,0.0,0.0,0.0
2026-06-01 10:40:00,3,Maize,Clay,64.9429,649.429,75.0,30.0,90.0,1.0,0.7765,65.0,0.0571,0.0,0.0,0.009405,0.011286,0.0,0.0,0.0,0.0,0.0,0.0
2026-06-01 10:41:00,1,Tomato,Loam,55.3206,387.2444,70.0,25.0,85.0,0.7,0.6738,60.0,4.6794,0.0,0.0,0.009482,0.010904,0.0,0.0,0.0,0.0,0.0,0.0
2026-06-01 10:41:00,2,Wheat,Sandy,42.3003,380.7026,60.0,18.0,78.0,0.9,0.5786,55.0,12.6997,0.0,0.0,0.009482,0.00806,0.0,0.0,0.0,0.0,0.0,0.0
2026-06-01 10:41:00,3,Maize,Clay,64.9418,649.4176,75.0,30.0,90.0,1.0,0.7765,65.0,0.0582,0.0,0.0,0.009482,0.011378,0.0,0.0,0.0,0.0,0.0,0.0
2026-06-01 10:42:00,1,Tomato,Loam,55.3191,387.2338,70.0,25.0,85.0,0.7,0.6738,60.0,4.6809,0.0,0.0,0.009237,0.010623,0.0,0.0,0.0,0.0,0.0,0.0
2026-06-01 10:42:00,2,Wheat,Sandy,42.2994,380.6947,60.0,18.0,78.0,0.9,0.5786,55.0,12.7006,0.0,0.0,0.009237,0.007851,0.0,0.0,0.0,0.0,0.0,0.0
2026-06-01 10:42:00,3,Maize,Clay,64.9407,649.4065,75.0,30.0,90.0,1.0,0.7765,65.0,0.0593,0.0,0.0,0.009237,0.011084,0.0,0.0,0.0,0.0,0.0,0.0
2026-06-01 10:43:00,1,Tomato,Loam,55.3176,387.2229,70.0,25.0,85.0,0.7,0.6737,60.0,4.6824,0.0,0.0,0.009515,0.010942,0.0,0.0,0.0,0.0,0.0,0.0
2026-06-01 10:43:00,2,Wheat,Sandy,42.2985,380.6866,60.0,18.0,78.0,0.9,0.5785,55.0,12.7015,0.0,0.0,0.009515,0.008088,0.0,0.0,0.0,0.0,0.0,0.0
2026-06-01 10:43:00,3,Maize,Clay,64.9395,649.3951,75.0,30.0,90.0,1.0,0.7764,65.0,0.0605,0.0,0.0,0.009515,0.011418,0.0,0.0,0.0,0.0,0.0,0.0
2026-06-01 10:44:00,1,Tomato,Loam,55.316,387.2117,70.0,25.0,85.0,0.7,0.6737,60.0,4.684,0.0,0.0,0.009705,0.011161,0.0,0.0,0.0,0.0,0.0,0.0
2026-06-01 10:44:00,2,Wheat,Sandy,42.2976,380.6784,60.0,18.0,78.0,0.9,0.5785,55.0,12.7024,0.0,0.0,0.009705,0.008249,0.0,0.0,0.0,0.0,0.0,0.0
2026-06-01 10:44:00,3,Maize,Clay,64.9383,649.3835,75.0,30.0,90.0,1.0,0.7764,65.0,0.0617,0.0,0.0,0.009705,0.011646,0.0,0.0,0.0,0.0,0.0,0.0
2026-06-01 10:45:00,1,Tomato,Loam,55.3144,387.2006,70.0,25.0,85.0,0.7,0.6737,60.0,4.6856,0.0,0.0,0.009615,0.011057,0.0,0.0,0.0,0.0,0.0,0.0
2026-06-01 10:45:00,2,Wheat,Sandy,42.2967,380.6702,60.0,18.0,78.0,0.9,0.5785,55.0,12.7033,0.0,0.0,0.009615,0.008173,0.0,0.0,0.0,0.0,0.0,0.0
2026-06-01 10:45:00,3,Maize,Clay,64.9372,649.372,75.0,30.0,90.0,1.0,0.7764,65.0,0.0628,0.0,0.0,0.009615,0.011538,0.0,0.0,0.0,0.0,0.0,0.0
2026-06-01 10:46:00,1,Tomato,Loam,55.3128,387.1897,70.0,25.0,85.0,0.7,0.6736,60.0,4.6872,0.0,0.0,0.009512,0.010939,0.0,0.0,0.0,0.0,0.0,0.0
2026-06-01 10:46:00,2,Wheat,Sandy,42.2958,380.6621,60.0,18.0,78.0,0.9,0.5785,55.0,12.7042,0.0,0.0,0.009512,0.008085,0.0,0.0,0.0,0.0,0.0,0.0
2026-06-01 10:46:00,3,Maize,Clay,64.9361,649.3606,75.0,30.0,90.0,1.0,0.7764,65.0,0.0639,0.0,0.0,0.009512,0.011414,0.0,0.0,0.0,0.0,0.0,0.0
2026-06-01 10:47:00,1,Tomato,Loam,55.3113,387.1789,70.0,25.0,85.0,0.7,0.6736,60.0,4.6887,0.0,0.0,0.009388,0.010796,0.0,0.0,0.0,0.0,0.0,0.0
2026-06-01 10:47:00,2,Wheat,Sandy,42.2949,380.6541,60.0,18.0,78.0,0.9,0.5785,55.0,12.7051,0.0,0.0,0.009388,0.00798,0.0,0.0,0.0,0.0,0.0,0.0
2026-06-01 10:47:00,3,Maize,Clay,64.9349,649.3493,75.0,30.0,90.0,1.0,0.7763,65.0,0.0651,0.0,0.0,0.009388,0.011266,0.0,0.0,0.0,0.0,0.0,0.0
2026-06-01 10:48:00,1,Tomato,Loam,55.3097,387.168,70.0,25.0,85.0,0.7,0.6735,60.0,4.6903,0.0,0.0,0.009451,0.010869,0.0,0.0,0.0,0.0,0.0,0.0
2026-06-01 10:48:00,2,Wheat,Sandy,42.294,380.6461,60.0,18.0,78.0,0.9,0.5784,55.0,12.706,0.0,0.0,0.009451,0.008033,0.0,0.0,0.0,0.0,0.0,0.0
2026-06-01 10:48:00,3,Maize,Clay,64.9338,649.338,75.0,30.0,90.0,1.0,0.7763,65.0,0.0662,0.0,0.0,0.009451,0.011341,0.0,0.0,0.0,0.0,0.0,0.0
2026-06-01 10:49:00,1,Tomato,Loam,55.3081,387.1569,70.0,25.0,85.0,0.7,0.6735,60.0,4.6919,0.0,0.0,0.009659,0.011108,0.0,0.0,0.0,0.0,0.0,0.0
2026-06-01 10:49:00,2,Wheat,Sandy,42.2931,380.6379,60.0,18.0,78.0,0.9,0.5784,55.0,12.7069,0.0,0.0,0.009659,0.00821,0.0,0.0,0.0,0.0,0.0,0.0
2026-06-01 10:49:00,3,Maize,Clay,64.9326,649.3264,75.0,30.0,90.0,1.0,0.7763,65.0,0.0674,0.0,0.0,0.009659,0.011591,0.0,0.0,0.0,0.0,0.0,0.0
2026-06-01 10:50:00,1,Tomato,Loam,55.3065,387.1457,70.0,25.0,85.0,0.7,0.6735,60.0,4.6935,0.0,0.0,0.009705,0.011161,0.0,0.0,0.0,0.0,0.0,0.0
2026-06-01 10:50:00,2,Wheat,Sandy,42.2922,380.6297,60.0,18.0,78.0,0.9,0.5784,55.0,12.7078,0.0,0.0,0.009705,0.008249,0.0,0.0,0.0,0.0,0.0,0.0
2026-06-01 10:50:00,3,Maize,Clay,64.9315,649.3148,75.0,30.0,90.0,1.0,0.7763,65.0,0.0685,0.0,0.0,0.009705,0.011646,0.0,0.0,0.0,0.0,0.0,0.0
2026-06-01 10:51:00,1,Tomato,Loam,55.3049,387.1344,70.0,25.0,85.0,0.7,0.6734,60.0,4.6951,0.0,0.0,0.0098,0.01127,0.0,0.0,0.0,0.0,0.0,0.0
2026-06-01 10:51:00,2,Wheat,Sandy,42.2913,380.6214,60.0,18.0,78.0,0.9,0.5784,55.0,12.7087,0.0,0.0,0.0098,0.00833,0.0,0.0,0.0,0.0,0.0,0.0
2026-06-01 10:51:00,3,Maize,Clay,64.9303,649.303,75.0,30.0,90.0,1.0,0.7762,65.0,0.0697,0.0,0.0,0.0098,0.01176,0.0,0.0,0.0,0.0,0.0,0.0
2026-06-01 10:52:00,1,Tomato,Loam,55.3033,387.1232,70.0,25.0,85.0,0.7,0.6734,60.0,4.6967,0.0,0.0,0.009711,0.011168,0.0,0.0,0.0,0.0,0.0,0.0
2026-06-01 10:52:00,2,Wheat,Sandy,42.2903,380.6131,60.0,18.0,78.0,0.9,0.5783,55.0,12.7097,0.0,0.0,0.009711,0.008254,0.0,0.0,0.0,0.0,0.0,0.0
2026-06-01 10:52:00,3,Maize,Clay,64.9291,649.2913,75.0,30.0,90.0,1.0,0.7762,65.0,0.0709,0.0,0.0,0.009711,0.011653,0.0,0.0,0.0,0.0,0.0,0.0
2026-06-01 10:53:00,1,Tomato,Loam,55.3017,387.1118,70.0,25.0,85.0,0.7,0.6734,60.0,4.6983,0.0,0.0,0.009876,0.011357,0.0,0.0,0.0,0.0,0.0,0.0
2026-06-01 10:53:00,2,Wheat,Sandy,42.2894,380.6047,60.0,18.0,78.0,0.9,0.5783,55.0,12.7106,0.0,0.0,0.009876,0.008395,0.0,0.0,0.0,0.0,0.0,0.0
2026-06-01 10:53:00,3,Maize,Clay,64.9279,649.2794,75.0,30.0,90.0,1.0,0.7762,65.0,0.0721,0.0,0.0,0.009876,0.011851,0.0,0.0,0.0,0.0,0.0,0.0
2026-06-01 10:54:00,1,Tomato,Loam,55.3001,387.1006,70.0,25.0,85.0,0.7,0.6733,60.0,4.6999,0.0,0.0,0.009746,0.011208,0.0,0.0,0.0,0.0,0.0,0.0
2026-06-01 10:54:00,2,Wheat,Sandy,42.2885,380.5964,60.0,18.0,78.0,0.9,0.5783,55.0,12.7115,0.0,0.0,0.009746,0.008284,0.0,0.0,0.0,0.0,0.0,0.0
2026-06-01 10:54:00,3,Maize,Clay,64.9268,649.2677,75.0,30.0,90.0,1.0,0.7762,65.0,0.0732,0.0,0.0,0.009746,0.011695,0.0,0.0,0.0,0.0,0.0,0.0
2026-06-01 10:55:00,1,Tomato,Loam,55.2984,387.0891,70.0,25.0,85.0,0.7,0.6733,60.0,4.7016,0.0,0.0,0.009957,0.011451,0.0,0.0,0.0,0.0,0.0,0.0
2026-06-01 10:55:00,2,Wheat,Sandy,42.2875,380.5879,60.0,18.0,78.0,0.9,0.5783,55.0,12.7125,0.0,0.0,0.009957,0.008463,0.0,0.0,0.0,0.0,0.0,0.0
2026-06-01 10:55:00,3,Maize,Clay,64.9256,649.2558,75.0,30.0,90.0,1.0,0.7761,65.0,0.0744,0.0,0.0,0.009957,0.011948,0.0,0.0,0.0,0.0,0.0,0.0
2026-06-01 10:56:00,1,Tomato,Loam,55.2968,387.0777,70.0,25.0,85.0,0.7,0.6733,60.0,4.7032,0.0,0.0,0.009882,0.011364,0.0,0.0,0.0,0.0,0.0,0.0
2026-06-01 10:56:00,2,Wheat,Sandy,42.2866,380.5795,60.0,18.0,78.0,0.9,0.5783,55.0,12.7134,0.0,0.0,0.009882,0.0084,0.0,0.0,0.0,0.0,0.0,0.0
2026-06-01 10:56:00,3,Maize,Clay,64.9244,649.2439,75.0,30.0,90.0,1.0,0.7761,65.0,0.0756,0.0,0.0,0.009882,0.011858,0.0,0.0,0.0,0.0,0.0,0.0
2026-06-01 10:57:00,1,Tomato,Loam,55.2952,387.0667,70.0,25.0,85.0,0.7,0.6732,60.0,4.7048,0.0,0.0,0.009583,0.01102,0.0,0.0,0.0,0.0,0.0,0.0
2026-06-01 10:57:00,2,Wheat,Sandy,42.2857,380.5714,60.0,18.0,78.0,0.9,0.5782,55.0,12.7143,0.0,0.0,0.009583,0.008146,0.0,0.0,0.0,0.0,0.0,0.0
2026-06-01 10:57:00,3,Maize,Clay,64.9232,649.2324,75.0,30.0,90.0,1.0,0.7761,65.0,0.0768,0.0,0.0,0.009583,0.0115,0.0,0.0,0.0,0.0,0.0,0.0
2026-06-01 10:58:00,1,Tomato,Loam,55.2937,387.0559,70.0,25.0,85.0,0.7,0.6732,60.0,4.7063,0.0,0.0,0.009386,0.010794,0.0,0.0,0.0,0.0,0.0,0.0
2026-06-01 10:58:00,2,Wheat,Sandy,42.2848,380.5634,60.0,18.0,78.0,0.9,0.5782,55.0,12.7152,0.0,0.0,0.009386,0.007978,0.0,0.0,0.0,0.0,0.0,0.0
2026-06-01 10:58:00,3,Maize,Clay,64.9221,649.2211,75.0,30.0,90.0,1.0,0.776,65.0,0.0779,0.0,0.0,0.009386,0.011263,0.0,0.0,0.0,0.0,0.0,0.0
2026-06-01 10:59:00,1,Tomato,Loam,55.292,387.0442,70.0,25.0,85.0,0.7,0.6732,60.0,4.708,0.0,0.0,0.010195,0.011724,0.0,0.0,0.0,0.0,0.0,0.0
2026-06-01 10:59:00,2,Wheat,Sandy,42.2839,380.5547,60.0,18.0,78.0,0.9,0.5782,55.0,12.7161,0.0,0.0,0.010195,0.008666,0.0,0.0,0.0,0.0,0.0,0.0
2026-06-01 10:59:00,3,Maize,Clay,64.9209,649.2089,75.0,30.0,90.0,1.0,0.776,65.0,0.0791,0.0,0.0,0.010195,0.012234,0.0,0.0,0.0,0.0,0.0,0.0
2026-06-01 11:00:00,1,Tomato,Loam,55.2904,387.0329,70.0,25.0,85.0,0.7,0.6731,60.0,4.7096,0.0,0.0,0.009798,0.011268,0.0,0.0,0.0,0.0,0.0,0.0
2026-06-01 11:00:00,2,Wheat,Sandy,42.2829,380.5464,60.0,18.0,78.0,0.9,0.5782,55.0,12.7171,0.0,0.0,0.009798,0.008328,0.0,0.0,0.0,0.0,0.0,0.0
2026-06-01 11:00:00,3,Maize,Clay,64.9197,649.1971,75.0,30.0,90.0,1.0,0.776,65.0,0.0803,0.0,0.0,0.009798,0.011758,0.0,0.0,0.0,0.0,0.0,0.0
2026-06-01 11:01:00,1,Tomato,Loam,55.2889,387.022,70.0,25.0,85.0,0.7,0.6731,60.0,4.7111,0.0,0.0,0.00944,0.010856,0.0,0.0,0.0,0.0,0.0,0.0
2026-06-01 11:01:00,2,Wheat,Sandy,42.282,380.5384,60.0,18.0,78.0,0.9,0.5781,55.0,12.718,0.0,0.0,0.00944,0.008024,0.0,0.0,0.0,0.0,0.0,0.0
2026-06-01 11:01:00,3,Maize,Clay,64.9186,649.1858,75.0,30.0,90.0,1.0,0.776,65.0,0.0814,0.0,0.0,0.00944,0.011328,0.0,0.0,0.0,0.0,0.0,0.0
2026-06-01 11:02:00,1,Tomato,Loam,55.2873,387.0108,70.0,25.0,85.0,0.7,0.6731,60.0,4.7127,0.0,0.0,0.009703,0.011158,0.0,0.0,0.0,0.0,0.0,0.0
2026-06-01 11:02:00,2,Wheat,Sandy,42.2811,380.5302,60.0,18.0,78.0,0.9,0.5781,55.0,12.7189,0.0,0.0,0.009703,0.008248,0.0,0.0,0.0,0.0,0.0,0.0
2026-06-01 11:02:00,3,Maize,Clay,64.9174,649.1742,75.0,30.0,90.0,1.0,0.7759,65.0,0.0826,0.0,0.0,0.009703,0.011644,0.0,0.0,0.0,0.0,0.0,0.0
2026-06-01 11:03:00,1,Tomato,Loam,55.2856,386.9993,70.0,25.0,85.0,0.7,0.673,60.0,4.7144,0.0,0.0,0.01002,0.011523,0.0,0.0,0.0,0.0,0.0,0.0
2026-06-01 11:03:00,2,Wheat,Sandy,42.2802,380.5217,60.0,18.0,78.0,0.9,0.5781,55.0,12.7198,0.0,0.0,0.01002,0.008517,0.0,0.0,0.0,0.0,0.0,0.0
2026-06-01 11:03:00,3,Maize,Clay,64.9162,649.1622,75.0,30.0,90.0,1.0,0.7759,65.0,0.0838,0.0,0.0,0.01002,0.012024,0.0,0.0,0.0,0.0,0.0,0.0
2026-06-01 11:04:00,1,Tomato,Loam,55.284,386.9879,70.0,25.0,85.0,0.7,0.673,60.0,4.716,0.0,0.0,0.009888,0.011371,0.0,0.0,0.0,0.0,0.0,0.0
2026-06-01 11:04:00,2,Wheat,Sandy,42.2793,380.5133,60.0,18.0,78.0,0.9,0.5781,55.0,12.7207,0.0,0.0,0.009888,0.008405,0.0,0.0,0.0,0.0,0.0,0.0
2026-06-01 11:04:00,3,Maize,Clay,64.915,649.1503,75.0,30.0,90.0,1.0,0.7759,65.0,0.085,0.0,0.0,0.009888,0.011866,0.0,0.0,0.0,0.0,0.0,0.0
2026-06-01 11:05:00,1,Tomato,Loam,55.2824,386.9767,70.0,25.0,85.0,0.7,0.6729,60.0,4.7176,0.0,0.0,0.00975,0.011212,0.0,0.0,0.0,0.0,0.0,0.0
2026-06-01 11:05:00,2,Wheat,Sandy,42.2783,380.505,60.0,18.0,78.0,0.9,0.5781,55.0,12.7217,0.0,0.0,0.00975,0.008288,0.0,0.0,0.0,0.0,0.0,0.0
2026-06-01 11:05:00,3,Maize,Clay,64.9139,649.1386,75.0,30.0,90.0,1.0,0.7759,65.0,0.0861,0.0,0.0,0.00975,0.0117,0.0,0.0,0.0,0.0,0.0,0.0
2026-06-01 11:06:00,1,Tomato,Loam,55.2807,386.965,70.0,25.0,85.0,0.7,0.6729,60.0,4.7193,0.0,0.0,0.010183,0.01171,0.0,0.0,0.0,0.0,0.0,0.0
2026-06-01 11:06:00,2,Wheat,Sandy,42.2774,380.4963,60.0,18.0,78.0,0.9,0.578,55.0,12.7226,0.0,0.0,0.010183,0.008656,0.0,0.0,0.0,0.0,0.0,0.0
2026-06-01 11:06:00,3,Maize,Clay,64.9126,649.1264,75.0,30.0,90.0,1.0,0.7758,65.0,0.0874,0.0,0.0,0.010183,0.01222,0.0,0.0,0.0,0.0,0.0,0.0
2026-06-01 11:07:00,1,Tomato,Loam,55.2791,386.9538,70.0,25.0,85.0,0.7,0.6729,60.0,4.7209,0.0,0.0,0.009738,0.011199,0.0,0.0,0.0,0.0,0.0,0.0
2026-06-01 11:07:00,2,Wheat,Sandy,42.2764,380.488,60.0,18.0,78.0,0.9,0.578,55.0,12.7236,0.0,0.0,0.009738,0.008277,0.0,0.0,0.0,0.0,0.0,0.0
2026-06-01 11:07:00,3,Maize,Clay,64.9115,649.1147,75.0,30.0,90.0,1.0,0.7758,65.0,0.0885,0.0,0.0,0.009738,0.011686,0.0,0.0,0.0,0.0,0.0,0.0
2026-06-01 11:08:00,1,Tomato,Loam,55.2775,386.9425,70.0,25.0,85.0,0.7,0.6728,60.0,4.7225,0.0,0.0,0.00982,0.011293,0.0,0.0,0.0,0.0,0.0,0.0
2026-06-01 11:08:00,2,Wheat,Sandy,42.2755,380.4797,60.0,18.0,78.0,0.9,0.578,55.0,12.7245,0.0,0.0,0.00982,0.008347,0.0,0.0,0.0,0.0,0.0,0.0
2026-06-01 11:08:00,3,Maize,Clay,64.9103,649.1029,75.0,30.0,90.0,1.0,0.7758,65.0,0.0897,0.0,0.0,0.00982,0.011784,0.0,0.0,0.0,0.0,0.0,0.0
2026-06-01 11:09:00,1,Tomato,Loam,55.2759,386.9311,70.0,25.0,85.0,0.7,0.6728,60.0,4.7241,0.0,0.0,0.009929,0.011418,0.0,0.0,0.0,0.0,0.0,0.0
2026-06-01 11:09:00,2,Wheat,Sandy,42.2746,380.4713,60.0,18.0,78.0,0.9,0.578,55.0,12.7254,0.0,0.0,0.009929,0.00844,0.0,0.0,0.0,0.0,0.0,0.0
2026-06-01 11:09:00,3,Maize,Clay,64.9091,649.091,75.0,30.0,90.0,1.0,0.7758,65.0,0.0909,0.0,0.0,0.009929,0.011915,0.0,0.0,0.0,0.0,0.0,0.0
2026-06-01 11:10:00,1,Tomato,Loam,55.2742,386.9193,70.0,25.0,85.0,0.7,0.6728,60.0,4.7258,0.0,0.0,0.010231,0.011766,0.0,0.0,0.0,0.0,0.0,0.0
2026-06-01 11:10:00,2,Wheat,Sandy,42.2736,380.4626,60.0,18.0,78.0,0.9,0.5779,55.0,12.7264,0.0,0.0,0.010231,0.008696,0.0,0.0,0.0,0.0,0.0,0.0
2026-06-01 11:10:00,3,Maize,Clay,64.9079,649.0787,75.0,30.0,90.0,1.0,0.7757,65.0,0.0921,0.0,0.0,0.010231,0.012277,0.0,0.0,0.0,0.0,0.0,0.0
2026-06-01 11:11:00,1,Tomato,Loam,55.2725,386.9075,70.0,25.0,85.0,0.7,0.6727,60.0,4.7275,0.0,0.0,0.010238,0.011774,0.0,0.0,0.0,0.0,0.0,0.0
2026-06-01 11:11:00,2,Wheat,Sandy,42.2727,380.4539,60.0,18.0,78.0,0.9,0.5779,55.0,12.7273,0.0,0.0,0.010238,0.008702,0.0,0.0,0.0,0.0,0.0,0.0
2026-06-01 11:11:00,3,Maize,Clay,64.9066,649.0664,75.0,30.0,90.0,1.0,0.7757,65.0,0.0934,0.0,0.0,0.010238,0.012286,0.0,0.0,0.0,0.0,0.0,0.0
2026-06-01 11:12:00,1,Tomato,Loam,55.2708,386.8957,70.0,25.0,85.0,0.7,0.6727,60.0,4.7292,0.0,0.0,0.010277,0.011819,0.0,0.0,0.0,0.0,0.0,0.0
2026-06-01 11:12:00,2,Wheat,Sandy,42.2717,380.4452,60.0,18.0,78.0,0.9,0.5779,55.0,12.7283,0.0,0.0,0.010277,0.008735,0.0,0.0,0.0,0.0,0.0,0.0
2026-06-01 11:12:00,3,Maize,Clay,64.9054,649.0541,75.0,30.0,90.0,1.0,0.7757,65.0,0.0946,0.0,0.0,0.010277,0.012332,0.0,0.0,0.0,0.0,0.0,0.0
2026-06-01 11:13:00,1,Tomato,Loam,55.2691,386.884,70.0,25.0,85.0,0.7,0.6726,60.0,4.7309,0.0,0.0,0.010153,0.011676,0.0,0.0,0.0,0.0,0.0,0.0
2026-06-01 11:13:00,2,Wheat,Sandy,42.2707,380.4366,60.0,18.0,78.0,0.9,0.5779,55.0,12.7293,0.0,0.0,0.010153,0.00863,0.0,0.0,0.0,0.0,0.0,0.0
2026-06-01 11:13:00,3,Maize,Clay,64.9042,649.0419,75.0,30.0,90.0,1.0,0.7756,65.0,0.0958,0.0,0.0,0.010153,0.012184,0.0,0.0,0.0,0.0,0.0,0.0
2026-06-01 11:14:00,1,Tomato,Loam,55.2675,386.8722,70.0,25.0,85.0,0.7,0.6726,60.0,4.7325,0.0,0.0,0.010276,0.011817,0.0,0.0,0.0,0.0,0.0,0.0
2026-06-01 11:14:00,2,Wheat,Sandy,42.2698,380.4279,60.0,18.0,78.0,0.9,0.5779,55.0,12.7302,0.0,0.0,0.010276,0.008735,0.0,0.0,0.0,0.0,0.0,0.0
2026-06-01 11:14:00,3,Maize,Clay,64.903,649.0296,75.0,30.0,90.0,1.0,0.7756,65.0,0.097,0.0,0.0,0.010276,0.012331,0.0,0.0,0.0,0.0,0.0,0.0
2026-06-01 11:15:00,1,Tomato,Loam,55.2658,386.8606,70.0,25.0,85.0,0.7,0.6726,60.0,4.7342,0.0,0.0,0.010109,0.011625,0.0,0.0,0.0,0.0,0.0,0.0
2026-06-01 11:15:00,2,Wheat,Sandy,42.2688,380.4193,60.0,18.0,78.0,0.9,0.5778,55.0,12.7312,0.0,0.0,0.010109,0.008593,0.0,0.0,0.0,0.0,0.0,0.0
2026-06-01 11:15:00,3,Maize,Clay,64.9017,649.0175,75.0,30.0,90.0,1.0,0.7756,65.0,0.0983,0.0,0.0,0.010109,0.012131,0.0,0.0,0.0,0.0,0.0,0.0
2026-06-01 11:16:00,1,Tomato,Loam,55.2641,386.8487,70.0,25.0,85.0,0.7,0.6725,60.0,4.7359,0.0,0.0,0.010327,0.011876,0.0,0.0,0.0,0.0,0.0,0.0
2026-06-01 11:16:00,2,Wheat,Sandy,42.2678,380.4105,60.0,18.0,78.0,0.9,0.5778,55.0,12.7322,0.0,0.0,0.010327,0.008778,0.0,0.0,0.0,0.0,0.0,0.0
2026-06-01 11:16:00,3,Maize,Clay,64.9005,649.0051,75.0,30.0,90.0,1.0,0.7756,65.0,0.0995,0.0,0.0,0.010327,0.012392,0.0,0.0,0.0,0.0,0.0,0.0
2026-06-01 11:17:00,1,Tomato,Loam,55.2624,386.8369,70.0,25.0,85.0,0.7,0.6725,60.0,4.7376,0.0,0.0,0.010232,0.011767,0.0,0.0,0.0,0.0,0.0,0.0
2026-06-01 11:17:00,2,Wheat,Sandy,42.2669,380.4018,60.0,18.0,78.0,0.9,0.5778,55.0,12.7331,0.0,0.0,0.010232,0.008697,0.0,0.0,0.0,0.0,0.0,0.0
2026-06-01 11:17:00,3,Maize,Clay,64.8993,648.9928,75.0,30.0,90.0,1.0,0.7755,65.0,0.1007,0.0,0.0,0.010232,0.012278,0.0,0.0,0.0,0.0,0.0,0.0
2026-06-01 11:18:00,1,Tomato,Loam,55.2607,386.8251,70.0,25.0,85.0,0.7,0.6725,60.0,4.7393,0.0,0.0,0.010286,0.011829,0.0,0.0,0.0,0.0,0.0,0.0
2026-06-01 11:18:00,2,Wheat,Sandy,42.2659,380.3931,60.0,18.0,78.0,0.9,0.5778,55.0,12.7341,0.0,0.0,0.010286,0.008743,0.0,0.0,0.0,0.0,0.0,0.0
2026-06-01 11:18:00,3,Maize,Clay,64.898,648.9805,75.0,30.0,90.0,1.0,0.7755,65.0,0.102,0.0,0.0,0.010286,0.012343,0.0,0.0,0.0,0.0,0.0,0.0
2026-06-01 11:19:00,1,Tomato,Loam,55.259,386.8131,70.0,25.0,85.0,0.7,0.6724,60.0,4.741,0.0,0.0,0.010459,0.012028,0.0,0.0,0.0,0.0,0.0,0.0
2026-06-01 11:19:00,2,Wheat,Sandy,42.2649,380.3842,60.0,18.0,78.0,0.9,0.5777,55.0,12.7351,0.0,0.0,0.010459,0.00889,0.0,0.0,0.0,0.0,0.0,0.0
2026-06-01 11:19:00,3,Maize,Clay,64.8968,648.9679,75.0,30.0,90.0,1.0,0.7755,65.0,0.1032,0.0,0.0,0.010459,0.012551,0.0,0.0,0.0,0.0,0.0,0.0
2026-06-01 11:20:00,1,Tomato,Loam,55.2573,386.8011,70.0,25.0,85.0,0.7,0.6724,60.0,4.7427,0.0,0.0,0.010435,0.012,0.0,0.0,0.0,0.0,0.0,0.0
2026-06-01 11:20:00,2,Wheat,Sandy,42.2639,380.3753,60.0,18.0,78.0,0.9,0.5777,55.0,12.7361,0.0,0.0,0.010435,0.00887,0.0,0.0,0.0,0.0,0.0,0.0
2026-06-01 11:20:00,3,Maize,Clay,64.8955,648.9554,75.0,30.0,90.0,1.0,0.7755,65.0,0.1045,0.0,0.0,0.010435,0.012522,0.0,0.0,0.0,0.0,0.0,0.0
2026-06-01 11:21:00,1,Tomato,Loam,55.2556,386.7892,70.0,25.0,85.0,0.7,0.6723,60.0,4.7444,0.0,0.0,0.010331,0.011881,0.0,0.0,0.0,0.0,0.0,0.0
2026-06-01 11:21:00,2,Wheat,Sandy,42.2629,380.3665,60.0,18.0,78.0,0.9,0.5777,55.0,12.7371,0.0,0.0,0.010331,0.008781,0.0,0.0,0.0,0.0,0.0,0.0
2026-06-01 11:21:00,3,Maize,Clay,64.8943,648.943,75.0,30.0,90.0,1.0,0.7754,65.0,0.1057,0.0,0.0,0.010331,0.012397,0.0,0.0,0.0,0.0,0.0,0.0
2026-06-01 11:22:00,1,Tomato,Loam,55.2539,386.7775,70.0,25.0,85.0,0.7,0.6723,60.0,4.7461,0.0,0.0,0.010202,0.011732,0.0,0.0,0.0,0.0,0.0,0.0
2026-06-01 11:22:00,2,Wheat,Sandy,42.262,380.3578,60.0,18.0,78.0,0.9,0.5777,55.0,12.738,0.0,0.0,0.010202,0.008672,0.0,0.0,0.0,0.0,0.0,0.0
2026-06-01 11:22:00,3,Maize,Clay,64.8931,648.9308,75.0,30.0,90.0,1.0,0.7754,65.0,0.1069,0.0,0.0,0.010202,0.012242,0.0,0.0,0.0,0.0,0.0,0.0
2026-06-01 11:23:00,1,Tomato,Loam,55.2522,386.7656,70.0,25.0,85.0,0.7,0.6723,60.0,4.7478,0.0,0.0,0.010316,0.011863,0.0,0.0,0.0,0.0,0.0,0.0
2026-06-01 11:23:00,2,Wheat,Sandy,42.261,380.349,60.0,18.0,78.0,0.9,0.5776,55.0,12.739,0.0,0.0,0.010316,0.008769,0.0,0.0,0.0,0.0,0.0,0.0
2026-06-01 11:23:00,3,Maize,Clay,64.8918,648.9184,75.0,30.0,90.0,1.0,0.7754,65.0,0.1082,0.0,0.0,0.010316,0.012379,0.0,0.0,0.0,0.0,0.0,0.0
2026-06-01 11:24:00,1,Tomato,Loam,55.2505,386.7538,70.0,25.0,85.0,0.7,0.6722,60.0,4.7495,0.0,0.0,0.010287,0.01183,0.0,0.0,0.0,0.0,0.0,0.0
2026-06-01 11:24:00,2,Wheat,Sandy,42.26,380.3403,60.0,18.0,78.0,0.9,0.5776,55.0,12.74,0.0,0.0,0.010287,0.008744,0.0,0.0,0.0,0.0,0.0,0.0
2026-06-01 11:24:00,3,Maize,Clay,64.8906,648.9061,75.0,30.0,90.0,1.0,0.7753,65.0,0.1094,0.0,0.0,0.010287,0.012344,0.0,0.0,0.0,0.0,0.0,0.0
2026-06-01 11:25:00,1,Tomato,Loam,55.2488,386.7419,70.0,25.0,85.0,0.7,0.6722,60.0,4.7512,0.0,0.0,0.010386,0.011944,0.0,0.0,0.0,0.0,0.0,0.0
2026-06-01 11:25:00,2,Wheat,Sandy,42.2591,380.3315,60.0,18.0,78.0,0.9,0.5776,55.0,12.7409,0.0,0.0,0.010386,0.008828,0.0,0.0,0.0,0.0,0.0,0.0
2026-06-01 11:25:00,3,Maize,Clay,64.8894,648.8936,75.0,30.0,90.0,1.0,0.7753,65.0,0.1106,0.0,0.0,0.010386,0.012463,0.0,0.0,0.0,0.0,0.0,0.0
2026-06-01 11:26:00,1,Tomato,Loam,55.247,386.7293,70.0,25.0,85.0,0.7,0.6722,60.0,4.753,0.0,0.0,0.010992,0.012641,0.0,0.0,0.0,0.0,0.0,0.0
2026-06-01 11:26:00,2,Wheat,Sandy,42.258,380.3222,60.0,18.0,78.0,0.9,0.5776,55.0,12.742,0.0,0.0,0.010992,0.009343,0.0,0.0,0.0,0.0,0.0,0.0
2026-06-01 11:26:00,3,Maize,Clay,64.888,648.8804,75.0,30.0,90.0,1.0,0.7753,65.0,0.112,0.0,0.0,0.010992,0.01319,0.0,0.0,0.0,0.0,0.0,0.0
2026-06-01 11:27:00,1,Tomato,Loam,55.2453,386.7174,70.0,25.0,85.0,0.7,0.6721,60.0,4.7547,0.0,0.0,0.010372,0.011928,0.0,0.0,0.0,0.0,0.0,0.0
2026-06-01 11:27:00,2,Wheat,Sandy,42.257,380.3134,60.0,18.0,78.0,0.9,0.5775,55.0,12.743,0.0,0.0,0.010372,0.008816,0.0,0.0,0.0,0.0,0.0,0.0
2026-06-01 11:27:00,3,Maize,Clay,64.8868,648.868,75.0,30.0,90.0,1.0,0.7753,65.0,0.1132,0.0,0.0,0.010372,0.012446,0.0,0.0,0.0,0.0,0.0,0.0
2026-06-01 11:28:00,1,Tomato,Loam,55.2436,386.7053,70.0,25.0,85.0,0.7,0.6721,60.0,4.7564,0.0,0.0,0.010509,0.012085,0.0,0.0,0.0,0.0,0.0,0.0
2026-06-01 11:28:00,2,Wheat,Sandy,42.2561,380.3045,60.0,18.0,78.0,0.9,0.5775,55.0,12.7439,0.0,0.0,0.010509,0.008933,0.0,0.0,0.0,0.0,0.0,0.0
2026-06-01 11:28:00,3,Maize,Clay,64.8855,648.8554,75.0,30.0,90.0,1.0,0.7752,65.0,0.1145,0.0,0.0,0.010509,0.012611,0.0,0.0,0.0,0.0,0.0,0.0
2026-06-01 11:29:00,1,Tomato,Loam,55.2419,386.693,70.0,25.0,85.0,0.7,0.672,60.0,4.7581,0.0,0.0,0.010665,0.012265,0.0,0.0,0.0,0.0,0.0,0.0
2026-06-01 11:29:00,2,Wheat,Sandy,42.255,380.2954,60.0,18.0,78.0,0.9,0.5775,55.0,12.745,0.0,0.0,0.010665,0.009065,0.0,0.0,0.0,0.0,0.0,0.0
2026-06-01 11:29:00,3,Maize,Clay,64.8843,648.8426,75.0,30.0,90.0,1.0,0.7752,65.0,0.1157,0.0,0.0,0.010665,0.012798,0.0,0.0,0.0,0.0,0.0,0.0
2026-06-01 11:30:00,1,Tomato,Loam,55.2401,386.6809,70.0,25.0,85.0,0.7,0.672,60.0,4.7599,0.0,0.0,0.010479,0.012051,0.0,0.0,0.0,0.0,0.0,0.0
2026-06-01 11:30:00,2,Wheat,Sandy,42.2541,380.2865,60.0,18.0,78.0,0.9,0.5775,55.0,12.7459,0.0,0.0,0.010479,0.008907,0.0,0.0,0.0,0.0,0.0,0.0
2026-06-01 11:30:00,3,Maize,Clay,64.883,648.83,75.0,30.0,90.0,1.0,0.7752,65.0,0.117,0.0,0.0,0.010479,0.012575,0.0,0.0,0.0,0.0,0.0,0.0
2026-06-01 11:31:00,1,Tomato,Loam,55.2383,386.6682,70.0,25.0,85.0,0.7,0.672,60.0,4.7617,0.0,0.0,0.011064,0.012724,0.0,0.0,0.0,0.0,0.0,0.0
2026-06-01 11:31:00,2,Wheat,Sandy,42.253,380.2771,60.0,18.0,78.0,0.9,0.5775,55.0,12.747,0.0,0.0,0.011064,0.009404,0.0,0.0,0.0,0.0,0.0,0.0
2026-06-01 11:31:00,3,Maize,Clay,64.8817,648.8167,75.0,30.0,90.0,1.0,0.7751,65.0,0.1183,0.0,0.0,0.011064,0.013277,0.0,0.0,0.0,0.0,0.0,0.0
2026-06-01 11:32:00,1,Tomato,Loam,55.2366,386.6562,70.0,25.0,85.0,0.7,0.6719,60.0,4.7634,0.0,0.0,0.010461,0.01203,0.0,0.0,0.0,0.0,0.0,0.0
2026-06-01 11:32:00,2,Wheat,Sandy,42.252,380.2682,60.0,18.0,78.0,0.9,0.5774,55.0,12.748,0.0,0.0,0.010461,0.008892,0.0,0.0,0.0,0.0,0.0,0.0
2026-06-01 11:32:00,3,Maize,Clay,64.8804,648.8041,75.0,30.0,90.0,1.0,0.7751,65.0,0.1196,0.0,0.0,0.010461,0.012553,0.0,0.0,0.0,0.0,0.0,0.0
2026-06-01 11:33:00,1,Tomato,Loam,55.2349,386.6442,70.0,25.0,85.0,0.7,0.6719,60.0,4.7651,0.0,0.0,0.010464,0.012034,0.0,0.0,0.0,0.0,0.0,0.0
2026-06-01 11:33:00,2,Wheat,Sandy,42.251,380.2593,60.0,18.0,78.0,0.9,0.5774,55.0,12.749,0.0,0.0,0.010464,0.008894,0.0,0.0,0.0,0.0,0.0,0.0
2026-06-01 11:33:00,3,Maize,Clay,64.8792,648.7915,75.0,30.0,90.0,1.0,0.7751,65.0,0.1208,0.0,0.0,0.010464,0.012557,0.0,0.0,0.0,0.0,0.0,0.0
2026-06-01 11:34:00,1,Tomato,Loam,55.2332,386.6323,70.0,25.0,85.0,0.7,0.6718,60.0,4.7668,0.0,0.0,0.010309,0.011855,0.0,0.0,0.0,0.0,0.0,0.0
2026-06-01 11:34:00,2,Wheat,Sandy,42.2501,380.2505,60.0,18.0,78.0,0.9,0.5774,55.0,12.7499,0.0,0.0,0.010309,0.008763,0.0,0.0,0.0,0.0,0.0,0.0
2026-06-01 11:34:00,3,Maize,Clay,64.8779,648.7791,75.0,30.0,90.0,1.0,0.7751,65.0,0.1221,0.0,0.0,0.010309,0.012371,0.0,0.0,0.0,0.0,0.0,0.0
2026-06-01 11:35:00,1,Tomato,Loam,55.2315,386.6203,70.0,25.0,85.0,0.7,0.6718,60.0,4.7685,0.0,0.0,0.010474,0.012045,0.0,0.0,0.0,0.0,0.0,0.0
2026-06-01 11:35:00,2,Wheat,Sandy,42.2491,380.2416,60.0,18.0,78.0,0.9,0.5774,55.0,12.7509,0.0,0.0,0.010474,0.008903,0.0,0.0,0.0,0.0,0.0,0.0
2026-06-01 11:35:00,3,Maize,Clay,64.8767,648.7665,75.0,30.0,90.0,1.0,0.775,65.0,0.1233,0.0,0.0,0.010474,0.012569,0.0,0.0,0.0,0.0,0.0,0.0
2026-06-01 11:36:00,1,Tomato,Loam,55.2297,386.6082,70.0,25.0,85.0,0.7,0.6718,60.0,4.7703,0.0,0.0,0.010528,0.012107,0.0,0.0,0.0,0.0,0.0,0.0
2026-06-01 11:36:00,2,Wheat,Sandy,42.2481,380.2327,60.0,18.0,78.0,0.9,0.5773,55.0,12.7519,0.0,0.0,0.010528,0.008949,0.0,0.0,0.0,0.0,0.0,0.0
2026-06-01 11:36:00,3,Maize,Clay,64.8754,648.7539,75.0,30.0,90.0,1.0,0.775,65.0,0.1246,0.0,0.0,0.010528,0.012634,0.0,0.0,0.0,0.0,0.0,0.0
2026-06-01 11:37:00,1,Tomato,Loam,55.228,386.5958,70.0,25.0,85.0,0.7,0.6717,60.0,4.772,0.0,0.0,0.010761,0.012375,0.0,0.0,0.0,0.0,0.0,0.0
2026-06-01 11:37:00,2,Wheat,Sandy,42.2471,380.2236,60.0,18.0,78.0,0.9,0.5773,55.0,12.7529,0.0,0.0,0.010761,0.009147,0.0,0.0,0.0,0.0,0.0,0.0
2026-06-01 11:37:00,3,Maize,Clay,64.8741,648.741,75.0,30.0,90.0,1.0,0.775,65.0,0.1259,0.0,0.0,0.010761,0.012913,0.0,0.0,0.0,0.0,0.0,0.0
2026-06-01 11:38:00,1,Tomato,Loam,55.2262,386.5836,70.0,25.0,85.0,0.7,0.6717,60.0,4.7738,0.0,0.0,0.01065,0.012247,0.0,0.0,0.0,0.0,0.0,0.0
2026-06-01 11:38:00,2,Wheat,Sandy,42.2461,380.2145,60.0,18.0,78.0,0.9,0.5773,55.0,12.7539,0.0,0.0,0.01065,0.009052,0.0,0.0,0.0,0.0,0.0,0.0
2026-06-01 11:38:00,3,Maize,Clay,64.8728,648.7282,75.0,30.0,90.0,1.0,0.775,65.0,0.1272,0.0,0.0,0.01065,0.01278,0.0,0.0,0.0,0.0,0.0,0.0
2026-06-01 11:39:00,1,Tomato,Loam,55.2244,386.571,70.0,25.0,85.0,0.7,0.6717,60.0,4.7756,0.0,0.0,0.010953,0.012596,0.0,0.0,0.0,0.0,0.0,0.0
2026-06-01 11:39:00,2,Wheat,Sandy,42.245,380.2052,60.0,18.0,78.0,0.9,0.5773,55.0,12.755,0.0,0.0,0.010953,0.00931,0.0,0.0,0.0,0.0,0.0,0.0
2026-06-01 11:39:00,3,Maize,Clay,64.8715,648.7151,75.0,30.0,90.0,1.0,0.7749,65.0,0.1285,0.0,0.0,0.010953,0.013144,0.0,0.0,0.0,0.0,0.0,0.0
2026-06-01 11:40:00,1,Tomato,Loam,55.2227,386.5587,70.0,25.0,85.0,0.7,0.6716,60.0,4.7773,0.0,0.0,0.010671,0.012272,0.0,0.0,0.0,0.0,0.0,0.0
2026-06-01 11:40:00,2,Wheat,Sandy,42.244,380.1961,60.0,18.0,78.0,0.9,0.5772,55.0,12.756,0.0,0.0,0.010671,0.00907,0.0,0.0,0.0,0.0,0.0,0.0
2026-06-01 11:40:00,3,Maize,Clay,64.8702,648.7023,75.0,30.0,90.0,1.0,0.7749,65.0,0.1298,0.0,0.0,0.010671,0.012805,0.0,0.0,0.0,0.0,0.0,0.0
2026-06-01 11:41:00,1,Tomato,Loam,55.2209,386.5466,70.0,25.0,85.0,0.7,0.6716,60.0,4.7791,0.0,0.0,0.010511,0.012088,0.0,0.0,0.0,0.0,0.0,0.0
2026-06-01 11:41:00,2,Wheat,Sandy,42.243,380.1872,60.0,18.0,78.0,0.9,0.5772,55.0,12.757,0.0,0.0,0.010511,0.008934,0.0,0.0,0.0,0.0,0.0,0.0
2026-06-01 11:41:00,3,Maize,Clay,64.869,648.6897,75.0,30.0,90.0,1.0,0.7749,65.0,0.131,0.0,0.0,0.010511,0.012613,0.0,0.0,0.0,0.0,0.0,0.0
2026-06-01 11:42:00,1,Tomato,Loam,55.2191,386.5336,70.0,25.0,85.0,0.7,0.6715,60.0,4.7809,0.0,0.0,0.011318,0.013016,0.0,0.0,0.0,0.0,0.0,0.0
2026-06-01 11:42:00,2,Wheat,Sandy,42.242,380.1776,60.0,18.0,78.0,0.9,0.5772,55.0,12.758,0.0,0.0,0.011318,0.00962,0.0,0.0,0.0,0.0,0.0,0.0
2026-06-01 11:42:00,3,Maize,Clay,64.8676,648.6761,75.0,30.0,90.0,1.0,0.7748,65.0,0.1324,0.0,0.0,0.011318,0.013582,0.0,0.0,0.0,0.0,0.0,0.0
2026-06-01 11:43:00,1,Tomato,Loam,55.2173,386.5212,70.0,25.0,85.0,0.7,0.6715,60.0,4.7827,0.0,0.0,0.010807,0.012428,0.0,0.0,0.0,0.0,0.0,0.0
2026-06-01 11:43:00,2,Wheat,Sandy,42.2409,380.1684,60.0,18.0,78.0,0.9,0.5772,55.0,12.7591,0.0,0.0,0.010807,0.009186,0.0,0.0,0.0,0.0,0.0,0.0
2026-06-01 11:43:00,3,Maize,Clay,64.8663,648.6631,75.0,30.0,90.0,1.0,0.7748,65.0,0.1337,0.0,0.0,0.010807,0.012968,0.0,0.0,0.0,0.0,0.0,0.0
2026-06-01 11:44:00,1,Tomato,Loam,55.2156,386.509,70.0,25.0,85.0,0.7,0.6715,60.0,4.7844,0.0,0.0,0.010582,0.012169,0.0,0.0,0.0,0.0,0.0,0.0
2026-06-01 11:44:00,2,Wheat,Sandy,42.2399,380.1594,60.0,18.0,78.0,0.9,0.5771,55.0,12.7601,0.0,0.0,0.010582,0.008995,0.0,0.0,0.0,0.0,0.0,0.0
2026-06-01 11:44:00,3,Maize,Clay,64.865,648.6504,75.0,30.0,90.0,1.0,0.7748,65.0,0.135,0.0,0.0,0.010582,0.012698,0.0,0.0,0.0,0.0,0.0,0.0
2026-06-01 11:45:00,1,Tomato,Loam,55.2138,386.4969,70.0,25.0,85.0,0.7,0.6714,60.0,4.7862,0.0,0.0,0.010492,0.012066,0.0,0.0,0.0,0.0,0.0,0.0
2026-06-01 11:45:00,2,Wheat,Sandy,42.2389,380.1505,60.0,18.0,78.0,0.9,0.5771,55.0,12.7611,0.0,0.0,0.010492,0.008918,0.0,0.0,0.0,0.0,0.0,0.0
2026-06-01 11:45:00,3,Maize,Clay,64.8638,648.6378,75.0,30.0,90.0,1.0,0.7748,65.0,0.1362,0.0,0.0,0.010492,0.01259,0.0,0.0,0.0,0.0,0.0,0.0
2026-06-01 11:46:00,1,Tomato,Loam,55.2121,386.4848,70.0,25.0,85.0,0.7,0.6714,60.0,4.7879,0.0,0.0,0.010487,0.01206,0.0,0.0,0.0,0.0,0.0,0.0
2026-06-01 11:46:00,2,Wheat,Sandy,42.238,380.1416,60.0,18.0,78.0,0.9,0.5771,55.0,12.762,0.0,0.0,0.010487,0.008914,0.0,0.0,0.0,0.0,0.0,0.0
2026-06-01 11:46:00,3,Maize,Clay,64.8625,648.6252,75.0,30.0,90.0,1.0,0.7747,65.0,0.1375,0.0,0.0,0.010487,0.012584,0.0,0.0,0.0,0.0,0.0,0.0
2026-06-01 11:47:00,1,Tomato,Loam,55.2103,386.4721,70.0,25.0,85.0,0.7,0.6713,60.0,4.7897,0.0,0.0,0.011031,0.012686,0.0,0.0,0.0,0.0,0.0,0.0
2026-06-01 11:47:00,2,Wheat,Sandy,42.2369,380.1322,60.0,18.0,78.0,0.9,0.5771,55.0,12.7631,0.0,0.0,0.011031,0.009376,0.0,0.0,0.0,0.0,0.0,0.0
2026-06-01 11:47:00,3,Maize,Clay,64.8612,648.612,75.0,30.0,90.0,1.0,0.7747,65.0,0.1388,0.0,0.0,0.011031,0.013237,0.0,0.0,0.0,0.0,0.0,0.0
2026-06-01 11:48:00,1,Tomato,Loam,55.2085,386.4598,70.0,25.0,85.0,0.7,0.6713,60.0,4.7915,0.0,0.0,0.010692,0.012296,0.0,0.0,0.0,0.0,0.0,0.0
2026-06-01 11:48:00,2,Wheat,Sandy,42.2359,380.1231,60.0,18.0,78.0,0.9,0.577,55.0,12.7641,0.0,0.0,0.010692,0.009088,0.0,0.0,0.0,0.0,0.0,0.0
2026-06-01 11:48:00,3,Maize,Clay,64.8599,648.5992,75.0,30.0,90.0,1.0,0.7747,65.0,0.1401,0.0,0.0,0.010692,0.01283,0.0,0.0,0.0,0.0,0.0,0.0
2026-06-01 11:49:00,1,Tomato,Loam,55.2068,386.4473,70.0,25.0,85.0,0.7,0.6713,60.0,4.7932,0.0,0.0,0.010887,0.01252,0.0,0.0,0.0,0.0,0.0,0.0
2026-06-01 11:49:00,2,Wheat,Sandy,42.2349,380.1138,60.0,18.0,78.0,0.9,0.577,55.0,12.7651,0.0,0.0,0.010887,0.009254,0.0,0.0,0.0,0.0,0.0,0.0
2026-06-01 11:49:00,3,Maize,Clay,64.8586,648.5861,75.0,30.0,90.0,1.0,0.7746,65.0,0.1414,0.0,0.0,0.010887,0.013064,0.0,0.0,0.0,0.0,0.0,0.0
2026-06-01 11:50:00,1,Tomato,Loam,55.205,386.4349,70.0,25.0,85.0,0.7,0.6712,60.0,4.795,0.0,0.0,0.010793,0.012412,0.0,0.0,0.0,0.0,0.0,0.0
2026-06-01 11:50:00,2,Wheat,Sandy,42.2338,380.1046,60.0,18.0,78.0,0.9,0.577,55.0,12.7662,0.0,0.0,0.010793,0.009174,0.0,0.0,0.0,0.0,0.0,0.0
2026-06-01 11:50:00,3,Maize,Clay,64.8573,648.5731,75.0,30.0,90.0,1.0,0.7746,65.0,0.1427,0.0,0.0,0.010793,0.012952,0.0,0.0,0.0,0.0,0.0,0.0
2026-06-01 11:51:00,1,Tomato,Loam,55.2032,386.4222,70.0,25.0,85.0,0.7,0.6712,60.0,4.7968,0.0,0.0,0.011018,0.012671,0.0,0.0,0.0,0.0,0.0,0.0
2026-06-01 11:51:00,2,Wheat,Sandy,42.2328,380.0952,60.0,18.0,78.0,0.9,0.577,55.0,12.7672,0.0,0.0,0.011018,0.009365,0.0,0.0,0.0,0.0,0.0,0.0
2026-06-01 11:51:00,3,Maize,Clay,64.856,648.5599,75.0,30.0,90.0,1.0,0.7746,65.0,0.144,0.0,0.0,0.011018,0.013222,0.0,0.0,0.0,0.0,0.0,0.0
2026-06-01 11:52:00,1,Tomato,Loam,55.2014,386.4101,70.0,25.0,85.0,0.7,0.6711,60.0,4.7986,0.0,0.0,0.010531,0.012111,0.0,0.0,0.0,0.0,0.0,0.0
2026-06-01 11:52:00,2,Wheat,Sandy,42.2318,380.0862,60.0,18.0,78.0,0.9,0.5769,55.0,12.7682,0.0,0.0,0.010531,0.008951,0.0,0.0,0.0,0.0,0.0,0.0
2026-06-01 11:52:00,3,Maize,Clay,64.8547,648.5473,75.0,30.0,90.0,1.0,0.7745,65.0,0.1453,0.0,0.0,0.010531,0.012637,0.0,0.0,0.0,0.0,0.0,0.0
2026-06-01 11:53:00,1,Tomato,Loam,55.1997,386.3979,70.0,25.0,85.0,0.7,0.6711,60.0,4.8003,0.0,0.0,0.010578,0.012165,0.0,0.0,0.0,0.0,0.0,0.0
2026-06-01 11:53:00,2,Wheat,Sandy,42.2308,380.0772,60.0,18.0,78.0,0.9,0.5769,55.0,12.7692,0.0,0.0,0.010578,0.008991,0.0,0.0,0.0,0.0,0.0,0.0
2026-06-01 11:53:00,3,Maize,Clay,64.8535,648.5346,75.0,30.0,90.0,1.0,0.7745,65.0,0.1465,0.0,0.0,0.010578,0.012694,0.0,0.0,0.0,0.0,0.0,0.0
2026-06-01 11:54:00,1,Tomato,Loam,55.1979,386.3853,70.0,25.0,85.0,0.7,0.6711,60.0,4.8021,0.0,0.0,0.010928,0.012567,0.0,0.0,0.0,0.0,0.0,0.0
2026-06-01 11:54:00,2,Wheat,Sandy,42.2298,380.0679,60.0,18.0,78.0,0.9,0.5769,55.0,12.7702,0.0,0.0,0.010928,0.009289,0.0,0.0,0.0,0.0,0.0,0.0
2026-06-01 11:54:00,3,Maize,Clay,64.8521,648.5215,75.0,30.0,90.0,1.0,0.7745,65.0,0.1479,0.0,0.0,0.010928,0.013114,0.0,0.0,0.0,0.0,0.0,0.0
2026-06-01 11:55:00,1,Tomato,Loam,55.1961,386.3727,70.0,25.0,85.0,0.7,0.671,60.0,4.8039,0.0,0.0,0.010952,0.012595,0.0,0.0,0.0,0.0,0.0,0.0
2026-06-01 11:55:00,2,Wheat,Sandy,42.2287,380.0586,60.0,18.0,78.0,0.9,0.5769,55.0,12.7713,0.0,0.0,0.010952,0.009309,0.0,0.0,0.0,0.0,0.0,0.0
2026-06-01 11:55:00,3,Maize,Clay,64.8508,648.5084,75.0,30.0,90.0,1.0,0.7745,65.0,0.1492,0.0,0.0,0.010952,0.013142,0.0,0.0,0.0,0.0,0.0,0.0
2026-06-01 11:56:00,1,Tomato,Loam,55.1943,386.3601,70.0,25.0,85.0,0.7,0.671,60.0,4.8057,0.0,0.0,0.01092,0.012558,0.0,0.0,0.0,0.0,0.0,0.0
2026-06-01 11:56:00,2,Wheat,Sandy,42.2277,380.0493,60.0,18.0,78.0,0.9,0.5769,55.0,12.7723,0.0,0.0,0.01092,0.009282,0.0,0.0,0.0,0.0,0.0,0.0
2026-06-01 11:56:00,3,Maize,Clay,64.8495,648.4953,75.0,30.0,90.0,1.0,0.7744,65.0,0.1505,0.0,0.0,0.01092,0.013104,0.0,0.0,0.0,0.0,0.0,0.0
2026-06-01 11:57:00,1,Tomato,Loam,55.1925,386.3477,70.0,25.0,85.0,0.7,0.6709,60.0,4.8075,0.0,0.0,0.010764,0.012379,0.0,0.0,0.0,0.0,0.0,0.0
2026-06-01 11:57:00,2,Wheat,Sandy,42.2267,380.0402,60.0,18.0,78.0,0.9,0.5768,55.0,12.7733,0.0,0.0,0.010764,0.009149,0.0,0.0,0.0,0.0,0.0,0.0
2026-06-01 11:57:00,3,Maize,Clay,64.8482,648.4824,75.0,30.0,90.0,1.0,0.7744,65.0,0.1518,0.0,0.0,0.010764,0.012917,0.0,0.0,0.0,0.0,0.0,0.0
2026-06-01 11:58:00,1,Tomato,Loam,55.1907,386.3349,70.0,25.0,85.0,0.7,0.6709,60.0,4.8093,0.0,0.0,0.011139,0.01281,0.0,0.0,0.0,0.0,0.0,0.0
2026-06-01 11:58:00,2,Wheat,Sandy,42.2256,380.0307,60.0,18.0,78.0,0.9,0.5768,55.0,12.7744,0.0,0.0,0.011139,0.009468,0.0,0.0,0.0,0.0,0.0,0.0
2026-06-01 11:58:00,3,Maize,Clay,64.8469,648.469,75.0,30.0,90.0,1.0,0.7744,65.0,0.1531,0.0,0.0,0.011139,0.013367,0.0,0.0,0.0,0.0,0.0,0.0
2026-06-01 11:59:00,1,Tomato,Loam,55.1889,386.3226,70.0,25.0,85.0,0.7,0.6709,60.0,4.8111,0.0,0.0,0.010688,0.012291,0.0,0.0,0.0,0.0,0.0,0.0
2026-06-01 11:59:00,2,Wheat,Sandy,42.2246,380.0216,60.0,18.0,78.0,0.9,0.5768,55.0,12.7754,0.0,0.0,0.010688,0.009085,0.0,0.0,0.0,0.0,0.0,0.0
2026-06-01 11:59:00,3,Maize,Clay,64.8456,648.4562,75.0,30.0,90.0,1.0,0.7743,65.0,0.1544,0.0,0.0,0.010688,0.012826,0.0,0.0,0.0,0.0,0.0,0.0
2026-06-01 12:00:00,1,Tomato,Loam,55.2253,386.5768,70.0,25.0,85.0,0.7,0.6717,60.0,4.7747,0.0,0.0,0.01081,0.012432,0.2667,0.2667,0.0,0.0,0.0,0.0
2026-06-01 12:00:00,2,Wheat,Sandy,42.2532,380.2791,60.0,18.0,78.0,0.9,0.5775,55.0,12.7468,0.0,0.0,0.01081,0.009188,0.2667,0.2667,0.0,0.0,0.0,0.0
2026-06-01 12:00:00,3,Maize,Clay,64.8527,648.5266,75.0,30.0,90.0,1.0,0.7745,65.0,0.1473,0.0,0.0,0.01081,0.012972,0.2667,0.0833,0.0,0.1833,0.0,0.0
2026-06-01 12:01:00,1,Tomato,Loam,55.2616,386.8311,70.0,25.0,85.0,0.7,0.6725,60.0,4.7384,0.0,0.0,0.010745,0.012357,0.2667,0.2667,0.0,0.0,0.0,0.0
2026-06-01 12:01:00,2,Wheat,Sandy,42.2818,380.5366,60.0,18.0,78.0,0.9,0.5781,55.0,12.7182,0.0,0.0,0.010745,0.009133,0.2667,0.2667,0.0,0.0,0.0,0.0
2026-06-01 12:01:00,3,Maize,Clay,64.8597,648.597,75.0,30.0,90.0,1.0,0.7747,65.0,0.1403,0.0,0.0,0.010745,0.012894,0.2667,0.0833,0.0,0.1833,0.0,0.0
2026-06-01 12:02:00,1,Tomato,Loam,55.2978,387.0848,70.0,25.0,85.0,0.7,0.6733,60.0,4.7022,0.0,0.0,0.011244,0.012931,0.2667,0.2667,0.0,0.0,0.0,0.0
2026-06-01 12:02:00,2,Wheat,Sandy,42.3104,380.7937,60.0,18.0,78.0,0.9,0.5788,55.0,12.6896,0.0,0.0,0.011244,0.009557,0.2667,0.2667,0.0,0.0,0.0,0.0
2026-06-01 12:02:00,3,Maize,Clay,64.8667,648.6668,75.0,30.0,90.0,1.0,0.7748,65.0,0.1333,0.0,0.0,0.011244,0.013493,0.2667,0.0833,0.0,0.1833,0.0,0.0
2026-06-01 12:03:00,1,Tomato,Loam,55.3341,387.3387,70.0,25.0,85.0,0.7,0.6741,60.0,4.6659,0.0,0.0,0.011086,0.012749,0.2667,0.2667,0.0,0.0,0.0,0.0
2026-06-01 12:03:00,2,Wheat,Sandy,42.339,381.0509,60.0,18.0,78.0,0.9,0.5795,55.0,12.661,0.0,0.0,0.011086,0.009423,0.2667,0.2667,0.0,0.0,0.0,0.0
2026-06-01 12:03:00,3,Maize,Clay,64.8737,648.7368,75.0,30.0,90.0,1.0,0.775,65.0,0.1263,0.0,0.0,0.011086,0.013303,0.2667,0.0833,0.0,0.1833,0.0,0.0
2026-06-01 12:04:00,1,Tomato,Loam,55.3704,387.5925,70.0,25.0,85.0,0.7,0.6749,60.0,4.6296,0.0,0.0,0.011145,0.012817,0.2667,0.2667,0.0,0.0,0.0,0.0
2026-06-01 12:04:00,2,Wheat,Sandy,42.3676,381.3081,60.0,18.0,78.0,0.9,0.5802,55.0,12.6324,0.0,0.0,0.011145,0.009473,0.2667,0.2667,0.0,0.0,0.0,0.0
2026-06-01 12:04:00,3,Maize,Clay,64.8807,648.8068,75.0,30.0,90.0,1.0,0.7751,65.0,0.1193,0.0,0.0,0.011145,0.013374,0.2667,0.0833,0.0,0.1833,0.0,0.0
2026-06-01 12:05:00,1,Tomato,Loam,55.4066,387.846,70.0,25.0,85.0,0.7,0.6757,60.0,4.5934,0.0,0.0,0.011417,0.01313,0.2667,0.2667,0.0,0.0,0.0,0.0
2026-06-01 12:05:00,2,Wheat,Sandy,42.3961,381.5651,60.0,18.0,78.0,0.9,0.5809,55.0,12.6039,0.0,0.0,0.011417,0.009704,0.2667,0.2667,0.0,0.0,0.0,0.0
2026-06-01 12:05:00,3,Maize,Clay,64.8876,648.8764,75.0,30.0,90.0,1.0,0.7753,65.0,0.1124,0.0,0.0,0.011417,0.0137,0.2667,0.0833,0.0,0.1833,0.0,0.0
2026-06-01 12:06:00,1,Tomato,Loam,55.4427,388.0991,70.0,25.0,85.0,0.7,0.6765,60.0,4.5573,0.0,0.0,0.011827,0.013601,0.2667,0.2667,0.0,0.0,0.0,0.0
2026-06-01 12:06:00,2,Wheat,Sandy,42.4246,381.8217,60.0,18.0,78.0,0.9,0.5815,55.0,12.5754,0.0,0.0,0.011827,0.010053,0.2667,0.2667,0.0,0.0,0.0,0.0
2026-06-01 12:06:00,3,Maize,Clay,64.8946,648.9455,75.0,30.0,90.0,1.0,0.7754,65.0,0.1054,0.0,0.0,0.011827,0.014192,0.2667,0.0833,0.0,0.1833,0.0,0.0
2026-06-01 12:07:00,1,Tomato,Loam,55.4791,388.3535,70.0,25.0,85.0,0.7,0.6773,60.0,4.5209,0.0,0.0,0.010627,0.012221,0.2667,0.2667,0.0,0.0,0.0,0.0
2026-06-01 12:07:00,2,Wheat,Sandy,42.4533,382.0793,60.0,18.0,78.0,0.9,0.5822,55.0,12.5467,0.0,0.0,0.010627,0.009033,0.2667,0.2667,0.0,0.0,0.0,0.0
2026-06-01 12:07:00,3,Maize,Clay,64.9016,649.0161,75.0,30.0,90.0,1.0,0.7756,65.0,0.0984,0.0,0.0,0.010627,0.012752,0.2667,0.0833,0.0,0.1833,0.0,0.0
2026-06-01 12:08:00,1,Tomato,Loam,55.5154,388.6077,70.0,25.0,85.0,0.7,0.6781,60.0,4.4846,0.0,0.0,0.010816,0.012438,0.2667,0.2667,0.0,0.0,0.0,0.0
2026-06-01 12:08:00,2,Wheat,Sandy,42.4819,382.3368,60.0,18.0,78.0,0.9,0.5829,55.0,12.5181,0.0,0.0,0.010816,0.009194,0.2667,0.2667,0.0,0.0,0.0,0.0
2026-06-01 12:08:00,3,Maize,Clay,64.9086,649.0865,75.0,30.0,90.0,1.0,0.7757,65.0,0.0914,0.0,0.0,0.010816,0.012979,0.2667,0.0833,0.0,0.1833,0.0,0.0
2026-06-01 12:09:00,1,Tomato,Loam,55.5517,388.8619,70.0,25.0,85.0,0.7,0.6789,60.0,4.4483,0.0,0.0,0.010879,0.012511,0.2667,0.2667,0.0,0.0,0.0,0.0
2026-06-01 12:09:00,2,Wheat,Sandy,42.5105,382.5942,60.0,18.0,78.0,0.9,0.5836,55.0,12.4895,0.0,0.0,0.010879,0.009247,0.2667,0.2667,0.0,0.0,0.0,0.0
2026-06-01 12:09:00,3,Maize,Clay,64.9157,649.1568,75.0,30.0,90.0,1.0,0.7759,65.0,0.0843,0.0,0.0,0.010879,0.013055,0.2667,0.0833,0.0,0.1833,0.0,0.0
2026-06-01 12:10:00,1,Tomato,Loam,55.588,389.116,70.0,25.0,85.0,0.7,0.6797,60.0,4.412,0.0,0.0,0.010897,0.012532,0.2667,0.2667,0.0,0.0,0.0,0.0
2026-06-01 12:10:00,2,Wheat,Sandy,42.5391,382.8516,60.0,18.0,78.0,0.9,0.5843,55.0,12.4609,0.0,0.0,0.010897,0.009262,0.2667,0.2667,0.0,0.0,0.0,0.0
2026-06-01 12:10:00,3,Maize,Clay,64.9227,649.2271,75.0,30.0,90.0,1.0,0.7761,65.0,0.0773,0.0,0.0,0.010897,0.013076,0.2667,0.0833,0.0,0.1833,0.0,0.0
2026-06-01 12:11:00,1,Tomato,Loam,55.6243,389.3702,70.0,25.0,85.0,0.7,0.6805,60.0,4.3757,0.0,0.0,0.010861,0.01249,0.2667,0.2667,0.0,0.0,0.0,0.0
2026-06-01 12:11:00,2,Wheat,Sandy,42.5677,383.109,60.0,18.0,78.0,0.9,0.5849,55.0,12.4323,0.0,0.0,0.010861,0.009232,0.2667,0.2667,0.0,0.0,0.0,0.0
2026-06-01 12:11:00,3,Maize,Clay,64.9297,649.2974,75.0,30.0,90.0,1.0,0.7762,65.0,0.0703,0.0,0.0,0.010861,0.013033,0.2667,0.0833,0.0,0.1833,0.0,0.0
2026-06-01 12:12:00,1,Tomato,Loam,55.6606,389.6241,70.0,25.0,85.0,0.7,0.6813,60.0,4.3394,0.0,0.0,0.011101,0.012766,0.2667,0.2667,0.0,0.0,0.0,0.0
2026-06-01 12:12:00,2,Wheat,Sandy,42.5962,383.3662,60.0,18.0,78.0,0.9,0.5856,55.0,12.4038,0.0,0.0,0.011101,0.009436,0.2667,0.2667,0.0,0.0,0.0,0.0
2026-06-01 12:12:00,3,Maize,Clay,64.9367,649.3674,75.0,30.0,90.0,1.0,0.7764,65.0,0.0633,0.0,0.0,0.011101,0.013321,0.2667,0.0833,0.0,0.1833,0.0,0.0
2026-06-01 12:13:00,1,Tomato,Loam,55.6969,389.8783,70.0,25.0,85.0,0.7,0.6822,60.0,4.3031,0.0,0.0,0.010827,0.012451,0.2667,0.2667,0.0,0.0,0.0,0.0
2026-06-01 12:13:00,2,Wheat,Sandy,42.6249,383.6237,60.0,18.0,78.0,0.9,0.5863,55.0,12.3751,0.0,0.0,0.010827,0.009203,0.2667,0.2667,0.0,0.0,0.0,0.0
2026-06-01 12:13:00,3,Maize,Clay,64.9438,649.4377,75.0,30.0,90.0,1.0,0.7765,65.0,0.0562,0.0,0.0,0.010827,0.012992,0.2667,0.0833,0.0,0.1833,0.0,0.0
2026-06-01 12:14:00,1,Tomato,Loam,55.7331,390.132,70.0,25.0,85.0,0.7,0.683,60.0,4.2669,0.0,0.0,0.011301,0.012996,0.2667,0.2667,0.0,0.0,0.0,0.0
2026-06-01 12:14:00,2,Wheat,Sandy,42.6534,383.8808,60.0,18.0,78.0,0.9,0.587,55.0,12.3466,0.0,0.0,0.011301,0.009606,0.2667,0.2667,0.0,0.0,0.0,0.0
2026-06-01 12:14:00,3,Maize,Clay,64.9507,649.5075,75.0,30.0,90.0,1.0,0.7767,65.0,0.0493,0.0,0.0,0.011301,0.013561,0.2667,0.0833,0.0,0.1833,0.0,0.0
2026-06-01 12:15:00,1,Tomato,Loam,55.7313,390.1191,70.0,25.0,85.0,0.7,0.6829,60.0,4.2687,0.0,0.0,0.011176,0.012852,0.0,0.0,0.0,0.0,0.0,0.0
2026-06-01 12:15:00,2,Wheat,Sandy,42.6524,383.8713,60.0,18.0,78.0,0.9,0.587,55.0,12.3476,0.0,0.0,0.011176,0.0095,0.0,0.0,0.0,0.0,0.0,0.0
2026-06-01 12:15:00,3,Maize,Clay,64.9494,649.4941,75.0,30.0,90.0,1.0,0.7767,65.0,0.0506,0.0,0.0,0.011176,0.013411,0.0,0.0,0.0,0.0,0.0,0.0
2026-06-01 12:16:00,1,Tomato,Loam,55.7294,390.1061,70.0,25.0,85.0,0.7,0.6829,60.0,4.2706,0.0,0.0,0.011324,0.013023,0.0,0.0,0.0,0.0,0.0,0.0
2026-06-01 12:16:00,2,Wheat,Sandy,42.6513,383.8617,60.0,18.0,78.0,0.9,0.5869,55.0,12.3487,0.0,0.0,0.011324,0.009625,0.0,0.0,0.0,0.0,0.0,0.0
2026-06-01 12:16:00,3,Maize,Clay,64.9481,649.4805,75.0,30.0,90.0,1.0,0.7766,65.0,0.0519,0.0,0.0,0.011324,0.013589,0.0,0.0,0.0,0.0,0.0,0.0
2026-06-01 12:17:00,1,Tomato,Loam,55.7276,390.093,70.0,25.0,85.0,0.7,0.6828,60.0,4.2724,0.0,0.0,0.011386,0.013094,0.0,0.0,0.0,0.0,0.0,0.0
2026-06-01 12:17:00,2,Wheat,Sandy,42.6502,383.852,60.0,18.0,78.0,0.9,0.5869,55.0,12.3498,0.0,0.0,0.011386,0.009678,0.0,0.0,0.0,0.0,0.0,0.0
2026-06-01 12:17:00,3,Maize,Clay,64.9467,649.4668,75.0,30.0,90.0,1.0,0.7766,65.0,0.0533,0.0,0.0,0.011386,0.013663,0.0,0.0,0.0,0.0,0.0,0.0
2026-06-01 12:18:00,1,Tomato,Loam,55.7257,390.08,70.0,25.0,85.0,0.7,0.6828,60.0,4.2743,0.0,0.0,0.011274,0.012965,0.0,0.0,0.0,0.0,0.0,0.0
2026-06-01 12:18:00,2,Wheat,Sandy,42.6492,383.8424,60.0,18.0,78.0,0.9,0.5869,55.0,12.3508,0.0,0.0,0.011274,0.009583,0.0,0.0,0.0,0.0,0.0,0.0
2026-06-01 12:18:00,3,Maize,Clay,64.9453,649.4533,75.0,30.0,90.0,1.0,0.7766,65.0,0.0547,0.0,0.0,0.011274,0.013529,0.0,0.0,0.0,0.0,0.0,0.0
2026-06-01 12:19:00,1,Tomato,Loam,55.7239,390.0673,70.0,25.0,85.0,0.7,0.6828,60.0,4.2761,0.0,0.0,0.011014,0.012666,0.0,0.0,0.0,0.0,0.0,0.0
2026-06-01 12:19:00,2,Wheat,Sandy,42.6481,383.833,60.0,18.0,78.0,0.9,0.5869,55.0,12.3519,0.0,0.0,0.011014,0.009362,0.0,0.0,0.0,0.0,0.0,0.0
2026-06-01 12:19:00,3,Maize,Clay,64.944,649.4401,75.0,30.0,90.0,1.0,0.7765,65.0,0.056,0.0,0.0,0.011014,0.013217,0.0,0.0,0.0,0.0,0.0,0.0
2026-06-01 12:20:00,1,Tomato,Loam,55.722,390.0537,70.0,25.0,85.0,0.7,0.6827,60.0,4.278,0.0,0.0,0.011834,0.013609,0.0,0.0,0.0,0.0,0.0,0.0
2026-06-01 12:20:00,2,Wheat,Sandy,42.647,383.8229,60.0,18.0,78.0,0.9,0.5868,55.0,12.353,0.0,0.0,0.011834,0.010059,0.0,0.0,0.0,0.0,0.0,0.0
2026-06-01 12:20:00,3,Maize,Clay,64.9426,649.4259,75.0,30.0,90.0,1.0,0.7765,65.0,0.0574,0.0,0.0,0.011834,0.014201,0.0,0.0,0.0,0.0,0.0,0.0
2026-06-01 12:21:00,1,Tomato,Loam,55.7201,390.0406,70.0,25.0,85.0,0.7,0.6827,60.0,4.2799,0.0,0.0,0.011385,0.013093,0.0,0.0,0.0,0.0,0.0,0.0
2026-06-01 12:21:00,2,Wheat,Sandy,42.6459,383.8132,60.0,18.0,78.0,0.9,0.5868,55.0,12.3541,0.0,0.0,0.011385,0.009677,0.0,0.0,0.0,0.0,0.0,0.0
2026-06-01 12:21:00,3,Maize,Clay,64.9412,649.4122,75.0,30.0,90.0,1.0,0.7765,65.0,0.0588,0.0,0.0,0.011385,0.013662,0.0,0.0,0.0,0.0,0.0,0.0
2026-06-01 12:22:00,1,Tomato,Loam,55.7183,390.0283,70.0,25.0,85.0,0.7,0.6826,60.0,4.2817,0.0,0.0,0.010727,0.012336,0.0,0.0,0.0,0.0,0.0,0.0
2026-06-01 12:22:00,2,Wheat,Sandy,42.6449,383.8041,60.0,18.0,78.0,0.9,0.5868,55.0,12.3551,0.0,0.0,0.010727,0.009118,0.0,0.0,0.0,0.0,0.0,0.0
2026-06-01 12:22:00,3,Maize,Clay,64.9399,649.3993,75.0,30.0,90.0,1.0,0.7764,65.0,0.0601,0.0,0.0,0.010727,0.012872,0.0,0.0,0.0,0.0,0.0,0.0
2026-06-01 12:23:00,1,Tomato,Loam,55.7165,390.0158,70.0,25.0,85.0,0.7,0.6826,60.0,4.2835,0.0,0.0,0.010885,0.012518,0.0,0.0,0.0,0.0,0.0,0.0
2026-06-01 12:23:00,2,Wheat,Sandy,42.6439,383.7948,60.0,18.0,78.0,0.9,0.5868,55.0,12.3561,0.0,0.0,0.010885,0.009252,0.0,0.0,0.0,0.0,0.0,0.0
2026-06-01 12:23:00,3,Maize,Clay,64.9386,649.3862,75.0,30.0,90.0,1.0,0.7764,65.0,0.0614,0.0,0.0,0.010885,0.013062,0.0,0.0,0.0,0.0,0.0,0.0
2026-06-01 12:24:00,1,Tomato,Loam,55.7148,390.0034,70.0,25.0,85.0,0.7,0.6826,60.0,4.2852,0.0,0.0,0.010825,0.012449,0.0,0.0,0.0,0.0,0.0,0.0
2026-06-01 12:24:00,2,Wheat,Sandy,42.6428,383.7856,60.0,18.0,78.0,0.9,0.5867,55.0,12.3572,0.0,0.0,0.010825,0.009201,0.0,0.0,0.0,0.0,0.0,0.0
2026-06-01 12:24:00,3,Maize,Clay,64.9373,649.3732,75.0,30.0,90.0,1.0,0.7764,65.0,0.0627,0.0,0.0,0.010825,0.01299,0.0,0.0,0.0,0.0,0.0,0.0
2026-06-01 12:25:00,1,Tomato,Loam,55.7129,389.9904,70.0,25.0,85.0,0.7,0.6825,60.0,4.2871,0.0,0.0,0.011297,0.012992,0.0,0.0,0.0,0.0,0.0,0.0
2026-06-01 12:25:00,2,Wheat,Sandy,42.6418,383.776,60.0,18.0,78.0,0.9,0.5867,55.0,12.3582,0.0,0.0,0.011297,0.009602,0.0,0.0,0.0,0.0,0.0,0.0
2026-06-01 12:25:00,3,Maize,Clay,64.936,649.3596,75.0,30.0,90.0,1.0,0.7764,65.0,0.064,0.0,0.0,0.011297,0.013556,0.0,0.0,0.0,0.0,0.0,0.0
2026-06-01 12:26:00,1,Tomato,Loam,55.7111,389.9774,70.0,25.0,85.0,0.7,0.6825,60.0,4.2889,0.0,0.0,0.011336,0.013036,0.0,0.0,0.0,0.0,0.0,0.0
2026-06-01 12:26:00,2,Wheat,Sandy,42.6407,383.7664,60.0,18.0,78.0,0.9,0.5867,55.0,12.3593,0.0,0.0,0.011336,0.009636,0.0,0.0,0.0,0.0,0.0,0.0
2026-06-01 12:26:00,3,Maize,Clay,64.9346,649.346,75.0,30.0,90.0,1.0,0.7763,65.0,0.0654,0.0,0.0,0.011336,0.013603,0.0,0.0,0.0,0.0,0.0,0.0
2026-06-01 12:27:00,1,Tomato,Loam,55.7092,389.9645,70.0,25.0,85.0,0.7,0.6824,60.0,4.2908,0.0,0.0,0.011242,0.012928,0.0,0.0,0.0,0.0,0.0,0.0
2026-06-01 12:27:00,2,Wheat,Sandy,42.6396,383.7568,60.0,18.0,78.0,0.9,0.5867,55.0,12.3604,0.0,0.0,0.011242,0.009556,0.0,0.0,0.0,0.0,0.0,0.0
2026-06-01 12:27:00,3,Maize,Clay,64.9333,649.3325,75.0,30.0,90.0,1.0,0.7763,65.0,0.0667,0.0,0.0,0.011242,0.01349,0.0,0.0,0.0,0.0,0.0,0.0
2026-06-01 12:28:00,1,Tomato,Loam,55.7073,389.9509,70.0,25.0,85.0,0.7,0.6824,60.0,4.2927,0.0,0.0,0.011803,0.013573,0.0,0.0,0.0,0.0,0.0,0.0
2026-06-01 12:28:00,2,Wheat,Sandy,42.6385,383.7468,60.0,18.0,78.0,0.9,0.5866,55.0,12.3615,0.0,0.0,0.011803,0.010033,0.0,0.0,0.0,0.0,0.0,0.0
2026-06-01 12:28:00,3,Maize,Clay,64.9318,649.3183,75.0,30.0,90.0,1.0,0.7763,65.0,0.0682,0.0,0.0,0.011803,0.014164,0.0,0.0,0.0,0.0,0.0,0.0
2026-06-01 12:29:00,1,Tomato,Loam,55.7054,389.9378,70.0,25.0,85.0,0.7,0.6823,60.0,4.2946,0.0,0.0,0.011416,0.013128,0.0,0.0,0.0,0.0,0.0,0.0
2026-06-01 12:29:00,2,Wheat,Sandy,42.6375,383.7371,60.0,18.0,78.0,0.9,0.5866,55.0,12.3625,0.0,0.0,0.011416,0.009704,0.0,0.0,0.0,0.0,0.0,0.0
2026-06-01 12:29:00,3,Maize,Clay,64.9305,649.3046,75.0,30.0,90.0,1.0,0.7762,65.0,0.0695,0.0,0.0,0.011416,0.013699,0.0,0.0,0.0,0.0,0.0,0.0
2026-06-01 12:30:00,1,Tomato,Loam,55.7035,389.9246,70.0,25.0,85.0,0.7,0.6823,60.0,4.2965,0.0,0.0,0.011511,0.013238,0.0,0.0,0.0,0.0,0.0,0.0
2026-06-01 12:30:00,2,Wheat,Sandy,42.6364,383.7273,60.0,18.0,78.0,0.9,0.5866,55.0,12.3636,0.0,0.0,0.011511,0.009784,0.0,0.0,0.0,0.0,0.0,0.0
2026-06-01 12:30:00,3,Maize,Clay,64.9291,649.2908,75.0,30.0,90.0,1.0,0.7762,65.0,0.0709,0.0,0.0,0.011511,0.013813,0.0,0.0,0.0,0.0,0.0,0.0
2026-06-01 12:31:00,1,Tomato,Loam,55.7017,389.9119,70.0,25.0,85.0,0.7,0.6823,60.0,4.2983,0.0,0.0,0.011062,0.012721,0.0,0.0,0.0,0.0,0.0,0.0
2026-06-01 12:31:00,2,Wheat,Sandy,42.6353,383.7179,60.0,18.0,78.0,0.9,0.5866,55.0,12.3647,0.0,0.0,0.011062,0.009403,0.0,0.0,0.0,0.0,0.0,0.0
2026-06-01 12:31:00,3,Maize,Clay,64.9278,649.2775,75.0,30.0,90.0,1.0,0.7762,65.0,0.0722,0.0,0.0,0.011062,0.013274,0.0,0.0,0.0,0.0,0.0,0.0
2026-06-01 12:32:00,1,Tomato,Loam,55.6999,389.8992,70.0,25.0,85.0,0.7,0.6822,60.0,4.3001,0.0,0.0,0.011078,0.01274,0.0,0.0,0.0,0.0,0.0,0.0
2026-06-01 12:32:00,2,Wheat,Sandy,42.6343,383.7085,60.0,18.0,78.0,0.9,0.5865,55.0,12.3657,0.0,0.0,0.011078,0.009416,0.0,0.0,0.0,0.0,0.0,0.0
2026-06-01 12:32:00,3,Maize,Clay,64.9264,649.2642,75.0,30.0,90.0,1.0,0.7761,65.0,0.0736,0.0,0.0,0.011078,0.013294,0.0,0.0,0.0,0.0,0.0,0.0
2026-06-01 12:33:00,1,Tomato,Loam,55.698,389.886,70.0,25.0,85.0,0.7,0.6822,60.0,4.302,0.0,0.0,0.011482,0.013204,0.0,0.0,0.0,0.0,0.0,0.0
2026-06-01 12:33:00,2,Wheat,Sandy,42.6332,383.6987,60.0,18.0,78.0,0.9,0.5865,55.0,12.3668,0.0,0.0,0.011482,0.00976,0.0,0.0,0.0,0.0,0.0,0.0
2026-06-01 12:33:00,3,Maize,Clay,64.925,649.2504,75.0,30.0,90.0,1.0,0.7761,65.0,0.075,0.0,0.0,0.011482,0.013778,0.0,0.0,0.0,0.0,0.0,0.0
2026-06-01 12:34:00,1,Tomato,Loam,55.6961,389.8727,70.0,25.0,85.0,0.7,0.6821,60.0,4.3039,0.0,0.0,0.011533,0.013263,0.0,0.0,0.0,0.0,0.0,0.0
2026-06-01 12:34:00,2,Wheat,Sandy,42.6321,383.6889,60.0,18.0,78.0,0.9,0.5865,55.0,12.3679,0.0,0.0,0.011533,0.009803,0.0,0.0,0.0,0.0,0.0,0.0
2026-06-01 12:34:00,3,Maize,Clay,64.9237,649.2366,75.0,30.0,90.0,1.0,0.7761,65.0,0.0763,0.0,0.0,0.011533,0.01384,0.0,0.0,0.0,0.0,0.0,0.0
2026-06-01 12:35:00,1,Tomato,Loam,55.6943,389.8601,70.0,25.0,85.0,0.7,0.6821,60.0,4.3057,0.0,0.0,0.010984,0.012632,0.0,0.0,0.0,0.0,0.0,0.0
2026-06-01 12:35:00,2,Wheat,Sandy,42.6311,383.6796,60.0,18.0,78.0,0.9,0.5865,55.0,12.3689,0.0,0.0,0.010984,0.009336,0.0,0.0,0.0,0.0,0.0,0.0
2026-06-01 12:35:00,3,Maize,Clay,64.9223,649.2234,75.0,30.0,90.0,1.0,0.7761,65.0,0.0777,0.0,0.0,0.010984,0.013181,0.0,0.0,0.0,0.0,0.0,0.0
2026-06-01 12:36:00,1,Tomato,Loam,55.6924,389.8471,70.0,25.0,85.0,0.7,0.6821,60.0,4.3076,0.0,0.0,0.011308,0.013004,0.0,0.0,0.0,0.0,0.0,0.0
2026-06-01 12:36:00,2,Wheat,Sandy,42.63,383.67,60.0,18.0,78.0,0.9,0.5864,55.0,12.37,0.0,0.0,0.011308,0.009612,0.0,0.0,0.0,0.0,0.0,0.0
2026-06-01 12:36:00,3,Maize,Clay,64.921,649.2098,75.0,30.0,90.0,1.0,0.776,65.0,0.079,0.0,0.0,0.011308,0.01357,0.0,0.0,0.0,0.0,0.0,0.0
2026-06-01 12:37:00,1,Tomato,Loam,55.6906,389.834,70.0,25.0,85.0,0.7,0.682,60.0,4.3094,0.0,0.0,0.011423,0.013136,0.0,0.0,0.0,0.0,0.0,0.0
2026-06-01 12:37:00,2,Wheat,Sandy,42.6289,383.6603,60.0,18.0,78.0,0.9,0.5864,55.0,12.3711,0.0,0.0,0.011423,0.00971,0.0,0.0,0.0,0.0,0.0,0.0
2026-06-01 12:37:00,3,Maize,Clay,64.9196,649.1961,75.0,30.0,90.0,1.0,0.776,65.0,0.0804,0.0,0.0,0.011423,0.013708,0.0,0.0,0.0,0.0,0.0,0.0
2026-06-01 12:38:00,1,Tomato,Loam,55.6887,389.8209,70.0,25.0,85.0,0.7,0.682,60.0,4.3113,0.0,0.0,0.011394,0.013103,0.0,0.0,0.0,0.0,0.0,0.0
2026-06-01 12:38:00,2,Wheat,Sandy,42.6278,383.6506,60.0,18.0,78.0,0.9,0.5864,55.0,12.3722,0.0,0.0,0.011394,0.009685,0.0,0.0,0.0,0.0,0.0,0.0
2026-06-01 12:38:00,3,Maize,Clay,64.9182,649.1824,75.0,30.0,90.0,1.0,0.776,65.0,0.0818,0.0,0.0,0.011394,0.013673,0.0,0.0,0.0,0.0,0.0,0.0
2026-06-01 12:39:00,1,Tomato,Loam,55.6869,389.808,70.0,25.0,85.0,0.7,0.6819,60.0,4.3131,0.0,0.0,0.011249,0.012936,0.0,0.0,0.0,0.0,0.0,0.0
2026-06-01 12:39:00,2,Wheat,Sandy,42.6268,383.641,60.0,18.0,78.0,0.9,0.5864,55.0,12.3732,0.0,0.0,0.011249,0.009562,0.0,0.0,0.0,0.0,0.0,0.0
2026-06-01 12:39:00,3,Maize,Clay,64.9169,649.1689,75.0,30.0,90.0,1.0,0.7759,65.0,0.0831,0.0,0.0,0.011249,0.013499,0.0,0.0,0.0,0.0,0.0,0.0
2026-06-01 12:40:00,1,Tomato,Loam,55.685,389.7949,70.0,25.0,85.0,0.7,0.6819,60.0,4.315,0.0,0.0,0.011369,0.013074,0.0,0.0,0.0,0.0,0.0,0.0
2026-06-01 12:40:00,2,Wheat,Sandy,42.6257,383.6313,60.0,18.0,78.0,0.9,0.5863,55.0,12.3743,0.0,0.0,0.011369,0.009664,0.0,0.0,0.0,0.0,0.0,0.0
2026-06-01 12:40:00,3,Maize,Clay,64.9155,649.1553,75.0,30.0,90.0,1.0,0.7759,65.0,0.0845,0.0,0.0,0.011369,0.013643,0.0,0.0,0.0,0.0,0.0,0.0
2026-06-01 12:41:00,1,Tomato,Loam,55.6831,389.7818,70.0,25.0,85.0,0.7,0.6818,60.0,4.3169,0.0,0.0,0.011379,0.013086,0.0,0.0,0.0,0.0,0.0,0.0
2026-06-01 12:41:00,2,Wheat,Sandy,42.6246,383.6216,60.0,18.0,78.0,0.9,0.5863,55.0,12.3754,0.0,0.0,0.011379,0.009672,0.0,0.0,0.0,0.0,0.0,0.0
2026-06-01 12:41:00,3,Maize,Clay,64.9142,649.1416,75.0,30.0,90.0,1.0,0.7759,65.0,0.0858,0.0,0.0,0.011379,0.013655,0.0,0.0,0.0,0.0,0.0,0.0
2026-06-01 12:42:00,1,Tomato,Loam,55.6812,389.7686,70.0,25.0,85.0,0.7,0.6818,60.0,4.3188,0.0,0.0,0.01151,0.013236,0.0,0.0,0.0,0.0,0.0,0.0
2026-06-01 12:42:00,2,Wheat,Sandy,42.6235,383.6118,60.0,18.0,78.0,0.9,0.5863,55.0,12.3765,0.0,0.0,0.01151,0.009783,0.0,0.0,0.0,0.0,0.0,0.0
2026-06-01 12:42:00,3,Maize,Clay,64.9128,649.1278,75.0,30.0,90.0,1.0,0.7758,65.0,0.0872,0.0,0.0,0.01151,0.013812,0.0,0.0,0.0,0.0,0.0,0.0
2026-06-01 12:43:00,1,Tomato,Loam,55.6793,389.7552,70.0,25.0,85.0,0.7,0.6818,60.0,4.3207,0.0,0.0,0.011656,0.013404,0.0,0.0,0.0,0.0,0.0,0.0
2026-06-01 12:43:00,2,Wheat,Sandy,42.6224,383.6019,60.0,18.0,78.0,0.9,0.5862,55.0,12.3776,0.0,0.0,0.011656,0.009908,0.0,0.0,0.0,0.0,0.0,0.0
2026-06-01 12:43:00,3,Maize,Clay,64.9114,649.1138,75.0,30.0,90.0,1.0,0.7758,65.0,0.0886,0.0,0.0,0.011656,0.013987,0.0,0.0,0.0,0.0,0.0,0.0
2026-06-01 12:44:00,1,Tomato,Loam,55.6774,389.7417,70.0,25.0,85.0,0.7,0.6817,60.0,4.3226,0.0,0.0,0.011776,0.013542,0.0,0.0,0.0,0.0,0.0,0.0
2026-06-01 12:44:00,2,Wheat,Sandy,42.6213,383.5919,60.0,18.0,78.0,0.9,0.5862,55.0,12.3787,0.0,0.0,0.011776,0.01001,0.0,0.0,0.0,0.0,0.0,0.0
2026-06-01 12:44:00,3,Maize,Clay,64.91,649.0997,75.0,30.0,90.0,1.0,0.7758,65.0,0.09,0.0,0.0,0.011776,0.014131,0.0,0.0,0.0,0.0,0.0,0.0
2026-06-01 12:45:00,1,Tomato,Loam,55.6755,389.7286,70.0,25.0,85.0,0.7,0.6817,60.0,4.3245,0.0,0.0,0.011348,0.01305,0.0,0.0,0.0,0.0,0.0,0.0
2026-06-01 12:45:00,2,Wheat,Sandy,42.6203,383.5823,60.0,18.0,78.0,0.9,0.5862,55.0,12.3797,0.0,0.0,0.011348,0.009646,0.0,0.0,0.0,0.0,0.0,0.0
2026-06-01 12:45:00,3,Maize,Clay,64.9086,649.0861,75.0,30.0,90.0,1.0,0.7757,65.0,0.0914,0.0,0.0,0.011348,0.013618,0.0,0.0,0.0,0.0,0.0,0.0
2026-06-01 12:46:00,1,Tomato,Loam,55.6737,389.7156,70.0,25.0,85.0,0.7,0.6816,60.0,4.3263,0.0,0.0,0.011316,0.013013,0.0,0.0,0.0,0.0,0.0,0.0
2026-06-01 12:46:00,2,Wheat,Sandy,42.6192,383.5727,60.0,18.0,78.0,0.9,0.5862,55.0,12.3808,0.0,0.0,0.011316,0.009619,0.0,0.0,0.0,0.0,0.0,0.0
2026-06-01 12:46:00,3,Maize,Clay,64.9073,649.0725,75.0,30.0,90.0,1.0,0.7757,65.0,0.0927,0.0,0.0,0.011316,0.013579,0.0,0.0,0.0,0.0,0.0,0.0
2026-06-01 12:47:00,1,Tomato,Loam,55.6718,389.7023,70.0,25.0,85.0,0.7,0.6816,60.0,4.3282,0.0,0.0,0.011569,0.013304,0.0,0.0,0.0,0.0,0.0,0.0
2026-06-01 12:47:00,2,Wheat,Sandy,42.6181,383.5629,60.0,18.0,78.0,0.9,0.5861,55.0,12.3819,0.0,0.0,0.011569,0.009834,0.0,0.0,0.0,0.0,0.0,0.0
2026-06-01 12:47:00,3,Maize,Clay,64.9059,649.0586,75.0,30.0,90.0,1.0,0.7757,65.0,0.0941,0.0,0.0,0.011569,0.013883,0.0,0.0,0.0,0.0,0.0,0.0
2026-06-01 12:48:00,1,Tomato,Loam,55.6699,389.689,70.0,25.0,85.0,0.7,0.6816,60.0,4.3301,0.0,0.0,0.011543,0.013274,0.0,0.0,0.0,0.0,0.0,0.0
2026-06-01 12:48:00,2,Wheat,Sandy,42.617,383.5531,60.0,18.0,78.0,0.9,0.5861,55.0,12.383,0.0,0.0,0.011543,0.009812,0.0,0.0,0.0,0.0,0.0,0.0
2026-06-01 12:48:00,3,Maize,Clay,64.9045,649.0447,75.0,30.0,90.0,1.0,0.7757,65.0,0.0955,0.0,0.0,0.011543,0.013852,0.0,0.0,0.0,0.0,0.0,0.0
2026-06-01 12:49:00,1,Tomato,Loam,55.668,389.6758,70.0,25.0,85.0,0.7,0.6815,60.0,4.332,0.0,0.0,0.011502,0.013227,0.0,0.0,0.0,0.0,0.0,0.0
2026-06-01 12:49:00,2,Wheat,Sandy,42.6159,383.5433,60.0,18.0,78.0,0.9,0.5861,55.0,12.3841,0.0,0.0,0.011502,0.009777,0.0,0.0,0.0,0.0,0.0,0.0
2026-06-01 12:49:00,3,Maize,Clay,64.9031,649.0309,75.0,30.0,90.0,1.0,0.7756,65.0,0.0969,0.0,0.0,0.011502,0.013802,0.0,0.0,0.0,0.0,0.0,0.0
2026-06-01 12:50:00,1,Tomato,Loam,55.666,389.6623,70.0,25.0,85.0,0.7,0.6815,60.0,4.334,0.0,0.0,0.011774,0.01354,0.0,0.0,0.0,0.0,0.0,0.0
2026-06-01 12:50:00,2,Wheat,Sandy,42.6148,383.5333,60.0,18.0,78.0,0.9,0.5861,55.0,12.3852,0.0,0.0,0.011774,0.010008,0.0,0.0,0.0,0.0,0.0,0.0
2026-06-01 12:50:00,3,Maize,Clay,64.9017,649.0168,75.0,30.0,90.0,1.0,0.7756,65.0,0.0983,0.0,0.0,0.011774,0.014129,0.0,0.0,0.0,0.0,0.0,0.0
2026-06-01 12:51:00,1,Tomato,Loam,55.6641,389.6487,70.0,25.0,85.0,0.7,0.6814,60.0,4.3359,0.0,0.0,0.011839,0.013615,0.0,0.0,0.0,0.0,0.0,0.0
2026-06-01 12:51:00,2,Wheat,Sandy,42.6137,383.5232,60.0,18.0,78.0,0.9,0.586,55.0,12.3863,0.0,0.0,0.011839,0.010063,0.0,0.0,0.0,0.0,0.0,0.0
2026-06-01 12:51:00,3,Maize,Clay,64.9003,649.0026,75.0,30.0,90.0,1.0,0.7756,65.0,0.0997,0.0,0.0,0.011839,0.014207,0.0,0.0,0.0,0.0,0.0,0.0
2026-06-01 12:52:00,1,Tomato,Loam,55.6622,389.6351,70.0,25.0,85.0,0.7,0.6814,60.0,4.3378,0.0,0.0,0.011835,0.01361,0.0,0.0,0.0,0.0,0.0,0.0
2026-06-01 12:52:00,2,Wheat,Sandy,42.6126,383.5131,60.0,18.0,78.0,0.9,0.586,55.0,12.3874,0.0,0.0,0.011835,0.01006,0.0,0.0,0.0,0.0,0.0,0.0
2026-06-01 12:52:00,3,Maize,Clay,64.8988,648.9884,75.0,30.0,90.0,1.0,0.7755,65.0,0.1012,0.0,0.0,0.011835,0.014202,0.0,0.0,0.0,0.0,0.0,0.0
2026-06-01 12:53:00,1,Tomato,Loam,55.6602,389.6213,70.0,25.0,85.0,0.7,0.6813,60.0,4.3398,0.0,0.0,0.012043,0.013849,0.0,0.0,0.0,0.0,0.0,0.0
2026-06-01 12:53:00,2,Wheat,Sandy,42.6114,383.5029,60.0,18.0,78.0,0.9,0.586,55.0,12.3886,0.0,0.0,0.012043,0.010237,0.0,0.0,0.0,0.0,0.0,0.0
2026-06-01 12:53:00,3,Maize,Clay,64.8974,648.9739,75.0,30.0,90.0,1.0,0.7755,65.0,0.1026,0.0,0.0,0.012043,0.014452,0.0,0.0,0.0,0.0,0.0,0.0
2026-06-01 12:54:00,1,Tomato,Loam,55.6583,389.6083,70.0,25.0,85.0,0.7,0.6813,60.0,4.3417,0.0,0.0,0.011293,0.012987,0.0,0.0,0.0,0.0,0.0,0.0
2026-06-01 12:54:00,2,Wheat,Sandy,42.6104,383.4933,60.0,18.0,78.0,0.9,0.586,55.0,12.3896,0.0,0.0,0.011293,0.009599,0.0,0.0,0.0,0.0,0.0,0.0
2026-06-01 12:54:00,3,Maize,Clay,64.896,648.9603,75.0,30.0,90.0,1.0,0.7755,65.0,0.104,0.0,0.0,0.011293,0.013552,0.0,0.0,0.0,0.0,0.0,0.0
2026-06-01 12:55:00,1,Tomato,Loam,55.6564,389.595,70.0,25.0,85.0,0.7,0.6813,60.0,4.3436,0.0,0.0,0.011534,0.013264,0.0,0.0,0.0,0.0,0.0,0.0
2026-06-01 12:55:00,2,Wheat,Sandy,42.6093,383.4835,60.0,18.0,78.0,0.9,0.5859,55.0,12.3907,0.0,0.0,0.011534,0.009804,0.0,0.0,0.0,0.0,0.0,0.0
2026-06-01 12:55:00,3,Maize,Clay,64.8946,648.9465,75.0,30.0,90.0,1.0,0.7754,65.0,0.1054,0.0,0.0,0.011534,0.013841,0.0,0.0,0.0,0.0,0.0,0.0
2026-06-01 12:56:00,1,Tomato,Loam,55.6545,389.5818,70.0,25.0,85.0,0.7,0.6812,60.0,4.3455,0.0,0.0,0.011505,0.013231,0.0,0.0,0.0,0.0,0.0,0.0
2026-06-01 12:56:00,2,Wheat,Sandy,42.6082,383.4737,60.0,18.0,78.0,0.9,0.5859,55.0,12.3918,0.0,0.0,0.011505,0.009779,0.0,0.0,0.0,0.0,0.0,0.0
2026-06-01 12:56:00,3,Maize,Clay,64.8933,648.9327,75.0,30.0,90.0,1.0,0.7754,65.0,0.1067,0.0,0.0,0.011505,0.013806,0.0,0.0,0.0,0.0,0.0,0.0
2026-06-01 12:57:00,1,Tomato,Loam,55.6526,389.5685,70.0,25.0,85.0,0.7,0.6812,60.0,4.3474,0.0,0.0,0.011529,0.013258,0.0,0.0,0.0,0.0,0.0,0.0
2026-06-01 12:57:00,2,Wheat,Sandy,42.6071,383.4639,60.0,18.0,78.0,0.9,0.5859,55.0,12.3929,0.0,0.0,0.011529,0.0098,0.0,0.0,0.0,0.0,0.0,0.0
2026-06-01 12:57:00,3,Maize,Clay,64.8919,648.9189,75.0,30.0,90.0,1.0,0.7754,65.0,0.1081,0.0,0.0,0.011529,0.013835,0.0,0.0,0.0,0.0,0.0,0.0
2026-06-01 12:58:00,1,Tomato,Loam,55.6508,389.5554,70.0,25.0,85.0,0.7,0.6811,60.0,4.3492,0.0,0.0,0.01138,0.013087,0.0,0.0,0.0,0.0,0.0,0.0
2026-06-01 12:58:00,2,Wheat,Sandy,42.606,383.4542,60.0,18.0,78.0,0.9,0.5859,55.0,12.394,0.0,0.0,0.01138,0.009673,0.0,0.0,0.0,0.0,0.0,0.0
2026-06-01 12:58:00,3,Maize,Clay,64.8905,648.9052,75.0,30.0,90.0,1.0,0.7753,65.0,0.1095,0.0,0.0,0.01138,0.013656,0.0,0.0,0.0,0.0,0.0,0.0
2026-06-01 12:59:00,1,Tomato,Loam,55.649,389.5427,70.0,25.0,85.0,0.7,0.6811,60.0,4.351,0.0,0.0,0.011073,0.012734,0.0,0.0,0.0,0.0,0.0,0.0
2026-06-01 12:59:00,2,Wheat,Sandy,42.605,383.4448,60.0,18.0,78.0,0.9,0.5858,55.0,12.395,0.0,0.0,0.011073,0.009412,0.0,0.0,0.0,0.0,0.0,0.0
2026-06-01 12:59:00,3,Maize,Clay,64.8892,648.8919,75.0,30.0,90.0,1.0,0.7753,65.0,0.1108,0.0,0.0,0.011073,0.013288,0.0,0.0,0.0,0.0,0.0,0.0
2026-06-01 13:00:00,1,Tomato,Loam,55.6471,389.5294,70.0,25.0,85.0,0.7,0.681,60.0,4.3529,0.0,0.0,0.011563,0.013297,0.0,0.0,0.0,0.0,0.0,0.0
2026-06-01 13:00:00,2,Wheat,Sandy,42.6039,383.435,60.0,18.0,78.0,0.9,0.5858,55.0,12.3961,0.0,0.0,0.011563,0.009829,0.0,0.0,0.0,0.0,0.0,0.0
2026-06-01 13:00:00,3,Maize,Clay,64.8878,648.878,75.0,30.0,90.0,1.0,0.7753,65.0,0.1122,0.0,0.0,0.011563,0.013876,0.0,0.0,0.0,0.0,0.0,0.0
2026-06-01 13:01:00,1,Tomato,Loam,55.6452,389.5163,70.0,25.0,85.0,0.7,0.681,60.0,4.3548,0.0,0.0,0.011378,0.013085,0.0,0.0,0.0,0.0,0.0,0.0
2026-06-01 13:01:00,2,Wheat,Sandy,42.6028,383.4253,60.0,18.0,78.0,0.9,0.5858,55.0,12.3972,0.0,0.0,0.011378,0.009671,0.0,0.0,0.0,0.0,0.0,0.0
2026-06-01 13:01:00,3,Maize,Clay,64.8864,648.8643,75.0,30.0,90.0,1.0,0.7753,65.0,0.1136,0.0,0.0,0.011378,0.013654,0.0,0.0,0.0,0.0,0.0,0.0
2026-06-01 13:02:00,1,Tomato,Loam,55.6433,389.5028,70.0,25.0,85.0,0.7,0.681,60.0,4.3567,0.0,0.0,0.011715,0.013472,0.0,0.0,0.0,0.0,0.0,0.0
2026-06-01 13:02:00,2,Wheat,Sandy,42.6017,383.4153,60.0,18.0,78.0,0.9,0.5858,55.0,12.3983,0.0,0.0,0.011715,0.009958,0.0,0.0,0.0,0.0,0.0,0.0
2026-06-01 13:02:00,3,Maize,Clay,64.885,648.8502,75.0,30.0,90.0,1.0,0.7752,65.0,0.115,0.0,0.0,0.011715,0.014058,0.0,0.0,0.0,0.0,0.0,0.0
2026-06-01 13:03:00,1,Tomato,Loam,55.6414,389.4897,70.0,25.0,85.0,0.7,0.6809,60.0,4.3586,0.0,0.0,0.011397,0.013107,0.0,0.0,0.0,0.0,0.0,0.0
2026-06-01 13:03:00,2,Wheat,Sandy,42.6006,383.4056,60.0,18.0,78.0,0.9,0.5857,55.0,12.3994,0.0,0.0,0.011397,0.009687,0.0,0.0,0.0,0.0,0.0,0.0
2026-06-01 13:03:00,3,Maize,Clay,64.8837,648.8365,75.0,30.0,90.0,1.0,0.7752,65.0,0.1163,0.0,0.0,0.011397,0.013676,0.0,0.0,0.0,0.0,0.0,0.0
2026-06-01 13:04:00,1,Tomato,Loam,55.6395,389.4767,70.0,25.0,85.0,0.7,0.6809,60.0,4.3605,0.0,0.0,0.011291,0.012985,0.0,0.0,0.0,0.0,0.0,0.0
2026-06-01 13:04:00,2,Wheat,Sandy,42.5996,383.396,60.0,18.0,78.0,0.9,0.5857,55.0,12.4004,0.0,0.0,0.011291,0.009597,0.0,0.0,0.0,0.0,0.0,0.0
2026-06-01 13:04:00,3,Maize,Clay,64.8823,648.823,75.0,30.0,90.0,1.0,0.7752,65.0,0.1177,0.0,0.0,0.011291,0.013549,0.0,0.0,0.0,0.0,0.0,0.0
2026-06-01 13:05:00,1,Tomato,Loam,55.6376,389.4633,70.0,25.0,85.0,0.7,0.6808,60.0,4.3624,0.0,0.0,0.011669,0.013419,0.0,0.0,0.0,0.0,0.0,0.0
2026-06-01 13:05:00,2,Wheat,Sandy,42.5985,383.3861,60.0,18.0,78.0,0.9,0.5857,55.0,12.4015,0.0,0.0,0.011669,0.009919,0.0,0.0,0.0,0.0,0.0,0.0
2026-06-01 13:05:00,3,Maize,Clay,64.8809,648.809,75.0,30.0,90.0,1.0,0.7751,65.0,0.1191,0.0,0.0,0.011669,0.014003,0.0,0.0,0.0,0.0,0.0,0.0
2026-06-01 13:06:00,1,Tomato,Loam,55.6357,389.4499,70.0,25.0,85.0,0.7,0.6808,60.0,4.3643,0.0,0.0,0.01164,0.013386,0.0,0.0,0.0,0.0,0.0,0.0
2026-06-01 13:06:00,2,Wheat,Sandy,42.5974,383.3762,60.0,18.0,78.0,0.9,0.5857,55.0,12.4026,0.0,0.0,0.01164,0.009894,0.0,0.0,0.0,0.0,0.0,0.0
2026-06-01 13:06:00,3,Maize,Clay,64.8795,648.795,75.0,30.0,90.0,1.0,0.7751,65.0,0.1205,0.0,0.0,0.01164,0.013968,0.0,0.0,0.0,0.0,0.0,0.0
2026-06-01 13:07:00,1,Tomato,Loam,55.6338,389.4364,70.0,25.0,85.0,0.7,0.6808,60.0,4.3662,0.0,0.0,0.011742,0.013503,0.0,0.0,0.0,0.0,0.0,0.0
2026-06-01 13:07:00,2,Wheat,Sandy,42.5962,383.3662,60.0,18.0,78.0,0.9,0.5856,55.0,12.4038,0.0,0.0,0.011742,0.009981,0.0,0.0,0.0,0.0,0.0,0.0
2026-06-01 13:07:00,3,Maize,Clay,64.8781,648.7809,75.0,30.0,90.0,1.0,0.7751,65.0,0.1219,0.0,0.0,0.011742,0.01409,0.0,0.0,0.0,0.0,0.0,0.0
2026-06-01 13:08:00,1,Tomato,Loam,55.6318,389.4224,70.0,25.0,85.0,0.7,0.6807,60.0,4.3682,0.0,0.0,0.012149,0.013971,0.0,0.0,0.0,0.0,0.0,0.0
2026-06-01 13:08:00,2,Wheat,Sandy,42.5951,383.3559,60.0,18.0,78.0,0.9,0.5856,55.0,12.4049,0.0,0.0,0.012149,0.010327,0.0,0.0,0.0,0.0,0.0,0.0
2026-06-01 13:08:00,3,Maize,Clay,64.8766,648.7663,75.0,30.0,90.0,1.0,0.775,65.0,0.1234,0.0,0.0,0.012149,0.014579,0.0,0.0,0.0,0.0,0.0,0.0
2026-06-01 13:09:00,1,Tomato,Loam,55.6299,389.409,70.0,25.0,85.0,0.7,0.6807,60.0,4.3701,0.0,0.0,0.011665,0.013415,0.0,0.0,0.0,0.0,0.0,0.0
2026-06-01 13:09:00,2,Wheat,Sandy,42.594,383.346,60.0,18.0,78.0,0.9,0.5856,55.0,12.406,0.0,0.0,0.011665,0.009915,0.0,0.0,0.0,0.0,0.0,0.0
2026-06-01 13:09:00,3,Maize,Clay,64.8752,648.7523,75.0,30.0,90.0,1.0,0.775,65.0,0.1248,0.0,0.0,0.011665,0.013998,0.0,0.0,0.0,0.0,0.0,0.0
2026-06-01 13:10:00,1,Tomato,Loam,55.6279,389.3956,70.0,25.0,85.0,0.7,0.6806,60.0,4.3721,0.0,0.0,0.011669,0.013419,0.0,0.0,0.0,0.0,0.0,0.0
2026-06-01 13:10:00,2,Wheat,Sandy,42.5929,383.3361,60.0,18.0,78.0,0.9,0.5855,55.0,12.4071,0.0,0.0,0.011669,0.009919,0.0,0.0,0.0,0.0,0.0,0.0
2026-06-01 13:10:00,3,Maize,Clay,64.8738,648.7383,75.0,30.0,90.0,1.0,0.775,65.0,0.1262,0.0,0.0,0.011669,0.014003,0.0,0.0,0.0,0.0,0.0,0.0
2026-06-01 13:11:00,1,Tomato,Loam,55.6261,389.3827,70.0,25.0,85.0,0.7,0.6806,60.0,4.3739,0.0,0.0,0.011233,0.012918,0.0,0.0,0.0,0.0,0.0,0.0
2026-06-01 13:11:00,2,Wheat,Sandy,42.5918,383.3266,60.0,18.0,78.0,0.9,0.5855,55.0,12.4082,0.0,0.0,0.011233,0.009548,0.0,0.0,0.0,0.0,0.0,0.0
2026-06-01 13:11:00,3,Maize,Clay,64.8725,648.7248,75.0,30.0,90.0,1.0,0.7749,65.0,0.1275,0.0,0.0,0.011233,0.01348,0.0,0.0,0.0,0.0,0.0,0.0
2026-06-01 13:12:00,1,Tomato,Loam,55.6242,389.3697,70.0,25.0,85.0,0.7,0.6805,60.0,4.3758,0.0,0.0,0.011275,0.012966,0.0,0.0,0.0,0.0,0.0,0.0
2026-06-01 13:12:00,2,Wheat,Sandy,42.5908,383.317,60.0,18.0,78.0,0.9,0.5855,55.0,12.4092,0.0,0.0,0.011275,0.009584,0.0,0.0,0.0,0.0,0.0,0.0
2026-06-01 13:12:00,3,Maize,Clay,64.8711,648.7113,75.0,30.0,90.0,1.0,0.7749,65.0,0.1289,0.0,0.0,0.011275,0.01353,0.0,0.0,0.0,0.0,0.0,0.0
2026-06-01 13:13:00,1,Tomato,Loam,55.6223,389.3558,70.0,25.0,85.0,0.7,0.6805,60.0,4.3777,0.0,0.0,0.012097,0.013912,0.0,0.0,0.0,0.0,0.0,0.0
2026-06-01 13:13:00,2,Wheat,Sandy,42.5896,383.3067,60.0,18.0,78.0,0.9,0.5855,55.0,12.4104,0.0,0.0,0.012097,0.010282,0.0,0.0,0.0,0.0,0.0,0.0
2026-06-01 13:13:00,3,Maize,Clay,64.8697,648.6968,75.0,30.0,90.0,1.0,0.7749,65.0,0.1303,0.0,0.0,0.012097,0.014516,0.0,0.0,0.0,0.0,0.0,0.0
2026-06-01 13:14:00,1,Tomato,Loam,55.6204,389.3428,70.0,25.0,85.0,0.7,0.6805,60.0,4.3796,0.0,0.0,0.011343,0.013044,0.0,0.0,0.0,0.0,0.0,0.0
2026-06-01 13:14:00,2,Wheat,Sandy,42.5886,383.2971,60.0,18.0,78.0,0.9,0.5854,55.0,12.4114,0.0,0.0,0.011343,0.009642,0.0,0.0,0.0,0.0,0.0,0.0
2026-06-01 13:14:00,3,Maize,Clay,64.8683,648.6832,75.0,30.0,90.0,1.0,0.7749,65.0,0.1317,0.0,0.0,0.011343,0.013612,0.0,0.0,0.0,0.0,0.0,0.0
2026-06-01 13:15:00,1,Tomato,Loam,55.6185,389.3298,70.0,25.0,85.0,0.7,0.6804,60.0,4.3815,0.0,0.0,0.011295,0.012989,0.0,0.0,0.0,0.0,0.0,0.0
2026-06-01 13:15:00,2,Wheat,Sandy,42.5875,383.2875,60.0,18.0,78.0,0.9,0.5854,55.0,12.4125,0.0,0.0,0.011295,0.009601,0.0,0.0,0.0,0.0,0.0,0.0
2026-06-01 13:15:00,3,Maize,Clay,64.867,648.6696,75.0,30.0,90.0,1.0,0.7748,65.0,0.133,0.0,0.0,0.011295,0.013554,0.0,0.0,0.0,0.0,0.0,0.0
2026-06-01 13:16:00,1,Tomato,Loam,55.6166,389.3164,70.0,25.0,85.0,0.7,0.6804,60.0,4.3834,0.0,0.0,0.011695,0.013449,0.0,0.0,0.0,0.0,0.0,0.0
2026-06-01 13:16:00,2,Wheat,Sandy,42.5864,383.2776,60.0,18.0,78.0,0.9,0.5854,55.0,12.4136,0.0,0.0,0.011695,0.009941,0.0,0.0,0.0,0.0,0.0,0.0
2026-06-01 13:16:00,3,Maize,Clay,64.8656,648.6556,75.0,30.0,90.0,1.0,0.7748,65.0,0.1344,0.0,0.0,0.011695,0.014034,0.0,0.0,0.0,0.0,0.0,0.0
2026-06-01 13:17:00,1,Tomato,Loam,55.6147,389.303,70.0,25.0,85.0,0.7,0.6803,60.0,4.3853,0.0,0.0,0.01162,0.013363,0.0,0.0,0.0,0.0,0.0,0.0
2026-06-01 13:17:00,2,Wheat,Sandy,42.5853,383.2677,60.0,18.0,78.0,0.9,0.5854,55.0,12.4147,0.0,0.0,0.01162,0.009877,0.0,0.0,0.0,0.0,0.0,0.0
2026-06-01 13:17:00,3,Maize,Clay,64.8642,648.6417,75.0,30.0,90.0,1.0,0.7748,65.0,0.1358,0.0,0.0,0.01162,0.013944,0.0,0.0,0.0,0.0,0.0,0.0
2026-06-01 13:18:00,1,Tomato,Loam,55.6128,389.2899,70.0,25.0,85.0,0.7,0.6803,60.0,4.3872,0.0,0.0,0.011419,0.013132,0.0,0.0,0.0,0.0,0.0,0.0
2026-06-01 13:18:00,2,Wheat,Sandy,42.5842,383.258,60.0,18.0,78.0,0.9,0.5853,55.0,12.4158,0.0,0.0,0.011419,0.009706,0.0,0.0,0.0,0.0,0.0,0.0
2026-06-01 13:18:00,3,Maize,Clay,64.8628,648.628,75.0,30.0,90.0,1.0,0.7747,65.0,0.1372,0.0,0.0,0.011419,0.013703,0.0,0.0,0.0,0.0,0.0,0.0
2026-06-01 13:19:00,1,Tomato,Loam,55.6109,389.2766,70.0,25.0,85.0,0.7,0.6802,60.0,4.3891,0.0,0.0,0.011551,0.013284,0.0,0.0,0.0,0.0,0.0,0.0
2026-06-01 13:19:00,2,Wheat,Sandy,42.5831,383.2482,60.0,18.0,78.0,0.9,0.5853,55.0,12.4169,0.0,0.0,0.011551,0.009818,0.0,0.0,0.0,0.0,0.0,0.0
2026-06-01 13:19:00,3,Maize,Clay,64.8614,648.6141,75.0,30.0,90.0,1.0,0.7747,65.0,0.1386,0.0,0.0,0.011551,0.013861,0.0,0.0,0.0,0.0,0.0,0.0
2026-06-01 13:20:00,1,Tomato,Loam,55.609,389.2629,70.0,25.0,85.0,0.7,0.6802,60.0,4.391,0.0,0.0,0.011908,0.013694,0.0,0.0,0.0,0.0,0.0,0.0
2026-06-01 13:20:00,2,Wheat,Sandy,42.582,383.2381,60.0,18.0,78.0,0.9,0.5853,55.0,12.418,0.0,0.0,0.011908,0.010122,0.0,0.0,0.0,0.0,0.0,0.0
2026-06-01 13:20:00,3,Maize,Clay,64.86,648.5998,75.0,30.0,90.0,1.0,0.7747,65.0,0.14,0.0,0.0,0.011908,0.01429,0.0,0.0,0.0,0.0,0.0,0.0
2026-06-01 13:21:00,1,Tomato,Loam,55.6071,389.2499,70.0,25.0,85.0,0.7,0.6802,60.0,4.3929,0.0,0.0,0.011297,0.012992,0.0,0.0,0.0,0.0,0.0,0.0
2026-06-01 13:21:00,2,Wheat,Sandy,42.5809,383.2285,60.0,18.0,78.0,0.9,0.5853,55.0,12.4191,0.0,0.0,0.011297,0.009602,0.0,0.0,0.0,0.0,0.0,0.0
2026-06-01 13:21:00,3,Maize,Clay,64.8586,648.5862,75.0,30.0,90.0,1.0,0.7746,65.0,0.1414,0.0,0.0,0.011297,0.013556,0.0,0.0,0.0,0.0,0.0,0.0
2026-06-01 13:22:00,1,Tomato,Loam,55.6053,389.237,70.0,25.0,85.0,0.7,0.6801,60.0,4.3947,0.0,0.0,0.011254,0.012942,0.0,0.0,0.0,0.0,0.0,0.0
2026-06-01 13:22:00,2,Wheat,Sandy,42.5799,383.2189,60.0,18.0,78.0,0.9,0.5852,55.0,12.4201,0.0,0.0,0.011254,0.009566,0.0,0.0,0.0,0.0,0.0,0.0
2026-06-01 13:22:00,3,Maize,Clay,64.8573,648.5727,75.0,30.0,90.0,1.0,0.7746,65.0,0.1427,0.0,0.0,0.011254,0.013505,0.0,0.0,0.0,0.0,0.0,0.0
2026-06-01 13:23:00,1,Tomato,Loam,55.6033,389.2233,70.0,25.0,85.0,0.7,0.6801,60.0,4.3967,0.0,0.0,0.011888,0.013671,0.0,0.0,0.0,0.0,0.0,0.0
2026-06-01 13:23:00,2,Wheat,Sandy,42.5788,383.2088,60.0,18.0,78.0,0.9,0.5852,55.0,12.4212,0.0,0.0,0.011888,0.010105,0.0,0.0,0.0,0.0,0.0,0.0
2026-06-01 13:23:00,3,Maize,Clay,64.8558,648.5584,75.0,30.0,90.0,1.0,0.7746,65.0,0.1442,0.0,0.0,0.011888,0.014266,0.0,0.0,0.0,0.0,0.0,0.0
2026-06-01 13:24:00,1,Tomato,Loam,55.6014,389.2097,70.0,25.0,85.0,0.7,0.68,60.0,4.3986,0.0,0.0,0.011818,0.013591,0.0,0.0,0.0,0.0,0.0,0.0
2026-06-01 13:24:00,2,Wheat,Sandy,42.5776,383.1988,60.0,18.0,78.0,0.9,0.5852,55.0,12.4224,0.0,0.0,0.011818,0.010045,0.0,0.0,0.0,0.0,0.0,0.0
2026-06-01 13:24:00,3,Maize,Clay,64.8544,648.5442,75.0,30.0,90.0,1.0,0.7745,65.0,0.1456,0.0,0.0,0.011818,0.014182,0.0,0.0,0.0,0.0,0.0,0.0
2026-06-01 13:25:00,1,Tomato,Loam,55.5995,389.1964,70.0,25.0,85.0,0.7,0.68,60.0,4.4005,0.0,0.0,0.011551,0.013284,0.0,0.0,0.0,0.0,0.0,0.0
2026-06-01 13:25:00,2,Wheat,Sandy,42.5766,383.189,60.0,18.0,78.0,0.9,0.5852,55.0,12.4234,0.0,0.0,0.011551,0.009818,0.0,0.0,0.0,0.0,0.0,0.0
2026-06-01 13:25:00,3,Maize,Clay,64.853,648.5303,75.0,30.0,90.0,1.0,0.7745,65.0,0.147,0.0,0.0,0.011551,0.013861,0.0,0.0,0.0,0.0,0.0,0.0
2026-06-01 13:26:00,1,Tomato,Loam,55.5976,389.1835,70.0,25.0,85.0,0.7,0.6799,60.0,4.4024,0.0,0.0,0.011242,0.012928,0.0,0.0,0.0,0.0,0.0,0.0
2026-06-01 13:26:00,2,Wheat,Sandy,42.5755,383.1794,60.0,18.0,78.0,0.9,0.5851,55.0,12.4245,0.0,0.0,0.011242,0.009556,0.0,0.0,0.0,0.0,0.0,0.0
2026-06-01 13:26:00,3,Maize,Clay,64.8517,648.5168,75.0,30.0,90.0,1.0,0.7745,65.0,0.1483,0.0,0.0,0.011242,0.01349,0.0,0.0,0.0,0.0,0.0,0.0
2026-06-01 13:27:00,1,Tomato,Loam,55.5958,389.1704,70.0,25.0,85.0,0.7,0.6799,60.0,4.4042,0.0,0.0,0.011389,0.013097,0.0,0.0,0.0,0.0,0.0,0.0
2026-06-01 13:27:00,2,Wheat,Sandy,42.5744,383.1697,60.0,18.0,78.0,0.9,0.5851,55.0,12.4256,0.0,0.0,0.011389,0.009681,0.0,0.0,0.0,0.0,0.0,0.0
2026-06-01 13:27:00,3,Maize,Clay,64.8503,648.5031,75.0,30.0,90.0,1.0,0.7745,65.0,0.1497,0.0,0.0,0.011389,0.013667,0.0,0.0,0.0,0.0,0.0,0.0
2026-06-01 13:28:00,1,Tomato,Loam,55.5939,389.1571,70.0,25.0,85.0,0.7,0.6799,60.0,4.4061,0.0,0.0,0.011533,0.013263,0.0,0.0,0.0,0.0,0.0,0.0
2026-06-01 13:28:00,2,Wheat,Sandy,42.5733,383.1599,60.0,18.0,78.0,0.9,0.5851,55.0,12.4267,0.0,0.0,0.011533,0.009803,0.0,0.0,0.0,0.0,0.0,0.0
2026-06-01 13:28:00,3,Maize,Clay,64.8489,648.4893,75.0,30.0,90.0,1.0,0.7744,65.0,0.1511,0.0,0.0,0.011533,0.01384,0.0,0.0,0.0,0.0,0.0,0.0
2026-06-01 13:29:00,1,Tomato,Loam,55.5919,389.1434,70.0,25.0,85.0,0.7,0.6798,60.0,4.4081,0.0,0.0,0.011903,0.013688,0.0,0.0,0.0,0.0,0.0,0.0
2026-06-01 13:29:00,2,Wheat,Sandy,42.5722,383.1498,60.0,18.0,78.0,0.9,0.5851,55.0,12.4278,0.0,0.0,0.011903,0.010118,0.0,0.0,0.0,0.0,0.0,0.0
2026-06-01 13:29:00,3,Maize,Clay,64.8475,648.475,75.0,30.0,90.0,1.0,0.7744,65.0,0.1525,0.0,0.0,0.011903,0.014284,0.0,0.0,0.0,0.0,0.0,0.0
2026-06-01 13:30:00,1,Tomato,Loam,55.5901,389.1304,70.0,25.0,85.0,0.7,0.6798,60.0,4.4099,0.0,0.0,0.011288,0.012981,0.0,0.0,0.0,0.0,0.0,0.0
2026-06-01 13:30:00,2,Wheat,Sandy,42.5711,383.1402,60.0,18.0,78.0,0.9,0.585,55.0,12.4289,0.0,0.0,0.011288,0.009595,0.0,0.0,0.0,0.0,0.0,0.0
2026-06-01 13:30:00,3,Maize,Clay,64.8461,648.4615,75.0,30.0,90.0,1.0,0.7744,65.0,0.1539,0.0,0.0,0.011288,0.013546,0.0,0.0,0.0,0.0,0.0,0.0
2026-06-01 13:31:00,1,Tomato,Loam,55.5882,389.1171,70.0,25.0,85.0,0.7,0.6797,60.0,4.4118,0.0,0.0,0.011566,0.013301,0.0,0.0,0.0,0.0,0.0,0.0
2026-06-01 13:31:00,2,Wheat,Sandy,42.57,383.1304,60.0,18.0,78.0,0.9,0.585,55.0,12.43,0.0,0.0,0.011566,0.009831,0.0,0.0,0.0,0.0,0.0,0.0
2026-06-01 13:31:00,3,Maize,Clay,64.8448,648.4476,75.0,30.0,90.0,1.0,0.7743,65.0,0.1552,0.0,0.0,0.011566,0.013879,0.0,0.0,0.0,0.0,0.0,0.0
2026-06-01 13:32:00,1,Tomato,Loam,55.5862,389.1035,70.0,25.0,85.0,0.7,0.6797,60.0,4.4138,0.0,0.0,0.011842,0.013618,0.0,0.0,0.0,0.0,0.0,0.0
2026-06-01 13:32:00,2,Wheat,Sandy,42.5689,383.1203,60.0,18.0,78.0,0.9,0.585,55.0,12.4311,0.0,0.0,0.011842,0.010066,0.0,0.0,0.0,0.0,0.0,0.0
2026-06-01 13:32:00,3,Maize,Clay,64.8433,648.4334,75.0,30.0,90.0,1.0,0.7743,65.0,0.1567,0.0,0.0,0.011842,0.01421,0.0,0.0,0.0,0.0,0.0,0.0
2026-06-01 13:33:00,1,Tomato,Loam,55.5844,389.0909,70.0,25.0,85.0,0.7,0.6797,60.0,4.4156,0.0,0.0,0.010942,0.012583,0.0,0.0,0.0,0.0,0.0,0.0
2026-06-01 13:33:00,2,Wheat,Sandy,42.5679,383.111,60.0,18.0,78.0,0.9,0.5849,55.0,12.4321,0.0,0.0,0.010942,0.009301,0.0,0.0,0.0,0.0,0.0,0.0
2026-06-01 13:33:00,3,Maize,Clay,64.842,648.4203,75.0,30.0,90.0,1.0,0.7743,65.0,0.158,0.0,0.0,0.010942,0.01313,0.0,0.0,0.0,0.0,0.0,0.0
2026-06-01 13:34:00,1,Tomato,Loam,55.5825,389.0773,70.0,25.0,85.0,0.7,0.6796,60.0,4.4175,0.0,0.0,0.011804,0.013575,0.0,0.0,0.0,0.0,0.0,0.0
2026-06-01 13:34:00,2,Wheat,Sandy,42.5668,383.101,60.0,18.0,78.0,0.9,0.5849,55.0,12.4332,0.0,0.0,0.011804,0.010033,0.0,0.0,0.0,0.0,0.0,0.0
2026-06-01 13:34:00,3,Maize,Clay,64.8406,648.4061,75.0,30.0,90.0,1.0,0.7742,65.0,0.1594,0.0,0.0,0.011804,0.014165,0.0,0.0,0.0,0.0,0.0,0.0
2026-06-01 13:35:00,1,Tomato,Loam,55.5806,389.0643,70.0,25.0,85.0,0.7,0.6796,60.0,4.4194,0.0,0.0,0.011321,0.013019,0.0,0.0,0.0,0.0,0.0,0.0
2026-06-01 13:35:00,2,Wheat,Sandy,42.5657,383.0914,60.0,18.0,78.0,0.9,0.5849,55.0,12.4343,0.0,0.0,0.011321,0.009623,0.0,0.0,0.0,0.0,0.0,0.0
2026-06-01 13:35:00,3,Maize,Clay,64.8393,648.3925,75.0,30.0,90.0,1.0,0.7742,65.0,0.1607,0.0,0.0,0.011321,0.013585,0.0,0.0,0.0,0.0,0.0,0.0
2026-06-01 13:36:00,1,Tomato,Loam,55.5787,389.0508,70.0,25.0,85.0,0.7,0.6795,60.0,4.4213,0.0,0.0,0.0117,0.013455,0.0,0.0,0.0,0.0,0.0,0.0
2026-06-01 13:36:00,2,Wheat,Sandy,42.5646,383.0815,60.0,18.0,78.0,0.9,0.5849,55.0,12.4354,0.0,0.0,0.0117,0.009945,0.0,0.0,0.0,0.0,0.0,0.0
2026-06-01 13:36:00,3,Maize,Clay,64.8378,648.3785,75.0,30.0,90.0,1.0,0.7742,65.0,0.1622,0.0,0.0,0.0117,0.01404,0.0,0.0,0.0,0.0,0.0,0.0
2026-06-01 13:37:00,1,Tomato,Loam,55.5768,389.0373,70.0,25.0,85.0,0.7,0.6795,60.0,4.4232,0.0,0.0,0.011698,0.013453,0.0,0.0,0.0,0.0,0.0,0.0
2026-06-01 13:37:00,2,Wheat,Sandy,42.5635,383.0716,60.0,18.0,78.0,0.9,0.5848,55.0,12.4365,0.0,0.0,0.011698,0.009943,0.0,0.0,0.0,0.0,0.0,0.0
2026-06-01 13:37:00,3,Maize,Clay,64.8364,648.3645,75.0,30.0,90.0,1.0,0.7741,65.0,0.1636,0.0,0.0,0.011698,0.014038,0.0,0.0,0.0,0.0,0.0,0.0
2026-06-01 13:38:00,1,Tomato,Loam,55.5748,389.0236,70.0,25.0,85.0,0.7,0.6794,60.0,4.4252,0.0,0.0,0.011899,0.013684,0.0,0.0,0.0,0.0,0.0,0.0
2026-06-01 13:38:00,2,Wheat,Sandy,42.5624,383.0615,60.0,18.0,78.0,0.9,0.5848,55.0,12.4376,0.0,0.0,0.011899,0.010114,0.0,0.0,0.0,0.0,0.0,0.0
2026-06-01 13:38:00,3,Maize,Clay,64.835,648.3502,75.0,30.0,90.0,1.0,0.7741,65.0,0.165,0.0,0.0,0.011899,0.014279,0.0,0.0,0.0,0.0,0.0,0.0
2026-06-01 13:39:00,1,Tomato,Loam,55.5729,389.0101,70.0,25.0,85.0,0.7,0.6794,60.0,4.4271,0.0,0.0,0.011724,0.013483,0.0,0.0,0.0,0.0,0.0,0.0
2026-06-01 13:39:00,2,Wheat,Sandy,42.5613,383.0515,60.0,18.0,78.0,0.9,0.5848,55.0,12.4387,0.0,0.0,0.011724,0.009965,0.0,0.0,0.0,0.0,0.0,0.0
2026-06-01 13:39:00,3,Maize,Clay,64.8336,648.3361,75.0,30.0,90.0,1.0,0.7741,65.0,0.1664,0.0,0.0,0.011724,0.014069,0.0,0.0,0.0,0.0,0.0,0.0
2026-06-01 13:40:00,1,Tomato,Loam,55.5711,388.9975,70.0,25.0,85.0,0.7,0.6794,60.0,4.4289,0.0,0.0,0.010953,0.012596,0.0,0.0,0.0,0.0,0.0,0.0
2026-06-01 13:40:00,2,Wheat,Sandy,42.5602,383.0422,60.0,18.0,78.0,0.9,0.5848,55.0,12.4398,0.0,0.0,0.010953,0.00931,0.0,0.0,0.0,0.0,0.0,0.0
2026-06-01 13:40:00,3,Maize,Clay,64.8323,648.323,75.0,30.0,90.0,1.0,0.7741,65.0,0.1677,0.0,0.0,0.010953,0.013144,0.0,0.0,0.0,0.0,0.0,0.0
2026-06-01 13:41:00,1,Tomato,Loam,55.5692,388.9844,70.0,25.0,85.0,0.7,0.6793,60.0,4.4308,0.0,0.0,0.01136,0.013064,0.0,0.0,0.0,0.0,0.0,0.0
2026-06-01 13:41:00,2,Wheat,Sandy,42.5592,383.0325,60.0,18.0,78.0,0.9,0.5847,55.0,12.4408,0.0,0.0,0.01136,0.009656,0.0,0.0,0.0,0.0,0.0,0.0
2026-06-01 13:41:00,3,Maize,Clay,64.8309,648.3094,75.0,30.0,90.0,1.0,0.774,65.0,0.1691,0.0,0.0,0.01136,0.013632,0.0,0.0,0.0,0.0,0.0,0.0
2026-06-01 13:42:00,1,Tomato,Loam,55.5673,388.9711,70.0,25.0,85.0,0.7,0.6793,60.0,4.4327,0.0,0.0,0.011567,0.013302,0.0,0.0,0.0,0.0,0.0,0.0
2026-06-01 13:42:00,2,Wheat,Sandy,42.5581,383.0227,60.0,18.0,78.0,0.9,0.5847,55.0,12.4419,0.0,0.0,0.011567,0.009832,0.0,0.0,0.0,0.0,0.0,0.0
2026-06-01 13:42:00,3,Maize,Clay,64.8296,648.2955,75.0,30.0,90.0,1.0,0.774,65.0,0.1704,0.0,0.0,0.011567,0.01388,0.0,0.0,0.0,0.0,0.0,0.0
2026-06-01 13:43:00,1,Tomato,Loam,55.5654,388.9579,70.0,25.0,85.0,0.7,0.6792,60.0,4.4346,0.0,0.0,0.01148,0.013202,0.0,0.0,0.0,0.0,0.0,0.0
2026-06-01 13:43:00,2,Wheat,Sandy,42.557,383.0129,60.0,18.0,78.0,0.9,0.5847,55.0,12.443,0.0,0.0,0.01148,0.009758,0.0,0.0,0.0,0.0,0.0,0.0
2026-06-01 13:43:00,3,Maize,Clay,64.8282,648.2817,75.0,30.0,90.0,1.0,0.774,65.0,0.1718,0.0,0.0,0.01148,0.013776,0.0,0.0,0.0,0.0,0.0,0.0
2026-06-01 13:44:00,1,Tomato,Loam,55.5635,388.9446,70.0,25.0,85.0,0.7,0.6792,60.0,4.4365,0.0,0.0,0.011548,0.01328,0.0,0.0,0.0,0.0,0.0,0.0
2026-06-01 13:44:00,2,Wheat,Sandy,42.5559,383.0031,60.0,18.0,78.0,0.9,0.5847,55.0,12.4441,0.0,0.0,0.011548,0.009816,0.0,0.0,0.0,0.0,0.0,0.0
2026-06-01 13:44:00,3,Maize,Clay,64.8268,648.2678,75.0,30.0,90.0,1.0,0.7739,65.0,0.1732,0.0,0.0,0.011548,0.013858,0.0,0.0,0.0,0.0,0.0,0.0
2026-06-01 13:45:00,1,Tomato,Loam,55.5616,388.931,70.0,25.0,85.0,0.7,0.6791,60.0,4.4384,0.0,0.0,0.011792,0.013561,0.0,0.0,0.0,0.0,0.0,0.0
2026-06-01 13:45:00,2,Wheat,Sandy,42.5548,382.9931,60.0,18.0,78.0,0.9,0.5846,55.0,12.4452,0.0,0.0,0.011792,0.010023,0.0,0.0,0.0,0.0,0.0,0.0
2026-06-01 13:45:00,3,Maize,Clay,64.8254,648.2536,75.0,30.0,90.0,1.0,0.7739,65.0,0.1746,0.0,0.0,0.011792,0.01415,0.0,0.0,0.0,0.0,0.0,0.0
2026-06-01 13:46:00,1,Tomato,Loam,55.5596,388.9174,70.0,25.0,85.0,0.7,0.6791,60.0,4.4404,0.0,0.0,0.011791,0.01356,0.0,0.0,0.0,0.0,0.0,0.0
2026-06-01 13:46:00,2,Wheat,Sandy,42.5537,382.9831,60.0,18.0,78.0,0.9,0.5846,55.0,12.4463,0.0,0.0,0.011791,0.010022,0.0,0.0,0.0,0.0,0.0,0.0
2026-06-01 13:46:00,3,Maize,Clay,64.8239,648.2395,75.0,30.0,90.0,1.0,0.7739,65.0,0.1761,0.0,0.0,0.011791,0.014149,0.0,0.0,0.0,0.0,0.0,0.0
2026-06-01 13:47:00,1,Tomato,Loam,55.5577,388.9042,70.0,25.0,85.0,0.7,0.6791,60.0,4.4423,0.0,0.0,0.011469,0.013189,0.0,0.0,0.0,0.0,0.0,0.0
2026-06-01 13:47:00,2,Wheat,Sandy,42.5526,382.9734,60.0,18.0,78.0,0.9,0.5846,55.0,12.4474,0.0,0.0,0.011469,0.009749,0.0,0.0,0.0,0.0,0.0,0.0
2026-06-01 13:47:00,3,Maize,Clay,64.8226,648.2257,75.0,30.0,90.0,1.0,0.7738,65.0,0.1774,0.0,0.0,0.011469,0.013763,0.0,0.0,0.0,0.0,0.0,0.0
2026-06-01 13:48:00,1,Tomato,Loam,55.5559,388.8914,70.0,25.0,85.0,0.7,0.679,60.0,4.4441,0.0,0.0,0.01116,0.012834,0.0,0.0,0.0,0.0,0.0,0.0
2026-06-01 13:48:00,2,Wheat,Sandy,42.5515,382.9639,60.0,18.0,78.0,0.9,0.5846,55.0,12.4485,0.0,0.0,0.01116,0.009486,0.0,0.0,0.0,0.0,0.0,0.0
2026-06-01 13:48:00,3,Maize,Clay,64.8212,648.2123,75.0,30.0,90.0,1.0,0.7738,65.0,0.1788,0.0,0.0,0.01116,0.013392,0.0,0.0,0.0,0.0,0.0,0.0
2026-06-01 13:49:00,1,Tomato,Loam,55.5541,388.8784,70.0,25.0,85.0,0.7,0.679,60.0,4.4459,0.0,0.0,0.011274,0.012965,0.0,0.0,0.0,0.0,0.0,0.0
2026-06-01 13:49:00,2,Wheat,Sandy,42.5505,382.9543,60.0,18.0,78.0,0.9,0.5845,55.0,12.4495,0.0,0.0,0.011274,0.009583,0.0,0.0,0.0,0.0,0.0,0.0
2026-06-01 13:49:00,3,Maize,Clay,64.8199,648.1988,75.0,30.0,90.0,1.0,0.7738,65.0,0.1801,0.0,0.0,0.011274,0.013529,0.0,0.0,0.0,0.0,0.0,0.0
2026-06-01 13:50:00,1,Tomato,Loam,55.5521,388.8649,70.0,25.0,85.0,0.7,0.6789,60.0,4.4479,0.0,0.0,0.011733,0.013493,0.0,0.0,0.0,0.0,0.0,0.0
2026-06-01 13:50:00,2,Wheat,Sandy,42.5494,382.9443,60.0,18.0,78.0,0.9,0.5845,55.0,12.4506,0.0,0.0,0.011733,0.009973,0.0,0.0,0.0,0.0,0.0,0.0
2026-06-01 13:50:00,3,Maize,Clay,64.8185,648.1847,75.0,30.0,90.0,1.0,0.7737,65.0,0.1815,0.0,0.0,0.011733,0.01408,0.0,0.0,0.0,0.0,0.0,0.0
2026-06-01 13:51:00,1,Tomato,Loam,55.5503,388.8519,70.0,25.0,85.0,0.7,0.6789,60.0,4.4497,0.0,0.0,0.011333,0.013033,0.0,0.0,0.0,0.0,0.0,0.0
2026-06-01 13:51:00,2,Wheat,Sandy,42.5483,382.9347,60.0,18.0,78.0,0.9,0.5845,55.0,12.4517,0.0,0.0,0.011333,0.009633,0.0,0.0,0.0,0.0,0.0,0.0
2026-06-01 13:51:00,3,Maize,Clay,64.8171,648.1711,75.0,30.0,90.0,1.0,0.7737,65.0,0.1829,0.0,0.0,0.011333,0.0136,0.0,0.0,0.0,0.0,0.0,0.0
2026-06-01 13:52:00,1,Tomato,Loam,55.5484,388.8385,70.0,25.0,85.0,0.7,0.6789,60.0,4.4516,0.0,0.0,0.011656,0.013404,0.0,0.0,0.0,0.0,0.0,0.0
2026-06-01 13:52:00,2,Wheat,Sandy,42.5472,382.9248,60.0,18.0,78.0,0.9,0.5845,55.0,12.4528,0.0,0.0,0.011656,0.009908,0.0,0.0,0.0,0.0,0.0,0.0
2026-06-01 13:52:00,3,Maize,Clay,64.8157,648.1571,75.0,30.0,90.0,1.0,0.7737,65.0,0.1843,0.0,0.0,0.011656,0.013987,0.0,0.0,0.0,0.0,0.0,0.0
2026-06-01 13:53:00,1,Tomato,Loam,55.5464,388.8249,70.0,25.0,85.0,0.7,0.6788,60.0,4.4536,0.0,0.0,0.011804,0.013575,0.0,0.0,0.0,0.0,0.0,0.0
2026-06-01 13:53:00,2,Wheat,Sandy,42.5461,382.9148,60.0,18.0,78.0,0.9,0.5844,55.0,12.4539,0.0,0.0,0.011804,0.010033,0.0,0.0,0.0,0.0,0.0,0.0
2026-06-01 13:53:00,3,Maize,Clay,64.8143,648.1429,75.0,30.0,90.0,1.0,0.7737,65.0,0.1857,0.0,0.0,0.011804,0.014165,0.0,0.0,0.0,0.0,0.0,0.0
2026-06-01 13:54:00,1,Tomato,Loam,55.5445,388.8116,70.0,25.0,85.0,0.7,0.6788,60.0,4.4555,0.0,0.0,0.011574,0.01331,0.0,0.0,0.0,0.0,0.0,0.0
2026-06-01 13:54:00,2,Wheat,Sandy,42.545,382.905,60.0,18.0,78.0,0.9,0.5844,55.0,12.455,0.0,0.0,0.011574,0.009838,0.0,0.0,0.0,0.0,0.0,0.0
2026-06-01 13:54:00,3,Maize,Clay,64.8129,648.129,75.0,30.0,90.0,1.0,0.7736,65.0,0.1871,0.0,0.0,0.011574,0.013889,0.0,0.0,0.0,0.0,0.0,0.0
2026-06-01 13:55:00,1,Tomato,Loam,55.5428,388.7993,70.0,25.0,85.0,0.7,0.6787,60.0,4.4572,0.0,0.0,0.010686,0.012289,0.0,0.0,0.0,0.0,0.0,0.0
2026-06-01 13:55:00,2,Wheat,Sandy,42.544,382.8959,60.0,18.0,78.0,0.9,0.5844,55.0,12.456,0.0,0.0,0.010686,0.009083,0.0,0.0,0.0,0.0,0.0,0.0
2026-06-01 13:55:00,3,Maize,Clay,64.8116,648.1162,75.0,30.0,90.0,1.0,0.7736,65.0,0.1884,0.0,0.0,0.010686,0.012823,0.0,0.0,0.0,0.0,0.0,0.0
2026-06-01 13:56:00,1,Tomato,Loam,55.5409,388.7865,70.0,25.0,85.0,0.7,0.6787,60.0,4.4591,0.0,0.0,0.011142,0.012813,0.0,0.0,0.0,0.0,0.0,0.0
2026-06-01 13:56:00,2,Wheat,Sandy,42.5429,382.8864,60.0,18.0,78.0,0.9,0.5844,55.0,12.4571,0.0,0.0,0.011142,0.009471,0.0,0.0,0.0,0.0,0.0,0.0
2026-06-01 13:56:00,3,Maize,Clay,64.8103,648.1028,75.0,30.0,90.0,1.0,0.7736,65.0,0.1897,0.0,0.0,0.011142,0.01337,0.0,0.0,0.0,0.0,0.0,0.0
2026-06-01 13:57:00,1,Tomato,Loam,55.5389,388.7726,70.0,25.0,85.0,0.7,0.6786,60.0,4.4611,0.0,0.0,0.012121,0.013939,0.0,0.0,0.0,0.0,0.0,0.0
2026-06-01 13:57:00,2,Wheat,Sandy,42.5418,382.8761,60.0,18.0,78.0,0.9,0.5843,55.0,12.4582,0.0,0.0,0.012121,0.010303,0.0,0.0,0.0,0.0,0.0,0.0
2026-06-01 13:57:00,3,Maize,Clay,64.8088,648.0883,75.0,30.0,90.0,1.0,0.7735,65.0,0.1912,0.0,0.0,0.012121,0.014545,0.0,0.0,0.0,0.0,0.0,0.0
2026-06-01 13:58:00,1,Tomato,Loam,55.5371,388.7595,70.0,25.0,85.0,0.7,0.6786,60.0,4.4629,0.0,0.0,0.011429,0.013143,0.0,0.0,0.0,0.0,0.0,0.0
2026-06-01 13:58:00,2,Wheat,Sandy,42.5407,382.8664,60.0,18.0,78.0,0.9,0.5843,55.0,12.4593,0.0,0.0,0.011429,0.009715,0.0,0.0,0.0,0.0,0.0,0.0
2026-06-01 13:58:00,3,Maize,Clay,64.8075,648.0746,75.0,30.0,90.0,1.0,0.7735,65.0,0.1925,0.0,0.0,0.011429,0.013715,0.0,0.0,0.0,0.0,0.0,0.0
2026-06-01 13:59:00,1,Tomato,Loam,55.5353,388.747,70.0,25.0,85.0,0.7,0.6786,60.0,4.4647,0.0,0.0,0.010884,0.012517,0.0,0.0,0.0,0.0,0.0,0.0
2026-06-01 13:59:00,2,Wheat,Sandy,42.5397,382.8571,60.0,18.0,78.0,0.9,0.5843,55.0,12.4603,0.0,0.0,0.010884,0.009251,0.0,0.0,0.0,0.0,0.0,0.0
2026-06-01 13:59:00,3,Maize,Clay,64.8062,648.0615,75.0,30.0,90.0,1.0,0.7735,65.0,0.1938,0.0,0.0,0.010884,0.013061,0.0,0.0,0.0,0.0,0.0,0.0
2026-06-01 14:00:00,1,Tomato,Loam,55.5333,388.7333,70.0,25.0,85.0,0.7,0.6785,60.0,4.4667,0.0,0.0,0.011928,0.013717,0.0,0.0,0.0,0.0,0.0,0.0
2026-06-01 14:00:00,2,Wheat,Sandy,42.5386,382.847,60.0,18.0,78.0,0.9,0.5843,55.0,12.4614,0.0,0.0,0.011928,0.010139,0.0,0.0,0.0,0.0,0.0,0.0
2026-06-01 14:00:00,3,Maize,Clay,64.8047,648.0472,75.0,30.0,90.0,1.0,0.7734,65.0,0.1953,0.0,0.0,0.011928,0.014314,0.0,0.0,0.0,0.0,0.0,0.0
2026-06-01 14:01:00,1,Tomato,Loam,55.5315,388.7202,70.0,25.0,85.0,0.7,0.6785,60.0,4.4685,0.0,0.0,0.011421,0.013134,0.0,0.0,0.0,0.0,0.0,0.0
2026-06-01 14:01:00,2,Wheat,Sandy,42.5375,382.8373,60.0,18.0,78.0,0.9,0.5842,55.0,12.4625,0.0,0.0,0.011421,0.009708,0.0,0.0,0.0,0.0,0.0,0.0
2026-06-01 14:01:00,3,Maize,Clay,64.8033,648.0335,75.0,30.0,90.0,1.0,0.7734,65.0,0.1967,0.0,0.0,0.011421,0.013705,0.0,0.0,0.0,0.0,0.0,0.0
2026-06-01 14:02:00,1,Tomato,Loam,55.5295,388.7065,70.0,25.0,85.0,0.7,0.6784,60.0,4.4705,0.0,0.0,0.011919,0.013707,0.0,0.0,0.0,0.0,0.0,0.0
2026-06-01 14:02:00,2,Wheat,Sandy,42.5364,382.8272,60.0,18.0,78.0,0.9,0.5842,55.0,12.4636,0.0,0.0,0.011919,0.010131,0.0,0.0,0.0,0.0,0.0,0.0
2026-06-01 14:02:00,3,Maize,Clay,64.8019,648.0192,75.0,30.0,90.0,1.0,0.7734,65.0,0.1981,0.0,0.0,0.011919,0.014303,0.0,0.0,0.0,0.0,0.0,0.0
2026-06-01 14:03:00,1,Tomato,Loam,55.5276,388.6932,70.0,25.0,85.0,0.7,0.6784,60.0,4.4724,0.0,0.0,0.011534,0.013264,0.0,0.0,0.0,0.0,0.0,0.0
2026-06-01 14:03:00,2,Wheat,Sandy,42.5353,382.8174,60.0,18.0,78.0,0.9,0.5842,55.0,12.4647,0.0,0.0,0.011534,0.009804,0.0,0.0,0.0,0.0,0.0,0.0
2026-06-01 14:03:00,3,Maize,Clay,64.8005,648.0054,75.0,30.0,90.0,1.0,0.7733,65.0,0.1995,0.0,0.0,0.011534,0.013841,0.0,0.0,0.0,0.0,0.0,0.0
2026-06-01 14:04:00,1,Tomato,Loam,55.5257,388.6799,70.0,25.0,85.0,0.7,0.6783,60.0,4.4743,0.0,0.0,0.011556,0.013289,0.0,0.0,0.0,0.0,0.0,0.0
2026-06-01 14:04:00,2,Wheat,Sandy,42.5342,382.8076,60.0,18.0,78.0,0.9,0.5841,55.0,12.4658,0.0,0.0,0.011556,0.009823,0.0,0.0,0.0,0.0,0.0,0.0
2026-06-01 14:04:00,3,Maize,Clay,64.7992,647.9915,75.0,30.0,90.0,1.0,0.7733,65.0,0.2008,0.0,0.0,0.011556,0.013867,0.0,0.0,0.0,0.0,0.0,0.0
2026-06-01 14:05:00,1,Tomato,Loam,55.5238,388.6667,70.0,25.0,85.0,0.7,0.6783,60.0,4.4762,0.0,0.0,0.011515,0.013242,0.0,0.0,0.0,0.0,0.0,0.0
2026-06-01 14:05:00,2,Wheat,Sandy,42.5331,382.7978,60.0,18.0,78.0,0.9,0.5841,55.0,12.4669,0.0,0.0,0.011515,0.009788,0.0,0.0,0.0,0.0,0.0,0.0
2026-06-01 14:05:00,3,Maize,Clay,64.7978,647.9777,75.0,30.0,90.0,1.0,0.7733,65.0,0.2022,0.0,0.0,0.011515,0.013818,0.0,0.0,0.0,0.0,0.0,0.0
2026-06-01 14:06:00,1,Tomato,Loam,55.5219,388.6532,70.0,25.0,85.0,0.7,0.6783,60.0,4.4781,0.0,0.0,0.011699,0.013454,0.0,0.0,0.0,0.0,0.0,0.0
2026-06-01 14:06:00,2,Wheat,Sandy,42.532,382.7879,60.0,18.0,78.0,0.9,0.5841,55.0,12.468,0.0,0.0,0.011699,0.009944,0.0,0.0,0.0,0.0,0.0,0.0
2026-06-01 14:06:00,3,Maize,Clay,64.7964,647.9637,75.0,30.0,90.0,1.0,0.7733,65.0,0.2036,0.0,0.0,0.011699,0.014039,0.0,0.0,0.0,0.0,0.0,0.0
2026-06-01 14:07:00,1,Tomato,Loam,55.5199,388.6393,70.0,25.0,85.0,0.7,0.6782,60.0,4.4801,0.0,0.0,0.012072,0.013883,0.0,0.0,0.0,0.0,0.0,0.0
2026-06-01 14:07:00,2,Wheat,Sandy,42.5308,382.7776,60.0,18.0,78.0,0.9,0.5841,55.0,12.4692,0.0,0.0,0.012072,0.010261,0.0,0.0,0.0,0.0,0.0,0.0
2026-06-01 14:07:00,3,Maize,Clay,64.7949,647.9492,75.0,30.0,90.0,1.0,0.7732,65.0,0.2051,0.0,0.0,0.012072,0.014486,0.0,0.0,0.0,0.0,0.0,0.0
2026-06-01 14:08:00,1,Tomato,Loam,55.518,388.6258,70.0,25.0,85.0,0.7,0.6782,60.0,4.482,0.0,0.0,0.011703,0.013458,0.0,0.0,0.0,0.0,0.0,0.0
2026-06-01 14:08:00,2,Wheat,Sandy,42.5297,382.7677,60.0,18.0,78.0,0.9,0.584,55.0,12.4703,0.0,0.0,0.011703,0.009948,0.0,0.0,0.0,0.0,0.0,0.0
2026-06-01 14:08:00,3,Maize,Clay,64.7935,647.9352,75.0,30.0,90.0,1.0,0.7732,65.0,0.2065,0.0,0.0,0.011703,0.014044,0.0,0.0,0.0,0.0,0.0,0.0
2026-06-01 14:09:00,1,Tomato,Loam,55.5161,388.6129,70.0,25.0,85.0,0.7,0.6781,60.0,4.4839,0.0,0.0,0.011196,0.012875,0.0,0.0,0.0,0.0,0.0,0.0
2026-06-01 14:09:00,2,Wheat,Sandy,42.5287,382.7582,60.0,18.0,78.0,0.9,0.584,55.0,12.4713,0.0,0.0,0.011196,0.009517,0.0,0.0,0.0,0.0,0.0,0.0
2026-06-01 14:09:00,3,Maize,Clay,64.7922,647.9218,75.0,30.0,90.0,1.0,0.7732,65.0,0.2078,0.0,0.0,0.011196,0.013435,0.0,0.0,0.0,0.0,0.0,0.0
2026-06-01 14:10:00,1,Tomato,Loam,55.5142,388.5996,70.0,25.0,85.0,0.7,0.6781,60.0,4.4858,0.0,0.0,0.011568,0.013303,0.0,0.0,0.0,0.0,0.0,0.0
2026-06-01 14:10:00,2,Wheat,Sandy,42.5276,382.7484,60.0,18.0,78.0,0.9,0.584,55.0,12.4724,0.0,0.0,0.011568,0.009833,0.0,0.0,0.0,0.0,0.0,0.0
2026-06-01 14:10:00,3,Maize,Clay,64.7908,647.9079,75.0,30.0,90.0,1.0,0.7731,65.0,0.2092,0.0,0.0,0.011568,0.013882,0.0,0.0,0.0,0.0,0.0,0.0
2026-06-01 14:11:00,1,Tomato,Loam,55.5123,388.5862,70.0,25.0,85.0,0.7,0.6781,60.0,4.4877,0.0,0.0,0.011685,0.013438,0.0,0.0,0.0,0.0,0.0,0.0
2026-06-01 14:11:00,2,Wheat,Sandy,42.5265,382.7385,60.0,18.0,78.0,0.9,0.584,55.0,12.4735,0.0,0.0,0.011685,0.009932,0.0,0.0,0.0,0.0,0.0,0.0
2026-06-01 14:11:00,3,Maize,Clay,64.7894,647.8939,75.0,30.0,90.0,1.0,0.7731,65.0,0.2106,0.0,0.0,0.011685,0.014022,0.0,0.0,0.0,0.0,0.0,0.0
2026-06-01 14:12:00,1,Tomato,Loam,55.5104,388.5727,70.0,25.0,85.0,0.7,0.678,60.0,4.4896,0.0,0.0,0.011705,0.013461,0.0,0.0,0.0,0.0,0.0,0.0
2026-06-01 14:12:00,2,Wheat,Sandy,42.5254,382.7286,60.0,18.0,78.0,0.9,0.5839,55.0,12.4746,0.0,0.0,0.011705,0.009949,0.0,0.0,0.0,0.0,0.0,0.0
2026-06-01 14:12:00,3,Maize,Clay,64.788,647.8799,75.0,30.0,90.0,1.0,0.7731,65.0,0.212,0.0,0.0,0.011705,0.014046,0.0,0.0,0.0,0.0,0.0,0.0
2026-06-01 14:13:00,1,Tomato,Loam,55.5085,388.5598,70.0,25.0,85.0,0.7,0.678,60.0,4.4915,0.0,0.0,0.011253,0.012941,0.0,0.0,0.0,0.0,0.0,0.0
2026-06-01 14:13:00,2,Wheat,Sandy,42.5243,382.719,60.0,18.0,78.0,0.9,0.5839,55.0,12.4757,0.0,0.0,0.011253,0.009565,0.0,0.0,0.0,0.0,0.0,0.0
2026-06-01 14:13:00,3,Maize,Clay,64.7866,647.8664,75.0,30.0,90.0,1.0,0.773,65.0,0.2134,0.0,0.0,0.011253,0.013504,0.0,0.0,0.0,0.0,0.0,0.0
2026-06-01 14:14:00,1,Tomato,Loam,55.5066,388.5462,70.0,25.0,85.0,0.7,0.6779,60.0,4.4934,0.0,0.0,0.011813,0.013585,0.0,0.0,0.0,0.0,0.0,0.0
2026-06-01 14:14:00,2,Wheat,Sandy,42.5232,382.709,60.0,18.0,78.0,0.9,0.5839,55.0,12.4768,0.0,0.0,0.011813,0.010041,0.0,0.0,0.0,0.0,0.0,0.0
2026-06-01 14:14:00,3,Maize,Clay,64.7852,647.8522,75.0,30.0,90.0,1.0,0.773,65.0,0.2148,0.0,0.0,0.011813,0.014176,0.0,0.0,0.0,0.0,0.0,0.0
2026-06-01 14:15:00,1,Tomato,Loam,55.5047,388.5328,70.0,25.0,85.0,0.7,0.6779,60.0,4.4953,0.0,0.0,0.011635,0.01338,0.0,0.0,0.0,0.0,0.0,0.0
2026-06-01 14:15:00,2,Wheat,Sandy,42.5221,382.6991,60.0,18.0,78.0,0.9,0.5839,55.0,12.4779,0.0,0.0,0.011635,0.00989,0.0,0.0,0.0,0.0,0.0,0.0
2026-06-01 14:15:00,3,Maize,Clay,64.7838,647.8382,75.0,30.0,90.0,1.0,0.773,65.0,0.2162,0.0,0.0,0.011635,0.013962,0.0,0.0,0.0,0.0,0.0,0.0
2026-06-01 14:16:00,1,Tomato,Loam,55.5027,388.5188,70.0,25.0,85.0,0.7,0.6778,60.0,4.4973,0.0,0.0,0.012208,0.014039,0.0,0.0,0.0,0.0,0.0,0.0
2026-06-01 14:16:00,2,Wheat,Sandy,42.521,382.6887,60.0,18.0,78.0,0.9,0.5838,55.0,12.479,0.0,0.0,0.012208,0.010377,0.0,0.0,0.0,0.0,0.0,0.0
2026-06-01 14:16:00,3,Maize,Clay,64.7824,647.8236,75.0,30.0,90.0,1.0,0.7729,65.0,0.2176,0.0,0.0,0.012208,0.01465,0.0,0.0,0.0,0.0,0.0,0.0
2026-06-01 14:17:00,1,Tomato,Loam,55.5008,388.5059,70.0,25.0,85.0,0.7,0.6778,60.0,4.4992,0.0,0.0,0.011231,0.012916,0.0,0.0,0.0,0.0,0.0,0.0
2026-06-01 14:17:00,2,Wheat,Sandy,42.5199,382.6792,60.0,18.0,78.0,0.9,0.5838,55.0,12.4801,0.0,0.0,0.011231,0.009546,0.0,0.0,0.0,0.0,0.0,0.0
2026-06-01 14:17:00,3,Maize,Clay,64.781,647.8101,75.0,30.0,90.0,1.0,0.7729,65.0,0.219,0.0,0.0,0.011231,0.013477,0.0,0.0,0.0,0.0,0.0,0.0
2026-06-01 14:18:00,1,Tomato,Loam,55.499,388.4932,70.0,25.0,85.0,0.7,0.6778,60.0,4.501,0.0,0.0,0.011057,0.012716,0.0,0.0,0.0,0.0,0.0,0.0
2026-06-01 14:18:00,2,Wheat,Sandy,42.5189,382.6698,60.0,18.0,78.0,0.9,0.5838,55.0,12.4811,0.0,0.0,0.011057,0.009398,0.0,0.0,0.0,0.0,0.0,0.0
2026-06-01 14:18:00,3,Maize,Clay,64.7797,647.7968,75.0,30.0,90.0,1.0,0.7729,65.0,0.2203,0.0,0.0,0.011057,0.013268,0.0,0.0,0.0,0.0,0.0,0.0
2026-06-01 14:19:00,1,Tomato,Loam,55.4972,388.4802,70.0,25.0,85.0,0.7,0.6777,60.0,4.5028,0.0,0.0,0.011269,0.012959,0.0,0.0,0.0,0.0,0.0,0.0
2026-06-01 14:19:00,2,Wheat,Sandy,42.5178,382.6602,60.0,18.0,78.0,0.9,0.5838,55.0,12.4822,0.0,0.0,0.011269,0.009579,0.0,0.0,0.0,0.0,0.0,0.0
2026-06-01 14:19:00,3,Maize,Clay,64.7783,647.7833,75.0,30.0,90.0,1.0,0.7729,65.0,0.2217,0.0,0.0,0.011269,0.013523,0.0,0.0,0.0,0.0,0.0,0.0
2026-06-01 14:20:00,1,Tomato,Loam,55.4953,388.4674,70.0,25.0,85.0,0.7,0.6777,60.0,4.5047,0.0,0.0,0.011157,0.012831,0.0,0.0,0.0,0.0,0.0,0.0
2026-06-01 14:20:00,2,Wheat,Sandy,42.5167,382.6507,60.0,18.0,78.0,0.9,0.5837,55.0,12.4833,0.0,0.0,0.011157,0.009483,0.0,0.0,0.0,0.0,0.0,0.0
2026-06-01 14:20:00,3,Maize,Clay,64.777,647.7699,75.0,30.0,90.0,1.0,0.7728,65.0,0.223,0.0,0.0,0.011157,0.013388,0.0,0.0,0.0,0.0,0.0,0.0
2026-06-01 14:21:00,1,Tomato,Loam,55.4935,388.4547,70.0,25.0,85.0,0.7,0.6776,60.0,4.5065,0.0,0.0,0.011041,0.012697,0.0,0.0,0.0,0.0,0.0,0.0
2026-06-01 14:21:00,2,Wheat,Sandy,42.5157,382.6413,60.0,18.0,78.0,0.9,0.5837,55.0,12.4843,0.0,0.0,0.011041,0.009385,0.0,0.0,0.0,0.0,0.0,0.0
2026-06-01 14:21:00,3,Maize,Clay,64.7757,647.7567,75.0,30.0,90.0,1.0,0.7728,65.0,0.2243,0.0,0.0,0.011041,0.013249,0.0,0.0,0.0,0.0,0.0,0.0
2026-06-01 14:22:00,1,Tomato,Loam,55.4918,388.4424,70.0,25.0,85.0,0.7,0.6776,60.0,4.5082,0.0,0.0,0.010664,0.012264,0.0,0.0,0.0,0.0,0.0,0.0
2026-06-01 14:22:00,2,Wheat,Sandy,42.5147,382.6322,60.0,18.0,78.0,0.9,0.5837,55.0,12.4853,0.0,0.0,0.010664,0.009064,0.0,0.0,0.0,0.0,0.0,0.0
2026-06-01 14:22:00,3,Maize,Clay,64.7744,647.7439,75.0,30.0,90.0,1.0,0.7728,65.0,0.2256,0.0,0.0,0.010664,0.012797,0.0,0.0,0.0,0.0,0.0,0.0
2026-06-01 14:23:00,1,Tomato,Loam,55.4899,388.4294,70.0,25.0,85.0,0.7,0.6776,60.0,4.5101,0.0,0.0,0.011331,0.013031,0.0,0.0,0.0,0.0,0.0,0.0
2026-06-01 14:23:00,2,Wheat,Sandy,42.5136,382.6226,60.0,18.0,78.0,0.9,0.5837,55.0,12.4864,0.0,0.0,0.011331,0.009631,0.0,0.0,0.0,0.0,0.0,0.0
2026-06-01 14:23:00,3,Maize,Clay,64.773,647.7303,75.0,30.0,90.0,1.0,0.7727,65.0,0.227,0.0,0.0,0.011331,0.013597,0.0,0.0,0.0,0.0,0.0,0.0
2026-06-01 14:24:00,1,Tomato,Loam,55.488,388.4161,70.0,25.0,85.0,0.7,0.6775,60.0,4.512,0.0,0.0,0.011559,0.013293,0.0,0.0,0.0,0.0,0.0,0.0
2026-06-01 14:24:00,2,Wheat,Sandy,42.5125,382.6128,60.0,18.0,78.0,0.9,0.5836,55.0,12.4875,0.0,0.0,0.011559,0.009825,0.0,0.0,0.0,0.0,0.0,0.0
2026-06-01 14:24:00,3,Maize,Clay,64.7716,647.7164,75.0,30.0,90.0,1.0,0.7727,65.0,0.2284,0.0,0.0,0.011559,0.013871,0.0,0.0,0.0,0.0,0.0,0.0
2026-06-01 14:25:00,1,Tomato,Loam,55.4861,388.4029,70.0,25.0,85.0,0.7,0.6775,60.0,4.5139,0.0,0.0,0.011518,0.013246,0.0,0.0,0.0,0.0,0.0,0.0
2026-06-01 14:25:00,2,Wheat,Sandy,42.5114,382.603,60.0,18.0,78.0,0.9,0.5836,55.0,12.4886,0.0,0.0,0.011518,0.00979,0.0,0.0,0.0,0.0,0.0,0.0
2026-06-01 14:25:00,3,Maize,Clay,64.7703,647.7026,75.0,30.0,90.0,1.0,0.7727,65.0,0.2297,0.0,0.0,0.011518,0.013822,0.0,0.0,0.0,0.0,0.0,0.0
2026-06-01 14:26:00,1,Tomato,Loam,55.4841,388.389,70.0,25.0,85.0,0.7,0.6774,60.0,4.5159,0.0,0.0,0.012127,0.013946,0.0,0.0,0.0,0.0,0.0,0.0
2026-06-01 14:26:00,2,Wheat,Sandy,42.5103,382.5927,60.0,18.0,78.0,0.9,0.5836,55.0,12.4897,0.0,0.0,0.012127,0.010308,0.0,0.0,0.0,0.0,0.0,0.0
2026-06-01 14:26:00,3,Maize,Clay,64.7688,647.688,75.0,30.0,90.0,1.0,0.7726,65.0,0.2312,0.0,0.0,0.012127,0.014552,0.0,0.0,0.0,0.0,0.0,0.0
2026-06-01 14:27:00,1,Tomato,Loam,55.4822,388.3757,70.0,25.0,85.0,0.7,0.6774,60.0,4.5178,0.0,0.0,0.011533,0.013263,0.0,0.0,0.0,0.0,0.0,0.0
2026-06-01 14:27:00,2,Wheat,Sandy,42.5092,382.5829,60.0,18.0,78.0,0.9,0.5836,55.0,12.4908,0.0,0.0,0.011533,0.009803,0.0,0.0,0.0,0.0,0.0,0.0
2026-06-01 14:27:00,3,Maize,Clay,64.7674,647.6742,75.0,30.0,90.0,1.0,0.7726,65.0,0.2326,0.0,0.0,0.011533,0.01384,0.0,0.0,0.0,0.0,0.0,0.0
2026-06-01 14:28:00,1,Tomato,Loam,55.4803,388.362,70.0,25.0,85.0,0.7,0.6773,60.0,4.5197,0.0,0.0,0.011917,0.013705,0.0,0.0,0.0,0.0,0.0,0.0
2026-06-01 14:28:00,2,Wheat,Sandy,42.5081,382.5728,60.0,18.0,78.0,0.9,0.5835,55.0,12.4919,0.0,0.0,0.011917,0.010129,0.0,0.0,0.0,0.0,0.0,0.0
2026-06-01 14:28:00,3,Maize,Clay,64.766,647.6599,75.0,30.0,90.0,1.0,0.7726,65.0,0.234,0.0,0.0,0.011917,0.0143,0.0,0.0,0.0,0.0,0.0,0.0
2026-06-01 14:29:00,1,Tomato,Loam,55.4784,388.3487,70.0,25.0,85.0,0.7,0.6773,60.0,4.5216,0.0,0.0,0.011539,0.01327,0.0,0.0,0.0,0.0,0.0,0.0
2026-06-01 14:29:00,2,Wheat,Sandy,42.507,382.563,60.0,18.0,78.0,0.9,0.5835,55.0,12.493,0.0,0.0,0.011539,0.009808,0.0,0.0,0.0,0.0,0.0,0.0
2026-06-01 14:29:00,3,Maize,Clay,64.7646,647.6461,75.0,30.0,90.0,1.0,0.7725,65.0,0.2354,0.0,0.0,0.011539,0.013847,0.0,0.0,0.0,0.0,0.0,0.0
2026-06-01 14:30:00,1,Tomato,Loam,55.4764,388.3351,70.0,25.0,85.0,0.7,0.6773,60.0,4.5236,0.0,0.0,0.011797,0.013567,0.0,0.0,0.0,0.0,0.0,0.0
2026-06-01 14:30:00,2,Wheat,Sandy,42.5059,382.553,60.0,18.0,78.0,0.9,0.5835,55.0,12.4941,0.0,0.0,0.011797,0.010027,0.0,0.0,0.0,0.0,0.0,0.0
2026-06-01 14:30:00,3,Maize,Clay,64.7632,647.6319,75.0,30.0,90.0,1.0,0.7725,65.0,0.2368,0.0,0.0,0.011797,0.014156,0.0,0.0,0.0,0.0,0.0,0.0
2026-06-01 14:31:00,1,Tomato,Loam,55.4745,388.3218,70.0,25.0,85.0,0.7,0.6772,60.0,4.5255,0.0,0.0,0.011596,0.013335,0.0,0.0,0.0,0.0,0.0,0.0
2026-06-01 14:31:00,2,Wheat,Sandy,42.5048,382.5431,60.0,18.0,78.0,0.9,0.5834,55.0,12.4952,0.0,0.0,0.011596,0.009857,0.0,0.0,0.0,0.0,0.0,0.0
2026-06-01 14:31:00,3,Maize,Clay,64.7618,647.618,75.0,30.0,90.0,1.0,0.7725,65.0,0.2382,0.0,0.0,0.011596,0.013915,0.0,0.0,0.0,0.0,0.0,0.0
2026-06-01 14:32:00,1,Tomato,Loam,55.4726,388.308,70.0,25.0,85.0,0.7,0.6772,60.0,4.5274,0.0,0.0,0.011958,0.013752,0.0,0.0,0.0,0.0,0.0,0.0
2026-06-01 14:32:00,2,Wheat,Sandy,42.5037,382.5329,60.0,18.0,78.0,0.9,0.5834,55.0,12.4963,0.0,0.0,0.011958,0.010164,0.0,0.0,0.0,0.0,0.0,0.0
2026-06-01 14:32:00,3,Maize,Clay,64.7604,647.6037,75.0,30.0,90.0,1.0,0.7725,65.0,0.2396,0.0,0.0,0.011958,0.01435,0.0,0.0,0.0,0.0,0.0,0.0
2026-06-01 14:33:00,1,Tomato,Loam,55.4707,388.2947,70.0,25.0,85.0,0.7,0.6771,60.0,4.5293,0.0,0.0,0.011536,0.013266,0.0,0.0,0.0,0.0,0.0,0.0
2026-06-01 14:33:00,2,Wheat,Sandy,42.5026,382.5231,60.0,18.0,78.0,0.9,0.5834,55.0,12.4974,0.0,0.0,0.011536,0.009806,0.0,0.0,0.0,0.0,0.0,0.0
2026-06-01 14:33:00,3,Maize,Clay,64.759,647.5899,75.0,30.0,90.0,1.0,0.7724,65.0,0.241,0.0,0.0,0.011536,0.013843,0.0,0.0,0.0,0.0,0.0,0.0
2026-06-01 14:34:00,1,Tomato,Loam,55.4688,388.2813,70.0,25.0,85.0,0.7,0.6771,60.0,4.5312,0.0,0.0,0.011609,0.01335,0.0,0.0,0.0,0.0,0.0,0.0
2026-06-01 14:34:00,2,Wheat,Sandy,42.5015,382.5132,60.0,18.0,78.0,0.9,0.5834,55.0,12.4985,0.0,0.0,0.011609,0.009868,0.0,0.0,0.0,0.0,0.0,0.0
2026-06-01 14:34:00,3,Maize,Clay,64.7576,647.576,75.0,30.0,90.0,1.0,0.7724,65.0,0.2424,0.0,0.0,0.011609,0.013931,0.0,0.0,0.0,0.0,0.0,0.0
2026-06-01 14:35:00,1,Tomato,Loam,55.4669,388.268,70.0,25.0,85.0,0.7,0.677,60.0,4.5331,0.0,0.0,0.011543,0.013274,0.0,0.0,0.0,0.0,0.0,0.0
2026-06-01 14:35:00,2,Wheat,Sandy,42.5004,382.5034,60.0,18.0,78.0,0.9,0.5833,55.0,12.4996,0.0,0.0,0.011543,0.009812,0.0,0.0,0.0,0.0,0.0,0.0
2026-06-01 14:35:00,3,Maize,Clay,64.7562,647.5621,75.0,30.0,90.0,1.0,0.7724,65.0,0.2438,0.0,0.0,0.011543,0.013852,0.0,0.0,0.0,0.0,0.0,0.0
2026-06-01 14:36:00,1,Tomato,Loam,55.465,388.2549,70.0,25.0,85.0,0.7,0.677,60.0,4.535,0.0,0.0,0.011398,0.013108,0.0,0.0,0.0,0.0,0.0,0.0
2026-06-01 14:36:00,2,Wheat,Sandy,42.4993,382.4937,60.0,18.0,78.0,0.9,0.5833,55.0,12.5007,0.0,0.0,0.011398,0.009688,0.0,0.0,0.0,0.0,0.0,0.0
2026-06-01 14:36:00,3,Maize,Clay,64.7548,647.5484,75.0,30.0,90.0,1.0,0.7723,65.0,0.2452,0.0,0.0,0.011398,0.013678,0.0,0.0,0.0,0.0,0.0,0.0
2026-06-01 14:37:00,1,Tomato,Loam,55.4631,388.2416,70.0,25.0,85.0,0.7,0.677,60.0,4.5369,0.0,0.0,0.011524,0.013253,0.0,0.0,0.0,0.0,0.0,0.0
2026-06-01 14:37:00,2,Wheat,Sandy,42.4982,382.4839,60.0,18.0,78.0,0.9,0.5833,55.0,12.5018,0.0,0.0,0.011524,0.009795,0.0,0.0,0.0,0.0,0.0,0.0
2026-06-01 14:37:00,3,Maize,Clay,64.7535,647.5346,75.0,30.0,90.0,1.0,0.7723,65.0,0.2465,0.0,0.0,0.011524,0.013829,0.0,0.0,0.0,0.0,0.0,0.0
2026-06-01 14:38:00,1,Tomato,Loam,55.4611,388.2278,70.0,25.0,85.0,0.7,0.6769,60.0,4.5389,0.0,0.0,0.012017,0.01382,0.0,0.0,0.0,0.0,0.0,0.0
2026-06-01 14:38:00,2,Wheat,Sandy,42.4971,382.4737,60.0,18.0,78.0,0.9,0.5833,55.0,12.5029,0.0,0.0,0.012017,0.010214,0.0,0.0,0.0,0.0,0.0,0.0
2026-06-01 14:38:00,3,Maize,Clay,64.752,647.5202,75.0,30.0,90.0,1.0,0.7723,65.0,0.248,0.0,0.0,0.012017,0.01442,0.0,0.0,0.0,0.0,0.0,0.0
2026-06-01 14:39:00,1,Tomato,Loam,55.4592,388.2147,70.0,25.0,85.0,0.7,0.6769,60.0,4.5408,0.0,0.0,0.011387,0.013095,0.0,0.0,0.0,0.0,0.0,0.0
2026-06-01 14:39:00,2,Wheat,Sandy,42.496,382.464,60.0,18.0,78.0,0.9,0.5832,55.0,12.504,0.0,0.0,0.011387,0.009679,0.0,0.0,0.0,0.0,0.0,0.0
2026-06-01 14:39:00,3,Maize,Clay,64.7507,647.5065,75.0,30.0,90.0,1.0,0.7722,65.0,0.2493,0.0,0.0,0.011387,0.013664,0.0,0.0,0.0,0.0,0.0,0.0
2026-06-01 14:40:00,1,Tomato,Loam,55.4573,388.2014,70.0,25.0,85.0,0.7,0.6768,60.0,4.5427,0.0,0.0,0.011571,0.013307,0.0,0.0,0.0,0.0,0.0,0.0
2026-06-01 14:40:00,2,Wheat,Sandy,42.4949,382.4542,60.0,18.0,78.0,0.9,0.5832,55.0,12.5051,0.0,0.0,0.011571,0.009835,0.0,0.0,0.0,0.0,0.0,0.0
2026-06-01 14:40:00,3,Maize,Clay,64.7493,647.4926,75.0,30.0,90.0,1.0,0.7722,65.0,0.2507,0.0,0.0,0.011571,0.013885,0.0,0.0,0.0,0.0,0.0,0.0
2026-06-01 14:41:00,1,Tomato,Loam,55.4554,388.1879,70.0,25.0,85.0,0.7,0.6768,60.0,4.5446,0.0,0.0,0.011756,0.013519,0.0,0.0,0.0,0.0,0.0,0.0
2026-06-01 14:41:00,2,Wheat,Sandy,42.4938,382.4442,60.0,18.0,78.0,0.9,0.5832,55.0,12.5062,0.0,0.0,0.011756,0.009993,0.0,0.0,0.0,0.0,0.0,0.0
2026-06-01 14:41:00,3,Maize,Clay,64.7478,647.4785,75.0,30.0,90.0,1.0,0.7722,65.0,0.2522,0.0,0.0,0.011756,0.014107,0.0,0.0,0.0,0.0,0.0,0.0
2026-06-01 14:42:00,1,Tomato,Loam,55.4535,388.1746,70.0,25.0,85.0,0.7,0.6767,60.0,4.5465,0.0,0.0,0.011594,0.013333,0.0,0.0,0.0,0.0,0.0,0.0
2026-06-01 14:42:00,2,Wheat,Sandy,42.4927,382.4343,60.0,18.0,78.0,0.9,0.5832,55.0,12.5073,0.0,0.0,0.011594,0.009855,0.0,0.0,0.0,0.0,0.0,0.0
2026-06-01 14:42:00,3,Maize,Clay,64.7465,647.4646,75.0,30.0,90.0,1.0,0.7721,65.0,0.2535,0.0,0.0,0.011594,0.013913,0.0,0.0,0.0,0.0,0.0,0.0
2026-06-01 14:43:00,1,Tomato,Loam,55.4517,388.1617,70.0,25.0,85.0,0.7,0.6767,60.0,4.5483,0.0,0.0,0.011247,0.012934,0.0,0.0,0.0,0.0,0.0,0.0
2026-06-01 14:43:00,2,Wheat,Sandy,42.4916,382.4247,60.0,18.0,78.0,0.9,0.5831,55.0,12.5084,0.0,0.0,0.011247,0.00956,0.0,0.0,0.0,0.0,0.0,0.0
2026-06-01 14:43:00,3,Maize,Clay,64.7451,647.4511,75.0,30.0,90.0,1.0,0.7721,65.0,0.2549,0.0,0.0,0.011247,0.013496,0.0,0.0,0.0,0.0,0.0,0.0
2026-06-01 14:44:00,1,Tomato,Loam,55.4499,388.1496,70.0,25.0,85.0,0.7,0.6767,60.0,4.5501,0.0,0.0,0.010561,0.012145,0.0,0.0,0.0,0.0,0.0,0.0
2026-06-01 14:44:00,2,Wheat,Sandy,42.4906,382.4157,60.0,18.0,78.0,0.9,0.5831,55.0,12.5094,0.0,0.0,0.010561,0.008977,0.0,0.0,0.0,0.0,0.0,0.0
2026-06-01 14:44:00,3,Maize,Clay,64.7438,647.4384,75.0,30.0,90.0,1.0,0.7721,65.0,0.2562,0.0,0.0,0.010561,0.012673,0.0,0.0,0.0,0.0,0.0,0.0
2026-06-01 14:45:00,1,Tomato,Loam,55.4481,388.1364,70.0,25.0,85.0,0.7,0.6766,60.0,4.5519,0.0,0.0,0.011467,0.013187,0.0,0.0,0.0,0.0,0.0,0.0
2026-06-01 14:45:00,2,Wheat,Sandy,42.4896,382.406,60.0,18.0,78.0,0.9,0.5831,55.0,12.5104,0.0,0.0,0.011467,0.009747,0.0,0.0,0.0,0.0,0.0,0.0
2026-06-01 14:45:00,3,Maize,Clay,64.7425,647.4246,75.0,30.0,90.0,1.0,0.7721,65.0,0.2575,0.0,0.0,0.011467,0.01376,0.0,0.0,0.0,0.0,0.0,0.0
2026-06-01 14:46:00,1,Tomato,Loam,55.4463,388.1241,70.0,25.0,85.0,0.7,0.6766,60.0,4.5537,0.0,0.0,0.010676,0.012277,0.0,0.0,0.0,0.0,0.0,0.0
2026-06-01 14:46:00,2,Wheat,Sandy,42.4885,382.3969,60.0,18.0,78.0,0.9,0.5831,55.0,12.5115,0.0,0.0,0.010676,0.009075,0.0,0.0,0.0,0.0,0.0,0.0
2026-06-01 14:46:00,3,Maize,Clay,64.7412,647.4118,75.0,30.0,90.0,1.0,0.772,65.0,0.2588,0.0,0.0,0.010676,0.012811,0.0,0.0,0.0,0.0,0.0,0.0
2026-06-01 14:47:00,1,Tomato,Loam,55.4444,388.1107,70.0,25.0,85.0,0.7,0.6765,60.0,4.5556,0.0,0.0,0.011636,0.013381,0.0,0.0,0.0,0.0,0.0,0.0
2026-06-01 14:47:00,2,Wheat,Sandy,42.4874,382.387,60.0,18.0,78.0,0.9,0.583,55.0,12.5126,0.0,0.0,0.011636,0.009891,0.0,0.0,0.0,0.0,0.0,0.0
2026-06-01 14:47:00,3,Maize,Clay,64.7398,647.3978,75.0,30.0,90.0,1.0,0.772,65.0,0.2602,0.0,0.0,0.011636,0.013963,0.0,0.0,0.0,0.0,0.0,0.0
2026-06-01 14:48:00,1,Tomato,Loam,55.4425,388.0978,70.0,25.0,85.0,0.7,0.6765,60.0,4.5575,0.0,0.0,0.011186,0.012864,0.0,0.0,0.0,0.0,0.0,0.0
2026-06-01 14:48:00,2,Wheat,Sandy,42.4864,382.3775,60.0,18.0,78.0,0.9,0.583,55.0,12.5136,0.0,0.0,0.011186,0.009508,0.0,0.0,0.0,0.0,0.0,0.0
2026-06-01 14:48:00,3,Maize,Clay,64.7384,647.3844,75.0,30.0,90.0,1.0,0.772,65.0,0.2616,0.0,0.0,0.011186,0.013423,0.0,0.0,0.0,0.0,0.0,0.0
2026-06-01 14:49:00,1,Tomato,Loam,55.4407,388.0847,70.0,25.0,85.0,0.7,0.6765,60.0,4.5593,0.0,0.0,0.01139,0.013098,0.0,0.0,0.0,0.0,0.0,0.0
2026-06-01 14:49:00,2,Wheat,Sandy,42.4853,382.3678,60.0,18.0,78.0,0.9,0.583,55.0,12.5147,0.0,0.0,0.01139,0.009682,0.0,0.0,0.0,0.0,0.0,0.0
2026-06-01 14:49:00,3,Maize,Clay,64.7371,647.3707,75.0,30.0,90.0,1.0,0.7719,65.0,0.2629,0.0,0.0,0.01139,0.013668,0.0,0.0,0.0,0.0,0.0,0.0
2026-06-01 14:50:00,1,Tomato,Loam,55.4389,388.072,70.0,25.0,85.0,0.7,0.6764,60.0,4.5611,0.0,0.0,0.011028,0.012682,0.0,0.0,0.0,0.0,0.0,0.0
2026-06-01 14:50:00,2,Wheat,Sandy,42.4843,382.3584,60.0,18.0,78.0,0.9,0.583,55.0,12.5157,0.0,0.0,0.011028,0.009374,0.0,0.0,0.0,0.0,0.0,0.0
2026-06-01 14:50:00,3,Maize,Clay,64.7357,647.3575,75.0,30.0,90.0,1.0,0.7719,65.0,0.2643,0.0,0.0,0.011028,0.013234,0.0,0.0,0.0,0.0,0.0,0.0
2026-06-01 14:51:00,1,Tomato,Loam,55.4371,388.0595,70.0,25.0,85.0,0.7,0.6764,60.0,4.5629,0.0,0.0,0.010903,0.012538,0.0,0.0,0.0,0.0,0.0,0.0
2026-06-01 14:51:00,2,Wheat,Sandy,42.4832,382.3491,60.0,18.0,78.0,0.9,0.5829,55.0,12.5168,0.0,0.0,0.010903,0.009268,0.0,0.0,0.0,0.0,0.0,0.0
2026-06-01 14:51:00,3,Maize,Clay,64.7344,647.3444,75.0,30.0,90.0,1.0,0.7719,65.0,0.2656,0.0,0.0,0.010903,0.013084,0.0,0.0,0.0,0.0,0.0,0.0
2026-06-01 14:52:00,1,Tomato,Loam,55.4352,388.0466,70.0,25.0,85.0,0.7,0.6763,60.0,4.5648,0.0,0.0,0.011256,0.012944,0.0,0.0,0.0,0.0,0.0,0.0
2026-06-01 14:52:00,2,Wheat,Sandy,42.4822,382.3395,60.0,18.0,78.0,0.9,0.5829,55.0,12.5178,0.0,0.0,0.011256,0.009568,0.0,0.0,0.0,0.0,0.0,0.0
2026-06-01 14:52:00,3,Maize,Clay,64.7331,647.3309,75.0,30.0,90.0,1.0,0.7718,65.0,0.2669,0.0,0.0,0.011256,0.013507,0.0,0.0,0.0,0.0,0.0,0.0
2026-06-01 14:53:00,1,Tomato,Loam,55.4334,388.0337,70.0,25.0,85.0,0.7,0.6763,60.0,4.5666,0.0,0.0,0.011188,0.012866,0.0,0.0,0.0,0.0,0.0,0.0
2026-06-01 14:53:00,2,Wheat,Sandy,42.4811,382.33,60.0,18.0,78.0,0.9,0.5829,55.0,12.5189,0.0,0.0,0.011188,0.00951,0.0,0.0,0.0,0.0,0.0,0.0
2026-06-01 14:53:00,3,Maize,Clay,64.7317,647.3175,75.0,30.0,90.0,1.0,0.7718,65.0,0.2683,0.0,0.0,0.011188,0.013426,0.0,0.0,0.0,0.0,0.0,0.0
2026-06-01 14:54:00,1,Tomato,Loam,55.4316,388.021,70.0,25.0,85.0,0.7,0.6763,60.0,4.5684,0.0,0.0,0.011076,0.012737,0.0,0.0,0.0,0.0,0.0,0.0
2026-06-01 14:54:00,2,Wheat,Sandy,42.4801,382.3206,60.0,18.0,78.0,0.9,0.5829,55.0,12.5199,0.0,0.0,0.011076,0.009415,0.0,0.0,0.0,0.0,0.0,0.0
2026-06-01 14:54:00,3,Maize,Clay,64.7304,647.3042,75.0,30.0,90.0,1.0,0.7718,65.0,0.2696,0.0,0.0,0.011076,0.013291,0.0,0.0,0.0,0.0,0.0,0.0
2026-06-01 14:55:00,1,Tomato,Loam,55.4297,388.0081,70.0,25.0,85.0,0.7,0.6762,60.0,4.5703,0.0,0.0,0.011251,0.012939,0.0,0.0,0.0,0.0,0.0,0.0
2026-06-01 14:55:00,2,Wheat,Sandy,42.479,382.311,60.0,18.0,78.0,0.9,0.5828,55.0,12.521,0.0,0.0,0.011251,0.009563,0.0,0.0,0.0,0.0,0.0,0.0
2026-06-01 14:55:00,3,Maize,Clay,64.7291,647.2907,75.0,30.0,90.0,1.0,0.7718,65.0,0.2709,0.0,0.0,0.011251,0.013501,0.0,0.0,0.0,0.0,0.0,0.0
2026-06-01 14:56:00,1,Tomato,Loam,55.4278,387.9945,70.0,25.0,85.0,0.7,0.6762,60.0,4.5722,0.0,0.0,0.01187,0.01365,0.0,0.0,0.0,0.0,0.0,0.0
2026-06-01 14:56:00,2,Wheat,Sandy,42.4779,382.3009,60.0,18.0,78.0,0.9,0.5828,55.0,12.5221,0.0,0.0,0.01187,0.01009,0.0,0.0,0.0,0.0,0.0,0.0
2026-06-01 14:56:00,3,Maize,Clay,64.7276,647.2765,75.0,30.0,90.0,1.0,0.7717,65.0,0.2724,0.0,0.0,0.01187,0.014244,0.0,0.0,0.0,0.0,0.0,0.0
2026-06-01 14:57:00,1,Tomato,Loam,55.4259,387.9814,70.0,25.0,85.0,0.7,0.6761,60.0,4.5741,0.0,0.0,0.011404,0.013115,0.0,0.0,0.0,0.0,0.0,0.0
2026-06-01 14:57:00,2,Wheat,Sandy,42.4768,382.2912,60.0,18.0,78.0,0.9,0.5828,55.0,12.5232,0.0,0.0,0.011404,0.009693,0.0,0.0,0.0,0.0,0.0,0.0
2026-06-01 14:57:00,3,Maize,Clay,64.7263,647.2628,75.0,30.0,90.0,1.0,0.7717,65.0,0.2737,0.0,0.0,0.011404,0.013685,0.0,0.0,0.0,0.0,0.0,0.0
2026-06-01 14:58:00,1,Tomato,Loam,55.424,387.9682,70.0,25.0,85.0,0.7,0.6761,60.0,4.576,0.0,0.0,0.011511,0.013238,0.0,0.0,0.0,0.0,0.0,0.0
2026-06-01 14:58:00,2,Wheat,Sandy,42.4757,382.2814,60.0,18.0,78.0,0.9,0.5828,55.0,12.5243,0.0,0.0,0.011511,0.009784,0.0,0.0,0.0,0.0,0.0,0.0
2026-06-01 14:58:00,3,Maize,Clay,64.7249,647.249,75.0,30.0,90.0,1.0,0.7717,65.0,0.2751,0.0,0.0,0.011511,0.013813,0.0,0.0,0.0,0.0,0.0,0.0
2026-06-01 14:59:00,1,Tomato,Loam,55.4222,387.9551,70.0,25.0,85.0,0.7,0.676,60.0,4.5778,0.0,0.0,0.011367,0.013072,0.0,0.0,0.0,0.0,0.0,0.0
2026-06-01 14:59:00,2,Wheat,Sandy,42.4746,382.2717,60.0,18.0,78.0,0.9,0.5827,55.0,12.5254,0.0,0.0,0.011367,0.009662,0.0,0.0,0.0,0.0,0.0,0.0
2026-06-01 14:59:00,3,Maize,Clay,64.7235,647.2354,75.0,30.0,90.0,1.0,0.7716,65.0,0.2765,0.0,0.0,0.011367,0.01364,0.0,0.0,0.0,0.0,0.0,0.0
2026-06-01 15:00:00,1,Tomato,Loam,55.4203,387.9418,70.0,25.0,85.0,0.7,0.676,60.0,4.5797,0.0,0.0,0.011574,0.01331,0.0,0.0,0.0,0.0,0.0,0.0
2026-06-01 15:00:00,2,Wheat,Sandy,42.4735,382.2619,60.0,18.0,78.0,0.9,0.5827,55.0,12.5265,0.0,0.0,0.011574,0.009838,0.0,0.0,0.0,0.0,0.0,0.0
2026-06-01 15:00:00,3,Maize,Clay,64.7222,647.2215,75.0,30.0,90.0,1.0,0.7716,65.0,0.2778,0.0,0.0,0.011574,0.013889,0.0,0.0,0.0,0.0,0.0,0.0
2026-06-01 15:01:00,1,Tomato,Loam,55.4185,387.9292,70.0,25.0,85.0,0.7,0.676,60.0,4.5815,0.0,0.0,0.010965,0.01261,0.0,0.0,0.0,0.0,0.0,0.0
2026-06-01 15:01:00,2,Wheat,Sandy,42.4725,382.2526,60.0,18.0,78.0,0.9,0.5827,55.0,12.5275,0.0,0.0,0.010965,0.00932,0.0,0.0,0.0,0.0,0.0,0.0
2026-06-01 15:01:00,3,Maize,Clay,64.7208,647.2083,75.0,30.0,90.0,1.0,0.7716,65.0,0.2792,0.0,0.0,0.010965,0.013158,0.0,0.0,0.0,0.0,0.0,0.0
2026-06-01 15:02:00,1,Tomato,Loam,55.4167,387.9169,70.0,25.0,85.0,0.7,0.6759,60.0,4.5833,0.0,0.0,0.010658,0.012257,0.0,0.0,0.0,0.0,0.0,0.0
2026-06-01 15:02:00,2,Wheat,Sandy,42.4715,382.2435,60.0,18.0,78.0,0.9,0.5827,55.0,12.5285,0.0,0.0,0.010658,0.009059,0.0,0.0,0.0,0.0,0.0,0.0
2026-06-01 15:02:00,3,Maize,Clay,64.7196,647.1955,75.0,30.0,90.0,1.0,0.7715,65.0,0.2804,0.0,0.0,0.010658,0.01279,0.0,0.0,0.0,0.0,0.0,0.0
2026-06-01 15:03:00,1,Tomato,Loam,55.4149,387.9041,70.0,25.0,85.0,0.7,0.6759,60.0,4.5851,0.0,0.0,0.011088,0.012751,0.0,0.0,0.0,0.0,0.0,0.0
2026-06-01 15:03:00,2,Wheat,Sandy,42.4705,382.2341,60.0,18.0,78.0,0.9,0.5826,55.0,12.5295,0.0,0.0,0.011088,0.009425,0.0,0.0,0.0,0.0,0.0,0.0
2026-06-01 15:03:00,3,Maize,Clay,64.7182,647.1822,75.0,30.0,90.0,1.0,0.7715,65.0,0.2818,0.0,0.0,0.011088,0.013306,0.0,0.0,0.0,0.0,0.0,0.0
2026-06-01 15:04:00,1,Tomato,Loam,55.413,387.8912,70.0,25.0,85.0,0.7,0.6758,60.0,4.587,0.0,0.0,0.011248,0.012935,0.0,0.0,0.0,0.0,0.0,0.0
2026-06-01 15:04:00,2,Wheat,Sandy,42.4694,382.2245,60.0,18.0,78.0,0.9,0.5826,55.0,12.5306,0.0,0.0,0.011248,0.009561,0.0,0.0,0.0,0.0,0.0,0.0
2026-06-01 15:04:00,3,Maize,Clay,64.7169,647.1687,75.0,30.0,90.0,1.0,0.7715,65.0,0.2831,0.0,0.0,0.011248,0.013498,0.0,0.0,0.0,0.0,0.0,0.0
2026-06-01 15:05:00,1,Tomato,Loam,55.4112,387.8786,70.0,25.0,85.0,0.7,0.6758,60.0,4.5888,0.0,0.0,0.010935,0.012575,0.0,0.0,0.0,0.0,0.0,0.0
2026-06-01 15:05:00,2,Wheat,Sandy,42.4684,382.2152,60.0,18.0,78.0,0.9,0.5826,55.0,12.5316,0.0,0.0,0.010935,0.009295,0.0,0.0,0.0,0.0,0.0,0.0
2026-06-01 15:05:00,3,Maize,Clay,64.7156,647.1556,75.0,30.0,90.0,1.0,0.7715,65.0,0.2844,0.0,0.0,0.010935,0.013122,0.0,0.0,0.0,0.0,0.0,0.0
2026-06-01 15:06:00,1,Tomato,Loam,55.4094,387.866,70.0,25.0,85.0,0.7,0.6758,60.0,4.5906,0.0,0.0,0.010968,0.012613,0.0,0.0,0.0,0.0,0.0,0.0
2026-06-01 15:06:00,2,Wheat,Sandy,42.4673,382.2059,60.0,18.0,78.0,0.9,0.5826,55.0,12.5327,0.0,0.0,0.010968,0.009323,0.0,0.0,0.0,0.0,0.0,0.0
2026-06-01 15:06:00,3,Maize,Clay,64.7142,647.1424,75.0,30.0,90.0,1.0,0.7714,65.0,0.2858,0.0,0.0,0.010968,0.013162,0.0,0.0,0.0,0.0,0.0,0.0
2026-06-01 15:07:00,1,Tomato,Loam,55.4077,387.8536,70.0,25.0,85.0,0.7,0.6757,60.0,4.5923,0.0,0.0,0.010739,0.01235,0.0,0.0,0.0,0.0,0.0,0.0
2026-06-01 15:07:00,2,Wheat,Sandy,42.4663,382.1968,60.0,18.0,78.0,0.9,0.5825,55.0,12.5337,0.0,0.0,0.010739,0.009128,0.0,0.0,0.0,0.0,0.0,0.0
2026-06-01 15:07:00,3,Maize,Clay,64.713,647.1295,75.0,30.0,90.0,1.0,0.7714,65.0,0.287,0.0,0.0,0.010739,0.012887,0.0,0.0,0.0,0.0,0.0,0.0
2026-06-01 15:08:00,1,Tomato,Loam,55.4058,387.8405,70.0,25.0,85.0,0.7,0.6757,60.0,4.5942,0.0,0.0,0.011349,0.013051,0.0,0.0,0.0,0.0,0.0,0.0
2026-06-01 15:08:00,2,Wheat,Sandy,42.4652,382.1872,60.0,18.0,78.0,0.9,0.5825,55.0,12.5348,0.0,0.0,0.011349,0.009647,0.0,0.0,0.0,0.0,0.0,0.0
2026-06-01 15:08:00,3,Maize,Clay,64.7116,647.1159,75.0,30.0,90.0,1.0,0.7714,65.0,0.2884,0.0,0.0,0.011349,0.013619,0.0,0.0,0.0,0.0,0.0,0.0
2026-06-01 15:09:00,1,Tomato,Loam,55.404,387.8277,70.0,25.0,85.0,0.7,0.6756,60.0,4.596,0.0,0.0,0.011095,0.012759,0.0,0.0,0.0,0.0,0.0,0.0
2026-06-01 15:09:00,2,Wheat,Sandy,42.4642,382.1778,60.0,18.0,78.0,0.9,0.5825,55.0,12.5358,0.0,0.0,0.011095,0.009431,0.0,0.0,0.0,0.0,0.0,0.0
2026-06-01 15:09:00,3,Maize,Clay,64.7103,647.1026,75.0,30.0,90.0,1.0,0.7713,65.0,0.2897,0.0,0.0,0.011095,0.013314,0.0,0.0,0.0,0.0,0.0,0.0
2026-06-01 15:10:00,1,Tomato,Loam,55.4021,387.8149,70.0,25.0,85.0,0.7,0.6756,60.0,4.5979,0.0,0.0,0.011141,0.012812,0.0,0.0,0.0,0.0,0.0,0.0
2026-06-01 15:10:00,2,Wheat,Sandy,42.4631,382.1683,60.0,18.0,78.0,0.9,0.5825,55.0,12.5369,0.0,0.0,0.011141,0.00947,0.0,0.0,0.0,0.0,0.0,0.0
2026-06-01 15:10:00,3,Maize,Clay,64.7089,647.0892,75.0,30.0,90.0,1.0,0.7713,65.0,0.2911,0.0,0.0,0.011141,0.013369,0.0,0.0,0.0,0.0,0.0,0.0
2026-06-01 15:11:00,1,Tomato,Loam,55.4003,387.8023,70.0,25.0,85.0,0.7,0.6756,60.0,4.5997,0.0,0.0,0.010963,0.012607,0.0,0.0,0.0,0.0,0.0,0.0
2026-06-01 15:11:00,2,Wheat,Sandy,42.4621,382.159,60.0,18.0,78.0,0.9,0.5824,55.0,12.5379,0.0,0.0,0.010963,0.009319,0.0,0.0,0.0,0.0,0.0,0.0
2026-06-01 15:11:00,3,Maize,Clay,64.7076,647.076,75.0,30.0,90.0,1.0,0.7713,65.0,0.2924,0.0,0.0,0.010963,0.013156,0.0,0.0,0.0,0.0,0.0,0.0
2026-06-01 15:12:00,1,Tomato,Loam,55.3985,387.7898,70.0,25.0,85.0,0.7,0.6755,60.0,4.6015,0.0,0.0,0.010894,0.012528,0.0,0.0,0.0,0.0,0.0,0.0
2026-06-01 15:12:00,2,Wheat,Sandy,42.4611,382.1497,60.0,18.0,78.0,0.9,0.5824,55.0,12.5389,0.0,0.0,0.010894,0.00926,0.0,0.0,0.0,0.0,0.0,0.0
2026-06-01 15:12:00,3,Maize,Clay,64.7063,647.0629,75.0,30.0,90.0,1.0,0.7713,65.0,0.2937,0.0,0.0,0.010894,0.013073,0.0,0.0,0.0,0.0,0.0,0.0
2026-06-01 15:13:00,1,Tomato,Loam,55.3967,387.7771,70.0,25.0,85.0,0.7,0.6755,60.0,4.6033,0.0,0.0,0.01102,0.012673,0.0,0.0,0.0,0.0,0.0,0.0
2026-06-01 15:13:00,2,Wheat,Sandy,42.46,382.1403,60.0,18.0,78.0,0.9,0.5824,55.0,12.54,0.0,0.0,0.01102,0.009367,0.0,0.0,0.0,0.0,0.0,0.0
2026-06-01 15:13:00,3,Maize,Clay,64.705,647.0497,75.0,30.0,90.0,1.0,0.7712,65.0,0.295,0.0,0.0,0.01102,0.013224,0.0,0.0,0.0,0.0,0.0,0.0
2026-06-01 15:14:00,1,Tomato,Loam,55.395,387.7649,70.0,25.0,85.0,0.7,0.6754,60.0,4.605,0.0,0.0,0.010598,0.012188,0.0,0.0,0.0,0.0,0.0,0.0
2026-06-01 15:14:00,2,Wheat,Sandy,42.459,382.1313,60.0,18.0,78.0,0.9,0.5824,55.0,12.541,0.0,0.0,0.010598,0.009008,0.0,0.0,0.0,0.0,0.0,0.0
2026-06-01 15:14:00,3,Maize,Clay,64.7037,647.037,75.0,30.0,90.0,1.0,0.7712,65.0,0.2963,0.0,0.0,0.010598,0.012718,0.0,0.0,0.0,0.0,0.0,0.0
2026-06-01 15:15:00,1,Tomato,Loam,55.3933,387.753,70.0,25.0,85.0,0.7,0.6754,60.0,4.6067,0.0,0.0,0.010325,0.011874,0.0,0.0,0.0,0.0,0.0,0.0
2026-06-01 15:15:00,2,Wheat,Sandy,42.4581,382.1225,60.0,18.0,78.0,0.9,0.5823,55.0,12.5419,0.0,0.0,0.010325,0.008776,0.0,0.0,0.0,0.0,0.0,0.0
2026-06-01 15:15:00,3,Maize,Clay,64.7025,647.0246,75.0,30.0,90.0,1.0,0.7712,65.0,0.2975,0.0,0.0,0.010325,0.01239,0.0,0.0,0.0,0.0,0.0,0.0
2026-06-01 15:16:00,1,Tomato,Loam,55.3915,387.7405,70.0,25.0,85.0,0.7,0.6754,60.0,4.6085,0.0,0.0,0.010906,0.012542,0.0,0.0,0.0,0.0,0.0,0.0
2026-06-01 15:16:00,2,Wheat,Sandy,42.457,382.1132,60.0,18.0,78.0,0.9,0.5823,55.0,12.543,0.0,0.0,0.010906,0.00927,0.0,0.0,0.0,0.0,0.0,0.0
2026-06-01 15:16:00,3,Maize,Clay,64.7012,647.0115,75.0,30.0,90.0,1.0,0.7711,65.0,0.2988,0.0,0.0,0.010906,0.013087,0.0,0.0,0.0,0.0,0.0,0.0
2026-06-01 15:17:00,1,Tomato,Loam,55.3897,387.7279,70.0,25.0,85.0,0.7,0.6753,60.0,4.6103,0.0,0.0,0.010965,0.01261,0.0,0.0,0.0,0.0,0.0,0.0
2026-06-01 15:17:00,2,Wheat,Sandy,42.456,382.1039,60.0,18.0,78.0,0.9,0.5823,55.0,12.544,0.0,0.0,0.010965,0.00932,0.0,0.0,0.0,0.0,0.0,0.0
2026-06-01 15:17:00,3,Maize,Clay,64.6998,646.9983,75.0,30.0,90.0,1.0,0.7711,65.0,0.3002,0.0,0.0,0.010965,0.013158,0.0,0.0,0.0,0.0,0.0,0.0
2026-06-01 15:18:00,1,Tomato,Loam,55.3879,387.7151,70.0,25.0,85.0,0.7,0.6753,60.0,4.6121,0.0,0.0,0.011089,0.012752,0.0,0.0,0.0,0.0,0.0,0.0
2026-06-01 15:18:00,2,Wheat,Sandy,42.4549,382.0945,60.0,18.0,78.0,0.9,0.5823,55.0,12.5451,0.0,0.0,0.011089,0.009426,0.0,0.0,0.0,0.0,0.0,0.0
2026-06-01 15:18:00,3,Maize,Clay,64.6985,646.985,75.0,30.0,90.0,1.0,0.7711,65.0,0.3015,0.0,0.0,0.011089,0.013307,0.0,0.0,0.0,0.0,0.0,0.0
2026-06-01 15:19:00,1,Tomato,Loam,55.3861,387.7024,70.0,25.0,85.0,0.7,0.6752,60.0,4.6139,0.0,0.0,0.011063,0.012722,0.0,0.0,0.0,0.0,0.0,0.0
2026-06-01 15:19:00,2,Wheat,Sandy,42.4539,382.0851,60.0,18.0,78.0,0.9,0.5822,55.0,12.5461,0.0,0.0,0.011063,0.009404,0.0,0.0,0.0,0.0,0.0,0.0
2026-06-01 15:19:00,3,Maize,Clay,64.6972,646.9717,75.0,30.0,90.0,1.0,0.771,65.0,0.3028,0.0,0.0,0.011063,0.013276,0.0,0.0,0.0,0.0,0.0,0.0
2026-06-01 15:20:00,1,Tomato,Loam,55.3842,387.6895,70.0,25.0,85.0,0.7,0.6752,60.0,4.6158,0.0,0.0,0.011194,0.012873,0.0,0.0,0.0,0.0,0.0,0.0
2026-06-01 15:20:00,2,Wheat,Sandy,42.4528,382.0756,60.0,18.0,78.0,0.9,0.5822,55.0,12.5472,0.0,0.0,0.011194,0.009515,0.0,0.0,0.0,0.0,0.0,0.0
2026-06-01 15:20:00,3,Maize,Clay,64.6958,646.9583,75.0,30.0,90.0,1.0,0.771,65.0,0.3042,0.0,0.0,0.011194,0.013433,0.0,0.0,0.0,0.0,0.0,0.0
2026-06-01 15:21:00,1,Tomato,Loam,55.3825,387.6775,70.0,25.0,85.0,0.7,0.6752,60.0,4.6175,0.0,0.0,0.010398,0.011958,0.0,0.0,0.0,0.0,0.0,0.0
2026-06-01 15:21:00,2,Wheat,Sandy,42.4519,382.0668,60.0,18.0,78.0,0.9,0.5822,55.0,12.5481,0.0,0.0,0.010398,0.008838,0.0,0.0,0.0,0.0,0.0,0.0
2026-06-01 15:21:00,3,Maize,Clay,64.6946,646.9458,75.0,30.0,90.0,1.0,0.771,65.0,0.3054,0.0,0.0,0.010398,0.012478,0.0,0.0,0.0,0.0,0.0,0.0
2026-06-01 15:22:00,1,Tomato,Loam,55.3807,387.6652,70.0,25.0,85.0,0.7,0.6751,60.0,4.6193,0.0,0.0,0.010685,0.012288,0.0,0.0,0.0,0.0,0.0,0.0
2026-06-01 15:22:00,2,Wheat,Sandy,42.4509,382.0577,60.0,18.0,78.0,0.9,0.5822,55.0,12.5491,0.0,0.0,0.010685,0.009082,0.0,0.0,0.0,0.0,0.0,0.0
2026-06-01 15:22:00,3,Maize,Clay,64.6933,646.933,75.0,30.0,90.0,1.0,0.771,65.0,0.3067,0.0,0.0,0.010685,0.012822,0.0,0.0,0.0,0.0,0.0,0.0
2026-06-01 15:23:00,1,Tomato,Loam,55.379,387.6527,70.0,25.0,85.0,0.7,0.6751,60.0,4.621,0.0,0.0,0.010829,0.012453,0.0,0.0,0.0,0.0,0.0,0.0
2026-06-01 15:23:00,2,Wheat,Sandy,42.4498,382.0485,60.0,18.0,78.0,0.9,0.5821,55.0,12.5502,0.0,0.0,0.010829,0.009205,0.0,0.0,0.0,0.0,0.0,0.0
2026-06-01 15:23:00,3,Maize,Clay,64.692,646.92,75.0,30.0,90.0,1.0,0.7709,65.0,0.308,0.0,0.0,0.010829,0.012995,0.0,0.0,0.0,0.0,0.0,0.0
2026-06-01 15:24:00,1,Tomato,Loam,55.3771,387.6397,70.0,25.0,85.0,0.7,0.675,60.0,4.6229,0.0,0.0,0.01133,0.01303,0.0,0.0,0.0,0.0,0.0,0.0
2026-06-01 15:24:00,2,Wheat,Sandy,42.4488,382.0389,60.0,18.0,78.0,0.9,0.5821,55.0,12.5512,0.0,0.0,0.01133,0.00963,0.0,0.0,0.0,0.0,0.0,0.0
2026-06-01 15:24:00,3,Maize,Clay,64.6906,646.9064,75.0,30.0,90.0,1.0,0.7709,65.0,0.3094,0.0,0.0,0.01133,0.013596,0.0,0.0,0.0,0.0,0.0,0.0
2026-06-01 15:25:00,1,Tomato,Loam,55.3753,387.6268,70.0,25.0,85.0,0.7,0.675,60.0,4.6247,0.0,0.0,0.011175,0.012851,0.0,0.0,0.0,0.0,0.0,0.0
2026-06-01 15:25:00,2,Wheat,Sandy,42.4477,382.0294,60.0,18.0,78.0,0.9,0.5821,55.0,12.5523,0.0,0.0,0.011175,0.009499,0.0,0.0,0.0,0.0,0.0,0.0
2026-06-01 15:25:00,3,Maize,Clay,64.6893,646.893,75.0,30.0,90.0,1.0,0.7709,65.0,0.3107,0.0,0.0,0.011175,0.01341,0.0,0.0,0.0,0.0,0.0,0.0
2026-06-01 15:26:00,1,Tomato,Loam,55.3734,387.614,70.0,25.0,85.0,0.7,0.675,60.0,4.6266,0.0,0.0,0.011137,0.012808,0.0,0.0,0.0,0.0,0.0,0.0
2026-06-01 15:26:00,2,Wheat,Sandy,42.4467,382.0199,60.0,18.0,78.0,0.9,0.5821,55.0,12.5533,0.0,0.0,0.011137,0.009466,0.0,0.0,0.0,0.0,0.0,0.0
2026-06-01 15:26:00,3,Maize,Clay,64.688,646.8796,75.0,30.0,90.0,1.0,0.7708,65.0,0.312,0.0,0.0,0.011137,0.013364,0.0,0.0,0.0,0.0,0.0,0.0
2026-06-01 15:27:00,1,Tomato,Loam,55.3717,387.6018,70.0,25.0,85.0,0.7,0.6749,60.0,4.6283,0.0,0.0,0.010597,0.012187,0.0,0.0,0.0,0.0,0.0,0.0
2026-06-01 15:27:00,2,Wheat,Sandy,42.4457,382.0109,60.0,18.0,78.0,0.9,0.582,55.0,12.5543,0.0,0.0,0.010597,0.009007,0.0,0.0,0.0,0.0,0.0,0.0
2026-06-01 15:27:00,3,Maize,Clay,64.6867,646.8669,75.0,30.0,90.0,1.0,0.7708,65.0,0.3133,0.0,0.0,0.010597,0.012716,0.0,0.0,0.0,0.0,0.0,0.0
2026-06-01 15:28:00,1,Tomato,Loam,55.37,387.5899,70.0,25.0,85.0,0.7,0.6749,60.0,4.63,0.0,0.0,0.010376,0.011932,0.0,0.0,0.0,0.0,0.0,0.0
2026-06-01 15:28:00,2,Wheat,Sandy,42.4447,382.0021,60.0,18.0,78.0,0.9,0.582,55.0,12.5553,0.0,0.0,0.010376,0.00882,0.0,0.0,0.0,0.0,0.0,0.0
2026-06-01 15:28:00,3,Maize,Clay,64.6854,646.8544,75.0,30.0,90.0,1.0,0.7708,65.0,0.3146,0.0,0.0,0.010376,0.012451,0.0,0.0,0.0,0.0,0.0,0.0
2026-06-01 15:29:00,1,Tomato,Loam,55.3682,387.5776,70.0,25.0,85.0,0.7,0.6748,60.0,4.6318,0.0,0.0,0.01068,0.012282,0.0,0.0,0.0,0.0,0.0,0.0
2026-06-01 15:29:00,2,Wheat,Sandy,42.4437,381.993,60.0,18.0,78.0,0.9,0.582,55.0,12.5563,0.0,0.0,0.01068,0.009078,0.0,0.0,0.0,0.0,0.0,0.0
2026-06-01 15:29:00,3,Maize,Clay,64.6842,646.8416,75.0,30.0,90.0,1.0,0.7708,65.0,0.3158,0.0,0.0,0.01068,0.012816,0.0,0.0,0.0,0.0,0.0,0.0
2026-06-01 15:30:00,1,Tomato,Loam,55.3665,387.5658,70.0,25.0,85.0,0.7,0.6748,60.0,4.6335,0.0,0.0,0.010248,0.011785,0.0,0.0,0.0,0.0,0.0,0.0
2026-06-01 15:30:00,2,Wheat,Sandy,42.4427,381.9843,60.0,18.0,78.0,0.9,0.582,55.0,12.5573,0.0,0.0,0.010248,0.008711,0.0,0.0,0.0,0.0,0.0,0.0
2026-06-01 15:30:00,3,Maize,Clay,64.6829,646.8293,75.0,30.0,90.0,1.0,0.7707,65.0,0.3171,0.0,0.0,0.010248,0.012298,0.0,0.0,0.0,0.0,0.0,0.0
2026-06-01 15:31:00,1,Tomato,Loam,55.3648,387.5536,70.0,25.0,85.0,0.7,0.6748,60.0,4.6352,0.0,0.0,0.01059,0.012178,0.0,0.0,0.0,0.0,0.0,0.0
2026-06-01 15:31:00,2,Wheat,Sandy,42.4417,381.9753,60.0,18.0,78.0,0.9,0.5819,55.0,12.5583,0.0,0.0,0.01059,0.009002,0.0,0.0,0.0,0.0,0.0,0.0
2026-06-01 15:31:00,3,Maize,Clay,64.6817,646.8166,75.0,30.0,90.0,1.0,0.7707,65.0,0.3183,0.0,0.0,0.01059,0.012708,0.0,0.0,0.0,0.0,0.0,0.0
2026-06-01 15:32:00,1,Tomato,Loam,55.363,387.5413,70.0,25.0,85.0,0.7,0.6747,60.0,4.637,0.0,0.0,0.01066,0.012259,0.0,0.0,0.0,0.0,0.0,0.0
2026-06-01 15:32:00,2,Wheat,Sandy,42.4407,381.9662,60.0,18.0,78.0,0.9,0.5819,55.0,12.5593,0.0,0.0,0.01066,0.009061,0.0,0.0,0.0,0.0,0.0,0.0
2026-06-01 15:32:00,3,Maize,Clay,64.6804,646.8038,75.0,30.0,90.0,1.0,0.7707,65.0,0.3196,0.0,0.0,0.01066,0.012792,0.0,0.0,0.0,0.0,0.0,0.0
2026-06-01 15:33:00,1,Tomato,Loam,55.3612,387.5286,70.0,25.0,85.0,0.7,0.6747,60.0,4.6388,0.0,0.0,0.011046,0.012703,0.0,0.0,0.0,0.0,0.0,0.0
2026-06-01 15:33:00,2,Wheat,Sandy,42.4396,381.9568,60.0,18.0,78.0,0.9,0.5819,55.0,12.5604,0.0,0.0,0.011046,0.009389,0.0,0.0,0.0,0.0,0.0,0.0
2026-06-01 15:33:00,3,Maize,Clay,64.6791,646.7905,75.0,30.0,90.0,1.0,0.7706,65.0,0.3209,0.0,0.0,0.011046,0.013255,0.0,0.0,0.0,0.0,0.0,0.0
2026-06-01 15:34:00,1,Tomato,Loam,55.3595,387.5166,70.0,25.0,85.0,0.7,0.6747,60.0,4.6405,0.0,0.0,0.010401,0.011961,0.0,0.0,0.0,0.0,0.0,0.0
2026-06-01 15:34:00,2,Wheat,Sandy,42.4387,381.948,60.0,18.0,78.0,0.9,0.5819,55.0,12.5613,0.0,0.0,0.010401,0.008841,0.0,0.0,0.0,0.0,0.0,0.0
2026-06-01 15:34:00,3,Maize,Clay,64.6778,646.778,75.0,30.0,90.0,1.0,0.7706,65.0,0.3222,0.0,0.0,0.010401,0.012481,0.0,0.0,0.0,0.0,0.0,0.0
2026-06-01 15:35:00,1,Tomato,Loam,55.3579,387.5054,70.0,25.0,85.0,0.7,0.6746,60.0,4.6421,0.0,0.0,0.009762,0.011226,0.0,0.0,0.0,0.0,0.0,0.0
2026-06-01 15:35:00,2,Wheat,Sandy,42.4377,381.9397,60.0,18.0,78.0,0.9,0.5819,55.0,12.5623,0.0,0.0,0.009762,0.008298,0.0,0.0,0.0,0.0,0.0,0.0
2026-06-01 15:35:00,3,Maize,Clay,64.6766,646.7663,75.0,30.0,90.0,1.0,0.7706,65.0,0.3234,0.0,0.0,0.009762,0.011714,0.0,0.0,0.0,0.0,0.0,0.0
2026-06-01 15:36:00,1,Tomato,Loam,55.3562,387.4933,70.0,25.0,85.0,0.7,0.6746,60.0,4.6438,0.0,0.0,0.010501,0.012076,0.0,0.0,0.0,0.0,0.0,0.0
2026-06-01 15:36:00,2,Wheat,Sandy,42.4368,381.9308,60.0,18.0,78.0,0.9,0.5818,55.0,12.5632,0.0,0.0,0.010501,0.008926,0.0,0.0,0.0,0.0,0.0,0.0
2026-06-01 15:36:00,3,Maize,Clay,64.6754,646.7537,75.0,30.0,90.0,1.0,0.7706,65.0,0.3246,0.0,0.0,0.010501,0.012601,0.0,0.0,0.0,0.0,0.0,0.0
2026-06-01 15:37:00,1,Tomato,Loam,55.3545,387.4817,70.0,25.0,85.0,0.7,0.6745,60.0,4.6455,0.0,0.0,0.010095,0.011609,0.0,0.0,0.0,0.0,0.0,0.0
2026-06-01 15:37:00,2,Wheat,Sandy,42.4358,381.9222,60.0,18.0,78.0,0.9,0.5818,55.0,12.5642,0.0,0.0,0.010095,0.008581,0.0,0.0,0.0,0.0,0.0,0.0
2026-06-01 15:37:00,3,Maize,Clay,64.6742,646.7416,75.0,30.0,90.0,1.0,0.7705,65.0,0.3258,0.0,0.0,0.010095,0.012114,0.0,0.0,0.0,0.0,0.0,0.0
2026-06-01 15:38:00,1,Tomato,Loam,55.3528,387.4699,70.0,25.0,85.0,0.7,0.6745,60.0,4.6472,0.0,0.0,0.010247,0.011784,0.0,0.0,0.0,0.0,0.0,0.0
2026-06-01 15:38:00,2,Wheat,Sandy,42.4348,381.9135,60.0,18.0,78.0,0.9,0.5818,55.0,12.5652,0.0,0.0,0.010247,0.00871,0.0,0.0,0.0,0.0,0.0,0.0
2026-06-01 15:38:00,3,Maize,Clay,64.6729,646.7293,75.0,30.0,90.0,1.0,0.7705,65.0,0.3271,0.0,0.0,0.010247,0.012296,0.0,0.0,0.0,0.0,0.0,0.0
2026-06-01 15:39:00,1,Tomato,Loam,55.3511,387.458,70.0,25.0,85.0,0.7,0.6745,60.0,4.6489,0.0,0.0,0.010372,0.011928,0.0,0.0,0.0,0.0,0.0,0.0
2026-06-01 15:39:00,2,Wheat,Sandy,42.4339,381.9047,60.0,18.0,78.0,0.9,0.5818,55.0,12.5661,0.0,0.0,0.010372,0.008816,0.0,0.0,0.0,0.0,0.0,0.0
2026-06-01 15:39:00,3,Maize,Clay,64.6717,646.7169,75.0,30.0,90.0,1.0,0.7705,65.0,0.3283,0.0,0.0,0.010372,0.012446,0.0,0.0,0.0,0.0,0.0,0.0
2026-06-01 15:40:00,1,Tomato,Loam,55.3495,387.4462,70.0,25.0,85.0,0.7,0.6744,60.0,4.6505,0.0,0.0,0.010263,0.011802,0.0,0.0,0.0,0.0,0.0,0.0
2026-06-01 15:40:00,2,Wheat,Sandy,42.4329,381.896,60.0,18.0,78.0,0.9,0.5817,55.0,12.5671,0.0,0.0,0.010263,0.008724,0.0,0.0,0.0,0.0,0.0,0.0
2026-06-01 15:40:00,3,Maize,Clay,64.6705,646.7046,75.0,30.0,90.0,1.0,0.7705,65.0,0.3295,0.0,0.0,0.010263,0.012316,0.0,0.0,0.0,0.0,0.0,0.0
2026-06-01 15:41:00,1,Tomato,Loam,55.3477,387.4341,70.0,25.0,85.0,0.7,0.6744,60.0,4.6523,0.0,0.0,0.010544,0.012126,0.0,0.0,0.0,0.0,0.0,0.0
2026-06-01 15:41:00,2,Wheat,Sandy,42.4319,381.887,60.0,18.0,78.0,0.9,0.5817,55.0,12.5681,0.0,0.0,0.010544,0.008962,0.0,0.0,0.0,0.0,0.0,0.0
2026-06-01 15:41:00,3,Maize,Clay,64.6692,646.6919,75.0,30.0,90.0,1.0,0.7704,65.0,0.3308,0.0,0.0,0.010544,0.012653,0.0,0.0,0.0,0.0,0.0,0.0
2026-06-01 15:42:00,1,Tomato,Loam,55.3461,387.4227,70.0,25.0,85.0,0.7,0.6744,60.0,4.6539,0.0,0.0,0.009955,0.011448,0.0,0.0,0.0,0.0,0.0,0.0
2026-06-01 15:42:00,2,Wheat,Sandy,42.4309,381.8785,60.0,18.0,78.0,0.9,0.5817,55.0,12.5691,0.0,0.0,0.009955,0.008462,0.0,0.0,0.0,0.0,0.0,0.0
2026-06-01 15:42:00,3,Maize,Clay,64.668,646.68,75.0,30.0,90.0,1.0,0.7704,65.0,0.332,0.0,0.0,0.009955,0.011946,0.0,0.0,0.0,0.0,0.0,0.0
2026-06-01 15:43:00,1,Tomato,Loam,55.3444,387.411,70.0,25.0,85.0,0.7,0.6743,60.0,4.6556,0.0,0.0,0.010211,0.011743,0.0,0.0,0.0,0.0,0.0,0.0
2026-06-01 15:43:00,2,Wheat,Sandy,42.43,381.8698,60.0,18.0,78.0,0.9,0.5817,55.0,12.57,0.0,0.0,0.010211,0.008679,0.0,0.0,0.0,0.0,0.0,0.0
2026-06-01 15:43:00,3,Maize,Clay,64.6668,646.6677,75.0,30.0,90.0,1.0,0.7704,65.0,0.3332,0.0,0.0,0.010211,0.012253,0.0,0.0,0.0,0.0,0.0,0.0
2026-06-01 15:44:00,1,Tomato,Loam,55.3427,387.3991,70.0,25.0,85.0,0.7,0.6743,60.0,4.6573,0.0,0.0,0.010306,0.011852,0.0,0.0,0.0,0.0,0.0,0.0
2026-06-01 15:44:00,2,Wheat,Sandy,42.429,381.861,60.0,18.0,78.0,0.9,0.5816,55.0,12.571,0.0,0.0,0.010306,0.00876,0.0,0.0,0.0,0.0,0.0,0.0
2026-06-01 15:44:00,3,Maize,Clay,64.6655,646.6553,75.0,30.0,90.0,1.0,0.7703,65.0,0.3345,0.0,0.0,0.010306,0.012367,0.0,0.0,0.0,0.0,0.0,0.0
2026-06-01 15:45:00,1,Tomato,Loam,55.3411,387.3876,70.0,25.0,85.0,0.7,0.6742,60.0,4.6589,0.0,0.0,0.010018,0.011521,0.0,0.0,0.0,0.0,0.0,0.0
2026-06-01 15:45:00,2,Wheat,Sandy,42.4281,381.8525,60.0,18.0,78.0,0.9,0.5816,55.0,12.5719,0.0,0.0,0.010018,0.008515,0.0,0.0,0.0,0.0,0.0,0.0
2026-06-01 15:45:00,3,Maize,Clay,64.6643,646.6433,75.0,30.0,90.0,1.0,0.7703,65.0,0.3357,0.0,0.0,0.010018,0.012022,0.0,0.0,0.0,0.0,0.0,0.0
2026-06-01 15:46:00,1,Tomato,Loam,55.3395,387.3765,70.0,25.0,85.0,0.7,0.6742,60.0,4.6605,0.0,0.0,0.00964,0.011086,0.0,0.0,0.0,0.0,0.0,0.0
2026-06-01 15:46:00,2,Wheat,Sandy,42.4271,381.8443,60.0,18.0,78.0,0.9,0.5816,55.0,12.5729,0.0,0.0,0.00964,0.008194,0.0,0.0,0.0,0.0,0.0,0.0
2026-06-01 15:46:00,3,Maize,Clay,64.6632,646.6317,75.0,30.0,90.0,1.0,0.7703,65.0,0.3368,0.0,0.0,0.00964,0.011568,0.0,0.0,0.0,0.0,0.0,0.0
2026-06-01 15:47:00,1,Tomato,Loam,55.3379,387.365,70.0,25.0,85.0,0.7,0.6742,60.0,4.6621,0.0,0.0,0.009994,0.011493,0.0,0.0,0.0,0.0,0.0,0.0
2026-06-01 15:47:00,2,Wheat,Sandy,42.4262,381.8358,60.0,18.0,78.0,0.9,0.5816,55.0,12.5738,0.0,0.0,0.009994,0.008495,0.0,0.0,0.0,0.0,0.0,0.0
2026-06-01 15:47:00,3,Maize,Clay,64.662,646.6197,75.0,30.0,90.0,1.0,0.7703,65.0,0.338,0.0,0.0,0.009994,0.011993,0.0,0.0,0.0,0.0,0.0,0.0
2026-06-01 15:48:00,1,Tomato,Loam,55.3361,387.353,70.0,25.0,85.0,0.7,0.6741,60.0,4.6639,0.0,0.0,0.010435,0.012,0.0,0.0,0.0,0.0,0.0,0.0
2026-06-01 15:48:00,2,Wheat,Sandy,42.4252,381.8269,60.0,18.0,78.0,0.9,0.5816,55.0,12.5748,0.0,0.0,0.010435,0.00887,0.0,0.0,0.0,0.0,0.0,0.0
2026-06-01 15:48:00,3,Maize,Clay,64.6607,646.6072,75.0,30.0,90.0,1.0,0.7702,65.0,0.3393,0.0,0.0,0.010435,0.012522,0.0,0.0,0.0,0.0,0.0,0.0
2026-06-01 15:49:00,1,Tomato,Loam,55.3345,387.3416,70.0,25.0,85.0,0.7,0.6741,60.0,4.6655,0.0,0.0,0.009871,0.011352,0.0,0.0,0.0,0.0,0.0,0.0
2026-06-01 15:49:00,2,Wheat,Sandy,42.4243,381.8185,60.0,18.0,78.0,0.9,0.5815,55.0,12.5757,0.0,0.0,0.009871,0.00839,0.0,0.0,0.0,0.0,0.0,0.0
2026-06-01 15:49:00,3,Maize,Clay,64.6595,646.5954,75.0,30.0,90.0,1.0,0.7702,65.0,0.3405,0.0,0.0,0.009871,0.011845,0.0,0.0,0.0,0.0,0.0,0.0
2026-06-01 15:50:00,1,Tomato,Loam,55.3329,387.3305,70.0,25.0,85.0,0.7,0.6741,60.0,4.6671,0.0,0.0,0.009618,0.011061,0.0,0.0,0.0,0.0,0.0,0.0
2026-06-01 15:50:00,2,Wheat,Sandy,42.4234,381.8103,60.0,18.0,78.0,0.9,0.5815,55.0,12.5766,0.0,0.0,0.009618,0.008175,0.0,0.0,0.0,0.0,0.0,0.0
2026-06-01 15:50:00,3,Maize,Clay,64.6584,646.5839,75.0,30.0,90.0,1.0,0.7702,65.0,0.3416,0.0,0.0,0.009618,0.011542,0.0,0.0,0.0,0.0,0.0,0.0
2026-06-01 15:51:00,1,Tomato,Loam,55.3312,387.3187,70.0,25.0,85.0,0.7,0.674,60.0,4.6688,0.0,0.0,0.010246,0.011783,0.0,0.0,0.0,0.0,0.0,0.0
2026-06-01 15:51:00,2,Wheat,Sandy,42.4224,381.8016,60.0,18.0,78.0,0.9,0.5815,55.0,12.5776,0.0,0.0,0.010246,0.008709,0.0,0.0,0.0,0.0,0.0,0.0
2026-06-01 15:51:00,3,Maize,Clay,64.6572,646.5716,75.0,30.0,90.0,1.0,0.7702,65.0,0.3428,0.0,0.0,0.010246,0.012295,0.0,0.0,0.0,0.0,0.0,0.0
2026-06-01 15:52:00,1,Tomato,Loam,55.3297,387.3077,70.0,25.0,85.0,0.7,0.674,60.0,4.6703,0.0,0.0,0.009589,0.011027,0.0,0.0,0.0,0.0,0.0,0.0
2026-06-01 15:52:00,2,Wheat,Sandy,42.4215,381.7934,60.0,18.0,78.0,0.9,0.5815,55.0,12.5785,0.0,0.0,0.009589,0.008151,0.0,0.0,0.0,0.0,0.0,0.0
2026-06-01 15:52:00,3,Maize,Clay,64.656,646.5601,75.0,30.0,90.0,1.0,0.7701,65.0,0.344,0.0,0.0,0.009589,0.011507,0.0,0.0,0.0,0.0,0.0,0.0
2026-06-01 15:53:00,1,Tomato,Loam,55.328,387.2961,70.0,25.0,85.0,0.7,0.674,60.0,4.672,0.0,0.0,0.01006,0.011569,0.0,0.0,0.0,0.0,0.0,0.0
2026-06-01 15:53:00,2,Wheat,Sandy,42.4205,381.7848,60.0,18.0,78.0,0.9,0.5814,55.0,12.5795,0.0,0.0,0.01006,0.008551,0.0,0.0,0.0,0.0,0.0,0.0
2026-06-01 15:53:00,3,Maize,Clay,64.6548,646.548,75.0,30.0,90.0,1.0,0.7701,65.0,0.3452,0.0,0.0,0.01006,0.012072,0.0,0.0,0.0,0.0,0.0,0.0
2026-06-01 15:54:00,1,Tomato,Loam,55.3264,387.285,70.0,25.0,85.0,0.7,0.6739,60.0,4.6736,0.0,0.0,0.009626,0.01107,0.0,0.0,0.0,0.0,0.0,0.0
2026-06-01 15:54:00,2,Wheat,Sandy,42.4196,381.7766,60.0,18.0,78.0,0.9,0.5814,55.0,12.5804,0.0,0.0,0.009626,0.008182,0.0,0.0,0.0,0.0,0.0,0.0
2026-06-01 15:54:00,3,Maize,Clay,64.6536,646.5364,75.0,30.0,90.0,1.0,0.7701,65.0,0.3464,0.0,0.0,0.009626,0.011551,0.0,0.0,0.0,0.0,0.0,0.0
2026-06-01 15:55:00,1,Tomato,Loam,55.3249,387.274,70.0,25.0,85.0,0.7,0.6739,60.0,4.6751,0.0,0.0,0.009543,0.010974,0.0,0.0,0.0,0.0,0.0,0.0
2026-06-01 15:55:00,2,Wheat,Sandy,42.4187,381.7685,60.0,18.0,78.0,0.9,0.5814,55.0,12.5813,0.0,0.0,0.009543,0.008112,0.0,0.0,0.0,0.0,0.0,0.0
2026-06-01 15:55:00,3,Maize,Clay,64.6525,646.5249,75.0,30.0,90.0,1.0,0.7701,65.0,0.3475,0.0,0.0,0.009543,0.011452,0.0,0.0,0.0,0.0,0.0,0.0
2026-06-01 15:56:00,1,Tomato,Loam,55.3233,387.2628,70.0,25.0,85.0,0.7,0.6739,60.0,4.6767,0.0,0.0,0.009769,0.011234,0.0,0.0,0.0,0.0,0.0,0.0
2026-06-01 15:56:00,2,Wheat,Sandy,42.4178,381.7602,60.0,18.0,78.0,0.9,0.5814,55.0,12.5822,0.0,0.0,0.009769,0.008304,0.0,0.0,0.0,0.0,0.0,0.0
2026-06-01 15:56:00,3,Maize,Clay,64.6513,646.5132,75.0,30.0,90.0,1.0,0.77,65.0,0.3487,0.0,0.0,0.009769,0.011723,0.0,0.0,0.0,0.0,0.0,0.0
2026-06-01 15:57:00,1,Tomato,Loam,55.3216,387.2514,70.0,25.0,85.0,0.7,0.6738,60.0,4.6784,0.0,0.0,0.009886,0.011369,0.0,0.0,0.0,0.0,0.0,0.0
2026-06-01 15:57:00,2,Wheat,Sandy,42.4169,381.7518,60.0,18.0,78.0,0.9,0.5814,55.0,12.5831,0.0,0.0,0.009886,0.008403,0.0,0.0,0.0,0.0,0.0,0.0
2026-06-01 15:57:00,3,Maize,Clay,64.6501,646.5013,75.0,30.0,90.0,1.0,0.77,65.0,0.3499,0.0,0.0,0.009886,0.011863,0.0,0.0,0.0,0.0,0.0,0.0
2026-06-01 15:58:00,1,Tomato,Loam,55.32,387.2403,70.0,25.0,85.0,0.7,0.6738,60.0,4.68,0.0,0.0,0.009666,0.011116,0.0,0.0,0.0,0.0,0.0,0.0
2026-06-01 15:58:00,2,Wheat,Sandy,42.416,381.7436,60.0,18.0,78.0,0.9,0.5813,55.0,12.584,0.0,0.0,0.009666,0.008216,0.0,0.0,0.0,0.0,0.0,0.0
2026-06-01 15:58:00,3,Maize,Clay,64.649,646.4897,75.0,30.0,90.0,1.0,0.77,65.0,0.351,0.0,0.0,0.009666,0.011599,0.0,0.0,0.0,0.0,0.0,0.0
2026-06-01 15:59:00,1,Tomato,Loam,55.3184,387.2286,70.0,25.0,85.0,0.7,0.6737,60.0,4.6816,0.0,0.0,0.010135,0.011655,0.0,0.0,0.0,0.0,0.0,0.0
2026-06-01 15:59:00,2,Wheat,Sandy,42.415,381.735,60.0,18.0,78.0,0.9,0.5813,55.0,12.585,0.0,0.0,0.010135,0.008615,0.0,0.0,0.0,0.0,0.0,0.0
2026-06-01 15:59:00,3,Maize,Clay,64.6478,646.4775,75.0,30.0,90.0,1.0,0.77,65.0,0.3522,0.0,0.0,0.010135,0.012162,0.0,0.0,0.0,0.0,0.0,0.0
2026-06-01 16:00:00,1,Tomato,Loam,55.3168,387.2175,70.0,25.0,85.0,0.7,0.6737,60.0,4.6832,0.0,0.0,0.009644,0.011091,0.0,0.0,0.0,0.0,0.0,0.0
2026-06-01 16:00:00,2,Wheat,Sandy,42.4141,381.7268,60.0,18.0,78.0,0.9,0.5813,55.0,12.5859,0.0,0.0,0.009644,0.008197,0.0,0.0,0.0,0.0,0.0,0.0
2026-06-01 16:00:00,3,Maize,Clay,64.6466,646.4659,75.0,30.0,90.0,1.0,0.7699,65.0,0.3534,0.0,0.0,0.009644,0.011573,0.0,0.0,0.0,0.0,0.0,0.0
2026-06-01 16:01:00,1,Tomato,Loam,55.3151,387.206,70.0,25.0,85.0,0.7,0.6737,60.0,4.6849,0.0,0.0,0.010016,0.011518,0.0,0.0,0.0,0.0,0.0,0.0
2026-06-01 16:01:00,2,Wheat,Sandy,42.4131,381.7183,60.0,18.0,78.0,0.9,0.5813,55.0,12.5869,0.0,0.0,0.010016,0.008514,0.0,0.0,0.0,0.0,0.0,0.0
2026-06-01 16:01:00,3,Maize,Clay,64.6454,646.4539,75.0,30.0,90.0,1.0,0.7699,65.0,0.3546,0.0,0.0,0.010016,0.012019,0.0,0.0,0.0,0.0,0.0,0.0
2026-06-01 16:02:00,1,Tomato,Loam,55.3136,387.1949,70.0,25.0,85.0,0.7,0.6736,60.0,4.6864,0.0,0.0,0.009659,0.011108,0.0,0.0,0.0,0.0,0.0,0.0
2026-06-01 16:02:00,2,Wheat,Sandy,42.4122,381.7101,60.0,18.0,78.0,0.9,0.5812,55.0,12.5878,0.0,0.0,0.009659,0.00821,0.0,0.0,0.0,0.0,0.0,0.0
2026-06-01 16:02:00,3,Maize,Clay,64.6442,646.4423,75.0,30.0,90.0,1.0,0.7699,65.0,0.3558,0.0,0.0,0.009659,0.011591,0.0,0.0,0.0,0.0,0.0,0.0
2026-06-01 16:03:00,1,Tomato,Loam,55.312,387.1839,70.0,25.0,85.0,0.7,0.6736,60.0,4.688,0.0,0.0,0.00958,0.011017,0.0,0.0,0.0,0.0,0.0,0.0
2026-06-01 16:03:00,2,Wheat,Sandy,42.4113,381.702,60.0,18.0,78.0,0.9,0.5812,55.0,12.5887,0.0,0.0,0.00958,0.008143,0.0,0.0,0.0,0.0,0.0,0.0
2026-06-01 16:03:00,3,Maize,Clay,64.6431,646.4308,75.0,30.0,90.0,1.0,0.7698,65.0,0.3569,0.0,0.0,0.00958,0.011496,0.0,0.0,0.0,0.0,0.0,0.0
2026-06-01 16:04:00,1,Tomato,Loam,55.3104,387.173,70.0,25.0,85.0,0.7,0.6736,60.0,4.6896,0.0,0.0,0.009508,0.010934,0.0,0.0,0.0,0.0,0.0,0.0
2026-06-01 16:04:00,2,Wheat,Sandy,42.4104,381.6939,60.0,18.0,78.0,0.9,0.5812,55.0,12.5896,0.0,0.0,0.009508,0.008082,0.0,0.0,0.0,0.0,0.0,0.0
2026-06-01 16:04:00,3,Maize,Clay,64.6419,646.4194,75.0,30.0,90.0,1.0,0.7698,65.0,0.3581,0.0,0.0,0.009508,0.01141,0.0,0.0,0.0,0.0,0.0,0.0
2026-06-01 16:05:00,1,Tomato,Loam,55.3089,387.1623,70.0,25.0,85.0,0.7,0.6735,60.0,4.6911,0.0,0.0,0.009319,0.010717,0.0,0.0,0.0,0.0,0.0,0.0
2026-06-01 16:05:00,2,Wheat,Sandy,42.4096,381.686,60.0,18.0,78.0,0.9,0.5812,55.0,12.5904,0.0,0.0,0.009319,0.007921,0.0,0.0,0.0,0.0,0.0,0.0
2026-06-01 16:05:00,3,Maize,Clay,64.6408,646.4082,75.0,30.0,90.0,1.0,0.7698,65.0,0.3592,0.0,0.0,0.009319,0.011183,0.0,0.0,0.0,0.0,0.0,0.0
2026-06-01 16:06:00,1,Tomato,Loam,55.3073,387.1513,70.0,25.0,85.0,0.7,0.6735,60.0,4.6927,0.0,0.0,0.009591,0.01103,0.0,0.0,0.0,0.0,0.0,0.0
2026-06-01 16:06:00,2,Wheat,Sandy,42.4086,381.6778,60.0,18.0,78.0,0.9,0.5812,55.0,12.5914,0.0,0.0,0.009591,0.008152,0.0,0.0,0.0,0.0,0.0,0.0
2026-06-01 16:06:00,3,Maize,Clay,64.6397,646.3967,75.0,30.0,90.0,1.0,0.7698,65.0,0.3603,0.0,0.0,0.009591,0.011509,0.0,0.0,0.0,0.0,0.0,0.0
2026-06-01 16:07:00,1,Tomato,Loam,55.3058,387.1405,70.0,25.0,85.0,0.7,0.6735,60.0,4.6942,0.0,0.0,0.009351,0.010754,0.0,0.0,0.0,0.0,0.0,0.0
2026-06-01 16:07:00,2,Wheat,Sandy,42.4078,381.6699,60.0,18.0,78.0,0.9,0.5811,55.0,12.5922,0.0,0.0,0.009351,0.007948,0.0,0.0,0.0,0.0,0.0,0.0
2026-06-01 16:07:00,3,Maize,Clay,64.6385,646.3855,75.0,30.0,90.0,1.0,0.7697,65.0,0.3615,0.0,0.0,0.009351,0.011221,0.0,0.0,0.0,0.0,0.0,0.0
2026-06-01 16:08:00,1,Tomato,Loam,55.3043,387.13,70.0,25.0,85.0,0.7,0.6734,60.0,4.6957,0.0,0.0,0.009153,0.010526,0.0,0.0,0.0,0.0,0.0,0.0
2026-06-01 16:08:00,2,Wheat,Sandy,42.4069,381.6621,60.0,18.0,78.0,0.9,0.5811,55.0,12.5931,0.0,0.0,0.009153,0.00778,0.0,0.0,0.0,0.0,0.0,0.0
2026-06-01 16:08:00,3,Maize,Clay,64.6375,646.3745,75.0,30.0,90.0,1.0,0.7697,65.0,0.3625,0.0,0.0,0.009153,0.010984,0.0,0.0,0.0,0.0,0.0,0.0
2026-06-01 16:09:00,1,Tomato,Loam,55.3027,387.119,70.0,25.0,85.0,0.7,0.6734,60.0,4.6973,0.0,0.0,0.0096,0.01104,0.0,0.0,0.0,0.0,0.0,0.0
2026-06-01 16:09:00,2,Wheat,Sandy,42.406,381.6539,60.0,18.0,78.0,0.9,0.5811,55.0,12.594,0.0,0.0,0.0096,0.00816,0.0,0.0,0.0,0.0,0.0,0.0
2026-06-01 16:09:00,3,Maize,Clay,64.6363,646.363,75.0,30.0,90.0,1.0,0.7697,65.0,0.3637,0.0,0.0,0.0096,0.01152,0.0,0.0,0.0,0.0,0.0,0.0
2026-06-01 16:10:00,1,Tomato,Loam,55.3012,387.1083,70.0,25.0,85.0,0.7,0.6734,60.0,4.6988,0.0,0.0,0.00933,0.01073,0.0,0.0,0.0,0.0,0.0,0.0
2026-06-01 16:10:00,2,Wheat,Sandy,42.4051,381.646,60.0,18.0,78.0,0.9,0.5811,55.0,12.5949,0.0,0.0,0.00933,0.00793,0.0,0.0,0.0,0.0,0.0,0.0
2026-06-01 16:10:00,3,Maize,Clay,64.6352,646.3518,75.0,30.0,90.0,1.0,0.7697,65.0,0.3648,0.0,0.0,0.00933,0.011196,0.0,0.0,0.0,0.0,0.0,0.0
2026-06-01 16:11:00,1,Tomato,Loam,55.2996,387.0971,70.0,25.0,85.0,0.7,0.6733,60.0,4.7004,0.0,0.0,0.009748,0.01121,0.0,0.0,0.0,0.0,0.0,0.0
2026-06-01 16:11:00,2,Wheat,Sandy,42.4042,381.6377,60.0,18.0,78.0,0.9,0.5811,55.0,12.5958,0.0,0.0,0.009748,0.008286,0.0,0.0,0.0,0.0,0.0,0.0
2026-06-01 16:11:00,3,Maize,Clay,64.634,646.3401,75.0,30.0,90.0,1.0,0.7696,65.0,0.366,0.0,0.0,0.009748,0.011698,0.0,0.0,0.0,0.0,0.0,0.0
2026-06-01 16:12:00,1,Tomato,Loam,55.2981,387.0866,70.0,25.0,85.0,0.7,0.6733,60.0,4.7019,0.0,0.0,0.009155,0.010528,0.0,0.0,0.0,0.0,0.0,0.0
2026-06-01 16:12:00,2,Wheat,Sandy,42.4033,381.6299,60.0,18.0,78.0,0.9,0.581,55.0,12.5967,0.0,0.0,0.009155,0.007782,0.0,0.0,0.0,0.0,0.0,0.0
2026-06-01 16:12:00,3,Maize,Clay,64.6329,646.3291,75.0,30.0,90.0,1.0,0.7696,65.0,0.3671,0.0,0.0,0.009155,0.010986,0.0,0.0,0.0,0.0,0.0,0.0
2026-06-01 16:13:00,1,Tomato,Loam,55.2965,387.0758,70.0,25.0,85.0,0.7,0.6733,60.0,4.7035,0.0,0.0,0.009372,0.010778,0.0,0.0,0.0,0.0,0.0,0.0
2026-06-01 16:13:00,2,Wheat,Sandy,42.4024,381.6219,60.0,18.0,78.0,0.9,0.581,55.0,12.5976,0.0,0.0,0.009372,0.007966,0.0,0.0,0.0,0.0,0.0,0.0
2026-06-01 16:13:00,3,Maize,Clay,64.6318,646.3179,75.0,30.0,90.0,1.0,0.7696,65.0,0.3682,0.0,0.0,0.009372,0.011246,0.0,0.0,0.0,0.0,0.0,0.0
2026-06-01 16:14:00,1,Tomato,Loam,55.295,387.0648,70.0,25.0,85.0,0.7,0.6732,60.0,4.705,0.0,0.0,0.009585,0.011023,0.0,0.0,0.0,0.0,0.0,0.0
2026-06-01 16:14:00,2,Wheat,Sandy,42.4015,381.6138,60.0,18.0,78.0,0.9,0.581,55.0,12.5985,0.0,0.0,0.009585,0.008147,0.0,0.0,0.0,0.0,0.0,0.0
2026-06-01 16:14:00,3,Maize,Clay,64.6306,646.3064,75.0,30.0,90.0,1.0,0.7696,65.0,0.3694,0.0,0.0,0.009585,0.011502,0.0,0.0,0.0,0.0,0.0,0.0
2026-06-01 16:15:00,1,Tomato,Loam,55.2934,387.0536,70.0,25.0,85.0,0.7,0.6732,60.0,4.7066,0.0,0.0,0.009771,0.011237,0.0,0.0,0.0,0.0,0.0,0.0
2026-06-01 16:15:00,2,Wheat,Sandy,42.4006,381.6055,60.0,18.0,78.0,0.9,0.581,55.0,12.5994,0.0,0.0,0.009771,0.008305,0.0,0.0,0.0,0.0,0.0,0.0
2026-06-01 16:15:00,3,Maize,Clay,64.6295,646.2947,75.0,30.0,90.0,1.0,0.7695,65.0,0.3705,0.0,0.0,0.009771,0.011725,0.0,0.0,0.0,0.0,0.0,0.0
2026-06-01 16:16:00,1,Tomato,Loam,55.2919,387.0431,70.0,25.0,85.0,0.7,0.6732,60.0,4.7081,0.0,0.0,0.009171,0.010547,0.0,0.0,0.0,0.0,0.0,0.0
2026-06-01 16:16:00,2,Wheat,Sandy,42.3997,381.5977,60.0,18.0,78.0,0.9,0.5809,55.0,12.6003,0.0,0.0,0.009171,0.007795,0.0,0.0,0.0,0.0,0.0,0.0
2026-06-01 16:16:00,3,Maize,Clay,64.6284,646.2837,75.0,30.0,90.0,1.0,0.7695,65.0,0.3716,0.0,0.0,0.009171,0.011005,0.0,0.0,0.0,0.0,0.0,0.0
2026-06-01 16:17:00,1,Tomato,Loam,55.2904,387.0326,70.0,25.0,85.0,0.7,0.6731,60.0,4.7096,0.0,0.0,0.009146,0.010518,0.0,0.0,0.0,0.0,0.0,0.0
2026-06-01 16:17:00,2,Wheat,Sandy,42.3989,381.5899,60.0,18.0,78.0,0.9,0.5809,55.0,12.6011,0.0,0.0,0.009146,0.007774,0.0,0.0,0.0,0.0,0.0,0.0
2026-06-01 16:17:00,3,Maize,Clay,64.6273,646.2727,75.0,30.0,90.0,1.0,0.7695,65.0,0.3727,0.0,0.0,0.009146,0.010975,0.0,0.0,0.0,0.0,0.0,0.0
2026-06-01 16:18:00,1,Tomato,Loam,55.2888,387.0218,70.0,25.0,85.0,0.7,0.6731,60.0,4.7112,0.0,0.0,0.009402,0.010812,0.0,0.0,0.0,0.0,0.0,0.0
2026-06-01 16:18:00,2,Wheat,Sandy,42.398,381.5819,60.0,18.0,78.0,0.9,0.5809,55.0,12.602,0.0,0.0,0.009402,0.007992,0.0,0.0,0.0,0.0,0.0,0.0
2026-06-01 16:18:00,3,Maize,Clay,64.6261,646.2614,75.0,30.0,90.0,1.0,0.7695,65.0,0.3739,0.0,0.0,0.009402,0.011282,0.0,0.0,0.0,0.0,0.0,0.0
2026-06-01 16:19:00,1,Tomato,Loam,55.2874,387.0117,70.0,25.0,85.0,0.7,0.6731,60.0,4.7126,0.0,0.0,0.008802,0.010122,0.0,0.0,0.0,0.0,0.0,0.0
2026-06-01 16:19:00,2,Wheat,Sandy,42.3972,381.5744,60.0,18.0,78.0,0.9,0.5809,55.0,12.6028,0.0,0.0,0.008802,0.007482,0.0,0.0,0.0,0.0,0.0,0.0
2026-06-01 16:19:00,3,Maize,Clay,64.6251,646.2508,75.0,30.0,90.0,1.0,0.7694,65.0,0.3749,0.0,0.0,0.008802,0.010562,0.0,0.0,0.0,0.0,0.0,0.0
2026-06-01 16:20:00,1,Tomato,Loam,55.2859,387.0016,70.0,25.0,85.0,0.7,0.673,60.0,4.7141,0.0,0.0,0.008788,0.010106,0.0,0.0,0.0,0.0,0.0,0.0
2026-06-01 16:20:00,2,Wheat,Sandy,42.3963,381.5669,60.0,18.0,78.0,0.9,0.5809,55.0,12.6037,0.0,0.0,0.008788,0.00747,0.0,0.0,0.0,0.0,0.0,0.0
2026-06-01 16:20:00,3,Maize,Clay,64.624,646.2403,75.0,30.0,90.0,1.0,0.7694,65.0,0.376,0.0,0.0,0.008788,0.010546,0.0,0.0,0.0,0.0,0.0,0.0
2026-06-01 16:21:00,1,Tomato,Loam,55.2845,386.9913,70.0,25.0,85.0,0.7,0.673,60.0,4.7155,0.0,0.0,0.00896,0.010304,0.0,0.0,0.0,0.0,0.0,0.0
2026-06-01 16:21:00,2,Wheat,Sandy,42.3955,381.5593,60.0,18.0,78.0,0.9,0.5808,55.0,12.6045,0.0,0.0,0.00896,0.007616,0.0,0.0,0.0,0.0,0.0,0.0
2026-06-01 16:21:00,3,Maize,Clay,64.623,646.2295,75.0,30.0,90.0,1.0,0.7694,65.0,0.377,0.0,0.0,0.00896,0.010752,0.0,0.0,0.0,0.0,0.0,0.0
2026-06-01 16:22:00,1,Tomato,Loam,55.2829,386.9803,70.0,25.0,85.0,0.7,0.673,60.0,4.7171,0.0,0.0,0.009591,0.01103,0.0,0.0,0.0,0.0,0.0,0.0
2026-06-01 16:22:00,2,Wheat,Sandy,42.3946,381.5511,60.0,18.0,78.0,0.9,0.5808,55.0,12.6054,0.0,0.0,0.009591,0.008152,0.0,0.0,0.0,0.0,0.0,0.0
2026-06-01 16:22:00,3,Maize,Clay,64.6218,646.218,75.0,30.0,90.0,1.0,0.7694,65.0,0.3782,0.0,0.0,0.009591,0.011509,0.0,0.0,0.0,0.0,0.0,0.0
2026-06-01 16:23:00,1,Tomato,Loam,55.2814,386.9698,70.0,25.0,85.0,0.7,0.6729,60.0,4.7186,0.0,0.0,0.009129,0.010498,0.0,0.0,0.0,0.0,0.0,0.0
2026-06-01 16:23:00,2,Wheat,Sandy,42.3937,381.5433,60.0,18.0,78.0,0.9,0.5808,55.0,12.6063,0.0,0.0,0.009129,0.00776,0.0,0.0,0.0,0.0,0.0,0.0
2026-06-01 16:23:00,3,Maize,Clay,64.6207,646.207,75.0,30.0,90.0,1.0,0.7693,65.0,0.3793,0.0,0.0,0.009129,0.010955,0.0,0.0,0.0,0.0,0.0,0.0
2026-06-01 16:24:00,1,Tomato,Loam,55.2799,386.9591,70.0,25.0,85.0,0.7,0.6729,60.0,4.7201,0.0,0.0,0.009304,0.0107,0.0,0.0,0.0,0.0,0.0,0.0
2026-06-01 16:24:00,2,Wheat,Sandy,42.3928,381.5354,60.0,18.0,78.0,0.9,0.5808,55.0,12.6072,0.0,0.0,0.009304,0.007908,0.0,0.0,0.0,0.0,0.0,0.0
2026-06-01 16:24:00,3,Maize,Clay,64.6196,646.1958,75.0,30.0,90.0,1.0,0.7693,65.0,0.3804,0.0,0.0,0.009304,0.011165,0.0,0.0,0.0,0.0,0.0,0.0
2026-06-01 16:25:00,1,Tomato,Loam,55.2783,386.9482,70.0,25.0,85.0,0.7,0.6729,60.0,4.7217,0.0,0.0,0.009504,0.01093,0.0,0.0,0.0,0.0,0.0,0.0
2026-06-01 16:25:00,2,Wheat,Sandy,42.3919,381.5273,60.0,18.0,78.0,0.9,0.5808,55.0,12.6081,0.0,0.0,0.009504,0.008078,0.0,0.0,0.0,0.0,0.0,0.0
2026-06-01 16:25:00,3,Maize,Clay,64.6184,646.1844,75.0,30.0,90.0,1.0,0.7693,65.0,0.3816,0.0,0.0,0.009504,0.011405,0.0,0.0,0.0,0.0,0.0,0.0
2026-06-01 16:26:00,1,Tomato,Loam,55.2768,386.9374,70.0,25.0,85.0,0.7,0.6728,60.0,4.7232,0.0,0.0,0.009386,0.010794,0.0,0.0,0.0,0.0,0.0,0.0
2026-06-01 16:26:00,2,Wheat,Sandy,42.391,381.5193,60.0,18.0,78.0,0.9,0.5807,55.0,12.609,0.0,0.0,0.009386,0.007978,0.0,0.0,0.0,0.0,0.0,0.0
2026-06-01 16:26:00,3,Maize,Clay,64.6173,646.1731,75.0,30.0,90.0,1.0,0.7693,65.0,0.3827,0.0,0.0,0.009386,0.011263,0.0,0.0,0.0,0.0,0.0,0.0
2026-06-01 16:27:00,1,Tomato,Loam,55.2753,386.9273,70.0,25.0,85.0,0.7,0.6728,60.0,4.7247,0.0,0.0,0.008818,0.010141,0.0,0.0,0.0,0.0,0.0,0.0
2026-06-01 16:27:00,2,Wheat,Sandy,42.3902,381.5118,60.0,18.0,78.0,0.9,0.5807,55.0,12.6098,0.0,0.0,0.008818,0.007495,0.0,0.0,0.0,0.0,0.0,0.0
2026-06-01 16:27:00,3,Maize,Clay,64.6163,646.1625,75.0,30.0,90.0,1.0,0.7693,65.0,0.3837,0.0,0.0,0.008818,0.010582,0.0,0.0,0.0,0.0,0.0,0.0
2026-06-01 16:28:00,1,Tomato,Loam,55.2738,386.9169,70.0,25.0,85.0,0.7,0.6728,60.0,4.7262,0.0,0.0,0.009059,0.010418,0.0,0.0,0.0,0.0,0.0,0.0
2026-06-01 16:28:00,2,Wheat,Sandy,42.3893,381.5041,60.0,18.0,78.0,0.9,0.5807,55.0,12.6107,0.0,0.0,0.009059,0.0077,0.0,0.0,0.0,0.0,0.0,0.0
2026-06-01 16:28:00,3,Maize,Clay,64.6152,646.1516,75.0,30.0,90.0,1.0,0.7692,65.0,0.3848,0.0,0.0,0.009059,0.010871,0.0,0.0,0.0,0.0,0.0,0.0
2026-06-01 16:29:00,1,Tomato,Loam,55.2723,386.9062,70.0,25.0,85.0,0.7,0.6727,60.0,4.7277,0.0,0.0,0.009318,0.010716,0.0,0.0,0.0,0.0,0.0,0.0
2026-06-01 16:29:00,2,Wheat,Sandy,42.3885,381.4962,60.0,18.0,78.0,0.9,0.5807,55.0,12.6115,0.0,0.0,0.009318,0.00792,0.0,0.0,0.0,0.0,0.0,0.0
2026-06-01 16:29:00,3,Maize,Clay,64.614,646.1404,75.0,30.0,90.0,1.0,0.7692,65.0,0.386,0.0,0.0,0.009318,0.011182,0.0,0.0,0.0,0.0,0.0,0.0
2026-06-01 16:30:00,1,Tomato,Loam,55.2709,386.8964,70.0,25.0,85.0,0.7,0.6727,60.0,4.7291,0.0,0.0,0.008526,0.009805,0.0,0.0,0.0,0.0,0.0,0.0
2026-06-01 16:30:00,2,Wheat,Sandy,42.3877,381.489,60.0,18.0,78.0,0.9,0.5807,55.0,12.6123,0.0,0.0,0.008526,0.007247,0.0,0.0,0.0,0.0,0.0,0.0
2026-06-01 16:30:00,3,Maize,Clay,64.613,646.1302,75.0,30.0,90.0,1.0,0.7692,65.0,0.387,0.0,0.0,0.008526,0.010231,0.0,0.0,0.0,0.0,0.0,0.0
2026-06-01 16:31:00,1,Tomato,Loam,55.2694,386.886,70.0,25.0,85.0,0.7,0.6727,60.0,4.7306,0.0,0.0,0.00904,0.010396,0.0,0.0,0.0,0.0,0.0,0.0
2026-06-01 16:31:00,2,Wheat,Sandy,42.3868,381.4813,60.0,18.0,78.0,0.9,0.5806,55.0,12.6132,0.0,0.0,0.00904,0.007684,0.0,0.0,0.0,0.0,0.0,0.0
2026-06-01 16:31:00,3,Maize,Clay,64.6119,646.1194,75.0,30.0,90.0,1.0,0.7692,65.0,0.3881,0.0,0.0,0.00904,0.010848,0.0,0.0,0.0,0.0,0.0,0.0
2026-06-01 16:32:00,1,Tomato,Loam,55.268,386.8759,70.0,25.0,85.0,0.7,0.6726,60.0,4.732,0.0,0.0,0.008765,0.01008,0.0,0.0,0.0,0.0,0.0,0.0
2026-06-01 16:32:00,2,Wheat,Sandy,42.386,381.4738,60.0,18.0,78.0,0.9,0.5806,55.0,12.614,0.0,0.0,0.008765,0.00745,0.0,0.0,0.0,0.0,0.0,0.0
2026-06-01 16:32:00,3,Maize,Clay,64.6109,646.1089,75.0,30.0,90.0,1.0,0.7691,65.0,0.3891,0.0,0.0,0.008765,0.010518,0.0,0.0,0.0,0.0,0.0,0.0
2026-06-01 16:33:00,1,Tomato,Loam,55.2665,386.8657,70.0,25.0,85.0,0.7,0.6726,60.0,4.7335,0.0,0.0,0.008879,0.010211,0.0,0.0,0.0,0.0,0.0,0.0
2026-06-01 16:33:00,2,Wheat,Sandy,42.3851,381.4663,60.0,18.0,78.0,0.9,0.5806,55.0,12.6149,0.0,0.0,0.008879,0.007547,0.0,0.0,0.0,0.0,0.0,0.0
2026-06-01 16:33:00,3,Maize,Clay,64.6098,646.0982,75.0,30.0,90.0,1.0,0.7691,65.0,0.3902,0.0,0.0,0.008879,0.010655,0.0,0.0,0.0,0.0,0.0,0.0
2026-06-01 16:34:00,1,Tomato,Loam,55.2651,386.8557,70.0,25.0,85.0,0.7,0.6726,60.0,4.7349,0.0,0.0,0.008738,0.010049,0.0,0.0,0.0,0.0,0.0,0.0
2026-06-01 16:34:00,2,Wheat,Sandy,42.3843,381.4589,60.0,18.0,78.0,0.9,0.5806,55.0,12.6157,0.0,0.0,0.008738,0.007427,0.0,0.0,0.0,0.0,0.0,0.0
2026-06-01 16:34:00,3,Maize,Clay,64.6088,646.0877,75.0,30.0,90.0,1.0,0.7691,65.0,0.3912,0.0,0.0,0.008738,0.010486,0.0,0.0,0.0,0.0,0.0,0.0
2026-06-01 16:35:00,1,Tomato,Loam,55.2637,386.8457,70.0,25.0,85.0,0.7,0.6725,60.0,4.7363,0.0,0.0,0.008658,0.009957,0.0,0.0,0.0,0.0,0.0,0.0
2026-06-01 16:35:00,2,Wheat,Sandy,42.3835,381.4515,60.0,18.0,78.0,0.9,0.5806,55.0,12.6165,0.0,0.0,0.008658,0.007359,0.0,0.0,0.0,0.0,0.0,0.0
2026-06-01 16:35:00,3,Maize,Clay,64.6077,646.0773,75.0,30.0,90.0,1.0,0.7691,65.0,0.3923,0.0,0.0,0.008658,0.01039,0.0,0.0,0.0,0.0,0.0,0.0
2026-06-01 16:36:00,1,Tomato,Loam,55.2623,386.8358,70.0,25.0,85.0,0.7,0.6725,60.0,4.7377,0.0,0.0,0.008642,0.009938,0.0,0.0,0.0,0.0,0.0,0.0
2026-06-01 16:36:00,2,Wheat,Sandy,42.3827,381.4442,60.0,18.0,78.0,0.9,0.5805,55.0,12.6173,0.0,0.0,0.008642,0.007346,0.0,0.0,0.0,0.0,0.0,0.0
2026-06-01 16:36:00,3,Maize,Clay,64.6067,646.0669,75.0,30.0,90.0,1.0,0.769,65.0,0.3933,0.0,0.0,0.008642,0.01037,0.0,0.0,0.0,0.0,0.0,0.0
2026-06-01 16:37:00,1,Tomato,Loam,55.2608,386.8256,70.0,25.0,85.0,0.7,0.6725,60.0,4.7392,0.0,0.0,0.008842,0.010168,0.0,0.0,0.0,0.0,0.0,0.0
2026-06-01 16:37:00,2,Wheat,Sandy,42.3819,381.4367,60.0,18.0,78.0,0.9,0.5805,55.0,12.6181,0.0,0.0,0.008842,0.007516,0.0,0.0,0.0,0.0,0.0,0.0
2026-06-01 16:37:00,3,Maize,Clay,64.6056,646.0563,75.0,30.0,90.0,1.0,0.769,65.0,0.3944,0.0,0.0,0.008842,0.01061,0.0,0.0,0.0,0.0,0.0,0.0
2026-06-01 16:38:00,1,Tomato,Loam,55.2594,386.8156,70.0,25.0,85.0,0.7,0.6724,60.0,4.7406,0.0,0.0,0.008657,0.009956,0.0,0.0,0.0,0.0,0.0,0.0
2026-06-01 16:38:00,2,Wheat,Sandy,42.381,381.4293,60.0,18.0,78.0,0.9,0.5805,55.0,12.619,0.0,0.0,0.008657,0.007358,0.0,0.0,0.0,0.0,0.0,0.0
2026-06-01 16:38:00,3,Maize,Clay,64.6046,646.0459,75.0,30.0,90.0,1.0,0.769,65.0,0.3954,0.0,0.0,0.008657,0.010388,0.0,0.0,0.0,0.0,0.0,0.0
2026-06-01 16:39:00,1,Tomato,Loam,55.258,386.8057,70.0,25.0,85.0,0.7,0.6724,60.0,4.742,0.0,0.0,0.008624,0.009918,0.0,0.0,0.0,0.0,0.0,0.0
2026-06-01 16:39:00,2,Wheat,Sandy,42.3802,381.422,60.0,18.0,78.0,0.9,0.5805,55.0,12.6198,0.0,0.0,0.008624,0.00733,0.0,0.0,0.0,0.0,0.0,0.0
2026-06-01 16:39:00,3,Maize,Clay,64.6036,646.0356,75.0,30.0,90.0,1.0,0.769,65.0,0.3964,0.0,0.0,0.008624,0.010349,0.0,0.0,0.0,0.0,0.0,0.0
2026-06-01 16:40:00,1,Tomato,Loam,55.2565,386.7957,70.0,25.0,85.0,0.7,0.6724,60.0,4.7435,0.0,0.0,0.008656,0.009954,0.0,0.0,0.0,0.0,0.0,0.0
2026-06-01 16:40:00,2,Wheat,Sandy,42.3794,381.4146,60.0,18.0,78.0,0.9,0.5805,55.0,12.6206,0.0,0.0,0.008656,0.007358,0.0,0.0,0.0,0.0,0.0,0.0
2026-06-01 16:40:00,3,Maize,Clay,64.6025,646.0252,75.0,30.0,90.0,1.0,0.7689,65.0,0.3975,0.0,0.0,0.008656,0.010387,0.0,0.0,0.0,0.0,0.0,0.0
2026-06-01 16:41:00,1,Tomato,Loam,55.2551,386.786,70.0,25.0,85.0,0.7,0.6723,60.0,4.7449,0.0,0.0,0.008426,0.00969,0.0,0.0,0.0,0.0,0.0,0.0
2026-06-01 16:41:00,2,Wheat,Sandy,42.3786,381.4074,60.0,18.0,78.0,0.9,0.5804,55.0,12.6214,0.0,0.0,0.008426,0.007162,0.0,0.0,0.0,0.0,0.0,0.0
2026-06-01 16:41:00,3,Maize,Clay,64.6015,646.0151,75.0,30.0,90.0,1.0,0.7689,65.0,0.3985,0.0,0.0,0.008426,0.010111,0.0,0.0,0.0,0.0,0.0,0.0
2026-06-01 16:42:00,1,Tomato,Loam,55.2538,386.7765,70.0,25.0,85.0,0.7,0.6723,60.0,4.7462,0.0,0.0,0.008222,0.009455,0.0,0.0,0.0,0.0,0.0,0.0
2026-06-01 16:42:00,2,Wheat,Sandy,42.3778,381.4004,60.0,18.0,78.0,0.9,0.5804,55.0,12.6222,0.0,0.0,0.008222,0.006989,0.0,0.0,0.0,0.0,0.0,0.0
2026-06-01 16:42:00,3,Maize,Clay,64.6005,646.0052,75.0,30.0,90.0,1.0,0.7689,65.0,0.3995,0.0,0.0,0.008222,0.009866,0.0,0.0,0.0,0.0,0.0,0.0
2026-06-01 16:43:00,1,Tomato,Loam,55.2524,386.7667,70.0,25.0,85.0,0.7,0.6723,60.0,4.7476,0.0,0.0,0.008511,0.009788,0.0,0.0,0.0,0.0,0.0,0.0
2026-06-01 16:43:00,2,Wheat,Sandy,42.377,381.3932,60.0,18.0,78.0,0.9,0.5804,55.0,12.623,0.0,0.0,0.008511,0.007234,0.0,0.0,0.0,0.0,0.0,0.0
2026-06-01 16:43:00,3,Maize,Clay,64.5995,645.995,75.0,30.0,90.0,1.0,0.7689,65.0,0.4005,0.0,0.0,0.008511,0.010213,0.0,0.0,0.0,0.0,0.0,0.0
2026-06-01 16:44:00,1,Tomato,Loam,55.251,386.7568,70.0,25.0,85.0,0.7,0.6722,60.0,4.749,0.0,0.0,0.008598,0.009888,0.0,0.0,0.0,0.0,0.0,0.0
2026-06-01 16:44:00,2,Wheat,Sandy,42.3762,381.3859,60.0,18.0,78.0,0.9,0.5804,55.0,12.6238,0.0,0.0,0.008598,0.007308,0.0,0.0,0.0,0.0,0.0,0.0
2026-06-01 16:44:00,3,Maize,Clay,64.5985,645.9847,75.0,30.0,90.0,1.0,0.7689,65.0,0.4015,0.0,0.0,0.008598,0.010318,0.0,0.0,0.0,0.0,0.0,0.0
2026-06-01 16:45:00,1,Tomato,Loam,55.2495,386.7464,70.0,25.0,85.0,0.7,0.6722,60.0,4.7505,0.0,0.0,0.009041,0.010397,0.0,0.0,0.0,0.0,0.0,0.0
2026-06-01 16:45:00,2,Wheat,Sandy,42.3754,381.3782,60.0,18.0,78.0,0.9,0.5804,55.0,12.6246,0.0,0.0,0.009041,0.007685,0.0,0.0,0.0,0.0,0.0,0.0
2026-06-01 16:45:00,3,Maize,Clay,64.5974,645.9739,75.0,30.0,90.0,1.0,0.7688,65.0,0.4026,0.0,0.0,0.009041,0.010849,0.0,0.0,0.0,0.0,0.0,0.0
2026-06-01 16:46:00,1,Tomato,Loam,55.2481,386.7366,70.0,25.0,85.0,0.7,0.6722,60.0,4.7519,0.0,0.0,0.008552,0.009835,0.0,0.0,0.0,0.0,0.0,0.0
2026-06-01 16:46:00,2,Wheat,Sandy,42.3745,381.3709,60.0,18.0,78.0,0.9,0.5803,55.0,12.6255,0.0,0.0,0.008552,0.007269,0.0,0.0,0.0,0.0,0.0,0.0
2026-06-01 16:46:00,3,Maize,Clay,64.5964,645.9636,75.0,30.0,90.0,1.0,0.7688,65.0,0.4036,0.0,0.0,0.008552,0.010262,0.0,0.0,0.0,0.0,0.0,0.0
2026-06-01 16:47:00,1,Tomato,Loam,55.2467,386.7272,70.0,25.0,85.0,0.7,0.6721,60.0,4.7533,0.0,0.0,0.008152,0.009375,0.0,0.0,0.0,0.0,0.0,0.0
2026-06-01 16:47:00,2,Wheat,Sandy,42.3738,381.364,60.0,18.0,78.0,0.9,0.5803,55.0,12.6262,0.0,0.0,0.008152,0.006929,0.0,0.0,0.0,0.0,0.0,0.0
2026-06-01 16:47:00,3,Maize,Clay,64.5954,645.9538,75.0,30.0,90.0,1.0,0.7688,65.0,0.4046,0.0,0.0,0.008152,0.009782,0.0,0.0,0.0,0.0,0.0,0.0
2026-06-01 16:48:00,1,Tomato,Loam,55.2453,386.7174,70.0,25.0,85.0,0.7,0.6721,60.0,4.7547,0.0,0.0,0.008519,0.009797,0.0,0.0,0.0,0.0,0.0,0.0
2026-06-01 16:48:00,2,Wheat,Sandy,42.373,381.3568,60.0,18.0,78.0,0.9,0.5803,55.0,12.627,0.0,0.0,0.008519,0.007241,0.0,0.0,0.0,0.0,0.0,0.0
2026-06-01 16:48:00,3,Maize,Clay,64.5944,645.9436,75.0,30.0,90.0,1.0,0.7688,65.0,0.4056,0.0,0.0,0.008519,0.010223,0.0,0.0,0.0,0.0,0.0,0.0
2026-06-01 16:49:00,1,Tomato,Loam,55.2439,386.7076,70.0,25.0,85.0,0.7,0.6721,60.0,4.7561,0.0,0.0,0.008494,0.009768,0.0,0.0,0.0,0.0,0.0,0.0
2026-06-01 16:49:00,2,Wheat,Sandy,42.3722,381.3496,60.0,18.0,78.0,0.9,0.5803,55.0,12.6278,0.0,0.0,0.008494,0.00722,0.0,0.0,0.0,0.0,0.0,0.0
2026-06-01 16:49:00,3,Maize,Clay,64.5933,645.9334,75.0,30.0,90.0,1.0,0.7687,65.0,0.4067,0.0,0.0,0.008494,0.010193,0.0,0.0,0.0,0.0,0.0,0.0
2026-06-01 16:50:00,1,Tomato,Loam,55.2426,386.6982,70.0,25.0,85.0,0.7,0.6721,60.0,4.7574,0.0,0.0,0.008145,0.009367,0.0,0.0,0.0,0.0,0.0,0.0
2026-06-01 16:50:00,2,Wheat,Sandy,42.3714,381.3427,60.0,18.0,78.0,0.9,0.5803,55.0,12.6286,0.0,0.0,0.008145,0.006923,0.0,0.0,0.0,0.0,0.0,0.0
2026-06-01 16:50:00,3,Maize,Clay,64.5924,645.9236,75.0,30.0,90.0,1.0,0.7687,65.0,0.4076,0.0,0.0,0.008145,0.009774,0.0,0.0,0.0,0.0,0.0,0.0
2026-06-01 16:51:00,1,Tomato,Loam,55.2412,386.6887,70.0,25.0,85.0,0.7,0.672,60.0,4.7588,0.0,0.0,0.008246,0.009483,0.0,0.0,0.0,0.0,0.0,0.0
2026-06-01 16:51:00,2,Wheat,Sandy,42.3706,381.3357,60.0,18.0,78.0,0.9,0.5803,55.0,12.6294,0.0,0.0,0.008246,0.007009,0.0,0.0,0.0,0.0,0.0,0.0
2026-06-01 16:51:00,3,Maize,Clay,64.5914,645.9137,75.0,30.0,90.0,1.0,0.7687,65.0,0.4086,0.0,0.0,0.008246,0.009895,0.0,0.0,0.0,0.0,0.0,0.0
2026-06-01 16:52:00,1,Tomato,Loam,55.2399,386.6791,70.0,25.0,85.0,0.7,0.672,60.0,4.7601,0.0,0.0,0.008313,0.00956,0.0,0.0,0.0,0.0,0.0,0.0
2026-06-01 16:52:00,2,Wheat,Sandy,42.3698,381.3286,60.0,18.0,78.0,0.9,0.5802,55.0,12.6302,0.0,0.0,0.008313,0.007066,0.0,0.0,0.0,0.0,0.0,0.0
2026-06-01 16:52:00,3,Maize,Clay,64.5904,645.9037,75.0,30.0,90.0,1.0,0.7687,65.0,0.4096,0.0,0.0,0.008313,0.009976,0.0,0.0,0.0,0.0,0.0,0.0
2026-06-01 16:53:00,1,Tomato,Loam,55.2385,386.6698,70.0,25.0,85.0,0.7,0.672,60.0,4.7615,0.0,0.0,0.008102,0.009317,0.0,0.0,0.0,0.0,0.0,0.0
2026-06-01 16:53:00,2,Wheat,Sandy,42.3691,381.3217,60.0,18.0,78.0,0.9,0.5802,55.0,12.6309,0.0,0.0,0.008102,0.006887,0.0,0.0,0.0,0.0,0.0,0.0
2026-06-01 16:53:00,3,Maize,Clay,64.5894,645.894,75.0,30.0,90.0,1.0,0.7687,65.0,0.4106,0.0,0.0,0.008102,0.009722,0.0,0.0,0.0,0.0,0.0,0.0
2026-06-01 16:54:00,1,Tomato,Loam,55.2372,386.6605,70.0,25.0,85.0,0.7,0.6719,60.0,4.7628,0.0,0.0,0.008064,0.009274,0.0,0.0,0.0,0.0,0.0,0.0
2026-06-01 16:54:00,2,Wheat,Sandy,42.3683,381.3148,60.0,18.0,78.0,0.9,0.5802,55.0,12.6317,0.0,0.0,0.008064,0.006854,0.0,0.0,0.0,0.0,0.0,0.0
2026-06-01 16:54:00,3,Maize,Clay,64.5884,645.8843,75.0,30.0,90.0,1.0,0.7686,65.0,0.4116,0.0,0.0,0.008064,0.009677,0.0,0.0,0.0,0.0,0.0,0.0
2026-06-01 16:55:00,1,Tomato,Loam,55.2359,386.6514,70.0,25.0,85.0,0.7,0.6719,60.0,4.7641,0.0,0.0,0.007944,0.009136,0.0,0.0,0.0,0.0,0.0,0.0
2026-06-01 16:55:00,2,Wheat,Sandy,42.3676,381.308,60.0,18.0,78.0,0.9,0.5802,55.0,12.6324,0.0,0.0,0.007944,0.006752,0.0,0.0,0.0,0.0,0.0,0.0
2026-06-01 16:55:00,3,Maize,Clay,64.5875,645.8748,75.0,30.0,90.0,1.0,0.7686,65.0,0.4125,0.0,0.0,0.007944,0.009533,0.0,0.0,0.0,0.0,0.0,0.0
2026-06-01 16:56:00,1,Tomato,Loam,55.2346,386.6419,70.0,25.0,85.0,0.7,0.6719,60.0,4.7654,0.0,0.0,0.008302,0.009547,0.0,0.0,0.0,0.0,0.0,0.0
2026-06-01 16:56:00,2,Wheat,Sandy,42.3668,381.3009,60.0,18.0,78.0,0.9,0.5802,55.0,12.6332,0.0,0.0,0.008302,0.007057,0.0,0.0,0.0,0.0,0.0,0.0
2026-06-01 16:56:00,3,Maize,Clay,64.5865,645.8648,75.0,30.0,90.0,1.0,0.7686,65.0,0.4135,0.0,0.0,0.008302,0.009962,0.0,0.0,0.0,0.0,0.0,0.0
2026-06-01 16:57:00,1,Tomato,Loam,55.2333,386.6328,70.0,25.0,85.0,0.7,0.6719,60.0,4.7667,0.0,0.0,0.007909,0.009095,0.0,0.0,0.0,0.0,0.0,0.0
2026-06-01 16:57:00,2,Wheat,Sandy,42.366,381.2942,60.0,18.0,78.0,0.9,0.5801,55.0,12.634,0.0,0.0,0.007909,0.006723,0.0,0.0,0.0,0.0,0.0,0.0
2026-06-01 16:57:00,3,Maize,Clay,64.5855,645.8553,75.0,30.0,90.0,1.0,0.7686,65.0,0.4145,0.0,0.0,0.007909,0.009491,0.0,0.0,0.0,0.0,0.0,0.0
2026-06-01 16:58:00,1,Tomato,Loam,55.232,386.624,70.0,25.0,85.0,0.7,0.6718,60.0,4.768,0.0,0.0,0.007655,0.008803,0.0,0.0,0.0,0.0,0.0,0.0
2026-06-01 16:58:00,2,Wheat,Sandy,42.3653,381.2877,60.0,18.0,78.0,0.9,0.5801,55.0,12.6347,0.0,0.0,0.007655,0.006507,0.0,0.0,0.0,0.0,0.0,0.0
2026-06-01 16:58:00,3,Maize,Clay,64.5846,645.8461,75.0,30.0,90.0,1.0,0.7685,65.0,0.4154,0.0,0.0,0.007655,0.009186,0.0,0.0,0.0,0.0,0.0,0.0
2026-06-01 16:59:00,1,Tomato,Loam,55.2307,386.6151,70.0,25.0,85.0,0.7,0.6718,60.0,4.7693,0.0,0.0,0.007718,0.008876,0.0,0.0,0.0,0.0,0.0,0.0
2026-06-01 16:59:00,2,Wheat,Sandy,42.3646,381.2811,60.0,18.0,78.0,0.9,0.5801,55.0,12.6354,0.0,0.0,0.007718,0.00656,0.0,0.0,0.0,0.0,0.0,0.0
2026-06-01 16:59:00,3,Maize,Clay,64.5837,645.8368,75.0,30.0,90.0,1.0,0.7685,65.0,0.4163,0.0,0.0,0.007718,0.009262,0.0,0.0,0.0,0.0,0.0,0.0
2026-06-01 17:00:00,1,Tomato,Loam,55.2295,386.6063,70.0,25.0,85.0,0.7,0.6718,60.0,4.7705,0.0,0.0,0.00767,0.00882,0.0,0.0,0.0,0.0,0.0,0.0
2026-06-01 17:00:00,2,Wheat,Sandy,42.3638,381.2746,60.0,18.0,78.0,0.9,0.5801,55.0,12.6362,0.0,0.0,0.00767,0.006519,0.0,0.0,0.0,0.0,0.0,0.0
2026-06-01 17:00:00,3,Maize,Clay,64.5828,645.8276,75.0,30.0,90.0,1.0,0.7685,65.0,0.4172,0.0,0.0,0.00767,0.009204,0.0,0.0,0.0,0.0,0.0,0.0
2026-06-01 17:01:00,1,Tomato,Loam,55.2282,386.5975,70.0,25.0,85.0,0.7,0.6717,60.0,4.7718,0.0,0.0,0.007626,0.00877,0.0,0.0,0.0,0.0,0.0,0.0
2026-06-01 17:01:00,2,Wheat,Sandy,42.3631,381.2681,60.0,18.0,78.0,0.9,0.5801,55.0,12.6369,0.0,0.0,0.007626,0.006482,0.0,0.0,0.0,0.0,0.0,0.0
2026-06-01 17:01:00,3,Maize,Clay,64.5818,645.8184,75.0,30.0,90.0,1.0,0.7685,65.0,0.4182,0.0,0.0,0.007626,0.009151,0.0,0.0,0.0,0.0,0.0,0.0
2026-06-01 17:02:00,1,Tomato,Loam,55.2269,386.5885,70.0,25.0,85.0,0.7,0.6717,60.0,4.7731,0.0,0.0,0.007834,0.009009,0.0,0.0,0.0,0.0,0.0,0.0
2026-06-01 17:02:00,2,Wheat,Sandy,42.3624,381.2614,60.0,18.0,78.0,0.9,0.5801,55.0,12.6376,0.0,0.0,0.007834,0.006659,0.0,0.0,0.0,0.0,0.0,0.0
2026-06-01 17:02:00,3,Maize,Clay,64.5809,645.809,75.0,30.0,90.0,1.0,0.7685,65.0,0.4191,0.0,0.0,0.007834,0.009401,0.0,0.0,0.0,0.0,0.0,0.0
2026-06-01 17:03:00,1,Tomato,Loam,55.2257,386.58,70.0,25.0,85.0,0.7,0.6717,60.0,4.7743,0.0,0.0,0.007353,0.008456,0.0,0.0,0.0,0.0,0.0,0.0
2026-06-01 17:03:00,2,Wheat,Sandy,42.3617,381.2551,60.0,18.0,78.0,0.9,0.58,55.0,12.6383,0.0,0.0,0.007353,0.00625,0.0,0.0,0.0,0.0,0.0,0.0
2026-06-01 17:03:00,3,Maize,Clay,64.58,645.8002,75.0,30.0,90.0,1.0,0.7684,65.0,0.42,0.0,0.0,0.007353,0.008824,0.0,0.0,0.0,0.0,0.0,0.0
2026-06-01 17:04:00,1,Tomato,Loam,55.2245,386.5713,70.0,25.0,85.0,0.7,0.6717,60.0,4.7755,0.0,0.0,0.007552,0.008685,0.0,0.0,0.0,0.0,0.0,0.0
2026-06-01 17:04:00,2,Wheat,Sandy,42.361,381.2487,60.0,18.0,78.0,0.9,0.58,55.0,12.639,0.0,0.0,0.007552,0.006419,0.0,0.0,0.0,0.0,0.0,0.0
2026-06-01 17:04:00,3,Maize,Clay,64.5791,645.7911,75.0,30.0,90.0,1.0,0.7684,65.0,0.4209,0.0,0.0,0.007552,0.009062,0.0,0.0,0.0,0.0,0.0,0.0
2026-06-01 17:05:00,1,Tomato,Loam,55.2233,386.5628,70.0,25.0,85.0,0.7,0.6716,60.0,4.7767,0.0,0.0,0.007417,0.00853,0.0,0.0,0.0,0.0,0.0,0.0
2026-06-01 17:05:00,2,Wheat,Sandy,42.3603,381.2424,60.0,18.0,78.0,0.9,0.58,55.0,12.6397,0.0,0.0,0.007417,0.006304,0.0,0.0,0.0,0.0,0.0,0.0
2026-06-01 17:05:00,3,Maize,Clay,64.5782,645.7822,75.0,30.0,90.0,1.0,0.7684,65.0,0.4218,0.0,0.0,0.007417,0.0089,0.0,0.0,0.0,0.0,0.0,0.0
2026-06-01 17:06:00,1,Tomato,Loam,55.222,386.5543,70.0,25.0,85.0,0.7,0.6716,60.0,4.778,0.0,0.0,0.007396,0.008505,0.0,0.0,0.0,0.0,0.0,0.0
2026-06-01 17:06:00,2,Wheat,Sandy,42.3596,381.2361,60.0,18.0,78.0,0.9,0.58,55.0,12.6404,0.0,0.0,0.007396,0.006287,0.0,0.0,0.0,0.0,0.0,0.0
2026-06-01 17:06:00,3,Maize,Clay,64.5773,645.7733,75.0,30.0,90.0,1.0,0.7684,65.0,0.4227,0.0,0.0,0.007396,0.008875,0.0,0.0,0.0,0.0,0.0,0.0
2026-06-01 17:07:00,1,Tomato,Loam,55.2207,386.5451,70.0,25.0,85.0,0.7,0.6716,60.0,4.7793,0.0,0.0,0.008002,0.009202,0.0,0.0,0.0,0.0,0.0,0.0
2026-06-01 17:07:00,2,Wheat,Sandy,42.3588,381.2293,60.0,18.0,78.0,0.9,0.58,55.0,12.6412,0.0,0.0,0.008002,0.006802,0.0,0.0,0.0,0.0,0.0,0.0
2026-06-01 17:07:00,3,Maize,Clay,64.5764,645.7637,75.0,30.0,90.0,1.0,0.7684,65.0,0.4236,0.0,0.0,0.008002,0.009602,0.0,0.0,0.0,0.0,0.0,0.0
2026-06-01 17:08:00,1,Tomato,Loam,55.2195,386.5362,70.0,25.0,85.0,0.7,0.6715,60.0,4.7805,0.0,0.0,0.007754,0.008917,0.0,0.0,0.0,0.0,0.0,0.0
2026-06-01 17:08:00,2,Wheat,Sandy,42.3581,381.2227,60.0,18.0,78.0,0.9,0.58,55.0,12.6419,0.0,0.0,0.007754,0.006591,0.0,0.0,0.0,0.0,0.0,0.0
2026-06-01 17:08:00,3,Maize,Clay,64.5754,645.7544,75.0,30.0,90.0,1.0,0.7683,65.0,0.4246,0.0,0.0,0.007754,0.009305,0.0,0.0,0.0,0.0,0.0,0.0
2026-06-01 17:09:00,1,Tomato,Loam,55.2182,386.5275,70.0,25.0,85.0,0.7,0.6715,60.0,4.7818,0.0,0.0,0.007604,0.008745,0.0,0.0,0.0,0.0,0.0,0.0
2026-06-01 17:09:00,2,Wheat,Sandy,42.3574,381.2162,60.0,18.0,78.0,0.9,0.5799,55.0,12.6426,0.0,0.0,0.007604,0.006463,0.0,0.0,0.0,0.0,0.0,0.0
2026-06-01 17:09:00,3,Maize,Clay,64.5745,645.7453,75.0,30.0,90.0,1.0,0.7683,65.0,0.4255,0.0,0.0,0.007604,0.009125,0.0,0.0,0.0,0.0,0.0,0.0
2026-06-01 17:10:00,1,Tomato,Loam,55.217,386.519,70.0,25.0,85.0,0.7,0.6715,60.0,4.783,0.0,0.0,0.007377,0.008484,0.0,0.0,0.0,0.0,0.0,0.0
2026-06-01 17:10:00,2,Wheat,Sandy,42.3567,381.2099,60.0,18.0,78.0,0.9,0.5799,55.0,12.6433,0.0,0.0,0.007377,0.00627,0.0,0.0,0.0,0.0,0.0,0.0
2026-06-01 17:10:00,3,Maize,Clay,64.5736,645.7364,75.0,30.0,90.0,1.0,0.7683,65.0,0.4264,0.0,0.0,0.007377,0.008852,0.0,0.0,0.0,0.0,0.0,0.0
2026-06-01 17:11:00,1,Tomato,Loam,55.2158,386.5105,70.0,25.0,85.0,0.7,0.6715,60.0,4.7842,0.0,0.0,0.007375,0.008481,0.0,0.0,0.0,0.0,0.0,0.0
2026-06-01 17:11:00,2,Wheat,Sandy,42.356,381.2036,60.0,18.0,78.0,0.9,0.5799,55.0,12.644,0.0,0.0,0.007375,0.006269,0.0,0.0,0.0,0.0,0.0,0.0
2026-06-01 17:11:00,3,Maize,Clay,64.5728,645.7275,75.0,30.0,90.0,1.0,0.7683,65.0,0.4272,0.0,0.0,0.007375,0.00885,0.0,0.0,0.0,0.0,0.0,0.0
2026-06-01 17:12:00,1,Tomato,Loam,55.2145,386.5018,70.0,25.0,85.0,0.7,0.6714,60.0,4.7855,0.0,0.0,0.007574,0.00871,0.0,0.0,0.0,0.0,0.0,0.0
2026-06-01 17:12:00,2,Wheat,Sandy,42.3552,381.1972,60.0,18.0,78.0,0.9,0.5799,55.0,12.6448,0.0,0.0,0.007574,0.006438,0.0,0.0,0.0,0.0,0.0,0.0
2026-06-01 17:12:00,3,Maize,Clay,64.5718,645.7184,75.0,30.0,90.0,1.0,0.7683,65.0,0.4282,0.0,0.0,0.007574,0.009089,0.0,0.0,0.0,0.0,0.0,0.0
2026-06-01 17:13:00,1,Tomato,Loam,55.2133,386.4933,70.0,25.0,85.0,0.7,0.6714,60.0,4.7867,0.0,0.0,0.007426,0.00854,0.0,0.0,0.0,0.0,0.0,0.0
2026-06-01 17:13:00,2,Wheat,Sandy,42.3545,381.1909,60.0,18.0,78.0,0.9,0.5799,55.0,12.6455,0.0,0.0,0.007426,0.006312,0.0,0.0,0.0,0.0,0.0,0.0
2026-06-01 17:13:00,3,Maize,Clay,64.5709,645.7095,75.0,30.0,90.0,1.0,0.7682,65.0,0.4291,0.0,0.0,0.007426,0.008911,0.0,0.0,0.0,0.0,0.0,0.0
2026-06-01 17:14:00,1,Tomato,Loam,55.2121,386.485,70.0,25.0,85.0,0.7,0.6714,60.0,4.7879,0.0,0.0,0.007238,0.008324,0.0,0.0,0.0,0.0,0.0,0.0
2026-06-01 17:14:00,2,Wheat,Sandy,42.3539,381.1847,60.0,18.0,78.0,0.9,0.5799,55.0,12.6461,0.0,0.0,0.007238,0.006152,0.0,0.0,0.0,0.0,0.0,0.0
2026-06-01 17:14:00,3,Maize,Clay,64.5701,645.7008,75.0,30.0,90.0,1.0,0.7682,65.0,0.4299,0.0,0.0,0.007238,0.008686,0.0,0.0,0.0,0.0,0.0,0.0
2026-06-01 17:15:00,1,Tomato,Loam,55.2109,386.4765,70.0,25.0,85.0,0.7,0.6714,60.0,4.7891,0.0,0.0,0.007417,0.00853,0.0,0.0,0.0,0.0,0.0,0.0
2026-06-01 17:15:00,2,Wheat,Sandy,42.3532,381.1784,60.0,18.0,78.0,0.9,0.5798,55.0,12.6468,0.0,0.0,0.007417,0.006304,0.0,0.0,0.0,0.0,0.0,0.0
2026-06-01 17:15:00,3,Maize,Clay,64.5692,645.6919,75.0,30.0,90.0,1.0,0.7682,65.0,0.4308,0.0,0.0,0.007417,0.0089,0.0,0.0,0.0,0.0,0.0,0.0
2026-06-01 17:16:00,1,Tomato,Loam,55.2098,386.4687,70.0,25.0,85.0,0.7,0.6713,60.0,4.7902,0.0,0.0,0.006765,0.00778,0.0,0.0,0.0,0.0,0.0,0.0
2026-06-01 17:16:00,2,Wheat,Sandy,42.3525,381.1727,60.0,18.0,78.0,0.9,0.5798,55.0,12.6475,0.0,0.0,0.006765,0.00575,0.0,0.0,0.0,0.0,0.0,0.0
2026-06-01 17:16:00,3,Maize,Clay,64.5684,645.6838,75.0,30.0,90.0,1.0,0.7682,65.0,0.4316,0.0,0.0,0.006765,0.008118,0.0,0.0,0.0,0.0,0.0,0.0
2026-06-01 17:17:00,1,Tomato,Loam,55.2086,386.4604,70.0,25.0,85.0,0.7,0.6713,60.0,4.7914,0.0,0.0,0.007254,0.008342,0.0,0.0,0.0,0.0,0.0,0.0
2026-06-01 17:17:00,2,Wheat,Sandy,42.3518,381.1665,60.0,18.0,78.0,0.9,0.5798,55.0,12.6482,0.0,0.0,0.007254,0.006166,0.0,0.0,0.0,0.0,0.0,0.0
2026-06-01 17:17:00,3,Maize,Clay,64.5675,645.6751,75.0,30.0,90.0,1.0,0.7682,65.0,0.4325,0.0,0.0,0.007254,0.008705,0.0,0.0,0.0,0.0,0.0,0.0
2026-06-01 17:18:00,1,Tomato,Loam,55.2074,386.452,70.0,25.0,85.0,0.7,0.6713,60.0,4.7926,0.0,0.0,0.007285,0.008378,0.0,0.0,0.0,0.0,0.0,0.0
2026-06-01 17:18:00,2,Wheat,Sandy,42.3511,381.1603,60.0,18.0,78.0,0.9,0.5798,55.0,12.6489,0.0,0.0,0.007285,0.006192,0.0,0.0,0.0,0.0,0.0,0.0
2026-06-01 17:18:00,3,Maize,Clay,64.5666,645.6664,75.0,30.0,90.0,1.0,0.7681,65.0,0.4334,0.0,0.0,0.007285,0.008742,0.0,0.0,0.0,0.0,0.0,0.0
2026-06-01 17:19:00,1,Tomato,Loam,55.2063,386.4438,70.0,25.0,85.0,0.7,0.6713,60.0,4.7937,0.0,0.0,0.007112,0.008179,0.0,0.0,0.0,0.0,0.0,0.0
2026-06-01 17:19:00,2,Wheat,Sandy,42.3505,381.1543,60.0,18.0,78.0,0.9,0.5798,55.0,12.6495,0.0,0.0,0.007112,0.006045,0.0,0.0,0.0,0.0,0.0,0.0
2026-06-01 17:19:00,3,Maize,Clay,64.5658,645.6579,75.0,30.0,90.0,1.0,0.7681,65.0,0.4342,0.0,0.0,0.007112,0.008534,0.0,0.0,0.0,0.0,0.0,0.0
2026-06-01 17:20:00,1,Tomato,Loam,55.2051,386.4354,70.0,25.0,85.0,0.7,0.6712,60.0,4.7949,0.0,0.0,0.00729,0.008383,0.0,0.0,0.0,0.0,0.0,0.0
2026-06-01 17:20:00,2,Wheat,Sandy,42.3498,381.1481,60.0,18.0,78.0,0.9,0.5798,55.0,12.6502,0.0,0.0,0.00729,0.006196,0.0,0.0,0.0,0.0,0.0,0.0
2026-06-01 17:20:00,3,Maize,Clay,64.5649,645.6492,75.0,30.0,90.0,1.0,0.7681,65.0,0.4351,0.0,0.0,0.00729,0.008748,0.0,0.0,0.0,0.0,0.0,0.0
2026-06-01 17:21:00,1,Tomato,Loam,55.2039,386.4273,70.0,25.0,85.0,0.7,0.6712,60.0,4.7961,0.0,0.0,0.007005,0.008056,0.0,0.0,0.0,0.0,0.0,0.0
2026-06-01 17:21:00,2,Wheat,Sandy,42.3491,381.1421,60.0,18.0,78.0,0.9,0.5797,55.0,12.6509,0.0,0.0,0.007005,0.005954,0.0,0.0,0.0,0.0,0.0,0.0
2026-06-01 17:21:00,3,Maize,Clay,64.5641,645.6408,75.0,30.0,90.0,1.0,0.7681,65.0,0.4359,0.0,0.0,0.007005,0.008406,0.0,0.0,0.0,0.0,0.0,0.0
2026-06-01 17:22:00,1,Tomato,Loam,55.2027,386.4189,70.0,25.0,85.0,0.7,0.6712,60.0,4.7973,0.0,0.0,0.007344,0.008446,0.0,0.0,0.0,0.0,0.0,0.0
2026-06-01 17:22:00,2,Wheat,Sandy,42.3484,381.1359,60.0,18.0,78.0,0.9,0.5797,55.0,12.6516,0.0,0.0,0.007344,0.006242,0.0,0.0,0.0,0.0,0.0,0.0
2026-06-01 17:22:00,3,Maize,Clay,64.5632,645.632,75.0,30.0,90.0,1.0,0.7681,65.0,0.4368,0.0,0.0,0.007344,0.008813,0.0,0.0,0.0,0.0,0.0,0.0
2026-06-01 17:23:00,1,Tomato,Loam,55.2016,386.4109,70.0,25.0,85.0,0.7,0.6711,60.0,4.7984,0.0,0.0,0.006944,0.007986,0.0,0.0,0.0,0.0,0.0,0.0
2026-06-01 17:23:00,2,Wheat,Sandy,42.3478,381.13,60.0,18.0,78.0,0.9,0.5797,55.0,12.6522,0.0,0.0,0.006944,0.005902,0.0,0.0,0.0,0.0,0.0,0.0
2026-06-01 17:23:00,3,Maize,Clay,64.5624,645.6237,75.0,30.0,90.0,1.0,0.7681,65.0,0.4376,0.0,0.0,0.006944,0.008333,0.0,0.0,0.0,0.0,0.0,0.0
2026-06-01 17:24:00,1,Tomato,Loam,55.2004,386.4029,70.0,25.0,85.0,0.7,0.6711,60.0,4.7996,0.0,0.0,0.006949,0.007991,0.0,0.0,0.0,0.0,0.0,0.0
2026-06-01 17:24:00,2,Wheat,Sandy,42.3471,381.1241,60.0,18.0,78.0,0.9,0.5797,55.0,12.6529,0.0,0.0,0.006949,0.005907,0.0,0.0,0.0,0.0,0.0,0.0
2026-06-01 17:24:00,3,Maize,Clay,64.5615,645.6154,75.0,30.0,90.0,1.0,0.768,65.0,0.4385,0.0,0.0,0.006949,0.008339,0.0,0.0,0.0,0.0,0.0,0.0
2026-06-01 17:25:00,1,Tomato,Loam,55.1993,386.3948,70.0,25.0,85.0,0.7,0.6711,60.0,4.8007,0.0,0.0,0.007074,0.008135,0.0,0.0,0.0,0.0,0.0,0.0
2026-06-01 17:25:00,2,Wheat,Sandy,42.3465,381.1181,60.0,18.0,78.0,0.9,0.5797,55.0,12.6535,0.0,0.0,0.007074,0.006013,0.0,0.0,0.0,0.0,0.0,0.0
2026-06-01 17:25:00,3,Maize,Clay,64.5607,645.6069,75.0,30.0,90.0,1.0,0.768,65.0,0.4393,0.0,0.0,0.007074,0.008489,0.0,0.0,0.0,0.0,0.0,0.0
2026-06-01 17:26:00,1,Tomato,Loam,55.1981,386.387,70.0,25.0,85.0,0.7,0.6711,60.0,4.8019,0.0,0.0,0.006799,0.007819,0.0,0.0,0.0,0.0,0.0,0.0
2026-06-01 17:26:00,2,Wheat,Sandy,42.3458,381.1123,60.0,18.0,78.0,0.9,0.5797,55.0,12.6542,0.0,0.0,0.006799,0.005779,0.0,0.0,0.0,0.0,0.0,0.0
2026-06-01 17:26:00,3,Maize,Clay,64.5599,645.5987,75.0,30.0,90.0,1.0,0.768,65.0,0.4401,0.0,0.0,0.006799,0.008159,0.0,0.0,0.0,0.0,0.0,0.0
2026-06-01 17:27:00,1,Tomato,Loam,55.197,386.3787,70.0,25.0,85.0,0.7,0.671,60.0,4.803,0.0,0.0,0.007224,0.008308,0.0,0.0,0.0,0.0,0.0,0.0
2026-06-01 17:27:00,2,Wheat,Sandy,42.3451,381.1062,60.0,18.0,78.0,0.9,0.5796,55.0,12.6549,0.0,0.0,0.007224,0.00614,0.0,0.0,0.0,0.0,0.0,0.0
2026-06-01 17:27:00,3,Maize,Clay,64.559,645.59,75.0,30.0,90.0,1.0,0.768,65.0,0.441,0.0,0.0,0.007224,0.008669,0.0,0.0,0.0,0.0,0.0,0.0
2026-06-01 17:28:00,1,Tomato,Loam,55.1958,386.3707,70.0,25.0,85.0,0.7,0.671,60.0,4.8042,0.0,0.0,0.006998,0.008048,0.0,0.0,0.0,0.0,0.0,0.0
2026-06-01 17:28:00,2,Wheat,Sandy,42.3445,381.1003,60.0,18.0,78.0,0.9,0.5796,55.0,12.6555,0.0,0.0,0.006998,0.005948,0.0,0.0,0.0,0.0,0.0,0.0
2026-06-01 17:28:00,3,Maize,Clay,64.5582,645.5816,75.0,30.0,90.0,1.0,0.768,65.0,0.4418,0.0,0.0,0.006998,0.008398,0.0,0.0,0.0,0.0,0.0,0.0
2026-06-01 17:29:00,1,Tomato,Loam,55.1947,386.3626,70.0,25.0,85.0,0.7,0.671,60.0,4.8053,0.0,0.0,0.007005,0.008056,0.0,0.0,0.0,0.0,0.0,0.0
2026-06-01 17:29:00,2,Wheat,Sandy,42.3438,381.0943,60.0,18.0,78.0,0.9,0.5796,55.0,12.6562,0.0,0.0,0.007005,0.005954,0.0,0.0,0.0,0.0,0.0,0.0
2026-06-01 17:29:00,3,Maize,Clay,64.5573,645.5732,75.0,30.0,90.0,1.0,0.7679,65.0,0.4427,0.0,0.0,0.007005,0.008406,0.0,0.0,0.0,0.0,0.0,0.0
2026-06-01 17:30:00,1,Tomato,Loam,55.1935,386.3547,70.0,25.0,85.0,0.7,0.671,60.0,4.8065,0.0,0.0,0.006903,0.007938,0.0,0.0,0.0,0.0,0.0,0.0
2026-06-01 17:30:00,2,Wheat,Sandy,42.3432,381.0884,60.0,18.0,78.0,0.9,0.5796,55.0,12.6568,0.0,0.0,0.006903,0.005868,0.0,0.0,0.0,0.0,0.0,0.0
2026-06-01 17:30:00,3,Maize,Clay,64.5565,645.5649,75.0,30.0,90.0,1.0,0.7679,65.0,0.4435,0.0,0.0,0.006903,0.008284,0.0,0.0,0.0,0.0,0.0,0.0
2026-06-01 17:31:00,1,Tomato,Loam,55.1924,386.3471,70.0,25.0,85.0,0.7,0.6709,60.0,4.8076,0.0,0.0,0.006604,0.007595,0.0,0.0,0.0,0.0,0.0,0.0
2026-06-01 17:31:00,2,Wheat,Sandy,42.3425,381.0828,60.0,18.0,78.0,0.9,0.5796,55.0,12.6575,0.0,0.0,0.006604,0.005613,0.0,0.0,0.0,0.0,0.0,0.0
2026-06-01 17:31:00,3,Maize,Clay,64.5557,645.557,75.0,30.0,90.0,1.0,0.7679,65.0,0.4443,0.0,0.0,0.006604,0.007925,0.0,0.0,0.0,0.0,0.0,0.0
2026-06-01 17:32:00,1,Tomato,Loam,55.1913,386.3393,70.0,25.0,85.0,0.7,0.6709,60.0,4.8087,0.0,0.0,0.00674,0.007751,0.0,0.0,0.0,0.0,0.0,0.0
2026-06-01 17:32:00,2,Wheat,Sandy,42.3419,381.0771,60.0,18.0,78.0,0.9,0.5796,55.0,12.6581,0.0,0.0,0.00674,0.005729,0.0,0.0,0.0,0.0,0.0,0.0
2026-06-01 17:32:00,3,Maize,Clay,64.5549,645.5489,75.0,30.0,90.0,1.0,0.7679,65.0,0.4451,0.0,0.0,0.00674,0.008088,0.0,0.0,0.0,0.0,0.0,0.0
2026-06-01 17:33:00,1,Tomato,Loam,55.1903,386.3318,70.0,25.0,85.0,0.7,0.6709,60.0,4.8097,0.0,0.0,0.006485,0.007458,0.0,0.0,0.0,0.0,0.0,0.0
2026-06-01 17:33:00,2,Wheat,Sandy,42.3413,381.0716,60.0,18.0,78.0,0.9,0.5796,55.0,12.6587,0.0,0.0,0.006485,0.005512,0.0,0.0,0.0,0.0,0.0,0.0
2026-06-01 17:33:00,3,Maize,Clay,64.5541,645.5411,75.0,30.0,90.0,1.0,0.7679,65.0,0.4459,0.0,0.0,0.006485,0.007782,0.0,0.0,0.0,0.0,0.0,0.0
2026-06-01 17:34:00,1,Tomato,Loam,55.1892,386.3241,70.0,25.0,85.0,0.7,0.6709,60.0,4.8108,0.0,0.0,0.006664,0.007664,0.0,0.0,0.0,0.0,0.0,0.0
2026-06-01 17:34:00,2,Wheat,Sandy,42.3407,381.0659,60.0,18.0,78.0,0.9,0.5795,55.0,12.6593,0.0,0.0,0.006664,0.005664,0.0,0.0,0.0,0.0,0.0,0.0
2026-06-01 17:34:00,3,Maize,Clay,64.5533,645.5331,75.0,30.0,90.0,1.0,0.7679,65.0,0.4467,0.0,0.0,0.006664,0.007997,0.0,0.0,0.0,0.0,0.0,0.0
2026-06-01 17:35:00,1,Tomato,Loam,55.188,386.3161,70.0,25.0,85.0,0.7,0.6708,60.0,4.812,0.0,0.0,0.00697,0.008015,0.0,0.0,0.0,0.0,0.0,0.0
2026-06-01 17:35:00,2,Wheat,Sandy,42.34,381.06,60.0,18.0,78.0,0.9,0.5795,55.0,12.66,0.0,0.0,0.00697,0.005924,0.0,0.0,0.0,0.0,0.0,0.0
2026-06-01 17:35:00,3,Maize,Clay,64.5525,645.5247,75.0,30.0,90.0,1.0,0.7678,65.0,0.4475,0.0,0.0,0.00697,0.008364,0.0,0.0,0.0,0.0,0.0,0.0
2026-06-01 17:36:00,1,Tomato,Loam,55.187,386.3087,70.0,25.0,85.0,0.7,0.6708,60.0,4.813,0.0,0.0,0.006449,0.007416,0.0,0.0,0.0,0.0,0.0,0.0
2026-06-01 17:36:00,2,Wheat,Sandy,42.3394,381.0545,60.0,18.0,78.0,0.9,0.5795,55.0,12.6606,0.0,0.0,0.006449,0.005482,0.0,0.0,0.0,0.0,0.0,0.0
2026-06-01 17:36:00,3,Maize,Clay,64.5517,645.517,75.0,30.0,90.0,1.0,0.7678,65.0,0.4483,0.0,0.0,0.006449,0.007739,0.0,0.0,0.0,0.0,0.0,0.0
2026-06-01 17:37:00,1,Tomato,Loam,55.186,386.3017,70.0,25.0,85.0,0.7,0.6708,60.0,4.814,0.0,0.0,0.00612,0.007038,0.0,0.0,0.0,0.0,0.0,0.0
2026-06-01 17:37:00,2,Wheat,Sandy,42.3388,381.0493,60.0,18.0,78.0,0.9,0.5795,55.0,12.6612,0.0,0.0,0.00612,0.005202,0.0,0.0,0.0,0.0,0.0,0.0
2026-06-01 17:37:00,3,Maize,Clay,64.551,645.5097,75.0,30.0,90.0,1.0,0.7678,65.0,0.449,0.0,0.0,0.00612,0.007344,0.0,0.0,0.0,0.0,0.0,0.0
2026-06-01 17:38:00,1,Tomato,Loam,55.1849,386.2945,70.0,25.0,85.0,0.7,0.6708,60.0,4.8151,0.0,0.0,0.006303,0.007248,0.0,0.0,0.0,0.0,0.0,0.0
2026-06-01 17:38:00,2,Wheat,Sandy,42.3382,381.0439,60.0,18.0,78.0,0.9,0.5795,55.0,12.6618,0.0,0.0,0.006303,0.005358,0.0,0.0,0.0,0.0,0.0,0.0
2026-06-01 17:38:00,3,Maize,Clay,64.5502,645.5021,75.0,30.0,90.0,1.0,0.7678,65.0,0.4498,0.0,0.0,0.006303,0.007564,0.0,0.0,0.0,0.0,0.0,0.0
2026-06-01 17:39:00,1,Tomato,Loam,55.1838,386.2869,70.0,25.0,85.0,0.7,0.6708,60.0,4.8162,0.0,0.0,0.006621,0.007614,0.0,0.0,0.0,0.0,0.0,0.0
2026-06-01 17:39:00,2,Wheat,Sandy,42.3376,381.0383,60.0,18.0,78.0,0.9,0.5795,55.0,12.6624,0.0,0.0,0.006621,0.005628,0.0,0.0,0.0,0.0,0.0,0.0
2026-06-01 17:39:00,3,Maize,Clay,64.5494,645.4942,75.0,30.0,90.0,1.0,0.7678,65.0,0.4506,0.0,0.0,0.006621,0.007945,0.0,0.0,0.0,0.0,0.0,0.0
2026-06-01 17:40:00,1,Tomato,Loam,55.1828,386.2794,70.0,25.0,85.0,0.7,0.6707,60.0,4.8172,0.0,0.0,0.006529,0.007508,0.0,0.0,0.0,0.0,0.0,0.0
2026-06-01 17:40:00,2,Wheat,Sandy,42.337,381.0327,60.0,18.0,78.0,0.9,0.5795,55.0,12.663,0.0,0.0,0.006529,0.00555,0.0,0.0,0.0,0.0,0.0,0.0
2026-06-01 17:40:00,3,Maize,Clay,64.5486,645.4864,75.0,30.0,90.0,1.0,0.7677,65.0,0.4514,0.0,0.0,0.006529,0.007835,0.0,0.0,0.0,0.0,0.0,0.0
2026-06-01 17:41:00,1,Tomato,Loam,55.1817,386.2722,70.0,25.0,85.0,0.7,0.6707,60.0,4.8183,0.0,0.0,0.006287,0.00723,0.0,0.0,0.0,0.0,0.0,0.0
2026-06-01 17:41:00,2,Wheat,Sandy,42.3364,381.0274,60.0,18.0,78.0,0.9,0.5794,55.0,12.6636,0.0,0.0,0.006287,0.005344,0.0,0.0,0.0,0.0,0.0,0.0
2026-06-01 17:41:00,3,Maize,Clay,64.5479,645.4789,75.0,30.0,90.0,1.0,0.7677,65.0,0.4521,0.0,0.0,0.006287,0.007544,0.0,0.0,0.0,0.0,0.0,0.0
2026-06-01 17:42:00,1,Tomato,Loam,55.1807,386.265,70.0,25.0,85.0,0.7,0.6707,60.0,4.8193,0.0,0.0,0.006291,0.007235,0.0,0.0,0.0,0.0,0.0,0.0
2026-06-01 17:42:00,2,Wheat,Sandy,42.3358,381.0221,60.0,18.0,78.0,0.9,0.5794,55.0,12.6642,0.0,0.0,0.006291,0.005347,0.0,0.0,0.0,0.0,0.0,0.0
2026-06-01 17:42:00,3,Maize,Clay,64.5471,645.4714,75.0,30.0,90.0,1.0,0.7677,65.0,0.4529,0.0,0.0,0.006291,0.007549,0.0,0.0,0.0,0.0,0.0,0.0
2026-06-01 17:43:00,1,Tomato,Loam,55.1797,386.2577,70.0,25.0,85.0,0.7,0.6707,60.0,4.8203,0.0,0.0,0.006328,0.007277,0.0,0.0,0.0,0.0,0.0,0.0
2026-06-01 17:43:00,2,Wheat,Sandy,42.3352,381.0167,60.0,18.0,78.0,0.9,0.5794,55.0,12.6648,0.0,0.0,0.006328,0.005379,0.0,0.0,0.0,0.0,0.0,0.0
2026-06-01 17:43:00,3,Maize,Clay,64.5464,645.4638,75.0,30.0,90.0,1.0,0.7677,65.0,0.4536,0.0,0.0,0.006328,0.007594,0.0,0.0,0.0,0.0,0.0,0.0
2026-06-01 17:44:00,1,Tomato,Loam,55.1786,386.2503,70.0,25.0,85.0,0.7,0.6706,60.0,4.8214,0.0,0.0,0.006437,0.007403,0.0,0.0,0.0,0.0,0.0,0.0
2026-06-01 17:44:00,2,Wheat,Sandy,42.3346,381.0112,60.0,18.0,78.0,0.9,0.5794,55.0,12.6654,0.0,0.0,0.006437,0.005471,0.0,0.0,0.0,0.0,0.0,0.0
2026-06-01 17:44:00,3,Maize,Clay,64.5456,645.4561,75.0,30.0,90.0,1.0,0.7677,65.0,0.4544,0.0,0.0,0.006437,0.007724,0.0,0.0,0.0,0.0,0.0,0.0
2026-06-01 17:45:00,1,Tomato,Loam,55.1776,386.243,70.0,25.0,85.0,0.7,0.6706,60.0,4.8224,0.0,0.0,0.006366,0.007321,0.0,0.0,0.0,0.0,0.0,0.0
2026-06-01 17:45:00,2,Wheat,Sandy,42.334,381.0058,60.0,18.0,78.0,0.9,0.5794,55.0,12.666,0.0,0.0,0.006366,0.005411,0.0,0.0,0.0,0.0,0.0,0.0
2026-06-01 17:45:00,3,Maize,Clay,64.5448,645.4485,75.0,30.0,90.0,1.0,0.7677,65.0,0.4552,0.0,0.0,0.006366,0.007639,0.0,0.0,0.0,0.0,0.0,0.0
2026-06-01 17:46:00,1,Tomato,Loam,55.1766,386.236,70.0,25.0,85.0,0.7,0.6706,60.0,4.8234,0.0,0.0,0.006052,0.00696,0.0,0.0,0.0,0.0,0.0,0.0
2026-06-01 17:46:00,2,Wheat,Sandy,42.3334,381.0007,60.0,18.0,78.0,0.9,0.5794,55.0,12.6666,0.0,0.0,0.006052,0.005144,0.0,0.0,0.0,0.0,0.0,0.0
2026-06-01 17:46:00,3,Maize,Clay,64.5441,645.4412,75.0,30.0,90.0,1.0,0.7676,65.0,0.4559,0.0,0.0,0.006052,0.007262,0.0,0.0,0.0,0.0,0.0,0.0
2026-06-01 17:47:00,1,Tomato,Loam,55.1756,386.229,70.0,25.0,85.0,0.7,0.6706,60.0,4.8244,0.0,0.0,0.006102,0.007017,0.0,0.0,0.0,0.0,0.0,0.0
2026-06-01 17:47:00,2,Wheat,Sandy,42.3328,380.9955,60.0,18.0,78.0,0.9,0.5794,55.0,12.6672,0.0,0.0,0.006102,0.005187,0.0,0.0,0.0,0.0,0.0,0.0
2026-06-01 17:47:00,3,Maize,Clay,64.5434,645.4339,75.0,30.0,90.0,1.0,0.7676,65.0,0.4566,0.0,0.0,0.006102,0.007322,0.0,0.0,0.0,0.0,0.0,0.0
2026-06-01 17:48:00,1,Tomato,Loam,55.1746,386.2221,70.0,25.0,85.0,0.7,0.6705,60.0,4.8254,0.0,0.0,0.006032,0.006937,0.0,0.0,0.0,0.0,0.0,0.0
2026-06-01 17:48:00,2,Wheat,Sandy,42.3323,380.9904,60.0,18.0,78.0,0.9,0.5793,55.0,12.6677,0.0,0.0,0.006032,0.005127,0.0,0.0,0.0,0.0,0.0,0.0
2026-06-01 17:48:00,3,Maize,Clay,64.5427,645.4267,75.0,30.0,90.0,1.0,0.7676,65.0,0.4573,0.0,0.0,0.006032,0.007238,0.0,0.0,0.0,0.0,0.0,0.0
2026-06-01 17:49:00,1,Tomato,Loam,55.1736,386.2153,70.0,25.0,85.0,0.7,0.6705,60.0,4.8264,0.0,0.0,0.00588,0.006762,0.0,0.0,0.0,0.0,0.0,0.0
2026-06-01 17:49:00,2,Wheat,Sandy,42.3317,380.9854,60.0,18.0,78.0,0.9,0.5793,55.0,12.6683,0.0,0.0,0.00588,0.004998,0.0,0.0,0.0,0.0,0.0,0.0
2026-06-01 17:49:00,3,Maize,Clay,64.542,645.4196,75.0,30.0,90.0,1.0,0.7676,65.0,0.458,0.0,0.0,0.00588,0.007056,0.0,0.0,0.0,0.0,0.0,0.0
2026-06-01 17:50:00,1,Tomato,Loam,55.1726,386.2083,70.0,25.0,85.0,0.7,0.6705,60.0,4.8274,0.0,0.0,0.006045,0.006952,0.0,0.0,0.0,0.0,0.0,0.0
2026-06-01 17:50:00,2,Wheat,Sandy,42.3311,380.9803,60.0,18.0,78.0,0.9,0.5793,55.0,12.6689,0.0,0.0,0.006045,0.005138,0.0,0.0,0.0,0.0,0.0,0.0
2026-06-01 17:50:00,3,Maize,Clay,64.5412,645.4123,75.0,30.0,90.0,1.0,0.7676,65.0,0.4588,0.0,0.0,0.006045,0.007254,0.0,0.0,0.0,0.0,0.0,0.0
2026-06-01 17:51:00,1,Tomato,Loam,55.1717,386.2016,70.0,25.0,85.0,0.7,0.6705,60.0,4.8283,0.0,0.0,0.005816,0.006688,0.0,0.0,0.0,0.0,0.0,0.0
2026-06-01 17:51:00,2,Wheat,Sandy,42.3306,380.9754,60.0,18.0,78.0,0.9,0.5793,55.0,12.6694,0.0,0.0,0.005816,0.004944,0.0,0.0,0.0,0.0,0.0,0.0
2026-06-01 17:51:00,3,Maize,Clay,64.5405,645.4053,75.0,30.0,90.0,1.0,0.7676,65.0,0.4595,0.0,0.0,0.005816,0.006979,0.0,0.0,0.0,0.0,0.0,0.0
2026-06-01 17:52:00,1,Tomato,Loam,55.1707,386.1951,70.0,25.0,85.0,0.7,0.6705,60.0,4.8293,0.0,0.0,0.005642,0.006488,0.0,0.0,0.0,0.0,0.0,0.0
2026-06-01 17:52:00,2,Wheat,Sandy,42.3301,380.9706,60.0,18.0,78.0,0.9,0.5793,55.0,12.6699,0.0,0.0,0.005642,0.004796,0.0,0.0,0.0,0.0,0.0,0.0
2026-06-01 17:52:00,3,Maize,Clay,64.5399,645.3985,75.0,30.0,90.0,1.0,0.7676,65.0,0.4601,0.0,0.0,0.005642,0.00677,0.0,0.0,0.0,0.0,0.0,0.0
2026-06-01 17:53:00,1,Tomato,Loam,55.1698,386.1885,70.0,25.0,85.0,0.7,0.6704,60.0,4.8302,0.0,0.0,0.005734,0.006594,0.0,0.0,0.0,0.0,0.0,0.0
2026-06-01 17:53:00,2,Wheat,Sandy,42.3295,380.9657,60.0,18.0,78.0,0.9,0.5793,55.0,12.6705,0.0,0.0,0.005734,0.004874,0.0,0.0,0.0,0.0,0.0,0.0
2026-06-01 17:53:00,3,Maize,Clay,64.5392,645.3916,75.0,30.0,90.0,1.0,0.7675,65.0,0.4608,0.0,0.0,0.005734,0.006881,0.0,0.0,0.0,0.0,0.0,0.0
2026-06-01 17:54:00,1,Tomato,Loam,55.1688,386.1819,70.0,25.0,85.0,0.7,0.6704,60.0,4.8312,0.0,0.0,0.005764,0.006629,0.0,0.0,0.0,0.0,0.0,0.0
2026-06-01 17:54:00,2,Wheat,Sandy,42.329,380.9608,60.0,18.0,78.0,0.9,0.5793,55.0,12.671,0.0,0.0,0.005764,0.004899,0.0,0.0,0.0,0.0,0.0,0.0
2026-06-01 17:54:00,3,Maize,Clay,64.5385,645.3847,75.0,30.0,90.0,1.0,0.7675,65.0,0.4615,0.0,0.0,0.005764,0.006917,0.0,0.0,0.0,0.0,0.0,0.0
2026-06-01 17:55:00,1,Tomato,Loam,55.1679,386.1753,70.0,25.0,85.0,0.7,0.6704,60.0,4.8321,0.0,0.0,0.005765,0.00663,0.0,0.0,0.0,0.0,0.0,0.0
2026-06-01 17:55:00,2,Wheat,Sandy,42.3284,380.9559,60.0,18.0,78.0,0.9,0.5792,55.0,12.6716,0.0,0.0,0.005765,0.0049,0.0,0.0,0.0,0.0,0.0,0.0
2026-06-01 17:55:00,3,Maize,Clay,64.5378,645.3778,75.0,30.0,90.0,1.0,0.7675,65.0,0.4622,0.0,0.0,0.005765,0.006918,0.0,0.0,0.0,0.0,0.0,0.0
2026-06-01 17:56:00,1,Tomato,Loam,55.167,386.1687,70.0,25.0,85.0,0.7,0.6704,60.0,4.833,0.0,0.0,0.005775,0.006641,0.0,0.0,0.0,0.0,0.0,0.0
2026-06-01 17:56:00,2,Wheat,Sandy,42.3279,380.951,60.0,18.0,78.0,0.9,0.5792,55.0,12.6721,0.0,0.0,0.005775,0.004909,0.0,0.0,0.0,0.0,0.0,0.0
2026-06-01 17:56:00,3,Maize,Clay,64.5371,645.3709,75.0,30.0,90.0,1.0,0.7675,65.0,0.4629,0.0,0.0,0.005775,0.00693,0.0,0.0,0.0,0.0,0.0,0.0
2026-06-01 17:57:00,1,Tomato,Loam,55.166,386.1618,70.0,25.0,85.0,0.7,0.6704,60.0,4.834,0.0,0.0,0.005995,0.006894,0.0,0.0,0.0,0.0,0.0,0.0
2026-06-01 17:57:00,2,Wheat,Sandy,42.3273,380.9459,60.0,18.0,78.0,0.9,0.5792,55.0,12.6727,0.0,0.0,0.005995,0.005096,0.0,0.0,0.0,0.0,0.0,0.0
2026-06-01 17:57:00,3,Maize,Clay,64.5364,645.3637,75.0,30.0,90.0,1.0,0.7675,65.0,0.4636,0.0,0.0,0.005995,0.007194,0.0,0.0,0.0,0.0,0.0,0.0
2026-06-01 17:58:00,1,Tomato,Loam,55.1651,386.1556,70.0,25.0,85.0,0.7,0.6703,60.0,4.8349,0.0,0.0,0.005402,0.006212,0.0,0.0,0.0,0.0,0.0,0.0
2026-06-01 17:58:00,2,Wheat,Sandy,42.3268,380.9413,60.0,18.0,78.0,0.9,0.5792,55.0,12.6732,0.0,0.0,0.005402,0.004592,0.0,0.0,0.0,0.0,0.0,0.0
2026-06-01 17:58:00,3,Maize,Clay,64.5357,645.3572,75.0,30.0,90.0,1.0,0.7675,65.0,0.4643,0.0,0.0,0.005402,0.006482,0.0,0.0,0.0,0.0,0.0,0.0
2026-06-01 17:59:00,1,Tomato,Loam,55.1642,386.1492,70.0,25.0,85.0,0.7,0.6703,60.0,4.8358,0.0,0.0,0.005568,0.006403,0.0,0.0,0.0,0.0,0.0,0.0
2026-06-01 17:59:00,2,Wheat,Sandy,42.3263,380.9366,60.0,18.0,78.0,0.9,0.5792,55.0,12.6737,0.0,0.0,0.005568,0.004733,0.0,0.0,0.0,0.0,0.0,0.0
2026-06-01 17:59:00,3,Maize,Clay,64.5351,645.3505,75.0,30.0,90.0,1.0,0.7674,65.0,0.4649,0.0,0.0,0.005568,0.006682,0.0,0.0,0.0,0.0,0.0,0.0
2026-06-01 18:00:00,1,Tomato,Loam,55.2014,386.4096,70.0,25.0,85.0,0.7,0.6711,60.0,4.7986,0.0,0.0,0.005412,0.006224,0.2667,0.2667,0.0,0.0,0.0,0.0
2026-06-01 18:00:00,2,Wheat,Sandy,42.3554,381.1987,60.0,18.0,78.0,0.9,0.5799,55.0,12.6446,0.0,0.0,0.005412,0.0046,0.2667,0.2667,0.0,0.0,0.0,0.0
2026-06-01 18:00:00,3,Maize,Clay,64.5427,645.4273,75.0,30.0,90.0,1.0,0.7676,65.0,0.4573,0.0,0.0,0.005412,0.006494,0.2667,0.0833,0.0,0.1833,0.0,0.0
2026-06-01 18:01:00,1,Tomato,Loam,55.2385,386.6697,70.0,25.0,85.0,0.7,0.672,60.0,4.7615,0.0,0.0,0.005689,0.006542,0.2667,0.2667,0.0,0.0,0.0,0.0
2026-06-01 18:01:00,2,Wheat,Sandy,42.3845,381.4605,60.0,18.0,78.0,0.9,0.5806,55.0,12.6155,0.0,0.0,0.005689,0.004836,0.2667,0.2667,0.0,0.0,0.0,0.0
2026-06-01 18:01:00,3,Maize,Clay,64.5504,645.5038,75.0,30.0,90.0,1.0,0.7678,65.0,0.4496,0.0,0.0,0.005689,0.006827,0.2667,0.0833,0.0,0.1833,0.0,0.0
2026-06-01 18:02:00,1,Tomato,Loam,55.2758,386.9304,70.0,25.0,85.0,0.7,0.6728,60.0,4.7242,0.0,0.0,0.005217,0.006,0.2667,0.2667,0.0,0.0,0.0,0.0
2026-06-01 18:02:00,2,Wheat,Sandy,42.4136,381.7227,60.0,18.0,78.0,0.9,0.5813,55.0,12.5864,0.0,0.0,0.005217,0.004434,0.2667,0.2667,0.0,0.0,0.0,0.0
2026-06-01 18:02:00,3,Maize,Clay,64.5581,645.5809,75.0,30.0,90.0,1.0,0.768,65.0,0.4419,0.0,0.0,0.005217,0.00626,0.2667,0.0833,0.0,0.1833,0.0,0.0
2026-06-01 18:03:00,1,Tomato,Loam,55.313,387.1911,70.0,25.0,85.0,0.7,0.6736,60.0,4.687,0.0,0.0,0.005191,0.00597,0.2667,0.2667,0.0,0.0,0.0,0.0
2026-06-01 18:03:00,2,Wheat,Sandy,42.4428,381.985,60.0,18.0,78.0,0.9,0.582,55.0,12.5572,0.0,0.0,0.005191,0.004412,0.2667,0.2667,0.0,0.0,0.0,0.0
2026-06-01 18:03:00,3,Maize,Clay,64.5658,645.658,75.0,30.0,90.0,1.0,0.7681,65.0,0.4342,0.0,0.0,0.005191,0.006229,0.2667,0.0833,0.0,0.1833,0.0,0.0
2026-06-01 18:04:00,1,Tomato,Loam,55.3502,387.4514,70.0,25.0,85.0,0.7,0.6744,60.0,4.6498,0.0,0.0,0.005548,0.00638,0.2667,0.2667,0.0,0.0,0.0,0.0
2026-06-01 18:04:00,2,Wheat,Sandy,42.4719,382.247,60.0,18.0,78.0,0.9,0.5827,55.0,12.5281,0.0,0.0,0.005548,0.004716,0.2667,0.2667,0.0,0.0,0.0,0.0
2026-06-01 18:04:00,3,Maize,Clay,64.5735,645.7347,75.0,30.0,90.0,1.0,0.7683,65.0,0.4265,0.0,0.0,0.005548,0.006658,0.2667,0.0833,0.0,0.1833,0.0,0.0
2026-06-01 18:05:00,1,Tomato,Loam,55.3874,387.7117,70.0,25.0,85.0,0.7,0.6753,60.0,4.6126,0.0,0.0,0.005494,0.006318,0.2667,0.2667,0.0,0.0,0.0,0.0
2026-06-01 18:05:00,2,Wheat,Sandy,42.501,382.509,60.0,18.0,78.0,0.9,0.5834,55.0,12.499,0.0,0.0,0.005494,0.00467,0.2667,0.2667,0.0,0.0,0.0,0.0
2026-06-01 18:05:00,3,Maize,Clay,64.5811,645.8114,75.0,30.0,90.0,1.0,0.7685,65.0,0.4189,0.0,0.0,0.005494,0.006593,0.2667,0.0833,0.0,0.1833,0.0,0.0
2026-06-01 18:06:00,1,Tomato,Loam,55.4247,387.9726,70.0,25.0,85.0,0.7,0.6761,60.0,4.5753,0.0,0.0,0.004998,0.005748,0.2667,0.2667,0.0,0.0,0.0,0.0
2026-06-01 18:06:00,2,Wheat,Sandy,42.5302,382.7714,60.0,18.0,78.0,0.9,0.5841,55.0,12.4698,0.0,0.0,0.004998,0.004248,0.2667,0.2667,0.0,0.0,0.0,0.0
2026-06-01 18:06:00,3,Maize,Clay,64.5889,645.8887,75.0,30.0,90.0,1.0,0.7686,65.0,0.4111,0.0,0.0,0.004998,0.005998,0.2667,0.0833,0.0,0.1833,0.0,0.0
2026-06-01 18:07:00,1,Tomato,Loam,55.4619,388.2334,70.0,25.0,85.0,0.7,0.6769,60.0,4.5381,0.0,0.0,0.005133,0.005903,0.2667,0.2667,0.0,0.0,0.0,0.0
2026-06-01 18:07:00,2,Wheat,Sandy,42.5593,383.0337,60.0,18.0,78.0,0.9,0.5847,55.0,12.4407,0.0,0.0,0.005133,0.004363,0.2667,0.2667,0.0,0.0,0.0,0.0
2026-06-01 18:07:00,3,Maize,Clay,64.5966,645.9659,75.0,30.0,90.0,1.0,0.7688,65.0,0.4034,0.0,0.0,0.005133,0.00616,0.2667,0.0833,0.0,0.1833,0.0,0.0
2026-06-01 18:08:00,1,Tomato,Loam,55.4992,388.4941,70.0,25.0,85.0,0.7,0.6778,60.0,4.5008,0.0,0.0,0.005147,0.005919,0.2667,0.2667,0.0,0.0,0.0,0.0
2026-06-01 18:08:00,2,Wheat,Sandy,42.5884,383.296,60.0,18.0,78.0,0.9,0.5854,55.0,12.4116,0.0,0.0,0.005147,0.004375,0.2667,0.2667,0.0,0.0,0.0,0.0
2026-06-01 18:08:00,3,Maize,Clay,64.6043,646.0431,75.0,30.0,90.0,1.0,0.769,65.0,0.3957,0.0,0.0,0.005147,0.006176,0.2667,0.0833,0.0,0.1833,0.0,0.0
2026-06-01 18:09:00,1,Tomato,Loam,55.5364,388.7549,70.0,25.0,85.0,0.7,0.6786,60.0,4.4636,0.0,0.0,0.005133,0.005903,0.2667,0.2667,0.0,0.0,0.0,0.0
2026-06-01 18:09:00,2,Wheat,Sandy,42.6176,383.5583,60.0,18.0,78.0,0.9,0.5861,55.0,12.3824,0.0,0.0,0.005133,0.004363,0.2667,0.2667,0.0,0.0,0.0,0.0
2026-06-01 18:09:00,3,Maize,Clay,64.612,646.1203,75.0,30.0,90.0,1.0,0.7692,65.0,0.388,0.0,0.0,0.005133,0.00616,0.2667,0.0833,0.0,0.1833,0.0,0.0
2026-06-01 18:10:00,1,Tomato,Loam,55.5736,389.0155,70.0,25.0,85.0,0.7,0.6794,60.0,4.4264,0.0,0.0,0.005284,0.006077,0.2667,0.2667,0.0,0.0,0.0,0.0
2026-06-01 18:10:00,2,Wheat,Sandy,42.6467,383.8205,60.0,18.0,78.0,0.9,0.5868,55.0,12.3533,0.0,0.0,0.005284,0.004491,0.2667,0.2667,0.0,0.0,0.0,0.0
2026-06-01 18:10:00,3,Maize,Clay,64.6197,646.1973,75.0,30.0,90.0,1.0,0.7693,65.0,0.3803,0.0,0.0,0.005284,0.006341,0.2667,0.0833,0.0,0.1833,0.0,0.0
2026-06-01 18:11:00,1,Tomato,Loam,55.6109,389.2762,70.0,25.0,85.0,0.7,0.6802,60.0,4.3891,0.0,0.0,0.005229,0.006013,0.2667,0.2667,0.0,0.0,0.0,0.0
2026-06-01 18:11:00,2,Wheat,Sandy,42.6759,384.0827,60.0,18.0,78.0,0.9,0.5875,55.0,12.3241,0.0,0.0,0.005229,0.004445,0.2667,0.2667,0.0,0.0,0.0,0.0
2026-06-01 18:11:00,3,Maize,Clay,64.6274,646.2744,75.0,30.0,90.0,1.0,0.7695,65.0,0.3726,0.0,0.0,0.005229,0.006275,0.2667,0.0833,0.0,0.1833,0.0,0.0
2026-06-01 18:12:00,1,Tomato,Loam,55.6482,389.5372,70.0,25.0,85.0,0.7,0.6811,60.0,4.3518,0.0,0.0,0.004947,0.005689,0.2667,0.2667,0.0,0.0,0.0,0.0
2026-06-01 18:12:00,2,Wheat,Sandy,42.705,384.3452,60.0,18.0,78.0,0.9,0.5882,55.0,12.295,0.0,0.0,0.004947,0.004205,0.2667,0.2667,0.0,0.0,0.0,0.0
2026-06-01 18:12:00,3,Maize,Clay,64.6352,646.3518,75.0,30.0,90.0,1.0,0.7697,65.0,0.3648,0.0,0.0,0.004947,0.005936,0.2667,0.0833,0.0,0.1833,0.0,0.0
2026-06-01 18:13:00,1,Tomato,Loam,55.6854,389.7981,70.0,25.0,85.0,0.7,0.6819,60.0,4.3146,0.0,0.0,0.005034,0.005789,0.2667,0.2667,0.0,0.0,0.0,0.0
2026-06-01 18:13:00,2,Wheat,Sandy,42.7342,384.6076,60.0,18.0,78.0,0.9,0.5889,55.0,12.2658,0.0,0.0,0.005034,0.004279,0.2667,0.2667,0.0,0.0,0.0,0.0
2026-06-01 18:13:00,3,Maize,Clay,64.6429,646.4291,75.0,30.0,90.0,1.0,0.7698,65.0,0.3571,0.0,0.0,0.005034,0.006041,0.2667,0.0833,0.0,0.1833,0.0,0.0
2026-06-01 18:14:00,1,Tomato,Loam,55.7227,390.059,70.0,25.0,85.0,0.7,0.6827,60.0,4.2773,0.0,0.0,0.005041,0.005797,0.2667,0.2667,0.0,0.0,0.0,0.0
2026-06-01 18:14:00,2,Wheat,Sandy,42.7633,384.87,60.0,18.0,78.0,0.9,0.5896,55.0,12.2367,0.0,0.0,0.005041,0.004285,0.2667,0.2667,0.0,0.0,0.0,0.0
2026-06-01 18:14:00,3,Maize,Clay,64.6506,646.5064,75.0,30.0,90.0,1.0,0.77,65.0,0.3494,0.0,0.0,0.005041,0.006049,0.2667,0.0833,0.0,0.1833,0.0,0.0
2026-06-01 18:15:00,1,Tomato,Loam,55.7219,390.0535,70.0,25.0,85.0,0.7,0.6827,60.0,4.2781,0.0,0.0,0.00475,0.005462,0.0,0.0,0.0,0.0,0.0,0.0
2026-06-01 18:15:00,2,Wheat,Sandy,42.7629,384.866,60.0,18.0,78.0,0.9,0.5896,55.0,12.2371,0.0,0.0,0.00475,0.004037,0.0,0.0,0.0,0.0,0.0,0.0
2026-06-01 18:15:00,3,Maize,Clay,64.6501,646.5007,75.0,30.0,90.0,1.0,0.77,65.0,0.3499,0.0,0.0,0.00475,0.0057,0.0,0.0,0.0,0.0,0.0,0.0
2026-06-01 18:16:00,1,Tomato,Loam,55.7211,390.0479,70.0,25.0,85.0,0.7,0.6827,60.0,4.2789,0.0,0.0,0.004852,0.00558,0.0,0.0,0.0,0.0,0.0,0.0
2026-06-01 18:16:00,2,Wheat,Sandy,42.7624,384.8619,60.0,18.0,78.0,0.9,0.5896,55.0,12.2376,0.0,0.0,0.004852,0.004124,0.0,0.0,0.0,0.0,0.0,0.0
2026-06-01 18:16:00,3,Maize,Clay,64.6495,646.4949,75.0,30.0,90.0,1.0,0.77,65.0,0.3505,0.0,0.0,0.004852,0.005822,0.0,0.0,0.0,0.0,0.0,0.0
2026-06-01 18:17:00,1,Tomato,Loam,55.7203,390.0424,70.0,25.0,85.0,0.7,0.6827,60.0,4.2797,0.0,0.0,0.004765,0.00548,0.0,0.0,0.0,0.0,0.0,0.0
2026-06-01 18:17:00,2,Wheat,Sandy,42.762,384.8578,60.0,18.0,78.0,0.9,0.5896,55.0,12.238,0.0,0.0,0.004765,0.00405,0.0,0.0,0.0,0.0,0.0,0.0
2026-06-01 18:17:00,3,Maize,Clay,64.6489,646.4892,75.0,30.0,90.0,1.0,0.77,65.0,0.3511,0.0,0.0,0.004765,0.005718,0.0,0.0,0.0,0.0,0.0,0.0
2026-06-01 18:18:00,1,Tomato,Loam,55.7196,390.0369,70.0,25.0,85.0,0.7,0.6827,60.0,4.2804,0.0,0.0,0.00475,0.005462,0.0,0.0,0.0,0.0,0.0,0.0
2026-06-01 18:18:00,2,Wheat,Sandy,42.7615,384.8538,60.0,18.0,78.0,0.9,0.5896,55.0,12.2385,0.0,0.0,0.00475,0.004037,0.0,0.0,0.0,0.0,0.0,0.0
2026-06-01 18:18:00,3,Maize,Clay,64.6483,646.4835,75.0,30.0,90.0,1.0,0.77,65.0,0.3517,0.0,0.0,0.00475,0.0057,0.0,0.0,0.0,0.0,0.0,0.0
2026-06-01 18:19:00,1,Tomato,Loam,55.7188,390.0316,70.0,25.0,85.0,0.7,0.6826,60.0,4.2812,0.0,0.0,0.004582,0.005269,0.0,0.0,0.0,0.0,0.0,0.0
2026-06-01 18:19:00,2,Wheat,Sandy,42.7611,384.8499,60.0,18.0,78.0,0.9,0.5896,55.0,12.2389,0.0,0.0,0.004582,0.003895,0.0,0.0,0.0,0.0,0.0,0.0
2026-06-01 18:19:00,3,Maize,Clay,64.6478,646.478,75.0,30.0,90.0,1.0,0.77,65.0,0.3522,0.0,0.0,0.004582,0.005498,0.0,0.0,0.0,0.0,0.0,0.0
2026-06-01 18:20:00,1,Tomato,Loam,55.718,390.0261,70.0,25.0,85.0,0.7,0.6826,60.0,4.282,0.0,0.0,0.00482,0.005543,0.0,0.0,0.0,0.0,0.0,0.0
2026-06-01 18:20:00,2,Wheat,Sandy,42.7606,384.8458,60.0,18.0,78.0,0.9,0.5895,55.0,12.2394,0.0,0.0,0.00482,0.004097,0.0,0.0,0.0,0.0,0.0,0.0
2026-06-01 18:20:00,3,Maize,Clay,64.6472,646.4722,75.0,30.0,90.0,1.0,0.7699,65.0,0.3528,0.0,0.0,0.00482,0.005784,0.0,0.0,0.0,0.0,0.0,0.0
2026-06-01 18:21:00,1,Tomato,Loam,55.7173,390.0209,70.0,25.0,85.0,0.7,0.6826,60.0,4.2827,0.0,0.0,0.00448,0.005152,0.0,0.0,0.0,0.0,0.0,0.0
2026-06-01 18:21:00,2,Wheat,Sandy,42.7602,384.842,60.0,18.0,78.0,0.9,0.5895,55.0,12.2398,0.0,0.0,0.00448,0.003808,0.0,0.0,0.0,0.0,0.0,0.0
2026-06-01 18:21:00,3,Maize,Clay,64.6467,646.4668,75.0,30.0,90.0,1.0,0.7699,65.0,0.3533,0.0,0.0,0.00448,0.005376,0.0,0.0,0.0,0.0,0.0,0.0
2026-06-01 18:22:00,1,Tomato,Loam,55.7165,390.0157,70.0,25.0,85.0,0.7,0.6826,60.0,4.2835,0.0,0.0,0.004517,0.005195,0.0,0.0,0.0,0.0,0.0,0.0
2026-06-01 18:22:00,2,Wheat,Sandy,42.7598,384.8382,60.0,18.0,78.0,0.9,0.5895,55.0,12.2402,0.0,0.0,0.004517,0.003839,0.0,0.0,0.0,0.0,0.0,0.0
2026-06-01 18:22:00,3,Maize,Clay,64.6461,646.4614,75.0,30.0,90.0,1.0,0.7699,65.0,0.3539,0.0,0.0,0.004517,0.00542,0.0,0.0,0.0,0.0,0.0,0.0
2026-06-01 18:23:00,1,Tomato,Loam,55.7158,390.0104,70.0,25.0,85.0,0.7,0.6826,60.0,4.2842,0.0,0.0,0.004595,0.005284,0.0,0.0,0.0,0.0,0.0,0.0
2026-06-01 18:23:00,2,Wheat,Sandy,42.7594,384.8343,60.0,18.0,78.0,0.9,0.5895,55.0,12.2406,0.0,0.0,0.004595,0.003906,0.0,0.0,0.0,0.0,0.0,0.0
2026-06-01 18:23:00,3,Maize,Clay,64.6456,646.4559,75.0,30.0,90.0,1.0,0.7699,65.0,0.3544,0.0,0.0,0.004595,0.005514,0.0,0.0,0.0,0.0,0.0,0.0
2026-06-01 18:24:00,1,Tomato,Loam,55.715,390.0052,70.0,25.0,85.0,0.7,0.6826,60.0,4.285,0.0,0.0,0.004528,0.005207,0.0,0.0,0.0,0.0,0.0,0.0
2026-06-01 18:24:00,2,Wheat,Sandy,42.7589,384.8305,60.0,18.0,78.0,0.9,0.5895,55.0,12.2411,0.0,0.0,0.004528,0.003849,0.0,0.0,0.0,0.0,0.0,0.0
2026-06-01 18:24:00,3,Maize,Clay,64.645,646.4505,75.0,30.0,90.0,1.0,0.7699,65.0,0.355,0.0,0.0,0.004528,0.005434,0.0,0.0,0.0,0.0,0.0,0.0
2026-06-01 18:25:00,1,Tomato,Loam,55.7143,390.0002,70.0,25.0,85.0,0.7,0.6825,60.0,4.2857,0.0,0.0,0.004319,0.004967,0.0,0.0,0.0,0.0,0.0,0.0
2026-06-01 18:25:00,2,Wheat,Sandy,42.7585,384.8268,60.0,18.0,78.0,0.9,0.5895,55.0,12.2415,0.0,0.0,0.004319,0.003671,0.0,0.0,0.0,0.0,0.0,0.0
2026-06-01 18:25:00,3,Maize,Clay,64.6445,646.4453,75.0,30.0,90.0,1.0,0.7699,65.0,0.3555,0.0,0.0,0.004319,0.005183,0.0,0.0,0.0,0.0,0.0,0.0
2026-06-01 18:26:00,1,Tomato,Loam,55.7136,389.9953,70.0,25.0,85.0,0.7,0.6825,60.0,4.2864,0.0,0.0,0.004231,0.004866,0.0,0.0,0.0,0.0,0.0,0.0
2026-06-01 18:26:00,2,Wheat,Sandy,42.7581,384.8232,60.0,18.0,78.0,0.9,0.5895,55.0,12.2419,0.0,0.0,0.004231,0.003596,0.0,0.0,0.0,0.0,0.0,0.0
2026-06-01 18:26:00,3,Maize,Clay,64.644,646.4402,75.0,30.0,90.0,1.0,0.7699,65.0,0.356,0.0,0.0,0.004231,0.005077,0.0,0.0,0.0,0.0,0.0,0.0
2026-06-01 18:27:00,1,Tomato,Loam,55.7129,389.9902,70.0,25.0,85.0,0.7,0.6825,60.0,4.2871,0.0,0.0,0.004455,0.005123,0.0,0.0,0.0,0.0,0.0,0.0
2026-06-01 18:27:00,2,Wheat,Sandy,42.7577,384.8194,60.0,18.0,78.0,0.9,0.5895,55.0,12.2423,0.0,0.0,0.004455,0.003787,0.0,0.0,0.0,0.0,0.0,0.0
2026-06-01 18:27:00,3,Maize,Clay,64.6435,646.4349,75.0,30.0,90.0,1.0,0.7699,65.0,0.3565,0.0,0.0,0.004455,0.005346,0.0,0.0,0.0,0.0,0.0,0.0
2026-06-01 18:28:00,1,Tomato,Loam,55.7122,389.9853,70.0,25.0,85.0,0.7,0.6825,60.0,4.2878,0.0,0.0,0.004294,0.004938,0.0,0.0,0.0,0.0,0.0,0.0
2026-06-01 18:28:00,2,Wheat,Sandy,42.7573,384.8157,60.0,18.0,78.0,0.9,0.5895,55.0,12.2427,0.0,0.0,0.004294,0.00365,0.0,0.0,0.0,0.0,0.0,0.0
2026-06-01 18:28:00,3,Maize,Clay,64.643,646.4297,75.0,30.0,90.0,1.0,0.7698,65.0,0.357,0.0,0.0,0.004294,0.005153,0.0,0.0,0.0,0.0,0.0,0.0
2026-06-01 18:29:00,1,Tomato,Loam,55.7114,389.98,70.0,25.0,85.0,0.7,0.6825,60.0,4.2886,0.0,0.0,0.004619,0.005312,0.0,0.0,0.0,0.0,0.0,0.0
2026-06-01 18:29:00,2,Wheat,Sandy,42.7569,384.8118,60.0,18.0,78.0,0.9,0.5894,55.0,12.2431,0.0,0.0,0.004619,0.003926,0.0,0.0,0.0,0.0,0.0,0.0
2026-06-01 18:29:00,3,Maize,Clay,64.6424,646.4242,75.0,30.0,90.0,1.0,0.7698,65.0,0.3576,0.0,0.0,0.004619,0.005543,0.0,0.0,0.0,0.0,0.0,0.0
2026-06-01 18:30:00,1,Tomato,Loam,55.7108,389.9755,70.0,25.0,85.0,0.7,0.6825,60.0,4.2892,0.0,0.0,0.00389,0.004473,0.0,0.0,0.0,0.0,0.0,0.0
2026-06-01 18:30:00,2,Wheat,Sandy,42.7565,384.8085,60.0,18.0,78.0,0.9,0.5894,55.0,12.2435,0.0,0.0,0.00389,0.003306,0.0,0.0,0.0,0.0,0.0,0.0
2026-06-01 18:30:00,3,Maize,Clay,64.642,646.4195,75.0,30.0,90.0,1.0,0.7698,65.0,0.358,0.0,0.0,0.00389,0.004668,0.0,0.0,0.0,0.0,0.0,0.0
2026-06-01 18:31:00,1,Tomato,Loam,55.7101,389.9707,70.0,25.0,85.0,0.7,0.6824,60.0,4.2899,0.0,0.0,0.004189,0.004817,0.0,0.0,0.0,0.0,0.0,0.0
2026-06-01 18:31:00,2,Wheat,Sandy,42.7561,384.8049,60.0,18.0,78.0,0.9,0.5894,55.0,12.2439,0.0,0.0,0.004189,0.003561,0.0,0.0,0.0,0.0,0.0,0.0
2026-06-01 18:31:00,3,Maize,Clay,64.6414,646.4145,75.0,30.0,90.0,1.0,0.7698,65.0,0.3586,0.0,0.0,0.004189,0.005027,0.0,0.0,0.0,0.0,0.0,0.0
2026-06-01 18:32:00,1,Tomato,Loam,55.7095,389.9662,70.0,25.0,85.0,0.7,0.6824,60.0,4.2905,0.0,0.0,0.003895,0.004479,0.0,0.0,0.0,0.0,0.0,0.0
2026-06-01 18:32:00,2,Wheat,Sandy,42.7557,384.8016,60.0,18.0,78.0,0.9,0.5894,55.0,12.2443,0.0,0.0,0.003895,0.003311,0.0,0.0,0.0,0.0,0.0,0.0
2026-06-01 18:32:00,3,Maize,Clay,64.641,646.4098,75.0,30.0,90.0,1.0,0.7698,65.0,0.359,0.0,0.0,0.003895,0.004674,0.0,0.0,0.0,0.0,0.0,0.0
2026-06-01 18:33:00,1,Tomato,Loam,55.7088,389.9615,70.0,25.0,85.0,0.7,0.6824,60.0,4.2912,0.0,0.0,0.004062,0.004671,0.0,0.0,0.0,0.0,0.0,0.0
2026-06-01 18:33:00,2,Wheat,Sandy,42.7553,384.7981,60.0,18.0,78.0,0.9,0.5894,55.0,12.2447,0.0,0.0,0.004062,0.003453,0.0,0.0,0.0,0.0,0.0,0.0
2026-06-01 18:33:00,3,Maize,Clay,64.6405,646.4049,75.0,30.0,90.0,1.0,0.7698,65.0,0.3595,0.0,0.0,0.004062,0.004874,0.0,0.0,0.0,0.0,0.0,0.0
2026-06-01 18:34:00,1,Tomato,Loam,55.7081,389.957,70.0,25.0,85.0,0.7,0.6824,60.0,4.2919,0.0,0.0,0.003896,0.00448,0.0,0.0,0.0,0.0,0.0,0.0
2026-06-01 18:34:00,2,Wheat,Sandy,42.755,384.7948,60.0,18.0,78.0,0.9,0.5894,55.0,12.245,0.0,0.0,0.003896,0.003312,0.0,0.0,0.0,0.0,0.0,0.0
2026-06-01 18:34:00,3,Maize,Clay,64.64,646.4002,75.0,30.0,90.0,1.0,0.7698,65.0,0.36,0.0,0.0,0.003896,0.004675,0.0,0.0,0.0,0.0,0.0,0.0
2026-06-01 18:35:00,1,Tomato,Loam,55.7075,389.9526,70.0,25.0,85.0,0.7,0.6824,60.0,4.2925,0.0,0.0,0.003861,0.00444,0.0,0.0,0.0,0.0,0.0,0.0
2026-06-01 18:35:00,2,Wheat,Sandy,42.7546,384.7915,60.0,18.0,78.0,0.9,0.5894,55.0,12.2454,0.0,0.0,0.003861,0.003282,0.0,0.0,0.0,0.0,0.0,0.0
2026-06-01 18:35:00,3,Maize,Clay,64.6396,646.3956,75.0,30.0,90.0,1.0,0.7698,65.0,0.3604,0.0,0.0,0.003861,0.004633,0.0,0.0,0.0,0.0,0.0,0.0
2026-06-01 18:36:00,1,Tomato,Loam,55.7069,389.9483,70.0,25.0,85.0,0.7,0.6824,60.0,4.2931,0.0,0.0,0.003711,0.004268,0.0,0.0,0.0,0.0,0.0,0.0
2026-06-01 18:36:00,2,Wheat,Sandy,42.7543,384.7883,60.0,18.0,78.0,0.9,0.5894,55.0,12.2457,0.0,0.0,0.003711,0.003154,0.0,0.0,0.0,0.0,0.0,0.0
2026-06-01 18:36:00,3,Maize,Clay,64.6391,646.3911,75.0,30.0,90.0,1.0,0.7698,65.0,0.3609,0.0,0.0,0.003711,0.004453,0.0,0.0,0.0,0.0,0.0,0.0
2026-06-01 18:37:00,1,Tomato,Loam,55.7063,389.9438,70.0,25.0,85.0,0.7,0.6824,60.0,4.2937,0.0,0.0,0.00391,0.004496,0.0,0.0,0.0,0.0,0.0,0.0
2026-06-01 18:37:00,2,Wheat,Sandy,42.7539,384.785,60.0,18.0,78.0,0.9,0.5894,55.0,12.2461,0.0,0.0,0.00391,0.003324,0.0,0.0,0.0,0.0,0.0,0.0
2026-06-01 18:37:00,3,Maize,Clay,64.6386,646.3864,75.0,30.0,90.0,1.0,0.7697,65.0,0.3614,0.0,0.0,0.00391,0.004692,0.0,0.0,0.0,0.0,0.0,0.0
2026-06-01 18:38:00,1,Tomato,Loam,55.7056,389.9392,70.0,25.0,85.0,0.7,0.6823,60.0,4.2944,0.0,0.0,0.003986,0.004584,0.0,0.0,0.0,0.0,0.0,0.0
2026-06-01 18:38:00,2,Wheat,Sandy,42.7535,384.7816,60.0,18.0,78.0,0.9,0.5894,55.0,12.2465,0.0,0.0,0.003986,0.003388,0.0,0.0,0.0,0.0,0.0,0.0
2026-06-01 18:38:00,3,Maize,Clay,64.6382,646.3816,75.0,30.0,90.0,1.0,0.7697,65.0,0.3618,0.0,0.0,0.003986,0.004783,0.0,0.0,0.0,0.0,0.0,0.0
2026-06-01 18:39:00,1,Tomato,Loam,55.705,389.9347,70.0,25.0,85.0,0.7,0.6823,60.0,4.295,0.0,0.0,0.003941,0.004532,0.0,0.0,0.0,0.0,0.0,0.0
2026-06-01 18:39:00,2,Wheat,Sandy,42.7531,384.7783,60.0,18.0,78.0,0.9,0.5894,55.0,12.2469,0.0,0.0,0.003941,0.00335,0.0,0.0,0.0,0.0,0.0,0.0
2026-06-01 18:39:00,3,Maize,Clay,64.6377,646.3769,75.0,30.0,90.0,1.0,0.7697,65.0,0.3623,0.0,0.0,0.003941,0.004729,0.0,0.0,0.0,0.0,0.0,0.0
2026-06-01 18:40:00,1,Tomato,Loam,55.7043,389.9304,70.0,25.0,85.0,0.7,0.6823,60.0,4.2957,0.0,0.0,0.003771,0.004337,0.0,0.0,0.0,0.0,0.0,0.0
2026-06-01 18:40:00,2,Wheat,Sandy,42.7528,384.7751,60.0,18.0,78.0,0.9,0.5894,55.0,12.2472,0.0,0.0,0.003771,0.003205,0.0,0.0,0.0,0.0,0.0,0.0
2026-06-01 18:40:00,3,Maize,Clay,64.6372,646.3724,75.0,30.0,90.0,1.0,0.7697,65.0,0.3628,0.0,0.0,0.003771,0.004525,0.0,0.0,0.0,0.0,0.0,0.0
2026-06-01 18:41:00,1,Tomato,Loam,55.7038,389.9264,70.0,25.0,85.0,0.7,0.6823,60.0,4.2962,0.0,0.0,0.003498,0.004023,0.0,0.0,0.0,0.0,0.0,0.0
2026-06-01 18:41:00,2,Wheat,Sandy,42.7525,384.7721,60.0,18.0,78.0,0.9,0.5893,55.0,12.2475,0.0,0.0,0.003498,0.002973,0.0,0.0,0.0,0.0,0.0,0.0
2026-06-01 18:41:00,3,Maize,Clay,64.6368,646.3682,75.0,30.0,90.0,1.0,0.7697,65.0,0.3632,0.0,0.0,0.003498,0.004198,0.0,0.0,0.0,0.0,0.0,0.0
2026-06-01 18:42:00,1,Tomato,Loam,55.7031,389.922,70.0,25.0,85.0,0.7,0.6823,60.0,4.2969,0.0,0.0,0.003802,0.004372,0.0,0.0,0.0,0.0,0.0,0.0
2026-06-01 18:42:00,2,Wheat,Sandy,42.7521,384.7689,60.0,18.0,78.0,0.9,0.5893,55.0,12.2479,0.0,0.0,0.003802,0.003232,0.0,0.0,0.0,0.0,0.0,0.0
2026-06-01 18:42:00,3,Maize,Clay,64.6364,646.3636,75.0,30.0,90.0,1.0,0.7697,65.0,0.3636,0.0,0.0,0.003802,0.004562,0.0,0.0,0.0,0.0,0.0,0.0
2026-06-01 18:43:00,1,Tomato,Loam,55.7025,389.9178,70.0,25.0,85.0,0.7,0.6823,60.0,4.2975,0.0,0.0,0.003645,0.004192,0.0,0.0,0.0,0.0,0.0,0.0
2026-06-01 18:43:00,2,Wheat,Sandy,42.7518,384.7658,60.0,18.0,78.0,0.9,0.5893,55.0,12.2482,0.0,0.0,0.003645,0.003098,0.0,0.0,0.0,0.0,0.0,0.0
2026-06-01 18:43:00,3,Maize,Clay,64.6359,646.3592,75.0,30.0,90.0,1.0,0.7697,65.0,0.3641,0.0,0.0,0.003645,0.004374,0.0,0.0,0.0,0.0,0.0,0.0
2026-06-01 18:44:00,1,Tomato,Loam,55.7019,389.9135,70.0,25.0,85.0,0.7,0.6823,60.0,4.2981,0.0,0.0,0.003749,0.004311,0.0,0.0,0.0,0.0,0.0,0.0
2026-06-01 18:44:00,2,Wheat,Sandy,42.7514,384.7626,60.0,18.0,78.0,0.9,0.5893,55.0,12.2486,0.0,0.0,0.003749,0.003187,0.0,0.0,0.0,0.0,0.0,0.0
2026-06-01 18:44:00,3,Maize,Clay,64.6355,646.3547,75.0,30.0,90.0,1.0,0.7697,65.0,0.3645,0.0,0.0,0.003749,0.004499,0.0,0.0,0.0,0.0,0.0,0.0
2026-06-01 18:45:00,1,Tomato,Loam,55.7014,389.9096,70.0,25.0,85.0,0.7,0.6823,60.0,4.2986,0.0,0.0,0.003367,0.003872,0.0,0.0,0.0,0.0,0.0,0.0
2026-06-01 18:45:00,2,Wheat,Sandy,42.7511,384.7597,60.0,18.0,78.0,0.9,0.5893,55.0,12.2489,0.0,0.0,0.003367,0.002862,0.0,0.0,0.0,0.0,0.0,0.0
2026-06-01 18:45:00,3,Maize,Clay,64.6351,646.3507,75.0,30.0,90.0,1.0,0.7697,65.0,0.3649,0.0,0.0,0.003367,0.00404,0.0,0.0,0.0,0.0,0.0,0.0
2026-06-01 18:46:00,1,Tomato,Loam,55.7008,389.9058,70.0,25.0,85.0,0.7,0.6822,60.0,4.2992,0.0,0.0,0.003305,0.003801,0.0,0.0,0.0,0.0,0.0,0.0
2026-06-01 18:46:00,2,Wheat,Sandy,42.7508,384.7569,60.0,18.0,78.0,0.9,0.5893,55.0,12.2492,0.0,0.0,0.003305,0.002809,0.0,0.0,0.0,0.0,0.0,0.0
2026-06-01 18:46:00,3,Maize,Clay,64.6347,646.3467,75.0,30.0,90.0,1.0,0.7697,65.0,0.3653,0.0,0.0,0.003305,0.003966,0.0,0.0,0.0,0.0,0.0,0.0
2026-06-01 18:47:00,1,Tomato,Loam,55.7003,389.9019,70.0,25.0,85.0,0.7,0.6822,60.0,4.2997,0.0,0.0,0.003435,0.00395,0.0,0.0,0.0,0.0,0.0,0.0
2026-06-01 18:47:00,2,Wheat,Sandy,42.7504,384.754,60.0,18.0,78.0,0.9,0.5893,55.0,12.2496,0.0,0.0,0.003435,0.00292,0.0,0.0,0.0,0.0,0.0,0.0
2026-06-01 18:47:00,3,Maize,Clay,64.6343,646.3426,75.0,30.0,90.0,1.0,0.7697,65.0,0.3657,0.0,0.0,0.003435,0.004122,0.0,0.0,0.0,0.0,0.0,0.0
2026-06-01 18:48:00,1,Tomato,Loam,55.6997,389.8979,70.0,25.0,85.0,0.7,0.6822,60.0,4.3003,0.0,0.0,0.003484,0.004007,0.0,0.0,0.0,0.0,0.0,0.0
2026-06-01 18:48:00,2,Wheat,Sandy,42.7501,384.751,60.0,18.0,78.0,0.9,0.5893,55.0,12.2499,0.0,0.0,0.003484,0.002961,0.0,0.0,0.0,0.0,0.0,0.0
2026-06-01 18:48:00,3,Maize,Clay,64.6338,646.3384,75.0,30.0,90.0,1.0,0.7696,65.0,0.3662,0.0,0.0,0.003484,0.004181,0.0,0.0,0.0,0.0,0.0,0.0
2026-06-01 18:49:00,1,Tomato,Loam,55.6992,389.8941,70.0,25.0,85.0,0.7,0.6822,60.0,4.3008,0.0,0.0,0.003307,0.003803,0.0,0.0,0.0,0.0,0.0,0.0
2026-06-01 18:49:00,2,Wheat,Sandy,42.7498,384.7482,60.0,18.0,78.0,0.9,0.5893,55.0,12.2502,0.0,0.0,0.003307,0.002811,0.0,0.0,0.0,0.0,0.0,0.0
2026-06-01 18:49:00,3,Maize,Clay,64.6334,646.3344,75.0,30.0,90.0,1.0,0.7696,65.0,0.3666,0.0,0.0,0.003307,0.003968,0.0,0.0,0.0,0.0,0.0,0.0
2026-06-01 18:50:00,1,Tomato,Loam,55.6986,389.8903,70.0,25.0,85.0,0.7,0.6822,60.0,4.3014,0.0,0.0,0.003341,0.003842,0.0,0.0,0.0,0.0,0.0,0.0
2026-06-01 18:50:00,2,Wheat,Sandy,42.7495,384.7454,60.0,18.0,78.0,0.9,0.5893,55.0,12.2505,0.0,0.0,0.003341,0.00284,0.0,0.0,0.0,0.0,0.0,0.0
2026-06-01 18:50:00,3,Maize,Clay,64.633,646.3304,75.0,30.0,90.0,1.0,0.7696,65.0,0.367,0.0,0.0,0.003341,0.004009,0.0,0.0,0.0,0.0,0.0,0.0
2026-06-01 18:51:00,1,Tomato,Loam,55.6981,389.8867,70.0,25.0,85.0,0.7,0.6822,60.0,4.3019,0.0,0.0,0.003139,0.00361,0.0,0.0,0.0,0.0,0.0,0.0
2026-06-01 18:51:00,2,Wheat,Sandy,42.7492,384.7427,60.0,18.0,78.0,0.9,0.5893,55.0,12.2508,0.0,0.0,0.003139,0.002668,0.0,0.0,0.0,0.0,0.0,0.0
2026-06-01 18:51:00,3,Maize,Clay,64.6327,646.3266,75.0,30.0,90.0,1.0,0.7696,65.0,0.3673,0.0,0.0,0.003139,0.003767,0.0,0.0,0.0,0.0,0.0,0.0
2026-06-01 18:52:00,1,Tomato,Loam,55.6975,389.8827,70.0,25.0,85.0,0.7,0.6822,60.0,4.3025,0.0,0.0,0.003471,0.003992,0.0,0.0,0.0,0.0,0.0,0.0
2026-06-01 18:52:00,2,Wheat,Sandy,42.7489,384.7398,60.0,18.0,78.0,0.9,0.5893,55.0,12.2511,0.0,0.0,0.003471,0.00295,0.0,0.0,0.0,0.0,0.0,0.0
2026-06-01 18:52:00,3,Maize,Clay,64.6322,646.3224,75.0,30.0,90.0,1.0,0.7696,65.0,0.3678,0.0,0.0,0.003471,0.004165,0.0,0.0,0.0,0.0,0.0,0.0
2026-06-01 18:53:00,1,Tomato,Loam,55.697,389.8792,70.0,25.0,85.0,0.7,0.6822,60.0,4.303,0.0,0.0,0.003016,0.003468,0.0,0.0,0.0,0.0,0.0,0.0
2026-06-01 18:53:00,2,Wheat,Sandy,42.7486,384.7372,60.0,18.0,78.0,0.9,0.5893,55.0,12.2514,0.0,0.0,0.003016,0.002564,0.0,0.0,0.0,0.0,0.0,0.0
2026-06-01 18:53:00,3,Maize,Clay,64.6319,646.3188,75.0,30.0,90.0,1.0,0.7696,65.0,0.3681,0.0,0.0,0.003016,0.003619,0.0,0.0,0.0,0.0,0.0,0.0
2026-06-01 18:54:00,1,Tomato,Loam,55.6965,389.8758,70.0,25.0,85.0,0.7,0.6821,60.0,4.3035,0.0,0.0,0.002996,0.003445,0.0,0.0,0.0,0.0,0.0,0.0
2026-06-01 18:54:00,2,Wheat,Sandy,42.7483,384.7347,60.0,18.0,78.0,0.9,0.5892,55.0,12.2517,0.0,0.0,0.002996,0.002547,0.0,0.0,0.0,0.0,0.0,0.0
2026-06-01 18:54:00,3,Maize,Clay,64.6315,646.3152,75.0,30.0,90.0,1.0,0.7696,65.0,0.3685,0.0,0.0,0.002996,0.003595,0.0,0.0,0.0,0.0,0.0,0.0
2026-06-01 18:55:00,1,Tomato,Loam,55.696,389.8721,70.0,25.0,85.0,0.7,0.6821,60.0,4.304,0.0,0.0,0.0032,0.00368,0.0,0.0,0.0,0.0,0.0,0.0
2026-06-01 18:55:00,2,Wheat,Sandy,42.748,384.732,60.0,18.0,78.0,0.9,0.5892,55.0,12.252,0.0,0.0,0.0032,0.00272,0.0,0.0,0.0,0.0,0.0,0.0
2026-06-01 18:55:00,3,Maize,Clay,64.6311,646.3114,75.0,30.0,90.0,1.0,0.7696,65.0,0.3689,0.0,0.0,0.0032,0.00384,0.0,0.0,0.0,0.0,0.0,0.0
2026-06-01 18:56:00,1,Tomato,Loam,55.6956,389.869,70.0,25.0,85.0,0.7,0.6821,60.0,4.3044,0.0,0.0,0.002696,0.0031,0.0,0.0,0.0,0.0,0.0,0.0
2026-06-01 18:56:00,2,Wheat,Sandy,42.7477,384.7297,60.0,18.0,78.0,0.9,0.5892,55.0,12.2523,0.0,0.0,0.002696,0.002292,0.0,0.0,0.0,0.0,0.0,0.0
2026-06-01 18:56:00,3,Maize,Clay,64.6308,646.3082,75.0,30.0,90.0,1.0,0.7696,65.0,0.3692,0.0,0.0,0.002696,0.003235,0.0,0.0,0.0,0.0,0.0,0.0
2026-06-01 18:57:00,1,Tomato,Loam,55.6951,389.8654,70.0,25.0,85.0,0.7,0.6821,60.0,4.3049,0.0,0.0,0.003097,0.003562,0.0,0.0,0.0,0.0,0.0,0.0
2026-06-01 18:57:00,2,Wheat,Sandy,42.7475,384.7271,60.0,18.0,78.0,0.9,0.5892,55.0,12.2525,0.0,0.0,0.003097,0.002632,0.0,0.0,0.0,0.0,0.0,0.0
2026-06-01 18:57:00,3,Maize,Clay,64.6304,646.3045,75.0,30.0,90.0,1.0,0.7696,65.0,0.3696,0.0,0.0,0.003097,0.003716,0.0,0.0,0.0,0.0,0.0,0.0
2026-06-01 18:58:00,1,Tomato,Loam,55.6946,389.8619,70.0,25.0,85.0,0.7,0.6821,60.0,4.3054,0.0,0.0,0.003072,0.003533,0.0,0.0,0.0,0.0,0.0,0.0
2026-06-01 18:58:00,2,Wheat,Sandy,42.7472,384.7245,60.0,18.0,78.0,0.9,0.5892,55.0,12.2528,0.0,0.0,0.003072,0.002611,0.0,0.0,0.0,0.0,0.0,0.0
2026-06-01 18:58:00,3,Maize,Clay,64.6301,646.3008,75.0,30.0,90.0,1.0,0.7696,65.0,0.3699,0.0,0.0,0.003072,0.003686,0.0,0.0,0.0,0.0,0.0,0.0
2026-06-01 18:59:00,1,Tomato,Loam,55.6941,389.8584,70.0,25.0,85.0,0.7,0.6821,60.0,4.3059,0.0,0.0,0.003062,0.003521,0.0,0.0,0.0,0.0,0.0,0.0
2026-06-01 18:59:00,2,Wheat,Sandy,42.7469,384.7219,60.0,18.0,78.0,0.9,0.5892,55.0,12.2531,0.0,0.0,0.003062,0.002603,0.0,0.0,0.0,0.0,0.0,0.0
2026-06-01 18:59:00,3,Maize,Clay,64.6297,646.2971,75.0,30.0,90.0,1.0,0.7695,65.0,0.3703,0.0,0.0,0.003062,0.003674,0.0,0.0,0.0,0.0,0.0,0.0
2026-06-01 19:00:00,1,Tomato,Loam,55.6936,389.855,70.0,25.0,85.0,0.7,0.6821,60.0,4.3064,0.0,0.0,0.002918,0.003356,0.0,0.0,0.0,0.0,0.0,0.0
2026-06-01 19:00:00,2,Wheat,Sandy,42.7466,384.7194,60.0,18.0,78.0,0.9,0.5892,55.0,12.2534,0.0,0.0,0.002918,0.00248,0.0,0.0,0.0,0.0,0.0,0.0
2026-06-01 19:00:00,3,Maize,Clay,64.6294,646.2936,75.0,30.0,90.0,1.0,0.7695,65.0,0.3706,0.0,0.0,0.002918,0.003502,0.0,0.0,0.0,0.0,0.0,0.0
2026-06-01 19:01:00,1,Tomato,Loam,55.6931,389.8518,70.0,25.0,85.0,0.7,0.6821,60.0,4.3069,0.0,0.0,0.002742,0.003153,0.0,0.0,0.0,0.0,0.0,0.0
2026-06-01 19:01:00,2,Wheat,Sandy,42.7463,384.7171,60.0,18.0,78.0,0.9,0.5892,55.0,12.2537,0.0,0.0,0.002742,0.002331,0.0,0.0,0.0,0.0,0.0,0.0
2026-06-01 19:01:00,3,Maize,Clay,64.629,646.2903,75.0,30.0,90.0,1.0,0.7695,65.0,0.371,0.0,0.0,0.002742,0.00329,0.0,0.0,0.0,0.0,0.0,0.0
2026-06-01 19:02:00,1,Tomato,Loam,55.6927,389.8488,70.0,25.0,85.0,0.7,0.6821,60.0,4.3073,0.0,0.0,0.002566,0.002951,0.0,0.0,0.0,0.0,0.0,0.0
2026-06-01 19:02:00,2,Wheat,Sandy,42.7461,384.7149,60.0,18.0,78.0,0.9,0.5892,55.0,12.2539,0.0,0.0,0.002566,0.002181,0.0,0.0,0.0,0.0,0.0,0.0
2026-06-01 19:02:00,3,Maize,Clay,64.6287,646.2872,75.0,30.0,90.0,1.0,0.7695,65.0,0.3713,0.0,0.0,0.002566,0.003079,0.0,0.0,0.0,0.0,0.0,0.0
2026-06-01 19:03:00,1,Tomato,Loam,55.6922,389.8457,70.0,25.0,85.0,0.7,0.682,60.0,4.3078,0.0,0.0,0.002705,0.003111,0.0,0.0,0.0,0.0,0.0,0.0
2026-06-01 19:03:00,2,Wheat,Sandy,42.7458,384.7126,60.0,18.0,78.0,0.9,0.5892,55.0,12.2542,0.0,0.0,0.002705,0.002299,0.0,0.0,0.0,0.0,0.0,0.0
2026-06-01 19:03:00,3,Maize,Clay,64.6284,646.284,75.0,30.0,90.0,1.0,0.7695,65.0,0.3716,0.0,0.0,0.002705,0.003246,0.0,0.0,0.0,0.0,0.0,0.0
2026-06-01 19:04:00,1,Tomato,Loam,55.6918,389.8428,70.0,25.0,85.0,0.7,0.682,60.0,4.3082,0.0,0.0,0.002541,0.002922,0.0,0.0,0.0,0.0,0.0,0.0
2026-06-01 19:04:00,2,Wheat,Sandy,42.7456,384.7104,60.0,18.0,78.0,0.9,0.5892,55.0,12.2544,0.0,0.0,0.002541,0.00216,0.0,0.0,0.0,0.0,0.0,0.0
2026-06-01 19:04:00,3,Maize,Clay,64.6281,646.281,75.0,30.0,90.0,1.0,0.7695,65.0,0.3719,0.0,0.0,0.002541,0.003049,0.0,0.0,0.0,0.0,0.0,0.0
2026-06-01 19:05:00,1,Tomato,Loam,55.6914,389.8396,70.0,25.0,85.0,0.7,0.682,60.0,4.3086,0.0,0.0,0.002744,0.003156,0.0,0.0,0.0,0.0,0.0,0.0
2026-06-01 19:05:00,2,Wheat,Sandy,42.7453,384.7081,60.0,18.0,78.0,0.9,0.5892,55.0,12.2547,0.0,0.0,0.002744,0.002332,0.0,0.0,0.0,0.0,0.0,0.0
2026-06-01 19:05:00,3,Maize,Clay,64.6278,646.2777,75.0,30.0,90.0,1.0,0.7695,65.0,0.3722,0.0,0.0,0.002744,0.003293,0.0,0.0,0.0,0.0,0.0,0.0
2026-06-01 19:06:00,1,Tomato,Loam,55.6909,389.8365,70.0,25.0,85.0,0.7,0.682,60.0,4.3091,0.0,0.0,0.002707,0.003113,0.0,0.0,0.0,0.0,0.0,0.0
2026-06-01 19:06:00,2,Wheat,Sandy,42.7451,384.7058,60.0,18.0,78.0,0.9,0.5892,55.0,12.2549,0.0,0.0,0.002707,0.002301,0.0,0.0,0.0,0.0,0.0,0.0
2026-06-01 19:06:00,3,Maize,Clay,64.6274,646.2745,75.0,30.0,90.0,1.0,0.7695,65.0,0.3726,0.0,0.0,0.002707,0.003248,0.0,0.0,0.0,0.0,0.0,0.0
2026-06-01 19:07:00,1,Tomato,Loam,55.6905,389.8333,70.0,25.0,85.0,0.7,0.682,60.0,4.3095,0.0,0.0,0.002743,0.003154,0.0,0.0,0.0,0.0,0.0,0.0
2026-06-01 19:07:00,2,Wheat,Sandy,42.7448,384.7035,60.0,18.0,78.0,0.9,0.5892,55.0,12.2552,0.0,0.0,0.002743,0.002332,0.0,0.0,0.0,0.0,0.0,0.0
2026-06-01 19:07:00,3,Maize,Clay,64.6271,646.2712,75.0,30.0,90.0,1.0,0.7695,65.0,0.3729,0.0,0.0,0.002743,0.003292,0.0,0.0,0.0,0.0,0.0,0.0
2026-06-01 19:08:00,1,Tomato,Loam,55.69,389.8304,70.0,25.0,85.0,0.7,0.682,60.0,4.31,0.0,0.0,0.002565,0.00295,0.0,0.0,0.0,0.0,0.0,0.0
2026-06-01 19:08:00,2,Wheat,Sandy,42.7446,384.7013,60.0,18.0,78.0,0.9,0.5892,55.0,12.2554,0.0,0.0,0.002565,0.00218,0.0,0.0,0.0,0.0,0.0,0.0
2026-06-01 19:08:00,3,Maize,Clay,64.6268,646.2681,75.0,30.0,90.0,1.0,0.7695,65.0,0.3732,0.0,0.0,0.002565,0.003078,0.0,0.0,0.0,0.0,0.0,0.0
2026-06-01 19:09:00,1,Tomato,Loam,55.6896,389.8274,70.0,25.0,85.0,0.7,0.682,60.0,4.3104,0.0,0.0,0.002595,0.002984,0.0,0.0,0.0,0.0,0.0,0.0
2026-06-01 19:09:00,2,Wheat,Sandy,42.7443,384.6991,60.0,18.0,78.0,0.9,0.5892,55.0,12.2557,0.0,0.0,0.002595,0.002206,0.0,0.0,0.0,0.0,0.0,0.0
2026-06-01 19:09:00,3,Maize,Clay,64.6265,646.265,75.0,30.0,90.0,1.0,0.7695,65.0,0.3735,0.0,0.0,0.002595,0.003114,0.0,0.0,0.0,0.0,0.0,0.0
2026-06-01 19:10:00,1,Tomato,Loam,55.6892,389.8247,70.0,25.0,85.0,0.7,0.682,60.0,4.3108,0.0,0.0,0.002349,0.002701,0.0,0.0,0.0,0.0,0.0,0.0
2026-06-01 19:10:00,2,Wheat,Sandy,42.7441,384.6971,60.0,18.0,78.0,0.9,0.5891,55.0,12.2559,0.0,0.0,0.002349,0.001997,0.0,0.0,0.0,0.0,0.0,0.0
2026-06-01 19:10:00,3,Maize,Clay,64.6262,646.2622,75.0,30.0,90.0,1.0,0.7695,65.0,0.3738,0.0,0.0,0.002349,0.002819,0.0,0.0,0.0,0.0,0.0,0.0
2026-06-01 19:11:00,1,Tomato,Loam,55.6889,389.822,70.0,25.0,85.0,0.7,0.682,60.0,4.3111,0.0,0.0,0.002348,0.0027,0.0,0.0,0.0,0.0,0.0,0.0
2026-06-01 19:11:00,2,Wheat,Sandy,42.7439,384.6951,60.0,18.0,78.0,0.9,0.5891,55.0,12.2561,0.0,0.0,0.002348,0.001996,0.0,0.0,0.0,0.0,0.0,0.0
2026-06-01 19:11:00,3,Maize,Clay,64.6259,646.2594,75.0,30.0,90.0,1.0,0.7695,65.0,0.3741,0.0,0.0,0.002348,0.002818,0.0,0.0,0.0,0.0,0.0,0.0
2026-06-01 19:12:00,1,Tomato,Loam,55.6885,389.8193,70.0,25.0,85.0,0.7,0.682,60.0,4.3115,0.0,0.0,0.002364,0.002719,0.0,0.0,0.0,0.0,0.0,0.0
2026-06-01 19:12:00,2,Wheat,Sandy,42.7437,384.6931,60.0,18.0,78.0,0.9,0.5891,55.0,12.2563,0.0,0.0,0.002364,0.002009,0.0,0.0,0.0,0.0,0.0,0.0
2026-06-01 19:12:00,3,Maize,Clay,64.6257,646.2566,75.0,30.0,90.0,1.0,0.7695,65.0,0.3743,0.0,0.0,0.002364,0.002837,0.0,0.0,0.0,0.0,0.0,0.0
2026-06-01 19:13:00,1,Tomato,Loam,55.6881,389.8168,70.0,25.0,85.0,0.7,0.682,60.0,4.3119,0.0,0.0,0.002183,0.00251,0.0,0.0,0.0,0.0,0.0,0.0
2026-06-01 19:13:00,2,Wheat,Sandy,42.7435,384.6912,60.0,18.0,78.0,0.9,0.5891,55.0,12.2565,0.0,0.0,0.002183,0.001856,0.0,0.0,0.0,0.0,0.0,0.0
2026-06-01 19:13:00,3,Maize,Clay,64.6254,646.254,75.0,30.0,90.0,1.0,0.7695,65.0,0.3746,0.0,0.0,0.002183,0.00262,0.0,0.0,0.0,0.0,0.0,0.0
2026-06-01 19:14:00,1,Tomato,Loam,55.6877,389.8142,70.0,25.0,85.0,0.7,0.6819,60.0,4.3123,0.0,0.0,0.002254,0.002592,0.0,0.0,0.0,0.0,0.0,0.0
2026-06-01 19:14:00,2,Wheat,Sandy,42.7433,384.6893,60.0,18.0,78.0,0.9,0.5891,55.0,12.2567,0.0,0.0,0.002254,0.001916,0.0,0.0,0.0,0.0,0.0,0.0
2026-06-01 19:14:00,3,Maize,Clay,64.6251,646.2513,75.0,30.0,90.0,1.0,0.7694,65.0,0.3749,0.0,0.0,0.002254,0.002705,0.0,0.0,0.0,0.0,0.0,0.0
2026-06-01 19:15:00,1,Tomato,Loam,55.6874,389.8119,70.0,25.0,85.0,0.7,0.6819,60.0,4.3126,0.0,0.0,0.002004,0.002305,0.0,0.0,0.0,0.0,0.0,0.0
2026-06-01 19:15:00,2,Wheat,Sandy,42.7431,384.6876,60.0,18.0,78.0,0.9,0.5891,55.0,12.2569,0.0,0.0,0.002004,0.001703,0.0,0.0,0.0,0.0,0.0,0.0
2026-06-01 19:15:00,3,Maize,Clay,64.6249,646.2489,75.0,30.0,90.0,1.0,0.7694,65.0,0.3751,0.0,0.0,0.002004,0.002405,0.0,0.0,0.0,0.0,0.0,0.0
2026-06-01 19:16:00,1,Tomato,Loam,55.6871,389.8096,70.0,25.0,85.0,0.7,0.6819,60.0,4.3129,0.0,0.0,0.001986,0.002284,0.0,0.0,0.0,0.0,0.0,0.0
2026-06-01 19:16:00,2,Wheat,Sandy,42.7429,384.6859,60.0,18.0,78.0,0.9,0.5891,55.0,12.2571,0.0,0.0,0.001986,0.001688,0.0,0.0,0.0,0.0,0.0,0.0
2026-06-01 19:16:00,3,Maize,Clay,64.6247,646.2465,75.0,30.0,90.0,1.0,0.7694,65.0,0.3753,0.0,0.0,0.001986,0.002383,0.0,0.0,0.0,0.0,0.0,0.0
2026-06-01 19:17:00,1,Tomato,Loam,55.6867,389.807,70.0,25.0,85.0,0.7,0.6819,60.0,4.3133,0.0,0.0,0.002244,0.002581,0.0,0.0,0.0,0.0,0.0,0.0
2026-06-01 19:17:00,2,Wheat,Sandy,42.7427,384.684,60.0,18.0,78.0,0.9,0.5891,55.0,12.2573,0.0,0.0,0.002244,0.001907,0.0,0.0,0.0,0.0,0.0,0.0
2026-06-01 19:17:00,3,Maize,Clay,64.6244,646.2438,75.0,30.0,90.0,1.0,0.7694,65.0,0.3756,0.0,0.0,0.002244,0.002693,0.0,0.0,0.0,0.0,0.0,0.0
2026-06-01 19:18:00,1,Tomato,Loam,55.6864,389.8045,70.0,25.0,85.0,0.7,0.6819,60.0,4.3136,0.0,0.0,0.002159,0.002483,0.0,0.0,0.0,0.0,0.0,0.0
2026-06-01 19:18:00,2,Wheat,Sandy,42.7425,384.6822,60.0,18.0,78.0,0.9,0.5891,55.0,12.2575,0.0,0.0,0.002159,0.001835,0.0,0.0,0.0,0.0,0.0,0.0
2026-06-01 19:18:00,3,Maize,Clay,64.6241,646.2412,75.0,30.0,90.0,1.0,0.7694,65.0,0.3759,0.0,0.0,0.002159,0.002591,0.0,0.0,0.0,0.0,0.0,0.0
2026-06-01 19:19:00,1,Tomato,Loam,55.686,389.8023,70.0,25.0,85.0,0.7,0.6819,60.0,4.314,0.0,0.0,0.001893,0.002177,0.0,0.0,0.0,0.0,0.0,0.0
2026-06-01 19:19:00,2,Wheat,Sandy,42.7423,384.6806,60.0,18.0,78.0,0.9,0.5891,55.0,12.2577,0.0,0.0,0.001893,0.001609,0.0,0.0,0.0,0.0,0.0,0.0
2026-06-01 19:19:00,3,Maize,Clay,64.6239,646.2389,75.0,30.0,90.0,1.0,0.7694,65.0,0.3761,0.0,0.0,0.001893,0.002272,0.0,0.0,0.0,0.0,0.0,0.0
2026-06-01 19:20:00,1,Tomato,Loam,55.6857,389.7999,70.0,25.0,85.0,0.7,0.6819,60.0,4.3143,0.0,0.0,0.002097,0.002412,0.0,0.0,0.0,0.0,0.0,0.0
2026-06-01 19:20:00,2,Wheat,Sandy,42.7421,384.6788,60.0,18.0,78.0,0.9,0.5891,55.0,12.2579,0.0,0.0,0.002097,0.001782,0.0,0.0,0.0,0.0,0.0,0.0
2026-06-01 19:20:00,3,Maize,Clay,64.6236,646.2364,75.0,30.0,90.0,1.0,0.7694,65.0,0.3764,0.0,0.0,0.002097,0.002516,0.0,0.0,0.0,0.0,0.0,0.0
2026-06-01 19:21:00,1,Tomato,Loam,55.6854,389.7977,70.0,25.0,85.0,0.7,0.6819,60.0,4.3146,0.0,0.0,0.001932,0.002222,0.0,0.0,0.0,0.0,0.0,0.0
2026-06-01 19:21:00,2,Wheat,Sandy,42.7419,384.6772,60.0,18.0,78.0,0.9,0.5891,55.0,12.2581,0.0,0.0,0.001932,0.001642,0.0,0.0,0.0,0.0,0.0,0.0
2026-06-01 19:21:00,3,Maize,Clay,64.6234,646.2341,75.0,30.0,90.0,1.0,0.7694,65.0,0.3766,0.0,0.0,0.001932,0.002318,0.0,0.0,0.0,0.0,0.0,0.0
2026-06-01 19:22:00,1,Tomato,Loam,55.6851,389.7954,70.0,25.0,85.0,0.7,0.6819,60.0,4.3149,0.0,0.0,0.001972,0.002268,0.0,0.0,0.0,0.0,0.0,0.0
2026-06-01 19:22:00,2,Wheat,Sandy,42.7417,384.6755,60.0,18.0,78.0,0.9,0.5891,55.0,12.2583,0.0,0.0,0.001972,0.001676,0.0,0.0,0.0,0.0,0.0,0.0
2026-06-01 19:22:00,3,Maize,Clay,64.6232,646.2317,75.0,30.0,90.0,1.0,0.7694,65.0,0.3768,0.0,0.0,0.001972,0.002366,0.0,0.0,0.0,0.0,0.0,0.0
2026-06-01 19:23:00,1,Tomato,Loam,55.6847,389.7929,70.0,25.0,85.0,0.7,0.6819,60.0,4.3153,0.0,0.0,0.002152,0.002475,0.0,0.0,0.0,0.0,0.0,0.0
2026-06-01 19:23:00,2,Wheat,Sandy,42.7415,384.6737,60.0,18.0,78.0,0.9,0.5891,55.0,12.2585,0.0,0.0,0.002152,0.001829,0.0,0.0,0.0,0.0,0.0,0.0
2026-06-01 19:23:00,3,Maize,Clay,64.6229,646.2291,75.0,30.0,90.0,1.0,0.7694,65.0,0.3771,0.0,0.0,0.002152,0.002582,0.0,0.0,0.0,0.0,0.0,0.0
2026-06-01 19:24:00,1,Tomato,Loam,55.6844,389.7906,70.0,25.0,85.0,0.7,0.6819,60.0,4.3156,0.0,0.0,0.002038,0.002344,0.0,0.0,0.0,0.0,0.0,0.0
2026-06-01 19:24:00,2,Wheat,Sandy,42.7413,384.672,60.0,18.0,78.0,0.9,0.5891,55.0,12.2587,0.0,0.0,0.002038,0.001732,0.0,0.0,0.0,0.0,0.0,0.0
2026-06-01 19:24:00,3,Maize,Clay,64.6227,646.2267,75.0,30.0,90.0,1.0,0.7694,65.0,0.3773,0.0,0.0,0.002038,0.002446,0.0,0.0,0.0,0.0,0.0,0.0
2026-06-01 19:25:00,1,Tomato,Loam,55.684,389.7883,70.0,25.0,85.0,0.7,0.6819,60.0,4.316,0.0,0.0,0.001991,0.00229,0.0,0.0,0.0,0.0,0.0,0.0
2026-06-01 19:25:00,2,Wheat,Sandy,42.7411,384.6703,60.0,18.0,78.0,0.9,0.5891,55.0,12.2589,0.0,0.0,0.001991,0.001692,0.0,0.0,0.0,0.0,0.0,0.0
2026-06-01 19:25:00,3,Maize,Clay,64.6224,646.2243,75.0,30.0,90.0,1.0,0.7694,65.0,0.3776,0.0,0.0,0.001991,0.002389,0.0,0.0,0.0,0.0,0.0,0.0
2026-06-01 19:26:00,1,Tomato,Loam,55.6837,389.7858,70.0,25.0,85.0,0.7,0.6819,60.0,4.3163,0.0,0.0,0.002198,0.002528,0.0,0.0,0.0,0.0,0.0,0.0
2026-06-01 19:26:00,2,Wheat,Sandy,42.7409,384.6684,60.0,18.0,78.0,0.9,0.5891,55.0,12.2591,0.0,0.0,0.002198,0.001868,0.0,0.0,0.0,0.0,0.0,0.0
2026-06-01 19:26:00,3,Maize,Clay,64.6222,646.2217,75.0,30.0,90.0,1.0,0.7694,65.0,0.3778,0.0,0.0,0.002198,0.002638,0.0,0.0,0.0,0.0,0.0,0.0
2026-06-01 19:27:00,1,Tomato,Loam,55.6834,389.7838,70.0,25.0,85.0,0.7,0.6819,60.0,4.3166,0.0,0.0,0.001779,0.002046,0.0,0.0,0.0,0.0,0.0,0.0
2026-06-01 19:27:00,2,Wheat,Sandy,42.7408,384.6669,60.0,18.0,78.0,0.9,0.5891,55.0,12.2592,0.0,0.0,0.001779,0.001512,0.0,0.0,0.0,0.0,0.0,0.0
2026-06-01 19:27:00,3,Maize,Clay,64.622,646.2196,75.0,30.0,90.0,1.0,0.7694,65.0,0.378,0.0,0.0,0.001779,0.002135,0.0,0.0,0.0,0.0,0.0,0.0
2026-06-01 19:28:00,1,Tomato,Loam,55.6831,389.7819,70.0,25.0,85.0,0.7,0.6818,60.0,4.3169,0.0,0.0,0.001657,0.001906,0.0,0.0,0.0,0.0,0.0,0.0
2026-06-01 19:28:00,2,Wheat,Sandy,42.7406,384.6655,60.0,18.0,78.0,0.9,0.5891,55.0,12.2594,0.0,0.0,0.001657,0.001408,0.0,0.0,0.0,0.0,0.0,0.0
2026-06-01 19:28:00,3,Maize,Clay,64.6218,646.2176,75.0,30.0,90.0,1.0,0.7694,65.0,0.3782,0.0,0.0,0.001657,0.001988,0.0,0.0,0.0,0.0,0.0,0.0
2026-06-01 19:29:00,1,Tomato,Loam,55.6829,389.78,70.0,25.0,85.0,0.7,0.6818,60.0,4.3171,0.0,0.0,0.001663,0.001912,0.0,0.0,0.0,0.0,0.0,0.0
2026-06-01 19:29:00,2,Wheat,Sandy,42.7405,384.6641,60.0,18.0,78.0,0.9,0.5891,55.0,12.2595,0.0,0.0,0.001663,0.001414,0.0,0.0,0.0,0.0,0.0,0.0
2026-06-01 19:29:00,3,Maize,Clay,64.6216,646.2156,75.0,30.0,90.0,1.0,0.7694,65.0,0.3784,0.0,0.0,0.001663,0.001996,0.0,0.0,0.0,0.0,0.0,0.0
2026-06-01 19:30:00,1,Tomato,Loam,55.6826,389.7781,70.0,25.0,85.0,0.7,0.6818,60.0,4.3174,0.0,0.0,0.001672,0.001923,0.0,0.0,0.0,0.0,0.0,0.0
2026-06-01 19:30:00,2,Wheat,Sandy,42.7403,384.6627,60.0,18.0,78.0,0.9,0.5891,55.0,12.2597,0.0,0.0,0.001672,0.001421,0.0,0.0,0.0,0.0,0.0,0.0
2026-06-01 19:30:00,3,Maize,Clay,64.6214,646.2136,75.0,30.0,90.0,1.0,0.7694,65.0,0.3786,0.0,0.0,0.001672,0.002006,0.0,0.0,0.0,0.0,0.0,0.0
2026-06-01 19:31:00,1,Tomato,Loam,55.6824,389.7765,70.0,25.0,85.0,0.7,0.6818,60.0,4.3176,0.0,0.0,0.001353,0.001556,0.0,0.0,0.0,0.0,0.0,0.0
2026-06-01 19:31:00,2,Wheat,Sandy,42.7402,384.6615,60.0,18.0,78.0,0.9,0.5891,55.0,12.2598,0.0,0.0,0.001353,0.00115,0.0,0.0,0.0,0.0,0.0,0.0
2026-06-01 19:31:00,3,Maize,Clay,64.6212,646.212,75.0,30.0,90.0,1.0,0.7694,65.0,0.3788,0.0,0.0,0.001353,0.001624,0.0,0.0,0.0,0.0,0.0,0.0
2026-06-01 19:32:00,1,Tomato,Loam,55.6821,389.7745,70.0,25.0,85.0,0.7,0.6818,60.0,4.3179,0.0,0.0,0.001697,0.001952,0.0,0.0,0.0,0.0,0.0,0.0
2026-06-01 19:32:00,2,Wheat,Sandy,42.74,384.6601,60.0,18.0,78.0,0.9,0.589,55.0,12.26,0.0,0.0,0.001697,0.001442,0.0,0.0,0.0,0.0,0.0,0.0
2026-06-01 19:32:00,3,Maize,Clay,64.621,646.21,75.0,30.0,90.0,1.0,0.7694,65.0,0.379,0.0,0.0,0.001697,0.002036,0.0,0.0,0.0,0.0,0.0,0.0
2026-06-01 19:33:00,1,Tomato,Loam,55.6818,389.7726,70.0,25.0,85.0,0.7,0.6818,60.0,4.3182,0.0,0.0,0.001643,0.001889,0.0,0.0,0.0,0.0,0.0,0.0
2026-06-01 19:33:00,2,Wheat,Sandy,42.7399,384.6587,60.0,18.0,78.0,0.9,0.589,55.0,12.2601,0.0,0.0,0.001643,0.001397,0.0,0.0,0.0,0.0,0.0,0.0
2026-06-01 19:33:00,3,Maize,Clay,64.6208,646.208,75.0,30.0,90.0,1.0,0.7694,65.0,0.3792,0.0,0.0,0.001643,0.001972,0.0,0.0,0.0,0.0,0.0,0.0
2026-06-01 19:34:00,1,Tomato,Loam,55.6815,389.7705,70.0,25.0,85.0,0.7,0.6818,60.0,4.3185,0.0,0.0,0.001825,0.002099,0.0,0.0,0.0,0.0,0.0,0.0
2026-06-01 19:34:00,2,Wheat,Sandy,42.7397,384.6571,60.0,18.0,78.0,0.9,0.589,55.0,12.2603,0.0,0.0,0.001825,0.001551,0.0,0.0,0.0,0.0,0.0,0.0
2026-06-01 19:34:00,3,Maize,Clay,64.6206,646.2058,75.0,30.0,90.0,1.0,0.7693,65.0,0.3794,0.0,0.0,0.001825,0.00219,0.0,0.0,0.0,0.0,0.0,0.0
2026-06-01 19:35:00,1,Tomato,Loam,55.6812,389.7685,70.0,25.0,85.0,0.7,0.6818,60.0,4.3188,0.0,0.0,0.001728,0.001987,0.0,0.0,0.0,0.0,0.0,0.0
2026-06-01 19:35:00,2,Wheat,Sandy,42.7395,384.6556,60.0,18.0,78.0,0.9,0.589,55.0,12.2605,0.0,0.0,0.001728,0.001469,0.0,0.0,0.0,0.0,0.0,0.0
2026-06-01 19:35:00,3,Maize,Clay,64.6204,646.2037,75.0,30.0,90.0,1.0,0.7693,65.0,0.3796,0.0,0.0,0.001728,0.002074,0.0,0.0,0.0,0.0,0.0,0.0
2026-06-01 19:36:00,1,Tomato,Loam,55.681,389.7667,70.0,25.0,85.0,0.7,0.6818,60.0,4.319,0.0,0.0,0.001588,0.001826,0.0,0.0,0.0,0.0,0.0,0.0
2026-06-01 19:36:00,2,Wheat,Sandy,42.7394,384.6542,60.0,18.0,78.0,0.9,0.589,55.0,12.2606,0.0,0.0,0.001588,0.00135,0.0,0.0,0.0,0.0,0.0,0.0
2026-06-01 19:36:00,3,Maize,Clay,64.6202,646.2018,75.0,30.0,90.0,1.0,0.7693,65.0,0.3798,0.0,0.0,0.001588,0.001906,0.0,0.0,0.0,0.0,0.0,0.0
2026-06-01 19:37:00,1,Tomato,Loam,55.6807,389.7647,70.0,25.0,85.0,0.7,0.6818,60.0,4.3193,0.0,0.0,0.00178,0.002047,0.0,0.0,0.0,0.0,0.0,0.0
2026-06-01 19:37:00,2,Wheat,Sandy,42.7392,384.6527,60.0,18.0,78.0,0.9,0.589,55.0,12.2608,0.0,0.0,0.00178,0.001513,0.0,0.0,0.0,0.0,0.0,0.0
2026-06-01 19:37:00,3,Maize,Clay,64.62,646.1997,75.0,30.0,90.0,1.0,0.7693,65.0,0.38,0.0,0.0,0.00178,0.002136,0.0,0.0,0.0,0.0,0.0,0.0
2026-06-01 19:38:00,1,Tomato,Loam,55.6804,389.7626,70.0,25.0,85.0,0.7,0.6818,60.0,4.3196,0.0,0.0,0.001798,0.002068,0.0,0.0,0.0,0.0,0.0,0.0
2026-06-01 19:38:00,2,Wheat,Sandy,42.739,384.6512,60.0,18.0,78.0,0.9,0.589,55.0,12.261,0.0,0.0,0.001798,0.001528,0.0,0.0,0.0,0.0,0.0,0.0
2026-06-01 19:38:00,3,Maize,Clay,64.6198,646.1975,75.0,30.0,90.0,1.0,0.7693,65.0,0.3802,0.0,0.0,0.001798,0.002158,0.0,0.0,0.0,0.0,0.0,0.0
2026-06-01 19:39:00,1,Tomato,Loam,55.6801,389.7608,70.0,25.0,85.0,0.7,0.6818,60.0,4.3199,0.0,0.0,0.00159,0.001828,0.0,0.0,0.0,0.0,0.0,0.0
2026-06-01 19:39:00,2,Wheat,Sandy,42.7389,384.6498,60.0,18.0,78.0,0.9,0.589,55.0,12.2611,0.0,0.0,0.00159,0.001352,0.0,0.0,0.0,0.0,0.0,0.0
2026-06-01 19:39:00,3,Maize,Clay,64.6196,646.1956,75.0,30.0,90.0,1.0,0.7693,65.0,0.3804,0.0,0.0,0.00159,0.001908,0.0,0.0,0.0,0.0,0.0,0.0
2026-06-01 19:40:00,1,Tomato,Loam,55.6799,389.759,70.0,25.0,85.0,0.7,0.6818,60.0,4.3201,0.0,0.0,0.001582,0.001819,0.0,0.0,0.0,0.0,0.0,0.0
2026-06-01 19:40:00,2,Wheat,Sandy,42.7387,384.6485,60.0,18.0,78.0,0.9,0.589,55.0,12.2613,0.0,0.0,0.001582,0.001345,0.0,0.0,0.0,0.0,0.0,0.0
2026-06-01 19:40:00,3,Maize,Clay,64.6194,646.1937,75.0,30.0,90.0,1.0,0.7693,65.0,0.3806,0.0,0.0,0.001582,0.001898,0.0,0.0,0.0,0.0,0.0,0.0
2026-06-01 19:41:00,1,Tomato,Loam,55.6796,389.7575,70.0,25.0,85.0,0.7,0.6818,60.0,4.3204,0.0,0.0,0.001344,0.001546,0.0,0.0,0.0,0.0,0.0,0.0
2026-06-01 19:41:00,2,Wheat,Sandy,42.7386,384.6474,60.0,18.0,78.0,0.9,0.589,55.0,12.2614,0.0,0.0,0.001344,0.001142,0.0,0.0,0.0,0.0,0.0,0.0
2026-06-01 19:41:00,3,Maize,Clay,64.6192,646.1921,75.0,30.0,90.0,1.0,0.7693,65.0,0.3808,0.0,0.0,0.001344,0.001613,0.0,0.0,0.0,0.0,0.0,0.0
2026-06-01 19:42:00,1,Tomato,Loam,55.6794,389.7558,70.0,25.0,85.0,0.7,0.6818,60.0,4.3206,0.0,0.0,0.001507,0.001733,0.0,0.0,0.0,0.0,0.0,0.0
2026-06-01 19:42:00,2,Wheat,Sandy,42.7385,384.6461,60.0,18.0,78.0,0.9,0.589,55.0,12.2615,0.0,0.0,0.001507,0.001281,0.0,0.0,0.0,0.0,0.0,0.0
2026-06-01 19:42:00,3,Maize,Clay,64.619,646.1903,75.0,30.0,90.0,1.0,0.7693,65.0,0.381,0.0,0.0,0.001507,0.001808,0.0,0.0,0.0,0.0,0.0,0.0
2026-06-01 19:43:00,1,Tomato,Loam,55.6791,389.754,70.0,25.0,85.0,0.7,0.6818,60.0,4.3209,0.0,0.0,0.001584,0.001822,0.0,0.0,0.0,0.0,0.0,0.0
2026-06-01 19:43:00,2,Wheat,Sandy,42.7383,384.6448,60.0,18.0,78.0,0.9,0.589,55.0,12.2617,0.0,0.0,0.001584,0.001346,0.0,0.0,0.0,0.0,0.0,0.0
2026-06-01 19:43:00,3,Maize,Clay,64.6188,646.1884,75.0,30.0,90.0,1.0,0.7693,65.0,0.3812,0.0,0.0,0.001584,0.001901,0.0,0.0,0.0,0.0,0.0,0.0
2026-06-01 19:44:00,1,Tomato,Loam,55.6789,389.7521,70.0,25.0,85.0,0.7,0.6818,60.0,4.3211,0.0,0.0,0.001669,0.001919,0.0,0.0,0.0,0.0,0.0,0.0
2026-06-01 19:44:00,2,Wheat,Sandy,42.7382,384.6434,60.0,18.0,78.0,0.9,0.589,55.0,12.2618,0.0,0.0,0.001669,0.001419,0.0,0.0,0.0,0.0,0.0,0.0
2026-06-01 19:44:00,3,Maize,Clay,64.6186,646.1864,75.0,30.0,90.0,1.0,0.7693,65.0,0.3814,0.0,0.0,0.001669,0.002003,0.0,0.0,0.0,0.0,0.0,0.0
2026-06-01 19:45:00,1,Tomato,Loam,55.6786,389.7504,70.0,25.0,85.0,0.7,0.6817,60.0,4.3214,0.0,0.0,0.001481,0.001703,0.0,0.0,0.0,0.0,0.0,0.0
2026-06-01 19:45:00,2,Wheat,Sandy,42.738,384.6421,60.0,18.0,78.0,0.9,0.589,55.0,12.262,0.0,0.0,0.001481,0.001259,0.0,0.0,0.0,0.0,0.0,0.0
2026-06-01 19:45:00,3,Maize,Clay,64.6185,646.1846,75.0,30.0,90.0,1.0,0.7693,65.0,0.3815,0.0,0.0,0.001481,0.001777,0.0,0.0,0.0,0.0,0.0,0.0
2026-06-01 19:46:00,1,Tomato,Loam,55.6784,389.7486,70.0,25.0,85.0,0.7,0.6817,60.0,4.3216,0.0,0.0,0.001581,0.001818,0.0,0.0,0.0,0.0,0.0,0.0
2026-06-01 19:46:00,2,Wheat,Sandy,42.7379,384.6408,60.0,18.0,78.0,0.9,0.589,55.0,12.2621,0.0,0.0,0.001581,0.001344,0.0,0.0,0.0,0.0,0.0,0.0
2026-06-01 19:46:00,3,Maize,Clay,64.6183,646.1827,75.0,30.0,90.0,1.0,0.7693,65.0,0.3817,0.0,0.0,0.001581,0.001897,0.0,0.0,0.0,0.0,0.0,0.0
2026-06-01 19:47:00,1,Tomato,Loam,55.6781,389.7469,70.0,25.0,85.0,0.7,0.6817,60.0,4.3219,0.0,0.0,0.001473,0.001694,0.0,0.0,0.0,0.0,0.0,0.0
2026-06-01 19:47:00,2,Wheat,Sandy,42.7377,384.6395,60.0,18.0,78.0,0.9,0.589,55.0,12.2623,0.0,0.0,0.001473,0.001252,0.0,0.0,0.0,0.0,0.0,0.0
2026-06-01 19:47:00,3,Maize,Clay,64.6181,646.1809,75.0,30.0,90.0,1.0,0.7693,65.0,0.3819,0.0,0.0,0.001473,0.001768,0.0,0.0,0.0,0.0,0.0,0.0
2026-06-01 19:48:00,1,Tomato,Loam,55.6779,389.745,70.0,25.0,85.0,0.7,0.6817,60.0,4.3221,0.0,0.0,0.001673,0.001924,0.0,0.0,0.0,0.0,0.0,0.0
2026-06-01 19:48:00,2,Wheat,Sandy,42.7376,384.6381,60.0,18.0,78.0,0.9,0.589,55.0,12.2624,0.0,0.0,0.001673,0.001422,0.0,0.0,0.0,0.0,0.0,0.0
2026-06-01 19:48:00,3,Maize,Clay,64.6179,646.1789,75.0,30.0,90.0,1.0,0.7693,65.0,0.3821,0.0,0.0,0.001673,0.002008,0.0,0.0,0.0,0.0,0.0,0.0
2026-06-01 19:49:00,1,Tomato,Loam,55.6776,389.743,70.0,25.0,85.0,0.7,0.6817,60.0,4.3224,0.0,0.0,0.001733,0.001993,0.0,0.0,0.0,0.0,0.0,0.0
2026-06-01 19:49:00,2,Wheat,Sandy,42.7374,384.6366,60.0,18.0,78.0,0.9,0.589,55.0,12.2626,0.0,0.0,0.001733,0.001473,0.0,0.0,0.0,0.0,0.0,0.0
2026-06-01 19:49:00,3,Maize,Clay,64.6177,646.1768,75.0,30.0,90.0,1.0,0.7693,65.0,0.3823,0.0,0.0,0.001733,0.00208,0.0,0.0,0.0,0.0,0.0,0.0
2026-06-01 19:50:00,1,Tomato,Loam,55.6773,389.741,70.0,25.0,85.0,0.7,0.6817,60.0,4.3227,0.0,0.0,0.001716,0.001973,0.0,0.0,0.0,0.0,0.0,0.0
2026-06-01 19:50:00,2,Wheat,Sandy,42.7372,384.6351,60.0,18.0,78.0,0.9,0.589,55.0,12.2628,0.0,0.0,0.001716,0.001459,0.0,0.0,0.0,0.0,0.0,0.0
2026-06-01 19:50:00,3,Maize,Clay,64.6175,646.1747,75.0,30.0,90.0,1.0,0.7693,65.0,0.3825,0.0,0.0,0.001716,0.002059,0.0,0.0,0.0,0.0,0.0,0.0
2026-06-01 19:51:00,1,Tomato,Loam,55.677,389.7391,70.0,25.0,85.0,0.7,0.6817,60.0,4.323,0.0,0.0,0.001643,0.001889,0.0,0.0,0.0,0.0,0.0,0.0
2026-06-01 19:51:00,2,Wheat,Sandy,42.7371,384.6337,60.0,18.0,78.0,0.9,0.589,55.0,12.2629,0.0,0.0,0.001643,0.001397,0.0,0.0,0.0,0.0,0.0,0.0
2026-06-01 19:51:00,3,Maize,Clay,64.6173,646.1727,75.0,30.0,90.0,1.0,0.7693,65.0,0.3827,0.0,0.0,0.001643,0.001972,0.0,0.0,0.0,0.0,0.0,0.0
2026-06-01 19:52:00,1,Tomato,Loam,55.6768,389.7375,70.0,25.0,85.0,0.7,0.6817,60.0,4.3232,0.0,0.0,0.00138,0.001587,0.0,0.0,0.0,0.0,0.0,0.0
2026-06-01 19:52:00,2,Wheat,Sandy,42.7369,384.6325,60.0,18.0,78.0,0.9,0.589,55.0,12.2631,0.0,0.0,0.00138,0.001173,0.0,0.0,0.0,0.0,0.0,0.0
2026-06-01 19:52:00,3,Maize,Clay,64.6171,646.171,75.0,30.0,90.0,1.0,0.7693,65.0,0.3829,0.0,0.0,0.00138,0.001656,0.0,0.0,0.0,0.0,0.0,0.0
2026-06-01 19:53:00,1,Tomato,Loam,55.6765,389.7358,70.0,25.0,85.0,0.7,0.6817,60.0,4.3235,0.0,0.0,0.001498,0.001723,0.0,0.0,0.0,0.0,0.0,0.0
2026-06-01 19:53:00,2,Wheat,Sandy,42.7368,384.6312,60.0,18.0,78.0,0.9,0.589,55.0,12.2632,0.0,0.0,0.001498,0.001273,0.0,0.0,0.0,0.0,0.0,0.0
2026-06-01 19:53:00,3,Maize,Clay,64.6169,646.1692,75.0,30.0,90.0,1.0,0.7693,65.0,0.3831,0.0,0.0,0.001498,0.001798,0.0,0.0,0.0,0.0,0.0,0.0
2026-06-01 19:54:00,1,Tomato,Loam,55.6763,389.734,70.0,25.0,85.0,0.7,0.6817,60.0,4.3237,0.0,0.0,0.001598,0.001838,0.0,0.0,0.0,0.0,0.0,0.0
2026-06-01 19:54:00,2,Wheat,Sandy,42.7366,384.6298,60.0,18.0,78.0,0.9,0.589,55.0,12.2634,0.0,0.0,0.001598,0.001358,0.0,0.0,0.0,0.0,0.0,0.0
2026-06-01 19:54:00,3,Maize,Clay,64.6167,646.1673,75.0,30.0,90.0,1.0,0.7693,65.0,0.3833,0.0,0.0,0.001598,0.001918,0.0,0.0,0.0,0.0,0.0,0.0
2026-06-01 19:55:00,1,Tomato,Loam,55.676,389.7322,70.0,25.0,85.0,0.7,0.6817,60.0,4.324,0.0,0.0,0.001587,0.001825,0.0,0.0,0.0,0.0,0.0,0.0
2026-06-01 19:55:00,2,Wheat,Sandy,42.7365,384.6285,60.0,18.0,78.0,0.9,0.589,55.0,12.2635,0.0,0.0,0.001587,0.001349,0.0,0.0,0.0,0.0,0.0,0.0
2026-06-01 19:55:00,3,Maize,Clay,64.6165,646.1654,75.0,30.0,90.0,1.0,0.7693,65.0,0.3835,0.0,0.0,0.001587,0.001904,0.0,0.0,0.0,0.0,0.0,0.0
2026-06-01 19:56:00,1,Tomato,Loam,55.6758,389.7303,70.0,25.0,85.0,0.7,0.6817,60.0,4.3242,0.0,0.0,0.00162,0.001863,0.0,0.0,0.0,0.0,0.0,0.0
2026-06-01 19:56:00,2,Wheat,Sandy,42.7363,384.6271,60.0,18.0,78.0,0.9,0.589,55.0,12.2637,0.0,0.0,0.00162,0.001377,0.0,0.0,0.0,0.0,0.0,0.0
2026-06-01 19:56:00,3,Maize,Clay,64.6163,646.1635,75.0,30.0,90.0,1.0,0.7693,65.0,0.3837,0.0,0.0,0.00162,0.001944,0.0,0.0,0.0,0.0,0.0,0.0
2026-06-01 19:57:00,1,Tomato,Loam,55.6755,389.7283,70.0,25.0,85.0,0.7,0.6817,60.0,4.3245,0.0,0.0,0.001767,0.002032,0.0,0.0,0.0,0.0,0.0,0.0
2026-06-01 19:57:00,2,Wheat,Sandy,42.7362,384.6256,60.0,18.0,78.0,0.9,0.589,55.0,12.2638,0.0,0.0,0.001767,0.001502,0.0,0.0,0.0,0.0,0.0,0.0
2026-06-01 19:57:00,3,Maize,Clay,64.6161,646.1614,75.0,30.0,90.0,1.0,0.7692,65.0,0.3839,0.0,0.0,0.001767,0.00212,0.0,0.0,0.0,0.0,0.0,0.0
2026-06-01 19:58:00,1,Tomato,Loam,55.6752,389.7263,70.0,25.0,85.0,0.7,0.6817,60.0,4.3248,0.0,0.0,0.001724,0.001983,0.0,0.0,0.0,0.0,0.0,0.0
2026-06-01 19:58:00,2,Wheat,Sandy,42.736,384.6241,60.0,18.0,78.0,0.9,0.589,55.0,12.264,0.0,0.0,0.001724,0.001465,0.0,0.0,0.0,0.0,0.0,0.0
2026-06-01 19:58:00,3,Maize,Clay,64.6159,646.1593,75.0,30.0,90.0,1.0,0.7692,65.0,0.3841,0.0,0.0,0.001724,0.002069,0.0,0.0,0.0,0.0,0.0,0.0
2026-06-01 19:59:00,1,Tomato,Loam,55.675,389.7247,70.0,25.0,85.0,0.7,0.6817,60.0,4.325,0.0,0.0,0.001414,0.001626,0.0,0.0,0.0,0.0,0.0,0.0
2026-06-01 19:59:00,2,Wheat,Sandy,42.7359,384.6229,60.0,18.0,78.0,0.9,0.5889,55.0,12.2641,0.0,0.0,0.001414,0.001202,0.0,0.0,0.0,0.0,0.0,0.0
2026-06-01 19:59:00,3,Maize,Clay,64.6158,646.1576,75.0,30.0,90.0,1.0,0.7692,65.0,0.3842,0.0,0.0,0.001414,0.001697,0.0,0.0,0.0,0.0,0.0,0.0
2026-06-01 20:00:00,1,Tomato,Loam,55.6747,389.7229,70.0,25.0,85.0,0.7,0.6817,60.0,4.3253,0.0,0.0,0.001604,0.001845,0.0,0.0,0.0,0.0,0.0,0.0
2026-06-01 20:00:00,2,Wheat,Sandy,42.7357,384.6215,60.0,18.0,78.0,0.9,0.5889,55.0,12.2643,0.0,0.0,0.001604,0.001363,0.0,0.0,0.0,0.0,0.0,0.0
2026-06-01 20:00:00,3,Maize,Clay,64.6156,646.1557,75.0,30.0,90.0,1.0,0.7692,65.0,0.3844,0.0,0.0,0.001604,0.001925,0.0,0.0,0.0,0.0,0.0,0.0
2026-06-01 20:01:00,1,Tomato,Loam,55.6744,389.721,70.0,25.0,85.0,0.7,0.6817,60.0,4.3256,0.0,0.0,0.001609,0.00185,0.0,0.0,0.0,0.0,0.0,0.0
2026-06-01 20:01:00,2,Wheat,Sandy,42.7356,384.6201,60.0,18.0,78.0,0.9,0.5889,55.0,12.2644,0.0,0.0,0.001609,0.001368,0.0,0.0,0.0,0.0,0.0,0.0
2026-06-01 20:01:00,3,Maize,Clay,64.6154,646.1538,75.0,30.0,90.0,1.0,0.7692,65.0,0.3846,0.0,0.0,0.001609,0.001931,0.0,0.0,0.0,0.0,0.0,0.0
2026-06-01 20:02:00,1,Tomato,Loam,55.6742,389.7194,70.0,25.0,85.0,0.7,0.6816,60.0,4.3258,0.0,0.0,0.001435,0.00165,0.0,0.0,0.0,0.0,0.0,0.0
2026-06-01 20:02:00,2,Wheat,Sandy,42.7354,384.6189,60.0,18.0,78.0,0.9,0.5889,55.0,12.2646,0.0,0.0,0.001435,0.00122,0.0,0.0,0.0,0.0,0.0,0.0
2026-06-01 20:02:00,3,Maize,Clay,64.6152,646.1521,75.0,30.0,90.0,1.0,0.7692,65.0,0.3848,0.0,0.0,0.001435,0.001722,0.0,0.0,0.0,0.0,0.0,0.0
2026-06-01 20:03:00,1,Tomato,Loam,55.6739,389.7175,70.0,25.0,85.0,0.7,0.6816,60.0,4.3261,0.0,0.0,0.001662,0.001911,0.0,0.0,0.0,0.0,0.0,0.0
2026-06-01 20:03:00,2,Wheat,Sandy,42.7353,384.6175,60.0,18.0,78.0,0.9,0.5889,55.0,12.2647,0.0,0.0,0.001662,0.001413,0.0,0.0,0.0,0.0,0.0,0.0
2026-06-01 20:03:00,3,Maize,Clay,64.615,646.1501,75.0,30.0,90.0,1.0,0.7692,65.0,0.385,0.0,0.0,0.001662,0.001994,0.0,0.0,0.0,0.0,0.0,0.0
2026-06-01 20:04:00,1,Tomato,Loam,55.6737,389.7158,70.0,25.0,85.0,0.7,0.6816,60.0,4.3263,0.0,0.0,0.001474,0.001695,0.0,0.0,0.0,0.0,0.0,0.0
2026-06-01 20:04:00,2,Wheat,Sandy,42.7351,384.6162,60.0,18.0,78.0,0.9,0.5889,55.0,12.2649,0.0,0.0,0.001474,0.001253,0.0,0.0,0.0,0.0,0.0,0.0
2026-06-01 20:04:00,3,Maize,Clay,64.6148,646.1483,75.0,30.0,90.0,1.0,0.7692,65.0,0.3852,0.0,0.0,0.001474,0.001769,0.0,0.0,0.0,0.0,0.0,0.0
2026-06-01 20:05:00,1,Tomato,Loam,55.6735,389.7143,70.0,25.0,85.0,0.7,0.6816,60.0,4.3265,0.0,0.0,0.001314,0.001511,0.0,0.0,0.0,0.0,0.0,0.0
2026-06-01 20:05:00,2,Wheat,Sandy,42.735,384.6151,60.0,18.0,78.0,0.9,0.5889,55.0,12.265,0.0,0.0,0.001314,0.001117,0.0,0.0,0.0,0.0,0.0,0.0
2026-06-01 20:05:00,3,Maize,Clay,64.6147,646.1467,75.0,30.0,90.0,1.0,0.7692,65.0,0.3853,0.0,0.0,0.001314,0.001577,0.0,0.0,0.0,0.0,0.0,0.0
2026-06-01 20:06:00,1,Tomato,Loam,55.6732,389.7125,70.0,25.0,85.0,0.7,0.6816,60.0,4.3268,0.0,0.0,0.001585,0.001823,0.0,0.0,0.0,0.0,0.0,0.0
2026-06-01 20:06:00,2,Wheat,Sandy,42.7349,384.6138,60.0,18.0,78.0,0.9,0.5889,55.0,12.2651,0.0,0.0,0.001585,0.001347,0.0,0.0,0.0,0.0,0.0,0.0
2026-06-01 20:06:00,3,Maize,Clay,64.6145,646.1448,75.0,30.0,90.0,1.0,0.7692,65.0,0.3855,0.0,0.0,0.001585,0.001902,0.0,0.0,0.0,0.0,0.0,0.0
2026-06-01 20:07:00,1,Tomato,Loam,55.673,389.7107,70.0,25.0,85.0,0.7,0.6816,60.0,4.327,0.0,0.0,0.001561,0.001795,0.0,0.0,0.0,0.0,0.0,0.0
2026-06-01 20:07:00,2,Wheat,Sandy,42.7347,384.6125,60.0,18.0,78.0,0.9,0.5889,55.0,12.2653,0.0,0.0,0.001561,0.001327,0.0,0.0,0.0,0.0,0.0,0.0
2026-06-01 20:07:00,3,Maize,Clay,64.6143,646.1429,75.0,30.0,90.0,1.0,0.7692,65.0,0.3857,0.0,0.0,0.001561,0.001873,0.0,0.0,0.0,0.0,0.0,0.0
2026-06-01 20:08:00,1,Tomato,Loam,55.6727,389.7089,70.0,25.0,85.0,0.7,0.6816,60.0,4.3273,0.0,0.0,0.001524,0.001753,0.0,0.0,0.0,0.0,0.0,0.0
2026-06-01 20:08:00,2,Wheat,Sandy,42.7346,384.6112,60.0,18.0,78.0,0.9,0.5889,55.0,12.2654,0.0,0.0,0.001524,0.001295,0.0,0.0,0.0,0.0,0.0,0.0
2026-06-01 20:08:00,3,Maize,Clay,64.6141,646.1411,75.0,30.0,90.0,1.0,0.7692,65.0,0.3859,0.0,0.0,0.001524,0.001829,0.0,0.0,0.0,0.0,0.0,0.0
2026-06-01 20:09:00,1,Tomato,Loam,55.6725,389.7072,70.0,25.0,85.0,0.7,0.6816,60.0,4.3275,0.0,0.0,0.001487,0.00171,0.0,0.0,0.0,0.0,0.0,0.0
2026-06-01 20:09:00,2,Wheat,Sandy,42.7344,384.6099,60.0,18.0,78.0,0.9,0.5889,55.0,12.2656,0.0,0.0,0.001487,0.001264,0.0,0.0,0.0,0.0,0.0,0.0
2026-06-01 20:09:00,3,Maize,Clay,64.6139,646.1393,75.0,30.0,90.0,1.0,0.7692,65.0,0.3861,0.0,0.0,0.001487,0.001784,0.0,0.0,0.0,0.0,0.0,0.0
2026-06-01 20:10:00,1,Tomato,Loam,55.6722,389.7056,70.0,25.0,85.0,0.7,0.6816,60.0,4.3278,0.0,0.0,0.001369,0.001574,0.0,0.0,0.0,0.0,0.0,0.0
2026-06-01 20:10:00,2,Wheat,Sandy,42.7343,384.6087,60.0,18.0,78.0,0.9,0.5889,55.0,12.2657,0.0,0.0,0.001369,0.001164,0.0,0.0,0.0,0.0,0.0,0.0
2026-06-01 20:10:00,3,Maize,Clay,64.6138,646.1377,75.0,30.0,90.0,1.0,0.7692,65.0,0.3862,0.0,0.0,0.001369,0.001643,0.0,0.0,0.0,0.0,0.0,0.0
2026-06-01 20:11:00,1,Tomato,Loam,55.672,389.7038,70.0,25.0,85.0,0.7,0.6816,60.0,4.328,0.0,0.0,0.001559,0.001793,0.0,0.0,0.0,0.0,0.0,0.0
2026-06-01 20:11:00,2,Wheat,Sandy,42.7342,384.6074,60.0,18.0,78.0,0.9,0.5889,55.0,12.2658,0.0,0.0,0.001559,0.001325,0.0,0.0,0.0,0.0,0.0,0.0
2026-06-01 20:11:00,3,Maize,Clay,64.6136,646.1358,75.0,30.0,90.0,1.0,0.7692,65.0,0.3864,0.0,0.0,0.001559,0.001871,0.0,0.0,0.0,0.0,0.0,0.0
2026-06-01 20:12:00,1,Tomato,Loam,55.6717,389.7021,70.0,25.0,85.0,0.7,0.6816,60.0,4.3283,0.0,0.0,0.001481,0.001703,0.0,0.0,0.0,0.0,0.0,0.0
2026-06-01 20:12:00,2,Wheat,Sandy,42.734,384.6061,60.0,18.0,78.0,0.9,0.5889,55.0,12.266,0.0,0.0,0.001481,0.001259,0.0,0.0,0.0,0.0,0.0,0.0
2026-06-01 20:12:00,3,Maize,Clay,64.6134,646.134,75.0,30.0,90.0,1.0,0.7692,65.0,0.3866,0.0,0.0,0.001481,0.001777,0.0,0.0,0.0,0.0,0.0,0.0
2026-06-01 20:13:00,1,Tomato,Loam,55.6715,389.7004,70.0,25.0,85.0,0.7,0.6816,60.0,4.3285,0.0,0.0,0.001503,0.001728,0.0,0.0,0.0,0.0,0.0,0.0
2026-06-01 20:13:00,2,Wheat,Sandy,42.7339,384.6048,60.0,18.0,78.0,0.9,0.5889,55.0,12.2661,0.0,0.0,0.001503,0.001278,0.0,0.0,0.0,0.0,0.0,0.0
2026-06-01 20:13:00,3,Maize,Clay,64.6132,646.1322,75.0,30.0,90.0,1.0,0.7692,65.0,0.3868,0.0,0.0,0.001503,0.001804,0.0,0.0,0.0,0.0,0.0,0.0
2026-06-01 20:14:00,1,Tomato,Loam,55.6712,389.6987,70.0,25.0,85.0,0.7,0.6816,60.0,4.3288,0.0,0.0,0.001453,0.001671,0.0,0.0,0.0,0.0,0.0,0.0
2026-06-01 20:14:00,2,Wheat,Sandy,42.7337,384.6036,60.0,18.0,78.0,0.9,0.5889,55.0,12.2663,0.0,0.0,0.001453,0.001235,0.0,0.0,0.0,0.0,0.0,0.0
2026-06-01 20:14:00,3,Maize,Clay,64.613,646.1305,75.0,30.0,90.0,1.0,0.7692,65.0,0.387,0.0,0.0,0.001453,0.001744,0.0,0.0,0.0,0.0,0.0,0.0
2026-06-01 20:15:00,1,Tomato,Loam,55.671,389.6972,70.0,25.0,85.0,0.7,0.6816,60.0,4.329,0.0,0.0,0.001305,0.001501,0.0,0.0,0.0,0.0,0.0,0.0
2026-06-01 20:15:00,2,Wheat,Sandy,42.7336,384.6025,60.0,18.0,78.0,0.9,0.5889,55.0,12.2664,0.0,0.0,0.001305,0.001109,0.0,0.0,0.0,0.0,0.0,0.0
2026-06-01 20:15:00,3,Maize,Clay,64.6129,646.1289,75.0,30.0,90.0,1.0,0.7692,65.0,0.3871,0.0,0.0,0.001305,0.001566,0.0,0.0,0.0,0.0,0.0,0.0
2026-06-01 20:16:00,1,Tomato,Loam,55.6708,389.6957,70.0,25.0,85.0,0.7,0.6816,60.0,4.3292,0.0,0.0,0.001288,0.001481,0.0,0.0,0.0,0.0,0.0,0.0
2026-06-01 20:16:00,2,Wheat,Sandy,42.7335,384.6014,60.0,18.0,78.0,0.9,0.5889,55.0,12.2665,0.0,0.0,0.001288,0.001095,0.0,0.0,0.0,0.0,0.0,0.0
2026-06-01 20:16:00,3,Maize,Clay,64.6127,646.1274,75.0,30.0,90.0,1.0,0.7692,65.0,0.3873,0.0,0.0,0.001288,0.001546,0.0,0.0,0.0,0.0,0.0,0.0
2026-06-01 20:17:00,1,Tomato,Loam,55.6706,389.6944,70.0,25.0,85.0,0.7,0.6816,60.0,4.3294,0.0,0.0,0.001087,0.00125,0.0,0.0,0.0,0.0,0.0,0.0
2026-06-01 20:17:00,2,Wheat,Sandy,42.7334,384.6005,60.0,18.0,78.0,0.9,0.5889,55.0,12.2666,0.0,0.0,0.001087,0.000924,0.0,0.0,0.0,0.0,0.0,0.0
2026-06-01 20:17:00,3,Maize,Clay,64.6126,646.1261,75.0,30.0,90.0,1.0,0.7692,65.0,0.3874,0.0,0.0,0.001087,0.001304,0.0,0.0,0.0,0.0,0.0,0.0
2026-06-01 20:18:00,1,Tomato,Loam,55.6704,389.6927,70.0,25.0,85.0,0.7,0.6816,60.0,4.3296,0.0,0.0,0.001482,0.001704,0.0,0.0,0.0,0.0,0.0,0.0
2026-06-01 20:18:00,2,Wheat,Sandy,42.7332,384.5992,60.0,18.0,78.0,0.9,0.5889,55.0,12.2668,0.0,0.0,0.001482,0.00126,0.0,0.0,0.0,0.0,0.0,0.0
2026-06-01 20:18:00,3,Maize,Clay,64.6124,646.1243,75.0,30.0,90.0,1.0,0.7692,65.0,0.3876,0.0,0.0,0.001482,0.001778,0.0,0.0,0.0,0.0,0.0,0.0
2026-06-01 20:19:00,1,Tomato,Loam,55.6702,389.6912,70.0,25.0,85.0,0.7,0.6816,60.0,4.3298,0.0,0.0,0.001291,0.001485,0.0,0.0,0.0,0.0,0.0,0.0
2026-06-01 20:19:00,2,Wheat,Sandy,42.7331,384.5981,60.0,18.0,78.0,0.9,0.5889,55.0,12.2669,0.0,0.0,0.001291,0.001097,0.0,0.0,0.0,0.0,0.0,0.0
2026-06-01 20:19:00,3,Maize,Clay,64.6123,646.1228,75.0,30.0,90.0,1.0,0.7692,65.0,0.3877,0.0,0.0,0.001291,0.001549,0.0,0.0,0.0,0.0,0.0,0.0
2026-06-01 20:20:00,1,Tomato,Loam,55.6699,389.6895,70.0,25.0,85.0,0.7,0.6816,60.0,4.3301,0.0,0.0,0.001435,0.00165,0.0,0.0,0.0,0.0,0.0,0.0
2026-06-01 20:20:00,2,Wheat,Sandy,42.733,384.5969,60.0,18.0,78.0,0.9,0.5889,55.0,12.267,0.0,0.0,0.001435,0.00122,0.0,0.0,0.0,0.0,0.0,0.0
2026-06-01 20:20:00,3,Maize,Clay,64.6121,646.1211,75.0,30.0,90.0,1.0,0.7692,65.0,0.3879,0.0,0.0,0.001435,0.001722,0.0,0.0,0.0,0.0,0.0,0.0
2026-06-01 20:21:00,1,Tomato,Loam,55.6697,389.6878,70.0,25.0,85.0,0.7,0.6815,60.0,4.3303,0.0,0.0,0.001492,0.001716,0.0,0.0,0.0,0.0,0.0,0.0
2026-06-01 20:21:00,2,Wheat,Sandy,42.7328,384.5956,60.0,18.0,78.0,0.9,0.5889,55.0,12.2672,0.0,0.0,0.001492,0.001268,0.0,0.0,0.0,0.0,0.0,0.0
2026-06-01 20:21:00,3,Maize,Clay,64.6119,646.1193,75.0,30.0,90.0,1.0,0.7692,65.0,0.3881,0.0,0.0,0.001492,0.00179,0.0,0.0,0.0,0.0,0.0,0.0
2026-06-01 20:22:00,1,Tomato,Loam,55.6694,389.6861,70.0,25.0,85.0,0.7,0.6815,60.0,4.3306,0.0,0.0,0.001517,0.001745,0.0,0.0,0.0,0.0,0.0,0.0
2026-06-01 20:22:00,2,Wheat,Sandy,42.7327,384.5943,60.0,18.0,78.0,0.9,0.5889,55.0,12.2673,0.0,0.0,0.001517,0.001289,0.0,0.0,0.0,0.0,0.0,0.0
2026-06-01 20:22:00,3,Maize,Clay,64.6117,646.1175,75.0,30.0,90.0,1.0,0.7691,65.0,0.3883,0.0,0.0,0.001517,0.00182,0.0,0.0,0.0,0.0,0.0,0.0
2026-06-01 20:23:00,1,Tomato,Loam,55.6692,389.6847,70.0,25.0,85.0,0.7,0.6815,60.0,4.3308,0.0,0.0,0.001226,0.00141,0.0,0.0,0.0,0.0,0.0,0.0
2026-06-01 20:23:00,2,Wheat,Sandy,42.7326,384.5933,60.0,18.0,78.0,0.9,0.5889,55.0,12.2674,0.0,0.0,0.001226,0.001042,0.0,0.0,0.0,0.0,0.0,0.0
2026-06-01 20:23:00,3,Maize,Clay,64.6116,646.116,75.0,30.0,90.0,1.0,0.7691,65.0,0.3884,0.0,0.0,0.001226,0.001471,0.0,0.0,0.0,0.0,0.0,0.0
2026-06-01 20:24:00,1,Tomato,Loam,55.669,389.6831,70.0,25.0,85.0,0.7,0.6815,60.0,4.331,0.0,0.0,0.00138,0.001587,0.0,0.0,0.0,0.0,0.0,0.0
2026-06-01 20:24:00,2,Wheat,Sandy,42.7325,384.5921,60.0,18.0,78.0,0.9,0.5889,55.0,12.2675,0.0,0.0,0.00138,0.001173,0.0,0.0,0.0,0.0,0.0,0.0
2026-06-01 20:24:00,3,Maize,Clay,64.6114,646.1143,75.0,30.0,90.0,1.0,0.7691,65.0,0.3886,0.0,0.0,0.00138,0.001656,0.0,0.0,0.0,0.0,0.0,0.0
2026-06-01 20:25:00,1,Tomato,Loam,55.6687,389.6812,70.0,25.0,85.0,0.7,0.6815,60.0,4.3313,0.0,0.0,0.001613,0.001855,0.0,0.0,0.0,0.0,0.0,0.0
2026-06-01 20:25:00,2,Wheat,Sandy,42.7323,384.5907,60.0,18.0,78.0,0.9,0.5889,55.0,12.2677,0.0,0.0,0.001613,0.001371,0.0,0.0,0.0,0.0,0.0,0.0
2026-06-01 20:25:00,3,Maize,Clay,64.6112,646.1124,75.0,30.0,90.0,1.0,0.7691,65.0,0.3888,0.0,0.0,0.001613,0.001936,0.0,0.0,0.0,0.0,0.0,0.0
2026-06-01 20:26:00,1,Tomato,Loam,55.6685,389.6793,70.0,25.0,85.0,0.7,0.6815,60.0,4.3315,0.0,0.0,0.001682,0.001934,0.0,0.0,0.0,0.0,0.0,0.0
2026-06-01 20:26:00,2,Wheat,Sandy,42.7321,384.5893,60.0,18.0,78.0,0.9,0.5889,55.0,12.2679,0.0,0.0,0.001682,0.00143,0.0,0.0,0.0,0.0,0.0,0.0
2026-06-01 20:26:00,3,Maize,Clay,64.611,646.1104,75.0,30.0,90.0,1.0,0.7691,65.0,0.389,0.0,0.0,0.001682,0.002018,0.0,0.0,0.0,0.0,0.0,0.0
2026-06-01 20:27:00,1,Tomato,Loam,55.6682,389.6776,70.0,25.0,85.0,0.7,0.6815,60.0,4.3318,0.0,0.0,0.001475,0.001696,0.0,0.0,0.0,0.0,0.0,0.0
2026-06-01 20:27:00,2,Wheat,Sandy,42.732,384.588,60.0,18.0,78.0,0.9,0.5889,55.0,12.268,0.0,0.0,0.001475,0.001254,0.0,0.0,0.0,0.0,0.0,0.0
2026-06-01 20:27:00,3,Maize,Clay,64.6109,646.1086,75.0,30.0,90.0,1.0,0.7691,65.0,0.3891,0.0,0.0,0.001475,0.00177,0.0,0.0,0.0,0.0,0.0,0.0
2026-06-01 20:28:00,1,Tomato,Loam,55.668,389.676,70.0,25.0,85.0,0.7,0.6815,60.0,4.332,0.0,0.0,0.001406,0.001617,0.0,0.0,0.0,0.0,0.0,0.0
2026-06-01 20:28:00,2,Wheat,Sandy,42.7319,384.5868,60.0,18.0,78.0,0.9,0.5889,55.0,12.2681,0.0,0.0,0.001406,0.001195,0.0,0.0,0.0,0.0,0.0,0.0
2026-06-01 20:28:00,3,Maize,Clay,64.6107,646.1069,75.0,30.0,90.0,1.0,0.7691,65.0,0.3893,0.0,0.0,0.001406,0.001687,0.0,0.0,0.0,0.0,0.0,0.0
2026-06-01 20:29:00,1,Tomato,Loam,55.6678,389.6746,70.0,25.0,85.0,0.7,0.6815,60.0,4.3322,0.0,0.0,0.001246,0.001433,0.0,0.0,0.0,0.0,0.0,0.0
2026-06-01 20:29:00,2,Wheat,Sandy,42.7317,384.5857,60.0,18.0,78.0,0.9,0.5889,55.0,12.2683,0.0,0.0,0.001246,0.001059,0.0,0.0,0.0,0.0,0.0,0.0
2026-06-01 20:29:00,3,Maize,Clay,64.6105,646.1054,75.0,30.0,90.0,1.0,0.7691,65.0,0.3895,0.0,0.0,0.001246,0.001495,0.0,0.0,0.0,0.0,0.0,0.0
2026-06-01 20:30:00,1,Tomato,Loam,55.6676,389.6729,70.0,25.0,85.0,0.7,0.6815,60.0,4.3324,0.0,0.0,0.001439,0.001655,0.0,0.0,0.0,0.0,0.0,0.0
2026-06-01 20:30:00,2,Wheat,Sandy,42.7316,384.5845,60.0,18.0,78.0,0.9,0.5888,55.0,12.2684,0.0,0.0,0.001439,0.001223,0.0,0.0,0.0,0.0,0.0,0.0
2026-06-01 20:30:00,3,Maize,Clay,64.6104,646.1037,75.0,30.0,90.0,1.0,0.7691,65.0,0.3896,0.0,0.0,0.001439,0.001727,0.0,0.0,0.0,0.0,0.0,0.0
2026-06-01 20:31:00,1,Tomato,Loam,55.6673,389.6714,70.0,25.0,85.0,0.7,0.6815,60.0,4.3327,0.0,0.0,0.001306,0.001502,0.0,0.0,0.0,0.0,0.0,0.0
2026-06-01 20:31:00,2,Wheat,Sandy,42.7315,384.5834,60.0,18.0,78.0,0.9,0.5888,55.0,12.2685,0.0,0.0,0.001306,0.00111,0.0,0.0,0.0,0.0,0.0,0.0
2026-06-01 20:31:00,3,Maize,Clay,64.6102,646.1021,75.0,30.0,90.0,1.0,0.7691,65.0,0.3898,0.0,0.0,0.001306,0.001567,0.0,0.0,0.0,0.0,0.0,0.0
2026-06-01 20:32:00,1,Tomato,Loam,55.6671,389.6698,70.0,25.0,85.0,0.7,0.6815,60.0,4.3329,0.0,0.0,0.001415,0.001627,0.0,0.0,0.0,0.0,0.0,0.0
2026-06-01 20:32:00,2,Wheat,Sandy,42.7314,384.5822,60.0,18.0,78.0,0.9,0.5888,55.0,12.2686,0.0,0.0,0.001415,0.001203,0.0,0.0,0.0,0.0,0.0,0.0
2026-06-01 20:32:00,3,Maize,Clay,64.61,646.1004,75.0,30.0,90.0,1.0,0.7691,65.0,0.39,0.0,0.0,0.001415,0.001698,0.0,0.0,0.0,0.0,0.0,0.0
2026-06-01 20:33:00,1,Tomato,Loam,55.6669,389.6684,70.0,25.0,85.0,0.7,0.6815,60.0,4.3331,0.0,0.0,0.001249,0.001436,0.0,0.0,0.0,0.0,0.0,0.0
2026-06-01 20:33:00,2,Wheat,Sandy,42.7312,384.5811,60.0,18.0,78.0,0.9,0.5888,55.0,12.2688,0.0,0.0,0.001249,0.001062,0.0,0.0,0.0,0.0,0.0,0.0
2026-06-01 20:33:00,3,Maize,Clay,64.6099,646.0989,75.0,30.0,90.0,1.0,0.7691,65.0,0.3901,0.0,0.0,0.001249,0.001499,0.0,0.0,0.0,0.0,0.0,0.0
2026-06-01 20:34:00,1,Tomato,Loam,55.6667,389.6669,70.0,25.0,85.0,0.7,0.6815,60.0,4.3333,0.0,0.0,0.001334,0.001534,0.0,0.0,0.0,0.0,0.0,0.0
2026-06-01 20:34:00,2,Wheat,Sandy,42.7311,384.58,60.0,18.0,78.0,0.9,0.5888,55.0,12.2689,0.0,0.0,0.001334,0.001134,0.0,0.0,0.0,0.0,0.0,0.0
2026-06-01 20:34:00,3,Maize,Clay,64.6097,646.0973,75.0,30.0,90.0,1.0,0.7691,65.0,0.3903,0.0,0.0,0.001334,0.001601,0.0,0.0,0.0,0.0,0.0,0.0
2026-06-01 20:35:00,1,Tomato,Loam,55.6665,389.6653,70.0,25.0,85.0,0.7,0.6815,60.0,4.3335,0.0,0.0,0.001352,0.001555,0.0,0.0,0.0,0.0,0.0,0.0
2026-06-01 20:35:00,2,Wheat,Sandy,42.731,384.5789,60.0,18.0,78.0,0.9,0.5888,55.0,12.269,0.0,0.0,0.001352,0.001149,0.0,0.0,0.0,0.0,0.0,0.0
2026-06-01 20:35:00,3,Maize,Clay,64.6096,646.0957,75.0,30.0,90.0,1.0,0.7691,65.0,0.3904,0.0,0.0,0.001352,0.001622,0.0,0.0,0.0,0.0,0.0,0.0
2026-06-01 20:36:00,1,Tomato,Loam,55.6663,389.6638,70.0,25.0,85.0,0.7,0.6815,60.0,4.3337,0.0,0.0,0.001338,0.001539,0.0,0.0,0.0,0.0,0.0,0.0
2026-06-01 20:36:00,2,Wheat,Sandy,42.7309,384.5778,60.0,18.0,78.0,0.9,0.5888,55.0,12.2691,0.0,0.0,0.001338,0.001137,0.0,0.0,0.0,0.0,0.0,0.0
2026-06-01 20:36:00,3,Maize,Clay,64.6094,646.0941,75.0,30.0,90.0,1.0,0.7691,65.0,0.3906,0.0,0.0,0.001338,0.001606,0.0,0.0,0.0,0.0,0.0,0.0
2026-06-01 20:37:00,1,Tomato,Loam,55.666,389.6622,70.0,25.0,85.0,0.7,0.6815,60.0,4.334,0.0,0.0,0.001373,0.001579,0.0,0.0,0.0,0.0,0.0,0.0
2026-06-01 20:37:00,2,Wheat,Sandy,42.7307,384.5766,60.0,18.0,78.0,0.9,0.5888,55.0,12.2693,0.0,0.0,0.001373,0.001167,0.0,0.0,0.0,0.0,0.0,0.0
2026-06-01 20:37:00,3,Maize,Clay,64.6092,646.0925,75.0,30.0,90.0,1.0,0.7691,65.0,0.3908,0.0,0.0,0.001373,0.001648,0.0,0.0,0.0,0.0,0.0,0.0
2026-06-01 20:38:00,1,Tomato,Loam,55.6658,389.6608,70.0,25.0,85.0,0.7,0.6815,60.0,4.3342,0.0,0.0,0.001261,0.00145,0.0,0.0,0.0,0.0,0.0,0.0
2026-06-01 20:38:00,2,Wheat,Sandy,42.7306,384.5755,60.0,18.0,78.0,0.9,0.5888,55.0,12.2694,0.0,0.0,0.001261,0.001072,0.0,0.0,0.0,0.0,0.0,0.0
2026-06-01 20:38:00,3,Maize,Clay,64.6091,646.091,75.0,30.0,90.0,1.0,0.7691,65.0,0.3909,0.0,0.0,0.001261,0.001513,0.0,0.0,0.0,0.0,0.0,0.0
2026-06-01 20:39:00,1,Tomato,Loam,55.6656,389.6595,70.0,25.0,85.0,0.7,0.6815,60.0,4.3344,0.0,0.0,0.001164,0.001339,0.0,0.0,0.0,0.0,0.0,0.0
2026-06-01 20:39:00,2,Wheat,Sandy,42.7305,384.5745,60.0,18.0,78.0,0.9,0.5888,55.0,12.2695,0.0,0.0,0.001164,0.000989,0.0,0.0,0.0,0.0,0.0,0.0
2026-06-01 20:39:00,3,Maize,Clay,64.609,646.0896,75.0,30.0,90.0,1.0,0.7691,65.0,0.391,0.0,0.0,0.001164,0.001397,0.0,0.0,0.0,0.0,0.0,0.0
2026-06-01 20:40:00,1,Tomato,Loam,55.6654,389.6577,70.0,25.0,85.0,0.7,0.6815,60.0,4.3346,0.0,0.0,0.001549,0.001781,0.0,0.0,0.0,0.0,0.0,0.0
2026-06-01 20:40:00,2,Wheat,Sandy,42.7304,384.5732,60.0,18.0,78.0,0.9,0.5888,55.0,12.2696,0.0,0.0,0.001549,0.001317,0.0,0.0,0.0,0.0,0.0,0.0
2026-06-01 20:40:00,3,Maize,Clay,64.6088,646.0877,75.0,30.0,90.0,1.0,0.7691,65.0,0.3912,0.0,0.0,0.001549,0.001859,0.0,0.0,0.0,0.0,0.0,0.0
2026-06-01 20:41:00,1,Tomato,Loam,55.6651,389.6559,70.0,25.0,85.0,0.7,0.6814,60.0,4.3349,0.0,0.0,0.001571,0.001807,0.0,0.0,0.0,0.0,0.0,0.0
2026-06-01 20:41:00,2,Wheat,Sandy,42.7302,384.5719,60.0,18.0,78.0,0.9,0.5888,55.0,12.2698,0.0,0.0,0.001571,0.001335,0.0,0.0,0.0,0.0,0.0,0.0
2026-06-01 20:41:00,3,Maize,Clay,64.6086,646.0858,75.0,30.0,90.0,1.0,0.7691,65.0,0.3914,0.0,0.0,0.001571,0.001885,0.0,0.0,0.0,0.0,0.0,0.0
2026-06-01 20:42:00,1,Tomato,Loam,55.6649,389.6543,70.0,25.0,85.0,0.7,0.6814,60.0,4.3351,0.0,0.0,0.001399,0.001609,0.0,0.0,0.0,0.0,0.0,0.0
2026-06-01 20:42:00,2,Wheat,Sandy,42.7301,384.5707,60.0,18.0,78.0,0.9,0.5888,55.0,12.2699,0.0,0.0,0.001399,0.001189,0.0,0.0,0.0,0.0,0.0,0.0
2026-06-01 20:42:00,3,Maize,Clay,64.6084,646.0841,75.0,30.0,90.0,1.0,0.7691,65.0,0.3916,0.0,0.0,0.001399,0.001679,0.0,0.0,0.0,0.0,0.0,0.0
2026-06-01 20:43:00,1,Tomato,Loam,55.6647,389.653,70.0,25.0,85.0,0.7,0.6814,60.0,4.3353,0.0,0.0,0.001093,0.001257,0.0,0.0,0.0,0.0,0.0,0.0
2026-06-01 20:43:00,2,Wheat,Sandy,42.73,384.5698,60.0,18.0,78.0,0.9,0.5888,55.0,12.27,0.0,0.0,0.001093,0.000929,0.0,0.0,0.0,0.0,0.0,0.0
2026-06-01 20:43:00,3,Maize,Clay,64.6083,646.0828,75.0,30.0,90.0,1.0,0.7691,65.0,0.3917,0.0,0.0,0.001093,0.001312,0.0,0.0,0.0,0.0,0.0,0.0
2026-06-01 20:44:00,1,Tomato,Loam,55.6645,389.6516,70.0,25.0,85.0,0.7,0.6814,60.0,4.3355,0.0,0.0,0.001176,0.001352,0.0,0.0,0.0,0.0,0.0,0.0
2026-06-01 20:44:00,2,Wheat,Sandy,42.7299,384.5688,60.0,18.0,78.0,0.9,0.5888,55.0,12.2701,0.0,0.0,0.001176,0.001,0.0,0.0,0.0,0.0,0.0,0.0
2026-06-01 20:44:00,3,Maize,Clay,64.6081,646.0814,75.0,30.0,90.0,1.0,0.7691,65.0,0.3919,0.0,0.0,0.001176,0.001411,0.0,0.0,0.0,0.0,0.0,0.0
2026-06-01 20:45:00,1,Tomato,Loam,55.6643,389.6501,70.0,25.0,85.0,0.7,0.6814,60.0,4.3357,0.0,0.0,0.001339,0.00154,0.0,0.0,0.0,0.0,0.0,0.0
2026-06-01 20:45:00,2,Wheat,Sandy,42.7297,384.5677,60.0,18.0,78.0,0.9,0.5888,55.0,12.2703,0.0,0.0,0.001339,0.001138,0.0,0.0,0.0,0.0,0.0,0.0
2026-06-01 20:45:00,3,Maize,Clay,64.608,646.0798,75.0,30.0,90.0,1.0,0.7691,65.0,0.392,0.0,0.0,0.001339,0.001607,0.0,0.0,0.0,0.0,0.0,0.0
2026-06-01 20:46:00,1,Tomato,Loam,55.6641,389.6485,70.0,25.0,85.0,0.7,0.6814,60.0,4.3359,0.0,0.0,0.001404,0.001615,0.0,0.0,0.0,0.0,0.0,0.0
2026-06-01 20:46:00,2,Wheat,Sandy,42.7296,384.5665,60.0,18.0,78.0,0.9,0.5888,55.0,12.2704,0.0,0.0,0.001404,0.001193,0.0,0.0,0.0,0.0,0.0,0.0
2026-06-01 20:46:00,3,Maize,Clay,64.6078,646.0781,75.0,30.0,90.0,1.0,0.7691,65.0,0.3922,0.0,0.0,0.001404,0.001685,0.0,0.0,0.0,0.0,0.0,0.0
2026-06-01 20:47:00,1,Tomato,Loam,55.6639,389.6473,70.0,25.0,85.0,0.7,0.6814,60.0,4.3361,0.0,0.0,0.001069,0.001229,0.0,0.0,0.0,0.0,0.0,0.0
2026-06-01 20:47:00,2,Wheat,Sandy,42.7295,384.5656,60.0,18.0,78.0,0.9,0.5888,55.0,12.2705,0.0,0.0,0.001069,0.000909,0.0,0.0,0.0,0.0,0.0,0.0
2026-06-01 20:47:00,3,Maize,Clay,64.6077,646.0768,75.0,30.0,90.0,1.0,0.7691,65.0,0.3923,0.0,0.0,0.001069,0.001283,0.0,0.0,0.0,0.0,0.0,0.0
2026-06-01 20:48:00,1,Tomato,Loam,55.6637,389.6459,70.0,25.0,85.0,0.7,0.6814,60.0,4.3363,0.0,0.0,0.001235,0.00142,0.0,0.0,0.0,0.0,0.0,0.0
2026-06-01 20:48:00,2,Wheat,Sandy,42.7294,384.5645,60.0,18.0,78.0,0.9,0.5888,55.0,12.2706,0.0,0.0,0.001235,0.00105,0.0,0.0,0.0,0.0,0.0,0.0
2026-06-01 20:48:00,3,Maize,Clay,64.6075,646.0753,75.0,30.0,90.0,1.0,0.7691,65.0,0.3925,0.0,0.0,0.001235,0.001482,0.0,0.0,0.0,0.0,0.0,0.0
2026-06-01 20:49:00,1,Tomato,Loam,55.6635,389.6445,70.0,25.0,85.0,0.7,0.6814,60.0,4.3365,0.0,0.0,0.001258,0.001447,0.0,0.0,0.0,0.0,0.0,0.0
2026-06-01 20:49:00,2,Wheat,Sandy,42.7293,384.5634,60.0,18.0,78.0,0.9,0.5888,55.0,12.2707,0.0,0.0,0.001258,0.001069,0.0,0.0,0.0,0.0,0.0,0.0
2026-06-01 20:49:00,3,Maize,Clay,64.6074,646.0738,75.0,30.0,90.0,1.0,0.7691,65.0,0.3926,0.0,0.0,0.001258,0.00151,0.0,0.0,0.0,0.0,0.0,0.0
2026-06-01 20:50:00,1,Tomato,Loam,55.6633,389.643,70.0,25.0,85.0,0.7,0.6814,60.0,4.3367,0.0,0.0,0.001346,0.001548,0.0,0.0,0.0,0.0,0.0,0.0
2026-06-01 20:50:00,2,Wheat,Sandy,42.7291,384.5623,60.0,18.0,78.0,0.9,0.5888,55.0,12.2709,0.0,0.0,0.001346,0.001144,0.0,0.0,0.0,0.0,0.0,0.0
2026-06-01 20:50:00,3,Maize,Clay,64.6072,646.0722,75.0,30.0,90.0,1.0,0.769,65.0,0.3928,0.0,0.0,0.001346,0.001615,0.0,0.0,0.0,0.0,0.0,0.0
2026-06-01 20:51:00,1,Tomato,Loam,55.6631,389.6416,70.0,25.0,85.0,0.7,0.6814,60.0,4.3369,0.0,0.0,0.001224,0.001408,0.0,0.0,0.0,0.0,0.0,0.0
2026-06-01 20:51:00,2,Wheat,Sandy,42.729,384.5613,60.0,18.0,78.0,0.9,0.5888,55.0,12.271,0.0,0.0,0.001224,0.00104,0.0,0.0,0.0,0.0,0.0,0.0
2026-06-01 20:51:00,3,Maize,Clay,64.6071,646.0707,75.0,30.0,90.0,1.0,0.769,65.0,0.3929,0.0,0.0,0.001224,0.001469,0.0,0.0,0.0,0.0,0.0,0.0
2026-06-01 20:52:00,1,Tomato,Loam,55.6629,389.6405,70.0,25.0,85.0,0.7,0.6814,60.0,4.3371,0.0,0.0,0.000999,0.001149,0.0,0.0,0.0,0.0,0.0,0.0
2026-06-01 20:52:00,2,Wheat,Sandy,42.7289,384.5605,60.0,18.0,78.0,0.9,0.5888,55.0,12.2711,0.0,0.0,0.000999,0.000849,0.0,0.0,0.0,0.0,0.0,0.0
2026-06-01 20:52:00,3,Maize,Clay,64.607,646.0695,75.0,30.0,90.0,1.0,0.769,65.0,0.393,0.0,0.0,0.000999,0.001199,0.0,0.0,0.0,0.0,0.0,0.0
2026-06-01 20:53:00,1,Tomato,Loam,55.6627,389.639,70.0,25.0,85.0,0.7,0.6814,60.0,4.3373,0.0,0.0,0.001304,0.0015,0.0,0.0,0.0,0.0,0.0,0.0
2026-06-01 20:53:00,2,Wheat,Sandy,42.7288,384.5594,60.0,18.0,78.0,0.9,0.5888,55.0,12.2712,0.0,0.0,0.001304,0.001108,0.0,0.0,0.0,0.0,0.0,0.0
2026-06-01 20:53:00,3,Maize,Clay,64.6068,646.0679,75.0,30.0,90.0,1.0,0.769,65.0,0.3932,0.0,0.0,0.001304,0.001565,0.0,0.0,0.0,0.0,0.0,0.0
2026-06-01 20:54:00,1,Tomato,Loam,55.6625,389.6374,70.0,25.0,85.0,0.7,0.6814,60.0,4.3375,0.0,0.0,0.001355,0.001558,0.0,0.0,0.0,0.0,0.0,0.0
2026-06-01 20:54:00,2,Wheat,Sandy,42.7287,384.5582,60.0,18.0,78.0,0.9,0.5888,55.0,12.2713,0.0,0.0,0.001355,0.001152,0.0,0.0,0.0,0.0,0.0,0.0
2026-06-01 20:54:00,3,Maize,Clay,64.6066,646.0663,75.0,30.0,90.0,1.0,0.769,65.0,0.3934,0.0,0.0,0.001355,0.001626,0.0,0.0,0.0,0.0,0.0,0.0
2026-06-01 20:55:00,1,Tomato,Loam,55.6623,389.636,70.0,25.0,85.0,0.7,0.6814,60.0,4.3377,0.0,0.0,0.001194,0.001373,0.0,0.0,0.0,0.0,0.0,0.0
2026-06-01 20:55:00,2,Wheat,Sandy,42.7286,384.5572,60.0,18.0,78.0,0.9,0.5888,55.0,12.2714,0.0,0.0,0.001194,0.001015,0.0,0.0,0.0,0.0,0.0,0.0
2026-06-01 20:55:00,3,Maize,Clay,64.6065,646.0649,75.0,30.0,90.0,1.0,0.769,65.0,0.3935,0.0,0.0,0.001194,0.001433,0.0,0.0,0.0,0.0,0.0,0.0
2026-06-01 20:56:00,1,Tomato,Loam,55.6621,389.6346,70.0,25.0,85.0,0.7,0.6814,60.0,4.3379,0.0,0.0,0.001237,0.001423,0.0,0.0,0.0,0.0,0.0,0.0
2026-06-01 20:56:00,2,Wheat,Sandy,42.7285,384.5561,60.0,18.0,78.0,0.9,0.5888,55.0,12.2715,0.0,0.0,0.001237,0.001051,0.0,0.0,0.0,0.0,0.0,0.0
2026-06-01 20:56:00,3,Maize,Clay,64.6063,646.0634,75.0,30.0,90.0,1.0,0.769,65.0,0.3937,0.0,0.0,0.001237,0.001484,0.0,0.0,0.0,0.0,0.0,0.0
2026-06-01 20:57:00,1,Tomato,Loam,55.6619,389.6333,70.0,25.0,85.0,0.7,0.6814,60.0,4.3381,0.0,0.0,0.001126,0.001295,0.0,0.0,0.0,0.0,0.0,0.0
2026-06-01 20:57:00,2,Wheat,Sandy,42.7283,384.5551,60.0,18.0,78.0,0.9,0.5888,55.0,12.2717,0.0,0.0,0.001126,0.000957,0.0,0.0,0.0,0.0,0.0,0.0
2026-06-01 20:57:00,3,Maize,Clay,64.6062,646.062,75.0,30.0,90.0,1.0,0.769,65.0,0.3938,0.0,0.0,0.001126,0.001351,0.0,0.0,0.0,0.0,0.0,0.0
2026-06-01 20:58:00,1,Tomato,Loam,55.6617,389.632,70.0,25.0,85.0,0.7,0.6814,60.0,4.3383,0.0,0.0,0.001126,0.001295,0.0,0.0,0.0,0.0,0.0,0.0
2026-06-01 20:58:00,2,Wheat,Sandy,42.7282,384.5541,60.0,18.0,78.0,0.9,0.5888,55.0,12.2718,0.0,0.0,0.001126,0.000957,0.0,0.0,0.0,0.0,0.0,0.0
2026-06-01 20:58:00,3,Maize,Clay,64.6061,646.0606,75.0,30.0,90.0,1.0,0.769,65.0,0.3939,0.0,0.0,0.001126,0.001351,0.0,0.0,0.0,0.0,0.0,0.0
2026-06-01 20:59:00,1,Tomato,Loam,55.6615,389.6305,70.0,25.0,85.0,0.7,0.6814,60.0,4.3385,0.0,0.0,0.001294,0.001488,0.0,0.0,0.0,0.0,0.0,0.0
2026-06-01 20:59:00,2,Wheat,Sandy,42.7281,384.553,60.0,18.0,78.0,0.9,0.5888,55.0,12.2719,0.0,0.0,0.001294,0.0011,0.0,0.0,0.0,0.0,0.0,0.0
2026-06-01 20:59:00,3,Maize,Clay,64.6059,646.059,75.0,30.0,90.0,1.0,0.769,65.0,0.3941,0.0,0.0,0.001294,0.001553,0.0,0.0,0.0,0.0,0.0,0.0
2026-06-01 21:00:00,1,Tomato,Loam,55.6613,389.6291,70.0,25.0,85.0,0.7,0.6814,60.0,4.3387,0.0,0.0,0.00124,0.001426,0.0,0.0,0.0,0.0,0.0,0.0
2026-06-01 21:00:00,2,Wheat,Sandy,42.728,384.5519,60.0,18.0,78.0,0.9,0.5888,55.0,12.272,0.0,0.0,0.00124,0.001054,0.0,0.0,0.0,0.0,0.0,0.0
2026-06-01 21:00:00,3,Maize,Clay,64.6058,646.0575,75.0,30.0,90.0,1.0,0.769,65.0,0.3942,0.0,0.0,0.00124,0.001488,0.0,0.0,0.0,0.0,0.0,0.0
2026-06-01 21:01:00,1,Tomato,Loam,55.6611,389.6278,70.0,25.0,85.0,0.7,0.6814,60.0,4.3389,0.0,0.0,0.001166,0.001341,0.0,0.0,0.0,0.0,0.0,0.0
2026-06-01 21:01:00,2,Wheat,Sandy,42.7279,384.5509,60.0,18.0,78.0,0.9,0.5888,55.0,12.2721,0.0,0.0,0.001166,0.000991,0.0,0.0,0.0,0.0,0.0,0.0
2026-06-01 21:01:00,3,Maize,Clay,64.6056,646.0561,75.0,30.0,90.0,1.0,0.769,65.0,0.3944,0.0,0.0,0.001166,0.001399,0.0,0.0,0.0,0.0,0.0,0.0
2026-06-01 21:02:00,1,Tomato,Loam,55.6609,389.6262,70.0,25.0,85.0,0.7,0.6814,60.0,4.3391,0.0,0.0,0.001355,0.001558,0.0,0.0,0.0,0.0,0.0,0.0
2026-06-01 21:02:00,2,Wheat,Sandy,42.7277,384.5497,60.0,18.0,78.0,0.9,0.5888,55.0,12.2723,0.0,0.0,0.001355,0.001152,0.0,0.0,0.0,0.0,0.0,0.0
2026-06-01 21:02:00,3,Maize,Clay,64.6054,646.0545,75.0,30.0,90.0,1.0,0.769,65.0,0.3946,0.0,0.0,0.001355,0.001626,0.0,0.0,0.0,0.0,0.0,0.0
2026-06-01 21:03:00,1,Tomato,Loam,55.6607,389.625,70.0,25.0,85.0,0.7,0.6813,60.0,4.3393,0.0,0.0,0.001018,0.001171,0.0,0.0,0.0,0.0,0.0,0.0
2026-06-01 21:03:00,2,Wheat,Sandy,42.7276,384.5488,60.0,18.0,78.0,0.9,0.5888,55.0,12.2724,0.0,0.0,0.001018,0.000865,0.0,0.0,0.0,0.0,0.0,0.0
2026-06-01 21:03:00,3,Maize,Clay,64.6053,646.0533,75.0,30.0,90.0,1.0,0.769,65.0,0.3947,0.0,0.0,0.001018,0.001222,0.0,0.0,0.0,0.0,0.0,0.0
2026-06-01 21:04:00,1,Tomato,Loam,55.6605,389.6238,70.0,25.0,85.0,0.7,0.6813,60.0,4.3395,0.0,0.0,0.001055,0.001213,0.0,0.0,0.0,0.0,0.0,0.0
2026-06-01 21:04:00,2,Wheat,Sandy,42.7275,384.5479,60.0,18.0,78.0,0.9,0.5888,55.0,12.2725,0.0,0.0,0.001055,0.000897,0.0,0.0,0.0,0.0,0.0,0.0
2026-06-01 21:04:00,3,Maize,Clay,64.6052,646.052,75.0,30.0,90.0,1.0,0.769,65.0,0.3948,0.0,0.0,0.001055,0.001266,0.0,0.0,0.0,0.0,0.0,0.0
2026-06-01 21:05:00,1,Tomato,Loam,55.6603,389.6224,70.0,25.0,85.0,0.7,0.6813,60.0,4.3397,0.0,0.0,0.001193,0.001372,0.0,0.0,0.0,0.0,0.0,0.0
2026-06-01 21:05:00,2,Wheat,Sandy,42.7274,384.5469,60.0,18.0,78.0,0.9,0.5887,55.0,12.2726,0.0,0.0,0.001193,0.001014,0.0,0.0,0.0,0.0,0.0,0.0
2026-06-01 21:05:00,3,Maize,Clay,64.6051,646.0506,75.0,30.0,90.0,1.0,0.769,65.0,0.3949,0.0,0.0,0.001193,0.001432,0.0,0.0,0.0,0.0,0.0,0.0
2026-06-01 21:06:00,1,Tomato,Loam,55.6602,389.6212,70.0,25.0,85.0,0.7,0.6813,60.0,4.3398,0.0,0.0,0.00105,0.001207,0.0,0.0,0.0,0.0,0.0,0.0
2026-06-01 21:06:00,2,Wheat,Sandy,42.7273,384.546,60.0,18.0,78.0,0.9,0.5887,55.0,12.2727,0.0,0.0,0.00105,0.000892,0.0,0.0,0.0,0.0,0.0,0.0
2026-06-01 21:06:00,3,Maize,Clay,64.6049,646.0493,75.0,30.0,90.0,1.0,0.769,65.0,0.3951,0.0,0.0,0.00105,0.00126,0.0,0.0,0.0,0.0,0.0,0.0
2026-06-01 21:07:00,1,Tomato,Loam,55.66,389.6198,70.0,25.0,85.0,0.7,0.6813,60.0,4.34,0.0,0.0,0.001203,0.001383,0.0,0.0,0.0,0.0,0.0,0.0
2026-06-01 21:07:00,2,Wheat,Sandy,42.7272,384.545,60.0,18.0,78.0,0.9,0.5887,55.0,12.2728,0.0,0.0,0.001203,0.001023,0.0,0.0,0.0,0.0,0.0,0.0
2026-06-01 21:07:00,3,Maize,Clay,64.6048,646.0479,75.0,30.0,90.0,1.0,0.769,65.0,0.3952,0.0,0.0,0.001203,0.001444,0.0,0.0,0.0,0.0,0.0,0.0
2026-06-01 21:08:00,1,Tomato,Loam,55.6598,389.6185,70.0,25.0,85.0,0.7,0.6813,60.0,4.3402,0.0,0.0,0.001115,0.001282,0.0,0.0,0.0,0.0,0.0,0.0
2026-06-01 21:08:00,2,Wheat,Sandy,42.7271,384.5441,60.0,18.0,78.0,0.9,0.5887,55.0,12.2729,0.0,0.0,0.001115,0.000948,0.0,0.0,0.0,0.0,0.0,0.0
2026-06-01 21:08:00,3,Maize,Clay,64.6047,646.0466,75.0,30.0,90.0,1.0,0.769,65.0,0.3953,0.0,0.0,0.001115,0.001338,0.0,0.0,0.0,0.0,0.0,0.0
2026-06-01 21:09:00,1,Tomato,Loam,55.6596,389.6173,70.0,25.0,85.0,0.7,0.6813,60.0,4.3404,0.0,0.0,0.001028,0.001182,0.0,0.0,0.0,0.0,0.0,0.0
2026-06-01 21:09:00,2,Wheat,Sandy,42.727,384.5432,60.0,18.0,78.0,0.9,0.5887,55.0,12.273,0.0,0.0,0.001028,0.000874,0.0,0.0,0.0,0.0,0.0,0.0
2026-06-01 21:09:00,3,Maize,Clay,64.6045,646.0454,75.0,30.0,90.0,1.0,0.769,65.0,0.3955,0.0,0.0,0.001028,0.001234,0.0,0.0,0.0,0.0,0.0,0.0
2026-06-01 21:10:00,1,Tomato,Loam,55.6594,389.616,70.0,25.0,85.0,0.7,0.6813,60.0,4.3406,0.0,0.0,0.001152,0.001325,0.0,0.0,0.0,0.0,0.0,0.0
2026-06-01 21:10:00,2,Wheat,Sandy,42.7269,384.5422,60.0,18.0,78.0,0.9,0.5887,55.0,12.2731,0.0,0.0,0.001152,0.000979,0.0,0.0,0.0,0.0,0.0,0.0
2026-06-01 21:10:00,3,Maize,Clay,64.6044,646.044,75.0,30.0,90.0,1.0,0.769,65.0,0.3956,0.0,0.0,0.001152,0.001382,0.0,0.0,0.0,0.0,0.0,0.0
2026-06-01 21:11:00,1,Tomato,Loam,55.6592,389.6147,70.0,25.0,85.0,0.7,0.6813,60.0,4.3408,0.0,0.0,0.001127,0.001296,0.0,0.0,0.0,0.0,0.0,0.0
2026-06-01 21:11:00,2,Wheat,Sandy,42.7268,384.5412,60.0,18.0,78.0,0.9,0.5887,55.0,12.2732,0.0,0.0,0.001127,0.000958,0.0,0.0,0.0,0.0,0.0,0.0
2026-06-01 21:11:00,3,Maize,Clay,64.6043,646.0426,75.0,30.0,90.0,1.0,0.769,65.0,0.3957,0.0,0.0,0.001127,0.001352,0.0,0.0,0.0,0.0,0.0,0.0
2026-06-01 21:12:00,1,Tomato,Loam,55.659,389.6133,70.0,25.0,85.0,0.7,0.6813,60.0,4.341,0.0,0.0,0.001199,0.001379,0.0,0.0,0.0,0.0,0.0,0.0
2026-06-01 21:12:00,2,Wheat,Sandy,42.7267,384.5402,60.0,18.0,78.0,0.9,0.5887,55.0,12.2733,0.0,0.0,0.001199,0.001019,0.0,0.0,0.0,0.0,0.0,0.0
2026-06-01 21:12:00,3,Maize,Clay,64.6041,646.0412,75.0,30.0,90.0,1.0,0.769,65.0,0.3959,0.0,0.0,0.001199,0.001439,0.0,0.0,0.0,0.0,0.0,0.0
2026-06-01 21:13:00,1,Tomato,Loam,55.6589,389.612,70.0,25.0,85.0,0.7,0.6813,60.0,4.3411,0.0,0.0,0.001165,0.00134,0.0,0.0,0.0,0.0,0.0,0.0
2026-06-01 21:13:00,2,Wheat,Sandy,42.7266,384.5392,60.0,18.0,78.0,0.9,0.5887,55.0,12.2734,0.0,0.0,0.001165,0.00099,0.0,0.0,0.0,0.0,0.0,0.0
2026-06-01 21:13:00,3,Maize,Clay,64.604,646.0398,75.0,30.0,90.0,1.0,0.769,65.0,0.396,0.0,0.0,0.001165,0.001398,0.0,0.0,0.0,0.0,0.0,0.0
2026-06-01 21:14:00,1,Tomato,Loam,55.6587,389.6107,70.0,25.0,85.0,0.7,0.6813,60.0,4.3413,0.0,0.0,0.001147,0.001319,0.0,0.0,0.0,0.0,0.0,0.0
2026-06-01 21:14:00,2,Wheat,Sandy,42.7265,384.5382,60.0,18.0,78.0,0.9,0.5887,55.0,12.2735,0.0,0.0,0.001147,0.000975,0.0,0.0,0.0,0.0,0.0,0.0
2026-06-01 21:14:00,3,Maize,Clay,64.6038,646.0384,75.0,30.0,90.0,1.0,0.769,65.0,0.3962,0.0,0.0,0.001147,0.001376,0.0,0.0,0.0,0.0,0.0,0.0
2026-06-01 21:15:00,1,Tomato,Loam,55.6585,389.6094,70.0,25.0,85.0,0.7,0.6813,60.0,4.3415,0.0,0.0,0.001128,0.001297,0.0,0.0,0.0,0.0,0.0,0.0
2026-06-01 21:15:00,2,Wheat,Sandy,42.7264,384.5372,60.0,18.0,78.0,0.9,0.5887,55.0,12.2736,0.0,0.0,0.001128,0.000959,0.0,0.0,0.0,0.0,0.0,0.0
2026-06-01 21:15:00,3,Maize,Clay,64.6037,646.037,75.0,30.0,90.0,1.0,0.769,65.0,0.3963,0.0,0.0,0.001128,0.001354,0.0,0.0,0.0,0.0,0.0,0.0
2026-06-01 21:16:00,1,Tomato,Loam,55.6583,389.6082,70.0,25.0,85.0,0.7,0.6813,60.0,4.3417,0.0,0.0,0.001037,0.001193,0.0,0.0,0.0,0.0,0.0,0.0
2026-06-01 21:16:00,2,Wheat,Sandy,42.7263,384.5363,60.0,18.0,78.0,0.9,0.5887,55.0,12.2737,0.0,0.0,0.001037,0.000881,0.0,0.0,0.0,0.0,0.0,0.0
2026-06-01 21:16:00,3,Maize,Clay,64.6036,646.0358,75.0,30.0,90.0,1.0,0.769,65.0,0.3964,0.0,0.0,0.001037,0.001244,0.0,0.0,0.0,0.0,0.0,0.0
2026-06-01 21:17:00,1,Tomato,Loam,55.6582,389.6071,70.0,25.0,85.0,0.7,0.6813,60.0,4.3418,0.0,0.0,0.000987,0.001135,0.0,0.0,0.0,0.0,0.0,0.0
2026-06-01 21:17:00,2,Wheat,Sandy,42.7262,384.5355,60.0,18.0,78.0,0.9,0.5887,55.0,12.2738,0.0,0.0,0.000987,0.000839,0.0,0.0,0.0,0.0,0.0,0.0
2026-06-01 21:17:00,3,Maize,Clay,64.6035,646.0346,75.0,30.0,90.0,1.0,0.769,65.0,0.3965,0.0,0.0,0.000987,0.001184,0.0,0.0,0.0,0.0,0.0,0.0
2026-06-01 21:18:00,1,Tomato,Loam,55.658,389.6058,70.0,25.0,85.0,0.7,0.6813,60.0,4.342,0.0,0.0,0.001088,0.001251,0.0,0.0,0.0,0.0,0.0,0.0
2026-06-01 21:18:00,2,Wheat,Sandy,42.7261,384.5346,60.0,18.0,78.0,0.9,0.5887,55.0,12.2739,0.0,0.0,0.001088,0.000925,0.0,0.0,0.0,0.0,0.0,0.0
2026-06-01 21:18:00,3,Maize,Clay,64.6033,646.0333,75.0,30.0,90.0,1.0,0.769,65.0,0.3967,0.0,0.0,0.001088,0.001306,0.0,0.0,0.0,0.0,0.0,0.0
2026-06-01 21:19:00,1,Tomato,Loam,55.6578,389.6046,70.0,25.0,85.0,0.7,0.6813,60.0,4.3422,0.0,0.0,0.001007,0.001158,0.0,0.0,0.0,0.0,0.0,0.0
2026-06-01 21:19:00,2,Wheat,Sandy,42.726,384.5337,60.0,18.0,78.0,0.9,0.5887,55.0,12.274,0.0,0.0,0.001007,0.000856,0.0,0.0,0.0,0.0,0.0,0.0
2026-06-01 21:19:00,3,Maize,Clay,64.6032,646.0321,75.0,30.0,90.0,1.0,0.769,65.0,0.3968,0.0,0.0,0.001007,0.001208,0.0,0.0,0.0,0.0,0.0,0.0
2026-06-01 21:20:00,1,Tomato,Loam,55.6576,389.6031,70.0,25.0,85.0,0.7,0.6813,60.0,4.3424,0.0,0.0,0.001298,0.001493,0.0,0.0,0.0,0.0,0.0,0.0
2026-06-01 21:20:00,2,Wheat,Sandy,42.7258,384.5326,60.0,18.0,78.0,0.9,0.5887,55.0,12.2742,0.0,0.0,0.001298,0.001103,0.0,0.0,0.0,0.0,0.0,0.0
2026-06-01 21:20:00,3,Maize,Clay,64.6031,646.0305,75.0,30.0,90.0,1.0,0.769,65.0,0.3969,0.0,0.0,0.001298,0.001558,0.0,0.0,0.0,0.0,0.0,0.0
2026-06-01 21:21:00,1,Tomato,Loam,55.6574,389.6017,70.0,25.0,85.0,0.7,0.6813,60.0,4.3426,0.0,0.0,0.001189,0.001367,0.0,0.0,0.0,0.0,0.0,0.0
2026-06-01 21:21:00,2,Wheat,Sandy,42.7257,384.5316,60.0,18.0,78.0,0.9,0.5887,55.0,12.2743,0.0,0.0,0.001189,0.001011,0.0,0.0,0.0,0.0,0.0,0.0
2026-06-01 21:21:00,3,Maize,Clay,64.6029,646.0291,75.0,30.0,90.0,1.0,0.769,65.0,0.3971,0.0,0.0,0.001189,0.001427,0.0,0.0,0.0,0.0,0.0,0.0
2026-06-01 21:22:00,1,Tomato,Loam,55.6572,389.6005,70.0,25.0,85.0,0.7,0.6813,60.0,4.3428,0.0,0.0,0.001069,0.001229,0.0,0.0,0.0,0.0,0.0,0.0
2026-06-01 21:22:00,2,Wheat,Sandy,42.7256,384.5307,60.0,18.0,78.0,0.9,0.5887,55.0,12.2744,0.0,0.0,0.001069,0.000909,0.0,0.0,0.0,0.0,0.0,0.0
2026-06-01 21:22:00,3,Maize,Clay,64.6028,646.0278,75.0,30.0,90.0,1.0,0.769,65.0,0.3972,0.0,0.0,0.001069,0.001283,0.0,0.0,0.0,0.0,0.0,0.0
2026-06-01 21:23:00,1,Tomato,Loam,55.657,389.5992,70.0,25.0,85.0,0.7,0.6813,60.0,4.343,0.0,0.0,0.001117,0.001285,0.0,0.0,0.0,0.0,0.0,0.0
2026-06-01 21:23:00,2,Wheat,Sandy,42.7255,384.5298,60.0,18.0,78.0,0.9,0.5887,55.0,12.2745,0.0,0.0,0.001117,0.000949,0.0,0.0,0.0,0.0,0.0,0.0
2026-06-01 21:23:00,3,Maize,Clay,64.6026,646.0265,75.0,30.0,90.0,1.0,0.7689,65.0,0.3974,0.0,0.0,0.001117,0.00134,0.0,0.0,0.0,0.0,0.0,0.0
2026-06-01 21:24:00,1,Tomato,Loam,55.6569,389.598,70.0,25.0,85.0,0.7,0.6813,60.0,4.3431,0.0,0.0,0.001022,0.001175,0.0,0.0,0.0,0.0,0.0,0.0
2026-06-01 21:24:00,2,Wheat,Sandy,42.7254,384.5289,60.0,18.0,78.0,0.9,0.5887,55.0,12.2746,0.0,0.0,0.001022,0.000869,0.0,0.0,0.0,0.0,0.0,0.0
2026-06-01 21:24:00,3,Maize,Clay,64.6025,646.0253,75.0,30.0,90.0,1.0,0.7689,65.0,0.3975,0.0,0.0,0.001022,0.001226,0.0,0.0,0.0,0.0,0.0,0.0
2026-06-01 21:25:00,1,Tomato,Loam,55.6567,389.597,70.0,25.0,85.0,0.7,0.6813,60.0,4.3433,0.0,0.0,0.000869,0.000999,0.0,0.0,0.0,0.0,0.0,0.0
2026-06-01 21:25:00,2,Wheat,Sandy,42.7254,384.5282,60.0,18.0,78.0,0.9,0.5887,55.0,12.2746,0.0,0.0,0.000869,0.000739,0.0,0.0,0.0,0.0,0.0,0.0
2026-06-01 21:25:00,3,Maize,Clay,64.6024,646.0243,75.0,30.0,90.0,1.0,0.7689,65.0,0.3976,0.0,0.0,0.000869,0.001043,0.0,0.0,0.0,0.0,0.0,0.0
2026-06-01 21:26:00,1,Tomato,Loam,55.6566,389.5959,70.0,25.0,85.0,0.7,0.6813,60.0,4.3434,0.0,0.0,0.000989,0.001137,0.0,0.0,0.0,0.0,0.0,0.0
2026-06-01 21:26:00,2,Wheat,Sandy,42.7253,384.5274,60.0,18.0,78.0,0.9,0.5887,55.0,12.2747,0.0,0.0,0.000989,0.000841,0.0,0.0,0.0,0.0,0.0,0.0
2026-06-01 21:26:00,3,Maize,Clay,64.6023,646.0231,75.0,30.0,90.0,1.0,0.7689,65.0,0.3977,0.0,0.0,0.000989,0.001187,0.0,0.0,0.0,0.0,0.0,0.0
2026-06-01 21:27:00,1,Tomato,Loam,55.6564,389.5947,70.0,25.0,85.0,0.7,0.6813,60.0,4.3436,0.0,0.0,0.00104,0.001196,0.0,0.0,0.0,0.0,0.0,0.0
2026-06-01 21:27:00,2,Wheat,Sandy,42.7252,384.5265,60.0,18.0,78.0,0.9,0.5887,55.0,12.2748,0.0,0.0,0.00104,0.000884,0.0,0.0,0.0,0.0,0.0,0.0
2026-06-01 21:27:00,3,Maize,Clay,64.6022,646.0219,75.0,30.0,90.0,1.0,0.7689,65.0,0.3978,0.0,0.0,0.00104,0.001248,0.0,0.0,0.0,0.0,0.0,0.0
2026-06-01 21:28:00,1,Tomato,Loam,55.6562,389.5935,70.0,25.0,85.0,0.7,0.6812,60.0,4.3438,0.0,0.0,0.001066,0.001226,0.0,0.0,0.0,0.0,0.0,0.0
2026-06-01 21:28:00,2,Wheat,Sandy,42.7251,384.5256,60.0,18.0,78.0,0.9,0.5887,55.0,12.2749,0.0,0.0,0.001066,0.000906,0.0,0.0,0.0,0.0,0.0,0.0
2026-06-01 21:28:00,3,Maize,Clay,64.6021,646.0206,75.0,30.0,90.0,1.0,0.7689,65.0,0.3979,0.0,0.0,0.001066,0.001279,0.0,0.0,0.0,0.0,0.0,0.0
2026-06-01 21:29:00,1,Tomato,Loam,55.656,389.5923,70.0,25.0,85.0,0.7,0.6812,60.0,4.344,0.0,0.0,0.001056,0.001214,0.0,0.0,0.0,0.0,0.0,0.0
2026-06-01 21:29:00,2,Wheat,Sandy,42.725,384.5247,60.0,18.0,78.0,0.9,0.5887,55.0,12.275,0.0,0.0,0.001056,0.000898,0.0,0.0,0.0,0.0,0.0,0.0
2026-06-01 21:29:00,3,Maize,Clay,64.6019,646.0193,75.0,30.0,90.0,1.0,0.7689,65.0,0.3981,0.0,0.0,0.001056,0.001267,0.0,0.0,0.0,0.0,0.0,0.0
2026-06-01 21:30:00,1,Tomato,Loam,55.6559,389.5911,70.0,25.0,85.0,0.7,0.6812,60.0,4.3441,0.0,0.0,0.001082,0.001244,0.0,0.0,0.0,0.0,0.0,0.0
2026-06-01 21:30:00,2,Wheat,Sandy,42.7249,384.5238,60.0,18.0,78.0,0.9,0.5887,55.0,12.2751,0.0,0.0,0.001082,0.00092,0.0,0.0,0.0,0.0,0.0,0.0
2026-06-01 21:30:00,3,Maize,Clay,64.6018,646.018,75.0,30.0,90.0,1.0,0.7689,65.0,0.3982,0.0,0.0,0.001082,0.001298,0.0,0.0,0.0,0.0,0.0,0.0
2026-06-01 21:31:00,1,Tomato,Loam,55.6557,389.5901,70.0,25.0,85.0,0.7,0.6812,60.0,4.3443,0.0,0.0,0.000887,0.00102,0.0,0.0,0.0,0.0,0.0,0.0
2026-06-01 21:31:00,2,Wheat,Sandy,42.7248,384.523,60.0,18.0,78.0,0.9,0.5887,55.0,12.2752,0.0,0.0,0.000887,0.000754,0.0,0.0,0.0,0.0,0.0,0.0
2026-06-01 21:31:00,3,Maize,Clay,64.6017,646.0169,75.0,30.0,90.0,1.0,0.7689,65.0,0.3983,0.0,0.0,0.000887,0.001064,0.0,0.0,0.0,0.0,0.0,0.0
2026-06-01 21:32:00,1,Tomato,Loam,55.6556,389.5891,70.0,25.0,85.0,0.7,0.6812,60.0,4.3444,0.0,0.0,0.000892,0.001026,0.0,0.0,0.0,0.0,0.0,0.0
2026-06-01 21:32:00,2,Wheat,Sandy,42.7247,384.5222,60.0,18.0,78.0,0.9,0.5887,55.0,12.2753,0.0,0.0,0.000892,0.000758,0.0,0.0,0.0,0.0,0.0,0.0
2026-06-01 21:32:00,3,Maize,Clay,64.6016,646.0158,75.0,30.0,90.0,1.0,0.7689,65.0,0.3984,0.0,0.0,0.000892,0.00107,0.0,0.0,0.0,0.0,0.0,0.0
2026-06-01 21:33:00,1,Tomato,Loam,55.6554,389.5878,70.0,25.0,85.0,0.7,0.6812,60.0,4.3446,0.0,0.0,0.001111,0.001278,0.0,0.0,0.0,0.0,0.0,0.0
2026-06-01 21:33:00,2,Wheat,Sandy,42.7246,384.5213,60.0,18.0,78.0,0.9,0.5887,55.0,12.2754,0.0,0.0,0.001111,0.000944,0.0,0.0,0.0,0.0,0.0,0.0
2026-06-01 21:33:00,3,Maize,Clay,64.6014,646.0145,75.0,30.0,90.0,1.0,0.7689,65.0,0.3986,0.0,0.0,0.001111,0.001333,0.0,0.0,0.0,0.0,0.0,0.0
2026-06-01 21:34:00,1,Tomato,Loam,55.6552,389.5866,70.0,25.0,85.0,0.7,0.6812,60.0,4.3448,0.0,0.0,0.001082,0.001244,0.0,0.0,0.0,0.0,0.0,0.0
2026-06-01 21:34:00,2,Wheat,Sandy,42.7245,384.5204,60.0,18.0,78.0,0.9,0.5887,55.0,12.2755,0.0,0.0,0.001082,0.00092,0.0,0.0,0.0,0.0,0.0,0.0
2026-06-01 21:34:00,3,Maize,Clay,64.6013,646.0132,75.0,30.0,90.0,1.0,0.7689,65.0,0.3987,0.0,0.0,0.001082,0.001298,0.0,0.0,0.0,0.0,0.0,0.0
2026-06-01 21:35:00,1,Tomato,Loam,55.6551,389.5855,70.0,25.0,85.0,0.7,0.6812,60.0,4.3449,0.0,0.0,0.000939,0.00108,0.0,0.0,0.0,0.0,0.0,0.0
2026-06-01 21:35:00,2,Wheat,Sandy,42.7244,384.5196,60.0,18.0,78.0,0.9,0.5887,55.0,12.2756,0.0,0.0,0.000939,0.000798,0.0,0.0,0.0,0.0,0.0,0.0
2026-06-01 21:35:00,3,Maize,Clay,64.6012,646.0121,75.0,30.0,90.0,1.0,0.7689,65.0,0.3988,0.0,0.0,0.000939,0.001127,0.0,0.0,0.0,0.0,0.0,0.0
2026-06-01 21:36:00,1,Tomato,Loam,55.6549,389.5845,70.0,25.0,85.0,0.7,0.6812,60.0,4.3451,0.0,0.0,0.000912,0.001049,0.0,0.0,0.0,0.0,0.0,0.0
2026-06-01 21:36:00,2,Wheat,Sandy,42.7243,384.5188,60.0,18.0,78.0,0.9,0.5887,55.0,12.2757,0.0,0.0,0.000912,0.000775,0.0,0.0,0.0,0.0,0.0,0.0
2026-06-01 21:36:00,3,Maize,Clay,64.6011,646.011,75.0,30.0,90.0,1.0,0.7689,65.0,0.3989,0.0,0.0,0.000912,0.001094,0.0,0.0,0.0,0.0,0.0,0.0
2026-06-01 21:37:00,1,Tomato,Loam,55.6548,389.5834,70.0,25.0,85.0,0.7,0.6812,60.0,4.3452,0.0,0.0,0.000924,0.001063,0.0,0.0,0.0,0.0,0.0,0.0
2026-06-01 21:37:00,2,Wheat,Sandy,42.7242,384.518,60.0,18.0,78.0,0.9,0.5887,55.0,12.2758,0.0,0.0,0.000924,0.000785,0.0,0.0,0.0,0.0,0.0,0.0
2026-06-01 21:37:00,3,Maize,Clay,64.601,646.0099,75.0,30.0,90.0,1.0,0.7689,65.0,0.399,0.0,0.0,0.000924,0.001109,0.0,0.0,0.0,0.0,0.0,0.0
2026-06-01 21:38:00,1,Tomato,Loam,55.6546,389.5823,70.0,25.0,85.0,0.7,0.6812,60.0,4.3454,0.0,0.0,0.000962,0.001106,0.0,0.0,0.0,0.0,0.0,0.0
2026-06-01 21:38:00,2,Wheat,Sandy,42.7241,384.5172,60.0,18.0,78.0,0.9,0.5887,55.0,12.2759,0.0,0.0,0.000962,0.000818,0.0,0.0,0.0,0.0,0.0,0.0
2026-06-01 21:38:00,3,Maize,Clay,64.6009,646.0087,75.0,30.0,90.0,1.0,0.7689,65.0,0.3991,0.0,0.0,0.000962,0.001154,0.0,0.0,0.0,0.0,0.0,0.0
2026-06-01 21:39:00,1,Tomato,Loam,55.6545,389.5812,70.0,25.0,85.0,0.7,0.6812,60.0,4.3455,0.0,0.0,0.000991,0.00114,0.0,0.0,0.0,0.0,0.0,0.0
2026-06-01 21:39:00,2,Wheat,Sandy,42.724,384.5164,60.0,18.0,78.0,0.9,0.5887,55.0,12.276,0.0,0.0,0.000991,0.000842,0.0,0.0,0.0,0.0,0.0,0.0
2026-06-01 21:39:00,3,Maize,Clay,64.6008,646.0075,75.0,30.0,90.0,1.0,0.7689,65.0,0.3992,0.0,0.0,0.000991,0.001189,0.0,0.0,0.0,0.0,0.0,0.0
2026-06-01 21:40:00,1,Tomato,Loam,55.6543,389.5798,70.0,25.0,85.0,0.7,0.6812,60.0,4.3457,0.0,0.0,0.00119,0.001368,0.0,0.0,0.0,0.0,0.0,0.0
2026-06-01 21:40:00,2,Wheat,Sandy,42.7239,384.5154,60.0,18.0,78.0,0.9,0.5887,55.0,12.2761,0.0,0.0,0.00119,0.001012,0.0,0.0,0.0,0.0,0.0,0.0
2026-06-01 21:40:00,3,Maize,Clay,64.6006,646.0061,75.0,30.0,90.0,1.0,0.7689,65.0,0.3994,0.0,0.0,0.00119,0.001428,0.0,0.0,0.0,0.0,0.0,0.0
2026-06-01 21:41:00,1,Tomato,Loam,55.6541,389.5788,70.0,25.0,85.0,0.7,0.6812,60.0,4.3459,0.0,0.0,0.000912,0.001049,0.0,0.0,0.0,0.0,0.0,0.0
2026-06-01 21:41:00,2,Wheat,Sandy,42.7238,384.5146,60.0,18.0,78.0,0.9,0.5887,55.0,12.2762,0.0,0.0,0.000912,0.000775,0.0,0.0,0.0,0.0,0.0,0.0
2026-06-01 21:41:00,3,Maize,Clay,64.6005,646.005,75.0,30.0,90.0,1.0,0.7689,65.0,0.3995,0.0,0.0,0.000912,0.001094,0.0,0.0,0.0,0.0,0.0,0.0
2026-06-01 21:42:00,1,Tomato,Loam,55.6539,389.5776,70.0,25.0,85.0,0.7,0.6812,60.0,4.3461,0.0,0.0,0.001033,0.001188,0.0,0.0,0.0,0.0,0.0,0.0
2026-06-01 21:42:00,2,Wheat,Sandy,42.7237,384.5137,60.0,18.0,78.0,0.9,0.5887,55.0,12.2763,0.0,0.0,0.001033,0.000878,0.0,0.0,0.0,0.0,0.0,0.0
2026-06-01 21:42:00,3,Maize,Clay,64.6004,646.0038,75.0,30.0,90.0,1.0,0.7689,65.0,0.3996,0.0,0.0,0.001033,0.00124,0.0,0.0,0.0,0.0,0.0,0.0
2026-06-01 21:43:00,1,Tomato,Loam,55.6538,389.5768,70.0,25.0,85.0,0.7,0.6812,60.0,4.3462,0.0,0.0,0.0007,0.000805,0.0,0.0,0.0,0.0,0.0,0.0
2026-06-01 21:43:00,2,Wheat,Sandy,42.7237,384.5131,60.0,18.0,78.0,0.9,0.5887,55.0,12.2763,0.0,0.0,0.0007,0.000595,0.0,0.0,0.0,0.0,0.0,0.0
2026-06-01 21:43:00,3,Maize,Clay,64.6003,646.003,75.0,30.0,90.0,1.0,0.7689,65.0,0.3997,0.0,0.0,0.0007,0.00084,0.0,0.0,0.0,0.0,0.0,0.0
2026-06-01 21:44:00,1,Tomato,Loam,55.6537,389.5758,70.0,25.0,85.0,0.7,0.6812,60.0,4.3463,0.0,0.0,0.000854,0.000982,0.0,0.0,0.0,0.0,0.0,0.0
2026-06-01 21:44:00,2,Wheat,Sandy,42.7236,384.5124,60.0,18.0,78.0,0.9,0.5887,55.0,12.2764,0.0,0.0,0.000854,0.000726,0.0,0.0,0.0,0.0,0.0,0.0
2026-06-01 21:44:00,3,Maize,Clay,64.6002,646.002,75.0,30.0,90.0,1.0,0.7689,65.0,0.3998,0.0,0.0,0.000854,0.001025,0.0,0.0,0.0,0.0,0.0,0.0
2026-06-01 21:45:00,1,Tomato,Loam,55.6535,389.5747,70.0,25.0,85.0,0.7,0.6812,60.0,4.3465,0.0,0.0,0.000991,0.00114,0.0,0.0,0.0,0.0,0.0,0.0
2026-06-01 21:45:00,2,Wheat,Sandy,42.7235,384.5116,60.0,18.0,78.0,0.9,0.5887,55.0,12.2765,0.0,0.0,0.000991,0.000842,0.0,0.0,0.0,0.0,0.0,0.0
2026-06-01 21:45:00,3,Maize,Clay,64.6001,646.0008,75.0,30.0,90.0,1.0,0.7689,65.0,0.3999,0.0,0.0,0.000991,0.001189,0.0,0.0,0.0,0.0,0.0,0.0
2026-06-01 21:46:00,1,Tomato,Loam,55.6534,389.5736,70.0,25.0,85.0,0.7,0.6812,60.0,4.3466,0.0,0.0,0.000922,0.00106,0.0,0.0,0.0,0.0,0.0,0.0
2026-06-01 21:46:00,2,Wheat,Sandy,42.7234,384.5108,60.0,18.0,78.0,0.9,0.5887,55.0,12.2766,0.0,0.0,0.000922,0.000784,0.0,0.0,0.0,0.0,0.0,0.0
2026-06-01 21:46:00,3,Maize,Clay,64.6,645.9997,75.0,30.0,90.0,1.0,0.7689,65.0,0.4,0.0,0.0,0.000922,0.001106,0.0,0.0,0.0,0.0,0.0,0.0
2026-06-01 21:47:00,1,Tomato,Loam,55.6533,389.5732,70.0,25.0,85.0,0.7,0.6812,60.0,4.3467,0.0,0.0,0.000389,0.000447,0.0,0.0,0.0,0.0,0.0,0.0
2026-06-01 21:47:00,2,Wheat,Sandy,42.7234,384.5105,60.0,18.0,78.0,0.9,0.5887,55.0,12.2766,0.0,0.0,0.000389,0.000331,0.0,0.0,0.0,0.0,0.0,0.0
2026-06-01 21:47:00,3,Maize,Clay,64.5999,645.9992,75.0,30.0,90.0,1.0,0.7689,65.0,0.4001,0.0,0.0,0.000389,0.000467,0.0,0.0,0.0,0.0,0.0,0.0
2026-06-01 21:48:00,1,Tomato,Loam,55.6532,389.5721,70.0,25.0,85.0,0.7,0.6812,60.0,4.3468,0.0,0.0,0.00093,0.00107,0.0,0.0,0.0,0.0,0.0,0.0
2026-06-01 21:48:00,2,Wheat,Sandy,42.7233,384.5097,60.0,18.0,78.0,0.9,0.5887,55.0,12.2767,0.0,0.0,0.00093,0.000791,0.0,0.0,0.0,0.0,0.0,0.0
2026-06-01 21:48:00,3,Maize,Clay,64.5998,645.9981,75.0,30.0,90.0,1.0,0.7689,65.0,0.4002,0.0,0.0,0.00093,0.001116,0.0,0.0,0.0,0.0,0.0,0.0
2026-06-01 21:49:00,1,Tomato,Loam,55.653,389.5709,70.0,25.0,85.0,0.7,0.6812,60.0,4.347,0.0,0.0,0.001042,0.001198,0.0,0.0,0.0,0.0,0.0,0.0
2026-06-01 21:49:00,2,Wheat,Sandy,42.7232,384.5088,60.0,18.0,78.0,0.9,0.5886,55.0,12.2768,0.0,0.0,0.001042,0.000886,0.0,0.0,0.0,0.0,0.0,0.0
2026-06-01 21:49:00,3,Maize,Clay,64.5997,645.9968,75.0,30.0,90.0,1.0,0.7689,65.0,0.4003,0.0,0.0,0.001042,0.00125,0.0,0.0,0.0,0.0,0.0,0.0
2026-06-01 21:50:00,1,Tomato,Loam,55.6529,389.5702,70.0,25.0,85.0,0.7,0.6812,60.0,4.3471,0.0,0.0,0.000626,0.00072,0.0,0.0,0.0,0.0,0.0,0.0
2026-06-01 21:50:00,2,Wheat,Sandy,42.7231,384.5083,60.0,18.0,78.0,0.9,0.5886,55.0,12.2769,0.0,0.0,0.000626,0.000532,0.0,0.0,0.0,0.0,0.0,0.0
2026-06-01 21:50:00,3,Maize,Clay,64.5996,645.996,75.0,30.0,90.0,1.0,0.7689,65.0,0.4004,0.0,0.0,0.000626,0.000751,0.0,0.0,0.0,0.0,0.0,0.0
2026-06-01 21:51:00,1,Tomato,Loam,55.6527,389.569,70.0,25.0,85.0,0.7,0.6812,60.0,4.3473,0.0,0.0,0.001032,0.001187,0.0,0.0,0.0,0.0,0.0,0.0
2026-06-01 21:51:00,2,Wheat,Sandy,42.723,384.5074,60.0,18.0,78.0,0.9,0.5886,55.0,12.277,0.0,0.0,0.001032,0.000877,0.0,0.0,0.0,0.0,0.0,0.0
2026-06-01 21:51:00,3,Maize,Clay,64.5995,645.9948,75.0,30.0,90.0,1.0,0.7689,65.0,0.4005,0.0,0.0,0.001032,0.001238,0.0,0.0,0.0,0.0,0.0,0.0
2026-06-01 21:52:00,1,Tomato,Loam,55.6526,389.5684,70.0,25.0,85.0,0.7,0.6812,60.0,4.3474,0.0,0.0,0.000534,0.000614,0.0,0.0,0.0,0.0,0.0,0.0
2026-06-01 21:52:00,2,Wheat,Sandy,42.723,384.5069,60.0,18.0,78.0,0.9,0.5886,55.0,12.277,0.0,0.0,0.000534,0.000454,0.0,0.0,0.0,0.0,0.0,0.0
2026-06-01 21:52:00,3,Maize,Clay,64.5994,645.9942,75.0,30.0,90.0,1.0,0.7689,65.0,0.4006,0.0,0.0,0.000534,0.000641,0.0,0.0,0.0,0.0,0.0,0.0
2026-06-01 21:53:00,1,Tomato,Loam,55.6525,389.5673,70.0,25.0,85.0,0.7,0.6812,60.0,4.3475,0.0,0.0,0.000984,0.001132,0.0,0.0,0.0,0.0,0.0,0.0
2026-06-01 21:53:00,2,Wheat,Sandy,42.7229,384.5061,60.0,18.0,78.0,0.9,0.5886,55.0,12.2771,0.0,0.0,0.000984,0.000836,0.0,0.0,0.0,0.0,0.0,0.0
2026-06-01 21:53:00,3,Maize,Clay,64.5993,645.993,75.0,30.0,90.0,1.0,0.7689,65.0,0.4007,0.0,0.0,0.000984,0.001181,0.0,0.0,0.0,0.0,0.0,0.0
2026-06-01 21:54:00,1,Tomato,Loam,55.6523,389.5663,70.0,25.0,85.0,0.7,0.6812,60.0,4.3477,0.0,0.0,0.000843,0.000969,0.0,0.0,0.0,0.0,0.0,0.0
2026-06-01 21:54:00,2,Wheat,Sandy,42.7228,384.5054,60.0,18.0,78.0,0.9,0.5886,55.0,12.2772,0.0,0.0,0.000843,0.000717,0.0,0.0,0.0,0.0,0.0,0.0
2026-06-01 21:54:00,3,Maize,Clay,64.5992,645.992,75.0,30.0,90.0,1.0,0.7689,65.0,0.4008,0.0,0.0,0.000843,0.001012,0.0,0.0,0.0,0.0,0.0,0.0
2026-06-01 21:55:00,1,Tomato,Loam,55.6522,389.5656,70.0,25.0,85.0,0.7,0.6812,60.0,4.3478,0.0,0.0,0.000617,0.00071,0.0,0.0,0.0,0.0,0.0,0.0
2026-06-01 21:55:00,2,Wheat,Sandy,42.7228,384.5049,60.0,18.0,78.0,0.9,0.5886,55.0,12.2772,0.0,0.0,0.000617,0.000524,0.0,0.0,0.0,0.0,0.0,0.0
2026-06-01 21:55:00,3,Maize,Clay,64.5991,645.9913,75.0,30.0,90.0,1.0,0.7689,65.0,0.4009,0.0,0.0,0.000617,0.00074,0.0,0.0,0.0,0.0,0.0,0.0
2026-06-01 21:56:00,1,Tomato,Loam,55.6521,389.5646,70.0,25.0,85.0,0.7,0.6812,60.0,4.3479,0.0,0.0,0.000882,0.001014,0.0,0.0,0.0,0.0,0.0,0.0
2026-06-01 21:56:00,2,Wheat,Sandy,42.7227,384.5042,60.0,18.0,78.0,0.9,0.5886,55.0,12.2773,0.0,0.0,0.000882,0.00075,0.0,0.0,0.0,0.0,0.0,0.0
2026-06-01 21:56:00,3,Maize,Clay,64.599,645.9902,75.0,30.0,90.0,1.0,0.7689,65.0,0.401,0.0,0.0,0.000882,0.001058,0.0,0.0,0.0,0.0,0.0,0.0
2026-06-01 21:57:00,1,Tomato,Loam,55.6519,389.5635,70.0,25.0,85.0,0.7,0.6812,60.0,4.3481,0.0,0.0,0.000994,0.001143,0.0,0.0,0.0,0.0,0.0,0.0
2026-06-01 21:57:00,2,Wheat,Sandy,42.7226,384.5034,60.0,18.0,78.0,0.9,0.5886,55.0,12.2774,0.0,0.0,0.000994,0.000845,0.0,0.0,0.0,0.0,0.0,0.0
2026-06-01 21:57:00,3,Maize,Clay,64.5989,645.989,75.0,30.0,90.0,1.0,0.7689,65.0,0.4011,0.0,0.0,0.000994,0.001193,0.0,0.0,0.0,0.0,0.0,0.0
2026-06-01 21:58:00,1,Tomato,Loam,55.6518,389.5625,70.0,25.0,85.0,0.7,0.6812,60.0,4.3482,0.0,0.0,0.00088,0.001012,0.0,0.0,0.0,0.0,0.0,0.0
2026-06-01 21:58:00,2,Wheat,Sandy,42.7225,384.5027,60.0,18.0,78.0,0.9,0.5886,55.0,12.2775,0.0,0.0,0.00088,0.000748,0.0,0.0,0.0,0.0,0.0,0.0
2026-06-01 21:58:00,3,Maize,Clay,64.5988,645.9879,75.0,30.0,90.0,1.0,0.7689,65.0,0.4012,0.0,0.0,0.00088,0.001056,0.0,0.0,0.0,0.0,0.0,0.0
2026-06-01 21:59:00,1,Tomato,Loam,55.6516,389.5615,70.0,25.0,85.0,0.7,0.6811,60.0,4.3484,0.0,0.0,0.000902,0.001037,0.0,0.0,0.0,0.0,0.0,0.0
2026-06-01 21:59:00,2,Wheat,Sandy,42.7224,384.5019,60.0,18.0,78.0,0.9,0.5886,55.0,12.2776,0.0,0.0,0.000902,0.000767,0.0,0.0,0.0,0.0,0.0,0.0
2026-06-01 21:59:00,3,Maize,Clay,64.5987,645.9868,75.0,30.0,90.0,1.0,0.7689,65.0,0.4013,0.0,0.0,0.000902,0.001082,0.0,0.0,0.0,0.0,0.0,0.0
2026-06-01 22:00:00,1,Tomato,Loam,55.6515,389.5606,70.0,25.0,85.0,0.7,0.6811,60.0,4.3485,0.0,0.0,0.000779,0.000896,0.0,0.0,0.0,0.0,0.0,0.0
2026-06-01 22:00:00,2,Wheat,Sandy,42.7224,384.5012,60.0,18.0,78.0,0.9,0.5886,55.0,12.2776,0.0,0.0,0.000779,0.000662,0.0,0.0,0.0,0.0,0.0,0.0
2026-06-01 22:00:00,3,Maize,Clay,64.5986,645.9859,75.0,30.0,90.0,1.0,0.7689,65.0,0.4014,0.0,0.0,0.000779,0.000935,0.0,0.0,0.0,0.0,0.0,0.0
2026-06-01 22:01:00,1,Tomato,Loam,55.6514,389.5599,70.0,25.0,85.0,0.7,0.6811,60.0,4.3486,0.0,0.0,0.000626,0.00072,0.0,0.0,0.0,0.0,0.0,0.0
2026-06-01 22:01:00,2,Wheat,Sandy,42.7223,384.5007,60.0,18.0,78.0,0.9,0.5886,55.0,12.2777,0.0,0.0,0.000626,0.000532,0.0,0.0,0.0,0.0,0.0,0.0
2026-06-01 22:01:00,3,Maize,Clay,64.5985,645.9851,75.0,30.0,90.0,1.0,0.7689,65.0,0.4015,0.0,0.0,0.000626,0.000751,0.0,0.0,0.0,0.0,0.0,0.0
2026-06-01 22:02:00,1,Tomato,Loam,55.6513,389.5589,70.0,25.0,85.0,0.7,0.6811,60.0,4.3487,0.0,0.0,0.000873,0.001004,0.0,0.0,0.0,0.0,0.0,0.0
2026-06-01 22:02:00,2,Wheat,Sandy,42.7222,384.5,60.0,18.0,78.0,0.9,0.5886,55.0,12.2778,0.0,0.0,0.000873,0.000742,0.0,0.0,0.0,0.0,0.0,0.0
2026-06-01 22:02:00,3,Maize,Clay,64.5984,645.9841,75.0,30.0,90.0,1.0,0.7689,65.0,0.4016,0.0,0.0,0.000873,0.001048,0.0,0.0,0.0,0.0,0.0,0.0
2026-06-01 22:03:00,1,Tomato,Loam,55.6511,389.5578,70.0,25.0,85.0,0.7,0.6811,60.0,4.3489,0.0,0.0,0.00092,0.001058,0.0,0.0,0.0,0.0,0.0,0.0
2026-06-01 22:03:00,2,Wheat,Sandy,42.7221,384.4992,60.0,18.0,78.0,0.9,0.5886,55.0,12.2779,0.0,0.0,0.00092,0.000782,0.0,0.0,0.0,0.0,0.0,0.0
2026-06-01 22:03:00,3,Maize,Clay,64.5983,645.983,75.0,30.0,90.0,1.0,0.7689,65.0,0.4017,0.0,0.0,0.00092,0.001104,0.0,0.0,0.0,0.0,0.0,0.0
2026-06-01 22:04:00,1,Tomato,Loam,55.651,389.5568,70.0,25.0,85.0,0.7,0.6811,60.0,4.349,0.0,0.0,0.000896,0.00103,0.0,0.0,0.0,0.0,0.0,0.0
2026-06-01 22:04:00,2,Wheat,Sandy,42.722,384.4984,60.0,18.0,78.0,0.9,0.5886,55.0,12.278,0.0,0.0,0.000896,0.000762,0.0,0.0,0.0,0.0,0.0,0.0
2026-06-01 22:04:00,3,Maize,Clay,64.5982,645.9819,75.0,30.0,90.0,1.0,0.7688,65.0,0.4018,0.0,0.0,0.000896,0.001075,0.0,0.0,0.0,0.0,0.0,0.0
2026-06-01 22:05:00,1,Tomato,Loam,55.6509,389.5561,70.0,25.0,85.0,0.7,0.6811,60.0,4.3491,0.0,0.0,0.000594,0.000683,0.0,0.0,0.0,0.0,0.0,0.0
2026-06-01 22:05:00,2,Wheat,Sandy,42.722,384.4979,60.0,18.0,78.0,0.9,0.5886,55.0,12.278,0.0,0.0,0.000594,0.000505,0.0,0.0,0.0,0.0,0.0,0.0
2026-06-01 22:05:00,3,Maize,Clay,64.5981,645.9812,75.0,30.0,90.0,1.0,0.7688,65.0,0.4019,0.0,0.0,0.000594,0.000713,0.0,0.0,0.0,0.0,0.0,0.0
2026-06-01 22:06:00,1,Tomato,Loam,55.6508,389.5554,70.0,25.0,85.0,0.7,0.6811,60.0,4.3492,0.0,0.0,0.00063,0.000724,0.0,0.0,0.0,0.0,0.0,0.0
2026-06-01 22:06:00,2,Wheat,Sandy,42.7219,384.4974,60.0,18.0,78.0,0.9,0.5886,55.0,12.2781,0.0,0.0,0.00063,0.000536,0.0,0.0,0.0,0.0,0.0,0.0
2026-06-01 22:06:00,3,Maize,Clay,64.598,645.9804,75.0,30.0,90.0,1.0,0.7688,65.0,0.402,0.0,0.0,0.00063,0.000756,0.0,0.0,0.0,0.0,0.0,0.0
2026-06-01 22:07:00,1,Tomato,Loam,55.6507,389.5546,70.0,25.0,85.0,0.7,0.6811,60.0,4.3493,0.0,0.0,0.00066,0.000759,0.0,0.0,0.0,0.0,0.0,0.0
2026-06-01 22:07:00,2,Wheat,Sandy,42.7219,384.4968,60.0,18.0,78.0,0.9,0.5886,55.0,12.2781,0.0,0.0,0.00066,0.000561,0.0,0.0,0.0,0.0,0.0,0.0
2026-06-01 22:07:00,3,Maize,Clay,64.598,645.9796,75.0,30.0,90.0,1.0,0.7688,65.0,0.402,0.0,0.0,0.00066,0.000792,0.0,0.0,0.0,0.0,0.0,0.0
2026-06-01 22:08:00,1,Tomato,Loam,55.6506,389.5539,70.0,25.0,85.0,0.7,0.6811,60.0,4.3494,0.0,0.0,0.000589,0.000677,0.0,0.0,0.0,0.0,0.0,0.0
2026-06-01 22:08:00,2,Wheat,Sandy,42.7218,384.4963,60.0,18.0,78.0,0.9,0.5886,55.0,12.2782,0.0,0.0,0.000589,0.000501,0.0,0.0,0.0,0.0,0.0,0.0
2026-06-01 22:08:00,3,Maize,Clay,64.5979,645.9789,75.0,30.0,90.0,1.0,0.7688,65.0,0.4021,0.0,0.0,0.000589,0.000707,0.0,0.0,0.0,0.0,0.0,0.0
2026-06-01 22:09:00,1,Tomato,Loam,55.6504,389.553,70.0,25.0,85.0,0.7,0.6811,60.0,4.3496,0.0,0.0,0.000793,0.000912,0.0,0.0,0.0,0.0,0.0,0.0
2026-06-01 22:09:00,2,Wheat,Sandy,42.7217,384.4956,60.0,18.0,78.0,0.9,0.5886,55.0,12.2783,0.0,0.0,0.000793,0.000674,0.0,0.0,0.0,0.0,0.0,0.0
2026-06-01 22:09:00,3,Maize,Clay,64.5978,645.9779,75.0,30.0,90.0,1.0,0.7688,65.0,0.4022,0.0,0.0,0.000793,0.000952,0.0,0.0,0.0,0.0,0.0,0.0
2026-06-01 22:10:00,1,Tomato,Loam,55.6503,389.5521,70.0,25.0,85.0,0.7,0.6811,60.0,4.3497,0.0,0.0,0.00078,0.000897,0.0,0.0,0.0,0.0,0.0,0.0
2026-06-01 22:10:00,2,Wheat,Sandy,42.7217,384.4949,60.0,18.0,78.0,0.9,0.5886,55.0,12.2783,0.0,0.0,0.00078,0.000663,0.0,0.0,0.0,0.0,0.0,0.0
2026-06-01 22:10:00,3,Maize,Clay,64.5977,645.977,75.0,30.0,90.0,1.0,0.7688,65.0,0.4023,0.0,0.0,0.00078,0.000936,0.0,0.0,0.0,0.0,0.0,0.0
2026-06-01 22:11:00,1,Tomato,Loam,55.6502,389.5514,70.0,25.0,85.0,0.7,0.6811,60.0,4.3498,0.0,0.0,0.000594,0.000683,0.0,0.0,0.0,0.0,0.0,0.0
2026-06-01 22:11:00,2,Wheat,Sandy,42.7216,384.4944,60.0,18.0,78.0,0.9,0.5886,55.0,12.2784,0.0,0.0,0.000594,0.000505,0.0,0.0,0.0,0.0,0.0,0.0
2026-06-01 22:11:00,3,Maize,Clay,64.5976,645.9763,75.0,30.0,90.0,1.0,0.7688,65.0,0.4024,0.0,0.0,0.000594,0.000713,0.0,0.0,0.0,0.0,0.0,0.0
2026-06-01 22:12:00,1,Tomato,Loam,55.6501,389.5504,70.0,25.0,85.0,0.7,0.6811,60.0,4.3499,0.0,0.0,0.000842,0.000968,0.0,0.0,0.0,0.0,0.0,0.0
2026-06-01 22:12:00,2,Wheat,Sandy,42.7215,384.4937,60.0,18.0,78.0,0.9,0.5886,55.0,12.2785,0.0,0.0,0.000842,0.000716,0.0,0.0,0.0,0.0,0.0,0.0
2026-06-01 22:12:00,3,Maize,Clay,64.5975,645.9753,75.0,30.0,90.0,1.0,0.7688,65.0,0.4025,0.0,0.0,0.000842,0.00101,0.0,0.0,0.0,0.0,0.0,0.0
2026-06-01 22:13:00,1,Tomato,Loam,55.6499,389.5495,70.0,25.0,85.0,0.7,0.6811,60.0,4.3501,0.0,0.0,0.000819,0.000942,0.0,0.0,0.0,0.0,0.0,0.0
2026-06-01 22:13:00,2,Wheat,Sandy,42.7214,384.493,60.0,18.0,78.0,0.9,0.5886,55.0,12.2786,0.0,0.0,0.000819,0.000696,0.0,0.0,0.0,0.0,0.0,0.0
2026-06-01 22:13:00,3,Maize,Clay,64.5974,645.9743,75.0,30.0,90.0,1.0,0.7688,65.0,0.4026,0.0,0.0,0.000819,0.000983,0.0,0.0,0.0,0.0,0.0,0.0
2026-06-01 22:14:00,1,Tomato,Loam,55.6498,389.5487,70.0,25.0,85.0,0.7,0.6811,60.0,4.3502,0.0,0.0,0.000693,0.000797,0.0,0.0,0.0,0.0,0.0,0.0
2026-06-01 22:14:00,2,Wheat,Sandy,42.7214,384.4924,60.0,18.0,78.0,0.9,0.5886,55.0,12.2786,0.0,0.0,0.000693,0.000589,0.0,0.0,0.0,0.0,0.0,0.0
2026-06-01 22:14:00,3,Maize,Clay,64.5973,645.9735,75.0,30.0,90.0,1.0,0.7688,65.0,0.4027,0.0,0.0,0.000693,0.000832,0.0,0.0,0.0,0.0,0.0,0.0
2026-06-01 22:15:00,1,Tomato,Loam,55.6497,389.5479,70.0,25.0,85.0,0.7,0.6811,60.0,4.3503,0.0,0.0,0.00073,0.000839,0.0,0.0,0.0,0.0,0.0,0.0
2026-06-01 22:15:00,2,Wheat,Sandy,42.7213,384.4918,60.0,18.0,78.0,0.9,0.5886,55.0,12.2787,0.0,0.0,0.00073,0.00062,0.0,0.0,0.0,0.0,0.0,0.0
2026-06-01 22:15:00,3,Maize,Clay,64.5973,645.9726,75.0,30.0,90.0,1.0,0.7688,65.0,0.4027,0.0,0.0,0.00073,0.000876,0.0,0.0,0.0,0.0,0.0,0.0
2026-06-01 22:16:00,1,Tomato,Loam,55.6496,389.5473,70.0,25.0,85.0,0.7,0.6811,60.0,4.3504,0.0,0.0,0.000523,0.000601,0.0,0.0,0.0,0.0,0.0,0.0
2026-06-01 22:16:00,2,Wheat,Sandy,42.7213,384.4914,60.0,18.0,78.0,0.9,0.5886,55.0,12.2787,0.0,0.0,0.000523,0.000445,0.0,0.0,0.0,0.0,0.0,0.0
2026-06-01 22:16:00,3,Maize,Clay,64.5972,645.972,75.0,30.0,90.0,1.0,0.7688,65.0,0.4028,0.0,0.0,0.000523,0.000628,0.0,0.0,0.0,0.0,0.0,0.0
2026-06-01 22:17:00,1,Tomato,Loam,55.6495,389.5465,70.0,25.0,85.0,0.7,0.6811,60.0,4.3505,0.0,0.0,0.000698,0.000803,0.0,0.0,0.0,0.0,0.0,0.0
2026-06-01 22:17:00,2,Wheat,Sandy,42.7212,384.4908,60.0,18.0,78.0,0.9,0.5886,55.0,12.2788,0.0,0.0,0.000698,0.000593,0.0,0.0,0.0,0.0,0.0,0.0
2026-06-01 22:17:00,3,Maize,Clay,64.5971,645.9712,75.0,30.0,90.0,1.0,0.7688,65.0,0.4029,0.0,0.0,0.000698,0.000838,0.0,0.0,0.0,0.0,0.0,0.0
2026-06-01 22:18:00,1,Tomato,Loam,55.6494,389.5457,70.0,25.0,85.0,0.7,0.6811,60.0,4.3506,0.0,0.0,0.000737,0.000848,0.0,0.0,0.0,0.0,0.0,0.0
2026-06-01 22:18:00,2,Wheat,Sandy,42.7211,384.4902,60.0,18.0,78.0,0.9,0.5886,55.0,12.2789,0.0,0.0,0.000737,0.000626,0.0,0.0,0.0,0.0,0.0,0.0
2026-06-01 22:18:00,3,Maize,Clay,64.597,645.9703,75.0,30.0,90.0,1.0,0.7688,65.0,0.403,0.0,0.0,0.000737,0.000884,0.0,0.0,0.0,0.0,0.0,0.0
2026-06-01 22:19:00,1,Tomato,Loam,55.6493,389.5449,70.0,25.0,85.0,0.7,0.6811,60.0,4.3507,0.0,0.0,0.000737,0.000848,0.0,0.0,0.0,0.0,0.0,0.0
2026-06-01 22:19:00,2,Wheat,Sandy,42.7211,384.4896,60.0,18.0,78.0,0.9,0.5886,55.0,12.2789,0.0,0.0,0.000737,0.000626,0.0,0.0,0.0,0.0,0.0,0.0
2026-06-01 22:19:00,3,Maize,Clay,64.5969,645.9694,75.0,30.0,90.0,1.0,0.7688,65.0,0.4031,0.0,0.0,0.000737,0.000884,0.0,0.0,0.0,0.0,0.0,0.0
2026-06-01 22:20:00,1,Tomato,Loam,55.6492,389.5441,70.0,25.0,85.0,0.7,0.6811,60.0,4.3508,0.0,0.0,0.000714,0.000821,0.0,0.0,0.0,0.0,0.0,0.0
2026-06-01 22:20:00,2,Wheat,Sandy,42.721,384.489,60.0,18.0,78.0,0.9,0.5886,55.0,12.279,0.0,0.0,0.000714,0.000607,0.0,0.0,0.0,0.0,0.0,0.0
2026-06-01 22:20:00,3,Maize,Clay,64.5969,645.9685,75.0,30.0,90.0,1.0,0.7688,65.0,0.4031,0.0,0.0,0.000714,0.000857,0.0,0.0,0.0,0.0,0.0,0.0
2026-06-01 22:21:00,1,Tomato,Loam,55.649,389.5433,70.0,25.0,85.0,0.7,0.6811,60.0,4.351,0.0,0.0,0.00073,0.000839,0.0,0.0,0.0,0.0,0.0,0.0
2026-06-01 22:21:00,2,Wheat,Sandy,42.7209,384.4884,60.0,18.0,78.0,0.9,0.5886,55.0,12.2791,0.0,0.0,0.00073,0.00062,0.0,0.0,0.0,0.0,0.0,0.0
2026-06-01 22:21:00,3,Maize,Clay,64.5968,645.9676,75.0,30.0,90.0,1.0,0.7688,65.0,0.4032,0.0,0.0,0.00073,0.000876,0.0,0.0,0.0,0.0,0.0,0.0
2026-06-01 22:22:00,1,Tomato,Loam,55.6489,389.5426,70.0,25.0,85.0,0.7,0.6811,60.0,4.3511,0.0,0.0,0.000633,0.000728,0.0,0.0,0.0,0.0,0.0,0.0
2026-06-01 22:22:00,2,Wheat,Sandy,42.7209,384.4879,60.0,18.0,78.0,0.9,0.5886,55.0,12.2791,0.0,0.0,0.000633,0.000538,0.0,0.0,0.0,0.0,0.0,0.0
2026-06-01 22:22:00,3,Maize,Clay,64.5967,645.9668,75.0,30.0,90.0,1.0,0.7688,65.0,0.4033,0.0,0.0,0.000633,0.00076,0.0,0.0,0.0,0.0,0.0,0.0
2026-06-01 22:23:00,1,Tomato,Loam,55.6488,389.5418,70.0,25.0,85.0,0.7,0.6811,60.0,4.3512,0.0,0.0,0.000734,0.000844,0.0,0.0,0.0,0.0,0.0,0.0
2026-06-01 22:23:00,2,Wheat,Sandy,42.7208,384.4873,60.0,18.0,78.0,0.9,0.5886,55.0,12.2792,0.0,0.0,0.000734,0.000624,0.0,0.0,0.0,0.0,0.0,0.0
2026-06-01 22:23:00,3,Maize,Clay,64.5966,645.9659,75.0,30.0,90.0,1.0,0.7688,65.0,0.4034,0.0,0.0,0.000734,0.000881,0.0,0.0,0.0,0.0,0.0,0.0
2026-06-01 22:24:00,1,Tomato,Loam,55.6487,389.5409,70.0,25.0,85.0,0.7,0.6811,60.0,4.3513,0.0,0.0,0.000783,0.0009,0.0,0.0,0.0,0.0,0.0,0.0
2026-06-01 22:24:00,2,Wheat,Sandy,42.7207,384.4866,60.0,18.0,78.0,0.9,0.5886,55.0,12.2793,0.0,0.0,0.000783,0.000666,0.0,0.0,0.0,0.0,0.0,0.0
2026-06-01 22:24:00,3,Maize,Clay,64.5965,645.965,75.0,30.0,90.0,1.0,0.7688,65.0,0.4035,0.0,0.0,0.000783,0.00094,0.0,0.0,0.0,0.0,0.0,0.0
2026-06-01 22:25:00,1,Tomato,Loam,55.6486,389.5401,70.0,25.0,85.0,0.7,0.6811,60.0,4.3514,0.0,0.0,0.000703,0.000808,0.0,0.0,0.0,0.0,0.0,0.0
2026-06-01 22:25:00,2,Wheat,Sandy,42.7207,384.486,60.0,18.0,78.0,0.9,0.5886,55.0,12.2793,0.0,0.0,0.000703,0.000598,0.0,0.0,0.0,0.0,0.0,0.0
2026-06-01 22:25:00,3,Maize,Clay,64.5964,645.9642,75.0,30.0,90.0,1.0,0.7688,65.0,0.4036,0.0,0.0,0.000703,0.000844,0.0,0.0,0.0,0.0,0.0,0.0
2026-06-01 22:26:00,1,Tomato,Loam,55.6485,389.5393,70.0,25.0,85.0,0.7,0.6811,60.0,4.3515,0.0,0.0,0.000711,0.000818,0.0,0.0,0.0,0.0,0.0,0.0
2026-06-01 22:26:00,2,Wheat,Sandy,42.7206,384.4854,60.0,18.0,78.0,0.9,0.5886,55.0,12.2794,0.0,0.0,0.000711,0.000604,0.0,0.0,0.0,0.0,0.0,0.0
2026-06-01 22:26:00,3,Maize,Clay,64.5963,645.9633,75.0,30.0,90.0,1.0,0.7688,65.0,0.4037,0.0,0.0,0.000711,0.000853,0.0,0.0,0.0,0.0,0.0,0.0
2026-06-01 22:27:00,1,Tomato,Loam,55.6484,389.5386,70.0,25.0,85.0,0.7,0.6811,60.0,4.3516,0.0,0.0,0.000617,0.00071,0.0,0.0,0.0,0.0,0.0,0.0
2026-06-01 22:27:00,2,Wheat,Sandy,42.7205,384.4849,60.0,18.0,78.0,0.9,0.5886,55.0,12.2795,0.0,0.0,0.000617,0.000524,0.0,0.0,0.0,0.0,0.0,0.0
2026-06-01 22:27:00,3,Maize,Clay,64.5963,645.9626,75.0,30.0,90.0,1.0,0.7688,65.0,0.4037,0.0,0.0,0.000617,0.00074,0.0,0.0,0.0,0.0,0.0,0.0
2026-06-01 22:28:00,1,Tomato,Loam,55.6483,389.5379,70.0,25.0,85.0,0.7,0.6811,60.0,4.3517,0.0,0.0,0.000627,0.000721,0.0,0.0,0.0,0.0,0.0,0.0
2026-06-01 22:28:00,2,Wheat,Sandy,42.7205,384.4844,60.0,18.0,78.0,0.9,0.5886,55.0,12.2795,0.0,0.0,0.000627,0.000533,0.0,0.0,0.0,0.0,0.0,0.0
2026-06-01 22:28:00,3,Maize,Clay,64.5962,645.9618,75.0,30.0,90.0,1.0,0.7688,65.0,0.4038,0.0,0.0,0.000627,0.000752,0.0,0.0,0.0,0.0,0.0,0.0
2026-06-01 22:29:00,1,Tomato,Loam,55.6482,389.5371,70.0,25.0,85.0,0.7,0.6811,60.0,4.3518,0.0,0.0,0.000699,0.000804,0.0,0.0,0.0,0.0,0.0,0.0
2026-06-01 22:29:00,2,Wheat,Sandy,42.7204,384.4838,60.0,18.0,78.0,0.9,0.5886,55.0,12.2796,0.0,0.0,0.000699,0.000594,0.0,0.0,0.0,0.0,0.0,0.0
2026-06-01 22:29:00,3,Maize,Clay,64.5961,645.961,75.0,30.0,90.0,1.0,0.7688,65.0,0.4039,0.0,0.0,0.000699,0.000839,0.0,0.0,0.0,0.0,0.0,0.0
2026-06-01 22:30:00,1,Tomato,Loam,55.6481,389.5364,70.0,25.0,85.0,0.7,0.6811,60.0,4.3519,0.0,0.0,0.000584,0.000672,0.0,0.0,0.0,0.0,0.0,0.0
2026-06-01 22:30:00,2,Wheat,Sandy,42.7204,384.4833,60.0,18.0,78.0,0.9,0.5886,55.0,12.2796,0.0,0.0,0.000584,0.000496,0.0,0.0,0.0,0.0,0.0,0.0
2026-06-01 22:30:00,3,Maize,Clay,64.596,645.9603,75.0,30.0,90.0,1.0,0.7688,65.0,0.404,0.0,0.0,0.000584,0.000701,0.0,0.0,0.0,0.0,0.0,0.0
2026-06-01 22:31:00,1,Tomato,Loam,55.6479,389.5356,70.0,25.0,85.0,0.7,0.6811,60.0,4.3521,0.0,0.0,0.000691,0.000795,0.0,0.0,0.0,0.0,0.0,0.0
2026-06-01 22:31:00,2,Wheat,Sandy,42.7203,384.4827,60.0,18.0,78.0,0.9,0.5886,55.0,12.2797,0.0,0.0,0.000691,0.000587,0.0,0.0,0.0,0.0,0.0,0.0
2026-06-01 22:31:00,3,Maize,Clay,64.5959,645.9595,75.0,30.0,90.0,1.0,0.7688,65.0,0.4041,0.0,0.0,0.000691,0.000829,0.0,0.0,0.0,0.0,0.0,0.0
2026-06-01 22:32:00,1,Tomato,Loam,55.6478,389.5349,70.0,25.0,85.0,0.7,0.6811,60.0,4.3522,0.0,0.0,0.000648,0.000745,0.0,0.0,0.0,0.0,0.0,0.0
2026-06-01 22:32:00,2,Wheat,Sandy,42.7202,384.4821,60.0,18.0,78.0,0.9,0.5886,55.0,12.2798,0.0,0.0,0.000648,0.000551,0.0,0.0,0.0,0.0,0.0,0.0
2026-06-01 22:32:00,3,Maize,Clay,64.5959,645.9587,75.0,30.0,90.0,1.0,0.7688,65.0,0.4041,0.0,0.0,0.000648,0.000778,0.0,0.0,0.0,0.0,0.0,0.0
2026-06-01 22:33:00,1,Tomato,Loam,55.6477,389.5342,70.0,25.0,85.0,0.7,0.6811,60.0,4.3523,0.0,0.0,0.000601,0.000691,0.0,0.0,0.0,0.0,0.0,0.0
2026-06-01 22:33:00,2,Wheat,Sandy,42.7202,384.4816,60.0,18.0,78.0,0.9,0.5886,55.0,12.2798,0.0,0.0,0.000601,0.000511,0.0,0.0,0.0,0.0,0.0,0.0
2026-06-01 22:33:00,3,Maize,Clay,64.5958,645.958,75.0,30.0,90.0,1.0,0.7688,65.0,0.4042,0.0,0.0,0.000601,0.000721,0.0,0.0,0.0,0.0,0.0,0.0
2026-06-01 22:34:00,1,Tomato,Loam,55.6476,389.5335,70.0,25.0,85.0,0.7,0.6811,60.0,4.3524,0.0,0.0,0.000616,0.000708,0.0,0.0,0.0,0.0,0.0,0.0
2026-06-01 22:34:00,2,Wheat,Sandy,42.7201,384.4811,60.0,18.0,78.0,0.9,0.5886,55.0,12.2799,0.0,0.0,0.000616,0.000524,0.0,0.0,0.0,0.0,0.0,0.0
2026-06-01 22:34:00,3,Maize,Clay,64.5957,645.9573,75.0,30.0,90.0,1.0,0.7688,65.0,0.4043,0.0,0.0,0.000616,0.000739,0.0,0.0,0.0,0.0,0.0,0.0
2026-06-01 22:35:00,1,Tomato,Loam,55.6475,389.5328,70.0,25.0,85.0,0.7,0.6811,60.0,4.3525,0.0,0.0,0.000589,0.000677,0.0,0.0,0.0,0.0,0.0,0.0
2026-06-01 22:35:00,2,Wheat,Sandy,42.7201,384.4806,60.0,18.0,78.0,0.9,0.5886,55.0,12.2799,0.0,0.0,0.000589,0.000501,0.0,0.0,0.0,0.0,0.0,0.0
2026-06-01 22:35:00,3,Maize,Clay,64.5957,645.9566,75.0,30.0,90.0,1.0,0.7688,65.0,0.4043,0.0,0.0,0.000589,0.000707,0.0,0.0,0.0,0.0,0.0,0.0
2026-06-01 22:36:00,1,Tomato,Loam,55.6475,389.5323,70.0,25.0,85.0,0.7,0.6811,60.0,4.3525,0.0,0.0,0.000463,0.000532,0.0,0.0,0.0,0.0,0.0,0.0
2026-06-01 22:36:00,2,Wheat,Sandy,42.72,384.4802,60.0,18.0,78.0,0.9,0.5886,55.0,12.28,0.0,0.0,0.000463,0.000394,0.0,0.0,0.0,0.0,0.0,0.0
2026-06-01 22:36:00,3,Maize,Clay,64.5956,645.956,75.0,30.0,90.0,1.0,0.7688,65.0,0.4044,0.0,0.0,0.000463,0.000556,0.0,0.0,0.0,0.0,0.0,0.0
2026-06-01 22:37:00,1,Tomato,Loam,55.6474,389.5315,70.0,25.0,85.0,0.7,0.6811,60.0,4.3526,0.0,0.0,0.000656,0.000754,0.0,0.0,0.0,0.0,0.0,0.0
2026-06-01 22:37:00,2,Wheat,Sandy,42.72,384.4796,60.0,18.0,78.0,0.9,0.5886,55.0,12.28,0.0,0.0,0.000656,0.000558,0.0,0.0,0.0,0.0,0.0,0.0
2026-06-01 22:37:00,3,Maize,Clay,64.5955,645.9552,75.0,30.0,90.0,1.0,0.7688,65.0,0.4045,0.0,0.0,0.000656,0.000787,0.0,0.0,0.0,0.0,0.0,0.0
2026-06-01 22:38:00,1,Tomato,Loam,55.6473,389.5308,70.0,25.0,85.0,0.7,0.6811,60.0,4.3527,0.0,0.0,0.00064,0.000736,0.0,0.0,0.0,0.0,0.0,0.0
2026-06-01 22:38:00,2,Wheat,Sandy,42.7199,384.4791,60.0,18.0,78.0,0.9,0.5886,55.0,12.2801,0.0,0.0,0.00064,0.000544,0.0,0.0,0.0,0.0,0.0,0.0
2026-06-01 22:38:00,3,Maize,Clay,64.5954,645.9544,75.0,30.0,90.0,1.0,0.7688,65.0,0.4046,0.0,0.0,0.00064,0.000768,0.0,0.0,0.0,0.0,0.0,0.0
2026-06-01 22:39:00,1,Tomato,Loam,55.6471,389.53,70.0,25.0,85.0,0.7,0.681,60.0,4.3529,0.0,0.0,0.000684,0.000787,0.0,0.0,0.0,0.0,0.0,0.0
2026-06-01 22:39:00,2,Wheat,Sandy,42.7198,384.4785,60.0,18.0,78.0,0.9,0.5886,55.0,12.2802,0.0,0.0,0.000684,0.000581,0.0,0.0,0.0,0.0,0.0,0.0
2026-06-01 22:39:00,3,Maize,Clay,64.5954,645.9536,75.0,30.0,90.0,1.0,0.7688,65.0,0.4046,0.0,0.0,0.000684,0.000821,0.0,0.0,0.0,0.0,0.0,0.0
2026-06-01 22:40:00,1,Tomato,Loam,55.6471,389.5294,70.0,25.0,85.0,0.7,0.681,60.0,4.3529,0.0,0.0,0.000562,0.000646,0.0,0.0,0.0,0.0,0.0,0.0
2026-06-01 22:40:00,2,Wheat,Sandy,42.7198,384.478,60.0,18.0,78.0,0.9,0.5886,55.0,12.2802,0.0,0.0,0.000562,0.000478,0.0,0.0,0.0,0.0,0.0,0.0
2026-06-01 22:40:00,3,Maize,Clay,64.5953,645.9529,75.0,30.0,90.0,1.0,0.7688,65.0,0.4047,0.0,0.0,0.000562,0.000674,0.0,0.0,0.0,0.0,0.0,0.0
2026-06-01 22:41:00,1,Tomato,Loam,55.6469,389.5285,70.0,25.0,85.0,0.7,0.681,60.0,4.3531,0.0,0.0,0.000815,0.000937,0.0,0.0,0.0,0.0,0.0,0.0
2026-06-01 22:41:00,2,Wheat,Sandy,42.7197,384.4773,60.0,18.0,78.0,0.9,0.5886,55.0,12.2803,0.0,0.0,0.000815,0.000693,0.0,0.0,0.0,0.0,0.0,0.0
2026-06-01 22:41:00,3,Maize,Clay,64.5952,645.9519,75.0,30.0,90.0,1.0,0.7688,65.0,0.4048,0.0,0.0,0.000815,0.000978,0.0,0.0,0.0,0.0,0.0,0.0
2026-06-01 22:42:00,1,Tomato,Loam,55.6468,389.5279,70.0,25.0,85.0,0.7,0.681,60.0,4.3532,0.0,0.0,0.000563,0.000647,0.0,0.0,0.0,0.0,0.0,0.0
2026-06-01 22:42:00,2,Wheat,Sandy,42.7196,384.4768,60.0,18.0,78.0,0.9,0.5886,55.0,12.2804,0.0,0.0,0.000563,0.000479,0.0,0.0,0.0,0.0,0.0,0.0
2026-06-01 22:42:00,3,Maize,Clay,64.5951,645.9512,75.0,30.0,90.0,1.0,0.7688,65.0,0.4049,0.0,0.0,0.000563,0.000676,0.0,0.0,0.0,0.0,0.0,0.0
2026-06-01 22:43:00,1,Tomato,Loam,55.6468,389.5273,70.0,25.0,85.0,0.7,0.681,60.0,4.3532,0.0,0.0,0.000541,0.000622,0.0,0.0,0.0,0.0,0.0,0.0
2026-06-01 22:43:00,2,Wheat,Sandy,42.7196,384.4763,60.0,18.0,78.0,0.9,0.5886,55.0,12.2804,0.0,0.0,0.000541,0.00046,0.0,0.0,0.0,0.0,0.0,0.0
2026-06-01 22:43:00,3,Maize,Clay,64.5951,645.9506,75.0,30.0,90.0,1.0,0.7688,65.0,0.4049,0.0,0.0,0.000541,0.000649,0.0,0.0,0.0,0.0,0.0,0.0
2026-06-01 22:44:00,1,Tomato,Loam,55.6467,389.5267,70.0,25.0,85.0,0.7,0.681,60.0,4.3533,0.0,0.0,0.000497,0.000572,0.0,0.0,0.0,0.0,0.0,0.0
2026-06-01 22:44:00,2,Wheat,Sandy,42.7195,384.4759,60.0,18.0,78.0,0.9,0.5886,55.0,12.2805,0.0,0.0,0.000497,0.000422,0.0,0.0,0.0,0.0,0.0,0.0
2026-06-01 22:44:00,3,Maize,Clay,64.595,645.95,75.0,30.0,90.0,1.0,0.7688,65.0,0.405,0.0,0.0,0.000497,0.000596,0.0,0.0,0.0,0.0,0.0,0.0
2026-06-01 22:45:00,1,Tomato,Loam,55.6466,389.5262,70.0,25.0,85.0,0.7,0.681,60.0,4.3534,0.0,0.0,0.000433,0.000498,0.0,0.0,0.0,0.0,0.0,0.0
2026-06-01 22:45:00,2,Wheat,Sandy,42.7195,384.4755,60.0,18.0,78.0,0.9,0.5886,55.0,12.2805,0.0,0.0,0.000433,0.000368,0.0,0.0,0.0,0.0,0.0,0.0
2026-06-01 22:45:00,3,Maize,Clay,64.5949,645.9495,75.0,30.0,90.0,1.0,0.7688,65.0,0.4051,0.0,0.0,0.000433,0.00052,0.0,0.0,0.0,0.0,0.0,0.0
2026-06-01 22:46:00,1,Tomato,Loam,55.6465,389.5254,70.0,25.0,85.0,0.7,0.681,60.0,4.3535,0.0,0.0,0.000709,0.000815,0.0,0.0,0.0,0.0,0.0,0.0
2026-06-01 22:46:00,2,Wheat,Sandy,42.7194,384.4749,60.0,18.0,78.0,0.9,0.5886,55.0,12.2806,0.0,0.0,0.000709,0.000603,0.0,0.0,0.0,0.0,0.0,0.0
2026-06-01 22:46:00,3,Maize,Clay,64.5949,645.9486,75.0,30.0,90.0,1.0,0.7688,65.0,0.4051,0.0,0.0,0.000709,0.000851,0.0,0.0,0.0,0.0,0.0,0.0
2026-06-01 22:47:00,1,Tomato,Loam,55.6464,389.5246,70.0,25.0,85.0,0.7,0.681,60.0,4.3536,0.0,0.0,0.00072,0.000828,0.0,0.0,0.0,0.0,0.0,0.0
2026-06-01 22:47:00,2,Wheat,Sandy,42.7194,384.4743,60.0,18.0,78.0,0.9,0.5886,55.0,12.2806,0.0,0.0,0.00072,0.000612,0.0,0.0,0.0,0.0,0.0,0.0
2026-06-01 22:47:00,3,Maize,Clay,64.5948,645.9477,75.0,30.0,90.0,1.0,0.7688,65.0,0.4052,0.0,0.0,0.00072,0.000864,0.0,0.0,0.0,0.0,0.0,0.0
2026-06-01 22:48:00,1,Tomato,Loam,55.6463,389.5238,70.0,25.0,85.0,0.7,0.681,60.0,4.3537,0.0,0.0,0.000665,0.000765,0.0,0.0,0.0,0.0,0.0,0.0
2026-06-01 22:48:00,2,Wheat,Sandy,42.7193,384.4737,60.0,18.0,78.0,0.9,0.5886,55.0,12.2807,0.0,0.0,0.000665,0.000565,0.0,0.0,0.0,0.0,0.0,0.0
2026-06-01 22:48:00,3,Maize,Clay,64.5947,645.9469,75.0,30.0,90.0,1.0,0.7688,65.0,0.4053,0.0,0.0,0.000665,0.000798,0.0,0.0,0.0,0.0,0.0,0.0
2026-06-01 22:49:00,1,Tomato,Loam,55.6462,389.5232,70.0,25.0,85.0,0.7,0.681,60.0,4.3538,0.0,0.0,0.000489,0.000562,0.0,0.0,0.0,0.0,0.0,0.0
2026-06-01 22:49:00,2,Wheat,Sandy,42.7193,384.4733,60.0,18.0,78.0,0.9,0.5886,55.0,12.2807,0.0,0.0,0.000489,0.000416,0.0,0.0,0.0,0.0,0.0,0.0
2026-06-01 22:49:00,3,Maize,Clay,64.5946,645.9463,75.0,30.0,90.0,1.0,0.7688,65.0,0.4054,0.0,0.0,0.000489,0.000587,0.0,0.0,0.0,0.0,0.0,0.0
2026-06-01 22:50:00,1,Tomato,Loam,55.6461,389.5224,70.0,25.0,85.0,0.7,0.681,60.0,4.3539,0.0,0.0,0.000714,0.000821,0.0,0.0,0.0,0.0,0.0,0.0
2026-06-01 22:50:00,2,Wheat,Sandy,42.7192,384.4727,60.0,18.0,78.0,0.9,0.5886,55.0,12.2808,0.0,0.0,0.000714,0.000607,0.0,0.0,0.0,0.0,0.0,0.0
2026-06-01 22:50:00,3,Maize,Clay,64.5945,645.9454,75.0,30.0,90.0,1.0,0.7688,65.0,0.4055,0.0,0.0,0.000714,0.000857,0.0,0.0,0.0,0.0,0.0,0.0
2026-06-01 22:51:00,1,Tomato,Loam,55.646,389.5218,70.0,25.0,85.0,0.7,0.681,60.0,4.354,0.0,0.0,0.000554,0.000637,0.0,0.0,0.0,0.0,0.0,0.0
2026-06-01 22:51:00,2,Wheat,Sandy,42.7191,384.4722,60.0,18.0,78.0,0.9,0.5886,55.0,12.2809,0.0,0.0,0.000554,0.000471,0.0,0.0,0.0,0.0,0.0,0.0
2026-06-01 22:51:00,3,Maize,Clay,64.5945,645.9447,75.0,30.0,90.0,1.0,0.7688,65.0,0.4055,0.0,0.0,0.000554,0.000665,0.0,0.0,0.0,0.0,0.0,0.0
2026-06-01 22:52:00,1,Tomato,Loam,55.6459,389.5212,70.0,25.0,85.0,0.7,0.681,60.0,4.3541,0.0,0.0,0.000538,0.000619,0.0,0.0,0.0,0.0,0.0,0.0
2026-06-01 22:52:00,2,Wheat,Sandy,42.7191,384.4717,60.0,18.0,78.0,0.9,0.5885,55.0,12.2809,0.0,0.0,0.000538,0.000457,0.0,0.0,0.0,0.0,0.0,0.0
2026-06-01 22:52:00,3,Maize,Clay,64.5944,645.9441,75.0,30.0,90.0,1.0,0.7688,65.0,0.4056,0.0,0.0,0.000538,0.000646,0.0,0.0,0.0,0.0,0.0,0.0
2026-06-01 22:53:00,1,Tomato,Loam,55.6458,389.5204,70.0,25.0,85.0,0.7,0.681,60.0,4.3542,0.0,0.0,0.000693,0.000797,0.0,0.0,0.0,0.0,0.0,0.0
2026-06-01 22:53:00,2,Wheat,Sandy,42.719,384.4711,60.0,18.0,78.0,0.9,0.5885,55.0,12.281,0.0,0.0,0.000693,0.000589,0.0,0.0,0.0,0.0,0.0,0.0
2026-06-01 22:53:00,3,Maize,Clay,64.5943,645.9433,75.0,30.0,90.0,1.0,0.7688,65.0,0.4057,0.0,0.0,0.000693,0.000832,0.0,0.0,0.0,0.0,0.0,0.0
2026-06-01 22:54:00,1,Tomato,Loam,55.6457,389.5197,70.0,25.0,85.0,0.7,0.681,60.0,4.3543,0.0,0.0,0.000626,0.00072,0.0,0.0,0.0,0.0,0.0,0.0
2026-06-01 22:54:00,2,Wheat,Sandy,42.719,384.4706,60.0,18.0,78.0,0.9,0.5885,55.0,12.281,0.0,0.0,0.000626,0.000532,0.0,0.0,0.0,0.0,0.0,0.0
2026-06-01 22:54:00,3,Maize,Clay,64.5943,645.9425,75.0,30.0,90.0,1.0,0.7688,65.0,0.4057,0.0,0.0,0.000626,0.000751,0.0,0.0,0.0,0.0,0.0,0.0
2026-06-01 22:55:00,1,Tomato,Loam,55.6456,389.5189,70.0,25.0,85.0,0.7,0.681,60.0,4.3544,0.0,0.0,0.000735,0.000845,0.0,0.0,0.0,0.0,0.0,0.0
2026-06-01 22:55:00,2,Wheat,Sandy,42.7189,384.47,60.0,18.0,78.0,0.9,0.5885,55.0,12.2811,0.0,0.0,0.000735,0.000625,0.0,0.0,0.0,0.0,0.0,0.0
2026-06-01 22:55:00,3,Maize,Clay,64.5942,645.9416,75.0,30.0,90.0,1.0,0.7688,65.0,0.4058,0.0,0.0,0.000735,0.000882,0.0,0.0,0.0,0.0,0.0,0.0
2026-06-01 22:56:00,1,Tomato,Loam,55.6455,389.5182,70.0,25.0,85.0,0.7,0.681,60.0,4.3545,0.0,0.0,0.0006,0.00069,0.0,0.0,0.0,0.0,0.0,0.0
2026-06-01 22:56:00,2,Wheat,Sandy,42.7188,384.4695,60.0,18.0,78.0,0.9,0.5885,55.0,12.2812,0.0,0.0,0.0006,0.00051,0.0,0.0,0.0,0.0,0.0,0.0
2026-06-01 22:56:00,3,Maize,Clay,64.5941,645.9409,75.0,30.0,90.0,1.0,0.7688,65.0,0.4059,0.0,0.0,0.0006,0.00072,0.0,0.0,0.0,0.0,0.0,0.0
2026-06-01 22:57:00,1,Tomato,Loam,55.6454,389.5176,70.0,25.0,85.0,0.7,0.681,60.0,4.3546,0.0,0.0,0.000495,0.000569,0.0,0.0,0.0,0.0,0.0,0.0
2026-06-01 22:57:00,2,Wheat,Sandy,42.7188,384.4691,60.0,18.0,78.0,0.9,0.5885,55.0,12.2812,0.0,0.0,0.000495,0.000421,0.0,0.0,0.0,0.0,0.0,0.0
2026-06-01 22:57:00,3,Maize,Clay,64.594,645.9403,75.0,30.0,90.0,1.0,0.7688,65.0,0.406,0.0,0.0,0.000495,0.000594,0.0,0.0,0.0,0.0,0.0,0.0
2026-06-01 22:58:00,1,Tomato,Loam,55.6453,389.5171,70.0,25.0,85.0,0.7,0.681,60.0,4.3547,0.0,0.0,0.000471,0.000542,0.0,0.0,0.0,0.0,0.0,0.0
2026-06-01 22:58:00,2,Wheat,Sandy,42.7187,384.4687,60.0,18.0,78.0,0.9,0.5885,55.0,12.2813,0.0,0.0,0.000471,0.0004,0.0,0.0,0.0,0.0,0.0,0.0
2026-06-01 22:58:00,3,Maize,Clay,64.594,645.9397,75.0,30.0,90.0,1.0,0.7688,65.0,0.406,0.0,0.0,0.000471,0.000565,0.0,0.0,0.0,0.0,0.0,0.0
2026-06-01 22:59:00,1,Tomato,Loam,55.6452,389.5167,70.0,25.0,85.0,0.7,0.681,60.0,4.3548,0.0,0.0,0.000387,0.000445,0.0,0.0,0.0,0.0,0.0,0.0
2026-06-01 22:59:00,2,Wheat,Sandy,42.7187,384.4684,60.0,18.0,78.0,0.9,0.5885,55.0,12.2813,0.0,0.0,0.000387,0.000329,0.0,0.0,0.0,0.0,0.0,0.0
2026-06-01 22:59:00,3,Maize,Clay,64.5939,645.9392,75.0,30.0,90.0,1.0,0.7688,65.0,0.4061,0.0,0.0,0.000387,0.000464,0.0,0.0,0.0,0.0,0.0,0.0
2026-06-01 23:00:00,1,Tomato,Loam,55.6452,389.5161,70.0,25.0,85.0,0.7,0.681,60.0,4.3548,0.0,0.0,0.00052,0.000598,0.0,0.0,0.0,0.0,0.0,0.0
2026-06-01 23:00:00,2,Wheat,Sandy,42.7187,384.468,60.0,18.0,78.0,0.9,0.5885,55.0,12.2813,0.0,0.0,0.00052,0.000442,0.0,0.0,0.0,0.0,0.0,0.0
2026-06-01 23:00:00,3,Maize,Clay,64.5939,645.9386,75.0,30.0,90.0,1.0,0.7688,65.0,0.4061,0.0,0.0,0.00052,0.000624,0.0,0.0,0.0,0.0,0.0,0.0
2026-06-01 23:01:00,1,Tomato,Loam,55.6451,389.5154,70.0,25.0,85.0,0.7,0.681,60.0,4.3549,0.0,0.0,0.00057,0.000655,0.0,0.0,0.0,0.0,0.0,0.0
2026-06-01 23:01:00,2,Wheat,Sandy,42.7186,384.4675,60.0,18.0,78.0,0.9,0.5885,55.0,12.2814,0.0,0.0,0.00057,0.000484,0.0,0.0,0.0,0.0,0.0,0.0
2026-06-01 23:01:00,3,Maize,Clay,64.5938,645.9379,75.0,30.0,90.0,1.0,0.7688,65.0,0.4062,0.0,0.0,0.00057,0.000684,0.0,0.0,0.0,0.0,0.0,0.0
2026-06-01 23:02:00,1,Tomato,Loam,55.645,389.5147,70.0,25.0,85.0,0.7,0.681,60.0,4.355,0.0,0.0,0.00058,0.000667,0.0,0.0,0.0,0.0,0.0,0.0
2026-06-01 23:02:00,2,Wheat,Sandy,42.7186,384.467,60.0,18.0,78.0,0.9,0.5885,55.0,12.2814,0.0,0.0,0.00058,0.000493,0.0,0.0,0.0,0.0,0.0,0.0
2026-06-01 23:02:00,3,Maize,Clay,64.5937,645.9372,75.0,30.0,90.0,1.0,0.7687,65.0,0.4063,0.0,0.0,0.00058,0.000696,0.0,0.0,0.0,0.0,0.0,0.0
2026-06-01 23:03:00,1,Tomato,Loam,55.6449,389.5141,70.0,25.0,85.0,0.7,0.681,60.0,4.3551,0.0,0.0,0.000508,0.000584,0.0,0.0,0.0,0.0,0.0,0.0
2026-06-01 23:03:00,2,Wheat,Sandy,42.7185,384.4666,60.0,18.0,78.0,0.9,0.5885,55.0,12.2815,0.0,0.0,0.000508,0.000432,0.0,0.0,0.0,0.0,0.0,0.0
2026-06-01 23:03:00,3,Maize,Clay,64.5937,645.9366,75.0,30.0,90.0,1.0,0.7687,65.0,0.4063,0.0,0.0,0.000508,0.00061,0.0,0.0,0.0,0.0,0.0,0.0
2026-06-01 23:04:00,1,Tomato,Loam,55.6448,389.5136,70.0,25.0,85.0,0.7,0.681,60.0,4.3552,0.0,0.0,0.000414,0.000476,0.0,0.0,0.0,0.0,0.0,0.0
2026-06-01 23:04:00,2,Wheat,Sandy,42.7185,384.4662,60.0,18.0,78.0,0.9,0.5885,55.0,12.2815,0.0,0.0,0.000414,0.000352,0.0,0.0,0.0,0.0,0.0,0.0
2026-06-01 23:04:00,3,Maize,Clay,64.5936,645.9361,75.0,30.0,90.0,1.0,0.7687,65.0,0.4064,0.0,0.0,0.000414,0.000497,0.0,0.0,0.0,0.0,0.0,0.0
2026-06-01 23:05:00,1,Tomato,Loam,55.6447,389.513,70.0,25.0,85.0,0.7,0.681,60.0,4.3553,0.0,0.0,0.000541,0.000622,0.0,0.0,0.0,0.0,0.0,0.0
2026-06-01 23:05:00,2,Wheat,Sandy,42.7184,384.4657,60.0,18.0,78.0,0.9,0.5885,55.0,12.2816,0.0,0.0,0.000541,0.00046,0.0,0.0,0.0,0.0,0.0,0.0
2026-06-01 23:05:00,3,Maize,Clay,64.5935,645.9355,75.0,30.0,90.0,1.0,0.7687,65.0,0.4065,0.0,0.0,0.000541,0.000649,0.0,0.0,0.0,0.0,0.0,0.0
2026-06-01 23:06:00,1,Tomato,Loam,55.6446,389.5123,70.0,25.0,85.0,0.7,0.681,60.0,4.3554,0.0,0.0,0.000624,0.000718,0.0,0.0,0.0,0.0,0.0,0.0
2026-06-01 23:06:00,2,Wheat,Sandy,42.7184,384.4652,60.0,18.0,78.0,0.9,0.5885,55.0,12.2816,0.0,0.0,0.000624,0.00053,0.0,0.0,0.0,0.0,0.0,0.0
2026-06-01 23:06:00,3,Maize,Clay,64.5935,645.9348,75.0,30.0,90.0,1.0,0.7687,65.0,0.4065,0.0,0.0,0.000624,0.000749,0.0,0.0,0.0,0.0,0.0,0.0
2026-06-01 23:07:00,1,Tomato,Loam,55.6445,389.5117,70.0,25.0,85.0,0.7,0.681,60.0,4.3555,0.0,0.0,0.000522,0.0006,0.0,0.0,0.0,0.0,0.0,0.0
2026-06-01 23:07:00,2,Wheat,Sandy,42.7183,384.4648,60.0,18.0,78.0,0.9,0.5885,55.0,12.2817,0.0,0.0,0.000522,0.000444,0.0,0.0,0.0,0.0,0.0,0.0
2026-06-01 23:07:00,3,Maize,Clay,64.5934,645.9342,75.0,30.0,90.0,1.0,0.7687,65.0,0.4066,0.0,0.0,0.000522,0.000626,0.0,0.0,0.0,0.0,0.0,0.0
2026-06-01 23:08:00,1,Tomato,Loam,55.6444,389.5111,70.0,25.0,85.0,0.7,0.681,60.0,4.3556,0.0,0.0,0.000505,0.000581,0.0,0.0,0.0,0.0,0.0,0.0
2026-06-01 23:08:00,2,Wheat,Sandy,42.7183,384.4644,60.0,18.0,78.0,0.9,0.5885,55.0,12.2817,0.0,0.0,0.000505,0.000429,0.0,0.0,0.0,0.0,0.0,0.0
2026-06-01 23:08:00,3,Maize,Clay,64.5934,645.9336,75.0,30.0,90.0,1.0,0.7687,65.0,0.4066,0.0,0.0,0.000505,0.000606,0.0,0.0,0.0,0.0,0.0,0.0
2026-06-01 23:09:00,1,Tomato,Loam,55.6444,389.5106,70.0,25.0,85.0,0.7,0.681,60.0,4.3556,0.0,0.0,0.000418,0.000481,0.0,0.0,0.0,0.0,0.0,0.0
2026-06-01 23:09:00,2,Wheat,Sandy,42.7182,384.464,60.0,18.0,78.0,0.9,0.5885,55.0,12.2818,0.0,0.0,0.000418,0.000355,0.0,0.0,0.0,0.0,0.0,0.0
2026-06-01 23:09:00,3,Maize,Clay,64.5933,645.9331,75.0,30.0,90.0,1.0,0.7687,65.0,0.4067,0.0,0.0,0.000418,0.000502,0.0,0.0,0.0,0.0,0.0,0.0
2026-06-01 23:10:00,1,Tomato,Loam,55.6443,389.5099,70.0,25.0,85.0,0.7,0.681,60.0,4.3557,0.0,0.0,0.000575,0.000661,0.0,0.0,0.0,0.0,0.0,0.0
2026-06-01 23:10:00,2,Wheat,Sandy,42.7182,384.4635,60.0,18.0,78.0,0.9,0.5885,55.0,12.2818,0.0,0.0,0.000575,0.000489,0.0,0.0,0.0,0.0,0.0,0.0
2026-06-01 23:10:00,3,Maize,Clay,64.5932,645.9324,75.0,30.0,90.0,1.0,0.7687,65.0,0.4068,0.0,0.0,0.000575,0.00069,0.0,0.0,0.0,0.0,0.0,0.0
2026-06-01 23:11:00,1,Tomato,Loam,55.6442,389.5096,70.0,25.0,85.0,0.7,0.681,60.0,4.3558,0.0,0.0,0.000226,0.00026,0.0,0.0,0.0,0.0,0.0,0.0
2026-06-01 23:11:00,2,Wheat,Sandy,42.7181,384.4633,60.0,18.0,78.0,0.9,0.5885,55.0,12.2819,0.0,0.0,0.000226,0.000192,0.0,0.0,0.0,0.0,0.0,0.0
2026-06-01 23:11:00,3,Maize,Clay,64.5932,645.9321,75.0,30.0,90.0,1.0,0.7687,65.0,0.4068,0.0,0.0,0.000226,0.000271,0.0,0.0,0.0,0.0,0.0,0.0
2026-06-01 23:12:00,1,Tomato,Loam,55.6441,389.509,70.0,25.0,85.0,0.7,0.681,60.0,4.3559,0.0,0.0,0.000505,0.000581,0.0,0.0,0.0,0.0,0.0,0.0
2026-06-01 23:12:00,2,Wheat,Sandy,42.7181,384.4629,60.0,18.0,78.0,0.9,0.5885,55.0,12.2819,0.0,0.0,0.000505,0.000429,0.0,0.0,0.0,0.0,0.0,0.0
2026-06-01 23:12:00,3,Maize,Clay,64.5931,645.9315,75.0,30.0,90.0,1.0,0.7687,65.0,0.4069,0.0,0.0,0.000505,0.000606,0.0,0.0,0.0,0.0,0.0,0.0
2026-06-01 23:13:00,1,Tomato,Loam,55.644,389.5082,70.0,25.0,85.0,0.7,0.681,60.0,4.356,0.0,0.0,0.000667,0.000767,0.0,0.0,0.0,0.0,0.0,0.0
2026-06-01 23:13:00,2,Wheat,Sandy,42.718,384.4623,60.0,18.0,78.0,0.9,0.5885,55.0,12.282,0.0,0.0,0.000667,0.000567,0.0,0.0,0.0,0.0,0.0,0.0
2026-06-01 23:13:00,3,Maize,Clay,64.5931,645.9307,75.0,30.0,90.0,1.0,0.7687,65.0,0.4069,0.0,0.0,0.000667,0.0008,0.0,0.0,0.0,0.0,0.0,0.0
2026-06-01 23:14:00,1,Tomato,Loam,55.644,389.5078,70.0,25.0,85.0,0.7,0.681,60.0,4.356,0.0,0.0,0.00032,0.000368,0.0,0.0,0.0,0.0,0.0,0.0
2026-06-01 23:14:00,2,Wheat,Sandy,42.718,384.462,60.0,18.0,78.0,0.9,0.5885,55.0,12.282,0.0,0.0,0.00032,0.000272,0.0,0.0,0.0,0.0,0.0,0.0
2026-06-01 23:14:00,3,Maize,Clay,64.593,645.9303,75.0,30.0,90.0,1.0,0.7687,65.0,0.407,0.0,0.0,0.00032,0.000384,0.0,0.0,0.0,0.0,0.0,0.0
2026-06-01 23:15:00,1,Tomato,Loam,55.6439,389.5072,70.0,25.0,85.0,0.7,0.681,60.0,4.3561,0.0,0.0,0.000481,0.000553,0.0,0.0,0.0,0.0,0.0,0.0
2026-06-01 23:15:00,2,Wheat,Sandy,42.718,384.4616,60.0,18.0,78.0,0.9,0.5885,55.0,12.282,0.0,0.0,0.000481,0.000409,0.0,0.0,0.0,0.0,0.0,0.0
2026-06-01 23:15:00,3,Maize,Clay,64.593,645.9297,75.0,30.0,90.0,1.0,0.7687,65.0,0.407,0.0,0.0,0.000481,0.000577,0.0,0.0,0.0,0.0,0.0,0.0
2026-06-01 23:16:00,1,Tomato,Loam,55.6438,389.5067,70.0,25.0,85.0,0.7,0.681,60.0,4.3562,0.0,0.0,0.000466,0.000536,0.0,0.0,0.0,0.0,0.0,0.0
2026-06-01 23:16:00,2,Wheat,Sandy,42.7179,384.4612,60.0,18.0,78.0,0.9,0.5885,55.0,12.2821,0.0,0.0,0.000466,0.000396,0.0,0.0,0.0,0.0,0.0,0.0
2026-06-01 23:16:00,3,Maize,Clay,64.5929,645.9291,75.0,30.0,90.0,1.0,0.7687,65.0,0.4071,0.0,0.0,0.000466,0.000559,0.0,0.0,0.0,0.0,0.0,0.0
2026-06-01 23:17:00,1,Tomato,Loam,55.6437,389.5062,70.0,25.0,85.0,0.7,0.681,60.0,4.3563,0.0,0.0,0.000428,0.000492,0.0,0.0,0.0,0.0,0.0,0.0
2026-06-01 23:17:00,2,Wheat,Sandy,42.7179,384.4608,60.0,18.0,78.0,0.9,0.5885,55.0,12.2821,0.0,0.0,0.000428,0.000364,0.0,0.0,0.0,0.0,0.0,0.0
2026-06-01 23:17:00,3,Maize,Clay,64.5929,645.9286,75.0,30.0,90.0,1.0,0.7687,65.0,0.4071,0.0,0.0,0.000428,0.000514,0.0,0.0,0.0,0.0,0.0,0.0
2026-06-01 23:18:00,1,Tomato,Loam,55.6437,389.5056,70.0,25.0,85.0,0.7,0.681,60.0,4.3563,0.0,0.0,0.000559,0.000643,0.0,0.0,0.0,0.0,0.0,0.0
2026-06-01 23:18:00,2,Wheat,Sandy,42.7178,384.4603,60.0,18.0,78.0,0.9,0.5885,55.0,12.2822,0.0,0.0,0.000559,0.000475,0.0,0.0,0.0,0.0,0.0,0.0
2026-06-01 23:18:00,3,Maize,Clay,64.5928,645.9279,75.0,30.0,90.0,1.0,0.7687,65.0,0.4072,0.0,0.0,0.000559,0.000671,0.0,0.0,0.0,0.0,0.0,0.0
2026-06-01 23:19:00,1,Tomato,Loam,55.6436,389.505,70.0,25.0,85.0,0.7,0.681,60.0,4.3564,0.0,0.0,0.000493,0.000567,0.0,0.0,0.0,0.0,0.0,0.0
2026-06-01 23:19:00,2,Wheat,Sandy,42.7178,384.4599,60.0,18.0,78.0,0.9,0.5885,55.0,12.2822,0.0,0.0,0.000493,0.000419,0.0,0.0,0.0,0.0,0.0,0.0
2026-06-01 23:19:00,3,Maize,Clay,64.5927,645.9273,75.0,30.0,90.0,1.0,0.7687,65.0,0.4073,0.0,0.0,0.000493,0.000592,0.0,0.0,0.0,0.0,0.0,0.0
2026-06-01 23:20:00,1,Tomato,Loam,55.6435,389.5045,70.0,25.0,85.0,0.7,0.681,60.0,4.3565,0.0,0.0,0.000462,0.000531,0.0,0.0,0.0,0.0,0.0,0.0
2026-06-01 23:20:00,2,Wheat,Sandy,42.7177,384.4595,60.0,18.0,78.0,0.9,0.5885,55.0,12.2823,0.0,0.0,0.000462,0.000393,0.0,0.0,0.0,0.0,0.0,0.0
2026-06-01 23:20:00,3,Maize,Clay,64.5927,645.9267,75.0,30.0,90.0,1.0,0.7687,65.0,0.4073,0.0,0.0,0.000462,0.000554,0.0,0.0,0.0,0.0,0.0,0.0
2026-06-01 23:21:00,1,Tomato,Loam,55.6434,389.5039,70.0,25.0,85.0,0.7,0.681,60.0,4.3566,0.0,0.0,0.000548,0.00063,0.0,0.0,0.0,0.0,0.0,0.0
2026-06-01 23:21:00,2,Wheat,Sandy,42.7177,384.459,60.0,18.0,78.0,0.9,0.5885,55.0,12.2823,0.0,0.0,0.000548,0.000466,0.0,0.0,0.0,0.0,0.0,0.0
2026-06-01 23:21:00,3,Maize,Clay,64.5926,645.926,75.0,30.0,90.0,1.0,0.7687,65.0,0.4074,0.0,0.0,0.000548,0.000658,0.0,0.0,0.0,0.0,0.0,0.0
2026-06-01 23:22:00,1,Tomato,Loam,55.6433,389.5034,70.0,25.0,85.0,0.7,0.681,60.0,4.3567,0.0,0.0,0.000435,0.0005,0.0,0.0,0.0,0.0,0.0,0.0
2026-06-01 23:22:00,2,Wheat,Sandy,42.7176,384.4586,60.0,18.0,78.0,0.9,0.5885,55.0,12.2824,0.0,0.0,0.000435,0.00037,0.0,0.0,0.0,0.0,0.0,0.0
2026-06-01 23:22:00,3,Maize,Clay,64.5925,645.9255,75.0,30.0,90.0,1.0,0.7687,65.0,0.4075,0.0,0.0,0.000435,0.000522,0.0,0.0,0.0,0.0,0.0,0.0
2026-06-01 23:23:00,1,Tomato,Loam,55.6432,389.5026,70.0,25.0,85.0,0.7,0.681,60.0,4.3568,0.0,0.0,0.000693,0.000797,0.0,0.0,0.0,0.0,0.0,0.0
2026-06-01 23:23:00,2,Wheat,Sandy,42.7176,384.458,60.0,18.0,78.0,0.9,0.5885,55.0,12.2824,0.0,0.0,0.000693,0.000589,0.0,0.0,0.0,0.0,0.0,0.0
2026-06-01 23:23:00,3,Maize,Clay,64.5925,645.9247,75.0,30.0,90.0,1.0,0.7687,65.0,0.4075,0.0,0.0,0.000693,0.000832,0.0,0.0,0.0,0.0,0.0,0.0
2026-06-01 23:24:00,1,Tomato,Loam,55.6432,389.5021,70.0,25.0,85.0,0.7,0.681,60.0,4.3568,0.0,0.0,0.000449,0.000516,0.0,0.0,0.0,0.0,0.0,0.0
2026-06-01 23:24:00,2,Wheat,Sandy,42.7175,384.4576,60.0,18.0,78.0,0.9,0.5885,55.0,12.2825,0.0,0.0,0.000449,0.000382,0.0,0.0,0.0,0.0,0.0,0.0
2026-06-01 23:24:00,3,Maize,Clay,64.5924,645.9242,75.0,30.0,90.0,1.0,0.7687,65.0,0.4076,0.0,0.0,0.000449,0.000539,0.0,0.0,0.0,0.0,0.0,0.0
2026-06-01 23:25:00,1,Tomato,Loam,55.6431,389.5016,70.0,25.0,85.0,0.7,0.681,60.0,4.3569,0.0,0.0,0.000438,0.000504,0.0,0.0,0.0,0.0,0.0,0.0
2026-06-01 23:25:00,2,Wheat,Sandy,42.7175,384.4572,60.0,18.0,78.0,0.9,0.5885,55.0,12.2825,0.0,0.0,0.000438,0.000372,0.0,0.0,0.0,0.0,0.0,0.0
2026-06-01 23:25:00,3,Maize,Clay,64.5924,645.9237,75.0,30.0,90.0,1.0,0.7687,65.0,0.4076,0.0,0.0,0.000438,0.000526,0.0,0.0,0.0,0.0,0.0,0.0
2026-06-01 23:26:00,1,Tomato,Loam,55.643,389.5013,70.0,25.0,85.0,0.7,0.681,60.0,4.357,0.0,0.0,0.000295,0.000339,0.0,0.0,0.0,0.0,0.0,0.0
2026-06-01 23:26:00,2,Wheat,Sandy,42.7174,384.4569,60.0,18.0,78.0,0.9,0.5885,55.0,12.2826,0.0,0.0,0.000295,0.000251,0.0,0.0,0.0,0.0,0.0,0.0
2026-06-01 23:26:00,3,Maize,Clay,64.5923,645.9233,75.0,30.0,90.0,1.0,0.7687,65.0,0.4077,0.0,0.0,0.000295,0.000354,0.0,0.0,0.0,0.0,0.0,0.0
2026-06-01 23:27:00,1,Tomato,Loam,55.643,389.5008,70.0,25.0,85.0,0.7,0.681,60.0,4.357,0.0,0.0,0.000396,0.000455,0.0,0.0,0.0,0.0,0.0,0.0
2026-06-01 23:27:00,2,Wheat,Sandy,42.7174,384.4566,60.0,18.0,78.0,0.9,0.5885,55.0,12.2826,0.0,0.0,0.000396,0.000337,0.0,0.0,0.0,0.0,0.0,0.0
2026-06-01 23:27:00,3,Maize,Clay,64.5923,645.9228,75.0,30.0,90.0,1.0,0.7687,65.0,0.4077,0.0,0.0,0.000396,0.000475,0.0,0.0,0.0,0.0,0.0,0.0
2026-06-01 23:28:00,1,Tomato,Loam,55.6429,389.5002,70.0,25.0,85.0,0.7,0.681,60.0,4.3571,0.0,0.0,0.000517,0.000595,0.0,0.0,0.0,0.0,0.0,0.0
2026-06-01 23:28:00,2,Wheat,Sandy,42.7174,384.4562,60.0,18.0,78.0,0.9,0.5885,55.0,12.2826,0.0,0.0,0.000517,0.000439,0.0,0.0,0.0,0.0,0.0,0.0
2026-06-01 23:28:00,3,Maize,Clay,64.5922,645.9222,75.0,30.0,90.0,1.0,0.7687,65.0,0.4078,0.0,0.0,0.000517,0.00062,0.0,0.0,0.0,0.0,0.0,0.0
2026-06-01 23:29:00,1,Tomato,Loam,55.6428,389.4998,70.0,25.0,85.0,0.7,0.681,60.0,4.3572,0.0,0.0,0.00031,0.000356,0.0,0.0,0.0,0.0,0.0,0.0
2026-06-01 23:29:00,2,Wheat,Sandy,42.7173,384.4559,60.0,18.0,78.0,0.9,0.5885,55.0,12.2827,0.0,0.0,0.00031,0.000264,0.0,0.0,0.0,0.0,0.0,0.0
2026-06-01 23:29:00,3,Maize,Clay,64.5922,645.9218,75.0,30.0,90.0,1.0,0.7687,65.0,0.4078,0.0,0.0,0.00031,0.000372,0.0,0.0,0.0,0.0,0.0,0.0
2026-06-01 23:30:00,1,Tomato,Loam,55.6428,389.4995,70.0,25.0,85.0,0.7,0.681,60.0,4.3572,0.0,0.0,0.000234,0.000269,0.0,0.0,0.0,0.0,0.0,0.0
2026-06-01 23:30:00,2,Wheat,Sandy,42.7173,384.4557,60.0,18.0,78.0,0.9,0.5885,55.0,12.2827,0.0,0.0,0.000234,0.000199,0.0,0.0,0.0,0.0,0.0,0.0
2026-06-01 23:30:00,3,Maize,Clay,64.5922,645.9215,75.0,30.0,90.0,1.0,0.7687,65.0,0.4078,0.0,0.0,0.000234,0.000281,0.0,0.0,0.0,0.0,0.0,0.0
2026-06-01 23:31:00,1,Tomato,Loam,55.6427,389.499,70.0,25.0,85.0,0.7,0.6809,60.0,4.3573,0.0,0.0,0.000462,0.000531,0.0,0.0,0.0,0.0,0.0,0.0
2026-06-01 23:31:00,2,Wheat,Sandy,42.7173,384.4553,60.0,18.0,78.0,0.9,0.5885,55.0,12.2827,0.0,0.0,0.000462,0.000393,0.0,0.0,0.0,0.0,0.0,0.0
2026-06-01 23:31:00,3,Maize,Clay,64.5921,645.9209,75.0,30.0,90.0,1.0,0.7687,65.0,0.4079,0.0,0.0,0.000462,0.000554,0.0,0.0,0.0,0.0,0.0,0.0
2026-06-01 23:32:00,1,Tomato,Loam,55.6426,389.4984,70.0,25.0,85.0,0.7,0.6809,60.0,4.3574,0.0,0.0,0.00051,0.000586,0.0,0.0,0.0,0.0,0.0,0.0
2026-06-01 23:32:00,2,Wheat,Sandy,42.7172,384.4549,60.0,18.0,78.0,0.9,0.5885,55.0,12.2828,0.0,0.0,0.00051,0.000434,0.0,0.0,0.0,0.0,0.0,0.0
2026-06-01 23:32:00,3,Maize,Clay,64.592,645.9203,75.0,30.0,90.0,1.0,0.7687,65.0,0.408,0.0,0.0,0.00051,0.000612,0.0,0.0,0.0,0.0,0.0,0.0
2026-06-01 23:33:00,1,Tomato,Loam,55.6426,389.4979,70.0,25.0,85.0,0.7,0.6809,60.0,4.3574,0.0,0.0,0.000409,0.00047,0.0,0.0,0.0,0.0,0.0,0.0
2026-06-01 23:33:00,2,Wheat,Sandy,42.7172,384.4546,60.0,18.0,78.0,0.9,0.5885,55.0,12.2828,0.0,0.0,0.000409,0.000348,0.0,0.0,0.0,0.0,0.0,0.0
2026-06-01 23:33:00,3,Maize,Clay,64.592,645.9198,75.0,30.0,90.0,1.0,0.7687,65.0,0.408,0.0,0.0,0.000409,0.000491,0.0,0.0,0.0,0.0,0.0,0.0
2026-06-01 23:34:00,1,Tomato,Loam,55.6425,389.4975,70.0,25.0,85.0,0.7,0.6809,60.0,4.3575,0.0,0.0,0.00039,0.000448,0.0,0.0,0.0,0.0,0.0,0.0
2026-06-01 23:34:00,2,Wheat,Sandy,42.7171,384.4543,60.0,18.0,78.0,0.9,0.5885,55.0,12.2829,0.0,0.0,0.00039,0.000332,0.0,0.0,0.0,0.0,0.0,0.0
2026-06-01 23:34:00,3,Maize,Clay,64.5919,645.9193,75.0,30.0,90.0,1.0,0.7687,65.0,0.4081,0.0,0.0,0.00039,0.000468,0.0,0.0,0.0,0.0,0.0,0.0
2026-06-01 23:35:00,1,Tomato,Loam,55.6425,389.4972,70.0,25.0,85.0,0.7,0.6809,60.0,4.3575,0.0,0.0,0.000234,0.000269,0.0,0.0,0.0,0.0,0.0,0.0
2026-06-01 23:35:00,2,Wheat,Sandy,42.7171,384.4541,60.0,18.0,78.0,0.9,0.5885,55.0,12.2829,0.0,0.0,0.000234,0.000199,0.0,0.0,0.0,0.0,0.0,0.0
2026-06-01 23:35:00,3,Maize,Clay,64.5919,645.919,75.0,30.0,90.0,1.0,0.7687,65.0,0.4081,0.0,0.0,0.000234,0.000281,0.0,0.0,0.0,0.0,0.0,0.0
2026-06-01 23:36:00,1,Tomato,Loam,55.6424,389.4967,70.0,25.0,85.0,0.7,0.6809,60.0,4.3576,0.0,0.0,0.000461,0.00053,0.0,0.0,0.0,0.0,0.0,0.0
2026-06-01 23:36:00,2,Wheat,Sandy,42.7171,384.4537,60.0,18.0,78.0,0.9,0.5885,55.0,12.2829,0.0,0.0,0.000461,0.000392,0.0,0.0,0.0,0.0,0.0,0.0
2026-06-01 23:36:00,3,Maize,Clay,64.5918,645.9184,75.0,30.0,90.0,1.0,0.7687,65.0,0.4082,0.0,0.0,0.000461,0.000553,0.0,0.0,0.0,0.0,0.0,0.0
2026-06-01 23:37:00,1,Tomato,Loam,55.6423,389.4962,70.0,25.0,85.0,0.7,0.6809,60.0,4.3577,0.0,0.0,0.000464,0.000534,0.0,0.0,0.0,0.0,0.0,0.0
2026-06-01 23:37:00,2,Wheat,Sandy,42.717,384.4533,60.0,18.0,78.0,0.9,0.5885,55.0,12.283,0.0,0.0,0.000464,0.000394,0.0,0.0,0.0,0.0,0.0,0.0
2026-06-01 23:37:00,3,Maize,Clay,64.5918,645.9178,75.0,30.0,90.0,1.0,0.7687,65.0,0.4082,0.0,0.0,0.000464,0.000557,0.0,0.0,0.0,0.0,0.0,0.0
2026-06-01 23:38:00,1,Tomato,Loam,55.6423,389.4959,70.0,25.0,85.0,0.7,0.6809,60.0,4.3577,0.0,0.0,0.000236,0.000271,0.0,0.0,0.0,0.0,0.0,0.0
2026-06-01 23:38:00,2,Wheat,Sandy,42.717,384.4531,60.0,18.0,78.0,0.9,0.5885,55.0,12.283,0.0,0.0,0.000236,0.000201,0.0,0.0,0.0,0.0,0.0,0.0
2026-06-01 23:38:00,3,Maize,Clay,64.5918,645.9175,75.0,30.0,90.0,1.0,0.7687,65.0,0.4082,0.0,0.0,0.000236,0.000283,0.0,0.0,0.0,0.0,0.0,0.0
2026-06-01 23:39:00,1,Tomato,Loam,55.6422,389.4954,70.0,25.0,85.0,0.7,0.6809,60.0,4.3578,0.0,0.0,0.000474,0.000545,0.0,0.0,0.0,0.0,0.0,0.0
2026-06-01 23:39:00,2,Wheat,Sandy,42.717,384.4527,60.0,18.0,78.0,0.9,0.5885,55.0,12.283,0.0,0.0,0.000474,0.000403,0.0,0.0,0.0,0.0,0.0,0.0
2026-06-01 23:39:00,3,Maize,Clay,64.5917,645.9169,75.0,30.0,90.0,1.0,0.7687,65.0,0.4083,0.0,0.0,0.000474,0.000569,0.0,0.0,0.0,0.0,0.0,0.0
2026-06-01 23:40:00,1,Tomato,Loam,55.6421,389.4949,70.0,25.0,85.0,0.7,0.6809,60.0,4.3579,0.0,0.0,0.000445,0.000512,0.0,0.0,0.0,0.0,0.0,0.0
2026-06-01 23:40:00,2,Wheat,Sandy,42.7169,384.4523,60.0,18.0,78.0,0.9,0.5885,55.0,12.2831,0.0,0.0,0.000445,0.000378,0.0,0.0,0.0,0.0,0.0,0.0
2026-06-01 23:40:00,3,Maize,Clay,64.5916,645.9164,75.0,30.0,90.0,1.0,0.7687,65.0,0.4084,0.0,0.0,0.000445,0.000534,0.0,0.0,0.0,0.0,0.0,0.0
2026-06-01 23:41:00,1,Tomato,Loam,55.6421,389.4944,70.0,25.0,85.0,0.7,0.6809,60.0,4.3579,0.0,0.0,0.000447,0.000514,0.0,0.0,0.0,0.0,0.0,0.0
2026-06-01 23:41:00,2,Wheat,Sandy,42.7169,384.4519,60.0,18.0,78.0,0.9,0.5885,55.0,12.2831,0.0,0.0,0.000447,0.00038,0.0,0.0,0.0,0.0,0.0,0.0
2026-06-01 23:41:00,3,Maize,Clay,64.5916,645.9159,75.0,30.0,90.0,1.0,0.7687,65.0,0.4084,0.0,0.0,0.000447,0.000536,0.0,0.0,0.0,0.0,0.0,0.0
2026-06-01 23:42:00,1,Tomato,Loam,55.642,389.4939,70.0,25.0,85.0,0.7,0.6809,60.0,4.358,0.0,0.0,0.000432,0.000497,0.0,0.0,0.0,0.0,0.0,0.0
2026-06-01 23:42:00,2,Wheat,Sandy,42.7168,384.4515,60.0,18.0,78.0,0.9,0.5885,55.0,12.2832,0.0,0.0,0.000432,0.000367,0.0,0.0,0.0,0.0,0.0,0.0
2026-06-01 23:42:00,3,Maize,Clay,64.5915,645.9154,75.0,30.0,90.0,1.0,0.7687,65.0,0.4085,0.0,0.0,0.000432,0.000518,0.0,0.0,0.0,0.0,0.0,0.0
2026-06-01 23:43:00,1,Tomato,Loam,55.6419,389.4934,70.0,25.0,85.0,0.7,0.6809,60.0,4.3581,0.0,0.0,0.000448,0.000515,0.0,0.0,0.0,0.0,0.0,0.0
2026-06-01 23:43:00,2,Wheat,Sandy,42.7168,384.4511,60.0,18.0,78.0,0.9,0.5885,55.0,12.2832,0.0,0.0,0.000448,0.000381,0.0,0.0,0.0,0.0,0.0,0.0
2026-06-01 23:43:00,3,Maize,Clay,64.5915,645.9149,75.0,30.0,90.0,1.0,0.7687,65.0,0.4085,0.0,0.0,0.000448,0.000538,0.0,0.0,0.0,0.0,0.0,0.0
2026-06-01 23:44:00,1,Tomato,Loam,55.6418,389.4929,70.0,25.0,85.0,0.7,0.6809,60.0,4.3582,0.0,0.0,0.00041,0.000471,0.0,0.0,0.0,0.0,0.0,0.0
2026-06-01 23:44:00,2,Wheat,Sandy,42.7168,384.4508,60.0,18.0,78.0,0.9,0.5885,55.0,12.2832,0.0,0.0,0.00041,0.000348,0.0,0.0,0.0,0.0,0.0,0.0
2026-06-01 23:44:00,3,Maize,Clay,64.5914,645.9144,75.0,30.0,90.0,1.0,0.7687,65.0,0.4086,0.0,0.0,0.00041,0.000492,0.0,0.0,0.0,0.0,0.0,0.0
2026-06-01 23:45:00,1,Tomato,Loam,55.6418,389.4924,70.0,25.0,85.0,0.7,0.6809,60.0,4.3582,0.0,0.0,0.00042,0.000483,0.0,0.0,0.0,0.0,0.0,0.0
2026-06-01 23:45:00,2,Wheat,Sandy,42.7167,384.4504,60.0,18.0,78.0,0.9,0.5885,55.0,12.2833,0.0,0.0,0.00042,0.000357,0.0,0.0,0.0,0.0,0.0,0.0
2026-06-01 23:45:00,3,Maize,Clay,64.5914,645.9139,75.0,30.0,90.0,1.0,0.7687,65.0,0.4086,0.0,0.0,0.00042,0.000504,0.0,0.0,0.0,0.0,0.0,0.0
2026-06-01 23:46:00,1,Tomato,Loam,55.6417,389.4921,70.0,25.0,85.0,0.7,0.6809,60.0,4.3583,0.0,0.0,0.000224,0.000258,0.0,0.0,0.0,0.0,0.0,0.0
2026-06-01 23:46:00,2,Wheat,Sandy,42.7167,384.4502,60.0,18.0,78.0,0.9,0.5885,55.0,12.2833,0.0,0.0,0.000224,0.00019,0.0,0.0,0.0,0.0,0.0,0.0
2026-06-01 23:46:00,3,Maize,Clay,64.5914,645.9136,75.0,30.0,90.0,1.0,0.7687,65.0,0.4086,0.0,0.0,0.000224,0.000269,0.0,0.0,0.0,0.0,0.0,0.0
2026-06-01 23:47:00,1,Tomato,Loam,55.6417,389.4918,70.0,25.0,85.0,0.7,0.6809,60.0,4.3583,0.0,0.0,0.000229,0.000263,0.0,0.0,0.0,0.0,0.0,0.0
2026-06-01 23:47:00,2,Wheat,Sandy,42.7167,384.45,60.0,18.0,78.0,0.9,0.5885,55.0,12.2833,0.0,0.0,0.000229,0.000195,0.0,0.0,0.0,0.0,0.0,0.0
2026-06-01 23:47:00,3,Maize,Clay,64.5913,645.9133,75.0,30.0,90.0,1.0,0.7687,65.0,0.4087,0.0,0.0,0.000229,0.000275,0.0,0.0,0.0,0.0,0.0,0.0
2026-06-01 23:48:00,1,Tomato,Loam,55.6416,389.4915,70.0,25.0,85.0,0.7,0.6809,60.0,4.3584,0.0,0.0,0.000302,0.000347,0.0,0.0,0.0,0.0,0.0,0.0
2026-06-01 23:48:00,2,Wheat,Sandy,42.7166,384.4497,60.0,18.0,78.0,0.9,0.5885,55.0,12.2834,0.0,0.0,0.000302,0.000257,0.0,0.0,0.0,0.0,0.0,0.0
2026-06-01 23:48:00,3,Maize,Clay,64.5913,645.9129,75.0,30.0,90.0,1.0,0.7687,65.0,0.4087,0.0,0.0,0.000302,0.000362,0.0,0.0,0.0,0.0,0.0,0.0
2026-06-01 23:49:00,1,Tomato,Loam,55.6416,389.4911,70.0,25.0,85.0,0.7,0.6809,60.0,4.3584,0.0,0.0,0.000379,0.000436,0.0,0.0,0.0,0.0,0.0,0.0
2026-06-01 23:49:00,2,Wheat,Sandy,42.7166,384.4494,60.0,18.0,78.0,0.9,0.5885,55.0,12.2834,0.0,0.0,0.000379,0.000322,0.0,0.0,0.0,0.0,0.0,0.0
2026-06-01 23:49:00,3,Maize,Clay,64.5912,645.9124,75.0,30.0,90.0,1.0,0.7687,65.0,0.4088,0.0,0.0,0.000379,0.000455,0.0,0.0,0.0,0.0,0.0,0.0
2026-06-01 23:50:00,1,Tomato,Loam,55.6415,389.4907,70.0,25.0,85.0,0.7,0.6809,60.0,4.3585,0.0,0.0,0.00037,0.000425,0.0,0.0,0.0,0.0,0.0,0.0
2026-06-01 23:50:00,2,Wheat,Sandy,42.7166,384.4491,60.0,18.0,78.0,0.9,0.5885,55.0,12.2834,0.0,0.0,0.00037,0.000314,0.0,0.0,0.0,0.0,0.0,0.0
2026-06-01 23:50:00,3,Maize,Clay,64.5912,645.912,75.0,30.0,90.0,1.0,0.7687,65.0,0.4088,0.0,0.0,0.00037,0.000444,0.0,0.0,0.0,0.0,0.0,0.0
2026-06-01 23:51:00,1,Tomato,Loam,55.6415,389.4903,70.0,25.0,85.0,0.7,0.6809,60.0,4.3585,0.0,0.0,0.000356,0.000409,0.0,0.0,0.0,0.0,0.0,0.0
2026-06-01 23:51:00,2,Wheat,Sandy,42.7165,384.4488,60.0,18.0,78.0,0.9,0.5885,55.0,12.2835,0.0,0.0,0.000356,0.000303,0.0,0.0,0.0,0.0,0.0,0.0
2026-06-01 23:51:00,3,Maize,Clay,64.5912,645.9116,75.0,30.0,90.0,1.0,0.7687,65.0,0.4088,0.0,0.0,0.000356,0.000427,0.0,0.0,0.0,0.0,0.0,0.0
2026-06-01 23:52:00,1,Tomato,Loam,55.6414,389.4898,70.0,25.0,85.0,0.7,0.6809,60.0,4.3586,0.0,0.0,0.000412,0.000474,0.0,0.0,0.0,0.0,0.0,0.0
2026-06-01 23:52:00,2,Wheat,Sandy,42.7165,384.4484,60.0,18.0,78.0,0.9,0.5885,55.0,12.2835,0.0,0.0,0.000412,0.00035,0.0,0.0,0.0,0.0,0.0,0.0
2026-06-01 23:52:00,3,Maize,Clay,64.5911,645.9111,75.0,30.0,90.0,1.0,0.7687,65.0,0.4089,0.0,0.0,0.000412,0.000494,0.0,0.0,0.0,0.0,0.0,0.0
2026-06-01 23:53:00,1,Tomato,Loam,55.6413,389.4893,70.0,25.0,85.0,0.7,0.6809,60.0,4.3587,0.0,0.0,0.000397,0.000457,0.0,0.0,0.0,0.0,0.0,0.0
2026-06-01 23:53:00,2,Wheat,Sandy,42.7165,384.4481,60.0,18.0,78.0,0.9,0.5885,55.0,12.2835,0.0,0.0,0.000397,0.000337,0.0,0.0,0.0,0.0,0.0,0.0
2026-06-01 23:53:00,3,Maize,Clay,64.5911,645.9106,75.0,30.0,90.0,1.0,0.7687,65.0,0.4089,0.0,0.0,0.000397,0.000476,0.0,0.0,0.0,0.0,0.0,0.0
2026-06-01 23:54:00,1,Tomato,Loam,55.6413,389.489,70.0,25.0,85.0,0.7,0.6809,60.0,4.3587,0.0,0.0,0.000272,0.000313,0.0,0.0,0.0,0.0,0.0,0.0
2026-06-01 23:54:00,2,Wheat,Sandy,42.7164,384.4479,60.0,18.0,78.0,0.9,0.5885,55.0,12.2836,0.0,0.0,0.000272,0.000231,0.0,0.0,0.0,0.0,0.0,0.0
2026-06-01 23:54:00,3,Maize,Clay,64.591,645.9103,75.0,30.0,90.0,1.0,0.7687,65.0,0.409,0.0,0.0,0.000272,0.000326,0.0,0.0,0.0,0.0,0.0,0.0
2026-06-01 23:55:00,1,Tomato,Loam,55.6412,389.4886,70.0,25.0,85.0,0.7,0.6809,60.0,4.3588,0.0,0.0,0.00035,0.000402,0.0,0.0,0.0,0.0,0.0,0.0
2026-06-01 23:55:00,2,Wheat,Sandy,42.7164,384.4476,60.0,18.0,78.0,0.9,0.5885,55.0,12.2836,0.0,0.0,0.00035,0.000297,0.0,0.0,0.0,0.0,0.0,0.0
2026-06-01 23:55:00,3,Maize,Clay,64.591,645.9099,75.0,30.0,90.0,1.0,0.7687,65.0,0.409,0.0,0.0,0.00035,0.00042,0.0,0.0,0.0,0.0,0.0,0.0
2026-06-01 23:56:00,1,Tomato,Loam,55.6412,389.4883,70.0,25.0,85.0,0.7,0.6809,60.0,4.3588,0.0,0.0,0.000254,0.000292,0.0,0.0,0.0,0.0,0.0,0.0
2026-06-01 23:56:00,2,Wheat,Sandy,42.7164,384.4474,60.0,18.0,78.0,0.9,0.5885,55.0,12.2836,0.0,0.0,0.000254,0.000216,0.0,0.0,0.0,0.0,0.0,0.0
2026-06-01 23:56:00,3,Maize,Clay,64.591,645.9096,75.0,30.0,90.0,1.0,0.7687,65.0,0.409,0.0,0.0,0.000254,0.000305,0.0,0.0,0.0,0.0,0.0,0.0
2026-06-01 23:57:00,1,Tomato,Loam,55.6411,389.488,70.0,25.0,85.0,0.7,0.6809,60.0,4.3589,0.0,0.0,0.000286,0.000329,0.0,0.0,0.0,0.0,0.0,0.0
2026-06-01 23:57:00,2,Wheat,Sandy,42.7164,384.4472,60.0,18.0,78.0,0.9,0.5885,55.0,12.2836,0.0,0.0,0.000286,0.000243,0.0,0.0,0.0,0.0,0.0,0.0
2026-06-01 23:57:00,3,Maize,Clay,64.5909,645.9093,75.0,30.0,90.0,1.0,0.7687,65.0,0.4091,0.0,0.0,0.000286,0.000343,0.0,0.0,0.0,0.0,0.0,0.0
2026-06-01 23:58:00,1,Tomato,Loam,55.6411,389.4876,70.0,25.0,85.0,0.7,0.6809,60.0,4.3589,0.0,0.0,0.000343,0.000394,0.0,0.0,0.0,0.0,0.0,0.0
2026-06-01 23:58:00,2,Wheat,Sandy,42.7163,384.4469,60.0,18.0,78.0,0.9,0.5885,55.0,12.2837,0.0,0.0,0.000343,0.000292,0.0,0.0,0.0,0.0,0.0,0.0
2026-06-01 23:58:00,3,Maize,Clay,64.5909,645.9089,75.0,30.0,90.0,1.0,0.7687,65.0,0.4091,0.0,0.0,0.000343,0.000412,0.0,0.0,0.0,0.0,0.0,0.0
2026-06-01 23:59:00,1,Tomato,Loam,55.6411,389.4876,70.0,25.0,85.0,0.7,0.6809,60.0,4.3589,0.0,0.0,4.2e-05,4.8e-05,0.0,0.0,0.0,0.0,0.0,0.0
2026-06-01 23:59:00,2,Wheat,Sandy,42.7163,384.4469,60.0,18.0,78.0,0.9,0.5885,55.0,12.2837,0.0,0.0,4.2e-05,3.6e-05,0.0,0.0,0.0,0.0,0.0,0.0
2026-06-01 23:59:00,3,Maize,Clay,64.5909,645.9089,75.0,30.0,90.0,1.0,0.7687,65.0,0.4091,0.0,0.0,4.2e-05,5e-05,0.0,0.0,0.0,0.0,0.0,0.0
