timestamp,zone_id,crop,soil_type,soil_moisture,rsm,moisture_error,soil_stress,fc,wp,target_moisture,root_depth,etc,effective_rainfall
2026-06-01 00:00:00,1,Tomato,Loam,55.0,0.6667,5.0,25.98,70.0,25.0,60.0,0.7,0.000304,0.0
2026-06-01 00:00:00,2,Wheat,Sandy,42.0,0.5714,13.0,56.37,60.0,18.0,55.0,0.9,0.000224,0.0
2026-06-01 00:00:00,3,Maize,Clay,65.0,0.7778,0.0,14.15,75.0,30.0,65.0,1.0,0.000317,0.0
2026-06-01 00:01:00,1,Tomato,Loam,54.9999,0.6667,5.0001,25.98,70.0,25.0,60.0,0.7,0.000343,0.0
2026-06-01 00:01:00,2,Wheat,Sandy,41.9999,0.5714,13.0001,56.37,60.0,18.0,55.0,0.9,0.000253,0.0
2026-06-01 00:01:00,3,Maize,Clay,64.9999,0.7778,0.0001,14.15,75.0,30.0,65.0,1.0,0.000358,0.0
2026-06-01 00:02:00,1,Tomato,Loam,54.9999,0.6667,5.0001,25.98,70.0,25.0,60.0,0.7,0.000229,0.0
2026-06-01 00:02:00,2,Wheat,Sandy,41.9999,0.5714,13.0001,56.37,60.0,18.0,55.0,0.9,0.000169,0.0
2026-06-01 00:02:00,3,Maize,Clay,64.9999,0.7778,0.0001,14.15,75.0,30.0,65.0,1.0,0.000239,0.0
2026-06-01 00:03:00,1,Tomato,Loam,54.9998,0.6667,5.0002,25.98,70.0,25.0,60.0,0.7,0.000359,0.0
2026-06-01 00:03:00,2,Wheat,Sandy,41.9999,0.5714,13.0001,56.37,60.0,18.0,55.0,0.9,0.000265,0.0
2026-06-01 00:03:00,3,Maize,Clay,64.9999,0.7778,0.0001,14.15,75.0,30.0,65.0,1.0,0.000374,0.0
2026-06-01 00:04:00,1,Tomato,Loam,54.9998,0.6667,5.0002,25.98,70.0,25.0,60.0,0.7,0.000251,0.0
2026-06-01 00:04:00,2,Wheat,Sandy,41.9999,0.5714,13.0001,56.37,60.0,18.0,55.0,0.9,0.000185,0.0
2026-06-01 00:04:00,3,Maize,Clay,64.9998,0.7778,0.0002,14.15,75.0,30.0,65.0,1.0,0.000262,0.0
2026-06-01 00:05:00,1,Tomato,Loam,54.9997,0.6667,5.0003,25.98,70.0,25.0,60.0,0.7,0.000289,0.0
2026-06-01 00:05:00,2,Wheat,Sandy,41.9998,0.5714,13.0002,56.37,60.0,18.0,55.0,0.9,0.000213,0.0
2026-06-01 00:05:00,3,Maize,Clay,64.9998,0.7778,0.0002,14.15,75.0,30.0,65.0,1.0,0.000301,0.0
2026-06-01 00:06:00,1,Tomato,Loam,54.9997,0.6667,5.0003,25.98,70.0,25.0,60.0,0.7,0.000421,0.0
2026-06-01 00:06:00,2,Wheat,Sandy,41.9998,0.5714,13.0002,56.37,60.0,18.0,55.0,0.9,0.000311,0.0
2026-06-01 00:06:00,3,Maize,Clay,64.9998,0.7778,0.0002,14.15,75.0,30.0,65.0,1.0,0.000439,0.0
2026-06-01 00:07:00,1,Tomato,Loam,54.9996,0.6667,5.0004,25.98,70.0,25.0,60.0,0.7,0.00037,0.0
2026-06-01 00:07:00,2,Wheat,Sandy,41.9998,0.5714,13.0002,56.37,60.0,18.0,55.0,0.9,0.000274,0.0
2026-06-01 00:07:00,3,Maize,Clay,64.9997,0.7778,0.0003,14.15,75.0,30.0,65.0,1.0,0.000386,0.0
2026-06-01 00:08:00,1,Tomato,Loam,54.9996,0.6667,5.0004,25.98,70.0,25.0,60.0,0.7,0.000386,0.0
2026-06-01 00:08:00,2,Wheat,Sandy,41.9997,0.5714,13.0003,56.37,60.0,18.0,55.0,0.9,0.000286,0.0
2026-06-01 00:08:00,3,Maize,Clay,64.9997,0.7778,0.0003,14.15,75.0,30.0,65.0,1.0,0.000403,0.0
2026-06-01 00:09:00,1,Tomato,Loam,54.9995,0.6667,5.0005,25.98,70.0,25.0,60.0,0.7,0.000179,0.0
2026-06-01 00:09:00,2,Wheat,Sandy,41.9997,0.5714,13.0003,56.37,60.0,18.0,55.0,0.9,0.000133,0.0
2026-06-01 00:09:00,3,Maize,Clay,64.9997,0.7778,0.0003,14.15,75.0,30.0,65.0,1.0,0.000187,0.0
2026-06-01 00:10:00,1,Tomato,Loam,54.9995,0.6667,5.0005,25.98,70.0,25.0,60.0,0.7,0.000499,0.0
2026-06-01 00:10:00,2,Wheat,Sandy,41.9997,0.5714,13.0003,56.37,60.0,18.0,55.0,0.9,0.000369,0.0
2026-06-01 00:10:00,3,Maize,Clay,64.9996,0.7778,0.0004,14.15,75.0,30.0,65.0,1.0,0.000521,0.0
2026-06-01 00:11:00,1,Tomato,Loam,54.9994,0.6667,5.0006,25.98,70.0,25.0,60.0,0.7,0.00023,0.0
2026-06-01 00:11:00,2,Wheat,Sandy,41.9997,0.5714,13.0003,56.37,60.0,18.0,55.0,0.9,0.00017,0.0
2026-06-01 00:11:00,3,Maize,Clay,64.9996,0.7778,0.0004,14.15,75.0,30.0,65.0,1.0,0.00024,0.0
2026-06-01 00:12:00,1,Tomato,Loam,54.9994,0.6667,5.0006,25.98,70.0,25.0,60.0,0.7,0.000443,0.0
2026-06-01 00:12:00,2,Wheat,Sandy,41.9996,0.5714,13.0004,56.37,60.0,18.0,55.0,0.9,0.000327,0.0
2026-06-01 00:12:00,3,Maize,Clay,64.9996,0.7778,0.0004,14.15,75.0,30.0,65.0,1.0,0.000462,0.0
2026-06-01 00:13:00,1,Tomato,Loam,54.9993,0.6667,5.0007,25.98,70.0,25.0,60.0,0.7,0.000424,0.0
2026-06-01 00:13:00,2,Wheat,Sandy,41.9996,0.5714,13.0004,56.37,60.0,18.0,55.0,0.9,0.000314,0.0
2026-06-01 00:13:00,3,Maize,Clay,64.9995,0.7778,0.0005,14.15,75.0,30.0,65.0,1.0,0.000443,0.0
2026-06-01 00:14:00,1,Tomato,Loam,54.9993,0.6667,5.0007,25.98,70.0,25.0,60.0,0.7,0.000376,0.0
2026-06-01 00:14:00,2,Wheat,Sandy,41.9996,0.5714,13.0004,56.37,60.0,18.0,55.0,0.9,0.000278,0.0
2026-06-01 00:14:00,3,Maize,Clay,64.9995,0.7778,0.0005,14.15,75.0,30.0,65.0,1.0,0.000392,0.0
2026-06-01 00:15:00,1,Tomato,Loam,54.9992,0.6666,5.0008,26.01,70.0,25.0,60.0,0.7,0.000247,0.0
2026-06-01 00:15:00,2,Wheat,Sandy,41.9995,0.5714,13.0005,56.37,60.0,18.0,55.0,0.9,0.000183,0.0
2026-06-01 00:15:00,3,Maize,Clay,64.9994,0.7778,0.0006,14.15,75.0,30.0,65.0,1.0,0.000258,0.0
2026-06-01 00:16:00,1,Tomato,Loam,54.9992,0.6666,5.0008,26.01,70.0,25.0,60.0,0.7,0.00031,0.0
2026-06-01 00:16:00,2,Wheat,Sandy,41.9995,0.5714,13.0005,56.37,60.0,18.0,55.0,0.9,0.00023,0.0
2026-06-01 00:16:00,3,Maize,Clay,64.9994,0.7778,0.0006,14.15,75.0,30.0,65.0,1.0,0.000324,0.0
2026-06-01 00:17:00,1,Tomato,Loam,54.9992,0.6666,5.0008,26.01,70.0,25.0,60.0,0.7,0.000258,0.0
2026-06-01 00:17:00,2,Wheat,Sandy,41.9995,0.5714,13.0005,56.37,60.0,18.0,55.0,0.9,0.00019,0.0
2026-06-01 00:17:00,3,Maize,Clay,64.9994,0.7778,0.0006,14.15,75.0,30.0,65.0,1.0,0.000269,0.0
2026-06-01 00:18:00,1,Tomato,Loam,54.9991,0.6666,5.0009,26.01,70.0,25.0,60.0,0.7,0.000325,0.0
2026-06-01 00:18:00,2,Wheat,Sandy,41.9995,0.5714,13.0005,56.37,60.0,18.0,55.0,0.9,0.000241,0.0
2026-06-01 00:18:00,3,Maize,Clay,64.9993,0.7778,0.0007,14.15,75.0,30.0,65.0,1.0,0.00034,0.0
2026-06-01 00:19:00,1,Tomato,Loam,54.9991,0.6666,5.0009,26.01,70.0,25.0,60.0,0.7,0.00027,0.0
2026-06-01 00:19:00,2,Wheat,Sandy,41.9995,0.5714,13.0005,56.37,60.0,18.0,55.0,0.9,0.0002,0.0
2026-06-01 00:19:00,3,Maize,Clay,64.9993,0.7778,0.0007,14.15,75.0,30.0,65.0,1.0,0.000282,0.0
2026-06-01 00:20:00,1,Tomato,Loam,54.9991,0.6666,5.0009,26.01,70.0,25.0,60.0,0.7,0.000137,0.0
2026-06-01 00:20:00,2,Wheat,Sandy,41.9994,0.5714,13.0006,56.37,60.0,18.0,55.0,0.9,0.000101,0.0
2026-06-01 00:20:00,3,Maize,Clay,64.9993,0.7778,0.0007,14.15,75.0,30.0,65.0,1.0,0.000143,0.0
2026-06-01 00:21:00,1,Tomato,Loam,54.999,0.6666,5.001,26.01,70.0,25.0,60.0,0.7,0.000391,0.0
2026-06-01 00:21:00,2,Wheat,Sandy,41.9994,0.5714,13.0006,56.37,60.0,18.0,55.0,0.9,0.000289,0.0
2026-06-01 00:21:00,3,Maize,Clay,64.9993,0.7778,0.0007,14.15,75.0,30.0,65.0,1.0,0.000408,0.0
2026-06-01 00:22:00,1,Tomato,Loam,54.999,0.6666,5.001,26.01,70.0,25.0,60.0,0.7,0.000283,0.0
2026-06-01 00:22:00,2,Wheat,Sandy,41.9994,0.5714,13.0006,56.37,60.0,18.0,55.0,0.9,0.000209,0.0
2026-06-01 00:22:00,3,Maize,Clay,64.9992,0.7778,0.0008,14.15,75.0,30.0,65.0,1.0,0.000295,0.0
2026-06-01 00:23:00,1,Tomato,Loam,54.9989,0.6666,5.0011,26.01,70.0,25.0,60.0,0.7,0.000253,0.0
2026-06-01 00:23:00,2,Wheat,Sandy,41.9994,0.5714,13.0006,56.37,60.0,18.0,55.0,0.9,0.000187,0.0
2026-06-01 00:23:00,3,Maize,Clay,64.9992,0.7778,0.0008,14.15,75.0,30.0,65.0,1.0,0.000264,0.0
2026-06-01 00:24:00,1,Tomato,Loam,54.9989,0.6666,5.0011,26.01,70.0,25.0,60.0,0.7,0.000242,0.0
2026-06-01 00:24:00,2,Wheat,Sandy,41.9993,0.5714,13.0007,56.38,60.0,18.0,55.0,0.9,0.000178,0.0
2026-06-01 00:24:00,3,Maize,Clay,64.9992,0.7778,0.0008,14.15,75.0,30.0,65.0,1.0,0.000252,0.0
2026-06-01 00:25:00,1,Tomato,Loam,54.9988,0.6666,5.0012,26.01,70.0,25.0,60.0,0.7,0.000304,0.0
2026-06-01 00:25:00,2,Wheat,Sandy,41.9993,0.5714,13.0007,56.38,60.0,18.0,55.0,0.9,0.000224,0.0
2026-06-01 00:25:00,3,Maize,Clay,64.9991,0.7778,0.0009,14.15,75.0,30.0,65.0,1.0,0.000317,0.0
2026-06-01 00:26:00,1,Tomato,Loam,54.9988,0.6666,5.0012,26.01,70.0,25.0,60.0,0.7,0.000202,0.0
2026-06-01 00:26:00,2,Wheat,Sandy,41.9993,0.5714,13.0007,56.38,60.0,18.0,55.0,0.9,0.00015,0.0
2026-06-01 00:26:00,3,Maize,Clay,64.9991,0.7778,0.0009,14.15,75.0,30.0,65.0,1.0,0.000211,0.0
2026-06-01 00:27:00,1,Tomato,Loam,54.9988,0.6666,5.0012,26.01,70.0,25.0,60.0,0.7,9.8e-05,0.0
2026-06-01 00:27:00,2,Wheat,Sandy,41.9993,0.5714,13.0007,56.38,60.0,18.0,55.0,0.9,7.2e-05,0.0
2026-06-01 00:27:00,3,Maize,Clay,64.9991,0.7778,0.0009,14.15,75.0,30.0,65.0,1.0,0.000102,0.0
2026-06-01 00:28:00,1,Tomato,Loam,54.9988,0.6666,5.0012,26.01,70.0,25.0,60.0,0.7,0.000322,0.0
2026-06-01 00:28:00,2,Wheat,Sandy,41.9993,0.5714,13.0007,56.38,60.0,18.0,55.0,0.9,0.000238,0.0
2026-06-01 00:28:00,3,Maize,Clay,64.9991,0.7778,0.0009,14.15,75.0,30.0,65.0,1.0,0.000336,0.0
2026-06-01 00:29:00,1,Tomato,Loam,54.9987,0.6666,5.0013,26.01,70.0,25.0,60.0,0.7,0.000302,0.0
2026-06-01 00:29:00,2,Wheat,Sandy,41.9992,0.5714,13.0008,56.38,60.0,18.0,55.0,0.9,0.000224,0.0
2026-06-01 00:29:00,3,Maize,Clay,64.9991,0.7778,0.0009,14.15,75.0,30.0,65.0,1.0,0.000316,0.0
2026-06-01 00:30:00,1,Tomato,Loam,54.9987,0.6666,5.0013,26.01,70.0,25.0,60.0,0.7,0.000282,0.0
2026-06-01 00:30:00,2,Wheat,Sandy,41.9992,0.5714,13.0008,56.38,60.0,18.0,55.0,0.9,0.000208,0.0
2026-06-01 00:30:00,3,Maize,Clay,64.999,0.7778,0.001,14.15,75.0,30.0,65.0,1.0,0.000294,0.0
2026-06-01 00:31:00,1,Tomato,Loam,54.9986,0.6666,5.0014,26.01,70.0,25.0,60.0,0.7,0.000151,0.0
2026-06-01 00:31:00,2,Wheat,Sandy,41.9992,0.5714,13.0008,56.38,60.0,18.0,55.0,0.9,0.000111,0.0
2026-06-01 00:31:00,3,Maize,Clay,64.999,0.7778,0.001,14.15,75.0,30.0,65.0,1.0,0.000157,0.0
2026-06-01 00:32:00,1,Tomato,Loam,54.9986,0.6666,5.0014,26.01,70.0,25.0,60.0,0.7,0.000259,0.0
2026-06-01 00:32:00,2,Wheat,Sandy,41.9992,0.5714,13.0008,56.38,60.0,18.0,55.0,0.9,0.000191,0.0
2026-06-01 00:32:00,3,Maize,Clay,64.999,0.7778,0.001,14.15,75.0,30.0,65.0,1.0,0.00027,0.0
2026-06-01 00:33:00,1,Tomato,Loam,54.9986,0.6666,5.0014,26.01,70.0,25.0,60.0,0.7,0.00016,0.0
2026-06-01 00:33:00,2,Wheat,Sandy,41.9992,0.5714,13.0008,56.38,60.0,18.0,55.0,0.9,0.000118,0.0
2026-06-01 00:33:00,3,Maize,Clay,64.999,0.7778,0.001,14.15,75.0,30.0,65.0,1.0,0.000167,0.0
2026-06-01 00:34:00,1,Tomato,Loam,54.9985,0.6666,5.0015,26.01,70.0,25.0,60.0,0.7,0.000179,0.0
2026-06-01 00:34:00,2,Wheat,Sandy,41.9992,0.5714,13.0008,56.38,60.0,18.0,55.0,0.9,0.000133,0.0
2026-06-01 00:34:00,3,Maize,Clay,64.9989,0.7778,0.0011,14.15,75.0,30.0,65.0,1.0,0.000187,0.0
2026-06-01 00:35:00,1,Tomato,Loam,54.9985,0.6666,5.0015,26.01,70.0,25.0,60.0,0.7,0.000183,0.0
2026-06-01 00:35:00,2,Wheat,Sandy,41.9992,0.5714,13.0008,56.38,60.0,18.0,55.0,0.9,0.000135,0.0
2026-06-01 00:35:00,3,Maize,Clay,64.9989,0.7778,0.0011,14.15,75.0,30.0,65.0,1.0,0.000191,0.0
2026-06-01 00:36:00,1,Tomato,Loam,54.9985,0.6666,5.0015,26.01,70.0,25.0,60.0,0.7,0.000284,0.0
2026-06-01 00:36:00,2,Wheat,Sandy,41.9991,0.5714,13.0009,56.38,60.0,18.0,55.0,0.9,0.00021,0.0
2026-06-01 00:36:00,3,Maize,Clay,64.9989,0.7778,0.0011,14.15,75.0,30.0,65.0,1.0,0.000296,0.0
2026-06-01 00:37:00,1,Tomato,Loam,54.9984,0.6666,5.0016,26.01,70.0,25.0,60.0,0.7,0.000187,0.0
2026-06-01 00:37:00,2,Wheat,Sandy,41.9991,0.5714,13.0009,56.38,60.0,18.0,55.0,0.9,0.000139,0.0
2026-06-01 00:37:00,3,Maize,Clay,64.9989,0.7778,0.0011,14.15,75.0,30.0,65.0,1.0,0.000196,0.0
2026-06-01 00:38:00,1,Tomato,Loam,54.9984,0.6666,5.0016,26.01,70.0,25.0,60.0,0.7,0.000213,0.0
2026-06-01 00:38:00,2,Wheat,Sandy,41.9991,0.5714,13.0009,56.38,60.0,18.0,55.0,0.9,0.000157,0.0
2026-06-01 00:38:00,3,Maize,Clay,64.9988,0.7778,0.0012,14.15,75.0,30.0,65.0,1.0,0.000222,0.0
2026-06-01 00:39:00,1,Tomato,Loam,54.9984,0.6666,5.0016,26.01,70.0,25.0,60.0,0.7,0.000371,0.0
2026-06-01 00:39:00,2,Wheat,Sandy,41.9991,0.5714,13.0009,56.38,60.0,18.0,55.0,0.9,0.000275,0.0
2026-06-01 00:39:00,3,Maize,Clay,64.9988,0.7778,0.0012,14.15,75.0,30.0,65.0,1.0,0.000388,0.0
2026-06-01 00:40:00,1,Tomato,Loam,54.9983,0.6666,5.0017,26.01,70.0,25.0,60.0,0.7,0.000278,0.0
2026-06-01 00:40:00,2,Wheat,Sandy,41.999,0.5714,13.001,56.38,60.0,18.0,55.0,0.9,0.000206,0.0
2026-06-01 00:40:00,3,Maize,Clay,64.9988,0.7778,0.0012,14.15,75.0,30.0,65.0,1.0,0.00029,0.0
2026-06-01 00:41:00,1,Tomato,Loam,54.9983,0.6666,5.0017,26.01,70.0,25.0,60.0,0.7,0.00026,0.0
2026-06-01 00:41:00,2,Wheat,Sandy,41.999,0.5714,13.001,56.38,60.0,18.0,55.0,0.9,0.000192,0.0
2026-06-01 00:41:00,3,Maize,Clay,64.9988,0.7778,0.0012,14.15,75.0,30.0,65.0,1.0,0.000271,0.0
2026-06-01 00:42:00,1,Tomato,Loam,54.9982,0.6666,5.0018,26.01,70.0,25.0,60.0,0.7,0.000213,0.0
2026-06-01 00:42:00,2,Wheat,Sandy,41.999,0.5714,13.001,56.38,60.0,18.0,55.0,0.9,0.000157,0.0
2026-06-01 00:42:00,3,Maize,Clay,64.9987,0.7777,0.0013,14.15,75.0,30.0,65.0,1.0,0.000222,0.0
2026-06-01 00:43:00,1,Tomato,Loam,54.9982,0.6666,5.0018,26.01,70.0,25.0,60.0,0.7,0.000194,0.0
2026-06-01 00:43:00,2,Wheat,Sandy,41.999,0.5714,13.001,56.38,60.0,18.0,55.0,0.9,0.000144,0.0
2026-06-01 00:43:00,3,Maize,Clay,64.9987,0.7777,0.0013,14.15,75.0,30.0,65.0,1.0,0.000203,0.0
2026-06-01 00:44:00,1,Tomato,Loam,54.9982,0.6666,5.0018,26.01,70.0,25.0,60.0,0.7,6.9e-05,0.0
2026-06-01 00:44:00,2,Wheat,Sandy,41.999,0.5714,13.001,56.38,60.0,18.0,55.0,0.9,5.1e-05,0.0
2026-06-01 00:44:00,3,Maize,Clay,64.9987,0.7777,0.0013,14.15,75.0,30.0,65.0,1.0,7.2e-05,0.0
2026-06-01 00:45:00,1,Tomato,Loam,54.9982,0.6666,5.0018,26.01,70.0,25.0,60.0,0.7,0.000278,0.0
2026-06-01 00:45:00,2,Wheat,Sandy,41.999,0.5714,13.001,56.38,60.0,18.0,55.0,0.9,0.000206,0.0
2026-06-01 00:45:00,3,Maize,Clay,64.9987,0.7777,0.0013,14.15,75.0,30.0,65.0,1.0,0.00029,0.0
2026-06-01 00:46:00,1,Tomato,Loam,54.9981,0.6666,5.0019,26.01,70.0,25.0,60.0,0.7,0.000252,0.0
2026-06-01 00:46:00,2,Wheat,Sandy,41.9989,0.5714,13.0011,56.38,60.0,18.0,55.0,0.9,0.000186,0.0
2026-06-01 00:46:00,3,Maize,Clay,64.9986,0.7777,0.0014,14.15,75.0,30.0,65.0,1.0,0.000263,0.0
2026-06-01 00:47:00,1,Tomato,Loam,54.9981,0.6666,5.0019,26.01,70.0,25.0,60.0,0.7,0.000204,0.0
2026-06-01 00:47:00,2,Wheat,Sandy,41.9989,0.5714,13.0011,56.38,60.0,18.0,55.0,0.9,0.00015,0.0
2026-06-01 00:47:00,3,Maize,Clay,64.9986,0.7777,0.0014,14.15,75.0,30.0,65.0,1.0,0.000212,0.0
2026-06-01 00:48:00,1,Tomato,Loam,54.9981,0.6666,5.0019,26.01,70.0,25.0,60.0,0.7,0.00023,0.0
2026-06-01 00:48:00,2,Wheat,Sandy,41.9989,0.5714,13.0011,56.38,60.0,18.0,55.0,0.9,0.00017,0.0
2026-06-01 00:48:00,3,Maize,Clay,64.9986,0.7777,0.0014,14.15,75.0,30.0,65.0,1.0,0.00024,0.0
2026-06-01 00:49:00,1,Tomato,Loam,54.998,0.6666,5.002,26.01,70.0,25.0,60.0,0.7,0.000267,0.0
2026-06-01 00:49:00,2,Wheat,Sandy,41.9989,0.5714,13.0011,56.38,60.0,18.0,55.0,0.9,0.000197,0.0
2026-06-01 00:49:00,3,Maize,Clay,64.9986,0.7777,0.0014,14.15,75.0,30.0,65.0,1.0,0.000278,0.0
2026-06-01 00:50:00,1,Tomato,Loam,54.998,0.6666,5.002,26.01,70.0,25.0,60.0,0.7,0.000107,0.0
2026-06-01 00:50:00,2,Wheat,Sandy,41.9989,0.5714,13.0011,56.38,60.0,18.0,55.0,0.9,7.9e-05,0.0
2026-06-01 00:50:00,3,Maize,Clay,64.9986,0.7777,0.0014,14.15,75.0,30.0,65.0,1.0,0.000112,0.0
2026-06-01 00:51:00,1,Tomato,Loam,54.998,0.6666,5.002,26.01,70.0,25.0,60.0,0.7,0.00016,0.0
2026-06-01 00:51:00,2,Wheat,Sandy,41.9989,0.5714,13.0011,56.38,60.0,18.0,55.0,0.9,0.000118,0.0
2026-06-01 00:51:00,3,Maize,Clay,64.9985,0.7777,0.0015,14.15,75.0,30.0,65.0,1.0,0.000167,0.0
2026-06-01 00:52:00,1,Tomato,Loam,54.998,0.6666,5.002,26.01,70.0,25.0,60.0,0.7,9.7e-05,0.0
2026-06-01 00:52:00,2,Wheat,Sandy,41.9988,0.5714,13.0012,56.38,60.0,18.0,55.0,0.9,7.1e-05,0.0
2026-06-01 00:52:00,3,Maize,Clay,64.9985,0.7777,0.0015,14.15,75.0,30.0,65.0,1.0,0.000101,0.0
2026-06-01 00:53:00,1,Tomato,Loam,54.9979,0.6666,5.0021,26.01,70.0,25.0,60.0,0.7,0.000297,0.0
2026-06-01 00:53:00,2,Wheat,Sandy,41.9988,0.5714,13.0012,56.38,60.0,18.0,55.0,0.9,0.000219,0.0
2026-06-01 00:53:00,3,Maize,Clay,64.9985,0.7777,0.0015,14.15,75.0,30.0,65.0,1.0,0.00031,0.0
2026-06-01 00:54:00,1,Tomato,Loam,54.9979,0.6666,5.0021,26.01,70.0,25.0,60.0,0.7,0.000261,0.0
2026-06-01 00:54:00,2,Wheat,Sandy,41.9988,0.5714,13.0012,56.38,60.0,18.0,55.0,0.9,0.000193,0.0
2026-06-01 00:54:00,3,Maize,Clay,64.9985,0.7777,0.0015,14.15,75.0,30.0,65.0,1.0,0.000272,0.0
2026-06-01 00:55:00,1,Tomato,Loam,54.9979,0.6666,5.0021,26.01,70.0,25.0,60.0,0.7,6e-05,0.0
2026-06-01 00:55:00,2,Wheat,Sandy,41.9988,0.5714,13.0012,56.38,60.0,18.0,55.0,0.9,4.4e-05,0.0
2026-06-01 00:55:00,3,Maize,Clay,64.9985,0.7777,0.0015,14.15,75.0,30.0,65.0,1.0,6.2e-05,0.0
2026-06-01 00:56:00,1,Tomato,Loam,54.9978,0.6666,5.0022,26.01,70.0,25.0,60.0,0.7,0.000102,0.0
2026-06-01 00:56:00,2,Wheat,Sandy,41.9988,0.5714,13.0012,56.38,60.0,18.0,55.0,0.9,7.6e-05,0.0
2026-06-01 00:56:00,3,Maize,Clay,64.9984,0.7777,0.0016,14.15,75.0,30.0,65.0,1.0,0.000107,0.0
2026-06-01 00:57:00,1,Tomato,Loam,54.9978,0.6666,5.0022,26.01,70.0,25.0,60.0,0.7,0.000182,0.0
2026-06-01 00:57:00,2,Wheat,Sandy,41.9988,0.5714,13.0012,56.38,60.0,18.0,55.0,0.9,0.000134,0.0
2026-06-01 00:57:00,3,Maize,Clay,64.9984,0.7777,0.0016,14.15,75.0,30.0,65.0,1.0,0.00019,0.0
2026-06-01 00:58:00,1,Tomato,Loam,54.9978,0.6666,5.0022,26.01,70.0,25.0,60.0,0.7,0.000152,0.0
2026-06-01 00:58:00,2,Wheat,Sandy,41.9988,0.5714,13.0012,56.38,60.0,18.0,55.0,0.9,0.000112,0.0
2026-06-01 00:58:00,3,Maize,Clay,64.9984,0.7777,0.0016,14.15,75.0,30.0,65.0,1.0,0.000158,0.0
2026-06-01 00:59:00,1,Tomato,Loam,54.9978,0.6666,5.0022,26.01,70.0,25.0,60.0,0.7,0.000113,0.0
2026-06-01 00:59:00,2,Wheat,Sandy,41.9988,0.5714,13.0012,56.38,60.0,18.0,55.0,0.9,8.3e-05,0.0
2026-06-01 00:59:00,3,Maize,Clay,64.9984,0.7777,0.0016,14.15,75.0,30.0,65.0,1.0,0.000118,0.0
2026-06-01 01:00:00,1,Tomato,Loam,54.9977,0.6666,5.0023,26.01,70.0,25.0,60.0,0.7,0.00026,0.0
2026-06-01 01:00:00,2,Wheat,Sandy,41.9987,0.5714,13.0013,56.38,60.0,18.0,55.0,0.9,0.000192,0.0
2026-06-01 01:00:00,3,Maize,Clay,64.9984,0.7777,0.0016,14.15,75.0,30.0,65.0,1.0,0.000271,0.0
2026-06-01 01:01:00,1,Tomato,Loam,54.9977,0.6666,5.0023,26.01,70.0,25.0,60.0,0.7,0.000181,0.0
2026-06-01 01:01:00,2,Wheat,Sandy,41.9987,0.5714,13.0013,56.38,60.0,18.0,55.0,0.9,0.000133,0.0
2026-06-01 01:01:00,3,Maize,Clay,64.9984,0.7777,0.0016,14.15,75.0,30.0,65.0,1.0,0.000188,0.0
2026-06-01 01:02:00,1,Tomato,Loam,54.9977,0.6666,5.0023,26.01,70.0,25.0,60.0,0.7,0.000209,0.0
2026-06-01 01:02:00,2,Wheat,Sandy,41.9987,0.5714,13.0013,56.38,60.0,18.0,55.0,0.9,0.000155,0.0
2026-06-01 01:02:00,3,Maize,Clay,64.9983,0.7777,0.0017,14.15,75.0,30.0,65.0,1.0,0.000218,0.0
2026-06-01 01:03:00,1,Tomato,Loam,54.9977,0.6666,5.0023,26.01,70.0,25.0,60.0,0.7,0.000139,0.0
2026-06-01 01:03:00,2,Wheat,Sandy,41.9987,0.5714,13.0013,56.38,60.0,18.0,55.0,0.9,0.000103,0.0
2026-06-01 01:03:00,3,Maize,Clay,64.9983,0.7777,0.0017,14.15,75.0,30.0,65.0,1.0,0.000145,0.0
2026-06-01 01:04:00,1,Tomato,Loam,54.9976,0.6666,5.0024,26.01,70.0,25.0,60.0,0.7,0.00023,0.0
2026-06-01 01:04:00,2,Wheat,Sandy,41.9987,0.5714,13.0013,56.38,60.0,18.0,55.0,0.9,0.00017,0.0
2026-06-01 01:04:00,3,Maize,Clay,64.9983,0.7777,0.0017,14.15,75.0,30.0,65.0,1.0,0.00024,0.0
2026-06-01 01:05:00,1,Tomato,Loam,54.9976,0.6666,5.0024,26.01,70.0,25.0,60.0,0.7,0.000152,0.0
2026-06-01 01:05:00,2,Wheat,Sandy,41.9987,0.5714,13.0013,56.38,60.0,18.0,55.0,0.9,0.000112,0.0
2026-06-01 01:05:00,3,Maize,Clay,64.9983,0.7777,0.0017,14.15,75.0,30.0,65.0,1.0,0.000158,0.0
2026-06-01 01:06:00,1,Tomato,Loam,54.9976,0.6666,5.0024,26.01,70.0,25.0,60.0,0.7,0.000128,0.0
2026-06-01 01:06:00,2,Wheat,Sandy,41.9986,0.5714,13.0014,56.38,60.0,18.0,55.0,0.9,9.4e-05,0.0
2026-06-01 01:06:00,3,Maize,Clay,64.9983,0.7777,0.0017,14.15,75.0,30.0,65.0,1.0,0.000133,0.0
2026-06-01 01:07:00,1,Tomato,Loam,54.9976,0.6666,5.0024,26.01,70.0,25.0,60.0,0.7,0.000196,0.0
2026-06-01 01:07:00,2,Wheat,Sandy,41.9986,0.5714,13.0014,56.38,60.0,18.0,55.0,0.9,0.000145,0.0
2026-06-01 01:07:00,3,Maize,Clay,64.9982,0.7777,0.0018,14.15,75.0,30.0,65.0,1.0,0.000204,0.0
2026-06-01 01:08:00,1,Tomato,Loam,54.9975,0.6666,5.0025,26.01,70.0,25.0,60.0,0.7,5.6e-05,0.0
2026-06-01 01:08:00,2,Wheat,Sandy,41.9986,0.5714,13.0014,56.38,60.0,18.0,55.0,0.9,4.2e-05,0.0
2026-06-01 01:08:00,3,Maize,Clay,64.9982,0.7777,0.0018,14.15,75.0,30.0,65.0,1.0,5.9e-05,0.0
2026-06-01 01:09:00,1,Tomato,Loam,54.9975,0.6666,5.0025,26.01,70.0,25.0,60.0,0.7,0.000242,0.0
2026-06-01 01:09:00,2,Wheat,Sandy,41.9986,0.5714,13.0014,56.38,60.0,18.0,55.0,0.9,0.000178,0.0
2026-06-01 01:09:00,3,Maize,Clay,64.9982,0.7777,0.0018,14.15,75.0,30.0,65.0,1.0,0.000252,0.0
2026-06-01 01:10:00,1,Tomato,Loam,54.9975,0.6666,5.0025,26.01,70.0,25.0,60.0,0.7,0.000172,0.0
2026-06-01 01:10:00,2,Wheat,Sandy,41.9986,0.5714,13.0014,56.38,60.0,18.0,55.0,0.9,0.000127,0.0
2026-06-01 01:10:00,3,Maize,Clay,64.9982,0.7777,0.0018,14.15,75.0,30.0,65.0,1.0,0.00018,0.0
2026-06-01 01:11:00,1,Tomato,Loam,54.9975,0.6666,5.0025,26.01,70.0,25.0,60.0,0.7,0.000213,0.0
2026-06-01 01:11:00,2,Wheat,Sandy,41.9986,0.5714,13.0014,56.38,60.0,18.0,55.0,0.9,0.000157,0.0
2026-06-01 01:11:00,3,Maize,Clay,64.9982,0.7777,0.0018,14.15,75.0,30.0,65.0,1.0,0.000222,0.0
2026-06-01 01:12:00,1,Tomato,Loam,54.9974,0.6666,5.0026,26.01,70.0,25.0,60.0,0.7,7.8e-05,0.0
2026-06-01 01:12:00,2,Wheat,Sandy,41.9986,0.5714,13.0014,56.38,60.0,18.0,55.0,0.9,5.8e-05,0.0
2026-06-01 01:12:00,3,Maize,Clay,64.9982,0.7777,0.0018,14.15,75.0,30.0,65.0,1.0,8.2e-05,0.0
2026-06-01 01:13:00,1,Tomato,Loam,54.9974,0.6666,5.0026,26.01,70.0,25.0,60.0,0.7,0.000123,0.0
2026-06-01 01:13:00,2,Wheat,Sandy,41.9986,0.5714,13.0014,56.38,60.0,18.0,55.0,0.9,9.1e-05,0.0
2026-06-01 01:13:00,3,Maize,Clay,64.9981,0.7777,0.0019,14.15,75.0,30.0,65.0,1.0,0.000128,0.0
2026-06-01 01:14:00,1,Tomato,Loam,54.9974,0.6666,5.0026,26.01,70.0,25.0,60.0,0.7,0.0001,0.0
2026-06-01 01:14:00,2,Wheat,Sandy,41.9985,0.5714,13.0015,56.38,60.0,18.0,55.0,0.9,7.4e-05,0.0
2026-06-01 01:14:00,3,Maize,Clay,64.9981,0.7777,0.0019,14.15,75.0,30.0,65.0,1.0,0.000104,0.0
2026-06-01 01:15:00,1,Tomato,Loam,54.9974,0.6666,5.0026,26.01,70.0,25.0,60.0,0.7,0.000185,0.0
2026-06-01 01:15:00,2,Wheat,Sandy,41.9985,0.5714,13.0015,56.38,60.0,18.0,55.0,0.9,0.000137,0.0
2026-06-01 01:15:00,3,Maize,Clay,64.9981,0.7777,0.0019,14.15,75.0,30.0,65.0,1.0,0.000193,0.0
2026-06-01 01:16:00,1,Tomato,Loam,54.9974,0.6666,5.0026,26.01,70.0,25.0,60.0,0.7,0.000139,0.0
2026-06-01 01:16:00,2,Wheat,Sandy,41.9985,0.5714,13.0015,56.38,60.0,18.0,55.0,0.9,0.000103,0.0
2026-06-01 01:16:00,3,Maize,Clay,64.9981,0.7777,0.0019,14.15,75.0,30.0,65.0,1.0,0.000145,0.0
2026-06-01 01:17:00,1,Tomato,Loam,54.9974,0.6666,5.0026,26.01,70.0,25.0,60.0,0.7,0.000114,0.0
2026-06-01 01:17:00,2,Wheat,Sandy,41.9985,0.5714,13.0015,56.38,60.0,18.0,55.0,0.9,8.4e-05,0.0
2026-06-01 01:17:00,3,Maize,Clay,64.9981,0.7777,0.0019,14.15,75.0,30.0,65.0,1.0,0.000119,0.0
2026-06-01 01:18:00,1,Tomato,Loam,54.9973,0.6666,5.0027,26.01,70.0,25.0,60.0,0.7,8e-05,0.0
2026-06-01 01:18:00,2,Wheat,Sandy,41.9985,0.5714,13.0015,56.38,60.0,18.0,55.0,0.9,5.9e-05,0.0
2026-06-01 01:18:00,3,Maize,Clay,64.9981,0.7777,0.0019,14.15,75.0,30.0,65.0,1.0,8.4e-05,0.0
2026-06-01 01:19:00,1,Tomato,Loam,54.9973,0.6666,5.0027,26.01,70.0,25.0,60.0,0.7,3.6e-05,0.0
2026-06-01 01:19:00,2,Wheat,Sandy,41.9985,0.5714,13.0015,56.38,60.0,18.0,55.0,0.9,2.6e-05,0.0
2026-06-01 01:19:00,3,Maize,Clay,64.9981,0.7777,0.0019,14.15,75.0,30.0,65.0,1.0,3.7e-05,0.0
2026-06-01 01:20:00,1,Tomato,Loam,54.9973,0.6666,5.0027,26.01,70.0,25.0,60.0,0.7,0.000153,0.0
2026-06-01 01:20:00,2,Wheat,Sandy,41.9985,0.5714,13.0015,56.38,60.0,18.0,55.0,0.9,0.000113,0.0
2026-06-01 01:20:00,3,Maize,Clay,64.9981,0.7777,0.0019,14.15,75.0,30.0,65.0,1.0,0.00016,0.0
2026-06-01 01:21:00,1,Tomato,Loam,54.9973,0.6666,5.0027,26.01,70.0,25.0,60.0,0.7,0.0001,0.0
2026-06-01 01:21:00,2,Wheat,Sandy,41.9985,0.5714,13.0015,56.38,60.0,18.0,55.0,0.9,7.4e-05,0.0
2026-06-01 01:21:00,3,Maize,Clay,64.9981,0.7777,0.0019,14.15,75.0,30.0,65.0,1.0,0.000104,0.0
2026-06-01 01:22:00,1,Tomato,Loam,54.9973,0.6666,5.0027,26.01,70.0,25.0,60.0,0.7,8.5e-05,0.0
2026-06-01 01:22:00,2,Wheat,Sandy,41.9985,0.5714,13.0015,56.38,60.0,18.0,55.0,0.9,6.3e-05,0.0
2026-06-01 01:22:00,3,Maize,Clay,64.9981,0.7777,0.0019,14.15,75.0,30.0,65.0,1.0,8.9e-05,0.0
2026-06-01 01:23:00,1,Tomato,Loam,54.9973,0.6666,5.0027,26.01,70.0,25.0,60.0,0.7,0.000229,0.0
2026-06-01 01:23:00,2,Wheat,Sandy,41.9984,0.5714,13.0016,56.38,60.0,18.0,55.0,0.9,0.000169,0.0
2026-06-01 01:23:00,3,Maize,Clay,64.998,0.7777,0.002,14.15,75.0,30.0,65.0,1.0,0.000239,0.0
2026-06-01 01:24:00,1,Tomato,Loam,54.9972,0.6666,5.0028,26.01,70.0,25.0,60.0,0.7,0.000109,0.0
2026-06-01 01:24:00,2,Wheat,Sandy,41.9984,0.5714,13.0016,56.38,60.0,18.0,55.0,0.9,8.1e-05,0.0
2026-06-01 01:24:00,3,Maize,Clay,64.998,0.7777,0.002,14.15,75.0,30.0,65.0,1.0,0.000114,0.0
2026-06-01 01:25:00,1,Tomato,Loam,54.9972,0.6666,5.0028,26.01,70.0,25.0,60.0,0.7,0.00023,0.0
2026-06-01 01:25:00,2,Wheat,Sandy,41.9984,0.5714,13.0016,56.38,60.0,18.0,55.0,0.9,0.00017,0.0
2026-06-01 01:25:00,3,Maize,Clay,64.998,0.7777,0.002,14.15,75.0,30.0,65.0,1.0,0.00024,0.0
2026-06-01 01:26:00,1,Tomato,Loam,54.9972,0.6666,5.0028,26.01,70.0,25.0,60.0,0.7,7.1e-05,0.0
2026-06-01 01:26:00,2,Wheat,Sandy,41.9984,0.5714,13.0016,56.38,60.0,18.0,55.0,0.9,5.3e-05,0.0
2026-06-01 01:26:00,3,Maize,Clay,64.998,0.7777,0.002,14.15,75.0,30.0,65.0,1.0,7.4e-05,0.0
2026-06-01 01:27:00,1,Tomato,Loam,54.9972,0.6666,5.0028,26.01,70.0,25.0,60.0,0.7,0.000147,0.0
2026-06-01 01:27:00,2,Wheat,Sandy,41.9984,0.5714,13.0016,56.38,60.0,18.0,55.0,0.9,0.000109,0.0
2026-06-01 01:27:00,3,Maize,Clay,64.998,0.7777,0.002,14.15,75.0,30.0,65.0,1.0,0.000154,0.0
2026-06-01 01:28:00,1,Tomato,Loam,54.9972,0.6666,5.0028,26.01,70.0,25.0,60.0,0.7,9.9e-05,0.0
2026-06-01 01:28:00,2,Wheat,Sandy,41.9984,0.5714,13.0016,56.38,60.0,18.0,55.0,0.9,7.3e-05,0.0
2026-06-01 01:28:00,3,Maize,Clay,64.998,0.7777,0.002,14.15,75.0,30.0,65.0,1.0,0.000103,0.0
2026-06-01 01:29:00,1,Tomato,Loam,54.9972,0.6666,5.0028,26.01,70.0,25.0,60.0,0.7,1.8e-05,0.0
2026-06-01 01:29:00,2,Wheat,Sandy,41.9984,0.5714,13.0016,56.38,60.0,18.0,55.0,0.9,1.4e-05,0.0
2026-06-01 01:29:00,3,Maize,Clay,64.998,0.7777,0.002,14.15,75.0,30.0,65.0,1.0,1.9e-05,0.0
2026-06-01 01:30:00,1,Tomato,Loam,54.9971,0.6666,5.0029,26.01,70.0,25.0,60.0,0.7,0.000192,0.0
2026-06-01 01:30:00,2,Wheat,Sandy,41.9984,0.5714,13.0016,56.38,60.0,18.0,55.0,0.9,0.000142,0.0
2026-06-01 01:30:00,3,Maize,Clay,64.9979,0.7777,0.0021,14.15,75.0,30.0,65.0,1.0,0.0002,0.0
2026-06-01 01:31:00,1,Tomato,Loam,54.9971,0.6666,5.0029,26.01,70.0,25.0,60.0,0.7,0.000107,0.0
2026-06-01 01:31:00,2,Wheat,Sandy,41.9984,0.5714,13.0016,56.38,60.0,18.0,55.0,0.9,7.9e-05,0.0
2026-06-01 01:31:00,3,Maize,Clay,64.9979,0.7777,0.0021,14.15,75.0,30.0,65.0,1.0,0.000112,0.0
2026-06-01 01:32:00,1,Tomato,Loam,54.9971,0.6666,5.0029,26.01,70.0,25.0,60.0,0.7,0.000153,0.0
2026-06-01 01:32:00,2,Wheat,Sandy,41.9983,0.5714,13.0017,56.38,60.0,18.0,55.0,0.9,0.000113,0.0
2026-06-01 01:32:00,3,Maize,Clay,64.9979,0.7777,0.0021,14.15,75.0,30.0,65.0,1.0,0.00016,0.0
2026-06-01 01:33:00,1,Tomato,Loam,54.9971,0.6666,5.0029,26.01,70.0,25.0,60.0,0.7,7.4e-05,0.0
2026-06-01 01:33:00,2,Wheat,Sandy,41.9983,0.5714,13.0017,56.38,60.0,18.0,55.0,0.9,5.4e-05,0.0
2026-06-01 01:33:00,3,Maize,Clay,64.9979,0.7777,0.0021,14.15,75.0,30.0,65.0,1.0,7.7e-05,0.0
2026-06-01 01:34:00,1,Tomato,Loam,54.9971,0.6666,5.0029,26.01,70.0,25.0,60.0,0.7,8e-05,0.0
2026-06-01 01:34:00,2,Wheat,Sandy,41.9983,0.5714,13.0017,56.38,60.0,18.0,55.0,0.9,5.9e-05,0.0
2026-06-01 01:34:00,3,Maize,Clay,64.9979,0.7777,0.0021,14.15,75.0,30.0,65.0,1.0,8.4e-05,0.0
2026-06-01 01:35:00,1,Tomato,Loam,54.9971,0.6666,5.0029,26.01,70.0,25.0,60.0,0.7,3.9e-05,0.0
2026-06-01 01:35:00,2,Wheat,Sandy,41.9983,0.5714,13.0017,56.38,60.0,18.0,55.0,0.9,2.9e-05,0.0
2026-06-01 01:35:00,3,Maize,Clay,64.9979,0.7777,0.0021,14.15,75.0,30.0,65.0,1.0,4.1e-05,0.0
2026-06-01 01:36:00,1,Tomato,Loam,54.997,0.6666,5.003,26.01,70.0,25.0,60.0,0.7,0.00017,0.0
2026-06-01 01:36:00,2,Wheat,Sandy,41.9983,0.5714,13.0017,56.38,60.0,18.0,55.0,0.9,0.000126,0.0
2026-06-01 01:36:00,3,Maize,Clay,64.9979,0.7777,0.0021,14.15,75.0,30.0,65.0,1.0,0.000178,0.0
2026-06-01 01:37:00,1,Tomato,Loam,54.997,0.6666,5.003,26.01,70.0,25.0,60.0,0.7,0.000114,0.0
2026-06-01 01:37:00,2,Wheat,Sandy,41.9983,0.5714,13.0017,56.38,60.0,18.0,55.0,0.9,8.4e-05,0.0
2026-06-01 01:37:00,3,Maize,Clay,64.9979,0.7777,0.0021,14.15,75.0,30.0,65.0,1.0,0.000119,0.0
2026-06-01 01:38:00,1,Tomato,Loam,54.997,0.6666,5.003,26.01,70.0,25.0,60.0,0.7,0.000136,0.0
2026-06-01 01:38:00,2,Wheat,Sandy,41.9983,0.5714,13.0017,56.38,60.0,18.0,55.0,0.9,0.0001,0.0
2026-06-01 01:38:00,3,Maize,Clay,64.9978,0.7777,0.0022,14.15,75.0,30.0,65.0,1.0,0.000142,0.0
2026-06-01 01:39:00,1,Tomato,Loam,54.997,0.6666,5.003,26.01,70.0,25.0,60.0,0.7,0.000133,0.0
2026-06-01 01:39:00,2,Wheat,Sandy,41.9983,0.5714,13.0017,56.38,60.0,18.0,55.0,0.9,9.9e-05,0.0
2026-06-01 01:39:00,3,Maize,Clay,64.9978,0.7777,0.0022,14.15,75.0,30.0,65.0,1.0,0.000139,0.0
2026-06-01 01:40:00,1,Tomato,Loam,54.997,0.6666,5.003,26.01,70.0,25.0,60.0,0.7,0.000159,0.0
2026-06-01 01:40:00,2,Wheat,Sandy,41.9983,0.5714,13.0017,56.38,60.0,18.0,55.0,0.9,0.000117,0.0
2026-06-01 01:40:00,3,Maize,Clay,64.9978,0.7777,0.0022,14.15,75.0,30.0,65.0,1.0,0.000166,0.0
2026-06-01 01:41:00,1,Tomato,Loam,54.997,0.6666,5.003,26.01,70.0,25.0,60.0,0.7,0.000135,0.0
2026-06-01 01:41:00,2,Wheat,Sandy,41.9983,0.5714,13.0017,56.38,60.0,18.0,55.0,0.9,9.9e-05,0.0
2026-06-01 01:41:00,3,Maize,Clay,64.9978,0.7777,0.0022,14.15,75.0,30.0,65.0,1.0,0.00014,0.0
2026-06-01 01:42:00,1,Tomato,Loam,54.997,0.6666,5.003,26.01,70.0,25.0,60.0,0.7,1.2e-05,0.0
2026-06-01 01:42:00,2,Wheat,Sandy,41.9983,0.5714,13.0017,56.38,60.0,18.0,55.0,0.9,8e-06,0.0
2026-06-01 01:42:00,3,Maize,Clay,64.9978,0.7777,0.0022,14.15,75.0,30.0,65.0,1.0,1.2e-05,0.0
2026-06-01 01:43:00,1,Tomato,Loam,54.9969,0.6666,5.0031,26.01,70.0,25.0,60.0,0.7,5.6e-05,0.0
2026-06-01 01:43:00,2,Wheat,Sandy,41.9983,0.5714,13.0017,56.38,60.0,18.0,55.0,0.9,4.2e-05,0.0
2026-06-01 01:43:00,3,Maize,Clay,64.9978,0.7777,0.0022,14.15,75.0,30.0,65.0,1.0,5.9e-05,0.0
2026-06-01 01:44:00,1,Tomato,Loam,54.9969,0.6666,5.0031,26.01,70.0,25.0,60.0,0.7,3.8e-05,0.0
2026-06-01 01:44:00,2,Wheat,Sandy,41.9983,0.5714,13.0017,56.38,60.0,18.0,55.0,0.9,2.8e-05,0.0
2026-06-01 01:44:00,3,Maize,Clay,64.9978,0.7777,0.0022,14.15,75.0,30.0,65.0,1.0,4e-05,0.0
2026-06-01 01:45:00,1,Tomato,Loam,54.9969,0.6666,5.0031,26.01,70.0,25.0,60.0,0.7,0.000135,0.0
2026-06-01 01:45:00,2,Wheat,Sandy,41.9982,0.5714,13.0018,56.38,60.0,18.0,55.0,0.9,9.9e-05,0.0
2026-06-01 01:45:00,3,Maize,Clay,64.9978,0.7777,0.0022,14.15,75.0,30.0,65.0,1.0,0.00014,0.0
2026-06-01 01:46:00,1,Tomato,Loam,54.9969,0.6666,5.0031,26.01,70.0,25.0,60.0,0.7,8.6e-05,0.0
2026-06-01 01:46:00,2,Wheat,Sandy,41.9982,0.5714,13.0018,56.38,60.0,18.0,55.0,0.9,6.4e-05,0.0
2026-06-01 01:46:00,3,Maize,Clay,64.9978,0.7777,0.0022,14.15,75.0,30.0,65.0,1.0,9e-05,0.0
2026-06-01 01:47:00,1,Tomato,Loam,54.9969,0.6666,5.0031,26.01,70.0,25.0,60.0,0.7,0.0,0.0
2026-06-01 01:47:00,2,Wheat,Sandy,41.9982,0.5714,13.0018,56.38,60.0,18.0,55.0,0.9,0.0,0.0
2026-06-01 01:47:00,3,Maize,Clay,64.9978,0.7777,0.0022,14.15,75.0,30.0,65.0,1.0,0.0,0.0
2026-06-01 01:48:00,1,Tomato,Loam,54.9969,0.6666,5.0031,26.01,70.0,25.0,60.0,0.7,7.8e-05,0.0
2026-06-01 01:48:00,2,Wheat,Sandy,41.9982,0.5714,13.0018,56.38,60.0,18.0,55.0,0.9,5.8e-05,0.0
2026-06-01 01:48:00,3,Maize,Clay,64.9978,0.7777,0.0022,14.15,75.0,30.0,65.0,1.0,8.2e-05,0.0
2026-06-01 01:49:00,1,Tomato,Loam,54.9969,0.6666,5.0031,26.01,70.0,25.0,60.0,0.7,0.0,0.0
2026-06-01 01:49:00,2,Wheat,Sandy,41.9982,0.5714,13.0018,56.38,60.0,18.0,55.0,0.9,0.0,0.0
2026-06-01 01:49:00,3,Maize,Clay,64.9978,0.7777,0.0022,14.15,75.0,30.0,65.0,1.0,0.0,0.0
2026-06-01 01:50:00,1,Tomato,Loam,54.9969,0.6666,5.0031,26.01,70.0,25.0,60.0,0.7,7.5e-05,0.0
2026-06-01 01:50:00,2,Wheat,Sandy,41.9982,0.5714,13.0018,56.38,60.0,18.0,55.0,0.9,5.5e-05,0.0
2026-06-01 01:50:00,3,Maize,Clay,64.9978,0.7777,0.0022,14.15,75.0,30.0,65.0,1.0,7.8e-05,0.0
2026-06-01 01:51:00,1,Tomato,Loam,54.9969,0.6666,5.0031,26.01,70.0,25.0,60.0,0.7,0.0,0.0
2026-06-01 01:51:00,2,Wheat,Sandy,41.9982,0.5714,13.0018,56.38,60.0,18.0,55.0,0.9,0.0,0.0
2026-06-01 01:51:00,3,Maize,Clay,64.9978,0.7777,0.0022,14.15,75.0,30.0,65.0,1.0,0.0,0.0
2026-06-01 01:52:00,1,Tomato,Loam,54.9969,0.6666,5.0031,26.01,70.0,25.0,60.0,0.7,0.000101,0.0
2026-06-01 01:52:00,2,Wheat,Sandy,41.9982,0.5714,13.0018,56.38,60.0,18.0,55.0,0.9,7.5e-05,0.0
2026-06-01 01:52:00,3,Maize,Clay,64.9977,0.7777,0.0023,14.15,75.0,30.0,65.0,1.0,0.000106,0.0
2026-06-01 01:53:00,1,Tomato,Loam,54.9969,0.6666,5.0031,26.01,70.0,25.0,60.0,0.7,5.2e-05,0.0
2026-06-01 01:53:00,2,Wheat,Sandy,41.9982,0.5714,13.0018,56.38,60.0,18.0,55.0,0.9,3.8e-05,0.0
2026-06-01 01:53:00,3,Maize,Clay,64.9977,0.7777,0.0023,14.15,75.0,30.0,65.0,1.0,5.4e-05,0.0
2026-06-01 01:54:00,1,Tomato,Loam,54.9968,0.6666,5.0032,26.01,70.0,25.0,60.0,0.7,0.000182,0.0
2026-06-01 01:54:00,2,Wheat,Sandy,41.9982,0.5714,13.0018,56.38,60.0,18.0,55.0,0.9,0.000134,0.0
2026-06-01 01:54:00,3,Maize,Clay,64.9977,0.7777,0.0023,14.15,75.0,30.0,65.0,1.0,0.00019,0.0
2026-06-01 01:55:00,1,Tomato,Loam,54.9968,0.6666,5.0032,26.01,70.0,25.0,60.0,0.7,0.000122,0.0
2026-06-01 01:55:00,2,Wheat,Sandy,41.9982,0.5714,13.0018,56.38,60.0,18.0,55.0,0.9,9e-05,0.0
2026-06-01 01:55:00,3,Maize,Clay,64.9977,0.7777,0.0023,14.15,75.0,30.0,65.0,1.0,0.000127,0.0
2026-06-01 01:56:00,1,Tomato,Loam,54.9968,0.6666,5.0032,26.01,70.0,25.0,60.0,0.7,6.6e-05,0.0
2026-06-01 01:56:00,2,Wheat,Sandy,41.9982,0.5714,13.0018,56.38,60.0,18.0,55.0,0.9,4.8e-05,0.0
2026-06-01 01:56:00,3,Maize,Clay,64.9977,0.7777,0.0023,14.15,75.0,30.0,65.0,1.0,6.8e-05,0.0
2026-06-01 01:57:00,1,Tomato,Loam,54.9968,0.6666,5.0032,26.01,70.0,25.0,60.0,0.7,8.2e-05,0.0
2026-06-01 01:57:00,2,Wheat,Sandy,41.9982,0.5714,13.0018,56.38,60.0,18.0,55.0,0.9,6e-05,0.0
2026-06-01 01:57:00,3,Maize,Clay,64.9977,0.7777,0.0023,14.15,75.0,30.0,65.0,1.0,8.5e-05,0.0
2026-06-01 01:58:00,1,Tomato,Loam,54.9968,0.6666,5.0032,26.01,70.0,25.0,60.0,0.7,0.0,0.0
2026-06-01 01:58:00,2,Wheat,Sandy,41.9982,0.5714,13.0018,56.38,60.0,18.0,55.0,0.9,0.0,0.0
2026-06-01 01:58:00,3,Maize,Clay,64.9977,0.7777,0.0023,14.15,75.0,30.0,65.0,1.0,0.0,0.0
2026-06-01 01:59:00,1,Tomato,Loam,54.9968,0.6666,5.0032,26.01,70.0,25.0,60.0,0.7,1.6e-05,0.0
2026-06-01 01:59:00,2,Wheat,Sandy,41.9982,0.5714,13.0018,56.38,60.0,18.0,55.0,0.9,1.2e-05,0.0
2026-06-01 01:59:00,3,Maize,Clay,64.9977,0.7777,0.0023,14.15,75.0,30.0,65.0,1.0,1.7e-05,0.0
2026-06-01 02:00:00,1,Tomato,Loam,54.9968,0.6666,5.0032,26.01,70.0,25.0,60.0,0.7,5.7e-05,0.0
2026-06-01 02:00:00,2,Wheat,Sandy,41.9982,0.5714,13.0018,56.38,60.0,18.0,55.0,0.9,4.2e-05,0.0
2026-06-01 02:00:00,3,Maize,Clay,64.9977,0.7777,0.0023,14.15,75.0,30.0,65.0,1.0,6e-05,0.0
2026-06-01 02:01:00,1,Tomato,Loam,54.9968,0.6666,5.0032,26.01,70.0,25.0,60.0,0.7,0.0,0.0
2026-06-01 02:01:00,2,Wheat,Sandy,41.9982,0.5714,13.0018,56.38,60.0,18.0,55.0,0.9,0.0,0.0
2026-06-01 02:01:00,3,Maize,Clay,64.9977,0.7777,0.0023,14.15,75.0,30.0,65.0,1.0,0.0,0.0
2026-06-01 02:02:00,1,Tomato,Loam,54.9968,0.6666,5.0032,26.01,70.0,25.0,60.0,0.7,3.9e-05,0.0
2026-06-01 02:02:00,2,Wheat,Sandy,41.9982,0.5714,13.0018,56.38,60.0,18.0,55.0,0.9,2.9e-05,0.0
2026-06-01 02:02:00,3,Maize,Clay,64.9977,0.7777,0.0023,14.15,75.0,30.0,65.0,1.0,4.1e-05,0.0
2026-06-01 02:03:00,1,Tomato,Loam,54.9968,0.6666,5.0032,26.01,70.0,25.0,60.0,0.7,3.6e-05,0.0
2026-06-01 02:03:00,2,Wheat,Sandy,41.9982,0.5714,13.0018,56.38,60.0,18.0,55.0,0.9,2.6e-05,0.0
2026-06-01 02:03:00,3,Maize,Clay,64.9977,0.7777,0.0023,14.15,75.0,30.0,65.0,1.0,3.7e-05,0.0
2026-06-01 02:04:00,1,Tomato,Loam,54.9968,0.6666,5.0032,26.01,70.0,25.0,60.0,0.7,7.6e-05,0.0
2026-06-01 02:04:00,2,Wheat,Sandy,41.9982,0.5714,13.0018,56.38,60.0,18.0,55.0,0.9,5.6e-05,0.0
2026-06-01 02:04:00,3,Maize,Clay,64.9977,0.7777,0.0023,14.15,75.0,30.0,65.0,1.0,7.9e-05,0.0
2026-06-01 02:05:00,1,Tomato,Loam,54.9968,0.6666,5.0032,26.01,70.0,25.0,60.0,0.7,7e-06,0.0
2026-06-01 02:05:00,2,Wheat,Sandy,41.9982,0.5714,13.0018,56.38,60.0,18.0,55.0,0.9,5e-06,0.0
2026-06-01 02:05:00,3,Maize,Clay,64.9977,0.7777,0.0023,14.15,75.0,30.0,65.0,1.0,7e-06,0.0
2026-06-01 02:06:00,1,Tomato,Loam,54.9967,0.6666,5.0033,26.01,70.0,25.0,60.0,0.7,0.000121,0.0
2026-06-01 02:06:00,2,Wheat,Sandy,41.9981,0.5714,13.0019,56.38,60.0,18.0,55.0,0.9,8.9e-05,0.0
2026-06-01 02:06:00,3,Maize,Clay,64.9977,0.7777,0.0023,14.15,75.0,30.0,65.0,1.0,0.000126,0.0
2026-06-01 02:07:00,1,Tomato,Loam,54.9967,0.6666,5.0033,26.01,70.0,25.0,60.0,0.7,3.1e-05,0.0
2026-06-01 02:07:00,2,Wheat,Sandy,41.9981,0.5714,13.0019,56.38,60.0,18.0,55.0,0.9,2.3e-05,0.0
2026-06-01 02:07:00,3,Maize,Clay,64.9977,0.7777,0.0023,14.15,75.0,30.0,65.0,1.0,3.2e-05,0.0
2026-06-01 02:08:00,1,Tomato,Loam,54.9967,0.6666,5.0033,26.01,70.0,25.0,60.0,0.7,0.000121,0.0
2026-06-01 02:08:00,2,Wheat,Sandy,41.9981,0.5714,13.0019,56.38,60.0,18.0,55.0,0.9,8.9e-05,0.0
2026-06-01 02:08:00,3,Maize,Clay,64.9976,0.7777,0.0024,14.15,75.0,30.0,65.0,1.0,0.000126,0.0
2026-06-01 02:09:00,1,Tomato,Loam,54.9967,0.6666,5.0033,26.01,70.0,25.0,60.0,0.7,3.4e-05,0.0
2026-06-01 02:09:00,2,Wheat,Sandy,41.9981,0.5714,13.0019,56.38,60.0,18.0,55.0,0.9,2.6e-05,0.0
2026-06-01 02:09:00,3,Maize,Clay,64.9976,0.7777,0.0024,14.15,75.0,30.0,65.0,1.0,3.6e-05,0.0
2026-06-01 02:10:00,1,Tomato,Loam,54.9967,0.6666,5.0033,26.01,70.0,25.0,60.0,0.7,0.0,0.0
2026-06-01 02:10:00,2,Wheat,Sandy,41.9981,0.5714,13.0019,56.38,60.0,18.0,55.0,0.9,0.0,0.0
2026-06-01 02:10:00,3,Maize,Clay,64.9976,0.7777,0.0024,14.15,75.0,30.0,65.0,1.0,0.0,0.0
2026-06-01 02:11:00,1,Tomato,Loam,54.9967,0.6666,5.0033,26.01,70.0,25.0,60.0,0.7,2.8e-05,0.0
2026-06-01 02:11:00,2,Wheat,Sandy,41.9981,0.5714,13.0019,56.38,60.0,18.0,55.0,0.9,2e-05,0.0
2026-06-01 02:11:00,3,Maize,Clay,64.9976,0.7777,0.0024,14.15,75.0,30.0,65.0,1.0,2.9e-05,0.0
2026-06-01 02:12:00,1,Tomato,Loam,54.9967,0.6666,5.0033,26.01,70.0,25.0,60.0,0.7,0.0,0.0
2026-06-01 02:12:00,2,Wheat,Sandy,41.9981,0.5714,13.0019,56.38,60.0,18.0,55.0,0.9,0.0,0.0
2026-06-01 02:12:00,3,Maize,Clay,64.9976,0.7777,0.0024,14.15,75.0,30.0,65.0,1.0,0.0,0.0
2026-06-01 02:13:00,1,Tomato,Loam,54.9967,0.6666,5.0033,26.01,70.0,25.0,60.0,0.7,6.3e-05,0.0
2026-06-01 02:13:00,2,Wheat,Sandy,41.9981,0.5714,13.0019,56.38,60.0,18.0,55.0,0.9,4.7e-05,0.0
2026-06-01 02:13:00,3,Maize,Clay,64.9976,0.7777,0.0024,14.15,75.0,30.0,65.0,1.0,6.6e-05,0.0
2026-06-01 02:14:00,1,Tomato,Loam,54.9967,0.6666,5.0033,26.01,70.0,25.0,60.0,0.7,4.7e-05,0.0
2026-06-01 02:14:00,2,Wheat,Sandy,41.9981,0.5714,13.0019,56.38,60.0,18.0,55.0,0.9,3.5e-05,0.0
2026-06-01 02:14:00,3,Maize,Clay,64.9976,0.7777,0.0024,14.15,75.0,30.0,65.0,1.0,4.9e-05,0.0
2026-06-01 02:15:00,1,Tomato,Loam,54.9967,0.6666,5.0033,26.01,70.0,25.0,60.0,0.7,0.00016,0.0
2026-06-01 02:15:00,2,Wheat,Sandy,41.9981,0.5714,13.0019,56.38,60.0,18.0,55.0,0.9,0.000118,0.0
2026-06-01 02:15:00,3,Maize,Clay,64.9976,0.7777,0.0024,14.15,75.0,30.0,65.0,1.0,0.000167,0.0
2026-06-01 02:16:00,1,Tomato,Loam,54.9967,0.6666,5.0033,26.01,70.0,25.0,60.0,0.7,2.2e-05,0.0
2026-06-01 02:16:00,2,Wheat,Sandy,41.9981,0.5714,13.0019,56.38,60.0,18.0,55.0,0.9,1.6e-05,0.0
2026-06-01 02:16:00,3,Maize,Clay,64.9976,0.7777,0.0024,14.15,75.0,30.0,65.0,1.0,2.3e-05,0.0
2026-06-01 02:17:00,1,Tomato,Loam,54.9967,0.6666,5.0033,26.01,70.0,25.0,60.0,0.7,2.4e-05,0.0
2026-06-01 02:17:00,2,Wheat,Sandy,41.9981,0.5714,13.0019,56.38,60.0,18.0,55.0,0.9,1.8e-05,0.0
2026-06-01 02:17:00,3,Maize,Clay,64.9976,0.7777,0.0024,14.15,75.0,30.0,65.0,1.0,2.5e-05,0.0
2026-06-01 02:18:00,1,Tomato,Loam,54.9967,0.6666,5.0033,26.01,70.0,25.0,60.0,0.7,2.6e-05,0.0
2026-06-01 02:18:00,2,Wheat,Sandy,41.9981,0.5714,13.0019,56.38,60.0,18.0,55.0,0.9,2e-05,0.0
2026-06-01 02:18:00,3,Maize,Clay,64.9976,0.7777,0.0024,14.15,75.0,30.0,65.0,1.0,2.8e-05,0.0
2026-06-01 02:19:00,1,Tomato,Loam,54.9967,0.6666,5.0033,26.01,70.0,25.0,60.0,0.7,0.000106,0.0
2026-06-01 02:19:00,2,Wheat,Sandy,41.9981,0.5714,13.0019,56.38,60.0,18.0,55.0,0.9,7.8e-05,0.0
2026-06-01 02:19:00,3,Maize,Clay,64.9976,0.7777,0.0024,14.15,75.0,30.0,65.0,1.0,0.00011,0.0
2026-06-01 02:20:00,1,Tomato,Loam,54.9967,0.6666,5.0033,26.01,70.0,25.0,60.0,0.7,7.7e-05,0.0
2026-06-01 02:20:00,2,Wheat,Sandy,41.9981,0.5714,13.0019,56.38,60.0,18.0,55.0,0.9,5.7e-05,0.0
2026-06-01 02:20:00,3,Maize,Clay,64.9976,0.7777,0.0024,14.15,75.0,30.0,65.0,1.0,8e-05,0.0
2026-06-01 02:21:00,1,Tomato,Loam,54.9967,0.6666,5.0033,26.01,70.0,25.0,60.0,0.7,7e-06,0.0
2026-06-01 02:21:00,2,Wheat,Sandy,41.9981,0.5714,13.0019,56.38,60.0,18.0,55.0,0.9,5e-06,0.0
2026-06-01 02:21:00,3,Maize,Clay,64.9976,0.7777,0.0024,14.15,75.0,30.0,65.0,1.0,7e-06,0.0
2026-06-01 02:22:00,1,Tomato,Loam,54.9966,0.6666,5.0034,26.01,70.0,25.0,60.0,0.7,5.9e-05,0.0
2026-06-01 02:22:00,2,Wheat,Sandy,41.9981,0.5714,13.0019,56.38,60.0,18.0,55.0,0.9,4.3e-05,0.0
2026-06-01 02:22:00,3,Maize,Clay,64.9976,0.7777,0.0024,14.15,75.0,30.0,65.0,1.0,6.1e-05,0.0
2026-06-01 02:23:00,1,Tomato,Loam,54.9966,0.6666,5.0034,26.01,70.0,25.0,60.0,0.7,1.4e-05,0.0
2026-06-01 02:23:00,2,Wheat,Sandy,41.9981,0.5714,13.0019,56.38,60.0,18.0,55.0,0.9,1e-05,0.0
2026-06-01 02:23:00,3,Maize,Clay,64.9976,0.7777,0.0024,14.15,75.0,30.0,65.0,1.0,1.4e-05,0.0
2026-06-01 02:24:00,1,Tomato,Loam,54.9966,0.6666,5.0034,26.01,70.0,25.0,60.0,0.7,7.4e-05,0.0
2026-06-01 02:24:00,2,Wheat,Sandy,41.9981,0.5714,13.0019,56.38,60.0,18.0,55.0,0.9,5.4e-05,0.0
2026-06-01 02:24:00,3,Maize,Clay,64.9976,0.7777,0.0024,14.15,75.0,30.0,65.0,1.0,7.7e-05,0.0
2026-06-01 02:25:00,1,Tomato,Loam,54.9966,0.6666,5.0034,26.01,70.0,25.0,60.0,0.7,5.3e-05,0.0
2026-06-01 02:25:00,2,Wheat,Sandy,41.9981,0.5714,13.0019,56.38,60.0,18.0,55.0,0.9,3.9e-05,0.0
2026-06-01 02:25:00,3,Maize,Clay,64.9976,0.7777,0.0024,14.15,75.0,30.0,65.0,1.0,5.5e-05,0.0
2026-06-01 02:26:00,1,Tomato,Loam,54.9966,0.6666,5.0034,26.01,70.0,25.0,60.0,0.7,1.5e-05,0.0
2026-06-01 02:26:00,2,Wheat,Sandy,41.9981,0.5714,13.0019,56.38,60.0,18.0,55.0,0.9,1.1e-05,0.0
2026-06-01 02:26:00,3,Maize,Clay,64.9976,0.7777,0.0024,14.15,75.0,30.0,65.0,1.0,1.6e-05,0.0
2026-06-01 02:27:00,1,Tomato,Loam,54.9966,0.6666,5.0034,26.01,70.0,25.0,60.0,0.7,2.8e-05,0.0
2026-06-01 02:27:00,2,Wheat,Sandy,41.9981,0.5714,13.0019,56.38,60.0,18.0,55.0,0.9,2e-05,0.0
2026-06-01 02:27:00,3,Maize,Clay,64.9976,0.7777,0.0024,14.15,75.0,30.0,65.0,1.0,2.9e-05,0.0
2026-06-01 02:28:00,1,Tomato,Loam,54.9966,0.6666,5.0034,26.01,70.0,25.0,60.0,0.7,0.000167,0.0
2026-06-01 02:28:00,2,Wheat,Sandy,41.9981,0.5714,13.0019,56.38,60.0,18.0,55.0,0.9,0.000123,0.0
2026-06-01 02:28:00,3,Maize,Clay,64.9976,0.7777,0.0024,14.15,75.0,30.0,65.0,1.0,0.000174,0.0
2026-06-01 02:29:00,1,Tomato,Loam,54.9966,0.6666,5.0034,26.01,70.0,25.0,60.0,0.7,0.0,0.0
2026-06-01 02:29:00,2,Wheat,Sandy,41.9981,0.5714,13.0019,56.38,60.0,18.0,55.0,0.9,0.0,0.0
2026-06-01 02:29:00,3,Maize,Clay,64.9976,0.7777,0.0024,14.15,75.0,30.0,65.0,1.0,0.0,0.0
2026-06-01 02:30:00,1,Tomato,Loam,54.9966,0.6666,5.0034,26.01,70.0,25.0,60.0,0.7,4.1e-05,0.0
2026-06-01 02:30:00,2,Wheat,Sandy,41.9981,0.5714,13.0019,56.38,60.0,18.0,55.0,0.9,3.1e-05,0.0
2026-06-01 02:30:00,3,Maize,Clay,64.9975,0.7777,0.0025,14.15,75.0,30.0,65.0,1.0,4.3e-05,0.0
2026-06-01 02:31:00,1,Tomato,Loam,54.9966,0.6666,5.0034,26.01,70.0,25.0,60.0,0.7,0.0,0.0
2026-06-01 02:31:00,2,Wheat,Sandy,41.9981,0.5714,13.0019,56.38,60.0,18.0,55.0,0.9,0.0,0.0
2026-06-01 02:31:00,3,Maize,Clay,64.9976,0.7777,0.0024,14.15,75.0,30.0,65.0,1.0,0.0,0.0
2026-06-01 02:32:00,1,Tomato,Loam,54.9966,0.6666,5.0034,26.01,70.0,25.0,60.0,0.7,0.000106,0.0
2026-06-01 02:32:00,2,Wheat,Sandy,41.9981,0.5714,13.0019,56.38,60.0,18.0,55.0,0.9,7.8e-05,0.0
2026-06-01 02:32:00,3,Maize,Clay,64.9975,0.7777,0.0025,14.15,75.0,30.0,65.0,1.0,0.00011,0.0
2026-06-01 02:33:00,1,Tomato,Loam,54.9966,0.6666,5.0034,26.01,70.0,25.0,60.0,0.7,5.5e-05,0.0
2026-06-01 02:33:00,2,Wheat,Sandy,41.9981,0.5714,13.0019,56.38,60.0,18.0,55.0,0.9,4.1e-05,0.0
2026-06-01 02:33:00,3,Maize,Clay,64.9975,0.7777,0.0025,14.15,75.0,30.0,65.0,1.0,5.8e-05,0.0
2026-06-01 02:34:00,1,Tomato,Loam,54.9966,0.6666,5.0034,26.01,70.0,25.0,60.0,0.7,0.0,0.0
2026-06-01 02:34:00,2,Wheat,Sandy,41.9981,0.5714,13.0019,56.38,60.0,18.0,55.0,0.9,0.0,0.0
2026-06-01 02:34:00,3,Maize,Clay,64.9975,0.7777,0.0025,14.15,75.0,30.0,65.0,1.0,0.0,0.0
2026-06-01 02:35:00,1,Tomato,Loam,54.9965,0.6666,5.0035,26.01,70.0,25.0,60.0,0.7,5.7e-05,0.0
2026-06-01 02:35:00,2,Wheat,Sandy,41.9981,0.5714,13.0019,56.38,60.0,18.0,55.0,0.9,4.2e-05,0.0
2026-06-01 02:35:00,3,Maize,Clay,64.9975,0.7777,0.0025,14.15,75.0,30.0,65.0,1.0,6e-05,0.0
2026-06-01 02:36:00,1,Tomato,Loam,54.9965,0.6666,5.0035,26.01,70.0,25.0,60.0,0.7,3.1e-05,0.0
2026-06-01 02:36:00,2,Wheat,Sandy,41.9981,0.5714,13.0019,56.38,60.0,18.0,55.0,0.9,2.3e-05,0.0
2026-06-01 02:36:00,3,Maize,Clay,64.9975,0.7777,0.0025,14.15,75.0,30.0,65.0,1.0,3.2e-05,0.0
2026-06-01 02:37:00,1,Tomato,Loam,54.9965,0.6666,5.0035,26.01,70.0,25.0,60.0,0.7,6e-06,0.0
2026-06-01 02:37:00,2,Wheat,Sandy,41.9981,0.5714,13.0019,56.38,60.0,18.0,55.0,0.9,4e-06,0.0
2026-06-01 02:37:00,3,Maize,Clay,64.9975,0.7777,0.0025,14.15,75.0,30.0,65.0,1.0,6e-06,0.0
2026-06-01 02:38:00,1,Tomato,Loam,54.9965,0.6666,5.0035,26.01,70.0,25.0,60.0,0.7,5.7e-05,0.0
2026-06-01 02:38:00,2,Wheat,Sandy,41.9981,0.5714,13.0019,56.38,60.0,18.0,55.0,0.9,4.2e-05,0.0
2026-06-01 02:38:00,3,Maize,Clay,64.9975,0.7777,0.0025,14.15,75.0,30.0,65.0,1.0,6e-05,0.0
2026-06-01 02:39:00,1,Tomato,Loam,54.9965,0.6666,5.0035,26.01,70.0,25.0,60.0,0.7,2.4e-05,0.0
2026-06-01 02:39:00,2,Wheat,Sandy,41.9981,0.5714,13.0019,56.38,60.0,18.0,55.0,0.9,1.8e-05,0.0
2026-06-01 02:39:00,3,Maize,Clay,64.9975,0.7777,0.0025,14.15,75.0,30.0,65.0,1.0,2.5e-05,0.0
2026-06-01 02:40:00,1,Tomato,Loam,54.9965,0.6666,5.0035,26.01,70.0,25.0,60.0,0.7,2e-06,0.0
2026-06-01 02:40:00,2,Wheat,Sandy,41.9981,0.5714,13.0019,56.38,60.0,18.0,55.0,0.9,2e-06,0.0
2026-06-01 02:40:00,3,Maize,Clay,64.9975,0.7777,0.0025,14.15,75.0,30.0,65.0,1.0,2e-06,0.0
2026-06-01 02:41:00,1,Tomato,Loam,54.9965,0.6666,5.0035,26.01,70.0,25.0,60.0,0.7,9e-06,0.0
2026-06-01 02:41:00,2,Wheat,Sandy,41.9981,0.5714,13.0019,56.38,60.0,18.0,55.0,0.9,7e-06,0.0
2026-06-01 02:41:00,3,Maize,Clay,64.9975,0.7777,0.0025,14.15,75.0,30.0,65.0,1.0,1e-05,0.0
2026-06-01 02:42:00,1,Tomato,Loam,54.9965,0.6666,5.0035,26.01,70.0,25.0,60.0,0.7,6.7e-05,0.0
2026-06-01 02:42:00,2,Wheat,Sandy,41.9981,0.5714,13.0019,56.38,60.0,18.0,55.0,0.9,4.9e-05,0.0
2026-06-01 02:42:00,3,Maize,Clay,64.9975,0.7777,0.0025,14.15,75.0,30.0,65.0,1.0,7e-05,0.0
2026-06-01 02:43:00,1,Tomato,Loam,54.9965,0.6666,5.0035,26.01,70.0,25.0,60.0,0.7,2.2e-05,0.0
2026-06-01 02:43:00,2,Wheat,Sandy,41.9981,0.5714,13.0019,56.38,60.0,18.0,55.0,0.9,1.6e-05,0.0
2026-06-01 02:43:00,3,Maize,Clay,64.9975,0.7777,0.0025,14.15,75.0,30.0,65.0,1.0,2.3e-05,0.0
2026-06-01 02:44:00,1,Tomato,Loam,54.9965,0.6666,5.0035,26.01,70.0,25.0,60.0,0.7,2.2e-05,0.0
2026-06-01 02:44:00,2,Wheat,Sandy,41.9981,0.5714,13.0019,56.38,60.0,18.0,55.0,0.9,1.6e-05,0.0
2026-06-01 02:44:00,3,Maize,Clay,64.9975,0.7777,0.0025,14.15,75.0,30.0,65.0,1.0,2.3e-05,0.0
2026-06-01 02:45:00,1,Tomato,Loam,54.9965,0.6666,5.0035,26.01,70.0,25.0,60.0,0.7,0.0,0.0
2026-06-01 02:45:00,2,Wheat,Sandy,41.9981,0.5714,13.0019,56.38,60.0,18.0,55.0,0.9,0.0,0.0
2026-06-01 02:45:00,3,Maize,Clay,64.9975,0.7777,0.0025,14.15,75.0,30.0,65.0,1.0,0.0,0.0
2026-06-01 02:46:00,1,Tomato,Loam,54.9965,0.6666,5.0035,26.01,70.0,25.0,60.0,0.7,9.1e-05,0.0
2026-06-01 02:46:00,2,Wheat,Sandy,41.9981,0.5714,13.0019,56.38,60.0,18.0,55.0,0.9,6.7e-05,0.0
2026-06-01 02:46:00,3,Maize,Clay,64.9975,0.7777,0.0025,14.15,75.0,30.0,65.0,1.0,9.5e-05,0.0
2026-06-01 02:47:00,1,Tomato,Loam,54.9965,0.6666,5.0035,26.01,70.0,25.0,60.0,0.7,0.0,0.0
2026-06-01 02:47:00,2,Wheat,Sandy,41.9981,0.5714,13.0019,56.38,60.0,18.0,55.0,0.9,0.0,0.0
2026-06-01 02:47:00,3,Maize,Clay,64.9975,0.7777,0.0025,14.15,75.0,30.0,65.0,1.0,0.0,0.0
2026-06-01 02:48:00,1,Tomato,Loam,54.9965,0.6666,5.0035,26.01,70.0,25.0,60.0,0.7,1.7e-05,0.0
2026-06-01 02:48:00,2,Wheat,Sandy,41.9981,0.5714,13.0019,56.38,60.0,18.0,55.0,0.9,1.3e-05,0.0
2026-06-01 02:48:00,3,Maize,Clay,64.9975,0.7777,0.0025,14.15,75.0,30.0,65.0,1.0,1.8e-05,0.0
2026-06-01 02:49:00,1,Tomato,Loam,54.9965,0.6666,5.0035,26.01,70.0,25.0,60.0,0.7,0.0,0.0
2026-06-01 02:49:00,2,Wheat,Sandy,41.9981,0.5714,13.0019,56.38,60.0,18.0,55.0,0.9,0.0,0.0
2026-06-01 02:49:00,3,Maize,Clay,64.9975,0.7777,0.0025,14.15,75.0,30.0,65.0,1.0,0.0,0.0
2026-06-01 02:50:00,1,Tomato,Loam,54.9965,0.6666,5.0035,26.01,70.0,25.0,60.0,0.7,6.1e-05,0.0
2026-06-01 02:50:00,2,Wheat,Sandy,41.9981,0.5714,13.0019,56.38,60.0,18.0,55.0,0.9,4.5e-05,0.0
2026-06-01 02:50:00,3,Maize,Clay,64.9975,0.7777,0.0025,14.15,75.0,30.0,65.0,1.0,6.4e-05,0.0
2026-06-01 02:51:00,1,Tomato,Loam,54.9965,0.6666,5.0035,26.01,70.0,25.0,60.0,0.7,0.0,0.0
2026-06-01 02:51:00,2,Wheat,Sandy,41.9981,0.5714,13.0019,56.38,60.0,18.0,55.0,0.9,0.0,0.0
2026-06-01 02:51:00,3,Maize,Clay,64.9975,0.7777,0.0025,14.15,75.0,30.0,65.0,1.0,0.0,0.0
2026-06-01 02:52:00,1,Tomato,Loam,54.9965,0.6666,5.0035,26.01,70.0,25.0,60.0,0.7,0.0,0.0
2026-06-01 02:52:00,2,Wheat,Sandy,41.9981,0.5714,13.0019,56.38,60.0,18.0,55.0,0.9,0.0,0.0
2026-06-01 02:52:00,3,Maize,Clay,64.9975,0.7777,0.0025,14.15,75.0,30.0,65.0,1.0,0.0,0.0
2026-06-01 02:53:00,1,Tomato,Loam,54.9965,0.6666,5.0035,26.01,70.0,25.0,60.0,0.7,0.0,0.0
2026-06-01 02:53:00,2,Wheat,Sandy,41.9981,0.5714,13.0019,56.38,60.0,18.0,55.0,0.9,0.0,0.0
2026-06-01 02:53:00,3,Maize,Clay,64.9975,0.7777,0.0025,14.15,75.0,30.0,65.0,1.0,0.0,0.0
2026-06-01 02:54:00,1,Tomato,Loam,54.9965,0.6666,5.0035,26.01,70.0,25.0,60.0,0.7,1.2e-05,0.0
2026-06-01 02:54:00,2,Wheat,Sandy,41.9981,0.5714,13.0019,56.38,60.0,18.0,55.0,0.9,8e-06,0.0
2026-06-01 02:54:00,3,Maize,Clay,64.9975,0.7777,0.0025,14.15,75.0,30.0,65.0,1.0,1.2e-05,0.0
2026-06-01 02:55:00,1,Tomato,Loam,54.9965,0.6666,5.0035,26.01,70.0,25.0,60.0,0.7,0.0,0.0
2026-06-01 02:55:00,2,Wheat,Sandy,41.9981,0.5714,13.0019,56.38,60.0,18.0,55.0,0.9,0.0,0.0
2026-06-01 02:55:00,3,Maize,Clay,64.9975,0.7777,0.0025,14.15,75.0,30.0,65.0,1.0,0.0,0.0
2026-06-01 02:56:00,1,Tomato,Loam,54.9965,0.6666,5.0035,26.01,70.0,25.0,60.0,0.7,1e-06,0.0
2026-06-01 02:56:00,2,Wheat,Sandy,41.9981,0.5714,13.0019,56.38,60.0,18.0,55.0,0.9,1e-06,0.0
2026-06-01 02:56:00,3,Maize,Clay,64.9975,0.7777,0.0025,14.15,75.0,30.0,65.0,1.0,1e-06,0.0
2026-06-01 02:57:00,1,Tomato,Loam,54.9965,0.6666,5.0035,26.01,70.0,25.0,60.0,0.7,0.0,0.0
2026-06-01 02:57:00,2,Wheat,Sandy,41.9981,0.5714,13.0019,56.38,60.0,18.0,55.0,0.9,0.0,0.0
2026-06-01 02:57:00,3,Maize,Clay,64.9975,0.7777,0.0025,14.15,75.0,30.0,65.0,1.0,0.0,0.0
2026-06-01 02:58:00,1,Tomato,Loam,54.9965,0.6666,5.0035,26.01,70.0,25.0,60.0,0.7,2e-05,0.0
2026-06-01 02:58:00,2,Wheat,Sandy,41.9981,0.5714,13.0019,56.38,60.0,18.0,55.0,0.9,1.4e-05,0.0
2026-06-01 02:58:00,3,Maize,Clay,64.9975,0.7777,0.0025,14.15,75.0,30.0,65.0,1.0,2e-05,0.0
2026-06-01 02:59:00,1,Tomato,Loam,54.9965,0.6666,5.0035,26.01,70.0,25.0,60.0,0.7,0.0,0.0
2026-06-01 02:59:00,2,Wheat,Sandy,41.9981,0.5714,13.0019,56.38,60.0,18.0,55.0,0.9,0.0,0.0
2026-06-01 02:59:00,3,Maize,Clay,64.9975,0.7777,0.0025,14.15,75.0,30.0,65.0,1.0,0.0,0.0
2026-06-01 03:00:00,1,Tomato,Loam,54.9965,0.6666,5.0035,26.01,70.0,25.0,60.0,0.7,0.0,0.0
2026-06-01 03:00:00,2,Wheat,Sandy,41.9981,0.5714,13.0019,56.38,60.0,18.0,55.0,0.9,0.0,0.0
2026-06-01 03:00:00,3,Maize,Clay,64.9975,0.7777,0.0025,14.15,75.0,30.0,65.0,1.0,0.0,0.0
2026-06-01 03:01:00,1,Tomato,Loam,54.9965,0.6666,5.0035,26.01,70.0,25.0,60.0,0.7,4.6e-05,0.0
2026-06-01 03:01:00,2,Wheat,Sandy,41.9981,0.5714,13.0019,56.38,60.0,18.0,55.0,0.9,3.4e-05,0.0
2026-06-01 03:01:00,3,Maize,Clay,64.9975,0.7777,0.0025,14.15,75.0,30.0,65.0,1.0,4.8e-05,0.0
2026-06-01 03:02:00,1,Tomato,Loam,54.9965,0.6666,5.0035,26.01,70.0,25.0,60.0,0.7,0.0,0.0
2026-06-01 03:02:00,2,Wheat,Sandy,41.9981,0.5714,13.0019,56.38,60.0,18.0,55.0,0.9,0.0,0.0
2026-06-01 03:02:00,3,Maize,Clay,64.9975,0.7777,0.0025,14.15,75.0,30.0,65.0,1.0,0.0,0.0
2026-06-01 03:03:00,1,Tomato,Loam,54.9965,0.6666,5.0035,26.01,70.0,25.0,60.0,0.7,4.1e-05,0.0
2026-06-01 03:03:00,2,Wheat,Sandy,41.9981,0.5714,13.0019,56.38,60.0,18.0,55.0,0.9,3.1e-05,0.0
2026-06-01 03:03:00,3,Maize,Clay,64.9975,0.7777,0.0025,14.15,75.0,30.0,65.0,1.0,4.3e-05,0.0
2026-06-01 03:04:00,1,Tomato,Loam,54.9965,0.6666,5.0035,26.01,70.0,25.0,60.0,0.7,0.0,0.0
2026-06-01 03:04:00,2,Wheat,Sandy,41.9981,0.5714,13.0019,56.38,60.0,18.0,55.0,0.9,0.0,0.0
2026-06-01 03:04:00,3,Maize,Clay,64.9975,0.7777,0.0025,14.15,75.0,30.0,65.0,1.0,0.0,0.0
2026-06-01 03:05:00,1,Tomato,Loam,54.9965,0.6666,5.0035,26.01,70.0,25.0,60.0,0.7,8.3e-05,0.0
2026-06-01 03:05:00,2,Wheat,Sandy,41.998,0.5714,13.002,56.38,60.0,18.0,55.0,0.9,6.1e-05,0.0
2026-06-01 03:05:00,3,Maize,Clay,64.9975,0.7777,0.0025,14.15,75.0,30.0,65.0,1.0,8.6e-05,0.0
2026-06-01 03:06:00,1,Tomato,Loam,54.9965,0.6666,5.0035,26.01,70.0,25.0,60.0,0.7,2.8e-05,0.0
2026-06-01 03:06:00,2,Wheat,Sandy,41.998,0.5714,13.002,56.38,60.0,18.0,55.0,0.9,2e-05,0.0
2026-06-01 03:06:00,3,Maize,Clay,64.9975,0.7777,0.0025,14.15,75.0,30.0,65.0,1.0,2.9e-05,0.0
2026-06-01 03:07:00,1,Tomato,Loam,54.9965,0.6666,5.0035,26.01,70.0,25.0,60.0,0.7,0.0,0.0
2026-06-01 03:07:00,2,Wheat,Sandy,41.998,0.5714,13.002,56.38,60.0,18.0,55.0,0.9,0.0,0.0
2026-06-01 03:07:00,3,Maize,Clay,64.9975,0.7777,0.0025,14.15,75.0,30.0,65.0,1.0,0.0,0.0
2026-06-01 03:08:00,1,Tomato,Loam,54.9965,0.6666,5.0035,26.01,70.0,25.0,60.0,0.7,0.0,0.0
2026-06-01 03:08:00,2,Wheat,Sandy,41.998,0.5714,13.002,56.38,60.0,18.0,55.0,0.9,0.0,0.0
2026-06-01 03:08:00,3,Maize,Clay,64.9975,0.7777,0.0025,14.15,75.0,30.0,65.0,1.0,0.0,0.0
2026-06-01 03:09:00,1,Tomato,Loam,54.9965,0.6666,5.0035,26.01,70.0,25.0,60.0,0.7,4.7e-05,0.0
2026-06-01 03:09:00,2,Wheat,Sandy,41.998,0.5714,13.002,56.38,60.0,18.0,55.0,0.9,3.5e-05,0.0
2026-06-01 03:09:00,3,Maize,Clay,64.9975,0.7777,0.0025,14.15,75.0,30.0,65.0,1.0,4.9e-05,0.0
2026-06-01 03:10:00,1,Tomato,Loam,54.9965,0.6666,5.0035,26.01,70.0,25.0,60.0,0.7,0.0,0.0
2026-06-01 03:10:00,2,Wheat,Sandy,41.998,0.5714,13.002,56.38,60.0,18.0,55.0,0.9,0.0,0.0
2026-06-01 03:10:00,3,Maize,Clay,64.9975,0.7777,0.0025,14.15,75.0,30.0,65.0,1.0,0.0,0.0
2026-06-01 03:11:00,1,Tomato,Loam,54.9965,0.6666,5.0035,26.01,70.0,25.0,60.0,0.7,0.0,0.0
2026-06-01 03:11:00,2,Wheat,Sandy,41.998,0.5714,13.002,56.38,60.0,18.0,55.0,0.9,0.0,0.0
2026-06-01 03:11:00,3,Maize,Clay,64.9975,0.7777,0.0025,14.15,75.0,30.0,65.0,1.0,0.0,0.0
2026-06-01 03:12:00,1,Tomato,Loam,54.9965,0.6666,5.0035,26.01,70.0,25.0,60.0,0.7,6.3e-05,0.0
2026-06-01 03:12:00,2,Wheat,Sandy,41.998,0.5714,13.002,56.38,60.0,18.0,55.0,0.9,4.7e-05,0.0
2026-06-01 03:12:00,3,Maize,Clay,64.9975,0.7777,0.0025,14.15,75.0,30.0,65.0,1.0,6.6e-05,0.0
2026-06-01 03:13:00,1,Tomato,Loam,54.9965,0.6666,5.0035,26.01,70.0,25.0,60.0,0.7,0.0,0.0
2026-06-01 03:13:00,2,Wheat,Sandy,41.998,0.5714,13.002,56.38,60.0,18.0,55.0,0.9,0.0,0.0
2026-06-01 03:13:00,3,Maize,Clay,64.9975,0.7777,0.0025,14.15,75.0,30.0,65.0,1.0,0.0,0.0
2026-06-01 03:14:00,1,Tomato,Loam,54.9965,0.6666,5.0035,26.01,70.0,25.0,60.0,0.7,0.0,0.0
2026-06-01 03:14:00,2,Wheat,Sandy,41.998,0.5714,13.002,56.38,60.0,18.0,55.0,0.9,0.0,0.0
2026-06-01 03:14:00,3,Maize,Clay,64.9975,0.7777,0.0025,14.15,75.0,30.0,65.0,1.0,0.0,0.0
2026-06-01 03:15:00,1,Tomato,Loam,54.9965,0.6666,5.0035,26.01,70.0,25.0,60.0,0.7,3.2e-05,0.0
2026-06-01 03:15:00,2,Wheat,Sandy,41.998,0.5714,13.002,56.38,60.0,18.0,55.0,0.9,2.4e-05,0.0
2026-06-01 03:15:00,3,Maize,Clay,64.9975,0.7777,0.0025,14.15,75.0,30.0,65.0,1.0,3.4e-05,0.0
2026-06-01 03:16:00,1,Tomato,Loam,54.9965,0.6666,5.0035,26.01,70.0,25.0,60.0,0.7,3.1e-05,0.0
2026-06-01 03:16:00,2,Wheat,Sandy,41.998,0.5714,13.002,56.38,60.0,18.0,55.0,0.9,2.3e-05,0.0
2026-06-01 03:16:00,3,Maize,Clay,64.9975,0.7777,0.0025,14.15,75.0,30.0,65.0,1.0,3.2e-05,0.0
2026-06-01 03:17:00,1,Tomato,Loam,54.9965,0.6666,5.0035,26.01,70.0,25.0,60.0,0.7,0.0,0.0
2026-06-01 03:17:00,2,Wheat,Sandy,41.998,0.5714,13.002,56.38,60.0,18.0,55.0,0.9,0.0,0.0
2026-06-01 03:17:00,3,Maize,Clay,64.9975,0.7777,0.0025,14.15,75.0,30.0,65.0,1.0,0.0,0.0
2026-06-01 03:18:00,1,Tomato,Loam,54.9965,0.6666,5.0035,26.01,70.0,25.0,60.0,0.7,0.0,0.0
2026-06-01 03:18:00,2,Wheat,Sandy,41.998,0.5714,13.002,56.38,60.0,18.0,55.0,0.9,0.0,0.0
2026-06-01 03:18:00,3,Maize,Clay,64.9975,0.7777,0.0025,14.15,75.0,30.0,65.0,1.0,0.0,0.0
2026-06-01 03:19:00,1,Tomato,Loam,54.9965,0.6666,5.0035,26.01,70.0,25.0,60.0,0.7,0.0,0.0
2026-06-01 03:19:00,2,Wheat,Sandy,41.998,0.5714,13.002,56.38,60.0,18.0,55.0,0.9,0.0,0.0
2026-06-01 03:19:00,3,Maize,Clay,64.9975,0.7777,0.0025,14.15,75.0,30.0,65.0,1.0,0.0,0.0
2026-06-01 03:20:00,1,Tomato,Loam,54.9965,0.6666,5.0035,26.01,70.0,25.0,60.0,0.7,0.0,0.0
2026-06-01 03:20:00,2,Wheat,Sandy,41.998,0.5714,13.002,56.38,60.0,18.0,55.0,0.9,0.0,0.0
2026-06-01 03:20:00,3,Maize,Clay,64.9975,0.7777,0.0025,14.15,75.0,30.0,65.0,1.0,0.0,0.0
2026-06-01 03:21:00,1,Tomato,Loam,54.9965,0.6666,5.0035,26.01,70.0,25.0,60.0,0.7,3e-05,0.0
2026-06-01 03:21:00,2,Wheat,Sandy,41.998,0.5714,13.002,56.38,60.0,18.0,55.0,0.9,2.2e-05,0.0
2026-06-01 03:21:00,3,Maize,Clay,64.9975,0.7777,0.0025,14.15,75.0,30.0,65.0,1.0,3.1e-05,0.0
2026-06-01 03:22:00,1,Tomato,Loam,54.9965,0.6666,5.0035,26.01,70.0,25.0,60.0,0.7,0.0,0.0
2026-06-01 03:22:00,2,Wheat,Sandy,41.998,0.5714,13.002,56.38,60.0,18.0,55.0,0.9,0.0,0.0
2026-06-01 03:22:00,3,Maize,Clay,64.9975,0.7777,0.0025,14.15,75.0,30.0,65.0,1.0,0.0,0.0
2026-06-01 03:23:00,1,Tomato,Loam,54.9965,0.6666,5.0035,26.01,70.0,25.0,60.0,0.7,2e-06,0.0
2026-06-01 03:23:00,2,Wheat,Sandy,41.998,0.5714,13.002,56.38,60.0,18.0,55.0,0.9,2e-06,0.0
2026-06-01 03:23:00,3,Maize,Clay,64.9975,0.7777,0.0025,14.15,75.0,30.0,65.0,1.0,2e-06,0.0
2026-06-01 03:24:00,1,Tomato,Loam,54.9965,0.6666,5.0035,26.01,70.0,25.0,60.0,0.7,1.4e-05,0.0
2026-06-01 03:24:00,2,Wheat,Sandy,41.998,0.5714,13.002,56.38,60.0,18.0,55.0,0.9,1e-05,0.0
2026-06-01 03:24:00,3,Maize,Clay,64.9975,0.7777,0.0025,14.15,75.0,30.0,65.0,1.0,1.4e-05,0.0
2026-06-01 03:25:00,1,Tomato,Loam,54.9965,0.6666,5.0035,26.01,70.0,25.0,60.0,0.7,0.0,0.0
2026-06-01 03:25:00,2,Wheat,Sandy,41.998,0.5714,13.002,56.38,60.0,18.0,55.0,0.9,0.0,0.0
2026-06-01 03:25:00,3,Maize,Clay,64.9975,0.7777,0.0025,14.15,75.0,30.0,65.0,1.0,0.0,0.0
2026-06-01 03:26:00,1,Tomato,Loam,54.9965,0.6666,5.0035,26.01,70.0,25.0,60.0,0.7,0.0,0.0
2026-06-01 03:26:00,2,Wheat,Sandy,41.998,0.5714,13.002,56.38,60.0,18.0,55.0,0.9,0.0,0.0
2026-06-01 03:26:00,3,Maize,Clay,64.9975,0.7777,0.0025,14.15,75.0,30.0,65.0,1.0,0.0,0.0
2026-06-01 03:27:00,1,Tomato,Loam,54.9965,0.6666,5.0035,26.01,70.0,25.0,60.0,0.7,0.0,0.0
2026-06-01 03:27:00,2,Wheat,Sandy,41.998,0.5714,13.002,56.38,60.0,18.0,55.0,0.9,0.0,0.0
2026-06-01 03:27:00,3,Maize,Clay,64.9975,0.7777,0.0025,14.15,75.0,30.0,65.0,1.0,0.0,0.0
2026-06-01 03:28:00,1,Tomato,Loam,54.9965,0.6666,5.0035,26.01,70.0,25.0,60.0,0.7,0.0,0.0
2026-06-01 03:28:00,2,Wheat,Sandy,41.998,0.5714,13.002,56.38,60.0,18.0,55.0,0.9,0.0,0.0
2026-06-01 03:28:00,3,Maize,Clay,64.9975,0.7777,0.0025,14.15,75.0,30.0,65.0,1.0,0.0,0.0
2026-06-01 03:29:00,1,Tomato,Loam,54.9965,0.6666,5.0035,26.01,70.0,25.0,60.0,0.7,2.3e-05,0.0
2026-06-01 03:29:00,2,Wheat,Sandy,41.998,0.5714,13.002,56.38,60.0,18.0,55.0,0.9,1.7e-05,0.0
2026-06-01 03:29:00,3,Maize,Clay,64.9975,0.7777,0.0025,14.15,75.0,30.0,65.0,1.0,2.4e-05,0.0
2026-06-01 03:30:00,1,Tomato,Loam,54.9965,0.6666,5.0035,26.01,70.0,25.0,60.0,0.7,1.4e-05,0.0
2026-06-01 03:30:00,2,Wheat,Sandy,41.998,0.5714,13.002,56.38,60.0,18.0,55.0,0.9,1e-05,0.0
2026-06-01 03:30:00,3,Maize,Clay,64.9975,0.7777,0.0025,14.15,75.0,30.0,65.0,1.0,1.4e-05,0.0
2026-06-01 03:31:00,1,Tomato,Loam,54.9965,0.6666,5.0035,26.01,70.0,25.0,60.0,0.7,0.0,0.0
2026-06-01 03:31:00,2,Wheat,Sandy,41.998,0.5714,13.002,56.38,60.0,18.0,55.0,0.9,0.0,0.0
2026-06-01 03:31:00,3,Maize,Clay,64.9975,0.7777,0.0025,14.15,75.0,30.0,65.0,1.0,0.0,0.0
2026-06-01 03:32:00,1,Tomato,Loam,54.9965,0.6666,5.0035,26.01,70.0,25.0,60.0,0.7,4e-05,0.0
2026-06-01 03:32:00,2,Wheat,Sandy,41.998,0.5714,13.002,56.38,60.0,18.0,55.0,0.9,3e-05,0.0
2026-06-01 03:32:00,3,Maize,Clay,64.9975,0.7777,0.0025,14.15,75.0,30.0,65.0,1.0,4.2e-05,0.0
2026-06-01 03:33:00,1,Tomato,Loam,54.9965,0.6666,5.0035,26.01,70.0,25.0,60.0,0.7,0.0,0.0
2026-06-01 03:33:00,2,Wheat,Sandy,41.998,0.5714,13.002,56.38,60.0,18.0,55.0,0.9,0.0,0.0
2026-06-01 03:33:00,3,Maize,Clay,64.9975,0.7777,0.0025,14.15,75.0,30.0,65.0,1.0,0.0,0.0
2026-06-01 03:34:00,1,Tomato,Loam,54.9965,0.6666,5.0035,26.01,70.0,25.0,60.0,0.7,0.0,0.0
2026-06-01 03:34:00,2,Wheat,Sandy,41.998,0.5714,13.002,56.38,60.0,18.0,55.0,0.9,0.0,0.0
2026-06-01 03:34:00,3,Maize,Clay,64.9975,0.7777,0.0025,14.15,75.0,30.0,65.0,1.0,0.0,0.0
2026-06-01 03:35:00,1,Tomato,Loam,54.9965,0.6666,5.0035,26.01,70.0,25.0,60.0,0.7,2.3e-05,0.0
2026-06-01 03:35:00,2,Wheat,Sandy,41.998,0.5714,13.002,56.38,60.0,18.0,55.0,0.9,1.7e-05,0.0
2026-06-01 03:35:00,3,Maize,Clay,64.9975,0.7777,0.0025,14.15,75.0,30.0,65.0,1.0,2.4e-05,0.0
2026-06-01 03:36:00,1,Tomato,Loam,54.9965,0.6666,5.0035,26.01,70.0,25.0,60.0,0.7,0.0,0.0
2026-06-01 03:36:00,2,Wheat,Sandy,41.998,0.5714,13.002,56.38,60.0,18.0,55.0,0.9,0.0,0.0
2026-06-01 03:36:00,3,Maize,Clay,64.9975,0.7777,0.0025,14.15,75.0,30.0,65.0,1.0,0.0,0.0
2026-06-01 03:37:00,1,Tomato,Loam,54.9965,0.6666,5.0035,26.01,70.0,25.0,60.0,0.7,1.7e-05,0.0
2026-06-01 03:37:00,2,Wheat,Sandy,41.998,0.5714,13.002,56.38,60.0,18.0,55.0,0.9,1.3e-05,0.0
2026-06-01 03:37:00,3,Maize,Clay,64.9975,0.7777,0.0025,14.15,75.0,30.0,65.0,1.0,1.8e-05,0.0
2026-06-01 03:38:00,1,Tomato,Loam,54.9965,0.6666,5.0035,26.01,70.0,25.0,60.0,0.7,0.0,0.0
2026-06-01 03:38:00,2,Wheat,Sandy,41.998,0.5714,13.002,56.38,60.0,18.0,55.0,0.9,0.0,0.0
2026-06-01 03:38:00,3,Maize,Clay,64.9975,0.7777,0.0025,14.15,75.0,30.0,65.0,1.0,0.0,0.0
2026-06-01 03:39:00,1,Tomato,Loam,54.9965,0.6666,5.0035,26.01,70.0,25.0,60.0,0.7,0.0,0.0
2026-06-01 03:39:00,2,Wheat,Sandy,41.998,0.5714,13.002,56.38,60.0,18.0,55.0,0.9,0.0,0.0
2026-06-01 03:39:00,3,Maize,Clay,64.9975,0.7777,0.0025,14.15,75.0,30.0,65.0,1.0,0.0,0.0
2026-06-01 03:40:00,1,Tomato,Loam,54.9965,0.6666,5.0035,26.01,70.0,25.0,60.0,0.7,3.6e-05,0.0
2026-06-01 03:40:00,2,Wheat,Sandy,41.998,0.5714,13.002,56.38,60.0,18.0,55.0,0.9,2.6e-05,0.0
2026-06-01 03:40:00,3,Maize,Clay,64.9975,0.7777,0.0025,14.15,75.0,30.0,65.0,1.0,3.7e-05,0.0
2026-06-01 03:41:00,1,Tomato,Loam,54.9965,0.6666,5.0035,26.01,70.0,25.0,60.0,0.7,2e-06,0.0
2026-06-01 03:41:00,2,Wheat,Sandy,41.998,0.5714,13.002,56.38,60.0,18.0,55.0,0.9,2e-06,0.0
2026-06-01 03:41:00,3,Maize,Clay,64.9975,0.7777,0.0025,14.15,75.0,30.0,65.0,1.0,2e-06,0.0
2026-06-01 03:42:00,1,Tomato,Loam,54.9965,0.6666,5.0035,26.01,70.0,25.0,60.0,0.7,0.0,0.0
2026-06-01 03:42:00,2,Wheat,Sandy,41.998,0.5714,13.002,56.38,60.0,18.0,55.0,0.9,0.0,0.0
2026-06-01 03:42:00,3,Maize,Clay,64.9975,0.7777,0.0025,14.15,75.0,30.0,65.0,1.0,0.0,0.0
2026-06-01 03:43:00,1,Tomato,Loam,54.9965,0.6666,5.0035,26.01,70.0,25.0,60.0,0.7,0.0,0.0
2026-06-01 03:43:00,2,Wheat,Sandy,41.998,0.5714,13.002,56.38,60.0,18.0,55.0,0.9,0.0,0.0
2026-06-01 03:43:00,3,Maize,Clay,64.9975,0.7777,0.0025,14.15,75.0,30.0,65.0,1.0,0.0,0.0
2026-06-01 03:44:00,1,Tomato,Loam,54.9965,0.6666,5.0035,26.01,70.0,25.0,60.0,0.7,5e-06,0.0
2026-06-01 03:44:00,2,Wheat,Sandy,41.998,0.5714,13.002,56.38,60.0,18.0,55.0,0.9,3e-06,0.0
2026-06-01 03:44:00,3,Maize,Clay,64.9975,0.7777,0.0025,14.15,75.0,30.0,65.0,1.0,5e-06,0.0
2026-06-01 03:45:00,1,Tomato,Loam,54.9965,0.6666,5.0035,26.01,70.0,25.0,60.0,0.7,0.0,0.0
2026-06-01 03:45:00,2,Wheat,Sandy,41.998,0.5714,13.002,56.38,60.0,18.0,55.0,0.9,0.0,0.0
2026-06-01 03:45:00,3,Maize,Clay,64.9975,0.7777,0.0025,14.15,75.0,30.0,65.0,1.0,0.0,0.0
2026-06-01 03:46:00,1,Tomato,Loam,54.9965,0.6666,5.0035,26.01,70.0,25.0,60.0,0.7,0.0,0.0
2026-06-01 03:46:00,2,Wheat,Sandy,41.998,0.5714,13.002,56.38,60.0,18.0,55.0,0.9,0.0,0.0
2026-06-01 03:46:00,3,Maize,Clay,64.9975,0.7777,0.0025,14.15,75.0,30.0,65.0,1.0,0.0,0.0
2026-06-01 03:47:00,1,Tomato,Loam,54.9965,0.6666,5.0035,26.01,70.0,25.0,60.0,0.7,4.7e-05,0.0
2026-06-01 03:47:00,2,Wheat,Sandy,41.998,0.5714,13.002,56.38,60.0,18.0,55.0,0.9,3.5e-05,0.0
2026-06-01 03:47:00,3,Maize,Clay,64.9975,0.7777,0.0025,14.15,75.0,30.0,65.0,1.0,4.9e-05,0.0
2026-06-01 03:48:00,1,Tomato,Loam,54.9965,0.6666,5.0035,26.01,70.0,25.0,60.0,0.7,0.0,0.0
2026-06-01 03:48:00,2,Wheat,Sandy,41.998,0.5714,13.002,56.38,60.0,18.0,55.0,0.9,0.0,0.0
2026-06-01 03:48:00,3,Maize,Clay,64.9975,0.7777,0.0025,14.15,75.0,30.0,65.0,1.0,0.0,0.0
2026-06-01 03:49:00,1,Tomato,Loam,54.9965,0.6666,5.0035,26.01,70.0,25.0,60.0,0.7,0.0,0.0
2026-06-01 03:49:00,2,Wheat,Sandy,41.998,0.5714,13.002,56.38,60.0,18.0,55.0,0.9,0.0,0.0
2026-06-01 03:49:00,3,Maize,Clay,64.9975,0.7777,0.0025,14.15,75.0,30.0,65.0,1.0,0.0,0.0
2026-06-01 03:50:00,1,Tomato,Loam,54.9965,0.6666,5.0035,26.01,70.0,25.0,60.0,0.7,0.0,0.0
2026-06-01 03:50:00,2,Wheat,Sandy,41.998,0.5714,13.002,56.38,60.0,18.0,55.0,0.9,0.0,0.0
2026-06-01 03:50:00,3,Maize,Clay,64.9975,0.7777,0.0025,14.15,75.0,30.0,65.0,1.0,0.0,0.0
2026-06-01 03:51:00,1,Tomato,Loam,54.9965,0.6666,5.0035,26.01,70.0,25.0,60.0,0.7,0.0,0.0
2026-06-01 03:51:00,2,Wheat,Sandy,41.998,0.5714,13.002,56.38,60.0,18.0,55.0,0.9,0.0,0.0
2026-06-01 03:51:00,3,Maize,Clay,64.9975,0.7777,0.0025,14.15,75.0,30.0,65.0,1.0,0.0,0.0
2026-06-01 03:52:00,1,Tomato,Loam,54.9965,0.6666,5.0035,26.01,70.0,25.0,60.0,0.7,0.0,0.0
2026-06-01 03:52:00,2,Wheat,Sandy,41.998,0.5714,13.002,56.38,60.0,18.0,55.0,0.9,0.0,0.0
2026-06-01 03:52:00,3,Maize,Clay,64.9975,0.7777,0.0025,14.15,75.0,30.0,65.0,1.0,0.0,0.0
2026-06-01 03:53:00,1,Tomato,Loam,54.9965,0.6666,5.0035,26.01,70.0,25.0,60.0,0.7,0.0,0.0
2026-06-01 03:53:00,2,Wheat,Sandy,41.998,0.5714,13.002,56.38,60.0,18.0,55.0,0.9,0.0,0.0
2026-06-01 03:53:00,3,Maize,Clay,64.9975,0.7777,0.0025,14.15,75.0,30.0,65.0,1.0,0.0,0.0
2026-06-01 03:54:00,1,Tomato,Loam,54.9965,0.6666,5.0035,26.01,70.0,25.0,60.0,0.7,3.6e-05,0.0
2026-06-01 03:54:00,2,Wheat,Sandy,41.998,0.5714,13.002,56.38,60.0,18.0,55.0,0.9,2.6e-05,0.0
2026-06-01 03:54:00,3,Maize,Clay,64.9975,0.7777,0.0025,14.15,75.0,30.0,65.0,1.0,3.7e-05,0.0
2026-06-01 03:55:00,1,Tomato,Loam,54.9965,0.6666,5.0035,26.01,70.0,25.0,60.0,0.7,2.4e-05,0.0
2026-06-01 03:55:00,2,Wheat,Sandy,41.998,0.5714,13.002,56.38,60.0,18.0,55.0,0.9,1.8e-05,0.0
2026-06-01 03:55:00,3,Maize,Clay,64.9975,0.7777,0.0025,14.15,75.0,30.0,65.0,1.0,2.5e-05,0.0
2026-06-01 03:56:00,1,Tomato,Loam,54.9965,0.6666,5.0035,26.01,70.0,25.0,60.0,0.7,0.0,0.0
2026-06-01 03:56:00,2,Wheat,Sandy,41.998,0.5714,13.002,56.38,60.0,18.0,55.0,0.9,0.0,0.0
2026-06-01 03:56:00,3,Maize,Clay,64.9975,0.7777,0.0025,14.15,75.0,30.0,65.0,1.0,0.0,0.0
2026-06-01 03:57:00,1,Tomato,Loam,54.9965,0.6666,5.0035,26.01,70.0,25.0,60.0,0.7,0.0,0.0
2026-06-01 03:57:00,2,Wheat,Sandy,41.998,0.5714,13.002,56.38,60.0,18.0,55.0,0.9,0.0,0.0
2026-06-01 03:57:00,3,Maize,Clay,64.9975,0.7777,0.0025,14.15,75.0,30.0,65.0,1.0,0.0,0.0
2026-06-01 03:58:00,1,Tomato,Loam,54.9965,0.6666,5.0035,26.01,70.0,25.0,60.0,0.7,9e-06,0.0
2026-06-01 03:58:00,2,Wheat,Sandy,41.998,0.5714,13.002,56.38,60.0,18.0,55.0,0.9,7e-06,0.0
2026-06-01 03:58:00,3,Maize,Clay,64.9975,0.7777,0.0025,14.15,75.0,30.0,65.0,1.0,1e-05,0.0
2026-06-01 03:59:00,1,Tomato,Loam,54.9965,0.6666,5.0035,26.01,70.0,25.0,60.0,0.7,0.0,0.0
2026-06-01 03:59:00,2,Wheat,Sandy,41.998,0.5714,13.002,56.38,60.0,18.0,55.0,0.9,0.0,0.0
2026-06-01 03:59:00,3,Maize,Clay,64.9975,0.7777,0.0025,14.15,75.0,30.0,65.0,1.0,0.0,0.0
2026-06-01 04:00:00,1,Tomato,Loam,54.9965,0.6666,5.0035,26.01,70.0,25.0,60.0,0.7,0.0,0.0
2026-06-01 04:00:00,2,Wheat,Sandy,41.998,0.5714,13.002,56.38,60.0,18.0,55.0,0.9,0.0,0.0
2026-06-01 04:00:00,3,Maize,Clay,64.9975,0.7777,0.0025,14.15,75.0,30.0,65.0,1.0,0.0,0.0
2026-06-01 04:01:00,1,Tomato,Loam,54.9965,0.6666,5.0035,26.01,70.0,25.0,60.0,0.7,0.0,0.0
2026-06-01 04:01:00,2,Wheat,Sandy,41.998,0.5714,13.002,56.38,60.0,18.0,55.0,0.9,0.0,0.0
2026-06-01 04:01:00,3,Maize,Clay,64.9975,0.7777,0.0025,14.15,75.0,30.0,65.0,1.0,0.0,0.0
2026-06-01 04:02:00,1,Tomato,Loam,54.9965,0.6666,5.0035,26.01,70.0,25.0,60.0,0.7,0.0,0.0
2026-06-01 04:02:00,2,Wheat,Sandy,41.998,0.5714,13.002,56.38,60.0,18.0,55.0,0.9,0.0,0.0
2026-06-01 04:02:00,3,Maize,Clay,64.9975,0.7777,0.0025,14.15,75.0,30.0,65.0,1.0,0.0,0.0
2026-06-01 04:03:00,1,Tomato,Loam,54.9965,0.6666,5.0035,26.01,70.0,25.0,60.0,0.7,0.0,0.0
2026-06-01 04:03:00,2,Wheat,Sandy,41.998,0.5714,13.002,56.38,60.0,18.0,55.0,0.9,0.0,0.0
2026-06-01 04:03:00,3,Maize,Clay,64.9975,0.7777,0.0025,14.15,75.0,30.0,65.0,1.0,0.0,0.0
2026-06-01 04:04:00,1,Tomato,Loam,54.9965,0.6666,5.0035,26.01,70.0,25.0,60.0,0.7,2e-05,0.0
2026-06-01 04:04:00,2,Wheat,Sandy,41.998,0.5714,13.002,56.38,60.0,18.0,55.0,0.9,1.4e-05,0.0
2026-06-01 04:04:00,3,Maize,Clay,64.9975,0.7777,0.0025,14.15,75.0,30.0,65.0,1.0,2e-05,0.0
2026-06-01 04:05:00,1,Tomato,Loam,54.9965,0.6666,5.0035,26.01,70.0,25.0,60.0,0.7,0.0,0.0
2026-06-01 04:05:00,2,Wheat,Sandy,41.998,0.5714,13.002,56.38,60.0,18.0,55.0,0.9,0.0,0.0
2026-06-01 04:05:00,3,Maize,Clay,64.9975,0.7777,0.0025,14.15,75.0,30.0,65.0,1.0,0.0,0.0
2026-06-01 04:06:00,1,Tomato,Loam,54.9965,0.6666,5.0035,26.01,70.0,25.0,60.0,0.7,0.0,0.0
2026-06-01 04:06:00,2,Wheat,Sandy,41.998,0.5714,13.002,56.38,60.0,18.0,55.0,0.9,0.0,0.0
2026-06-01 04:06:00,3,Maize,Clay,64.9975,0.7777,0.0025,14.15,75.0,30.0,65.0,1.0,0.0,0.0
2026-06-01 04:07:00,1,Tomato,Loam,54.9965,0.6666,5.0035,26.01,70.0,25.0,60.0,0.7,2e-06,0.0
2026-06-01 04:07:00,2,Wheat,Sandy,41.998,0.5714,13.002,56.38,60.0,18.0,55.0,0.9,2e-06,0.0
2026-06-01 04:07:00,3,Maize,Clay,64.9975,0.7777,0.0025,14.15,75.0,30.0,65.0,1.0,2e-06,0.0
2026-06-01 04:08:00,1,Tomato,Loam,54.9965,0.6666,5.0035,26.01,70.0,25.0,60.0,0.7,4.8e-05,0.0
2026-06-01 04:08:00,2,Wheat,Sandy,41.998,0.5714,13.002,56.38,60.0,18.0,55.0,0.9,3.6e-05,0.0
2026-06-01 04:08:00,3,Maize,Clay,64.9975,0.7777,0.0025,14.15,75.0,30.0,65.0,1.0,5e-05,0.0
2026-06-01 04:09:00,1,Tomato,Loam,54.9965,0.6666,5.0035,26.01,70.0,25.0,60.0,0.7,0.0,0.0
2026-06-01 04:09:00,2,Wheat,Sandy,41.998,0.5714,13.002,56.38,60.0,18.0,55.0,0.9,0.0,0.0
2026-06-01 04:09:00,3,Maize,Clay,64.9975,0.7777,0.0025,14.15,75.0,30.0,65.0,1.0,0.0,0.0
2026-06-01 04:10:00,1,Tomato,Loam,54.9965,0.6666,5.0035,26.01,70.0,25.0,60.0,0.7,0.0,0.0
2026-06-01 04:10:00,2,Wheat,Sandy,41.998,0.5714,13.002,56.38,60.0,18.0,55.0,0.9,0.0,0.0
2026-06-01 04:10:00,3,Maize,Clay,64.9975,0.7777,0.0025,14.15,75.0,30.0,65.0,1.0,0.0,0.0
2026-06-01 04:11:00,1,Tomato,Loam,54.9964,0.6666,5.0036,26.01,70.0,25.0,60.0,0.7,5.6e-05,0.0
2026-06-01 04:11:00,2,Wheat,Sandy,41.998,0.5714,13.002,56.38,60.0,18.0,55.0,0.9,4.2e-05,0.0
2026-06-01 04:11:00,3,Maize,Clay,64.9975,0.7777,0.0025,14.15,75.0,30.0,65.0,1.0,5.9e-05,0.0
2026-06-01 04:12:00,1,Tomato,Loam,54.9964,0.6666,5.0036,26.01,70.0,25.0,60.0,0.7,1.3e-05,0.0
2026-06-01 04:12:00,2,Wheat,Sandy,41.998,0.5714,13.002,56.38,60.0,18.0,55.0,0.9,9e-06,0.0
2026-06-01 04:12:00,3,Maize,Clay,64.9974,0.7777,0.0026,14.15,75.0,30.0,65.0,1.0,1.3e-05,0.0
2026-06-01 04:13:00,1,Tomato,Loam,54.9964,0.6666,5.0036,26.01,70.0,25.0,60.0,0.7,0.0,0.0
2026-06-01 04:13:00,2,Wheat,Sandy,41.998,0.5714,13.002,56.38,60.0,18.0,55.0,0.9,0.0,0.0
2026-06-01 04:13:00,3,Maize,Clay,64.9975,0.7777,0.0025,14.15,75.0,30.0,65.0,1.0,0.0,0.0
2026-06-01 04:14:00,1,Tomato,Loam,54.9964,0.6666,5.0036,26.01,70.0,25.0,60.0,0.7,2.6e-05,0.0
2026-06-01 04:14:00,2,Wheat,Sandy,41.998,0.5714,13.002,56.38,60.0,18.0,55.0,0.9,2e-05,0.0
2026-06-01 04:14:00,3,Maize,Clay,64.9974,0.7777,0.0026,14.15,75.0,30.0,65.0,1.0,2.8e-05,0.0
2026-06-01 04:15:00,1,Tomato,Loam,54.9964,0.6666,5.0036,26.01,70.0,25.0,60.0,0.7,1.8e-05,0.0
2026-06-01 04:15:00,2,Wheat,Sandy,41.998,0.5714,13.002,56.38,60.0,18.0,55.0,0.9,1.4e-05,0.0
2026-06-01 04:15:00,3,Maize,Clay,64.9974,0.7777,0.0026,14.15,75.0,30.0,65.0,1.0,1.9e-05,0.0
2026-06-01 04:16:00,1,Tomato,Loam,54.9964,0.6666,5.0036,26.01,70.0,25.0,60.0,0.7,0.0,0.0
2026-06-01 04:16:00,2,Wheat,Sandy,41.998,0.5714,13.002,56.38,60.0,18.0,55.0,0.9,0.0,0.0
2026-06-01 04:16:00,3,Maize,Clay,64.9975,0.7777,0.0025,14.15,75.0,30.0,65.0,1.0,0.0,0.0
2026-06-01 04:17:00,1,Tomato,Loam,54.9964,0.6666,5.0036,26.01,70.0,25.0,60.0,0.7,0.0,0.0
2026-06-01 04:17:00,2,Wheat,Sandy,41.998,0.5714,13.002,56.38,60.0,18.0,55.0,0.9,0.0,0.0
2026-06-01 04:17:00,3,Maize,Clay,64.9975,0.7777,0.0025,14.15,75.0,30.0,65.0,1.0,0.0,0.0
2026-06-01 04:18:00,1,Tomato,Loam,54.9964,0.6666,5.0036,26.01,70.0,25.0,60.0,0.7,0.0,0.0
2026-06-01 04:18:00,2,Wheat,Sandy,41.998,0.5714,13.002,56.38,60.0,18.0,55.0,0.9,0.0,0.0
2026-06-01 04:18:00,3,Maize,Clay,64.9975,0.7777,0.0025,14.15,75.0,30.0,65.0,1.0,0.0,0.0
2026-06-01 04:19:00,1,Tomato,Loam,54.9964,0.6666,5.0036,26.01,70.0,25.0,60.0,0.7,0.0,0.0
2026-06-01 04:19:00,2,Wheat,Sandy,41.998,0.5714,13.002,56.38,60.0,18.0,55.0,0.9,0.0,0.0
2026-06-01 04:19:00,3,Maize,Clay,64.9975,0.7777,0.0025,14.15,75.0,30.0,65.0,1.0,0.0,0.0
2026-06-01 04:20:00,1,Tomato,Loam,54.9964,0.6666,5.0036,26.01,70.0,25.0,60.0,0.7,0.0,0.0
2026-06-01 04:20:00,2,Wheat,Sandy,41.998,0.5714,13.002,56.38,60.0,18.0,55.0,0.9,0.0,0.0
2026-06-01 04:20:00,3,Maize,Clay,64.9975,0.7777,0.0025,14.15,75.0,30.0,65.0,1.0,0.0,0.0
2026-06-01 04:21:00,1,Tomato,Loam,54.9964,0.6666,5.0036,26.01,70.0,25.0,60.0,0.7,0.0,0.0
2026-06-01 04:21:00,2,Wheat,Sandy,41.998,0.5714,13.002,56.38,60.0,18.0,55.0,0.9,0.0,0.0
2026-06-01 04:21:00,3,Maize,Clay,64.9975,0.7777,0.0025,14.15,75.0,30.0,65.0,1.0,0.0,0.0
2026-06-01 04:22:00,1,Tomato,Loam,54.9964,0.6666,5.0036,26.01,70.0,25.0,60.0,0.7,0.0,0.0
2026-06-01 04:22:00,2,Wheat,Sandy,41.998,0.5714,13.002,56.38,60.0,18.0,55.0,0.9,0.0,0.0
2026-06-01 04:22:00,3,Maize,Clay,64.9975,0.7777,0.0025,14.15,75.0,30.0,65.0,1.0,0.0,0.0
2026-06-01 04:23:00,1,Tomato,Loam,54.9964,0.6666,5.0036,26.01,70.0,25.0,60.0,0.7,2.3e-05,0.0
2026-06-01 04:23:00,2,Wheat,Sandy,41.998,0.5714,13.002,56.38,60.0,18.0,55.0,0.9,1.7e-05,0.0
2026-06-01 04:23:00,3,Maize,Clay,64.9974,0.7777,0.0026,14.15,75.0,30.0,65.0,1.0,2.4e-05,0.0
2026-06-01 04:24:00,1,Tomato,Loam,54.9964,0.6666,5.0036,26.01,70.0,25.0,60.0,0.7,0.0,0.0
2026-06-01 04:24:00,2,Wheat,Sandy,41.998,0.5714,13.002,56.38,60.0,18.0,55.0,0.9,0.0,0.0
2026-06-01 04:24:00,3,Maize,Clay,64.9975,0.7777,0.0025,14.15,75.0,30.0,65.0,1.0,0.0,0.0
2026-06-01 04:25:00,1,Tomato,Loam,54.9964,0.6666,5.0036,26.01,70.0,25.0,60.0,0.7,1e-05,0.0
2026-06-01 04:25:00,2,Wheat,Sandy,41.998,0.5714,13.002,56.38,60.0,18.0,55.0,0.9,8e-06,0.0
2026-06-01 04:25:00,3,Maize,Clay,64.9974,0.7777,0.0026,14.15,75.0,30.0,65.0,1.0,1.1e-05,0.0
2026-06-01 04:26:00,1,Tomato,Loam,54.9964,0.6666,5.0036,26.01,70.0,25.0,60.0,0.7,0.0,0.0
2026-06-01 04:26:00,2,Wheat,Sandy,41.998,0.5714,13.002,56.38,60.0,18.0,55.0,0.9,0.0,0.0
2026-06-01 04:26:00,3,Maize,Clay,64.9975,0.7777,0.0025,14.15,75.0,30.0,65.0,1.0,0.0,0.0
2026-06-01 04:27:00,1,Tomato,Loam,54.9964,0.6666,5.0036,26.01,70.0,25.0,60.0,0.7,4.8e-05,0.0
2026-06-01 04:27:00,2,Wheat,Sandy,41.998,0.5714,13.002,56.38,60.0,18.0,55.0,0.9,3.6e-05,0.0
2026-06-01 04:27:00,3,Maize,Clay,64.9974,0.7777,0.0026,14.15,75.0,30.0,65.0,1.0,5e-05,0.0
2026-06-01 04:28:00,1,Tomato,Loam,54.9964,0.6666,5.0036,26.01,70.0,25.0,60.0,0.7,0.0,0.0
2026-06-01 04:28:00,2,Wheat,Sandy,41.998,0.5714,13.002,56.38,60.0,18.0,55.0,0.9,0.0,0.0
2026-06-01 04:28:00,3,Maize,Clay,64.9975,0.7777,0.0025,14.15,75.0,30.0,65.0,1.0,0.0,0.0
2026-06-01 04:29:00,1,Tomato,Loam,54.9964,0.6666,5.0036,26.01,70.0,25.0,60.0,0.7,0.0,0.0
2026-06-01 04:29:00,2,Wheat,Sandy,41.998,0.5714,13.002,56.38,60.0,18.0,55.0,0.9,0.0,0.0
2026-06-01 04:29:00,3,Maize,Clay,64.9975,0.7777,0.0025,14.15,75.0,30.0,65.0,1.0,0.0,0.0
2026-06-01 04:30:00,1,Tomato,Loam,54.9964,0.6666,5.0036,26.01,70.0,25.0,60.0,0.7,8e-06,0.0
2026-06-01 04:30:00,2,Wheat,Sandy,41.998,0.5714,13.002,56.38,60.0,18.0,55.0,0.9,6e-06,0.0
2026-06-01 04:30:00,3,Maize,Clay,64.9974,0.7777,0.0026,14.15,75.0,30.0,65.0,1.0,8e-06,0.0
2026-06-01 04:31:00,1,Tomato,Loam,54.9964,0.6666,5.0036,26.01,70.0,25.0,60.0,0.7,6.3e-05,0.0
2026-06-01 04:31:00,2,Wheat,Sandy,41.998,0.5714,13.002,56.38,60.0,18.0,55.0,0.9,4.7e-05,0.0
2026-06-01 04:31:00,3,Maize,Clay,64.9974,0.7777,0.0026,14.15,75.0,30.0,65.0,1.0,6.6e-05,0.0
2026-06-01 04:32:00,1,Tomato,Loam,54.9964,0.6666,5.0036,26.01,70.0,25.0,60.0,0.7,0.0,0.0
2026-06-01 04:32:00,2,Wheat,Sandy,41.998,0.5714,13.002,56.38,60.0,18.0,55.0,0.9,0.0,0.0
2026-06-01 04:32:00,3,Maize,Clay,64.9974,0.7777,0.0026,14.15,75.0,30.0,65.0,1.0,0.0,0.0
2026-06-01 04:33:00,1,Tomato,Loam,54.9964,0.6666,5.0036,26.01,70.0,25.0,60.0,0.7,0.0,0.0
2026-06-01 04:33:00,2,Wheat,Sandy,41.998,0.5714,13.002,56.38,60.0,18.0,55.0,0.9,0.0,0.0
2026-06-01 04:33:00,3,Maize,Clay,64.9974,0.7777,0.0026,14.15,75.0,30.0,65.0,1.0,0.0,0.0
2026-06-01 04:34:00,1,Tomato,Loam,54.9964,0.6666,5.0036,26.01,70.0,25.0,60.0,0.7,4.5e-05,0.0
2026-06-01 04:34:00,2,Wheat,Sandy,41.998,0.5714,13.002,56.38,60.0,18.0,55.0,0.9,3.3e-05,0.0
2026-06-01 04:34:00,3,Maize,Clay,64.9974,0.7777,0.0026,14.15,75.0,30.0,65.0,1.0,4.7e-05,0.0
2026-06-01 04:35:00,1,Tomato,Loam,54.9964,0.6666,5.0036,26.01,70.0,25.0,60.0,0.7,3.8e-05,0.0
2026-06-01 04:35:00,2,Wheat,Sandy,41.998,0.5714,13.002,56.38,60.0,18.0,55.0,0.9,2.8e-05,0.0
2026-06-01 04:35:00,3,Maize,Clay,64.9974,0.7777,0.0026,14.15,75.0,30.0,65.0,1.0,4e-05,0.0
2026-06-01 04:36:00,1,Tomato,Loam,54.9964,0.6666,5.0036,26.01,70.0,25.0,60.0,0.7,0.0,0.0
2026-06-01 04:36:00,2,Wheat,Sandy,41.998,0.5714,13.002,56.38,60.0,18.0,55.0,0.9,0.0,0.0
2026-06-01 04:36:00,3,Maize,Clay,64.9974,0.7777,0.0026,14.15,75.0,30.0,65.0,1.0,0.0,0.0
2026-06-01 04:37:00,1,Tomato,Loam,54.9964,0.6666,5.0036,26.01,70.0,25.0,60.0,0.7,0.0,0.0
2026-06-01 04:37:00,2,Wheat,Sandy,41.998,0.5714,13.002,56.38,60.0,18.0,55.0,0.9,0.0,0.0
2026-06-01 04:37:00,3,Maize,Clay,64.9974,0.7777,0.0026,14.15,75.0,30.0,65.0,1.0,0.0,0.0
2026-06-01 04:38:00,1,Tomato,Loam,54.9964,0.6666,5.0036,26.01,70.0,25.0,60.0,0.7,7e-05,0.0
2026-06-01 04:38:00,2,Wheat,Sandy,41.998,0.5714,13.002,56.38,60.0,18.0,55.0,0.9,5.2e-05,0.0
2026-06-01 04:38:00,3,Maize,Clay,64.9974,0.7777,0.0026,14.15,75.0,30.0,65.0,1.0,7.3e-05,0.0
2026-06-01 04:39:00,1,Tomato,Loam,54.9964,0.6666,5.0036,26.01,70.0,25.0,60.0,0.7,7.6e-05,0.0
2026-06-01 04:39:00,2,Wheat,Sandy,41.998,0.5714,13.002,56.38,60.0,18.0,55.0,0.9,5.6e-05,0.0
2026-06-01 04:39:00,3,Maize,Clay,64.9974,0.7777,0.0026,14.15,75.0,30.0,65.0,1.0,7.9e-05,0.0
2026-06-01 04:40:00,1,Tomato,Loam,54.9964,0.6666,5.0036,26.01,70.0,25.0,60.0,0.7,2.6e-05,0.0
2026-06-01 04:40:00,2,Wheat,Sandy,41.998,0.5714,13.002,56.38,60.0,18.0,55.0,0.9,2e-05,0.0
2026-06-01 04:40:00,3,Maize,Clay,64.9974,0.7777,0.0026,14.15,75.0,30.0,65.0,1.0,2.8e-05,0.0
2026-06-01 04:41:00,1,Tomato,Loam,54.9964,0.6666,5.0036,26.01,70.0,25.0,60.0,0.7,0.0,0.0
2026-06-01 04:41:00,2,Wheat,Sandy,41.998,0.5714,13.002,56.38,60.0,18.0,55.0,0.9,0.0,0.0
2026-06-01 04:41:00,3,Maize,Clay,64.9974,0.7777,0.0026,14.15,75.0,30.0,65.0,1.0,0.0,0.0
2026-06-01 04:42:00,1,Tomato,Loam,54.9964,0.6666,5.0036,26.01,70.0,25.0,60.0,0.7,0.0,0.0
2026-06-01 04:42:00,2,Wheat,Sandy,41.998,0.5714,13.002,56.38,60.0,18.0,55.0,0.9,0.0,0.0
2026-06-01 04:42:00,3,Maize,Clay,64.9974,0.7777,0.0026,14.15,75.0,30.0,65.0,1.0,0.0,0.0
2026-06-01 04:43:00,1,Tomato,Loam,54.9964,0.6666,5.0036,26.01,70.0,25.0,60.0,0.7,1.2e-05,0.0
2026-06-01 04:43:00,2,Wheat,Sandy,41.998,0.5714,13.002,56.38,60.0,18.0,55.0,0.9,8e-06,0.0
2026-06-01 04:43:00,3,Maize,Clay,64.9974,0.7777,0.0026,14.15,75.0,30.0,65.0,1.0,1.2e-05,0.0
2026-06-01 04:44:00,1,Tomato,Loam,54.9964,0.6666,5.0036,26.01,70.0,25.0,60.0,0.7,0.0,0.0
2026-06-01 04:44:00,2,Wheat,Sandy,41.998,0.5714,13.002,56.38,60.0,18.0,55.0,0.9,0.0,0.0
2026-06-01 04:44:00,3,Maize,Clay,64.9974,0.7777,0.0026,14.15,75.0,30.0,65.0,1.0,0.0,0.0
2026-06-01 04:45:00,1,Tomato,Loam,54.9964,0.6666,5.0036,26.01,70.0,25.0,60.0,0.7,0.0,0.0
2026-06-01 04:45:00,2,Wheat,Sandy,41.998,0.5714,13.002,56.38,60.0,18.0,55.0,0.9,0.0,0.0
2026-06-01 04:45:00,3,Maize,Clay,64.9974,0.7777,0.0026,14.15,75.0,30.0,65.0,1.0,0.0,0.0
2026-06-01 04:46:00,1,Tomato,Loam,54.9964,0.6666,5.0036,26.01,70.0,25.0,60.0,0.7,0.0,0.0
2026-06-01 04:46:00,2,Wheat,Sandy,41.998,0.5714,13.002,56.38,60.0,18.0,55.0,0.9,0.0,0.0
2026-06-01 04:46:00,3,Maize,Clay,64.9974,0.7777,0.0026,14.15,75.0,30.0,65.0,1.0,0.0,0.0
2026-06-01 04:47:00,1,Tomato,Loam,54.9964,0.6666,5.0036,26.01,70.0,25.0,60.0,0.7,5.5e-05,0.0
2026-06-01 04:47:00,2,Wheat,Sandy,41.998,0.5714,13.002,56.38,60.0,18.0,55.0,0.9,4.1e-05,0.0
2026-06-01 04:47:00,3,Maize,Clay,64.9974,0.7777,0.0026,14.15,75.0,30.0,65.0,1.0,5.8e-05,0.0
2026-06-01 04:48:00,1,Tomato,Loam,54.9964,0.6666,5.0036,26.01,70.0,25.0,60.0,0.7,0.0,0.0
2026-06-01 04:48:00,2,Wheat,Sandy,41.998,0.5714,13.002,56.38,60.0,18.0,55.0,0.9,0.0,0.0
2026-06-01 04:48:00,3,Maize,Clay,64.9974,0.7777,0.0026,14.15,75.0,30.0,65.0,1.0,0.0,0.0
2026-06-01 04:49:00,1,Tomato,Loam,54.9964,0.6666,5.0036,26.01,70.0,25.0,60.0,0.7,0.0,0.0
2026-06-01 04:49:00,2,Wheat,Sandy,41.998,0.5714,13.002,56.38,60.0,18.0,55.0,0.9,0.0,0.0
2026-06-01 04:49:00,3,Maize,Clay,64.9974,0.7777,0.0026,14.15,75.0,30.0,65.0,1.0,0.0,0.0
2026-06-01 04:50:00,1,Tomato,Loam,54.9964,0.6666,5.0036,26.01,70.0,25.0,60.0,0.7,0.0,0.0
2026-06-01 04:50:00,2,Wheat,Sandy,41.998,0.5714,13.002,56.38,60.0,18.0,55.0,0.9,0.0,0.0
2026-06-01 04:50:00,3,Maize,Clay,64.9974,0.7777,0.0026,14.15,75.0,30.0,65.0,1.0,0.0,0.0
2026-06-01 04:51:00,1,Tomato,Loam,54.9964,0.6666,5.0036,26.01,70.0,25.0,60.0,0.7,6.3e-05,0.0
2026-06-01 04:51:00,2,Wheat,Sandy,41.998,0.5714,13.002,56.38,60.0,18.0,55.0,0.9,4.7e-05,0.0
2026-06-01 04:51:00,3,Maize,Clay,64.9974,0.7777,0.0026,14.15,75.0,30.0,65.0,1.0,6.6e-05,0.0
2026-06-01 04:52:00,1,Tomato,Loam,54.9964,0.6666,5.0036,26.01,70.0,25.0,60.0,0.7,0.0,0.0
2026-06-01 04:52:00,2,Wheat,Sandy,41.998,0.5714,13.002,56.38,60.0,18.0,55.0,0.9,0.0,0.0
2026-06-01 04:52:00,3,Maize,Clay,64.9974,0.7777,0.0026,14.15,75.0,30.0,65.0,1.0,0.0,0.0
2026-06-01 04:53:00,1,Tomato,Loam,54.9964,0.6666,5.0036,26.01,70.0,25.0,60.0,0.7,0.0,0.0
2026-06-01 04:53:00,2,Wheat,Sandy,41.998,0.5714,13.002,56.38,60.0,18.0,55.0,0.9,0.0,0.0
2026-06-01 04:53:00,3,Maize,Clay,64.9974,0.7777,0.0026,14.15,75.0,30.0,65.0,1.0,0.0,0.0
2026-06-01 04:54:00,1,Tomato,Loam,54.9964,0.6666,5.0036,26.01,70.0,25.0,60.0,0.7,0.0,0.0
2026-06-01 04:54:00,2,Wheat,Sandy,41.998,0.5714,13.002,56.38,60.0,18.0,55.0,0.9,0.0,0.0
2026-06-01 04:54:00,3,Maize,Clay,64.9974,0.7777,0.0026,14.15,75.0,30.0,65.0,1.0,0.0,0.0
2026-06-01 04:55:00,1,Tomato,Loam,54.9964,0.6666,5.0036,26.01,70.0,25.0,60.0,0.7,9.3e-05,0.0
2026-06-01 04:55:00,2,Wheat,Sandy,41.998,0.5714,13.002,56.38,60.0,18.0,55.0,0.9,6.9e-05,0.0
2026-06-01 04:55:00,3,Maize,Clay,64.9974,0.7777,0.0026,14.15,75.0,30.0,65.0,1.0,9.7e-05,0.0
2026-06-01 04:56:00,1,Tomato,Loam,54.9964,0.6666,5.0036,26.01,70.0,25.0,60.0,0.7,0.0,0.0
2026-06-01 04:56:00,2,Wheat,Sandy,41.998,0.5714,13.002,56.38,60.0,18.0,55.0,0.9,0.0,0.0
2026-06-01 04:56:00,3,Maize,Clay,64.9974,0.7777,0.0026,14.15,75.0,30.0,65.0,1.0,0.0,0.0
2026-06-01 04:57:00,1,Tomato,Loam,54.9964,0.6666,5.0036,26.01,70.0,25.0,60.0,0.7,0.0,0.0
2026-06-01 04:57:00,2,Wheat,Sandy,41.998,0.5714,13.002,56.38,60.0,18.0,55.0,0.9,0.0,0.0
2026-06-01 04:57:00,3,Maize,Clay,64.9974,0.7777,0.0026,14.15,75.0,30.0,65.0,1.0,0.0,0.0
2026-06-01 04:58:00,1,Tomato,Loam,54.9963,0.6666,5.0037,26.01,70.0,25.0,60.0,0.7,6.8e-05,0.0
2026-06-01 04:58:00,2,Wheat,Sandy,41.998,0.5714,13.002,56.38,60.0,18.0,55.0,0.9,5e-05,0.0
2026-06-01 04:58:00,3,Maize,Clay,64.9974,0.7777,0.0026,14.15,75.0,30.0,65.0,1.0,7.1e-05,0.0
2026-06-01 04:59:00,1,Tomato,Loam,54.9963,0.6666,5.0037,26.01,70.0,25.0,60.0,0.7,2.8e-05,0.0
2026-06-01 04:59:00,2,Wheat,Sandy,41.998,0.5714,13.002,56.38,60.0,18.0,55.0,0.9,2e-05,0.0
2026-06-01 04:59:00,3,Maize,Clay,64.9974,0.7777,0.0026,14.15,75.0,30.0,65.0,1.0,2.9e-05,0.0
2026-06-01 05:00:00,1,Tomato,Loam,54.9963,0.6666,5.0037,26.01,70.0,25.0,60.0,0.7,0.0,0.0
2026-06-01 05:00:00,2,Wheat,Sandy,41.998,0.5714,13.002,56.38,60.0,18.0,55.0,0.9,0.0,0.0
2026-06-01 05:00:00,3,Maize,Clay,64.9974,0.7777,0.0026,14.15,75.0,30.0,65.0,1.0,0.0,0.0
2026-06-01 05:01:00,1,Tomato,Loam,54.9963,0.6666,5.0037,26.01,70.0,25.0,60.0,0.7,1.2e-05,0.0
2026-06-01 05:01:00,2,Wheat,Sandy,41.998,0.5714,13.002,56.38,60.0,18.0,55.0,0.9,8e-06,0.0
2026-06-01 05:01:00,3,Maize,Clay,64.9974,0.7777,0.0026,14.15,75.0,30.0,65.0,1.0,1.2e-05,0.0
2026-06-01 05:02:00,1,Tomato,Loam,54.9963,0.6666,5.0037,26.01,70.0,25.0,60.0,0.7,3.1e-05,0.0
2026-06-01 05:02:00,2,Wheat,Sandy,41.998,0.5714,13.002,56.38,60.0,18.0,55.0,0.9,2.3e-05,0.0
2026-06-01 05:02:00,3,Maize,Clay,64.9974,0.7777,0.0026,14.15,75.0,30.0,65.0,1.0,3.2e-05,0.0
2026-06-01 05:03:00,1,Tomato,Loam,54.9963,0.6666,5.0037,26.01,70.0,25.0,60.0,0.7,3e-05,0.0
2026-06-01 05:03:00,2,Wheat,Sandy,41.998,0.5714,13.002,56.38,60.0,18.0,55.0,0.9,2.2e-05,0.0
2026-06-01 05:03:00,3,Maize,Clay,64.9974,0.7777,0.0026,14.15,75.0,30.0,65.0,1.0,3.1e-05,0.0
2026-06-01 05:04:00,1,Tomato,Loam,54.9963,0.6666,5.0037,26.01,70.0,25.0,60.0,0.7,6.6e-05,0.0
2026-06-01 05:04:00,2,Wheat,Sandy,41.998,0.5714,13.002,56.38,60.0,18.0,55.0,0.9,4.8e-05,0.0
2026-06-01 05:04:00,3,Maize,Clay,64.9974,0.7777,0.0026,14.15,75.0,30.0,65.0,1.0,6.8e-05,0.0
2026-06-01 05:05:00,1,Tomato,Loam,54.9963,0.6666,5.0037,26.01,70.0,25.0,60.0,0.7,3.6e-05,0.0
2026-06-01 05:05:00,2,Wheat,Sandy,41.998,0.5714,13.002,56.38,60.0,18.0,55.0,0.9,2.6e-05,0.0
2026-06-01 05:05:00,3,Maize,Clay,64.9974,0.7777,0.0026,14.15,75.0,30.0,65.0,1.0,3.7e-05,0.0
2026-06-01 05:06:00,1,Tomato,Loam,54.9963,0.6666,5.0037,26.01,70.0,25.0,60.0,0.7,1e-06,0.0
2026-06-01 05:06:00,2,Wheat,Sandy,41.998,0.5714,13.002,56.38,60.0,18.0,55.0,0.9,1e-06,0.0
2026-06-01 05:06:00,3,Maize,Clay,64.9974,0.7777,0.0026,14.15,75.0,30.0,65.0,1.0,1e-06,0.0
2026-06-01 05:07:00,1,Tomato,Loam,54.9963,0.6666,5.0037,26.01,70.0,25.0,60.0,0.7,6.9e-05,0.0
2026-06-01 05:07:00,2,Wheat,Sandy,41.998,0.5714,13.002,56.38,60.0,18.0,55.0,0.9,5.1e-05,0.0
2026-06-01 05:07:00,3,Maize,Clay,64.9974,0.7777,0.0026,14.15,75.0,30.0,65.0,1.0,7.2e-05,0.0
2026-06-01 05:08:00,1,Tomato,Loam,54.9963,0.6666,5.0037,26.01,70.0,25.0,60.0,0.7,0.0,0.0
2026-06-01 05:08:00,2,Wheat,Sandy,41.998,0.5714,13.002,56.38,60.0,18.0,55.0,0.9,0.0,0.0
2026-06-01 05:08:00,3,Maize,Clay,64.9974,0.7777,0.0026,14.15,75.0,30.0,65.0,1.0,0.0,0.0
2026-06-01 05:09:00,1,Tomato,Loam,54.9963,0.6666,5.0037,26.01,70.0,25.0,60.0,0.7,1e-05,0.0
2026-06-01 05:09:00,2,Wheat,Sandy,41.998,0.5714,13.002,56.38,60.0,18.0,55.0,0.9,8e-06,0.0
2026-06-01 05:09:00,3,Maize,Clay,64.9974,0.7777,0.0026,14.15,75.0,30.0,65.0,1.0,1.1e-05,0.0
2026-06-01 05:10:00,1,Tomato,Loam,54.9963,0.6666,5.0037,26.01,70.0,25.0,60.0,0.7,0.0,0.0
2026-06-01 05:10:00,2,Wheat,Sandy,41.998,0.5714,13.002,56.38,60.0,18.0,55.0,0.9,0.0,0.0
2026-06-01 05:10:00,3,Maize,Clay,64.9974,0.7777,0.0026,14.15,75.0,30.0,65.0,1.0,0.0,0.0
2026-06-01 05:11:00,1,Tomato,Loam,54.9963,0.6666,5.0037,26.01,70.0,25.0,60.0,0.7,0.0,0.0
2026-06-01 05:11:00,2,Wheat,Sandy,41.998,0.5714,13.002,56.38,60.0,18.0,55.0,0.9,0.0,0.0
2026-06-01 05:11:00,3,Maize,Clay,64.9974,0.7777,0.0026,14.15,75.0,30.0,65.0,1.0,0.0,0.0
2026-06-01 05:12:00,1,Tomato,Loam,54.9963,0.6666,5.0037,26.01,70.0,25.0,60.0,0.7,2e-06,0.0
2026-06-01 05:12:00,2,Wheat,Sandy,41.998,0.5714,13.002,56.38,60.0,18.0,55.0,0.9,2e-06,0.0
2026-06-01 05:12:00,3,Maize,Clay,64.9974,0.7777,0.0026,14.15,75.0,30.0,65.0,1.0,2e-06,0.0
2026-06-01 05:13:00,1,Tomato,Loam,54.9963,0.6666,5.0037,26.01,70.0,25.0,60.0,0.7,0.0,0.0
2026-06-01 05:13:00,2,Wheat,Sandy,41.998,0.5714,13.002,56.38,60.0,18.0,55.0,0.9,0.0,0.0
2026-06-01 05:13:00,3,Maize,Clay,64.9974,0.7777,0.0026,14.15,75.0,30.0,65.0,1.0,0.0,0.0
2026-06-01 05:14:00,1,Tomato,Loam,54.9963,0.6666,5.0037,26.01,70.0,25.0,60.0,0.7,4.5e-05,0.0
2026-06-01 05:14:00,2,Wheat,Sandy,41.998,0.5714,13.002,56.38,60.0,18.0,55.0,0.9,3.3e-05,0.0
2026-06-01 05:14:00,3,Maize,Clay,64.9974,0.7777,0.0026,14.15,75.0,30.0,65.0,1.0,4.7e-05,0.0
2026-06-01 05:15:00,1,Tomato,Loam,54.9963,0.6666,5.0037,26.01,70.0,25.0,60.0,0.7,0.0,0.0
2026-06-01 05:15:00,2,Wheat,Sandy,41.998,0.5714,13.002,56.38,60.0,18.0,55.0,0.9,0.0,0.0
2026-06-01 05:15:00,3,Maize,Clay,64.9974,0.7777,0.0026,14.15,75.0,30.0,65.0,1.0,0.0,0.0
2026-06-01 05:16:00,1,Tomato,Loam,54.9963,0.6666,5.0037,26.01,70.0,25.0,60.0,0.7,0.0,0.0
2026-06-01 05:16:00,2,Wheat,Sandy,41.998,0.5714,13.002,56.38,60.0,18.0,55.0,0.9,0.0,0.0
2026-06-01 05:16:00,3,Maize,Clay,64.9974,0.7777,0.0026,14.15,75.0,30.0,65.0,1.0,0.0,0.0
2026-06-01 05:17:00,1,Tomato,Loam,54.9963,0.6666,5.0037,26.01,70.0,25.0,60.0,0.7,0.0,0.0
2026-06-01 05:17:00,2,Wheat,Sandy,41.998,0.5714,13.002,56.38,60.0,18.0,55.0,0.9,0.0,0.0
2026-06-01 05:17:00,3,Maize,Clay,64.9974,0.7777,0.0026,14.15,75.0,30.0,65.0,1.0,0.0,0.0
2026-06-01 05:18:00,1,Tomato,Loam,54.9963,0.6666,5.0037,26.01,70.0,25.0,60.0,0.7,5e-06,0.0
2026-06-01 05:18:00,2,Wheat,Sandy,41.998,0.5714,13.002,56.38,60.0,18.0,55.0,0.9,3e-06,0.0
2026-06-01 05:18:00,3,Maize,Clay,64.9974,0.7777,0.0026,14.15,75.0,30.0,65.0,1.0,5e-06,0.0
2026-06-01 05:19:00,1,Tomato,Loam,54.9963,0.6666,5.0037,26.01,70.0,25.0,60.0,0.7,0.0,0.0
2026-06-01 05:19:00,2,Wheat,Sandy,41.998,0.5714,13.002,56.38,60.0,18.0,55.0,0.9,0.0,0.0
2026-06-01 05:19:00,3,Maize,Clay,64.9974,0.7777,0.0026,14.15,75.0,30.0,65.0,1.0,0.0,0.0
2026-06-01 05:20:00,1,Tomato,Loam,54.9963,0.6666,5.0037,26.01,70.0,25.0,60.0,0.7,0.000105,0.0
2026-06-01 05:20:00,2,Wheat,Sandy,41.998,0.5714,13.002,56.38,60.0,18.0,55.0,0.9,7.7e-05,0.0
2026-06-01 05:20:00,3,Maize,Clay,64.9973,0.7777,0.0027,14.15,75.0,30.0,65.0,1.0,0.000109,0.0
2026-06-01 05:21:00,1,Tomato,Loam,54.9963,0.6666,5.0037,26.01,70.0,25.0,60.0,0.7,0.0,0.0
2026-06-01 05:21:00,2,Wheat,Sandy,41.998,0.5714,13.002,56.38,60.0,18.0,55.0,0.9,0.0,0.0
2026-06-01 05:21:00,3,Maize,Clay,64.9973,0.7777,0.0027,14.15,75.0,30.0,65.0,1.0,0.0,0.0
2026-06-01 05:22:00,1,Tomato,Loam,54.9963,0.6666,5.0037,26.01,70.0,25.0,60.0,0.7,8.2e-05,0.0
2026-06-01 05:22:00,2,Wheat,Sandy,41.998,0.5714,13.002,56.38,60.0,18.0,55.0,0.9,6e-05,0.0
2026-06-01 05:22:00,3,Maize,Clay,64.9973,0.7777,0.0027,14.15,75.0,30.0,65.0,1.0,8.5e-05,0.0
2026-06-01 05:23:00,1,Tomato,Loam,54.9963,0.6666,5.0037,26.01,70.0,25.0,60.0,0.7,2.5e-05,0.0
2026-06-01 05:23:00,2,Wheat,Sandy,41.998,0.5714,13.002,56.38,60.0,18.0,55.0,0.9,1.9e-05,0.0
2026-06-01 05:23:00,3,Maize,Clay,64.9973,0.7777,0.0027,14.15,75.0,30.0,65.0,1.0,2.6e-05,0.0
2026-06-01 05:24:00,1,Tomato,Loam,54.9963,0.6666,5.0037,26.01,70.0,25.0,60.0,0.7,4.7e-05,0.0
2026-06-01 05:24:00,2,Wheat,Sandy,41.998,0.5714,13.002,56.38,60.0,18.0,55.0,0.9,3.5e-05,0.0
2026-06-01 05:24:00,3,Maize,Clay,64.9973,0.7777,0.0027,14.15,75.0,30.0,65.0,1.0,4.9e-05,0.0
2026-06-01 05:25:00,1,Tomato,Loam,54.9963,0.6666,5.0037,26.01,70.0,25.0,60.0,0.7,1.4e-05,0.0
2026-06-01 05:25:00,2,Wheat,Sandy,41.998,0.5714,13.002,56.38,60.0,18.0,55.0,0.9,1e-05,0.0
2026-06-01 05:25:00,3,Maize,Clay,64.9973,0.7777,0.0027,14.15,75.0,30.0,65.0,1.0,1.4e-05,0.0
2026-06-01 05:26:00,1,Tomato,Loam,54.9963,0.6666,5.0037,26.01,70.0,25.0,60.0,0.7,9e-06,0.0
2026-06-01 05:26:00,2,Wheat,Sandy,41.998,0.5714,13.002,56.38,60.0,18.0,55.0,0.9,7e-06,0.0
2026-06-01 05:26:00,3,Maize,Clay,64.9973,0.7777,0.0027,14.15,75.0,30.0,65.0,1.0,1e-05,0.0
2026-06-01 05:27:00,1,Tomato,Loam,54.9963,0.6666,5.0037,26.01,70.0,25.0,60.0,0.7,2e-06,0.0
2026-06-01 05:27:00,2,Wheat,Sandy,41.998,0.5714,13.002,56.38,60.0,18.0,55.0,0.9,2e-06,0.0
2026-06-01 05:27:00,3,Maize,Clay,64.9973,0.7777,0.0027,14.15,75.0,30.0,65.0,1.0,2e-06,0.0
2026-06-01 05:28:00,1,Tomato,Loam,54.9963,0.6666,5.0037,26.01,70.0,25.0,60.0,0.7,1.6e-05,0.0
2026-06-01 05:28:00,2,Wheat,Sandy,41.998,0.5714,13.002,56.38,60.0,18.0,55.0,0.9,1.2e-05,0.0
2026-06-01 05:28:00,3,Maize,Clay,64.9973,0.7777,0.0027,14.15,75.0,30.0,65.0,1.0,1.7e-05,0.0
2026-06-01 05:29:00,1,Tomato,Loam,54.9963,0.6666,5.0037,26.01,70.0,25.0,60.0,0.7,3.2e-05,0.0
2026-06-01 05:29:00,2,Wheat,Sandy,41.998,0.5714,13.002,56.38,60.0,18.0,55.0,0.9,2.4e-05,0.0
2026-06-01 05:29:00,3,Maize,Clay,64.9973,0.7777,0.0027,14.15,75.0,30.0,65.0,1.0,3.4e-05,0.0
2026-06-01 05:30:00,1,Tomato,Loam,54.9963,0.6666,5.0037,26.01,70.0,25.0,60.0,0.7,1.8e-05,0.0
2026-06-01 05:30:00,2,Wheat,Sandy,41.998,0.5714,13.002,56.38,60.0,18.0,55.0,0.9,1.4e-05,0.0
2026-06-01 05:30:00,3,Maize,Clay,64.9973,0.7777,0.0027,14.15,75.0,30.0,65.0,1.0,1.9e-05,0.0
2026-06-01 05:31:00,1,Tomato,Loam,54.9963,0.6666,5.0037,26.01,70.0,25.0,60.0,0.7,0.000107,0.0
2026-06-01 05:31:00,2,Wheat,Sandy,41.998,0.5714,13.002,56.38,60.0,18.0,55.0,0.9,7.9e-05,0.0
2026-06-01 05:31:00,3,Maize,Clay,64.9973,0.7777,0.0027,14.15,75.0,30.0,65.0,1.0,0.000112,0.0
2026-06-01 05:32:00,1,Tomato,Loam,54.9963,0.6666,5.0037,26.01,70.0,25.0,60.0,0.7,7.8e-05,0.0
2026-06-01 05:32:00,2,Wheat,Sandy,41.998,0.5714,13.002,56.38,60.0,18.0,55.0,0.9,5.8e-05,0.0
2026-06-01 05:32:00,3,Maize,Clay,64.9973,0.7777,0.0027,14.15,75.0,30.0,65.0,1.0,8.2e-05,0.0
2026-06-01 05:33:00,1,Tomato,Loam,54.9962,0.6666,5.0038,26.01,70.0,25.0,60.0,0.7,9.4e-05,0.0
2026-06-01 05:33:00,2,Wheat,Sandy,41.9979,0.5714,13.0021,56.38,60.0,18.0,55.0,0.9,7e-05,0.0
2026-06-01 05:33:00,3,Maize,Clay,64.9973,0.7777,0.0027,14.15,75.0,30.0,65.0,1.0,9.8e-05,0.0
2026-06-01 05:34:00,1,Tomato,Loam,54.9962,0.6666,5.0038,26.01,70.0,25.0,60.0,0.7,0.00012,0.0
2026-06-01 05:34:00,2,Wheat,Sandy,41.9979,0.5714,13.0021,56.38,60.0,18.0,55.0,0.9,8.8e-05,0.0
2026-06-01 05:34:00,3,Maize,Clay,64.9973,0.7777,0.0027,14.15,75.0,30.0,65.0,1.0,0.000125,0.0
2026-06-01 05:35:00,1,Tomato,Loam,54.9962,0.6666,5.0038,26.01,70.0,25.0,60.0,0.7,0.000125,0.0
2026-06-01 05:35:00,2,Wheat,Sandy,41.9979,0.5714,13.0021,56.38,60.0,18.0,55.0,0.9,9.3e-05,0.0
2026-06-01 05:35:00,3,Maize,Clay,64.9973,0.7777,0.0027,14.15,75.0,30.0,65.0,1.0,0.000131,0.0
2026-06-01 05:36:00,1,Tomato,Loam,54.9962,0.6666,5.0038,26.01,70.0,25.0,60.0,0.7,0.000143,0.0
2026-06-01 05:36:00,2,Wheat,Sandy,41.9979,0.5714,13.0021,56.38,60.0,18.0,55.0,0.9,0.000105,0.0
2026-06-01 05:36:00,3,Maize,Clay,64.9973,0.7777,0.0027,14.15,75.0,30.0,65.0,1.0,0.000149,0.0
2026-06-01 05:37:00,1,Tomato,Loam,54.9962,0.6666,5.0038,26.01,70.0,25.0,60.0,0.7,0.000182,0.0
2026-06-01 05:37:00,2,Wheat,Sandy,41.9979,0.5714,13.0021,56.38,60.0,18.0,55.0,0.9,0.000134,0.0
2026-06-01 05:37:00,3,Maize,Clay,64.9973,0.7777,0.0027,14.15,75.0,30.0,65.0,1.0,0.00019,0.0
2026-06-01 05:38:00,1,Tomato,Loam,54.9961,0.6666,5.0039,26.01,70.0,25.0,60.0,0.7,0.000168,0.0
2026-06-01 05:38:00,2,Wheat,Sandy,41.9979,0.5714,13.0021,56.38,60.0,18.0,55.0,0.9,0.000124,0.0
2026-06-01 05:38:00,3,Maize,Clay,64.9972,0.7777,0.0028,14.15,75.0,30.0,65.0,1.0,0.000175,0.0
2026-06-01 05:39:00,1,Tomato,Loam,54.9961,0.6666,5.0039,26.01,70.0,25.0,60.0,0.7,0.000202,0.0
2026-06-01 05:39:00,2,Wheat,Sandy,41.9979,0.5714,13.0021,56.38,60.0,18.0,55.0,0.9,0.00015,0.0
2026-06-01 05:39:00,3,Maize,Clay,64.9972,0.7777,0.0028,14.15,75.0,30.0,65.0,1.0,0.000211,0.0
2026-06-01 05:40:00,1,Tomato,Loam,54.9961,0.6666,5.0039,26.01,70.0,25.0,60.0,0.7,0.000162,0.0
2026-06-01 05:40:00,2,Wheat,Sandy,41.9979,0.5714,13.0021,56.38,60.0,18.0,55.0,0.9,0.00012,0.0
2026-06-01 05:40:00,3,Maize,Clay,64.9972,0.7777,0.0028,14.15,75.0,30.0,65.0,1.0,0.000169,0.0
2026-06-01 05:41:00,1,Tomato,Loam,54.996,0.6666,5.004,26.01,70.0,25.0,60.0,0.7,0.000269,0.0
2026-06-01 05:41:00,2,Wheat,Sandy,41.9978,0.5714,13.0022,56.38,60.0,18.0,55.0,0.9,0.000199,0.0
2026-06-01 05:41:00,3,Maize,Clay,64.9972,0.7777,0.0028,14.15,75.0,30.0,65.0,1.0,0.000281,0.0
2026-06-01 05:42:00,1,Tomato,Loam,54.996,0.6666,5.004,26.01,70.0,25.0,60.0,0.7,0.000327,0.0
2026-06-01 05:42:00,2,Wheat,Sandy,41.9978,0.5714,13.0022,56.38,60.0,18.0,55.0,0.9,0.000241,0.0
2026-06-01 05:42:00,3,Maize,Clay,64.9971,0.7777,0.0029,14.15,75.0,30.0,65.0,1.0,0.000341,0.0
2026-06-01 05:43:00,1,Tomato,Loam,54.996,0.6666,5.004,26.01,70.0,25.0,60.0,0.7,0.000319,0.0
2026-06-01 05:43:00,2,Wheat,Sandy,41.9978,0.5714,13.0022,56.38,60.0,18.0,55.0,0.9,0.000235,0.0
2026-06-01 05:43:00,3,Maize,Clay,64.9971,0.7777,0.0029,14.15,75.0,30.0,65.0,1.0,0.000332,0.0
2026-06-01 05:44:00,1,Tomato,Loam,54.9959,0.6666,5.0041,26.01,70.0,25.0,60.0,0.7,0.000451,0.0
2026-06-01 05:44:00,2,Wheat,Sandy,41.9978,0.5714,13.0022,56.38,60.0,18.0,55.0,0.9,0.000333,0.0
2026-06-01 05:44:00,3,Maize,Clay,64.9971,0.7777,0.0029,14.15,75.0,30.0,65.0,1.0,0.00047,0.0
2026-06-01 05:45:00,1,Tomato,Loam,54.9958,0.6666,5.0042,26.01,70.0,25.0,60.0,0.7,0.000385,0.0
2026-06-01 05:45:00,2,Wheat,Sandy,41.9977,0.5714,13.0023,56.38,60.0,18.0,55.0,0.9,0.000285,0.0
2026-06-01 05:45:00,3,Maize,Clay,64.997,0.7777,0.003,14.15,75.0,30.0,65.0,1.0,0.000402,0.0
2026-06-01 05:46:00,1,Tomato,Loam,54.9958,0.6666,5.0042,26.01,70.0,25.0,60.0,0.7,0.000455,0.0
2026-06-01 05:46:00,2,Wheat,Sandy,41.9977,0.5714,13.0023,56.38,60.0,18.0,55.0,0.9,0.000337,0.0
2026-06-01 05:46:00,3,Maize,Clay,64.997,0.7777,0.003,14.15,75.0,30.0,65.0,1.0,0.000475,0.0
2026-06-01 05:47:00,1,Tomato,Loam,54.9957,0.6666,5.0043,26.01,70.0,25.0,60.0,0.7,0.000435,0.0
2026-06-01 05:47:00,2,Wheat,Sandy,41.9977,0.5714,13.0023,56.38,60.0,18.0,55.0,0.9,0.000321,0.0
2026-06-01 05:47:00,3,Maize,Clay,64.9969,0.7777,0.0031,14.15,75.0,30.0,65.0,1.0,0.000454,0.0
2026-06-01 05:48:00,1,Tomato,Loam,54.9956,0.6666,5.0044,26.01,70.0,25.0,60.0,0.7,0.000494,0.0
2026-06-01 05:48:00,2,Wheat,Sandy,41.9976,0.5714,13.0024,56.38,60.0,18.0,55.0,0.9,0.000366,0.0
2026-06-01 05:48:00,3,Maize,Clay,64.9969,0.7777,0.0031,14.15,75.0,30.0,65.0,1.0,0.000516,0.0
2026-06-01 05:49:00,1,Tomato,Loam,54.9956,0.6666,5.0044,26.01,70.0,25.0,60.0,0.7,0.000538,0.0
2026-06-01 05:49:00,2,Wheat,Sandy,41.9976,0.5714,13.0024,56.38,60.0,18.0,55.0,0.9,0.000398,0.0
2026-06-01 05:49:00,3,Maize,Clay,64.9968,0.7777,0.0032,14.15,75.0,30.0,65.0,1.0,0.000562,0.0
2026-06-01 05:50:00,1,Tomato,Loam,54.9955,0.6666,5.0045,26.01,70.0,25.0,60.0,0.7,0.000429,0.0
2026-06-01 05:50:00,2,Wheat,Sandy,41.9975,0.5714,13.0025,56.38,60.0,18.0,55.0,0.9,0.000317,0.0
2026-06-01 05:50:00,3,Maize,Clay,64.9968,0.7777,0.0032,14.15,75.0,30.0,65.0,1.0,0.000448,0.0
2026-06-01 05:51:00,1,Tomato,Loam,54.9954,0.6666,5.0046,26.01,70.0,25.0,60.0,0.7,0.000558,0.0
2026-06-01 05:51:00,2,Wheat,Sandy,41.9975,0.5714,13.0025,56.38,60.0,18.0,55.0,0.9,0.000412,0.0
2026-06-01 05:51:00,3,Maize,Clay,64.9967,0.7777,0.0033,14.15,75.0,30.0,65.0,1.0,0.000582,0.0
2026-06-01 05:52:00,1,Tomato,Loam,54.9953,0.6666,5.0047,26.01,70.0,25.0,60.0,0.7,0.000646,0.0
2026-06-01 05:52:00,2,Wheat,Sandy,41.9974,0.5714,13.0026,56.38,60.0,18.0,55.0,0.9,0.000478,0.0
2026-06-01 05:52:00,3,Maize,Clay,64.9966,0.7777,0.0034,14.15,75.0,30.0,65.0,1.0,0.000674,0.0
2026-06-01 05:53:00,1,Tomato,Loam,54.9952,0.6666,5.0048,26.01,70.0,25.0,60.0,0.7,0.000652,0.0
2026-06-01 05:53:00,2,Wheat,Sandy,41.9974,0.5714,13.0026,56.38,60.0,18.0,55.0,0.9,0.000482,0.0
2026-06-01 05:53:00,3,Maize,Clay,64.9966,0.7777,0.0034,14.15,75.0,30.0,65.0,1.0,0.00068,0.0
2026-06-01 05:54:00,1,Tomato,Loam,54.9951,0.6666,5.0049,26.01,70.0,25.0,60.0,0.7,0.000675,0.0
2026-06-01 05:54:00,2,Wheat,Sandy,41.9973,0.5714,13.0027,56.38,60.0,18.0,55.0,0.9,0.000499,0.0
2026-06-01 05:54:00,3,Maize,Clay,64.9965,0.7777,0.0035,14.15,75.0,30.0,65.0,1.0,0.000704,0.0
2026-06-01 05:55:00,1,Tomato,Loam,54.995,0.6666,5.005,26.01,70.0,25.0,60.0,0.7,0.000753,0.0
2026-06-01 05:55:00,2,Wheat,Sandy,41.9973,0.5714,13.0027,56.38,60.0,18.0,55.0,0.9,0.000557,0.0
2026-06-01 05:55:00,3,Maize,Clay,64.9964,0.7777,0.0036,14.15,75.0,30.0,65.0,1.0,0.000786,0.0
2026-06-01 05:56:00,1,Tomato,Loam,54.9949,0.6666,5.0051,26.01,70.0,25.0,60.0,0.7,0.000758,0.0
2026-06-01 05:56:00,2,Wheat,Sandy,41.9972,0.5714,13.0028,56.39,60.0,18.0,55.0,0.9,0.00056,0.0
2026-06-01 05:56:00,3,Maize,Clay,64.9963,0.7777,0.0037,14.15,75.0,30.0,65.0,1.0,0.000791,0.0
2026-06-01 05:57:00,1,Tomato,Loam,54.9948,0.6666,5.0052,26.01,70.0,25.0,60.0,0.7,0.000816,0.0
2026-06-01 05:57:00,2,Wheat,Sandy,41.9971,0.5714,13.0029,56.39,60.0,18.0,55.0,0.9,0.000604,0.0
2026-06-01 05:57:00,3,Maize,Clay,64.9963,0.7777,0.0037,14.15,75.0,30.0,65.0,1.0,0.000852,0.0
2026-06-01 05:58:00,1,Tomato,Loam,54.9947,0.6665,5.0053,26.04,70.0,25.0,60.0,0.7,0.00078,0.0
2026-06-01 05:58:00,2,Wheat,Sandy,41.9971,0.5714,13.0029,56.39,60.0,18.0,55.0,0.9,0.000576,0.0
2026-06-01 05:58:00,3,Maize,Clay,64.9962,0.7777,0.0038,14.15,75.0,30.0,65.0,1.0,0.000814,0.0
2026-06-01 05:59:00,1,Tomato,Loam,54.9945,0.6665,5.0055,26.04,70.0,25.0,60.0,0.7,0.000852,0.0
2026-06-01 05:59:00,2,Wheat,Sandy,41.997,0.5714,13.003,56.39,60.0,18.0,55.0,0.9,0.00063,0.0
2026-06-01 05:59:00,3,Maize,Clay,64.9961,0.7777,0.0039,14.15,75.0,30.0,65.0,1.0,0.000889,0.0
2026-06-01 06:00:00,1,Tomato,Loam,55.0325,0.6674,4.9675,25.77,70.0,25.0,60.0,0.7,0.000937,0.0
2026-06-01 06:00:00,2,Wheat,Sandy,42.0265,0.5721,12.9735,56.24,60.0,18.0,55.0,0.9,0.000693,0.0
2026-06-01 06:00:00,3,Maize,Clay,65.0043,0.7779,-0.0043,14.16,75.0,30.0,65.0,1.0,0.000978,0.0
2026-06-01 06:01:00,1,Tomato,Loam,55.0705,0.6682,4.9295,25.52,70.0,25.0,60.0,0.7,0.000994,0.0
2026-06-01 06:01:00,2,Wheat,Sandy,42.0561,0.5728,12.9439,56.1,60.0,18.0,55.0,0.9,0.000734,0.0
2026-06-01 06:01:00,3,Maize,Clay,65.0125,0.7781,-0.0125,14.16,75.0,30.0,65.0,1.0,0.001037,0.0
2026-06-01 06:02:00,1,Tomato,Loam,55.1084,0.6691,4.8916,25.25,70.0,25.0,60.0,0.7,0.000982,0.0
2026-06-01 06:02:00,2,Wheat,Sandy,42.0856,0.5735,12.9144,55.96,60.0,18.0,55.0,0.9,0.000726,0.0
2026-06-01 06:02:00,3,Maize,Clay,65.0208,0.7782,-0.0208,14.17,75.0,30.0,65.0,1.0,0.001025,0.0
2026-06-01 06:03:00,1,Tomato,Loam,55.1464,0.6699,4.8536,25.0,70.0,25.0,60.0,0.7,0.000987,0.0
2026-06-01 06:03:00,2,Wheat,Sandy,42.1152,0.5742,12.8848,55.82,60.0,18.0,55.0,0.9,0.000729,0.0
2026-06-01 06:03:00,3,Maize,Clay,65.029,0.7784,-0.029,14.18,75.0,30.0,65.0,1.0,0.00103,0.0
2026-06-01 06:04:00,1,Tomato,Loam,55.1843,0.6708,4.8157,24.72,70.0,25.0,60.0,0.7,0.001052,0.0
2026-06-01 06:04:00,2,Wheat,Sandy,42.1447,0.5749,12.8553,55.68,60.0,18.0,55.0,0.9,0.000778,0.0
2026-06-01 06:04:00,3,Maize,Clay,65.0372,0.7786,-0.0372,14.18,75.0,30.0,65.0,1.0,0.001098,0.0
2026-06-01 06:05:00,1,Tomato,Loam,55.2223,0.6716,4.7777,24.46,70.0,25.0,60.0,0.7,0.00104,0.0
2026-06-01 06:05:00,2,Wheat,Sandy,42.1743,0.5756,12.8257,55.54,60.0,18.0,55.0,0.9,0.000768,0.0
2026-06-01 06:05:00,3,Maize,Clay,65.0455,0.7788,-0.0455,14.19,75.0,30.0,65.0,1.0,0.001085,0.0
2026-06-01 06:06:00,1,Tomato,Loam,55.2602,0.6724,4.7398,24.21,70.0,25.0,60.0,0.7,0.001138,0.0
2026-06-01 06:06:00,2,Wheat,Sandy,42.2038,0.5763,12.7962,55.41,60.0,18.0,55.0,0.9,0.000842,0.0
2026-06-01 06:06:00,3,Maize,Clay,65.0537,0.779,-0.0537,14.2,75.0,30.0,65.0,1.0,0.001188,0.0
2026-06-01 06:07:00,1,Tomato,Loam,55.2981,0.6733,4.7019,23.93,70.0,25.0,60.0,0.7,0.001158,0.0
2026-06-01 06:07:00,2,Wheat,Sandy,42.2333,0.577,12.7667,55.27,60.0,18.0,55.0,0.9,0.000856,0.0
2026-06-01 06:07:00,3,Maize,Clay,65.0619,0.7792,-0.0619,14.21,75.0,30.0,65.0,1.0,0.001208,0.0
2026-06-01 06:08:00,1,Tomato,Loam,55.336,0.6741,4.664,23.67,70.0,25.0,60.0,0.7,0.001213,0.0
2026-06-01 06:08:00,2,Wheat,Sandy,42.2629,0.5777,12.7371,55.13,60.0,18.0,55.0,0.9,0.000897,0.0
2026-06-01 06:08:00,3,Maize,Clay,65.0701,0.7793,-0.0701,14.21,75.0,30.0,65.0,1.0,0.001266,0.0
2026-06-01 06:09:00,1,Tomato,Loam,55.374,0.675,4.626,23.38,70.0,25.0,60.0,0.7,0.001303,0.0
2026-06-01 06:09:00,2,Wheat,Sandy,42.2924,0.5784,12.7076,55.0,60.0,18.0,55.0,0.9,0.000963,0.0
2026-06-01 06:09:00,3,Maize,Clay,65.0783,0.7795,-0.0783,14.22,75.0,30.0,65.0,1.0,0.00136,0.0
2026-06-01 06:10:00,1,Tomato,Loam,55.4119,0.6758,4.5881,23.12,70.0,25.0,60.0,0.7,0.00122,0.0
2026-06-01 06:10:00,2,Wheat,Sandy,42.3219,0.5791,12.6781,54.87,60.0,18.0,55.0,0.9,0.000902,0.0
2026-06-01 06:10:00,3,Maize,Clay,65.0865,0.7797,-0.0865,14.23,75.0,30.0,65.0,1.0,0.001273,0.0
2026-06-01 06:11:00,1,Tomato,Loam,55.4498,0.6767,4.5502,22.82,70.0,25.0,60.0,0.7,0.00128,0.0
2026-06-01 06:11:00,2,Wheat,Sandy,42.3514,0.5798,12.6486,54.74,60.0,18.0,55.0,0.9,0.000946,0.0
2026-06-01 06:11:00,3,Maize,Clay,65.0947,0.7799,-0.0947,14.24,75.0,30.0,65.0,1.0,0.001336,0.0
2026-06-01 06:12:00,1,Tomato,Loam,55.4877,0.6775,4.5123,22.56,70.0,25.0,60.0,0.7,0.001428,0.0
2026-06-01 06:12:00,2,Wheat,Sandy,42.381,0.5805,12.619,54.61,60.0,18.0,55.0,0.9,0.001056,0.0
2026-06-01 06:12:00,3,Maize,Clay,65.1029,0.7801,-0.1029,14.24,75.0,30.0,65.0,1.0,0.00149,0.0
2026-06-01 06:13:00,1,Tomato,Loam,55.5256,0.6783,4.4744,22.3,70.0,25.0,60.0,0.7,0.001403,0.0
2026-06-01 06:13:00,2,Wheat,Sandy,42.4105,0.5812,12.5895,54.48,60.0,18.0,55.0,0.9,0.001037,0.0
2026-06-01 06:13:00,3,Maize,Clay,65.1111,0.7802,-0.1111,14.25,75.0,30.0,65.0,1.0,0.001464,0.0
2026-06-01 06:14:00,1,Tomato,Loam,55.5635,0.6792,4.4365,22.0,70.0,25.0,60.0,0.7,0.001473,0.0
2026-06-01 06:14:00,2,Wheat,Sandy,42.44,0.5819,12.56,54.35,60.0,18.0,55.0,0.9,0.001089,0.0
2026-06-01 06:14:00,3,Maize,Clay,65.1192,0.7804,-0.1192,14.26,75.0,30.0,65.0,1.0,0.001537,0.0
2026-06-01 06:15:00,1,Tomato,Loam,55.5632,0.6792,4.4368,22.0,70.0,25.0,60.0,0.7,0.001511,0.0
2026-06-01 06:15:00,2,Wheat,Sandy,42.4399,0.5819,12.5601,54.35,60.0,18.0,55.0,0.9,0.001117,0.0
2026-06-01 06:15:00,3,Maize,Clay,65.1191,0.7804,-0.1191,14.26,75.0,30.0,65.0,1.0,0.001577,0.0
2026-06-01 06:16:00,1,Tomato,Loam,55.563,0.6792,4.437,22.0,70.0,25.0,60.0,0.7,0.001579,0.0
2026-06-01 06:16:00,2,Wheat,Sandy,42.4397,0.5819,12.5603,54.35,60.0,18.0,55.0,0.9,0.001167,0.0
2026-06-01 06:16:00,3,Maize,Clay,65.1189,0.7804,-0.1189,14.26,75.0,30.0,65.0,1.0,0.001648,0.0
2026-06-01 06:17:00,1,Tomato,Loam,55.5628,0.6792,4.4372,22.0,70.0,25.0,60.0,0.7,0.001552,0.0
2026-06-01 06:17:00,2,Wheat,Sandy,42.4396,0.5819,12.5604,54.35,60.0,18.0,55.0,0.9,0.001148,0.0
2026-06-01 06:17:00,3,Maize,Clay,65.1188,0.7804,-0.1188,14.26,75.0,30.0,65.0,1.0,0.00162,0.0
2026-06-01 06:18:00,1,Tomato,Loam,55.5625,0.6792,4.4375,22.0,70.0,25.0,60.0,0.7,0.00169,0.0
2026-06-01 06:18:00,2,Wheat,Sandy,42.4395,0.5819,12.5605,54.35,60.0,18.0,55.0,0.9,0.00125,0.0
2026-06-01 06:18:00,3,Maize,Clay,65.1186,0.7804,-0.1186,14.26,75.0,30.0,65.0,1.0,0.001764,0.0
2026-06-01 06:19:00,1,Tomato,Loam,55.5623,0.6792,4.4377,22.0,70.0,25.0,60.0,0.7,0.001625,0.0
2026-06-01 06:19:00,2,Wheat,Sandy,42.4393,0.5819,12.5607,54.35,60.0,18.0,55.0,0.9,0.001201,0.0
2026-06-01 06:19:00,3,Maize,Clay,65.1184,0.7804,-0.1184,14.26,75.0,30.0,65.0,1.0,0.001696,0.0
2026-06-01 06:20:00,1,Tomato,Loam,55.5621,0.6792,4.4379,22.0,70.0,25.0,60.0,0.7,0.001579,0.0
2026-06-01 06:20:00,2,Wheat,Sandy,42.4392,0.5819,12.5608,54.35,60.0,18.0,55.0,0.9,0.001167,0.0
2026-06-01 06:20:00,3,Maize,Clay,65.1182,0.7804,-0.1182,14.26,75.0,30.0,65.0,1.0,0.001648,0.0
2026-06-01 06:21:00,1,Tomato,Loam,55.5618,0.6792,4.4382,22.0,70.0,25.0,60.0,0.7,0.001795,0.0
2026-06-01 06:21:00,2,Wheat,Sandy,42.439,0.5819,12.561,54.35,60.0,18.0,55.0,0.9,0.001327,0.0
2026-06-01 06:21:00,3,Maize,Clay,65.1181,0.7804,-0.1181,14.26,75.0,30.0,65.0,1.0,0.001873,0.0
2026-06-01 06:22:00,1,Tomato,Loam,55.5616,0.6791,4.4384,22.03,70.0,25.0,60.0,0.7,0.001773,0.0
2026-06-01 06:22:00,2,Wheat,Sandy,42.4389,0.5819,12.5611,54.35,60.0,18.0,55.0,0.9,0.001311,0.0
2026-06-01 06:22:00,3,Maize,Clay,65.1179,0.7804,-0.1179,14.26,75.0,30.0,65.0,1.0,0.00185,0.0
2026-06-01 06:23:00,1,Tomato,Loam,55.5613,0.6791,4.4387,22.03,70.0,25.0,60.0,0.7,0.001786,0.0
2026-06-01 06:23:00,2,Wheat,Sandy,42.4388,0.5819,12.5612,54.35,60.0,18.0,55.0,0.9,0.00132,0.0
2026-06-01 06:23:00,3,Maize,Clay,65.1177,0.7804,-0.1177,14.26,75.0,30.0,65.0,1.0,0.001864,0.0
2026-06-01 06:24:00,1,Tomato,Loam,55.5611,0.6791,4.4389,22.03,70.0,25.0,60.0,0.7,0.001766,0.0
2026-06-01 06:24:00,2,Wheat,Sandy,42.4386,0.5819,12.5614,54.35,60.0,18.0,55.0,0.9,0.001306,0.0
2026-06-01 06:24:00,3,Maize,Clay,65.1175,0.7804,-0.1175,14.26,75.0,30.0,65.0,1.0,0.001843,0.0
2026-06-01 06:25:00,1,Tomato,Loam,55.5608,0.6791,4.4392,22.03,70.0,25.0,60.0,0.7,0.001895,0.0
2026-06-01 06:25:00,2,Wheat,Sandy,42.4385,0.5819,12.5615,54.35,60.0,18.0,55.0,0.9,0.001401,0.0
2026-06-01 06:25:00,3,Maize,Clay,65.1173,0.7804,-0.1173,14.26,75.0,30.0,65.0,1.0,0.001978,0.0
2026-06-01 06:26:00,1,Tomato,Loam,55.5605,0.6791,4.4395,22.03,70.0,25.0,60.0,0.7,0.002017,0.0
2026-06-01 06:26:00,2,Wheat,Sandy,42.4383,0.5819,12.5617,54.35,60.0,18.0,55.0,0.9,0.001491,0.0
2026-06-01 06:26:00,3,Maize,Clay,65.1171,0.7804,-0.1171,14.26,75.0,30.0,65.0,1.0,0.002105,0.0
2026-06-01 06:27:00,1,Tomato,Loam,55.5602,0.6791,4.4398,22.03,70.0,25.0,60.0,0.7,0.002052,0.0
2026-06-01 06:27:00,2,Wheat,Sandy,42.4381,0.5819,12.5619,54.35,60.0,18.0,55.0,0.9,0.001516,0.0
2026-06-01 06:27:00,3,Maize,Clay,65.1169,0.7804,-0.1169,14.26,75.0,30.0,65.0,1.0,0.002141,0.0
2026-06-01 06:28:00,1,Tomato,Loam,55.5599,0.6791,4.4401,22.03,70.0,25.0,60.0,0.7,0.001932,0.0
2026-06-01 06:28:00,2,Wheat,Sandy,42.438,0.5819,12.562,54.35,60.0,18.0,55.0,0.9,0.001428,0.0
2026-06-01 06:28:00,3,Maize,Clay,65.1167,0.7804,-0.1167,14.26,75.0,30.0,65.0,1.0,0.002016,0.0
2026-06-01 06:29:00,1,Tomato,Loam,55.5596,0.6791,4.4404,22.03,70.0,25.0,60.0,0.7,0.001998,0.0
2026-06-01 06:29:00,2,Wheat,Sandy,42.4378,0.5819,12.5622,54.36,60.0,18.0,55.0,0.9,0.001476,0.0
2026-06-01 06:29:00,3,Maize,Clay,65.1165,0.7804,-0.1165,14.26,75.0,30.0,65.0,1.0,0.002084,0.0
2026-06-01 06:30:00,1,Tomato,Loam,55.5594,0.6791,4.4406,22.03,70.0,25.0,60.0,0.7,0.002048,0.0
2026-06-01 06:30:00,2,Wheat,Sandy,42.4376,0.5818,12.5624,54.36,60.0,18.0,55.0,0.9,0.001514,0.0
2026-06-01 06:30:00,3,Maize,Clay,65.1163,0.7804,-0.1163,14.26,75.0,30.0,65.0,1.0,0.002137,0.0
2026-06-01 06:31:00,1,Tomato,Loam,55.5591,0.6791,4.4409,22.03,70.0,25.0,60.0,0.7,0.002104,0.0
2026-06-01 06:31:00,2,Wheat,Sandy,42.4375,0.5818,12.5625,54.36,60.0,18.0,55.0,0.9,0.001556,0.0
2026-06-01 06:31:00,3,Maize,Clay,65.1161,0.7804,-0.1161,14.26,75.0,30.0,65.0,1.0,0.002196,0.0
2026-06-01 06:32:00,1,Tomato,Loam,55.5588,0.6791,4.4412,22.03,70.0,25.0,60.0,0.7,0.002064,0.0
2026-06-01 06:32:00,2,Wheat,Sandy,42.4373,0.5818,12.5627,54.36,60.0,18.0,55.0,0.9,0.001526,0.0
2026-06-01 06:32:00,3,Maize,Clay,65.1158,0.7804,-0.1158,14.26,75.0,30.0,65.0,1.0,0.002154,0.0
2026-06-01 06:33:00,1,Tomato,Loam,55.5584,0.6791,4.4416,22.03,70.0,25.0,60.0,0.7,0.002213,0.0
2026-06-01 06:33:00,2,Wheat,Sandy,42.4371,0.5818,12.5629,54.36,60.0,18.0,55.0,0.9,0.001635,0.0
2026-06-01 06:33:00,3,Maize,Clay,65.1156,0.7803,-0.1156,14.25,75.0,30.0,65.0,1.0,0.002309,0.0
2026-06-01 06:34:00,1,Tomato,Loam,55.5581,0.6791,4.4419,22.03,70.0,25.0,60.0,0.7,0.002292,0.0
2026-06-01 06:34:00,2,Wheat,Sandy,42.4369,0.5818,12.5631,54.36,60.0,18.0,55.0,0.9,0.001694,0.0
2026-06-01 06:34:00,3,Maize,Clay,65.1154,0.7803,-0.1154,14.25,75.0,30.0,65.0,1.0,0.002392,0.0
2026-06-01 06:35:00,1,Tomato,Loam,55.5578,0.6791,4.4422,22.03,70.0,25.0,60.0,0.7,0.00229,0.0
2026-06-01 06:35:00,2,Wheat,Sandy,42.4367,0.5818,12.5633,54.36,60.0,18.0,55.0,0.9,0.001692,0.0
2026-06-01 06:35:00,3,Maize,Clay,65.1151,0.7803,-0.1151,14.25,75.0,30.0,65.0,1.0,0.002389,0.0
2026-06-01 06:36:00,1,Tomato,Loam,55.5575,0.6791,4.4425,22.03,70.0,25.0,60.0,0.7,0.002311,0.0
2026-06-01 06:36:00,2,Wheat,Sandy,42.4365,0.5818,12.5635,54.36,60.0,18.0,55.0,0.9,0.001708,0.0
2026-06-01 06:36:00,3,Maize,Clay,65.1149,0.7803,-0.1149,14.25,75.0,30.0,65.0,1.0,0.002412,0.0
2026-06-01 06:37:00,1,Tomato,Loam,55.5571,0.679,4.4429,22.06,70.0,25.0,60.0,0.7,0.002344,0.0
2026-06-01 06:37:00,2,Wheat,Sandy,42.4364,0.5818,12.5636,54.36,60.0,18.0,55.0,0.9,0.001732,0.0
2026-06-01 06:37:00,3,Maize,Clay,65.1146,0.7803,-0.1146,14.25,75.0,30.0,65.0,1.0,0.002446,0.0
2026-06-01 06:38:00,1,Tomato,Loam,55.5568,0.679,4.4432,22.06,70.0,25.0,60.0,0.7,0.0025,0.0
2026-06-01 06:38:00,2,Wheat,Sandy,42.4362,0.5818,12.5638,54.36,60.0,18.0,55.0,0.9,0.001848,0.0
2026-06-01 06:38:00,3,Maize,Clay,65.1144,0.7803,-0.1144,14.25,75.0,30.0,65.0,1.0,0.002609,0.0
2026-06-01 06:39:00,1,Tomato,Loam,55.5564,0.679,4.4436,22.06,70.0,25.0,60.0,0.7,0.002329,0.0
2026-06-01 06:39:00,2,Wheat,Sandy,42.436,0.5818,12.564,54.36,60.0,18.0,55.0,0.9,0.001721,0.0
2026-06-01 06:39:00,3,Maize,Clay,65.1141,0.7803,-0.1141,14.25,75.0,30.0,65.0,1.0,0.00243,0.0
2026-06-01 06:40:00,1,Tomato,Loam,55.5561,0.679,4.4439,22.06,70.0,25.0,60.0,0.7,0.002364,0.0
2026-06-01 06:40:00,2,Wheat,Sandy,42.4358,0.5818,12.5642,54.36,60.0,18.0,55.0,0.9,0.001748,0.0
2026-06-01 06:40:00,3,Maize,Clay,65.1139,0.7803,-0.1139,14.25,75.0,30.0,65.0,1.0,0.002467,0.0
2026-06-01 06:41:00,1,Tomato,Loam,55.5557,0.679,4.4443,22.06,70.0,25.0,60.0,0.7,0.002474,0.0
2026-06-01 06:41:00,2,Wheat,Sandy,42.4356,0.5818,12.5644,54.37,60.0,18.0,55.0,0.9,0.001828,0.0
2026-06-01 06:41:00,3,Maize,Clay,65.1136,0.7803,-0.1136,14.25,75.0,30.0,65.0,1.0,0.002581,0.0
2026-06-01 06:42:00,1,Tomato,Loam,55.5554,0.679,4.4446,22.06,70.0,25.0,60.0,0.7,0.002615,0.0
2026-06-01 06:42:00,2,Wheat,Sandy,42.4354,0.5818,12.5646,54.37,60.0,18.0,55.0,0.9,0.001933,0.0
2026-06-01 06:42:00,3,Maize,Clay,65.1134,0.7803,-0.1134,14.25,75.0,30.0,65.0,1.0,0.002729,0.0
2026-06-01 06:43:00,1,Tomato,Loam,55.555,0.679,4.445,22.06,70.0,25.0,60.0,0.7,0.00241,0.0
2026-06-01 06:43:00,2,Wheat,Sandy,42.4352,0.5818,12.5648,54.37,60.0,18.0,55.0,0.9,0.001782,0.0
2026-06-01 06:43:00,3,Maize,Clay,65.1131,0.7803,-0.1131,14.25,75.0,30.0,65.0,1.0,0.002515,0.0
2026-06-01 06:44:00,1,Tomato,Loam,55.5547,0.679,4.4453,22.06,70.0,25.0,60.0,0.7,0.002515,0.0
2026-06-01 06:44:00,2,Wheat,Sandy,42.435,0.5818,12.565,54.37,60.0,18.0,55.0,0.9,0.001859,0.0
2026-06-01 06:44:00,3,Maize,Clay,65.1128,0.7803,-0.1128,14.25,75.0,30.0,65.0,1.0,0.002624,0.0
2026-06-01 06:45:00,1,Tomato,Loam,55.5543,0.679,4.4457,22.06,70.0,25.0,60.0,0.7,0.002451,0.0
2026-06-01 06:45:00,2,Wheat,Sandy,42.4348,0.5818,12.5652,54.37,60.0,18.0,55.0,0.9,0.001811,0.0
2026-06-01 06:45:00,3,Maize,Clay,65.1126,0.7803,-0.1126,14.25,75.0,30.0,65.0,1.0,0.002557,0.0
2026-06-01 06:46:00,1,Tomato,Loam,55.5539,0.679,4.4461,22.06,70.0,25.0,60.0,0.7,0.002692,0.0
2026-06-01 06:46:00,2,Wheat,Sandy,42.4345,0.5818,12.5655,54.37,60.0,18.0,55.0,0.9,0.00199,0.0
2026-06-01 06:46:00,3,Maize,Clay,65.1123,0.7803,-0.1123,14.25,75.0,30.0,65.0,1.0,0.002809,0.0
2026-06-01 06:47:00,1,Tomato,Loam,55.5536,0.679,4.4464,22.06,70.0,25.0,60.0,0.7,0.002619,0.0
2026-06-01 06:47:00,2,Wheat,Sandy,42.4343,0.5818,12.5657,54.37,60.0,18.0,55.0,0.9,0.001935,0.0
2026-06-01 06:47:00,3,Maize,Clay,65.112,0.7803,-0.112,14.25,75.0,30.0,65.0,1.0,0.002732,0.0
2026-06-01 06:48:00,1,Tomato,Loam,55.5532,0.679,4.4468,22.06,70.0,25.0,60.0,0.7,0.002675,0.0
2026-06-01 06:48:00,2,Wheat,Sandy,42.4341,0.5818,12.5659,54.37,60.0,18.0,55.0,0.9,0.001977,0.0
2026-06-01 06:48:00,3,Maize,Clay,65.1118,0.7803,-0.1118,14.25,75.0,30.0,65.0,1.0,0.002791,0.0
2026-06-01 06:49:00,1,Tomato,Loam,55.5528,0.679,4.4472,22.06,70.0,25.0,60.0,0.7,0.002829,0.0
2026-06-01 06:49:00,2,Wheat,Sandy,42.4339,0.5818,12.5661,54.37,60.0,18.0,55.0,0.9,0.002091,0.0
2026-06-01 06:49:00,3,Maize,Clay,65.1115,0.7803,-0.1115,14.25,75.0,30.0,65.0,1.0,0.002952,0.0
2026-06-01 06:50:00,1,Tomato,Loam,55.5524,0.6789,4.4476,22.1,70.0,25.0,60.0,0.7,0.002738,0.0
2026-06-01 06:50:00,2,Wheat,Sandy,42.4336,0.5818,12.5664,54.37,60.0,18.0,55.0,0.9,0.002024,0.0
2026-06-01 06:50:00,3,Maize,Clay,65.1112,0.7802,-0.1112,14.25,75.0,30.0,65.0,1.0,0.002857,0.0
2026-06-01 06:51:00,1,Tomato,Loam,55.552,0.6789,4.448,22.1,70.0,25.0,60.0,0.7,0.002824,0.0
2026-06-01 06:51:00,2,Wheat,Sandy,42.4334,0.5817,12.5666,54.37,60.0,18.0,55.0,0.9,0.002088,0.0
2026-06-01 06:51:00,3,Maize,Clay,65.1109,0.7802,-0.1109,14.25,75.0,30.0,65.0,1.0,0.002947,0.0
2026-06-01 06:52:00,1,Tomato,Loam,55.5516,0.6789,4.4484,22.1,70.0,25.0,60.0,0.7,0.002861,0.0
2026-06-01 06:52:00,2,Wheat,Sandy,42.4332,0.5817,12.5668,54.38,60.0,18.0,55.0,0.9,0.002115,0.0
2026-06-01 06:52:00,3,Maize,Clay,65.1106,0.7802,-0.1106,14.25,75.0,30.0,65.0,1.0,0.002986,0.0
2026-06-01 06:53:00,1,Tomato,Loam,55.5511,0.6789,4.4489,22.1,70.0,25.0,60.0,0.7,0.003018,0.0
2026-06-01 06:53:00,2,Wheat,Sandy,42.4329,0.5817,12.5671,54.38,60.0,18.0,55.0,0.9,0.00223,0.0
2026-06-01 06:53:00,3,Maize,Clay,65.1103,0.7802,-0.1103,14.25,75.0,30.0,65.0,1.0,0.003149,0.0
2026-06-01 06:54:00,1,Tomato,Loam,55.5507,0.6789,4.4493,22.1,70.0,25.0,60.0,0.7,0.003023,0.0
2026-06-01 06:54:00,2,Wheat,Sandy,42.4327,0.5817,12.5673,54.38,60.0,18.0,55.0,0.9,0.002235,0.0
2026-06-01 06:54:00,3,Maize,Clay,65.11,0.7802,-0.11,14.25,75.0,30.0,65.0,1.0,0.003155,0.0
2026-06-01 06:55:00,1,Tomato,Loam,55.5503,0.6789,4.4497,22.1,70.0,25.0,60.0,0.7,0.002947,0.0
2026-06-01 06:55:00,2,Wheat,Sandy,42.4324,0.5817,12.5676,54.38,60.0,18.0,55.0,0.9,0.002179,0.0
2026-06-01 06:55:00,3,Maize,Clay,65.1096,0.7802,-0.1096,14.25,75.0,30.0,65.0,1.0,0.003076,0.0
2026-06-01 06:56:00,1,Tomato,Loam,55.5499,0.6789,4.4501,22.1,70.0,25.0,60.0,0.7,0.00306,0.0
2026-06-01 06:56:00,2,Wheat,Sandy,42.4322,0.5817,12.5678,54.38,60.0,18.0,55.0,0.9,0.002262,0.0
2026-06-01 06:56:00,3,Maize,Clay,65.1093,0.7802,-0.1093,14.25,75.0,30.0,65.0,1.0,0.003193,0.0
2026-06-01 06:57:00,1,Tomato,Loam,55.5494,0.6789,4.4506,22.1,70.0,25.0,60.0,0.7,0.00322,0.0
2026-06-01 06:57:00,2,Wheat,Sandy,42.4319,0.5817,12.5681,54.38,60.0,18.0,55.0,0.9,0.00238,0.0
2026-06-01 06:57:00,3,Maize,Clay,65.109,0.7802,-0.109,14.25,75.0,30.0,65.0,1.0,0.00336,0.0
2026-06-01 06:58:00,1,Tomato,Loam,55.5489,0.6789,4.4511,22.1,70.0,25.0,60.0,0.7,0.003168,0.0
2026-06-01 06:58:00,2,Wheat,Sandy,42.4317,0.5817,12.5683,54.38,60.0,18.0,55.0,0.9,0.002342,0.0
2026-06-01 06:58:00,3,Maize,Clay,65.1086,0.7802,-0.1086,14.25,75.0,30.0,65.0,1.0,0.003306,0.0
2026-06-01 06:59:00,1,Tomato,Loam,55.5485,0.6789,4.4515,22.1,70.0,25.0,60.0,0.7,0.003066,0.0
2026-06-01 06:59:00,2,Wheat,Sandy,42.4314,0.5817,12.5686,54.38,60.0,18.0,55.0,0.9,0.002266,0.0
2026-06-01 06:59:00,3,Maize,Clay,65.1083,0.7802,-0.1083,14.25,75.0,30.0,65.0,1.0,0.003199,0.0
2026-06-01 07:00:00,1,Tomato,Loam,55.548,0.6788,4.452,22.13,70.0,25.0,60.0,0.7,0.003266,0.0
2026-06-01 07:00:00,2,Wheat,Sandy,42.4311,0.5817,12.5689,54.38,60.0,18.0,55.0,0.9,0.002414,0.0
2026-06-01 07:00:00,3,Maize,Clay,65.108,0.7802,-0.108,14.25,75.0,30.0,65.0,1.0,0.003408,0.0
2026-06-01 07:01:00,1,Tomato,Loam,55.5476,0.6788,4.4524,22.13,70.0,25.0,60.0,0.7,0.003085,0.0
2026-06-01 07:01:00,2,Wheat,Sandy,42.4309,0.5817,12.5691,54.39,60.0,18.0,55.0,0.9,0.002281,0.0
2026-06-01 07:01:00,3,Maize,Clay,65.1077,0.7802,-0.1077,14.25,75.0,30.0,65.0,1.0,0.00322,0.0
2026-06-01 07:02:00,1,Tomato,Loam,55.5471,0.6788,4.4529,22.13,70.0,25.0,60.0,0.7,0.003394,0.0
2026-06-01 07:02:00,2,Wheat,Sandy,42.4306,0.5817,12.5694,54.39,60.0,18.0,55.0,0.9,0.002508,0.0
2026-06-01 07:02:00,3,Maize,Clay,65.1073,0.7802,-0.1073,14.25,75.0,30.0,65.0,1.0,0.003541,0.0
2026-06-01 07:03:00,1,Tomato,Loam,55.5466,0.6788,4.4534,22.13,70.0,25.0,60.0,0.7,0.003369,0.0
2026-06-01 07:03:00,2,Wheat,Sandy,42.4303,0.5817,12.5697,54.39,60.0,18.0,55.0,0.9,0.00249,0.0
2026-06-01 07:03:00,3,Maize,Clay,65.107,0.7802,-0.107,14.25,75.0,30.0,65.0,1.0,0.003516,0.0
2026-06-01 07:04:00,1,Tomato,Loam,55.5461,0.6788,4.4539,22.13,70.0,25.0,60.0,0.7,0.003319,0.0
2026-06-01 07:04:00,2,Wheat,Sandy,42.4301,0.5817,12.5699,54.39,60.0,18.0,55.0,0.9,0.002453,0.0
2026-06-01 07:04:00,3,Maize,Clay,65.1066,0.7801,-0.1066,14.24,75.0,30.0,65.0,1.0,0.003463,0.0
2026-06-01 07:05:00,1,Tomato,Loam,55.5457,0.6788,4.4543,22.13,70.0,25.0,60.0,0.7,0.003394,0.0
2026-06-01 07:05:00,2,Wheat,Sandy,42.4298,0.5817,12.5702,54.39,60.0,18.0,55.0,0.9,0.002508,0.0
2026-06-01 07:05:00,3,Maize,Clay,65.1063,0.7801,-0.1063,14.24,75.0,30.0,65.0,1.0,0.003541,0.0
2026-06-01 07:06:00,1,Tomato,Loam,55.5452,0.6788,4.4548,22.13,70.0,25.0,60.0,0.7,0.003421,0.0
2026-06-01 07:06:00,2,Wheat,Sandy,42.4295,0.5817,12.5705,54.39,60.0,18.0,55.0,0.9,0.002529,0.0
2026-06-01 07:06:00,3,Maize,Clay,65.1059,0.7801,-0.1059,14.24,75.0,30.0,65.0,1.0,0.00357,0.0
2026-06-01 07:07:00,1,Tomato,Loam,55.5447,0.6788,4.4553,22.13,70.0,25.0,60.0,0.7,0.00359,0.0
2026-06-01 07:07:00,2,Wheat,Sandy,42.4292,0.5816,12.5708,54.39,60.0,18.0,55.0,0.9,0.002654,0.0
2026-06-01 07:07:00,3,Maize,Clay,65.1055,0.7801,-0.1055,14.24,75.0,30.0,65.0,1.0,0.003746,0.0
2026-06-01 07:08:00,1,Tomato,Loam,55.5442,0.6788,4.4558,22.13,70.0,25.0,60.0,0.7,0.003461,0.0
2026-06-01 07:08:00,2,Wheat,Sandy,42.4289,0.5816,12.5711,54.39,60.0,18.0,55.0,0.9,0.002558,0.0
2026-06-01 07:08:00,3,Maize,Clay,65.1052,0.7801,-0.1052,14.24,75.0,30.0,65.0,1.0,0.003612,0.0
2026-06-01 07:09:00,1,Tomato,Loam,55.5436,0.6787,4.4564,22.16,70.0,25.0,60.0,0.7,0.003609,0.0
2026-06-01 07:09:00,2,Wheat,Sandy,42.4286,0.5816,12.5714,54.4,60.0,18.0,55.0,0.9,0.002667,0.0
2026-06-01 07:09:00,3,Maize,Clay,65.1048,0.7801,-0.1048,14.24,75.0,30.0,65.0,1.0,0.003766,0.0
2026-06-01 07:10:00,1,Tomato,Loam,55.5431,0.6787,4.4569,22.16,70.0,25.0,60.0,0.7,0.00365,0.0
2026-06-01 07:10:00,2,Wheat,Sandy,42.4283,0.5816,12.5717,54.4,60.0,18.0,55.0,0.9,0.002698,0.0
2026-06-01 07:10:00,3,Maize,Clay,65.1044,0.7801,-0.1044,14.24,75.0,30.0,65.0,1.0,0.003809,0.0
2026-06-01 07:11:00,1,Tomato,Loam,55.5426,0.6787,4.4574,22.16,70.0,25.0,60.0,0.7,0.003565,0.0
2026-06-01 07:11:00,2,Wheat,Sandy,42.428,0.5816,12.572,54.4,60.0,18.0,55.0,0.9,0.002635,0.0
2026-06-01 07:11:00,3,Maize,Clay,65.104,0.7801,-0.104,14.24,75.0,30.0,65.0,1.0,0.00372,0.0
2026-06-01 07:12:00,1,Tomato,Loam,55.5421,0.6787,4.4579,22.16,70.0,25.0,60.0,0.7,0.00359,0.0
2026-06-01 07:12:00,2,Wheat,Sandy,42.4277,0.5816,12.5723,54.4,60.0,18.0,55.0,0.9,0.002654,0.0
2026-06-01 07:12:00,3,Maize,Clay,65.1037,0.7801,-0.1037,14.24,75.0,30.0,65.0,1.0,0.003746,0.0
2026-06-01 07:13:00,1,Tomato,Loam,55.5416,0.6787,4.4584,22.16,70.0,25.0,60.0,0.7,0.003535,0.0
2026-06-01 07:13:00,2,Wheat,Sandy,42.4274,0.5816,12.5726,54.4,60.0,18.0,55.0,0.9,0.002613,0.0
2026-06-01 07:13:00,3,Maize,Clay,65.1033,0.7801,-0.1033,14.24,75.0,30.0,65.0,1.0,0.003689,0.0
2026-06-01 07:14:00,1,Tomato,Loam,55.5411,0.6787,4.4589,22.16,70.0,25.0,60.0,0.7,0.003612,0.0
2026-06-01 07:14:00,2,Wheat,Sandy,42.4271,0.5816,12.5729,54.4,60.0,18.0,55.0,0.9,0.00267,0.0
2026-06-01 07:14:00,3,Maize,Clay,65.1029,0.7801,-0.1029,14.24,75.0,30.0,65.0,1.0,0.003769,0.0
2026-06-01 07:15:00,1,Tomato,Loam,55.5406,0.6787,4.4594,22.16,70.0,25.0,60.0,0.7,0.003549,0.0
2026-06-01 07:15:00,2,Wheat,Sandy,42.4268,0.5816,12.5732,54.4,60.0,18.0,55.0,0.9,0.002623,0.0
2026-06-01 07:15:00,3,Maize,Clay,65.1026,0.7801,-0.1026,14.24,75.0,30.0,65.0,1.0,0.003703,0.0
2026-06-01 07:16:00,1,Tomato,Loam,55.54,0.6787,4.46,22.16,70.0,25.0,60.0,0.7,0.003885,0.0
2026-06-01 07:16:00,2,Wheat,Sandy,42.4265,0.5816,12.5735,54.41,60.0,18.0,55.0,0.9,0.002871,0.0
2026-06-01 07:16:00,3,Maize,Clay,65.1022,0.78,-0.1022,14.24,75.0,30.0,65.0,1.0,0.004054,0.0
2026-06-01 07:17:00,1,Tomato,Loam,55.5395,0.6787,4.4605,22.16,70.0,25.0,60.0,0.7,0.004028,0.0
2026-06-01 07:17:00,2,Wheat,Sandy,42.4262,0.5816,12.5738,54.41,60.0,18.0,55.0,0.9,0.002978,0.0
2026-06-01 07:17:00,3,Maize,Clay,65.1017,0.78,-0.1017,14.24,75.0,30.0,65.0,1.0,0.004204,0.0
2026-06-01 07:18:00,1,Tomato,Loam,55.5389,0.6786,4.4611,22.2,70.0,25.0,60.0,0.7,0.004039,0.0
2026-06-01 07:18:00,2,Wheat,Sandy,42.4259,0.5816,12.5741,54.41,60.0,18.0,55.0,0.9,0.002985,0.0
2026-06-01 07:18:00,3,Maize,Clay,65.1013,0.78,-0.1013,14.24,75.0,30.0,65.0,1.0,0.004214,0.0
2026-06-01 07:19:00,1,Tomato,Loam,55.5384,0.6786,4.4616,22.2,70.0,25.0,60.0,0.7,0.003747,0.0
2026-06-01 07:19:00,2,Wheat,Sandy,42.4255,0.5816,12.5745,54.41,60.0,18.0,55.0,0.9,0.002769,0.0
2026-06-01 07:19:00,3,Maize,Clay,65.1009,0.78,-0.1009,14.24,75.0,30.0,65.0,1.0,0.00391,0.0
2026-06-01 07:20:00,1,Tomato,Loam,55.5378,0.6786,4.4622,22.2,70.0,25.0,60.0,0.7,0.004073,0.0
2026-06-01 07:20:00,2,Wheat,Sandy,42.4252,0.5816,12.5748,54.41,60.0,18.0,55.0,0.9,0.003011,0.0
2026-06-01 07:20:00,3,Maize,Clay,65.1005,0.78,-0.1005,14.24,75.0,30.0,65.0,1.0,0.00425,0.0
2026-06-01 07:21:00,1,Tomato,Loam,55.5372,0.6786,4.4628,22.2,70.0,25.0,60.0,0.7,0.004147,0.0
2026-06-01 07:21:00,2,Wheat,Sandy,42.4249,0.5815,12.5751,54.41,60.0,18.0,55.0,0.9,0.003065,0.0
2026-06-01 07:21:00,3,Maize,Clay,65.1001,0.78,-0.1001,14.24,75.0,30.0,65.0,1.0,0.004327,0.0
2026-06-01 07:22:00,1,Tomato,Loam,55.5366,0.6786,4.4634,22.2,70.0,25.0,60.0,0.7,0.003994,0.0
2026-06-01 07:22:00,2,Wheat,Sandy,42.4245,0.5815,12.5755,54.41,60.0,18.0,55.0,0.9,0.002952,0.0
2026-06-01 07:22:00,3,Maize,Clay,65.0997,0.78,-0.0997,14.24,75.0,30.0,65.0,1.0,0.004168,0.0
2026-06-01 07:23:00,1,Tomato,Loam,55.536,0.6786,4.464,22.2,70.0,25.0,60.0,0.7,0.004099,0.0
2026-06-01 07:23:00,2,Wheat,Sandy,42.4242,0.5815,12.5758,54.42,60.0,18.0,55.0,0.9,0.003029,0.0
2026-06-01 07:23:00,3,Maize,Clay,65.0992,0.78,-0.0992,14.24,75.0,30.0,65.0,1.0,0.004277,0.0
2026-06-01 07:24:00,1,Tomato,Loam,55.5355,0.6786,4.4645,22.2,70.0,25.0,60.0,0.7,0.003838,0.0
2026-06-01 07:24:00,2,Wheat,Sandy,42.4239,0.5815,12.5761,54.42,60.0,18.0,55.0,0.9,0.002836,0.0
2026-06-01 07:24:00,3,Maize,Clay,65.0988,0.78,-0.0988,14.24,75.0,30.0,65.0,1.0,0.004004,0.0
2026-06-01 07:25:00,1,Tomato,Loam,55.5349,0.6786,4.4651,22.2,70.0,25.0,60.0,0.7,0.004137,0.0
2026-06-01 07:25:00,2,Wheat,Sandy,42.4235,0.5815,12.5765,54.42,60.0,18.0,55.0,0.9,0.003057,0.0
2026-06-01 07:25:00,3,Maize,Clay,65.0984,0.78,-0.0984,14.24,75.0,30.0,65.0,1.0,0.004316,0.0
2026-06-01 07:26:00,1,Tomato,Loam,55.5343,0.6785,4.4657,22.23,70.0,25.0,60.0,0.7,0.004101,0.0
2026-06-01 07:26:00,2,Wheat,Sandy,42.4232,0.5815,12.5768,54.42,60.0,18.0,55.0,0.9,0.003031,0.0
2026-06-01 07:26:00,3,Maize,Clay,65.098,0.78,-0.098,14.24,75.0,30.0,65.0,1.0,0.004279,0.0
2026-06-01 07:27:00,1,Tomato,Loam,55.5337,0.6785,4.4663,22.23,70.0,25.0,60.0,0.7,0.004232,0.0
2026-06-01 07:27:00,2,Wheat,Sandy,42.4229,0.5815,12.5771,54.42,60.0,18.0,55.0,0.9,0.003128,0.0
2026-06-01 07:27:00,3,Maize,Clay,65.0975,0.7799,-0.0975,14.24,75.0,30.0,65.0,1.0,0.004416,0.0
2026-06-01 07:28:00,1,Tomato,Loam,55.5331,0.6785,4.4669,22.23,70.0,25.0,60.0,0.7,0.004138,0.0
2026-06-01 07:28:00,2,Wheat,Sandy,42.4225,0.5815,12.5775,54.42,60.0,18.0,55.0,0.9,0.003058,0.0
2026-06-01 07:28:00,3,Maize,Clay,65.0971,0.7799,-0.0971,14.24,75.0,30.0,65.0,1.0,0.004318,0.0
2026-06-01 07:29:00,1,Tomato,Loam,55.5325,0.6785,4.4675,22.23,70.0,25.0,60.0,0.7,0.00437,0.0
2026-06-01 07:29:00,2,Wheat,Sandy,42.4222,0.5815,12.5778,54.42,60.0,18.0,55.0,0.9,0.00323,0.0
2026-06-01 07:29:00,3,Maize,Clay,65.0966,0.7799,-0.0966,14.24,75.0,30.0,65.0,1.0,0.00456,0.0
2026-06-01 07:30:00,1,Tomato,Loam,55.5319,0.6785,4.4681,22.23,70.0,25.0,60.0,0.7,0.004473,0.0
2026-06-01 07:30:00,2,Wheat,Sandy,42.4218,0.5815,12.5782,54.43,60.0,18.0,55.0,0.9,0.003306,0.0
2026-06-01 07:30:00,3,Maize,Clay,65.0962,0.7799,-0.0962,14.24,75.0,30.0,65.0,1.0,0.004668,0.0
2026-06-01 07:31:00,1,Tomato,Loam,55.5312,0.6785,4.4688,22.23,70.0,25.0,60.0,0.7,0.004341,0.0
2026-06-01 07:31:00,2,Wheat,Sandy,42.4214,0.5815,12.5786,54.43,60.0,18.0,55.0,0.9,0.003209,0.0
2026-06-01 07:31:00,3,Maize,Clay,65.0957,0.7799,-0.0957,14.24,75.0,30.0,65.0,1.0,0.00453,0.0
2026-06-01 07:32:00,1,Tomato,Loam,55.5306,0.6785,4.4694,22.23,70.0,25.0,60.0,0.7,0.004372,0.0
2026-06-01 07:32:00,2,Wheat,Sandy,42.4211,0.5815,12.5789,54.43,60.0,18.0,55.0,0.9,0.003232,0.0
2026-06-01 07:32:00,3,Maize,Clay,65.0953,0.7799,-0.0953,14.24,75.0,30.0,65.0,1.0,0.004562,0.0
2026-06-01 07:33:00,1,Tomato,Loam,55.53,0.6784,4.47,22.26,70.0,25.0,60.0,0.7,0.004242,0.0
2026-06-01 07:33:00,2,Wheat,Sandy,42.4207,0.5814,12.5793,54.43,60.0,18.0,55.0,0.9,0.003136,0.0
2026-06-01 07:33:00,3,Maize,Clay,65.0948,0.7799,-0.0948,14.24,75.0,30.0,65.0,1.0,0.004427,0.0
2026-06-01 07:34:00,1,Tomato,Loam,55.5294,0.6784,4.4706,22.26,70.0,25.0,60.0,0.7,0.004473,0.0
2026-06-01 07:34:00,2,Wheat,Sandy,42.4204,0.5814,12.5796,54.43,60.0,18.0,55.0,0.9,0.003306,0.0
2026-06-01 07:34:00,3,Maize,Clay,65.0943,0.7799,-0.0943,14.24,75.0,30.0,65.0,1.0,0.004668,0.0
2026-06-01 07:35:00,1,Tomato,Loam,55.5287,0.6784,4.4713,22.26,70.0,25.0,60.0,0.7,0.00446,0.0
2026-06-01 07:35:00,2,Wheat,Sandy,42.42,0.5814,12.58,54.43,60.0,18.0,55.0,0.9,0.003296,0.0
2026-06-01 07:35:00,3,Maize,Clay,65.0939,0.7799,-0.0939,14.24,75.0,30.0,65.0,1.0,0.004654,0.0
2026-06-01 07:36:00,1,Tomato,Loam,55.5281,0.6784,4.4719,22.26,70.0,25.0,60.0,0.7,0.004418,0.0
2026-06-01 07:36:00,2,Wheat,Sandy,42.4196,0.5814,12.5804,54.44,60.0,18.0,55.0,0.9,0.003266,0.0
2026-06-01 07:36:00,3,Maize,Clay,65.0934,0.7799,-0.0934,14.24,75.0,30.0,65.0,1.0,0.00461,0.0
2026-06-01 07:37:00,1,Tomato,Loam,55.5274,0.6784,4.4726,22.26,70.0,25.0,60.0,0.7,0.004672,0.0
2026-06-01 07:37:00,2,Wheat,Sandy,42.4193,0.5814,12.5807,54.44,60.0,18.0,55.0,0.9,0.003454,0.0
2026-06-01 07:37:00,3,Maize,Clay,65.0929,0.7798,-0.0929,14.23,75.0,30.0,65.0,1.0,0.004876,0.0
2026-06-01 07:38:00,1,Tomato,Loam,55.5268,0.6784,4.4732,22.26,70.0,25.0,60.0,0.7,0.004623,0.0
2026-06-01 07:38:00,2,Wheat,Sandy,42.4189,0.5814,12.5811,54.44,60.0,18.0,55.0,0.9,0.003417,0.0
2026-06-01 07:38:00,3,Maize,Clay,65.0924,0.7798,-0.0924,14.23,75.0,30.0,65.0,1.0,0.004824,0.0
2026-06-01 07:39:00,1,Tomato,Loam,55.5261,0.6784,4.4739,22.26,70.0,25.0,60.0,0.7,0.00457,0.0
2026-06-01 07:39:00,2,Wheat,Sandy,42.4185,0.5814,12.5815,54.44,60.0,18.0,55.0,0.9,0.003378,0.0
2026-06-01 07:39:00,3,Maize,Clay,65.092,0.7798,-0.092,14.23,75.0,30.0,65.0,1.0,0.004769,0.0
2026-06-01 07:40:00,1,Tomato,Loam,55.5254,0.6783,4.4746,22.3,70.0,25.0,60.0,0.7,0.004676,0.0
2026-06-01 07:40:00,2,Wheat,Sandy,42.4181,0.5814,12.5819,54.44,60.0,18.0,55.0,0.9,0.003456,0.0
2026-06-01 07:40:00,3,Maize,Clay,65.0915,0.7798,-0.0915,14.23,75.0,30.0,65.0,1.0,0.004879,0.0
2026-06-01 07:41:00,1,Tomato,Loam,55.5248,0.6783,4.4752,22.3,70.0,25.0,60.0,0.7,0.004847,0.0
2026-06-01 07:41:00,2,Wheat,Sandy,42.4177,0.5814,12.5823,54.44,60.0,18.0,55.0,0.9,0.003583,0.0
2026-06-01 07:41:00,3,Maize,Clay,65.091,0.7798,-0.091,14.23,75.0,30.0,65.0,1.0,0.005058,0.0
2026-06-01 07:42:00,1,Tomato,Loam,55.5241,0.6783,4.4759,22.3,70.0,25.0,60.0,0.7,0.004833,0.0
2026-06-01 07:42:00,2,Wheat,Sandy,42.4173,0.5814,12.5827,54.45,60.0,18.0,55.0,0.9,0.003573,0.0
2026-06-01 07:42:00,3,Maize,Clay,65.0905,0.7798,-0.0905,14.23,75.0,30.0,65.0,1.0,0.005044,0.0
2026-06-01 07:43:00,1,Tomato,Loam,55.5234,0.6783,4.4766,22.3,70.0,25.0,60.0,0.7,0.004737,0.0
2026-06-01 07:43:00,2,Wheat,Sandy,42.4169,0.5814,12.5831,54.45,60.0,18.0,55.0,0.9,0.003501,0.0
2026-06-01 07:43:00,3,Maize,Clay,65.09,0.7798,-0.09,14.23,75.0,30.0,65.0,1.0,0.004943,0.0
2026-06-01 07:44:00,1,Tomato,Loam,55.5227,0.6783,4.4773,22.3,70.0,25.0,60.0,0.7,0.004956,0.0
2026-06-01 07:44:00,2,Wheat,Sandy,42.4165,0.5813,12.5835,54.45,60.0,18.0,55.0,0.9,0.003663,0.0
2026-06-01 07:44:00,3,Maize,Clay,65.0895,0.7798,-0.0895,14.23,75.0,30.0,65.0,1.0,0.005172,0.0
2026-06-01 07:45:00,1,Tomato,Loam,55.522,0.6783,4.478,22.3,70.0,25.0,60.0,0.7,0.004774,0.0
2026-06-01 07:45:00,2,Wheat,Sandy,42.4161,0.5813,12.5839,54.45,60.0,18.0,55.0,0.9,0.003528,0.0
2026-06-01 07:45:00,3,Maize,Clay,65.089,0.7798,-0.089,14.23,75.0,30.0,65.0,1.0,0.004981,0.0
2026-06-01 07:46:00,1,Tomato,Loam,55.5213,0.6783,4.4787,22.3,70.0,25.0,60.0,0.7,0.00498,0.0
2026-06-01 07:46:00,2,Wheat,Sandy,42.4157,0.5813,12.5843,54.45,60.0,18.0,55.0,0.9,0.00368,0.0
2026-06-01 07:46:00,3,Maize,Clay,65.0884,0.7797,-0.0884,14.23,75.0,30.0,65.0,1.0,0.005196,0.0
2026-06-01 07:47:00,1,Tomato,Loam,55.5206,0.6782,4.4794,22.33,70.0,25.0,60.0,0.7,0.005077,0.0
2026-06-01 07:47:00,2,Wheat,Sandy,42.4153,0.5813,12.5847,54.45,60.0,18.0,55.0,0.9,0.003753,0.0
2026-06-01 07:47:00,3,Maize,Clay,65.0879,0.7797,-0.0879,14.23,75.0,30.0,65.0,1.0,0.005298,0.0
2026-06-01 07:48:00,1,Tomato,Loam,55.5198,0.6782,4.4802,22.33,70.0,25.0,60.0,0.7,0.004951,0.0
2026-06-01 07:48:00,2,Wheat,Sandy,42.4149,0.5813,12.5851,54.46,60.0,18.0,55.0,0.9,0.003659,0.0
2026-06-01 07:48:00,3,Maize,Clay,65.0874,0.7797,-0.0874,14.23,75.0,30.0,65.0,1.0,0.005166,0.0
2026-06-01 07:49:00,1,Tomato,Loam,55.5191,0.6782,4.4809,22.33,70.0,25.0,60.0,0.7,0.005106,0.0
2026-06-01 07:49:00,2,Wheat,Sandy,42.4145,0.5813,12.5855,54.46,60.0,18.0,55.0,0.9,0.003774,0.0
2026-06-01 07:49:00,3,Maize,Clay,65.0868,0.7797,-0.0868,14.23,75.0,30.0,65.0,1.0,0.005328,0.0
2026-06-01 07:50:00,1,Tomato,Loam,55.5184,0.6782,4.4816,22.33,70.0,25.0,60.0,0.7,0.00504,0.0
2026-06-01 07:50:00,2,Wheat,Sandy,42.414,0.5813,12.586,54.46,60.0,18.0,55.0,0.9,0.003726,0.0
2026-06-01 07:50:00,3,Maize,Clay,65.0863,0.7797,-0.0863,14.23,75.0,30.0,65.0,1.0,0.00526,0.0
2026-06-01 07:51:00,1,Tomato,Loam,55.5176,0.6782,4.4824,22.33,70.0,25.0,60.0,0.7,0.005288,0.0
2026-06-01 07:51:00,2,Wheat,Sandy,42.4136,0.5813,12.5864,54.46,60.0,18.0,55.0,0.9,0.003908,0.0
2026-06-01 07:51:00,3,Maize,Clay,65.0858,0.7797,-0.0858,14.23,75.0,30.0,65.0,1.0,0.005518,0.0
2026-06-01 07:52:00,1,Tomato,Loam,55.5169,0.6782,4.4831,22.33,70.0,25.0,60.0,0.7,0.005223,0.0
2026-06-01 07:52:00,2,Wheat,Sandy,42.4132,0.5813,12.5868,54.46,60.0,18.0,55.0,0.9,0.003861,0.0
2026-06-01 07:52:00,3,Maize,Clay,65.0852,0.7797,-0.0852,14.23,75.0,30.0,65.0,1.0,0.00545,0.0
2026-06-01 07:53:00,1,Tomato,Loam,55.5162,0.6781,4.4838,22.36,70.0,25.0,60.0,0.7,0.004802,0.0
2026-06-01 07:53:00,2,Wheat,Sandy,42.4128,0.5813,12.5872,54.47,60.0,18.0,55.0,0.9,0.00355,0.0
2026-06-01 07:53:00,3,Maize,Clay,65.0847,0.7797,-0.0847,14.23,75.0,30.0,65.0,1.0,0.005011,0.0
2026-06-01 07:54:00,1,Tomato,Loam,55.5154,0.6781,4.4846,22.36,70.0,25.0,60.0,0.7,0.005439,0.0
2026-06-01 07:54:00,2,Wheat,Sandy,42.4123,0.5812,12.5877,54.47,60.0,18.0,55.0,0.9,0.00402,0.0
2026-06-01 07:54:00,3,Maize,Clay,65.0842,0.7796,-0.0842,14.22,75.0,30.0,65.0,1.0,0.005676,0.0
2026-06-01 07:55:00,1,Tomato,Loam,55.5147,0.6781,4.4853,22.36,70.0,25.0,60.0,0.7,0.004879,0.0
2026-06-01 07:55:00,2,Wheat,Sandy,42.4119,0.5812,12.5881,54.47,60.0,18.0,55.0,0.9,0.003607,0.0
2026-06-01 07:55:00,3,Maize,Clay,65.0837,0.7796,-0.0837,14.22,75.0,30.0,65.0,1.0,0.005092,0.0
2026-06-01 07:56:00,1,Tomato,Loam,55.514,0.6781,4.486,22.36,70.0,25.0,60.0,0.7,0.005281,0.0
2026-06-01 07:56:00,2,Wheat,Sandy,42.4115,0.5812,12.5885,54.47,60.0,18.0,55.0,0.9,0.003903,0.0
2026-06-01 07:56:00,3,Maize,Clay,65.0831,0.7796,-0.0831,14.22,75.0,30.0,65.0,1.0,0.00551,0.0
2026-06-01 07:57:00,1,Tomato,Loam,55.5132,0.6781,4.4868,22.36,70.0,25.0,60.0,0.7,0.005477,0.0
2026-06-01 07:57:00,2,Wheat,Sandy,42.4111,0.5812,12.5889,54.47,60.0,18.0,55.0,0.9,0.004049,0.0
2026-06-01 07:57:00,3,Maize,Clay,65.0825,0.7796,-0.0825,14.22,75.0,30.0,65.0,1.0,0.005716,0.0
2026-06-01 07:58:00,1,Tomato,Loam,55.5124,0.6781,4.4876,22.36,70.0,25.0,60.0,0.7,0.00539,0.0
2026-06-01 07:58:00,2,Wheat,Sandy,42.4106,0.5812,12.5894,54.48,60.0,18.0,55.0,0.9,0.003984,0.0
2026-06-01 07:58:00,3,Maize,Clay,65.082,0.7796,-0.082,14.22,75.0,30.0,65.0,1.0,0.005624,0.0
2026-06-01 07:59:00,1,Tomato,Loam,55.5117,0.678,4.4883,22.4,70.0,25.0,60.0,0.7,0.005311,0.0
2026-06-01 07:59:00,2,Wheat,Sandy,42.4102,0.5812,12.5898,54.48,60.0,18.0,55.0,0.9,0.003925,0.0
2026-06-01 07:59:00,3,Maize,Clay,65.0814,0.7796,-0.0814,14.22,75.0,30.0,65.0,1.0,0.005542,0.0
2026-06-01 08:00:00,1,Tomato,Loam,55.5109,0.678,4.4891,22.4,70.0,25.0,60.0,0.7,0.00532,0.0
2026-06-01 08:00:00,2,Wheat,Sandy,42.4097,0.5812,12.5903,54.48,60.0,18.0,55.0,0.9,0.003932,0.0
2026-06-01 08:00:00,3,Maize,Clay,65.0809,0.7796,-0.0809,14.22,75.0,30.0,65.0,1.0,0.005551,0.0
2026-06-01 08:01:00,1,Tomato,Loam,55.5101,0.678,4.4899,22.4,70.0,25.0,60.0,0.7,0.005766,0.0
2026-06-01 08:01:00,2,Wheat,Sandy,42.4093,0.5812,12.5907,54.48,60.0,18.0,55.0,0.9,0.004262,0.0
2026-06-01 08:01:00,3,Maize,Clay,65.0803,0.7796,-0.0803,14.22,75.0,30.0,65.0,1.0,0.006017,0.0
2026-06-01 08:02:00,1,Tomato,Loam,55.5093,0.678,4.4907,22.4,70.0,25.0,60.0,0.7,0.005253,0.0
2026-06-01 08:02:00,2,Wheat,Sandy,42.4088,0.5812,12.5912,54.48,60.0,18.0,55.0,0.9,0.003883,0.0
2026-06-01 08:02:00,3,Maize,Clay,65.0797,0.7795,-0.0797,14.22,75.0,30.0,65.0,1.0,0.005482,0.0
2026-06-01 08:03:00,1,Tomato,Loam,55.5085,0.678,4.4915,22.4,70.0,25.0,60.0,0.7,0.005791,0.0
2026-06-01 08:03:00,2,Wheat,Sandy,42.4084,0.5812,12.5916,54.48,60.0,18.0,55.0,0.9,0.004281,0.0
2026-06-01 08:03:00,3,Maize,Clay,65.0791,0.7795,-0.0791,14.22,75.0,30.0,65.0,1.0,0.006043,0.0
2026-06-01 08:04:00,1,Tomato,Loam,55.5077,0.6779,4.4923,22.43,70.0,25.0,60.0,0.7,0.00563,0.0
2026-06-01 08:04:00,2,Wheat,Sandy,42.4079,0.5811,12.5921,54.49,60.0,18.0,55.0,0.9,0.004162,0.0
2026-06-01 08:04:00,3,Maize,Clay,65.0785,0.7795,-0.0785,14.22,75.0,30.0,65.0,1.0,0.005875,0.0
2026-06-01 08:05:00,1,Tomato,Loam,55.5069,0.6779,4.4931,22.43,70.0,25.0,60.0,0.7,0.005528,0.0
2026-06-01 08:05:00,2,Wheat,Sandy,42.4074,0.5811,12.5926,54.49,60.0,18.0,55.0,0.9,0.004086,0.0
2026-06-01 08:05:00,3,Maize,Clay,65.0779,0.7795,-0.0779,14.22,75.0,30.0,65.0,1.0,0.005768,0.0
2026-06-01 08:06:00,1,Tomato,Loam,55.5061,0.6779,4.4939,22.43,70.0,25.0,60.0,0.7,0.005536,0.0
2026-06-01 08:06:00,2,Wheat,Sandy,42.407,0.5811,12.593,54.49,60.0,18.0,55.0,0.9,0.004092,0.0
2026-06-01 08:06:00,3,Maize,Clay,65.0774,0.7795,-0.0774,14.22,75.0,30.0,65.0,1.0,0.005777,0.0
2026-06-01 08:07:00,1,Tomato,Loam,55.5053,0.6779,4.4947,22.43,70.0,25.0,60.0,0.7,0.005615,0.0
2026-06-01 08:07:00,2,Wheat,Sandy,42.4065,0.5811,12.5935,54.49,60.0,18.0,55.0,0.9,0.004151,0.0
2026-06-01 08:07:00,3,Maize,Clay,65.0768,0.7795,-0.0768,14.22,75.0,30.0,65.0,1.0,0.00586,0.0
2026-06-01 08:08:00,1,Tomato,Loam,55.5045,0.6779,4.4955,22.43,70.0,25.0,60.0,0.7,0.005912,0.0
2026-06-01 08:08:00,2,Wheat,Sandy,42.406,0.5811,12.594,54.5,60.0,18.0,55.0,0.9,0.00437,0.0
2026-06-01 08:08:00,3,Maize,Clay,65.0762,0.7795,-0.0762,14.22,75.0,30.0,65.0,1.0,0.006169,0.0
2026-06-01 08:09:00,1,Tomato,Loam,55.5036,0.6779,4.4964,22.43,70.0,25.0,60.0,0.7,0.005971,0.0
2026-06-01 08:09:00,2,Wheat,Sandy,42.4055,0.5811,12.5945,54.5,60.0,18.0,55.0,0.9,0.004413,0.0
2026-06-01 08:09:00,3,Maize,Clay,65.0755,0.7795,-0.0755,14.22,75.0,30.0,65.0,1.0,0.00623,0.0
2026-06-01 08:10:00,1,Tomato,Loam,55.5028,0.6778,4.4972,22.46,70.0,25.0,60.0,0.7,0.005613,0.0
2026-06-01 08:10:00,2,Wheat,Sandy,42.4051,0.5811,12.5949,54.5,60.0,18.0,55.0,0.9,0.004149,0.0
2026-06-01 08:10:00,3,Maize,Clay,65.0749,0.7794,-0.0749,14.22,75.0,30.0,65.0,1.0,0.005857,0.0
2026-06-01 08:11:00,1,Tomato,Loam,55.502,0.6778,4.498,22.46,70.0,25.0,60.0,0.7,0.005882,0.0
2026-06-01 08:11:00,2,Wheat,Sandy,42.4046,0.5811,12.5954,54.5,60.0,18.0,55.0,0.9,0.004348,0.0
2026-06-01 08:11:00,3,Maize,Clay,65.0743,0.7794,-0.0743,14.22,75.0,30.0,65.0,1.0,0.006138,0.0
2026-06-01 08:12:00,1,Tomato,Loam,55.5012,0.6778,4.4988,22.46,70.0,25.0,60.0,0.7,0.005807,0.0
2026-06-01 08:12:00,2,Wheat,Sandy,42.4041,0.5811,12.5959,54.5,60.0,18.0,55.0,0.9,0.004292,0.0
2026-06-01 08:12:00,3,Maize,Clay,65.0737,0.7794,-0.0737,14.22,75.0,30.0,65.0,1.0,0.00606,0.0
2026-06-01 08:13:00,1,Tomato,Loam,55.5003,0.6778,4.4997,22.46,70.0,25.0,60.0,0.7,0.006226,0.0
2026-06-01 08:13:00,2,Wheat,Sandy,42.4036,0.581,12.5964,54.51,60.0,18.0,55.0,0.9,0.004602,0.0
2026-06-01 08:13:00,3,Maize,Clay,65.0731,0.7794,-0.0731,14.22,75.0,30.0,65.0,1.0,0.006497,0.0
2026-06-01 08:14:00,1,Tomato,Loam,55.4994,0.6778,4.5006,22.46,70.0,25.0,60.0,0.7,0.005761,0.0
2026-06-01 08:14:00,2,Wheat,Sandy,42.4031,0.581,12.5969,54.51,60.0,18.0,55.0,0.9,0.004258,0.0
2026-06-01 08:14:00,3,Maize,Clay,65.0725,0.7794,-0.0725,14.22,75.0,30.0,65.0,1.0,0.006012,0.0
2026-06-01 08:15:00,1,Tomato,Loam,55.4985,0.6777,4.5015,22.5,70.0,25.0,60.0,0.7,0.006453,0.0
2026-06-01 08:15:00,2,Wheat,Sandy,42.4026,0.581,12.5974,54.51,60.0,18.0,55.0,0.9,0.004769,0.0
2026-06-01 08:15:00,3,Maize,Clay,65.0718,0.7794,-0.0718,14.22,75.0,30.0,65.0,1.0,0.006733,0.0
2026-06-01 08:16:00,1,Tomato,Loam,55.4977,0.6777,4.5023,22.5,70.0,25.0,60.0,0.7,0.005941,0.0
2026-06-01 08:16:00,2,Wheat,Sandy,42.4021,0.581,12.5979,54.51,60.0,18.0,55.0,0.9,0.004391,0.0
2026-06-01 08:16:00,3,Maize,Clay,65.0712,0.7794,-0.0712,14.22,75.0,30.0,65.0,1.0,0.006199,0.0
2026-06-01 08:17:00,1,Tomato,Loam,55.4968,0.6777,4.5032,22.5,70.0,25.0,60.0,0.7,0.005916,0.0
2026-06-01 08:17:00,2,Wheat,Sandy,42.4016,0.581,12.5984,54.51,60.0,18.0,55.0,0.9,0.004372,0.0
2026-06-01 08:17:00,3,Maize,Clay,65.0706,0.7793,-0.0706,14.21,75.0,30.0,65.0,1.0,0.006173,0.0
2026-06-01 08:18:00,1,Tomato,Loam,55.496,0.6777,4.504,22.5,70.0,25.0,60.0,0.7,0.005967,0.0
2026-06-01 08:18:00,2,Wheat,Sandy,42.4011,0.581,12.5989,54.52,60.0,18.0,55.0,0.9,0.004411,0.0
2026-06-01 08:18:00,3,Maize,Clay,65.0699,0.7793,-0.0699,14.21,75.0,30.0,65.0,1.0,0.006227,0.0
2026-06-01 08:19:00,1,Tomato,Loam,55.4951,0.6777,4.5049,22.5,70.0,25.0,60.0,0.7,0.006048,0.0
2026-06-01 08:19:00,2,Wheat,Sandy,42.4006,0.581,12.5994,54.52,60.0,18.0,55.0,0.9,0.00447,0.0
2026-06-01 08:19:00,3,Maize,Clay,65.0693,0.7793,-0.0693,14.21,75.0,30.0,65.0,1.0,0.006311,0.0
2026-06-01 08:20:00,1,Tomato,Loam,55.4942,0.6776,4.5058,22.53,70.0,25.0,60.0,0.7,0.006067,0.0
2026-06-01 08:20:00,2,Wheat,Sandy,42.4001,0.581,12.5999,54.52,60.0,18.0,55.0,0.9,0.004485,0.0
2026-06-01 08:20:00,3,Maize,Clay,65.0687,0.7793,-0.0687,14.21,75.0,30.0,65.0,1.0,0.006331,0.0
2026-06-01 08:21:00,1,Tomato,Loam,55.4933,0.6776,4.5067,22.53,70.0,25.0,60.0,0.7,0.006339,0.0
2026-06-01 08:21:00,2,Wheat,Sandy,42.3996,0.5809,12.6004,54.52,60.0,18.0,55.0,0.9,0.004685,0.0
2026-06-01 08:21:00,3,Maize,Clay,65.068,0.7793,-0.068,14.21,75.0,30.0,65.0,1.0,0.006614,0.0
2026-06-01 08:22:00,1,Tomato,Loam,55.4925,0.6776,4.5075,22.53,70.0,25.0,60.0,0.7,0.00598,0.0
2026-06-01 08:22:00,2,Wheat,Sandy,42.3991,0.5809,12.6009,54.53,60.0,18.0,55.0,0.9,0.00442,0.0
2026-06-01 08:22:00,3,Maize,Clay,65.0674,0.7793,-0.0674,14.21,75.0,30.0,65.0,1.0,0.00624,0.0
2026-06-01 08:23:00,1,Tomato,Loam,55.4916,0.6776,4.5084,22.53,70.0,25.0,60.0,0.7,0.005925,0.0
2026-06-01 08:23:00,2,Wheat,Sandy,42.3986,0.5809,12.6014,54.53,60.0,18.0,55.0,0.9,0.004379,0.0
2026-06-01 08:23:00,3,Maize,Clay,65.0668,0.7793,-0.0668,14.21,75.0,30.0,65.0,1.0,0.006182,0.0
2026-06-01 08:24:00,1,Tomato,Loam,55.4908,0.6776,4.5092,22.53,70.0,25.0,60.0,0.7,0.006177,0.0
2026-06-01 08:24:00,2,Wheat,Sandy,42.3981,0.5809,12.6019,54.53,60.0,18.0,55.0,0.9,0.004565,0.0
2026-06-01 08:24:00,3,Maize,Clay,65.0661,0.7792,-0.0661,14.21,75.0,30.0,65.0,1.0,0.006445,0.0
2026-06-01 08:25:00,1,Tomato,Loam,55.4899,0.6776,4.5101,22.53,70.0,25.0,60.0,0.7,0.00608,0.0
2026-06-01 08:25:00,2,Wheat,Sandy,42.3976,0.5809,12.6024,54.53,60.0,18.0,55.0,0.9,0.004494,0.0
2026-06-01 08:25:00,3,Maize,Clay,65.0655,0.7792,-0.0655,14.21,75.0,30.0,65.0,1.0,0.006344,0.0
2026-06-01 08:26:00,1,Tomato,Loam,55.489,0.6775,4.511,22.56,70.0,25.0,60.0,0.7,0.006425,0.0
2026-06-01 08:26:00,2,Wheat,Sandy,42.3971,0.5809,12.6029,54.53,60.0,18.0,55.0,0.9,0.004749,0.0
2026-06-01 08:26:00,3,Maize,Clay,65.0648,0.7792,-0.0648,14.21,75.0,30.0,65.0,1.0,0.006704,0.0
2026-06-01 08:27:00,1,Tomato,Loam,55.4881,0.6775,4.5119,22.56,70.0,25.0,60.0,0.7,0.00636,0.0
2026-06-01 08:27:00,2,Wheat,Sandy,42.3966,0.5809,12.6034,54.54,60.0,18.0,55.0,0.9,0.0047,0.0
2026-06-01 08:27:00,3,Maize,Clay,65.0642,0.7792,-0.0642,14.21,75.0,30.0,65.0,1.0,0.006636,0.0
2026-06-01 08:28:00,1,Tomato,Loam,55.4872,0.6775,4.5128,22.56,70.0,25.0,60.0,0.7,0.006341,0.0
2026-06-01 08:28:00,2,Wheat,Sandy,42.3961,0.5809,12.6039,54.54,60.0,18.0,55.0,0.9,0.004687,0.0
2026-06-01 08:28:00,3,Maize,Clay,65.0635,0.7792,-0.0635,14.21,75.0,30.0,65.0,1.0,0.006617,0.0
2026-06-01 08:29:00,1,Tomato,Loam,55.4862,0.6775,4.5138,22.56,70.0,25.0,60.0,0.7,0.007045,0.0
2026-06-01 08:29:00,2,Wheat,Sandy,42.3955,0.5808,12.6045,54.54,60.0,18.0,55.0,0.9,0.005207,0.0
2026-06-01 08:29:00,3,Maize,Clay,65.0628,0.7792,-0.0628,14.21,75.0,30.0,65.0,1.0,0.007351,0.0
2026-06-01 08:30:00,1,Tomato,Loam,55.4852,0.6774,4.5148,22.6,70.0,25.0,60.0,0.7,0.006621,0.0
2026-06-01 08:30:00,2,Wheat,Sandy,42.3949,0.5808,12.6051,54.54,60.0,18.0,55.0,0.9,0.004893,0.0
2026-06-01 08:30:00,3,Maize,Clay,65.0621,0.7792,-0.0621,14.21,75.0,30.0,65.0,1.0,0.006908,0.0
2026-06-01 08:31:00,1,Tomato,Loam,55.4842,0.6774,4.5158,22.6,70.0,25.0,60.0,0.7,0.006774,0.0
2026-06-01 08:31:00,2,Wheat,Sandy,42.3944,0.5808,12.6056,54.55,60.0,18.0,55.0,0.9,0.005006,0.0
2026-06-01 08:31:00,3,Maize,Clay,65.0614,0.7791,-0.0614,14.2,75.0,30.0,65.0,1.0,0.007068,0.0
2026-06-01 08:32:00,1,Tomato,Loam,55.4833,0.6774,4.5167,22.6,70.0,25.0,60.0,0.7,0.006391,0.0
2026-06-01 08:32:00,2,Wheat,Sandy,42.3939,0.5808,12.6061,54.55,60.0,18.0,55.0,0.9,0.004723,0.0
2026-06-01 08:32:00,3,Maize,Clay,65.0607,0.7791,-0.0607,14.2,75.0,30.0,65.0,1.0,0.006668,0.0
2026-06-01 08:33:00,1,Tomato,Loam,55.4824,0.6774,4.5176,22.6,70.0,25.0,60.0,0.7,0.006633,0.0
2026-06-01 08:33:00,2,Wheat,Sandy,42.3933,0.5808,12.6067,54.55,60.0,18.0,55.0,0.9,0.004903,0.0
2026-06-01 08:33:00,3,Maize,Clay,65.06,0.7791,-0.06,14.2,75.0,30.0,65.0,1.0,0.006922,0.0
2026-06-01 08:34:00,1,Tomato,Loam,55.4814,0.6774,4.5186,22.6,70.0,25.0,60.0,0.7,0.006871,0.0
2026-06-01 08:34:00,2,Wheat,Sandy,42.3927,0.5808,12.6073,54.55,60.0,18.0,55.0,0.9,0.005079,0.0
2026-06-01 08:34:00,3,Maize,Clay,65.0593,0.7791,-0.0593,14.2,75.0,30.0,65.0,1.0,0.00717,0.0
2026-06-01 08:35:00,1,Tomato,Loam,55.4805,0.6773,4.5195,22.63,70.0,25.0,60.0,0.7,0.006618,0.0
2026-06-01 08:35:00,2,Wheat,Sandy,42.3922,0.5808,12.6078,54.56,60.0,18.0,55.0,0.9,0.004892,0.0
2026-06-01 08:35:00,3,Maize,Clay,65.0586,0.7791,-0.0586,14.2,75.0,30.0,65.0,1.0,0.006906,0.0
2026-06-01 08:36:00,1,Tomato,Loam,55.4794,0.6773,4.5206,22.63,70.0,25.0,60.0,0.7,0.00712,0.0
2026-06-01 08:36:00,2,Wheat,Sandy,42.3916,0.5808,12.6084,54.56,60.0,18.0,55.0,0.9,0.005262,0.0
2026-06-01 08:36:00,3,Maize,Clay,65.0579,0.7791,-0.0579,14.2,75.0,30.0,65.0,1.0,0.007429,0.0
2026-06-01 08:37:00,1,Tomato,Loam,55.4785,0.6773,4.5215,22.63,70.0,25.0,60.0,0.7,0.006639,0.0
2026-06-01 08:37:00,2,Wheat,Sandy,42.3911,0.5807,12.6089,54.56,60.0,18.0,55.0,0.9,0.004907,0.0
2026-06-01 08:37:00,3,Maize,Clay,65.0572,0.779,-0.0572,14.2,75.0,30.0,65.0,1.0,0.006928,0.0
2026-06-01 08:38:00,1,Tomato,Loam,55.4775,0.6773,4.5225,22.63,70.0,25.0,60.0,0.7,0.006882,0.0
2026-06-01 08:38:00,2,Wheat,Sandy,42.3905,0.5807,12.6095,54.56,60.0,18.0,55.0,0.9,0.005086,0.0
2026-06-01 08:38:00,3,Maize,Clay,65.0565,0.779,-0.0565,14.2,75.0,30.0,65.0,1.0,0.007181,0.0
2026-06-01 08:39:00,1,Tomato,Loam,55.4765,0.6773,4.5235,22.63,70.0,25.0,60.0,0.7,0.006885,0.0
2026-06-01 08:39:00,2,Wheat,Sandy,42.3899,0.5807,12.6101,54.57,60.0,18.0,55.0,0.9,0.005089,0.0
2026-06-01 08:39:00,3,Maize,Clay,65.0557,0.779,-0.0557,14.2,75.0,30.0,65.0,1.0,0.007184,0.0
2026-06-01 08:40:00,1,Tomato,Loam,55.4755,0.6772,4.5245,22.66,70.0,25.0,60.0,0.7,0.006953,0.0
2026-06-01 08:40:00,2,Wheat,Sandy,42.3894,0.5807,12.6106,54.57,60.0,18.0,55.0,0.9,0.005139,0.0
2026-06-01 08:40:00,3,Maize,Clay,65.055,0.779,-0.055,14.2,75.0,30.0,65.0,1.0,0.007255,0.0
2026-06-01 08:41:00,1,Tomato,Loam,55.4745,0.6772,4.5255,22.66,70.0,25.0,60.0,0.7,0.006867,0.0
2026-06-01 08:41:00,2,Wheat,Sandy,42.3888,0.5807,12.6112,54.57,60.0,18.0,55.0,0.9,0.005075,0.0
2026-06-01 08:41:00,3,Maize,Clay,65.0543,0.779,-0.0543,14.2,75.0,30.0,65.0,1.0,0.007165,0.0
2026-06-01 08:42:00,1,Tomato,Loam,55.4735,0.6772,4.5265,22.66,70.0,25.0,60.0,0.7,0.00711,0.0
2026-06-01 08:42:00,2,Wheat,Sandy,42.3882,0.5807,12.6118,54.57,60.0,18.0,55.0,0.9,0.005256,0.0
2026-06-01 08:42:00,3,Maize,Clay,65.0535,0.779,-0.0535,14.2,75.0,30.0,65.0,1.0,0.00742,0.0
2026-06-01 08:43:00,1,Tomato,Loam,55.4725,0.6772,4.5275,22.66,70.0,25.0,60.0,0.7,0.007049,0.0
2026-06-01 08:43:00,2,Wheat,Sandy,42.3876,0.5807,12.6124,54.58,60.0,18.0,55.0,0.9,0.00521,0.0
2026-06-01 08:43:00,3,Maize,Clay,65.0528,0.779,-0.0528,14.2,75.0,30.0,65.0,1.0,0.007356,0.0
2026-06-01 08:44:00,1,Tomato,Loam,55.4715,0.6771,4.5285,22.69,70.0,25.0,60.0,0.7,0.007061,0.0
2026-06-01 08:44:00,2,Wheat,Sandy,42.3871,0.5806,12.6129,54.58,60.0,18.0,55.0,0.9,0.005219,0.0
2026-06-01 08:44:00,3,Maize,Clay,65.0521,0.7789,-0.0521,14.2,75.0,30.0,65.0,1.0,0.007368,0.0
2026-06-01 08:45:00,1,Tomato,Loam,55.4705,0.6771,4.5295,22.69,70.0,25.0,60.0,0.7,0.007229,0.0
2026-06-01 08:45:00,2,Wheat,Sandy,42.3865,0.5806,12.6135,54.58,60.0,18.0,55.0,0.9,0.005343,0.0
2026-06-01 08:45:00,3,Maize,Clay,65.0513,0.7789,-0.0513,14.2,75.0,30.0,65.0,1.0,0.007543,0.0
2026-06-01 08:46:00,1,Tomato,Loam,55.4694,0.6771,4.5306,22.69,70.0,25.0,60.0,0.7,0.007258,0.0
2026-06-01 08:46:00,2,Wheat,Sandy,42.3859,0.5806,12.6141,54.58,60.0,18.0,55.0,0.9,0.005364,0.0
2026-06-01 08:46:00,3,Maize,Clay,65.0506,0.7789,-0.0506,14.2,75.0,30.0,65.0,1.0,0.007573,0.0
2026-06-01 08:47:00,1,Tomato,Loam,55.4684,0.6771,4.5316,22.69,70.0,25.0,60.0,0.7,0.007159,0.0
2026-06-01 08:47:00,2,Wheat,Sandy,42.3853,0.5806,12.6147,54.59,60.0,18.0,55.0,0.9,0.005291,0.0
2026-06-01 08:47:00,3,Maize,Clay,65.0498,0.7789,-0.0498,14.2,75.0,30.0,65.0,1.0,0.00747,0.0
2026-06-01 08:48:00,1,Tomato,Loam,55.4674,0.6771,4.5326,22.69,70.0,25.0,60.0,0.7,0.007204,0.0
2026-06-01 08:48:00,2,Wheat,Sandy,42.3847,0.5806,12.6153,54.59,60.0,18.0,55.0,0.9,0.005324,0.0
2026-06-01 08:48:00,3,Maize,Clay,65.0491,0.7789,-0.0491,14.2,75.0,30.0,65.0,1.0,0.007517,0.0
2026-06-01 08:49:00,1,Tomato,Loam,55.4663,0.677,4.5337,22.73,70.0,25.0,60.0,0.7,0.007531,0.0
2026-06-01 08:49:00,2,Wheat,Sandy,42.3841,0.5806,12.6159,54.59,60.0,18.0,55.0,0.9,0.005567,0.0
2026-06-01 08:49:00,3,Maize,Clay,65.0483,0.7789,-0.0483,14.2,75.0,30.0,65.0,1.0,0.007859,0.0
2026-06-01 08:50:00,1,Tomato,Loam,55.4653,0.677,4.5347,22.73,70.0,25.0,60.0,0.7,0.007328,0.0
2026-06-01 08:50:00,2,Wheat,Sandy,42.3835,0.5806,12.6165,54.59,60.0,18.0,55.0,0.9,0.005416,0.0
2026-06-01 08:50:00,3,Maize,Clay,65.0475,0.7788,-0.0475,14.19,75.0,30.0,65.0,1.0,0.007646,0.0
2026-06-01 08:51:00,1,Tomato,Loam,55.4642,0.677,4.5358,22.73,70.0,25.0,60.0,0.7,0.007316,0.0
2026-06-01 08:51:00,2,Wheat,Sandy,42.3829,0.5805,12.6171,54.6,60.0,18.0,55.0,0.9,0.005408,0.0
2026-06-01 08:51:00,3,Maize,Clay,65.0467,0.7788,-0.0467,14.19,75.0,30.0,65.0,1.0,0.007634,0.0
2026-06-01 08:52:00,1,Tomato,Loam,55.4632,0.677,4.5368,22.73,70.0,25.0,60.0,0.7,0.007338,0.0
2026-06-01 08:52:00,2,Wheat,Sandy,42.3823,0.5805,12.6177,54.6,60.0,18.0,55.0,0.9,0.005424,0.0
2026-06-01 08:52:00,3,Maize,Clay,65.046,0.7788,-0.046,14.19,75.0,30.0,65.0,1.0,0.007657,0.0
2026-06-01 08:53:00,1,Tomato,Loam,55.4621,0.6769,4.5379,22.76,70.0,25.0,60.0,0.7,0.007903,0.0
2026-06-01 08:53:00,2,Wheat,Sandy,42.3816,0.5805,12.6184,54.6,60.0,18.0,55.0,0.9,0.005841,0.0
2026-06-01 08:53:00,3,Maize,Clay,65.0452,0.7788,-0.0452,14.19,75.0,30.0,65.0,1.0,0.008246,0.0
2026-06-01 08:54:00,1,Tomato,Loam,55.461,0.6769,4.539,22.76,70.0,25.0,60.0,0.7,0.007166,0.0
2026-06-01 08:54:00,2,Wheat,Sandy,42.381,0.5805,12.619,54.61,60.0,18.0,55.0,0.9,0.005296,0.0
2026-06-01 08:54:00,3,Maize,Clay,65.0444,0.7788,-0.0444,14.19,75.0,30.0,65.0,1.0,0.007477,0.0
2026-06-01 08:55:00,1,Tomato,Loam,55.4599,0.6769,4.5401,22.76,70.0,25.0,60.0,0.7,0.007662,0.0
2026-06-01 08:55:00,2,Wheat,Sandy,42.3804,0.5805,12.6196,54.61,60.0,18.0,55.0,0.9,0.005664,0.0
2026-06-01 08:55:00,3,Maize,Clay,65.0436,0.7787,-0.0436,14.19,75.0,30.0,65.0,1.0,0.007996,0.0
2026-06-01 08:56:00,1,Tomato,Loam,55.4589,0.6769,4.5411,22.76,70.0,25.0,60.0,0.7,0.007173,0.0
2026-06-01 08:56:00,2,Wheat,Sandy,42.3798,0.5805,12.6202,54.61,60.0,18.0,55.0,0.9,0.005301,0.0
2026-06-01 08:56:00,3,Maize,Clay,65.0429,0.7787,-0.0429,14.19,75.0,30.0,65.0,1.0,0.007484,0.0
2026-06-01 08:57:00,1,Tomato,Loam,55.4578,0.6768,4.5422,22.79,70.0,25.0,60.0,0.7,0.007691,0.0
2026-06-01 08:57:00,2,Wheat,Sandy,42.3792,0.5805,12.6208,54.61,60.0,18.0,55.0,0.9,0.005685,0.0
2026-06-01 08:57:00,3,Maize,Clay,65.0421,0.7787,-0.0421,14.19,75.0,30.0,65.0,1.0,0.008026,0.0
2026-06-01 08:58:00,1,Tomato,Loam,55.4567,0.6768,4.5433,22.79,70.0,25.0,60.0,0.7,0.007879,0.0
2026-06-01 08:58:00,2,Wheat,Sandy,42.3785,0.5804,12.6215,54.62,60.0,18.0,55.0,0.9,0.005823,0.0
2026-06-01 08:58:00,3,Maize,Clay,65.0412,0.7787,-0.0412,14.19,75.0,30.0,65.0,1.0,0.008221,0.0
2026-06-01 08:59:00,1,Tomato,Loam,55.4556,0.6768,4.5444,22.79,70.0,25.0,60.0,0.7,0.007716,0.0
2026-06-01 08:59:00,2,Wheat,Sandy,42.3779,0.5804,12.6221,54.62,60.0,18.0,55.0,0.9,0.005703,0.0
2026-06-01 08:59:00,3,Maize,Clay,65.0404,0.7787,-0.0404,14.19,75.0,30.0,65.0,1.0,0.008052,0.0
2026-06-01 09:00:00,1,Tomato,Loam,55.4545,0.6768,4.5455,22.79,70.0,25.0,60.0,0.7,0.007726,0.0
2026-06-01 09:00:00,2,Wheat,Sandy,42.3773,0.5804,12.6227,54.62,60.0,18.0,55.0,0.9,0.00571,0.0
2026-06-01 09:00:00,3,Maize,Clay,65.0396,0.7787,-0.0396,14.19,75.0,30.0,65.0,1.0,0.008062,0.0
2026-06-01 09:01:00,1,Tomato,Loam,55.4534,0.6767,4.5466,22.82,70.0,25.0,60.0,0.7,0.007556,0.0
2026-06-01 09:01:00,2,Wheat,Sandy,42.3766,0.5804,12.6234,54.63,60.0,18.0,55.0,0.9,0.005584,0.0
2026-06-01 09:01:00,3,Maize,Clay,65.0388,0.7786,-0.0388,14.18,75.0,30.0,65.0,1.0,0.007884,0.0
2026-06-01 09:02:00,1,Tomato,Loam,55.4523,0.6767,4.5477,22.82,70.0,25.0,60.0,0.7,0.007741,0.0
2026-06-01 09:02:00,2,Wheat,Sandy,42.376,0.5804,12.624,54.63,60.0,18.0,55.0,0.9,0.005721,0.0
2026-06-01 09:02:00,3,Maize,Clay,65.038,0.7786,-0.038,14.18,75.0,30.0,65.0,1.0,0.008077,0.0
2026-06-01 09:03:00,1,Tomato,Loam,55.4512,0.6767,4.5488,22.82,70.0,25.0,60.0,0.7,0.007744,0.0
2026-06-01 09:03:00,2,Wheat,Sandy,42.3754,0.5804,12.6246,54.63,60.0,18.0,55.0,0.9,0.005724,0.0
2026-06-01 09:03:00,3,Maize,Clay,65.0372,0.7786,-0.0372,14.18,75.0,30.0,65.0,1.0,0.008081,0.0
2026-06-01 09:04:00,1,Tomato,Loam,55.4501,0.6767,4.5499,22.82,70.0,25.0,60.0,0.7,0.007634,0.0
2026-06-01 09:04:00,2,Wheat,Sandy,42.3748,0.5804,12.6252,54.63,60.0,18.0,55.0,0.9,0.005642,0.0
2026-06-01 09:04:00,3,Maize,Clay,65.0364,0.7786,-0.0364,14.18,75.0,30.0,65.0,1.0,0.007966,0.0
2026-06-01 09:05:00,1,Tomato,Loam,55.449,0.6766,4.551,22.86,70.0,25.0,60.0,0.7,0.007795,0.0
2026-06-01 09:05:00,2,Wheat,Sandy,42.3741,0.5803,12.6259,54.64,60.0,18.0,55.0,0.9,0.005761,0.0
2026-06-01 09:05:00,3,Maize,Clay,65.0356,0.7786,-0.0356,14.18,75.0,30.0,65.0,1.0,0.008134,0.0
2026-06-01 09:06:00,1,Tomato,Loam,55.4478,0.6766,4.5522,22.86,70.0,25.0,60.0,0.7,0.007989,0.0
2026-06-01 09:06:00,2,Wheat,Sandy,42.3735,0.5803,12.6265,54.64,60.0,18.0,55.0,0.9,0.005905,0.0
2026-06-01 09:06:00,3,Maize,Clay,65.0348,0.7786,-0.0348,14.18,75.0,30.0,65.0,1.0,0.008336,0.0
2026-06-01 09:07:00,1,Tomato,Loam,55.4467,0.6766,4.5533,22.86,70.0,25.0,60.0,0.7,0.007733,0.0
2026-06-01 09:07:00,2,Wheat,Sandy,42.3728,0.5803,12.6272,54.64,60.0,18.0,55.0,0.9,0.005715,0.0
2026-06-01 09:07:00,3,Maize,Clay,65.034,0.7785,-0.034,14.18,75.0,30.0,65.0,1.0,0.008069,0.0
2026-06-01 09:08:00,1,Tomato,Loam,55.4456,0.6766,4.5544,22.86,70.0,25.0,60.0,0.7,0.007719,0.0
2026-06-01 09:08:00,2,Wheat,Sandy,42.3722,0.5803,12.6278,54.64,60.0,18.0,55.0,0.9,0.005705,0.0
2026-06-01 09:08:00,3,Maize,Clay,65.0332,0.7785,-0.0332,14.18,75.0,30.0,65.0,1.0,0.008054,0.0
2026-06-01 09:09:00,1,Tomato,Loam,55.4445,0.6765,4.5555,22.89,70.0,25.0,60.0,0.7,0.007721,0.0
2026-06-01 09:09:00,2,Wheat,Sandy,42.3716,0.5803,12.6284,54.65,60.0,18.0,55.0,0.9,0.005707,0.0
2026-06-01 09:09:00,3,Maize,Clay,65.0323,0.7785,-0.0323,14.18,75.0,30.0,65.0,1.0,0.008057,0.0
2026-06-01 09:10:00,1,Tomato,Loam,55.4434,0.6765,4.5566,22.89,70.0,25.0,60.0,0.7,0.008234,0.0
2026-06-01 09:10:00,2,Wheat,Sandy,42.3709,0.5803,12.6291,54.65,60.0,18.0,55.0,0.9,0.006086,0.0
2026-06-01 09:10:00,3,Maize,Clay,65.0315,0.7785,-0.0315,14.18,75.0,30.0,65.0,1.0,0.008592,0.0
2026-06-01 09:11:00,1,Tomato,Loam,55.4422,0.6765,4.5578,22.89,70.0,25.0,60.0,0.7,0.0082,0.0
2026-06-01 09:11:00,2,Wheat,Sandy,42.3702,0.5802,12.6298,54.65,60.0,18.0,55.0,0.9,0.00606,0.0
2026-06-01 09:11:00,3,Maize,Clay,65.0306,0.7785,-0.0306,14.18,75.0,30.0,65.0,1.0,0.008556,0.0
2026-06-01 09:12:00,1,Tomato,Loam,55.441,0.6765,4.559,22.89,70.0,25.0,60.0,0.7,0.008246,0.0
2026-06-01 09:12:00,2,Wheat,Sandy,42.3695,0.5802,12.6305,54.66,60.0,18.0,55.0,0.9,0.006094,0.0
2026-06-01 09:12:00,3,Maize,Clay,65.0298,0.7784,-0.0298,14.18,75.0,30.0,65.0,1.0,0.008604,0.0
2026-06-01 09:13:00,1,Tomato,Loam,55.4398,0.6764,4.5602,22.92,70.0,25.0,60.0,0.7,0.008516,0.0
2026-06-01 09:13:00,2,Wheat,Sandy,42.3688,0.5802,12.6312,54.66,60.0,18.0,55.0,0.9,0.006294,0.0
2026-06-01 09:13:00,3,Maize,Clay,65.0289,0.7784,-0.0289,14.18,75.0,30.0,65.0,1.0,0.008886,0.0
2026-06-01 09:14:00,1,Tomato,Loam,55.4386,0.6764,4.5614,22.92,70.0,25.0,60.0,0.7,0.008272,0.0
2026-06-01 09:14:00,2,Wheat,Sandy,42.3681,0.5802,12.6319,54.66,60.0,18.0,55.0,0.9,0.006114,0.0
2026-06-01 09:14:00,3,Maize,Clay,65.028,0.7784,-0.028,14.18,75.0,30.0,65.0,1.0,0.008632,0.0
2026-06-01 09:15:00,1,Tomato,Loam,55.4374,0.6764,4.5626,22.92,70.0,25.0,60.0,0.7,0.00831,0.0
2026-06-01 09:15:00,2,Wheat,Sandy,42.3675,0.5802,12.6325,54.67,60.0,18.0,55.0,0.9,0.006142,0.0
2026-06-01 09:15:00,3,Maize,Clay,65.0271,0.7784,-0.0271,14.18,75.0,30.0,65.0,1.0,0.008671,0.0
2026-06-01 09:16:00,1,Tomato,Loam,55.4363,0.6764,4.5637,22.92,70.0,25.0,60.0,0.7,0.008277,0.0
2026-06-01 09:16:00,2,Wheat,Sandy,42.3668,0.5802,12.6332,54.67,60.0,18.0,55.0,0.9,0.006117,0.0
2026-06-01 09:16:00,3,Maize,Clay,65.0263,0.7784,-0.0263,14.18,75.0,30.0,65.0,1.0,0.008636,0.0
2026-06-01 09:17:00,1,Tomato,Loam,55.4351,0.6763,4.5649,22.96,70.0,25.0,60.0,0.7,0.008205,0.0
2026-06-01 09:17:00,2,Wheat,Sandy,42.3661,0.5801,12.6339,54.67,60.0,18.0,55.0,0.9,0.006065,0.0
2026-06-01 09:17:00,3,Maize,Clay,65.0254,0.7783,-0.0254,14.17,75.0,30.0,65.0,1.0,0.008562,0.0
2026-06-01 09:18:00,1,Tomato,Loam,55.4339,0.6763,4.5661,22.96,70.0,25.0,60.0,0.7,0.008139,0.0
2026-06-01 09:18:00,2,Wheat,Sandy,42.3654,0.5801,12.6346,54.67,60.0,18.0,55.0,0.9,0.006015,0.0
2026-06-01 09:18:00,3,Maize,Clay,65.0246,0.7783,-0.0246,14.17,75.0,30.0,65.0,1.0,0.008492,0.0
2026-06-01 09:19:00,1,Tomato,Loam,55.4327,0.6763,4.5673,22.96,70.0,25.0,60.0,0.7,0.008856,0.0
2026-06-01 09:19:00,2,Wheat,Sandy,42.3647,0.5801,12.6353,54.68,60.0,18.0,55.0,0.9,0.006546,0.0
2026-06-01 09:19:00,3,Maize,Clay,65.0236,0.7783,-0.0236,14.17,75.0,30.0,65.0,1.0,0.009241,0.0
2026-06-01 09:20:00,1,Tomato,Loam,55.4315,0.6763,4.5685,22.96,70.0,25.0,60.0,0.7,0.008273,0.0
2026-06-01 09:20:00,2,Wheat,Sandy,42.364,0.5801,12.636,54.68,60.0,18.0,55.0,0.9,0.006115,0.0
2026-06-01 09:20:00,3,Maize,Clay,65.0228,0.7783,-0.0228,14.17,75.0,30.0,65.0,1.0,0.008633,0.0
2026-06-01 09:21:00,1,Tomato,Loam,55.4303,0.6762,4.5697,22.99,70.0,25.0,60.0,0.7,0.008285,0.0
2026-06-01 09:21:00,2,Wheat,Sandy,42.3634,0.5801,12.6366,54.68,60.0,18.0,55.0,0.9,0.006123,0.0
2026-06-01 09:21:00,3,Maize,Clay,65.0219,0.7783,-0.0219,14.17,75.0,30.0,65.0,1.0,0.008645,0.0
2026-06-01 09:22:00,1,Tomato,Loam,55.4291,0.6762,4.5709,22.99,70.0,25.0,60.0,0.7,0.008599,0.0
2026-06-01 09:22:00,2,Wheat,Sandy,42.3627,0.5801,12.6373,54.69,60.0,18.0,55.0,0.9,0.006355,0.0
2026-06-01 09:22:00,3,Maize,Clay,65.021,0.7782,-0.021,14.17,75.0,30.0,65.0,1.0,0.008972,0.0
2026-06-01 09:23:00,1,Tomato,Loam,55.4278,0.6762,4.5722,22.99,70.0,25.0,60.0,0.7,0.008549,0.0
2026-06-01 09:23:00,2,Wheat,Sandy,42.362,0.58,12.638,54.69,60.0,18.0,55.0,0.9,0.006319,0.0
2026-06-01 09:23:00,3,Maize,Clay,65.0201,0.7782,-0.0201,14.17,75.0,30.0,65.0,1.0,0.008921,0.0
2026-06-01 09:24:00,1,Tomato,Loam,55.4267,0.6761,4.5733,23.02,70.0,25.0,60.0,0.7,0.008209,0.0
2026-06-01 09:24:00,2,Wheat,Sandy,42.3613,0.58,12.6387,54.69,60.0,18.0,55.0,0.9,0.006067,0.0
2026-06-01 09:24:00,3,Maize,Clay,65.0193,0.7782,-0.0193,14.17,75.0,30.0,65.0,1.0,0.008566,0.0
2026-06-01 09:25:00,1,Tomato,Loam,55.4254,0.6761,4.5746,23.02,70.0,25.0,60.0,0.7,0.008896,0.0
2026-06-01 09:25:00,2,Wheat,Sandy,42.3605,0.58,12.6395,54.7,60.0,18.0,55.0,0.9,0.006576,0.0
2026-06-01 09:25:00,3,Maize,Clay,65.0184,0.7782,-0.0184,14.17,75.0,30.0,65.0,1.0,0.009283,0.0
2026-06-01 09:26:00,1,Tomato,Loam,55.4242,0.6761,4.5758,23.02,70.0,25.0,60.0,0.7,0.008578,0.0
2026-06-01 09:26:00,2,Wheat,Sandy,42.3598,0.58,12.6402,54.7,60.0,18.0,55.0,0.9,0.00634,0.0
2026-06-01 09:26:00,3,Maize,Clay,65.0175,0.7782,-0.0175,14.17,75.0,30.0,65.0,1.0,0.008951,0.0
2026-06-01 09:27:00,1,Tomato,Loam,55.423,0.6761,4.577,23.02,70.0,25.0,60.0,0.7,0.00827,0.0
2026-06-01 09:27:00,2,Wheat,Sandy,42.3592,0.58,12.6408,54.7,60.0,18.0,55.0,0.9,0.006112,0.0
2026-06-01 09:27:00,3,Maize,Clay,65.0166,0.7781,-0.0166,14.16,75.0,30.0,65.0,1.0,0.008629,0.0
2026-06-01 09:28:00,1,Tomato,Loam,55.4217,0.676,4.5783,23.05,70.0,25.0,60.0,0.7,0.00901,0.0
2026-06-01 09:28:00,2,Wheat,Sandy,42.3584,0.58,12.6416,54.71,60.0,18.0,55.0,0.9,0.00666,0.0
2026-06-01 09:28:00,3,Maize,Clay,65.0156,0.7781,-0.0156,14.16,75.0,30.0,65.0,1.0,0.009402,0.0
2026-06-01 09:29:00,1,Tomato,Loam,55.4204,0.676,4.5796,23.05,70.0,25.0,60.0,0.7,0.008827,0.0
2026-06-01 09:29:00,2,Wheat,Sandy,42.3577,0.5799,12.6423,54.71,60.0,18.0,55.0,0.9,0.006525,0.0
2026-06-01 09:29:00,3,Maize,Clay,65.0147,0.7781,-0.0147,14.16,75.0,30.0,65.0,1.0,0.009211,0.0
2026-06-01 09:30:00,1,Tomato,Loam,55.4192,0.676,4.5808,23.05,70.0,25.0,60.0,0.7,0.008387,0.0
2026-06-01 09:30:00,2,Wheat,Sandy,42.357,0.5799,12.643,54.71,60.0,18.0,55.0,0.9,0.006199,0.0
2026-06-01 09:30:00,3,Maize,Clay,65.0139,0.7781,-0.0139,14.16,75.0,30.0,65.0,1.0,0.008752,0.0
2026-06-01 09:31:00,1,Tomato,Loam,55.4179,0.676,4.5821,23.05,70.0,25.0,60.0,0.7,0.009261,0.0
2026-06-01 09:31:00,2,Wheat,Sandy,42.3563,0.5799,12.6437,54.71,60.0,18.0,55.0,0.9,0.006845,0.0
2026-06-01 09:31:00,3,Maize,Clay,65.0129,0.7781,-0.0129,14.16,75.0,30.0,65.0,1.0,0.009664,0.0
2026-06-01 09:32:00,1,Tomato,Loam,55.4166,0.6759,4.5834,23.09,70.0,25.0,60.0,0.7,0.008993,0.0
2026-06-01 09:32:00,2,Wheat,Sandy,42.3555,0.5799,12.6445,54.72,60.0,18.0,55.0,0.9,0.006647,0.0
2026-06-01 09:32:00,3,Maize,Clay,65.0119,0.778,-0.0119,14.16,75.0,30.0,65.0,1.0,0.009384,0.0
2026-06-01 09:33:00,1,Tomato,Loam,55.4154,0.6759,4.5846,23.09,70.0,25.0,60.0,0.7,0.00882,0.0
2026-06-01 09:33:00,2,Wheat,Sandy,42.3548,0.5799,12.6452,54.72,60.0,18.0,55.0,0.9,0.006519,0.0
2026-06-01 09:33:00,3,Maize,Clay,65.011,0.778,-0.011,14.16,75.0,30.0,65.0,1.0,0.009204,0.0
2026-06-01 09:34:00,1,Tomato,Loam,55.414,0.6759,4.586,23.09,70.0,25.0,60.0,0.7,0.009287,0.0
2026-06-01 09:34:00,2,Wheat,Sandy,42.354,0.5799,12.646,54.73,60.0,18.0,55.0,0.9,0.006865,0.0
2026-06-01 09:34:00,3,Maize,Clay,65.0101,0.778,-0.0101,14.16,75.0,30.0,65.0,1.0,0.009691,0.0
2026-06-01 09:35:00,1,Tomato,Loam,55.4128,0.6758,4.5872,23.12,70.0,25.0,60.0,0.7,0.008907,0.0
2026-06-01 09:35:00,2,Wheat,Sandy,42.3533,0.5798,12.6467,54.73,60.0,18.0,55.0,0.9,0.006583,0.0
2026-06-01 09:35:00,3,Maize,Clay,65.0091,0.778,-0.0091,14.16,75.0,30.0,65.0,1.0,0.009294,0.0
2026-06-01 09:36:00,1,Tomato,Loam,55.4115,0.6758,4.5885,23.12,70.0,25.0,60.0,0.7,0.008978,0.0
2026-06-01 09:36:00,2,Wheat,Sandy,42.3526,0.5798,12.6474,54.73,60.0,18.0,55.0,0.9,0.006636,0.0
2026-06-01 09:36:00,3,Maize,Clay,65.0082,0.778,-0.0082,14.16,75.0,30.0,65.0,1.0,0.009368,0.0
2026-06-01 09:37:00,1,Tomato,Loam,55.4102,0.6758,4.5898,23.12,70.0,25.0,60.0,0.7,0.00873,0.0
2026-06-01 09:37:00,2,Wheat,Sandy,42.3518,0.5798,12.6482,54.73,60.0,18.0,55.0,0.9,0.006452,0.0
2026-06-01 09:37:00,3,Maize,Clay,65.0073,0.7779,-0.0073,14.16,75.0,30.0,65.0,1.0,0.009109,0.0
2026-06-01 09:38:00,1,Tomato,Loam,55.409,0.6758,4.591,23.12,70.0,25.0,60.0,0.7,0.008971,0.0
2026-06-01 09:38:00,2,Wheat,Sandy,42.3511,0.5798,12.6489,54.74,60.0,18.0,55.0,0.9,0.006631,0.0
2026-06-01 09:38:00,3,Maize,Clay,65.0063,0.7779,-0.0063,14.16,75.0,30.0,65.0,1.0,0.009361,0.0
2026-06-01 09:39:00,1,Tomato,Loam,55.4077,0.6757,4.5923,23.15,70.0,25.0,60.0,0.7,0.009018,0.0
2026-06-01 09:39:00,2,Wheat,Sandy,42.3504,0.5798,12.6496,54.74,60.0,18.0,55.0,0.9,0.006666,0.0
2026-06-01 09:39:00,3,Maize,Clay,65.0054,0.7779,-0.0054,14.16,75.0,30.0,65.0,1.0,0.00941,0.0
2026-06-01 09:40:00,1,Tomato,Loam,55.4064,0.6757,4.5936,23.15,70.0,25.0,60.0,0.7,0.008898,0.0
2026-06-01 09:40:00,2,Wheat,Sandy,42.3496,0.5798,12.6504,54.74,60.0,18.0,55.0,0.9,0.006576,0.0
2026-06-01 09:40:00,3,Maize,Clay,65.0045,0.7779,-0.0045,14.16,75.0,30.0,65.0,1.0,0.009284,0.0
2026-06-01 09:41:00,1,Tomato,Loam,55.4051,0.6757,4.5949,23.15,70.0,25.0,60.0,0.7,0.008762,0.0
2026-06-01 09:41:00,2,Wheat,Sandy,42.3489,0.5797,12.6511,54.75,60.0,18.0,55.0,0.9,0.006476,0.0
2026-06-01 09:41:00,3,Maize,Clay,65.0035,0.7779,-0.0035,14.16,75.0,30.0,65.0,1.0,0.009143,0.0
2026-06-01 09:42:00,1,Tomato,Loam,55.4039,0.6756,4.5961,23.18,70.0,25.0,60.0,0.7,0.009037,0.0
2026-06-01 09:42:00,2,Wheat,Sandy,42.3482,0.5797,12.6518,54.75,60.0,18.0,55.0,0.9,0.006679,0.0
2026-06-01 09:42:00,3,Maize,Clay,65.0026,0.7778,-0.0026,14.15,75.0,30.0,65.0,1.0,0.00943,0.0
2026-06-01 09:43:00,1,Tomato,Loam,55.4026,0.6756,4.5974,23.18,70.0,25.0,60.0,0.7,0.008984,0.0
2026-06-01 09:43:00,2,Wheat,Sandy,42.3474,0.5797,12.6526,54.75,60.0,18.0,55.0,0.9,0.00664,0.0
2026-06-01 09:43:00,3,Maize,Clay,65.0017,0.7778,-0.0017,14.15,75.0,30.0,65.0,1.0,0.009374,0.0
2026-06-01 09:44:00,1,Tomato,Loam,55.4013,0.6756,4.5987,23.18,70.0,25.0,60.0,0.7,0.008726,0.0
2026-06-01 09:44:00,2,Wheat,Sandy,42.3467,0.5797,12.6533,54.76,60.0,18.0,55.0,0.9,0.00645,0.0
2026-06-01 09:44:00,3,Maize,Clay,65.0008,0.7778,-0.0008,14.15,75.0,30.0,65.0,1.0,0.009106,0.0
2026-06-01 09:45:00,1,Tomato,Loam,55.4001,0.6756,4.5999,23.18,70.0,25.0,60.0,0.7,0.008778,0.0
2026-06-01 09:45:00,2,Wheat,Sandy,42.346,0.5797,12.654,54.76,60.0,18.0,55.0,0.9,0.006488,0.0
2026-06-01 09:45:00,3,Maize,Clay,64.9998,0.7778,0.0002,14.15,75.0,30.0,65.0,1.0,0.00916,0.0
2026-06-01 09:46:00,1,Tomato,Loam,55.3988,0.6755,4.6012,23.22,70.0,25.0,60.0,0.7,0.009133,0.0
2026-06-01 09:46:00,2,Wheat,Sandy,42.3452,0.5796,12.6548,54.76,60.0,18.0,55.0,0.9,0.006751,0.0
2026-06-01 09:46:00,3,Maize,Clay,64.9989,0.7778,0.0011,14.15,75.0,30.0,65.0,1.0,0.00953,0.0
2026-06-01 09:47:00,1,Tomato,Loam,55.3975,0.6755,4.6025,23.22,70.0,25.0,60.0,0.7,0.008602,0.0
2026-06-01 09:47:00,2,Wheat,Sandy,42.3445,0.5796,12.6555,54.77,60.0,18.0,55.0,0.9,0.006358,0.0
2026-06-01 09:47:00,3,Maize,Clay,64.998,0.7777,0.002,14.15,75.0,30.0,65.0,1.0,0.008976,0.0
2026-06-01 09:48:00,1,Tomato,Loam,55.3962,0.6755,4.6038,23.22,70.0,25.0,60.0,0.7,0.009236,0.0
2026-06-01 09:48:00,2,Wheat,Sandy,42.3438,0.5796,12.6562,54.77,60.0,18.0,55.0,0.9,0.006826,0.0
2026-06-01 09:48:00,3,Maize,Clay,64.997,0.7777,0.003,14.15,75.0,30.0,65.0,1.0,0.009637,0.0
2026-06-01 09:49:00,1,Tomato,Loam,55.3949,0.6754,4.6051,23.25,70.0,25.0,60.0,0.7,0.009177,0.0
2026-06-01 09:49:00,2,Wheat,Sandy,42.343,0.5796,12.657,54.77,60.0,18.0,55.0,0.9,0.006783,0.0
2026-06-01 09:49:00,3,Maize,Clay,64.9961,0.7777,0.0039,14.15,75.0,30.0,65.0,1.0,0.009576,0.0
2026-06-01 09:50:00,1,Tomato,Loam,55.3935,0.6754,4.6065,23.25,70.0,25.0,60.0,0.7,0.009552,0.0
2026-06-01 09:50:00,2,Wheat,Sandy,42.3422,0.5796,12.6578,54.78,60.0,18.0,55.0,0.9,0.00706,0.0
2026-06-01 09:50:00,3,Maize,Clay,64.9951,0.7777,0.0049,14.15,75.0,30.0,65.0,1.0,0.009967,0.0
2026-06-01 09:51:00,1,Tomato,Loam,55.3922,0.6754,4.6078,23.25,70.0,25.0,60.0,0.7,0.009177,0.0
2026-06-01 09:51:00,2,Wheat,Sandy,42.3415,0.5796,12.6585,54.78,60.0,18.0,55.0,0.9,0.006783,0.0
2026-06-01 09:51:00,3,Maize,Clay,64.9941,0.7776,0.0059,14.14,75.0,30.0,65.0,1.0,0.009576,0.0
2026-06-01 09:52:00,1,Tomato,Loam,55.3909,0.6754,4.6091,23.25,70.0,25.0,60.0,0.7,0.009524,0.0
2026-06-01 09:52:00,2,Wheat,Sandy,42.3407,0.5795,12.6593,54.78,60.0,18.0,55.0,0.9,0.00704,0.0
2026-06-01 09:52:00,3,Maize,Clay,64.9931,0.7776,0.0069,14.14,75.0,30.0,65.0,1.0,0.009938,0.0
2026-06-01 09:53:00,1,Tomato,Loam,55.3896,0.6753,4.6104,23.28,70.0,25.0,60.0,0.7,0.009206,0.0
2026-06-01 09:53:00,2,Wheat,Sandy,42.3399,0.5795,12.6601,54.79,60.0,18.0,55.0,0.9,0.006804,0.0
2026-06-01 09:53:00,3,Maize,Clay,64.9922,0.7776,0.0078,14.14,75.0,30.0,65.0,1.0,0.009606,0.0
2026-06-01 09:54:00,1,Tomato,Loam,55.3882,0.6753,4.6118,23.28,70.0,25.0,60.0,0.7,0.009331,0.0
2026-06-01 09:54:00,2,Wheat,Sandy,42.3392,0.5795,12.6608,54.79,60.0,18.0,55.0,0.9,0.006897,0.0
2026-06-01 09:54:00,3,Maize,Clay,64.9912,0.7776,0.0088,14.14,75.0,30.0,65.0,1.0,0.009737,0.0
2026-06-01 09:55:00,1,Tomato,Loam,55.3869,0.6753,4.6131,23.28,70.0,25.0,60.0,0.7,0.009544,0.0
2026-06-01 09:55:00,2,Wheat,Sandy,42.3384,0.5795,12.6616,54.79,60.0,18.0,55.0,0.9,0.007054,0.0
2026-06-01 09:55:00,3,Maize,Clay,64.9902,0.7776,0.0098,14.14,75.0,30.0,65.0,1.0,0.009959,0.0
2026-06-01 09:56:00,1,Tomato,Loam,55.3855,0.6752,4.6145,23.31,70.0,25.0,60.0,0.7,0.00941,0.0
2026-06-01 09:56:00,2,Wheat,Sandy,42.3376,0.5795,12.6624,54.8,60.0,18.0,55.0,0.9,0.006956,0.0
2026-06-01 09:56:00,3,Maize,Clay,64.9892,0.7775,0.0108,14.14,75.0,30.0,65.0,1.0,0.00982,0.0
2026-06-01 09:57:00,1,Tomato,Loam,55.3841,0.6752,4.6159,23.31,70.0,25.0,60.0,0.7,0.009755,0.0
2026-06-01 09:57:00,2,Wheat,Sandy,42.3368,0.5794,12.6632,54.8,60.0,18.0,55.0,0.9,0.007211,0.0
2026-06-01 09:57:00,3,Maize,Clay,64.9882,0.7775,0.0118,14.14,75.0,30.0,65.0,1.0,0.01018,0.0
2026-06-01 09:58:00,1,Tomato,Loam,55.3828,0.6752,4.6172,23.31,70.0,25.0,60.0,0.7,0.009254,0.0
2026-06-01 09:58:00,2,Wheat,Sandy,42.3361,0.5794,12.6639,54.8,60.0,18.0,55.0,0.9,0.00684,0.0
2026-06-01 09:58:00,3,Maize,Clay,64.9872,0.7775,0.0128,14.14,75.0,30.0,65.0,1.0,0.009656,0.0
2026-06-01 09:59:00,1,Tomato,Loam,55.3814,0.6751,4.6186,23.35,70.0,25.0,60.0,0.7,0.009483,0.0
2026-06-01 09:59:00,2,Wheat,Sandy,42.3353,0.5794,12.6647,54.81,60.0,18.0,55.0,0.9,0.007009,0.0
2026-06-01 09:59:00,3,Maize,Clay,64.9862,0.7775,0.0138,14.14,75.0,30.0,65.0,1.0,0.009895,0.0
2026-06-01 10:00:00,1,Tomato,Loam,55.38,0.6751,4.62,23.35,70.0,25.0,60.0,0.7,0.009835,0.0
2026-06-01 10:00:00,2,Wheat,Sandy,42.3345,0.5794,12.6655,54.81,60.0,18.0,55.0,0.9,0.007269,0.0
2026-06-01 10:00:00,3,Maize,Clay,64.9852,0.7774,0.0148,14.14,75.0,30.0,65.0,1.0,0.010262,0.0
2026-06-01 10:01:00,1,Tomato,Loam,55.3787,0.6751,4.6213,23.35,70.0,25.0,60.0,0.7,0.009676,0.0
2026-06-01 10:01:00,2,Wheat,Sandy,42.3337,0.5794,12.6663,54.82,60.0,18.0,55.0,0.9,0.007152,0.0
2026-06-01 10:01:00,3,Maize,Clay,64.9842,0.7774,0.0158,14.14,75.0,30.0,65.0,1.0,0.010097,0.0
2026-06-01 10:02:00,1,Tomato,Loam,55.3772,0.675,4.6228,23.38,70.0,25.0,60.0,0.7,0.010122,0.0
2026-06-01 10:02:00,2,Wheat,Sandy,42.3328,0.5794,12.6672,54.82,60.0,18.0,55.0,0.9,0.007482,0.0
2026-06-01 10:02:00,3,Maize,Clay,64.9831,0.7774,0.0169,14.14,75.0,30.0,65.0,1.0,0.010562,0.0
2026-06-01 10:03:00,1,Tomato,Loam,55.3759,0.675,4.6241,23.38,70.0,25.0,60.0,0.7,0.009469,0.0
2026-06-01 10:03:00,2,Wheat,Sandy,42.3321,0.5793,12.6679,54.82,60.0,18.0,55.0,0.9,0.006999,0.0
2026-06-01 10:03:00,3,Maize,Clay,64.9821,0.7774,0.0179,14.14,75.0,30.0,65.0,1.0,0.009881,0.0
2026-06-01 10:04:00,1,Tomato,Loam,55.3745,0.675,4.6255,23.38,70.0,25.0,60.0,0.7,0.009362,0.0
2026-06-01 10:04:00,2,Wheat,Sandy,42.3313,0.5793,12.6687,54.83,60.0,18.0,55.0,0.9,0.00692,0.0
2026-06-01 10:04:00,3,Maize,Clay,64.9812,0.7774,0.0188,14.14,75.0,30.0,65.0,1.0,0.009769,0.0
2026-06-01 10:05:00,1,Tomato,Loam,55.3732,0.675,4.6268,23.38,70.0,25.0,60.0,0.7,0.009458,0.0
2026-06-01 10:05:00,2,Wheat,Sandy,42.3305,0.5793,12.6695,54.83,60.0,18.0,55.0,0.9,0.00699,0.0
2026-06-01 10:05:00,3,Maize,Clay,64.9802,0.7773,0.0198,14.13,75.0,30.0,65.0,1.0,0.009869,0.0
2026-06-01 10:06:00,1,Tomato,Loam,55.3717,0.6749,4.6283,23.41,70.0,25.0,60.0,0.7,0.009895,0.0
2026-06-01 10:06:00,2,Wheat,Sandy,42.3297,0.5793,12.6703,54.83,60.0,18.0,55.0,0.9,0.007313,0.0
2026-06-01 10:06:00,3,Maize,Clay,64.9791,0.7773,0.0209,14.13,75.0,30.0,65.0,1.0,0.010325,0.0
2026-06-01 10:07:00,1,Tomato,Loam,55.3703,0.6749,4.6297,23.41,70.0,25.0,60.0,0.7,0.00991,0.0
2026-06-01 10:07:00,2,Wheat,Sandy,42.3289,0.5793,12.6711,54.84,60.0,18.0,55.0,0.9,0.007324,0.0
2026-06-01 10:07:00,3,Maize,Clay,64.9781,0.7773,0.0219,14.13,75.0,30.0,65.0,1.0,0.01034,0.0
2026-06-01 10:08:00,1,Tomato,Loam,55.3689,0.6749,4.6311,23.41,70.0,25.0,60.0,0.7,0.0097,0.0
2026-06-01 10:08:00,2,Wheat,Sandy,42.3281,0.5792,12.6719,54.84,60.0,18.0,55.0,0.9,0.00717,0.0
2026-06-01 10:08:00,3,Maize,Clay,64.9771,0.7773,0.0229,14.13,75.0,30.0,65.0,1.0,0.010122,0.0
2026-06-01 10:09:00,1,Tomato,Loam,55.3676,0.6748,4.6324,23.44,70.0,25.0,60.0,0.7,0.00958,0.0
2026-06-01 10:09:00,2,Wheat,Sandy,42.3273,0.5792,12.6727,54.84,60.0,18.0,55.0,0.9,0.00708,0.0
2026-06-01 10:09:00,3,Maize,Clay,64.9761,0.7772,0.0239,14.13,75.0,30.0,65.0,1.0,0.009996,0.0
2026-06-01 10:10:00,1,Tomato,Loam,55.3661,0.6748,4.6339,23.44,70.0,25.0,60.0,0.7,0.010011,0.0
2026-06-01 10:10:00,2,Wheat,Sandy,42.3265,0.5792,12.6735,54.85,60.0,18.0,55.0,0.9,0.007399,0.0
2026-06-01 10:10:00,3,Maize,Clay,64.9751,0.7772,0.0249,14.13,75.0,30.0,65.0,1.0,0.010446,0.0
2026-06-01 10:11:00,1,Tomato,Loam,55.3648,0.6748,4.6352,23.44,70.0,25.0,60.0,0.7,0.009669,0.0
2026-06-01 10:11:00,2,Wheat,Sandy,42.3257,0.5792,12.6743,54.85,60.0,18.0,55.0,0.9,0.007147,0.0
2026-06-01 10:11:00,3,Maize,Clay,64.9741,0.7772,0.0259,14.13,75.0,30.0,65.0,1.0,0.01009,0.0
2026-06-01 10:12:00,1,Tomato,Loam,55.3633,0.6747,4.6367,23.48,70.0,25.0,60.0,0.7,0.010084,0.0
2026-06-01 10:12:00,2,Wheat,Sandy,42.3249,0.5792,12.6751,54.85,60.0,18.0,55.0,0.9,0.007454,0.0
2026-06-01 10:12:00,3,Maize,Clay,64.973,0.7772,0.027,14.13,75.0,30.0,65.0,1.0,0.010523,0.0
2026-06-01 10:13:00,1,Tomato,Loam,55.3618,0.6747,4.6382,23.48,70.0,25.0,60.0,0.7,0.010657,0.0
2026-06-01 10:13:00,2,Wheat,Sandy,42.324,0.5791,12.676,54.86,60.0,18.0,55.0,0.9,0.007877,0.0
2026-06-01 10:13:00,3,Maize,Clay,64.9719,0.7772,0.0281,14.13,75.0,30.0,65.0,1.0,0.01112,0.0
2026-06-01 10:14:00,1,Tomato,Loam,55.3604,0.6747,4.6396,23.48,70.0,25.0,60.0,0.7,0.010026,0.0
2026-06-01 10:14:00,2,Wheat,Sandy,42.3232,0.5791,12.6768,54.86,60.0,18.0,55.0,0.9,0.00741,0.0
2026-06-01 10:14:00,3,Maize,Clay,64.9708,0.7771,0.0292,14.12,75.0,30.0,65.0,1.0,0.010462,0.0
2026-06-01 10:15:00,1,Tomato,Loam,55.3589,0.6746,4.6411,23.51,70.0,25.0,60.0,0.7,0.010127,0.0
2026-06-01 10:15:00,2,Wheat,Sandy,42.3223,0.5791,12.6777,54.87,60.0,18.0,55.0,0.9,0.007485,0.0
2026-06-01 10:15:00,3,Maize,Clay,64.9698,0.7771,0.0302,14.12,75.0,30.0,65.0,1.0,0.010567,0.0
2026-06-01 10:16:00,1,Tomato,Loam,55.3575,0.6746,4.6425,23.51,70.0,25.0,60.0,0.7,0.009942,0.0
2026-06-01 10:16:00,2,Wheat,Sandy,42.3215,0.5791,12.6785,54.87,60.0,18.0,55.0,0.9,0.007348,0.0
2026-06-01 10:16:00,3,Maize,Clay,64.9687,0.7771,0.0313,14.12,75.0,30.0,65.0,1.0,0.010374,0.0
2026-06-01 10:17:00,1,Tomato,Loam,55.3561,0.6746,4.6439,23.51,70.0,25.0,60.0,0.7,0.009675,0.0
2026-06-01 10:17:00,2,Wheat,Sandy,42.3207,0.5791,12.6793,54.87,60.0,18.0,55.0,0.9,0.007151,0.0
2026-06-01 10:17:00,3,Maize,Clay,64.9677,0.7771,0.0323,14.12,75.0,30.0,65.0,1.0,0.010096,0.0
2026-06-01 10:18:00,1,Tomato,Loam,55.3547,0.6745,4.6453,23.54,70.0,25.0,60.0,0.7,0.009916,0.0
2026-06-01 10:18:00,2,Wheat,Sandy,42.3199,0.579,12.6801,54.88,60.0,18.0,55.0,0.9,0.00733,0.0
2026-06-01 10:18:00,3,Maize,Clay,64.9667,0.777,0.0333,14.12,75.0,30.0,65.0,1.0,0.010348,0.0
2026-06-01 10:19:00,1,Tomato,Loam,55.3533,0.6745,4.6467,23.54,70.0,25.0,60.0,0.7,0.009959,0.0
2026-06-01 10:19:00,2,Wheat,Sandy,42.3191,0.579,12.6809,54.88,60.0,18.0,55.0,0.9,0.007361,0.0
2026-06-01 10:19:00,3,Maize,Clay,64.9657,0.777,0.0343,14.12,75.0,30.0,65.0,1.0,0.010392,0.0
2026-06-01 10:20:00,1,Tomato,Loam,55.3519,0.6745,4.6481,23.54,70.0,25.0,60.0,0.7,0.009785,0.0
2026-06-01 10:20:00,2,Wheat,Sandy,42.3183,0.579,12.6817,54.88,60.0,18.0,55.0,0.9,0.007233,0.0
2026-06-01 10:20:00,3,Maize,Clay,64.9646,0.777,0.0354,14.12,75.0,30.0,65.0,1.0,0.010211,0.0
2026-06-01 10:21:00,1,Tomato,Loam,55.3504,0.6745,4.6496,23.54,70.0,25.0,60.0,0.7,0.010619,0.0
2026-06-01 10:21:00,2,Wheat,Sandy,42.3174,0.579,12.6826,54.89,60.0,18.0,55.0,0.9,0.007849,0.0
2026-06-01 10:21:00,3,Maize,Clay,64.9635,0.777,0.0365,14.12,75.0,30.0,65.0,1.0,0.011081,0.0
2026-06-01 10:22:00,1,Tomato,Loam,55.3489,0.6744,4.6511,23.57,70.0,25.0,60.0,0.7,0.010305,0.0
2026-06-01 10:22:00,2,Wheat,Sandy,42.3166,0.579,12.6834,54.89,60.0,18.0,55.0,0.9,0.007617,0.0
2026-06-01 10:22:00,3,Maize,Clay,64.9625,0.7769,0.0375,14.12,75.0,30.0,65.0,1.0,0.010753,0.0
2026-06-01 10:23:00,1,Tomato,Loam,55.3474,0.6744,4.6526,23.57,70.0,25.0,60.0,0.7,0.010371,0.0
2026-06-01 10:23:00,2,Wheat,Sandy,42.3157,0.5789,12.6843,54.9,60.0,18.0,55.0,0.9,0.007665,0.0
2026-06-01 10:23:00,3,Maize,Clay,64.9614,0.7769,0.0386,14.12,75.0,30.0,65.0,1.0,0.010822,0.0
2026-06-01 10:24:00,1,Tomato,Loam,55.3459,0.6744,4.6541,23.57,70.0,25.0,60.0,0.7,0.010232,0.0
2026-06-01 10:24:00,2,Wheat,Sandy,42.3149,0.5789,12.6851,54.9,60.0,18.0,55.0,0.9,0.007562,0.0
2026-06-01 10:24:00,3,Maize,Clay,64.9603,0.7769,0.0397,14.12,75.0,30.0,65.0,1.0,0.010676,0.0
2026-06-01 10:25:00,1,Tomato,Loam,55.3445,0.6743,4.6555,23.6,70.0,25.0,60.0,0.7,0.010141,0.0
2026-06-01 10:25:00,2,Wheat,Sandy,42.314,0.5789,12.686,54.9,60.0,18.0,55.0,0.9,0.007495,0.0
2026-06-01 10:25:00,3,Maize,Clay,64.9592,0.7769,0.0408,14.12,75.0,30.0,65.0,1.0,0.010582,0.0
2026-06-01 10:26:00,1,Tomato,Loam,55.343,0.6743,4.657,23.6,70.0,25.0,60.0,0.7,0.010517,0.0
2026-06-01 10:26:00,2,Wheat,Sandy,42.3132,0.5789,12.6868,54.91,60.0,18.0,55.0,0.9,0.007773,0.0
2026-06-01 10:26:00,3,Maize,Clay,64.9581,0.7768,0.0419,14.11,75.0,30.0,65.0,1.0,0.010974,0.0
2026-06-01 10:27:00,1,Tomato,Loam,55.3415,0.6743,4.6585,23.6,70.0,25.0,60.0,0.7,0.010411,0.0
2026-06-01 10:27:00,2,Wheat,Sandy,42.3123,0.5789,12.6877,54.91,60.0,18.0,55.0,0.9,0.007695,0.0
2026-06-01 10:27:00,3,Maize,Clay,64.9571,0.7768,0.0429,14.11,75.0,30.0,65.0,1.0,0.010864,0.0
2026-06-01 10:28:00,1,Tomato,Loam,55.34,0.6742,4.66,23.64,70.0,25.0,60.0,0.7,0.010462,0.0
2026-06-01 10:28:00,2,Wheat,Sandy,42.3115,0.5788,12.6885,54.91,60.0,18.0,55.0,0.9,0.007732,0.0
2026-06-01 10:28:00,3,Maize,Clay,64.956,0.7768,0.044,14.11,75.0,30.0,65.0,1.0,0.010916,0.0
2026-06-01 10:29:00,1,Tomato,Loam,55.3386,0.6742,4.6614,23.64,70.0,25.0,60.0,0.7,0.010241,0.0
2026-06-01 10:29:00,2,Wheat,Sandy,42.3106,0.5788,12.6894,54.92,60.0,18.0,55.0,0.9,0.007569,0.0
2026-06-01 10:29:00,3,Maize,Clay,64.9549,0.7768,0.0451,14.11,75.0,30.0,65.0,1.0,0.010686,0.0
2026-06-01 10:30:00,1,Tomato,Loam,55.3371,0.6742,4.6629,23.64,70.0,25.0,60.0,0.7,0.010404,0.0
2026-06-01 10:30:00,2,Wheat,Sandy,42.3098,0.5788,12.6902,54.92,60.0,18.0,55.0,0.9,0.00769,0.0
2026-06-01 10:30:00,3,Maize,Clay,64.9538,0.7768,0.0462,14.11,75.0,30.0,65.0,1.0,0.010856,0.0
2026-06-01 10:31:00,1,Tomato,Loam,55.3356,0.6741,4.6644,23.67,70.0,25.0,60.0,0.7,0.010303,0.0
2026-06-01 10:31:00,2,Wheat,Sandy,42.3089,0.5788,12.6911,54.93,60.0,18.0,55.0,0.9,0.007615,0.0
2026-06-01 10:31:00,3,Maize,Clay,64.9527,0.7767,0.0473,14.11,75.0,30.0,65.0,1.0,0.010751,0.0
2026-06-01 10:32:00,1,Tomato,Loam,55.3342,0.6741,4.6658,23.67,70.0,25.0,60.0,0.7,0.010003,0.0
2026-06-01 10:32:00,2,Wheat,Sandy,42.3081,0.5788,12.6919,54.93,60.0,18.0,55.0,0.9,0.007393,0.0
2026-06-01 10:32:00,3,Maize,Clay,64.9517,0.7767,0.0483,14.11,75.0,30.0,65.0,1.0,0.010438,0.0
2026-06-01 10:33:00,1,Tomato,Loam,55.3327,0.6741,4.6673,23.67,70.0,25.0,60.0,0.7,0.010413,0.0
2026-06-01 10:33:00,2,Wheat,Sandy,42.3072,0.5787,12.6928,54.93,60.0,18.0,55.0,0.9,0.007697,0.0
2026-06-01 10:33:00,3,Maize,Clay,64.9506,0.7767,0.0494,14.11,75.0,30.0,65.0,1.0,0.010866,0.0
2026-06-01 10:34:00,1,Tomato,Loam,55.3312,0.674,4.6688,23.7,70.0,25.0,60.0,0.7,0.010532,0.0
2026-06-01 10:34:00,2,Wheat,Sandy,42.3064,0.5787,12.6936,54.94,60.0,18.0,55.0,0.9,0.007784,0.0
2026-06-01 10:34:00,3,Maize,Clay,64.9495,0.7767,0.0505,14.11,75.0,30.0,65.0,1.0,0.01099,0.0
2026-06-01 10:35:00,1,Tomato,Loam,55.3297,0.674,4.6703,23.7,70.0,25.0,60.0,0.7,0.010215,0.0
2026-06-01 10:35:00,2,Wheat,Sandy,42.3055,0.5787,12.6945,54.94,60.0,18.0,55.0,0.9,0.007551,0.0
2026-06-01 10:35:00,3,Maize,Clay,64.9484,0.7766,0.0516,14.1,75.0,30.0,65.0,1.0,0.01066,0.0
2026-06-01 10:36:00,1,Tomato,Loam,55.3282,0.674,4.6718,23.7,70.0,25.0,60.0,0.7,0.010605,0.0
2026-06-01 10:36:00,2,Wheat,Sandy,42.3047,0.5787,12.6953,54.95,60.0,18.0,55.0,0.9,0.007839,0.0
2026-06-01 10:36:00,3,Maize,Clay,64.9473,0.7766,0.0527,14.1,75.0,30.0,65.0,1.0,0.011066,0.0
2026-06-01 10:37:00,1,Tomato,Loam,55.3267,0.6739,4.6733,23.73,70.0,25.0,60.0,0.7,0.010689,0.0
2026-06-01 10:37:00,2,Wheat,Sandy,42.3038,0.5787,12.6962,54.95,60.0,18.0,55.0,0.9,0.007901,0.0
2026-06-01 10:37:00,3,Maize,Clay,64.9462,0.7766,0.0538,14.1,75.0,30.0,65.0,1.0,0.011154,0.0
2026-06-01 10:38:00,1,Tomato,Loam,55.3252,0.6739,4.6748,23.73,70.0,25.0,60.0,0.7,0.010154,0.0
2026-06-01 10:38:00,2,Wheat,Sandy,42.3029,0.5786,12.6971,54.95,60.0,18.0,55.0,0.9,0.007505,0.0
2026-06-01 10:38:00,3,Maize,Clay,64.9451,0.7766,0.0549,14.1,75.0,30.0,65.0,1.0,0.010596,0.0
2026-06-01 10:39:00,1,Tomato,Loam,55.3237,0.6739,4.6763,23.73,70.0,25.0,60.0,0.7,0.010522,0.0
2026-06-01 10:39:00,2,Wheat,Sandy,42.3021,0.5786,12.6979,54.96,60.0,18.0,55.0,0.9,0.007778,0.0
2026-06-01 10:39:00,3,Maize,Clay,64.944,0.7765,0.056,14.1,75.0,30.0,65.0,1.0,0.01098,0.0
2026-06-01 10:40:00,1,Tomato,Loam,55.3222,0.6738,4.6778,23.76,70.0,25.0,60.0,0.7,0.010816,0.0
2026-06-01 10:40:00,2,Wheat,Sandy,42.3012,0.5786,12.6988,54.96,60.0,18.0,55.0,0.9,0.007994,0.0
2026-06-01 10:40:00,3,Maize,Clay,64.9429,0.7765,0.0571,14.1,75.0,30.0,65.0,1.0,0.011286,0.0
2026-06-01 10:41:00,1,Tomato,Loam,55.3206,0.6738,4.6794,23.76,70.0,25.0,60.0,0.7,0.010904,0.0
2026-06-01 10:41:00,2,Wheat,Sandy,42.3003,0.5786,12.6997,54.97,60.0,18.0,55.0,0.9,0.00806,0.0
2026-06-01 10:41:00,3,Maize,Clay,64.9418,0.7765,0.0582,14.1,75.0,30.0,65.0,1.0,0.011378,0.0
2026-06-01 10:42:00,1,Tomato,Loam,55.3191,0.6738,4.6809,23.76,70.0,25.0,60.0,0.7,0.010623,0.0
2026-06-01 10:42:00,2,Wheat,Sandy,42.2994,0.5786,12.7006,54.97,60.0,18.0,55.0,0.9,0.007851,0.0
2026-06-01 10:42:00,3,Maize,Clay,64.9407,0.7765,0.0593,14.1,75.0,30.0,65.0,1.0,0.011084,0.0
2026-06-01 10:43:00,1,Tomato,Loam,55.3176,0.6737,4.6824,23.8,70.0,25.0,60.0,0.7,0.010942,0.0
2026-06-01 10:43:00,2,Wheat,Sandy,42.2985,0.5785,12.7015,54.97,60.0,18.0,55.0,0.9,0.008088,0.0
2026-06-01 10:43:00,3,Maize,Clay,64.9395,0.7764,0.0605,14.1,75.0,30.0,65.0,1.0,0.011418,0.0
2026-06-01 10:44:00,1,Tomato,Loam,55.316,0.6737,4.684,23.8,70.0,25.0,60.0,0.7,0.011161,0.0
2026-06-01 10:44:00,2,Wheat,Sandy,42.2976,0.5785,12.7024,54.98,60.0,18.0,55.0,0.9,0.008249,0.0
2026-06-01 10:44:00,3,Maize,Clay,64.9383,0.7764,0.0617,14.1,75.0,30.0,65.0,1.0,0.011646,0.0
2026-06-01 10:45:00,1,Tomato,Loam,55.3144,0.6737,4.6856,23.8,70.0,25.0,60.0,0.7,0.011057,0.0
2026-06-01 10:45:00,2,Wheat,Sandy,42.2967,0.5785,12.7033,54.98,60.0,18.0,55.0,0.9,0.008173,0.0
2026-06-01 10:45:00,3,Maize,Clay,64.9372,0.7764,0.0628,14.1,75.0,30.0,65.0,1.0,0.011538,0.0
2026-06-01 10:46:00,1,Tomato,Loam,55.3128,0.6736,4.6872,23.83,70.0,25.0,60.0,0.7,0.010939,0.0
2026-06-01 10:46:00,2,Wheat,Sandy,42.2958,0.5785,12.7042,54.99,60.0,18.0,55.0,0.9,0.008085,0.0
2026-06-01 10:46:00,3,Maize,Clay,64.9361,0.7764,0.0639,14.1,75.0,30.0,65.0,1.0,0.011414,0.0
2026-06-01 10:47:00,1,Tomato,Loam,55.3113,0.6736,4.6887,23.83,70.0,25.0,60.0,0.7,0.010796,0.0
2026-06-01 10:47:00,2,Wheat,Sandy,42.2949,0.5785,12.7051,54.99,60.0,18.0,55.0,0.9,0.00798,0.0
2026-06-01 10:47:00,3,Maize,Clay,64.9349,0.7763,0.0651,14.09,75.0,30.0,65.0,1.0,0.011266,0.0
2026-06-01 10:48:00,1,Tomato,Loam,55.3097,0.6735,4.6903,23.86,70.0,25.0,60.0,0.7,0.010869,0.0
2026-06-01 10:48:00,2,Wheat,Sandy,42.294,0.5784,12.706,54.99,60.0,18.0,55.0,0.9,0.008033,0.0
2026-06-01 10:48:00,3,Maize,Clay,64.9338,0.7763,0.0662,14.09,75.0,30.0,65.0,1.0,0.011341,0.0
2026-06-01 10:49:00,1,Tomato,Loam,55.3081,0.6735,4.6919,23.86,70.0,25.0,60.0,0.7,0.011108,0.0
2026-06-01 10:49:00,2,Wheat,Sandy,42.2931,0.5784,12.7069,55.0,60.0,18.0,55.0,0.9,0.00821,0.0
2026-06-01 10:49:00,3,Maize,Clay,64.9326,0.7763,0.0674,14.09,75.0,30.0,65.0,1.0,0.011591,0.0
2026-06-01 10:50:00,1,Tomato,Loam,55.3065,0.6735,4.6935,23.86,70.0,25.0,60.0,0.7,0.011161,0.0
2026-06-01 10:50:00,2,Wheat,Sandy,42.2922,0.5784,12.7078,55.0,60.0,18.0,55.0,0.9,0.008249,0.0
2026-06-01 10:50:00,3,Maize,Clay,64.9315,0.7763,0.0685,14.09,75.0,30.0,65.0,1.0,0.011646,0.0
2026-06-01 10:51:00,1,Tomato,Loam,55.3049,0.6734,4.6951,23.89,70.0,25.0,60.0,0.7,0.01127,0.0
2026-06-01 10:51:00,2,Wheat,Sandy,42.2913,0.5784,12.7087,55.01,60.0,18.0,55.0,0.9,0.00833,0.0
2026-06-01 10:51:00,3,Maize,Clay,64.9303,0.7762,0.0697,14.09,75.0,30.0,65.0,1.0,0.01176,0.0
2026-06-01 10:52:00,1,Tomato,Loam,55.3033,0.6734,4.6967,23.89,70.0,25.0,60.0,0.7,0.011168,0.0
2026-06-01 10:52:00,2,Wheat,Sandy,42.2903,0.5783,12.7097,55.01,60.0,18.0,55.0,0.9,0.008254,0.0
2026-06-01 10:52:00,3,Maize,Clay,64.9291,0.7762,0.0709,14.09,75.0,30.0,65.0,1.0,0.011653,0.0
2026-06-01 10:53:00,1,Tomato,Loam,55.3017,0.6734,4.6983,23.89,70.0,25.0,60.0,0.7,0.011357,0.0
2026-06-01 10:53:00,2,Wheat,Sandy,42.2894,0.5783,12.7106,55.01,60.0,18.0,55.0,0.9,0.008395,0.0
2026-06-01 10:53:00,3,Maize,Clay,64.9279,0.7762,0.0721,14.09,75.0,30.0,65.0,1.0,0.011851,0.0
2026-06-01 10:54:00,1,Tomato,Loam,55.3001,0.6733,4.6999,23.93,70.0,25.0,60.0,0.7,0.011208,0.0
2026-06-01 10:54:00,2,Wheat,Sandy,42.2885,0.5783,12.7115,55.02,60.0,18.0,55.0,0.9,0.008284,0.0
2026-06-01 10:54:00,3,Maize,Clay,64.9268,0.7762,0.0732,14.09,75.0,30.0,65.0,1.0,0.011695,0.0
2026-06-01 10:55:00,1,Tomato,Loam,55.2984,0.6733,4.7016,23.93,70.0,25.0,60.0,0.7,0.011451,0.0
2026-06-01 10:55:00,2,Wheat,Sandy,42.2875,0.5783,12.7125,55.02,60.0,18.0,55.0,0.9,0.008463,0.0
2026-06-01 10:55:00,3,Maize,Clay,64.9256,0.7761,0.0744,14.08,75.0,30.0,65.0,1.0,0.011948,0.0
2026-06-01 10:56:00,1,Tomato,Loam,55.2968,0.6733,4.7032,23.93,70.0,25.0,60.0,0.7,0.011364,0.0
2026-06-01 10:56:00,2,Wheat,Sandy,42.2866,0.5783,12.7134,55.03,60.0,18.0,55.0,0.9,0.0084,0.0
2026-06-01 10:56:00,3,Maize,Clay,64.9244,0.7761,0.0756,14.08,75.0,30.0,65.0,1.0,0.011858,0.0
2026-06-01 10:57:00,1,Tomato,Loam,55.2952,0.6732,4.7048,23.96,70.0,25.0,60.0,0.7,0.01102,0.0
2026-06-01 10:57:00,2,Wheat,Sandy,42.2857,0.5782,12.7143,55.03,60.0,18.0,55.0,0.9,0.008146,0.0
2026-06-01 10:57:00,3,Maize,Clay,64.9232,0.7761,0.0768,14.08,75.0,30.0,65.0,1.0,0.0115,0.0
2026-06-01 10:58:00,1,Tomato,Loam,55.2937,0.6732,4.7063,23.96,70.0,25.0,60.0,0.7,0.010794,0.0
2026-06-01 10:58:00,2,Wheat,Sandy,42.2848,0.5782,12.7152,55.04,60.0,18.0,55.0,0.9,0.007978,0.0
2026-06-01 10:58:00,3,Maize,Clay,64.9221,0.776,0.0779,14.08,75.0,30.0,65.0,1.0,0.011263,0.0
2026-06-01 10:59:00,1,Tomato,Loam,55.292,0.6732,4.708,23.96,70.0,25.0,60.0,0.7,0.011724,0.0
2026-06-01 10:59:00,2,Wheat,Sandy,42.2839,0.5782,12.7161,55.04,60.0,18.0,55.0,0.9,0.008666,0.0
2026-06-01 10:59:00,3,Maize,Clay,64.9209,0.776,0.0791,14.08,75.0,30.0,65.0,1.0,0.012234,0.0
2026-06-01 11:00:00,1,Tomato,Loam,55.2904,0.6731,4.7096,23.99,70.0,25.0,60.0,0.7,0.011268,0.0
2026-06-01 11:00:00,2,Wheat,Sandy,42.2829,0.5782,12.7171,55.04,60.0,18.0,55.0,0.9,0.008328,0.0
2026-06-01 11:00:00,3,Maize,Clay,64.9197,0.776,0.0803,14.08,75.0,30.0,65.0,1.0,0.011758,0.0
2026-06-01 11:01:00,1,Tomato,Loam,55.2889,0.6731,4.7111,23.99,70.0,25.0,60.0,0.7,0.010856,0.0
2026-06-01 11:01:00,2,Wheat,Sandy,42.282,0.5781,12.718,55.05,60.0,18.0,55.0,0.9,0.008024,0.0
2026-06-01 11:01:00,3,Maize,Clay,64.9186,0.776,0.0814,14.08,75.0,30.0,65.0,1.0,0.011328,0.0
2026-06-01 11:02:00,1,Tomato,Loam,55.2873,0.6731,4.7127,23.99,70.0,25.0,60.0,0.7,0.011158,0.0
2026-06-01 11:02:00,2,Wheat,Sandy,42.2811,0.5781,12.7189,55.05,60.0,18.0,55.0,0.9,0.008248,0.0
2026-06-01 11:02:00,3,Maize,Clay,64.9174,0.7759,0.0826,14.08,75.0,30.0,65.0,1.0,0.011644,0.0
2026-06-01 11:03:00,1,Tomato,Loam,55.2856,0.673,4.7144,24.02,70.0,25.0,60.0,0.7,0.011523,0.0
2026-06-01 11:03:00,2,Wheat,Sandy,42.2802,0.5781,12.7198,55.06,60.0,18.0,55.0,0.9,0.008517,0.0
2026-06-01 11:03:00,3,Maize,Clay,64.9162,0.7759,0.0838,14.08,75.0,30.0,65.0,1.0,0.012024,0.0
2026-06-01 11:04:00,1,Tomato,Loam,55.284,0.673,4.716,24.02,70.0,25.0,60.0,0.7,0.011371,0.0
2026-06-01 11:04:00,2,Wheat,Sandy,42.2793,0.5781,12.7207,55.06,60.0,18.0,55.0,0.9,0.008405,0.0
2026-06-01 11:04:00,3,Maize,Clay,64.915,0.7759,0.085,14.08,75.0,30.0,65.0,1.0,0.011866,0.0
2026-06-01 11:05:00,1,Tomato,Loam,55.2824,0.6729,4.7176,24.05,70.0,25.0,60.0,0.7,0.011212,0.0
2026-06-01 11:05:00,2,Wheat,Sandy,42.2783,0.5781,12.7217,55.06,60.0,18.0,55.0,0.9,0.008288,0.0
2026-06-01 11:05:00,3,Maize,Clay,64.9139,0.7759,0.0861,14.08,75.0,30.0,65.0,1.0,0.0117,0.0
2026-06-01 11:06:00,1,Tomato,Loam,55.2807,0.6729,4.7193,24.05,70.0,25.0,60.0,0.7,0.01171,0.0
2026-06-01 11:06:00,2,Wheat,Sandy,42.2774,0.578,12.7226,55.07,60.0,18.0,55.0,0.9,0.008656,0.0
2026-06-01 11:06:00,3,Maize,Clay,64.9126,0.7758,0.0874,14.07,75.0,30.0,65.0,1.0,0.01222,0.0
2026-06-01 11:07:00,1,Tomato,Loam,55.2791,0.6729,4.7209,24.05,70.0,25.0,60.0,0.7,0.011199,0.0
2026-06-01 11:07:00,2,Wheat,Sandy,42.2764,0.578,12.7236,55.07,60.0,18.0,55.0,0.9,0.008277,0.0
2026-06-01 11:07:00,3,Maize,Clay,64.9115,0.7758,0.0885,14.07,75.0,30.0,65.0,1.0,0.011686,0.0
2026-06-01 11:08:00,1,Tomato,Loam,55.2775,0.6728,4.7225,24.08,70.0,25.0,60.0,0.7,0.011293,0.0
2026-06-01 11:08:00,2,Wheat,Sandy,42.2755,0.578,12.7245,55.08,60.0,18.0,55.0,0.9,0.008347,0.0
2026-06-01 11:08:00,3,Maize,Clay,64.9103,0.7758,0.0897,14.07,75.0,30.0,65.0,1.0,0.011784,0.0
2026-06-01 11:09:00,1,Tomato,Loam,55.2759,0.6728,4.7241,24.08,70.0,25.0,60.0,0.7,0.011418,0.0
2026-06-01 11:09:00,2,Wheat,Sandy,42.2746,0.578,12.7254,55.08,60.0,18.0,55.0,0.9,0.00844,0.0
2026-06-01 11:09:00,3,Maize,Clay,64.9091,0.7758,0.0909,14.07,75.0,30.0,65.0,1.0,0.011915,0.0
2026-06-01 11:10:00,1,Tomato,Loam,55.2742,0.6728,4.7258,24.08,70.0,25.0,60.0,0.7,0.011766,0.0
2026-06-01 11:10:00,2,Wheat,Sandy,42.2736,0.5779,12.7264,55.09,60.0,18.0,55.0,0.9,0.008696,0.0
2026-06-01 11:10:00,3,Maize,Clay,64.9079,0.7757,0.0921,14.07,75.0,30.0,65.0,1.0,0.012277,0.0
2026-06-01 11:11:00,1,Tomato,Loam,55.2725,0.6727,4.7275,24.12,70.0,25.0,60.0,0.7,0.011774,0.0
2026-06-01 11:11:00,2,Wheat,Sandy,42.2727,0.5779,12.7273,55.09,60.0,18.0,55.0,0.9,0.008702,0.0
2026-06-01 11:11:00,3,Maize,Clay,64.9066,0.7757,0.0934,14.07,75.0,30.0,65.0,1.0,0.012286,0.0
2026-06-01 11:12:00,1,Tomato,Loam,55.2708,0.6727,4.7292,24.12,70.0,25.0,60.0,0.7,0.011819,0.0
2026-06-01 11:12:00,2,Wheat,Sandy,42.2717,0.5779,12.7283,55.09,60.0,18.0,55.0,0.9,0.008735,0.0
2026-06-01 11:12:00,3,Maize,Clay,64.9054,0.7757,0.0946,14.07,75.0,30.0,65.0,1.0,0.012332,0.0
2026-06-01 11:13:00,1,Tomato,Loam,55.2691,0.6726,4.7309,24.15,70.0,25.0,60.0,0.7,0.011676,0.0
2026-06-01 11:13:00,2,Wheat,Sandy,42.2707,0.5779,12.7293,55.1,60.0,18.0,55.0,0.9,0.00863,0.0
2026-06-01 11:13:00,3,Maize,Clay,64.9042,0.7756,0.0958,14.06,75.0,30.0,65.0,1.0,0.012184,0.0
2026-06-01 11:14:00,1,Tomato,Loam,55.2675,0.6726,4.7325,24.15,70.0,25.0,60.0,0.7,0.011817,0.0
2026-06-01 11:14:00,2,Wheat,Sandy,42.2698,0.5779,12.7302,55.1,60.0,18.0,55.0,0.9,0.008735,0.0
2026-06-01 11:14:00,3,Maize,Clay,64.903,0.7756,0.097,14.06,75.0,30.0,65.0,1.0,0.012331,0.0
2026-06-01 11:15:00,1,Tomato,Loam,55.2658,0.6726,4.7342,24.15,70.0,25.0,60.0,0.7,0.011625,0.0
2026-06-01 11:15:00,2,Wheat,Sandy,42.2688,0.5778,12.7312,55.11,60.0,18.0,55.0,0.9,0.008593,0.0
2026-06-01 11:15:00,3,Maize,Clay,64.9017,0.7756,0.0983,14.06,75.0,30.0,65.0,1.0,0.012131,0.0
2026-06-01 11:16:00,1,Tomato,Loam,55.2641,0.6725,4.7359,24.18,70.0,25.0,60.0,0.7,0.011876,0.0
2026-06-01 11:16:00,2,Wheat,Sandy,42.2678,0.5778,12.7322,55.11,60.0,18.0,55.0,0.9,0.008778,0.0
2026-06-01 11:16:00,3,Maize,Clay,64.9005,0.7756,0.0995,14.06,75.0,30.0,65.0,1.0,0.012392,0.0
2026-06-01 11:17:00,1,Tomato,Loam,55.2624,0.6725,4.7376,24.18,70.0,25.0,60.0,0.7,0.011767,0.0
2026-06-01 11:17:00,2,Wheat,Sandy,42.2669,0.5778,12.7331,55.12,60.0,18.0,55.0,0.9,0.008697,0.0
2026-06-01 11:17:00,3,Maize,Clay,64.8993,0.7755,0.1007,14.06,75.0,30.0,65.0,1.0,0.012278,0.0
2026-06-01 11:18:00,1,Tomato,Loam,55.2607,0.6725,4.7393,24.18,70.0,25.0,60.0,0.7,0.011829,0.0
2026-06-01 11:18:00,2,Wheat,Sandy,42.2659,0.5778,12.7341,55.12,60.0,18.0,55.0,0.9,0.008743,0.0
2026-06-01 11:18:00,3,Maize,Clay,64.898,0.7755,0.102,14.06,75.0,30.0,65.0,1.0,0.012343,0.0
2026-06-01 11:19:00,1,Tomato,Loam,55.259,0.6724,4.741,24.21,70.0,25.0,60.0,0.7,0.012028,0.0
2026-06-01 11:19:00,2,Wheat,Sandy,42.2649,0.5777,12.7351,55.13,60.0,18.0,55.0,0.9,0.00889,0.0
2026-06-01 11:19:00,3,Maize,Clay,64.8968,0.7755,0.1032,14.06,75.0,30.0,65.0,1.0,0.012551,0.0
2026-06-01 11:20:00,1,Tomato,Loam,55.2573,0.6724,4.7427,24.21,70.0,25.0,60.0,0.7,0.012,0.0
2026-06-01 11:20:00,2,Wheat,Sandy,42.2639,0.5777,12.7361,55.13,60.0,18.0,55.0,0.9,0.00887,0.0
2026-06-01 11:20:00,3,Maize,Clay,64.8955,0.7755,0.1045,14.06,75.0,30.0,65.0,1.0,0.012522,0.0
2026-06-01 11:21:00,1,Tomato,Loam,55.2556,0.6723,4.7444,24.24,70.0,25.0,60.0,0.7,0.011881,0.0
2026-06-01 11:21:00,2,Wheat,Sandy,42.2629,0.5777,12.7371,55.13,60.0,18.0,55.0,0.9,0.008781,0.0
2026-06-01 11:21:00,3,Maize,Clay,64.8943,0.7754,0.1057,14.06,75.0,30.0,65.0,1.0,0.012397,0.0
2026-06-01 11:22:00,1,Tomato,Loam,55.2539,0.6723,4.7461,24.24,70.0,25.0,60.0,0.7,0.011732,0.0
2026-06-01 11:22:00,2,Wheat,Sandy,42.262,0.5777,12.738,55.14,60.0,18.0,55.0,0.9,0.008672,0.0
2026-06-01 11:22:00,3,Maize,Clay,64.8931,0.7754,0.1069,14.06,75.0,30.0,65.0,1.0,0.012242,0.0
2026-06-01 11:23:00,1,Tomato,Loam,55.2522,0.6723,4.7478,24.24,70.0,25.0,60.0,0.7,0.011863,0.0
2026-06-01 11:23:00,2,Wheat,Sandy,42.261,0.5776,12.739,55.14,60.0,18.0,55.0,0.9,0.008769,0.0
2026-06-01 11:23:00,3,Maize,Clay,64.8918,0.7754,0.1082,14.06,75.0,30.0,65.0,1.0,0.012379,0.0
2026-06-01 11:24:00,1,Tomato,Loam,55.2505,0.6722,4.7495,24.27,70.0,25.0,60.0,0.7,0.01183,0.0
2026-06-01 11:24:00,2,Wheat,Sandy,42.26,0.5776,12.74,55.15,60.0,18.0,55.0,0.9,0.008744,0.0
2026-06-01 11:24:00,3,Maize,Clay,64.8906,0.7753,0.1094,14.05,75.0,30.0,65.0,1.0,0.012344,0.0
2026-06-01 11:25:00,1,Tomato,Loam,55.2488,0.6722,4.7512,24.27,70.0,25.0,60.0,0.7,0.011944,0.0
2026-06-01 11:25:00,2,Wheat,Sandy,42.2591,0.5776,12.7409,55.15,60.0,18.0,55.0,0.9,0.008828,0.0
2026-06-01 11:25:00,3,Maize,Clay,64.8894,0.7753,0.1106,14.05,75.0,30.0,65.0,1.0,0.012463,0.0
2026-06-01 11:26:00,1,Tomato,Loam,55.247,0.6722,4.753,24.27,70.0,25.0,60.0,0.7,0.012641,0.0
2026-06-01 11:26:00,2,Wheat,Sandy,42.258,0.5776,12.742,55.16,60.0,18.0,55.0,0.9,0.009343,0.0
2026-06-01 11:26:00,3,Maize,Clay,64.888,0.7753,0.112,14.05,75.0,30.0,65.0,1.0,0.01319,0.0
2026-06-01 11:27:00,1,Tomato,Loam,55.2453,0.6721,4.7547,24.31,70.0,25.0,60.0,0.7,0.011928,0.0
2026-06-01 11:27:00,2,Wheat,Sandy,42.257,0.5775,12.743,55.16,60.0,18.0,55.0,0.9,0.008816,0.0
2026-06-01 11:27:00,3,Maize,Clay,64.8868,0.7753,0.1132,14.05,75.0,30.0,65.0,1.0,0.012446,0.0
2026-06-01 11:28:00,1,Tomato,Loam,55.2436,0.6721,4.7564,24.31,70.0,25.0,60.0,0.7,0.012085,0.0
2026-06-01 11:28:00,2,Wheat,Sandy,42.2561,0.5775,12.7439,55.17,60.0,18.0,55.0,0.9,0.008933,0.0
2026-06-01 11:28:00,3,Maize,Clay,64.8855,0.7752,0.1145,14.05,75.0,30.0,65.0,1.0,0.012611,0.0
2026-06-01 11:29:00,1,Tomato,Loam,55.2419,0.672,4.7581,24.34,70.0,25.0,60.0,0.7,0.012265,0.0
2026-06-01 11:29:00,2,Wheat,Sandy,42.255,0.5775,12.745,55.17,60.0,18.0,55.0,0.9,0.009065,0.0
2026-06-01 11:29:00,3,Maize,Clay,64.8843,0.7752,0.1157,14.05,75.0,30.0,65.0,1.0,0.012798,0.0
2026-06-01 11:30:00,1,Tomato,Loam,55.2401,0.672,4.7599,24.34,70.0,25.0,60.0,0.7,0.012051,0.0
2026-06-01 11:30:00,2,Wheat,Sandy,42.2541,0.5775,12.7459,55.17,60.0,18.0,55.0,0.9,0.008907,0.0
2026-06-01 11:30:00,3,Maize,Clay,64.883,0.7752,0.117,14.05,75.0,30.0,65.0,1.0,0.012575,0.0
2026-06-01 11:31:00,1,Tomato,Loam,55.2383,0.672,4.7617,24.34,70.0,25.0,60.0,0.7,0.012724,0.0
2026-06-01 11:31:00,2,Wheat,Sandy,42.253,0.5775,12.747,55.18,60.0,18.0,55.0,0.9,0.009404,0.0
2026-06-01 11:31:00,3,Maize,Clay,64.8817,0.7751,0.1183,14.04,75.0,30.0,65.0,1.0,0.013277,0.0
2026-06-01 11:32:00,1,Tomato,Loam,55.2366,0.6719,4.7634,24.37,70.0,25.0,60.0,0.7,0.01203,0.0
2026-06-01 11:32:00,2,Wheat,Sandy,42.252,0.5774,12.748,55.18,60.0,18.0,55.0,0.9,0.008892,0.0
2026-06-01 11:32:00,3,Maize,Clay,64.8804,0.7751,0.1196,14.04,75.0,30.0,65.0,1.0,0.012553,0.0
2026-06-01 11:33:00,1,Tomato,Loam,55.2349,0.6719,4.7651,24.37,70.0,25.0,60.0,0.7,0.012034,0.0
2026-06-01 11:33:00,2,Wheat,Sandy,42.251,0.5774,12.749,55.19,60.0,18.0,55.0,0.9,0.008894,0.0
2026-06-01 11:33:00,3,Maize,Clay,64.8792,0.7751,0.1208,14.04,75.0,30.0,65.0,1.0,0.012557,0.0
2026-06-01 11:34:00,1,Tomato,Loam,55.2332,0.6718,4.7668,24.4,70.0,25.0,60.0,0.7,0.011855,0.0
2026-06-01 11:34:00,2,Wheat,Sandy,42.2501,0.5774,12.7499,55.19,60.0,18.0,55.0,0.9,0.008763,0.0
2026-06-01 11:34:00,3,Maize,Clay,64.8779,0.7751,0.1221,14.04,75.0,30.0,65.0,1.0,0.012371,0.0
2026-06-01 11:35:00,1,Tomato,Loam,55.2315,0.6718,4.7685,24.4,70.0,25.0,60.0,0.7,0.012045,0.0
2026-06-01 11:35:00,2,Wheat,Sandy,42.2491,0.5774,12.7509,55.2,60.0,18.0,55.0,0.9,0.008903,0.0
2026-06-01 11:35:00,3,Maize,Clay,64.8767,0.775,0.1233,14.04,75.0,30.0,65.0,1.0,0.012569,0.0
2026-06-01 11:36:00,1,Tomato,Loam,55.2297,0.6718,4.7703,24.4,70.0,25.0,60.0,0.7,0.012107,0.0
2026-06-01 11:36:00,2,Wheat,Sandy,42.2481,0.5773,12.7519,55.2,60.0,18.0,55.0,0.9,0.008949,0.0
2026-06-01 11:36:00,3,Maize,Clay,64.8754,0.775,0.1246,14.04,75.0,30.0,65.0,1.0,0.012634,0.0
2026-06-01 11:37:00,1,Tomato,Loam,55.228,0.6717,4.772,24.43,70.0,25.0,60.0,0.7,0.012375,0.0
2026-06-01 11:37:00,2,Wheat,Sandy,42.2471,0.5773,12.7529,55.21,60.0,18.0,55.0,0.9,0.009147,0.0
2026-06-01 11:37:00,3,Maize,Clay,64.8741,0.775,0.1259,14.04,75.0,30.0,65.0,1.0,0.012913,0.0
2026-06-01 11:38:00,1,Tomato,Loam,55.2262,0.6717,4.7738,24.43,70.0,25.0,60.0,0.7,0.012247,0.0
2026-06-01 11:38:00,2,Wheat,Sandy,42.2461,0.5773,12.7539,55.21,60.0,18.0,55.0,0.9,0.009052,0.0
2026-06-01 11:38:00,3,Maize,Clay,64.8728,0.775,0.1272,14.04,75.0,30.0,65.0,1.0,0.01278,0.0
2026-06-01 11:39:00,1,Tomato,Loam,55.2244,0.6717,4.7756,24.43,70.0,25.0,60.0,0.7,0.012596,0.0
2026-06-01 11:39:00,2,Wheat,Sandy,42.245,0.5773,12.755,55.22,60.0,18.0,55.0,0.9,0.00931,0.0
2026-06-01 11:39:00,3,Maize,Clay,64.8715,0.7749,0.1285,14.04,75.0,30.0,65.0,1.0,0.013144,0.0
2026-06-01 11:40:00,1,Tomato,Loam,55.2227,0.6716,4.7773,24.46,70.0,25.0,60.0,0.7,0.012272,0.0
2026-06-01 11:40:00,2,Wheat,Sandy,42.244,0.5772,12.756,55.22,60.0,18.0,55.0,0.9,0.00907,0.0
2026-06-01 11:40:00,3,Maize,Clay,64.8702,0.7749,0.1298,14.04,75.0,30.0,65.0,1.0,0.012805,0.0
2026-06-01 11:41:00,1,Tomato,Loam,55.2209,0.6716,4.7791,24.46,70.0,25.0,60.0,0.7,0.012088,0.0
2026-06-01 11:41:00,2,Wheat,Sandy,42.243,0.5772,12.757,55.23,60.0,18.0,55.0,0.9,0.008934,0.0
2026-06-01 11:41:00,3,Maize,Clay,64.869,0.7749,0.131,14.04,75.0,30.0,65.0,1.0,0.012613,0.0
2026-06-01 11:42:00,1,Tomato,Loam,55.2191,0.6715,4.7809,24.5,70.0,25.0,60.0,0.7,0.013016,0.0
2026-06-01 11:42:00,2,Wheat,Sandy,42.242,0.5772,12.758,55.23,60.0,18.0,55.0,0.9,0.00962,0.0
2026-06-01 11:42:00,3,Maize,Clay,64.8676,0.7748,0.1324,14.03,75.0,30.0,65.0,1.0,0.013582,0.0
2026-06-01 11:43:00,1,Tomato,Loam,55.2173,0.6715,4.7827,24.5,70.0,25.0,60.0,0.7,0.012428,0.0
2026-06-01 11:43:00,2,Wheat,Sandy,42.2409,0.5772,12.7591,55.24,60.0,18.0,55.0,0.9,0.009186,0.0
2026-06-01 11:43:00,3,Maize,Clay,64.8663,0.7748,0.1337,14.03,75.0,30.0,65.0,1.0,0.012968,0.0
2026-06-01 11:44:00,1,Tomato,Loam,55.2156,0.6715,4.7844,24.5,70.0,25.0,60.0,0.7,0.012169,0.0
2026-06-01 11:44:00,2,Wheat,Sandy,42.2399,0.5771,12.7601,55.24,60.0,18.0,55.0,0.9,0.008995,0.0
2026-06-01 11:44:00,3,Maize,Clay,64.865,0.7748,0.135,14.03,75.0,30.0,65.0,1.0,0.012698,0.0
2026-06-01 11:45:00,1,Tomato,Loam,55.2138,0.6714,4.7862,24.53,70.0,25.0,60.0,0.7,0.012066,0.0
2026-06-01 11:45:00,2,Wheat,Sandy,42.2389,0.5771,12.7611,55.24,60.0,18.0,55.0,0.9,0.008918,0.0
2026-06-01 11:45:00,3,Maize,Clay,64.8638,0.7748,0.1362,14.03,75.0,30.0,65.0,1.0,0.01259,0.0
2026-06-01 11:46:00,1,Tomato,Loam,55.2121,0.6714,4.7879,24.53,70.0,25.0,60.0,0.7,0.01206,0.0
2026-06-01 11:46:00,2,Wheat,Sandy,42.238,0.5771,12.762,55.25,60.0,18.0,55.0,0.9,0.008914,0.0
2026-06-01 11:46:00,3,Maize,Clay,64.8625,0.7747,0.1375,14.03,75.0,30.0,65.0,1.0,0.012584,0.0
2026-06-01 11:47:00,1,Tomato,Loam,55.2103,0.6713,4.7897,24.56,70.0,25.0,60.0,0.7,0.012686,0.0
2026-06-01 11:47:00,2,Wheat,Sandy,42.2369,0.5771,12.7631,55.25,60.0,18.0,55.0,0.9,0.009376,0.0
2026-06-01 11:47:00,3,Maize,Clay,64.8612,0.7747,0.1388,14.03,75.0,30.0,65.0,1.0,0.013237,0.0
2026-06-01 11:48:00,1,Tomato,Loam,55.2085,0.6713,4.7915,24.56,70.0,25.0,60.0,0.7,0.012296,0.0
2026-06-01 11:48:00,2,Wheat,Sandy,42.2359,0.577,12.7641,55.26,60.0,18.0,55.0,0.9,0.009088,0.0
2026-06-01 11:48:00,3,Maize,Clay,64.8599,0.7747,0.1401,14.03,75.0,30.0,65.0,1.0,0.01283,0.0
2026-06-01 11:49:00,1,Tomato,Loam,55.2068,0.6713,4.7932,24.56,70.0,25.0,60.0,0.7,0.01252,0.0
2026-06-01 11:49:00,2,Wheat,Sandy,42.2349,0.577,12.7651,55.26,60.0,18.0,55.0,0.9,0.009254,0.0
2026-06-01 11:49:00,3,Maize,Clay,64.8586,0.7746,0.1414,14.02,75.0,30.0,65.0,1.0,0.013064,0.0
2026-06-01 11:50:00,1,Tomato,Loam,55.205,0.6712,4.795,24.59,70.0,25.0,60.0,0.7,0.012412,0.0
2026-06-01 11:50:00,2,Wheat,Sandy,42.2338,0.577,12.7662,55.27,60.0,18.0,55.0,0.9,0.009174,0.0
2026-06-01 11:50:00,3,Maize,Clay,64.8573,0.7746,0.1427,14.02,75.0,30.0,65.0,1.0,0.012952,0.0
2026-06-01 11:51:00,1,Tomato,Loam,55.2032,0.6712,4.7968,24.59,70.0,25.0,60.0,0.7,0.012671,0.0
2026-06-01 11:51:00,2,Wheat,Sandy,42.2328,0.577,12.7672,55.27,60.0,18.0,55.0,0.9,0.009365,0.0
2026-06-01 11:51:00,3,Maize,Clay,64.856,0.7746,0.144,14.02,75.0,30.0,65.0,1.0,0.013222,0.0
2026-06-01 11:52:00,1,Tomato,Loam,55.2014,0.6711,4.7986,24.62,70.0,25.0,60.0,0.7,0.012111,0.0
2026-06-01 11:52:00,2,Wheat,Sandy,42.2318,0.5769,12.7682,55.28,60.0,18.0,55.0,0.9,0.008951,0.0
2026-06-01 11:52:00,3,Maize,Clay,64.8547,0.7745,0.1453,14.02,75.0,30.0,65.0,1.0,0.012637,0.0
2026-06-01 11:53:00,1,Tomato,Loam,55.1997,0.6711,4.8003,24.62,70.0,25.0,60.0,0.7,0.012165,0.0
2026-06-01 11:53:00,2,Wheat,Sandy,42.2308,0.5769,12.7692,55.28,60.0,18.0,55.0,0.9,0.008991,0.0
2026-06-01 11:53:00,3,Maize,Clay,64.8535,0.7745,0.1465,14.02,75.0,30.0,65.0,1.0,0.012694,0.0
2026-06-01 11:54:00,1,Tomato,Loam,55.1979,0.6711,4.8021,24.62,70.0,25.0,60.0,0.7,0.012567,0.0
2026-06-01 11:54:00,2,Wheat,Sandy,42.2298,0.5769,12.7702,55.29,60.0,18.0,55.0,0.9,0.009289,0.0
2026-06-01 11:54:00,3,Maize,Clay,64.8521,0.7745,0.1479,14.02,75.0,30.0,65.0,1.0,0.013114,0.0
2026-06-01 11:55:00,1,Tomato,Loam,55.1961,0.671,4.8039,24.65,70.0,25.0,60.0,0.7,0.012595,0.0
2026-06-01 11:55:00,2,Wheat,Sandy,42.2287,0.5769,12.7713,55.29,60.0,18.0,55.0,0.9,0.009309,0.0
2026-06-01 11:55:00,3,Maize,Clay,64.8508,0.7745,0.1492,14.02,75.0,30.0,65.0,1.0,0.013142,0.0
2026-06-01 11:56:00,1,Tomato,Loam,55.1943,0.671,4.8057,24.65,70.0,25.0,60.0,0.7,0.012558,0.0
2026-06-01 11:56:00,2,Wheat,Sandy,42.2277,0.5769,12.7723,55.3,60.0,18.0,55.0,0.9,0.009282,0.0
2026-06-01 11:56:00,3,Maize,Clay,64.8495,0.7744,0.1505,14.02,75.0,30.0,65.0,1.0,0.013104,0.0
2026-06-01 11:57:00,1,Tomato,Loam,55.1925,0.6709,4.8075,24.68,70.0,25.0,60.0,0.7,0.012379,0.0
2026-06-01 11:57:00,2,Wheat,Sandy,42.2267,0.5768,12.7733,55.3,60.0,18.0,55.0,0.9,0.009149,0.0
2026-06-01 11:57:00,3,Maize,Clay,64.8482,0.7744,0.1518,14.02,75.0,30.0,65.0,1.0,0.012917,0.0
2026-06-01 11:58:00,1,Tomato,Loam,55.1907,0.6709,4.8093,24.68,70.0,25.0,60.0,0.7,0.01281,0.0
2026-06-01 11:58:00,2,Wheat,Sandy,42.2256,0.5768,12.7744,55.31,60.0,18.0,55.0,0.9,0.009468,0.0
2026-06-01 11:58:00,3,Maize,Clay,64.8469,0.7744,0.1531,14.02,75.0,30.0,65.0,1.0,0.013367,0.0
2026-06-01 11:59:00,1,Tomato,Loam,55.1889,0.6709,4.8111,24.68,70.0,25.0,60.0,0.7,0.012291,0.0
2026-06-01 11:59:00,2,Wheat,Sandy,42.2246,0.5768,12.7754,55.31,60.0,18.0,55.0,0.9,0.009085,0.0
2026-06-01 11:59:00,3,Maize,Clay,64.8456,0.7743,0.1544,14.01,75.0,30.0,65.0,1.0,0.012826,0.0
2026-06-01 12:00:00,1,Tomato,Loam,55.2253,0.6717,4.7747,24.43,70.0,25.0,60.0,0.7,0.012432,0.0
2026-06-01 12:00:00,2,Wheat,Sandy,42.2532,0.5775,12.7468,55.18,60.0,18.0,55.0,0.9,0.009188,0.0
2026-06-01 12:00:00,3,Maize,Clay,64.8527,0.7745,0.1473,14.02,75.0,30.0,65.0,1.0,0.012972,0.0
2026-06-01 12:01:00,1,Tomato,Loam,55.2616,0.6725,4.7384,24.18,70.0,25.0,60.0,0.7,0.012357,0.0
2026-06-01 12:01:00,2,Wheat,Sandy,42.2818,0.5781,12.7182,55.05,60.0,18.0,55.0,0.9,0.009133,0.0
2026-06-01 12:01:00,3,Maize,Clay,64.8597,0.7747,0.1403,14.03,75.0,30.0,65.0,1.0,0.012894,0.0
2026-06-01 12:02:00,1,Tomato,Loam,55.2978,0.6733,4.7022,23.93,70.0,25.0,60.0,0.7,0.012931,0.0
2026-06-01 12:02:00,2,Wheat,Sandy,42.3104,0.5788,12.6896,54.92,60.0,18.0,55.0,0.9,0.009557,0.0
2026-06-01 12:02:00,3,Maize,Clay,64.8667,0.7748,0.1333,14.03,75.0,30.0,65.0,1.0,0.013493,0.0
2026-06-01 12:03:00,1,Tomato,Loam,55.3341,0.6741,4.6659,23.67,70.0,25.0,60.0,0.7,0.012749,0.0
2026-06-01 12:03:00,2,Wheat,Sandy,42.339,0.5795,12.661,54.79,60.0,18.0,55.0,0.9,0.009423,0.0
2026-06-01 12:03:00,3,Maize,Clay,64.8737,0.775,0.1263,14.04,75.0,30.0,65.0,1.0,0.013303,0.0
2026-06-01 12:04:00,1,Tomato,Loam,55.3704,0.6749,4.6296,23.41,70.0,25.0,60.0,0.7,0.012817,0.0
2026-06-01 12:04:00,2,Wheat,Sandy,42.3676,0.5802,12.6324,54.66,60.0,18.0,55.0,0.9,0.009473,0.0
2026-06-01 12:04:00,3,Maize,Clay,64.8807,0.7751,0.1193,14.04,75.0,30.0,65.0,1.0,0.013374,0.0
2026-06-01 12:05:00,1,Tomato,Loam,55.4066,0.6757,4.5934,23.15,70.0,25.0,60.0,0.7,0.01313,0.0
2026-06-01 12:05:00,2,Wheat,Sandy,42.3961,0.5809,12.6039,54.54,60.0,18.0,55.0,0.9,0.009704,0.0
2026-06-01 12:05:00,3,Maize,Clay,64.8876,0.7753,0.1124,14.05,75.0,30.0,65.0,1.0,0.0137,0.0
2026-06-01 12:06:00,1,Tomato,Loam,55.4427,0.6765,4.5573,22.89,70.0,25.0,60.0,0.7,0.013601,0.0
2026-06-01 12:06:00,2,Wheat,Sandy,42.4246,0.5815,12.5754,54.41,60.0,18.0,55.0,0.9,0.010053,0.0
2026-06-01 12:06:00,3,Maize,Clay,64.8946,0.7754,0.1054,14.06,75.0,30.0,65.0,1.0,0.014192,0.0
2026-06-01 12:07:00,1,Tomato,Loam,55.4791,0.6773,4.5209,22.63,70.0,25.0,60.0,0.7,0.012221,0.0
2026-06-01 12:07:00,2,Wheat,Sandy,42.4533,0.5822,12.5467,54.29,60.0,18.0,55.0,0.9,0.009033,0.0
2026-06-01 12:07:00,3,Maize,Clay,64.9016,0.7756,0.0984,14.06,75.0,30.0,65.0,1.0,0.012752,0.0
2026-06-01 12:08:00,1,Tomato,Loam,55.5154,0.6781,4.4846,22.36,70.0,25.0,60.0,0.7,0.012438,0.0
2026-06-01 12:08:00,2,Wheat,Sandy,42.4819,0.5829,12.5181,54.16,60.0,18.0,55.0,0.9,0.009194,0.0
2026-06-01 12:08:00,3,Maize,Clay,64.9086,0.7757,0.0914,14.07,75.0,30.0,65.0,1.0,0.012979,0.0
2026-06-01 12:09:00,1,Tomato,Loam,55.5517,0.6789,4.4483,22.1,70.0,25.0,60.0,0.7,0.012511,0.0
2026-06-01 12:09:00,2,Wheat,Sandy,42.5105,0.5836,12.4895,54.04,60.0,18.0,55.0,0.9,0.009247,0.0
2026-06-01 12:09:00,3,Maize,Clay,64.9157,0.7759,0.0843,14.08,75.0,30.0,65.0,1.0,0.013055,0.0
2026-06-01 12:10:00,1,Tomato,Loam,55.588,0.6797,4.412,21.83,70.0,25.0,60.0,0.7,0.012532,0.0
2026-06-01 12:10:00,2,Wheat,Sandy,42.5391,0.5843,12.4609,53.92,60.0,18.0,55.0,0.9,0.009262,0.0
2026-06-01 12:10:00,3,Maize,Clay,64.9227,0.7761,0.0773,14.08,75.0,30.0,65.0,1.0,0.013076,0.0
2026-06-01 12:11:00,1,Tomato,Loam,55.6243,0.6805,4.3757,21.56,70.0,25.0,60.0,0.7,0.01249,0.0
2026-06-01 12:11:00,2,Wheat,Sandy,42.5677,0.5849,12.4323,53.8,60.0,18.0,55.0,0.9,0.009232,0.0
2026-06-01 12:11:00,3,Maize,Clay,64.9297,0.7762,0.0703,14.09,75.0,30.0,65.0,1.0,0.013033,0.0
2026-06-01 12:12:00,1,Tomato,Loam,55.6606,0.6813,4.3394,21.29,70.0,25.0,60.0,0.7,0.012766,0.0
2026-06-01 12:12:00,2,Wheat,Sandy,42.5962,0.5856,12.4038,53.67,60.0,18.0,55.0,0.9,0.009436,0.0
2026-06-01 12:12:00,3,Maize,Clay,64.9367,0.7764,0.0633,14.1,75.0,30.0,65.0,1.0,0.013321,0.0
2026-06-01 12:13:00,1,Tomato,Loam,55.6969,0.6822,4.3031,20.98,70.0,25.0,60.0,0.7,0.012451,0.0
2026-06-01 12:13:00,2,Wheat,Sandy,42.6249,0.5863,12.3751,53.55,60.0,18.0,55.0,0.9,0.009203,0.0
2026-06-01 12:13:00,3,Maize,Clay,64.9438,0.7765,0.0562,14.1,75.0,30.0,65.0,1.0,0.012992,0.0
2026-06-01 12:14:00,1,Tomato,Loam,55.7331,0.683,4.2669,20.71,70.0,25.0,60.0,0.7,0.012996,0.0
2026-06-01 12:14:00,2,Wheat,Sandy,42.6534,0.587,12.3466,53.43,60.0,18.0,55.0,0.9,0.009606,0.0
2026-06-01 12:14:00,3,Maize,Clay,64.9507,0.7767,0.0493,14.11,75.0,30.0,65.0,1.0,0.013561,0.0
2026-06-01 12:15:00,1,Tomato,Loam,55.7313,0.6829,4.2687,20.74,70.0,25.0,60.0,0.7,0.012852,0.0
2026-06-01 12:15:00,2,Wheat,Sandy,42.6524,0.587,12.3476,53.44,60.0,18.0,55.0,0.9,0.0095,0.0
2026-06-01 12:15:00,3,Maize,Clay,64.9494,0.7767,0.0506,14.11,75.0,30.0,65.0,1.0,0.013411,0.0
2026-06-01 12:16:00,1,Tomato,Loam,55.7294,0.6829,4.2706,20.74,70.0,25.0,60.0,0.7,0.013023,0.0
2026-06-01 12:16:00,2,Wheat,Sandy,42.6513,0.5869,12.3487,53.44,60.0,18.0,55.0,0.9,0.009625,0.0
2026-06-01 12:16:00,3,Maize,Clay,64.9481,0.7766,0.0519,14.1,75.0,30.0,65.0,1.0,0.013589,0.0
2026-06-01 12:17:00,1,Tomato,Loam,55.7276,0.6828,4.2724,20.78,70.0,25.0,60.0,0.7,0.013094,0.0
2026-06-01 12:17:00,2,Wheat,Sandy,42.6502,0.5869,12.3498,53.45,60.0,18.0,55.0,0.9,0.009678,0.0
2026-06-01 12:17:00,3,Maize,Clay,64.9467,0.7766,0.0533,14.1,75.0,30.0,65.0,1.0,0.013663,0.0
2026-06-01 12:18:00,1,Tomato,Loam,55.7257,0.6828,4.2743,20.78,70.0,25.0,60.0,0.7,0.012965,0.0
2026-06-01 12:18:00,2,Wheat,Sandy,42.6492,0.5869,12.3508,53.45,60.0,18.0,55.0,0.9,0.009583,0.0
2026-06-01 12:18:00,3,Maize,Clay,64.9453,0.7766,0.0547,14.1,75.0,30.0,65.0,1.0,0.013529,0.0
2026-06-01 12:19:00,1,Tomato,Loam,55.7239,0.6828,4.2761,20.78,70.0,25.0,60.0,0.7,0.012666,0.0
2026-06-01 12:19:00,2,Wheat,Sandy,42.6481,0.5869,12.3519,53.46,60.0,18.0,55.0,0.9,0.009362,0.0
2026-06-01 12:19:00,3,Maize,Clay,64.944,0.7765,0.056,14.1,75.0,30.0,65.0,1.0,0.013217,0.0
2026-06-01 12:20:00,1,Tomato,Loam,55.722,0.6827,4.278,20.81,70.0,25.0,60.0,0.7,0.013609,0.0
2026-06-01 12:20:00,2,Wheat,Sandy,42.647,0.5868,12.353,53.46,60.0,18.0,55.0,0.9,0.010059,0.0
2026-06-01 12:20:00,3,Maize,Clay,64.9426,0.7765,0.0574,14.1,75.0,30.0,65.0,1.0,0.014201,0.0
2026-06-01 12:21:00,1,Tomato,Loam,55.7201,0.6827,4.2799,20.81,70.0,25.0,60.0,0.7,0.013093,0.0
2026-06-01 12:21:00,2,Wheat,Sandy,42.6459,0.5868,12.3541,53.47,60.0,18.0,55.0,0.9,0.009677,0.0
2026-06-01 12:21:00,3,Maize,Clay,64.9412,0.7765,0.0588,14.1,75.0,30.0,65.0,1.0,0.013662,0.0
2026-06-01 12:22:00,1,Tomato,Loam,55.7183,0.6826,4.2817,20.85,70.0,25.0,60.0,0.7,0.012336,0.0
2026-06-01 12:22:00,2,Wheat,Sandy,42.6449,0.5868,12.3551,53.47,60.0,18.0,55.0,0.9,0.009118,0.0
2026-06-01 12:22:00,3,Maize,Clay,64.9399,0.7764,0.0601,14.1,75.0,30.0,65.0,1.0,0.012872,0.0
2026-06-01 12:23:00,1,Tomato,Loam,55.7165,0.6826,4.2835,20.85,70.0,25.0,60.0,0.7,0.012518,0.0
2026-06-01 12:23:00,2,Wheat,Sandy,42.6439,0.5868,12.3561,53.47,60.0,18.0,55.0,0.9,0.009252,0.0
2026-06-01 12:23:00,3,Maize,Clay,64.9386,0.7764,0.0614,14.1,75.0,30.0,65.0,1.0,0.013062,0.0
2026-06-01 12:24:00,1,Tomato,Loam,55.7148,0.6826,4.2852,20.85,70.0,25.0,60.0,0.7,0.012449,0.0
2026-06-01 12:24:00,2,Wheat,Sandy,42.6428,0.5867,12.3572,53.48,60.0,18.0,55.0,0.9,0.009201,0.0
2026-06-01 12:24:00,3,Maize,Clay,64.9373,0.7764,0.0627,14.1,75.0,30.0,65.0,1.0,0.01299,0.0
2026-06-01 12:25:00,1,Tomato,Loam,55.7129,0.6825,4.2871,20.88,70.0,25.0,60.0,0.7,0.012992,0.0
2026-06-01 12:25:00,2,Wheat,Sandy,42.6418,0.5867,12.3582,53.48,60.0,18.0,55.0,0.9,0.009602,0.0
2026-06-01 12:25:00,3,Maize,Clay,64.936,0.7764,0.064,14.1,75.0,30.0,65.0,1.0,0.013556,0.0
2026-06-01 12:26:00,1,Tomato,Loam,55.7111,0.6825,4.2889,20.88,70.0,25.0,60.0,0.7,0.013036,0.0
2026-06-01 12:26:00,2,Wheat,Sandy,42.6407,0.5867,12.3593,53.49,60.0,18.0,55.0,0.9,0.009636,0.0
2026-06-01 12:26:00,3,Maize,Clay,64.9346,0.7763,0.0654,14.09,75.0,30.0,65.0,1.0,0.013603,0.0
2026-06-01 12:27:00,1,Tomato,Loam,55.7092,0.6824,4.2908,20.91,70.0,25.0,60.0,0.7,0.012928,0.0
2026-06-01 12:27:00,2,Wheat,Sandy,42.6396,0.5867,12.3604,53.49,60.0,18.0,55.0,0.9,0.009556,0.0
2026-06-01 12:27:00,3,Maize,Clay,64.9333,0.7763,0.0667,14.09,75.0,30.0,65.0,1.0,0.01349,0.0
2026-06-01 12:28:00,1,Tomato,Loam,55.7073,0.6824,4.2927,20.91,70.0,25.0,60.0,0.7,0.013573,0.0
2026-06-01 12:28:00,2,Wheat,Sandy,42.6385,0.5866,12.3615,53.5,60.0,18.0,55.0,0.9,0.010033,0.0
2026-06-01 12:28:00,3,Maize,Clay,64.9318,0.7763,0.0682,14.09,75.0,30.0,65.0,1.0,0.014164,0.0
2026-06-01 12:29:00,1,Tomato,Loam,55.7054,0.6823,4.2946,20.95,70.0,25.0,60.0,0.7,0.013128,0.0
2026-06-01 12:29:00,2,Wheat,Sandy,42.6375,0.5866,12.3625,53.5,60.0,18.0,55.0,0.9,0.009704,0.0
2026-06-01 12:29:00,3,Maize,Clay,64.9305,0.7762,0.0695,14.09,75.0,30.0,65.0,1.0,0.013699,0.0
2026-06-01 12:30:00,1,Tomato,Loam,55.7035,0.6823,4.2965,20.95,70.0,25.0,60.0,0.7,0.013238,0.0
2026-06-01 12:30:00,2,Wheat,Sandy,42.6364,0.5866,12.3636,53.51,60.0,18.0,55.0,0.9,0.009784,0.0
2026-06-01 12:30:00,3,Maize,Clay,64.9291,0.7762,0.0709,14.09,75.0,30.0,65.0,1.0,0.013813,0.0
2026-06-01 12:31:00,1,Tomato,Loam,55.7017,0.6823,4.2983,20.95,70.0,25.0,60.0,0.7,0.012721,0.0
2026-06-01 12:31:00,2,Wheat,Sandy,42.6353,0.5866,12.3647,53.51,60.0,18.0,55.0,0.9,0.009403,0.0
2026-06-01 12:31:00,3,Maize,Clay,64.9278,0.7762,0.0722,14.09,75.0,30.0,65.0,1.0,0.013274,0.0
2026-06-01 12:32:00,1,Tomato,Loam,55.6999,0.6822,4.3001,20.98,70.0,25.0,60.0,0.7,0.01274,0.0
2026-06-01 12:32:00,2,Wheat,Sandy,42.6343,0.5865,12.3657,53.51,60.0,18.0,55.0,0.9,0.009416,0.0
2026-06-01 12:32:00,3,Maize,Clay,64.9264,0.7761,0.0736,14.08,75.0,30.0,65.0,1.0,0.013294,0.0
2026-06-01 12:33:00,1,Tomato,Loam,55.698,0.6822,4.302,20.98,70.0,25.0,60.0,0.7,0.013204,0.0
2026-06-01 12:33:00,2,Wheat,Sandy,42.6332,0.5865,12.3668,53.52,60.0,18.0,55.0,0.9,0.00976,0.0
2026-06-01 12:33:00,3,Maize,Clay,64.925,0.7761,0.075,14.08,75.0,30.0,65.0,1.0,0.013778,0.0
2026-06-01 12:34:00,1,Tomato,Loam,55.6961,0.6821,4.3039,21.02,70.0,25.0,60.0,0.7,0.013263,0.0
2026-06-01 12:34:00,2,Wheat,Sandy,42.6321,0.5865,12.3679,53.52,60.0,18.0,55.0,0.9,0.009803,0.0
2026-06-01 12:34:00,3,Maize,Clay,64.9237,0.7761,0.0763,14.08,75.0,30.0,65.0,1.0,0.01384,0.0
2026-06-01 12:35:00,1,Tomato,Loam,55.6943,0.6821,4.3057,21.02,70.0,25.0,60.0,0.7,0.012632,0.0
2026-06-01 12:35:00,2,Wheat,Sandy,42.6311,0.5865,12.3689,53.53,60.0,18.0,55.0,0.9,0.009336,0.0
2026-06-01 12:35:00,3,Maize,Clay,64.9223,0.7761,0.0777,14.08,75.0,30.0,65.0,1.0,0.013181,0.0
2026-06-01 12:36:00,1,Tomato,Loam,55.6924,0.6821,4.3076,21.02,70.0,25.0,60.0,0.7,0.013004,0.0
2026-06-01 12:36:00,2,Wheat,Sandy,42.63,0.5864,12.37,53.53,60.0,18.0,55.0,0.9,0.009612,0.0
2026-06-01 12:36:00,3,Maize,Clay,64.921,0.776,0.079,14.08,75.0,30.0,65.0,1.0,0.01357,0.0
2026-06-01 12:37:00,1,Tomato,Loam,55.6906,0.682,4.3094,21.05,70.0,25.0,60.0,0.7,0.013136,0.0
2026-06-01 12:37:00,2,Wheat,Sandy,42.6289,0.5864,12.3711,53.54,60.0,18.0,55.0,0.9,0.00971,0.0
2026-06-01 12:37:00,3,Maize,Clay,64.9196,0.776,0.0804,14.08,75.0,30.0,65.0,1.0,0.013708,0.0
2026-06-01 12:38:00,1,Tomato,Loam,55.6887,0.682,4.3113,21.05,70.0,25.0,60.0,0.7,0.013103,0.0
2026-06-01 12:38:00,2,Wheat,Sandy,42.6278,0.5864,12.3722,53.54,60.0,18.0,55.0,0.9,0.009685,0.0
2026-06-01 12:38:00,3,Maize,Clay,64.9182,0.776,0.0818,14.08,75.0,30.0,65.0,1.0,0.013673,0.0
2026-06-01 12:39:00,1,Tomato,Loam,55.6869,0.6819,4.3131,21.09,70.0,25.0,60.0,0.7,0.012936,0.0
2026-06-01 12:39:00,2,Wheat,Sandy,42.6268,0.5864,12.3732,53.55,60.0,18.0,55.0,0.9,0.009562,0.0
2026-06-01 12:39:00,3,Maize,Clay,64.9169,0.7759,0.0831,14.08,75.0,30.0,65.0,1.0,0.013499,0.0
2026-06-01 12:40:00,1,Tomato,Loam,55.685,0.6819,4.315,21.09,70.0,25.0,60.0,0.7,0.013074,0.0
2026-06-01 12:40:00,2,Wheat,Sandy,42.6257,0.5863,12.3743,53.55,60.0,18.0,55.0,0.9,0.009664,0.0
2026-06-01 12:40:00,3,Maize,Clay,64.9155,0.7759,0.0845,14.08,75.0,30.0,65.0,1.0,0.013643,0.0
2026-06-01 12:41:00,1,Tomato,Loam,55.6831,0.6818,4.3169,21.12,70.0,25.0,60.0,0.7,0.013086,0.0
2026-06-01 12:41:00,2,Wheat,Sandy,42.6246,0.5863,12.3754,53.55,60.0,18.0,55.0,0.9,0.009672,0.0
2026-06-01 12:41:00,3,Maize,Clay,64.9142,0.7759,0.0858,14.08,75.0,30.0,65.0,1.0,0.013655,0.0
2026-06-01 12:42:00,1,Tomato,Loam,55.6812,0.6818,4.3188,21.12,70.0,25.0,60.0,0.7,0.013236,0.0
2026-06-01 12:42:00,2,Wheat,Sandy,42.6235,0.5863,12.3765,53.56,60.0,18.0,55.0,0.9,0.009783,0.0
2026-06-01 12:42:00,3,Maize,Clay,64.9128,0.7758,0.0872,14.07,75.0,30.0,65.0,1.0,0.013812,0.0
2026-06-01 12:43:00,1,Tomato,Loam,55.6793,0.6818,4.3207,21.12,70.0,25.0,60.0,0.7,0.013404,0.0
2026-06-01 12:43:00,2,Wheat,Sandy,42.6224,0.5862,12.3776,53.56,60.0,18.0,55.0,0.9,0.009908,0.0
2026-06-01 12:43:00,3,Maize,Clay,64.9114,0.7758,0.0886,14.07,75.0,30.0,65.0,1.0,0.013987,0.0
2026-06-01 12:44:00,1,Tomato,Loam,55.6774,0.6817,4.3226,21.15,70.0,25.0,60.0,0.7,0.013542,0.0
2026-06-01 12:44:00,2,Wheat,Sandy,42.6213,0.5862,12.3787,53.57,60.0,18.0,55.0,0.9,0.01001,0.0
2026-06-01 12:44:00,3,Maize,Clay,64.91,0.7758,0.09,14.07,75.0,30.0,65.0,1.0,0.014131,0.0
2026-06-01 12:45:00,1,Tomato,Loam,55.6755,0.6817,4.3245,21.15,70.0,25.0,60.0,0.7,0.01305,0.0
2026-06-01 12:45:00,2,Wheat,Sandy,42.6203,0.5862,12.3797,53.57,60.0,18.0,55.0,0.9,0.009646,0.0
2026-06-01 12:45:00,3,Maize,Clay,64.9086,0.7757,0.0914,14.07,75.0,30.0,65.0,1.0,0.013618,0.0
2026-06-01 12:46:00,1,Tomato,Loam,55.6737,0.6816,4.3263,21.19,70.0,25.0,60.0,0.7,0.013013,0.0
2026-06-01 12:46:00,2,Wheat,Sandy,42.6192,0.5862,12.3808,53.58,60.0,18.0,55.0,0.9,0.009619,0.0
2026-06-01 12:46:00,3,Maize,Clay,64.9073,0.7757,0.0927,14.07,75.0,30.0,65.0,1.0,0.013579,0.0
2026-06-01 12:47:00,1,Tomato,Loam,55.6718,0.6816,4.3282,21.19,70.0,25.0,60.0,0.7,0.013304,0.0
2026-06-01 12:47:00,2,Wheat,Sandy,42.6181,0.5861,12.3819,53.58,60.0,18.0,55.0,0.9,0.009834,0.0
2026-06-01 12:47:00,3,Maize,Clay,64.9059,0.7757,0.0941,14.07,75.0,30.0,65.0,1.0,0.013883,0.0
2026-06-01 12:48:00,1,Tomato,Loam,55.6699,0.6816,4.3301,21.19,70.0,25.0,60.0,0.7,0.013274,0.0
2026-06-01 12:48:00,2,Wheat,Sandy,42.617,0.5861,12.383,53.59,60.0,18.0,55.0,0.9,0.009812,0.0
2026-06-01 12:48:00,3,Maize,Clay,64.9045,0.7757,0.0955,14.07,75.0,30.0,65.0,1.0,0.013852,0.0
2026-06-01 12:49:00,1,Tomato,Loam,55.668,0.6815,4.332,21.22,70.0,25.0,60.0,0.7,0.013227,0.0
2026-06-01 12:49:00,2,Wheat,Sandy,42.6159,0.5861,12.3841,53.59,60.0,18.0,55.0,0.9,0.009777,0.0
2026-06-01 12:49:00,3,Maize,Clay,64.9031,0.7756,0.0969,14.06,75.0,30.0,65.0,1.0,0.013802,0.0
2026-06-01 12:50:00,1,Tomato,Loam,55.666,0.6815,4.334,21.22,70.0,25.0,60.0,0.7,0.01354,0.0
2026-06-01 12:50:00,2,Wheat,Sandy,42.6148,0.5861,12.3852,53.6,60.0,18.0,55.0,0.9,0.010008,0.0
2026-06-01 12:50:00,3,Maize,Clay,64.9017,0.7756,0.0983,14.06,75.0,30.0,65.0,1.0,0.014129,0.0
2026-06-01 12:51:00,1,Tomato,Loam,55.6641,0.6814,4.3359,21.26,70.0,25.0,60.0,0.7,0.013615,0.0
2026-06-01 12:51:00,2,Wheat,Sandy,42.6137,0.586,12.3863,53.6,60.0,18.0,55.0,0.9,0.010063,0.0
2026-06-01 12:51:00,3,Maize,Clay,64.9003,0.7756,0.0997,14.06,75.0,30.0,65.0,1.0,0.014207,0.0
2026-06-01 12:52:00,1,Tomato,Loam,55.6622,0.6814,4.3378,21.26,70.0,25.0,60.0,0.7,0.01361,0.0
2026-06-01 12:52:00,2,Wheat,Sandy,42.6126,0.586,12.3874,53.61,60.0,18.0,55.0,0.9,0.01006,0.0
2026-06-01 12:52:00,3,Maize,Clay,64.8988,0.7755,0.1012,14.06,75.0,30.0,65.0,1.0,0.014202,0.0
2026-06-01 12:53:00,1,Tomato,Loam,55.6602,0.6813,4.3398,21.29,70.0,25.0,60.0,0.7,0.013849,0.0
2026-06-01 12:53:00,2,Wheat,Sandy,42.6114,0.586,12.3886,53.61,60.0,18.0,55.0,0.9,0.010237,0.0
2026-06-01 12:53:00,3,Maize,Clay,64.8974,0.7755,0.1026,14.06,75.0,30.0,65.0,1.0,0.014452,0.0
2026-06-01 12:54:00,1,Tomato,Loam,55.6583,0.6813,4.3417,21.29,70.0,25.0,60.0,0.7,0.012987,0.0
2026-06-01 12:54:00,2,Wheat,Sandy,42.6104,0.586,12.3896,53.61,60.0,18.0,55.0,0.9,0.009599,0.0
2026-06-01 12:54:00,3,Maize,Clay,64.896,0.7755,0.104,14.06,75.0,30.0,65.0,1.0,0.013552,0.0
2026-06-01 12:55:00,1,Tomato,Loam,55.6564,0.6813,4.3436,21.29,70.0,25.0,60.0,0.7,0.013264,0.0
2026-06-01 12:55:00,2,Wheat,Sandy,42.6093,0.5859,12.3907,53.62,60.0,18.0,55.0,0.9,0.009804,0.0
2026-06-01 12:55:00,3,Maize,Clay,64.8946,0.7754,0.1054,14.06,75.0,30.0,65.0,1.0,0.013841,0.0
2026-06-01 12:56:00,1,Tomato,Loam,55.6545,0.6812,4.3455,21.32,70.0,25.0,60.0,0.7,0.013231,0.0
2026-06-01 12:56:00,2,Wheat,Sandy,42.6082,0.5859,12.3918,53.62,60.0,18.0,55.0,0.9,0.009779,0.0
2026-06-01 12:56:00,3,Maize,Clay,64.8933,0.7754,0.1067,14.06,75.0,30.0,65.0,1.0,0.013806,0.0
2026-06-01 12:57:00,1,Tomato,Loam,55.6526,0.6812,4.3474,21.32,70.0,25.0,60.0,0.7,0.013258,0.0
2026-06-01 12:57:00,2,Wheat,Sandy,42.6071,0.5859,12.3929,53.63,60.0,18.0,55.0,0.9,0.0098,0.0
2026-06-01 12:57:00,3,Maize,Clay,64.8919,0.7754,0.1081,14.06,75.0,30.0,65.0,1.0,0.013835,0.0
2026-06-01 12:58:00,1,Tomato,Loam,55.6508,0.6811,4.3492,21.36,70.0,25.0,60.0,0.7,0.013087,0.0
2026-06-01 12:58:00,2,Wheat,Sandy,42.606,0.5859,12.394,53.63,60.0,18.0,55.0,0.9,0.009673,0.0
2026-06-01 12:58:00,3,Maize,Clay,64.8905,0.7753,0.1095,14.05,75.0,30.0,65.0,1.0,0.013656,0.0
2026-06-01 12:59:00,1,Tomato,Loam,55.649,0.6811,4.351,21.36,70.0,25.0,60.0,0.7,0.012734,0.0
2026-06-01 12:59:00,2,Wheat,Sandy,42.605,0.5858,12.395,53.64,60.0,18.0,55.0,0.9,0.009412,0.0
2026-06-01 12:59:00,3,Maize,Clay,64.8892,0.7753,0.1108,14.05,75.0,30.0,65.0,1.0,0.013288,0.0
2026-06-01 13:00:00,1,Tomato,Loam,55.6471,0.681,4.3529,21.39,70.0,25.0,60.0,0.7,0.013297,0.0
2026-06-01 13:00:00,2,Wheat,Sandy,42.6039,0.5858,12.3961,53.64,60.0,18.0,55.0,0.9,0.009829,0.0
2026-06-01 13:00:00,3,Maize,Clay,64.8878,0.7753,0.1122,14.05,75.0,30.0,65.0,1.0,0.013876,0.0
2026-06-01 13:01:00,1,Tomato,Loam,55.6452,0.681,4.3548,21.39,70.0,25.0,60.0,0.7,0.013085,0.0
2026-06-01 13:01:00,2,Wheat,Sandy,42.6028,0.5858,12.3972,53.65,60.0,18.0,55.0,0.9,0.009671,0.0
2026-06-01 13:01:00,3,Maize,Clay,64.8864,0.7753,0.1136,14.05,75.0,30.0,65.0,1.0,0.013654,0.0
2026-06-01 13:02:00,1,Tomato,Loam,55.6433,0.681,4.3567,21.39,70.0,25.0,60.0,0.7,0.013472,0.0
2026-06-01 13:02:00,2,Wheat,Sandy,42.6017,0.5858,12.3983,53.65,60.0,18.0,55.0,0.9,0.009958,0.0
2026-06-01 13:02:00,3,Maize,Clay,64.885,0.7752,0.115,14.05,75.0,30.0,65.0,1.0,0.014058,0.0
2026-06-01 13:03:00,1,Tomato,Loam,55.6414,0.6809,4.3586,21.43,70.0,25.0,60.0,0.7,0.013107,0.0
2026-06-01 13:03:00,2,Wheat,Sandy,42.6006,0.5857,12.3994,53.66,60.0,18.0,55.0,0.9,0.009687,0.0
2026-06-01 13:03:00,3,Maize,Clay,64.8837,0.7752,0.1163,14.05,75.0,30.0,65.0,1.0,0.013676,0.0
2026-06-01 13:04:00,1,Tomato,Loam,55.6395,0.6809,4.3605,21.43,70.0,25.0,60.0,0.7,0.012985,0.0
2026-06-01 13:04:00,2,Wheat,Sandy,42.5996,0.5857,12.4004,53.66,60.0,18.0,55.0,0.9,0.009597,0.0
2026-06-01 13:04:00,3,Maize,Clay,64.8823,0.7752,0.1177,14.05,75.0,30.0,65.0,1.0,0.013549,0.0
2026-06-01 13:05:00,1,Tomato,Loam,55.6376,0.6808,4.3624,21.46,70.0,25.0,60.0,0.7,0.013419,0.0
2026-06-01 13:05:00,2,Wheat,Sandy,42.5985,0.5857,12.4015,53.67,60.0,18.0,55.0,0.9,0.009919,0.0
2026-06-01 13:05:00,3,Maize,Clay,64.8809,0.7751,0.1191,14.04,75.0,30.0,65.0,1.0,0.014003,0.0
2026-06-01 13:06:00,1,Tomato,Loam,55.6357,0.6808,4.3643,21.46,70.0,25.0,60.0,0.7,0.013386,0.0
2026-06-01 13:06:00,2,Wheat,Sandy,42.5974,0.5857,12.4026,53.67,60.0,18.0,55.0,0.9,0.009894,0.0
2026-06-01 13:06:00,3,Maize,Clay,64.8795,0.7751,0.1205,14.04,75.0,30.0,65.0,1.0,0.013968,0.0
2026-06-01 13:07:00,1,Tomato,Loam,55.6338,0.6808,4.3662,21.46,70.0,25.0,60.0,0.7,0.013503,0.0
2026-06-01 13:07:00,2,Wheat,Sandy,42.5962,0.5856,12.4038,53.67,60.0,18.0,55.0,0.9,0.009981,0.0
2026-06-01 13:07:00,3,Maize,Clay,64.8781,0.7751,0.1219,14.04,75.0,30.0,65.0,1.0,0.01409,0.0
2026-06-01 13:08:00,1,Tomato,Loam,55.6318,0.6807,4.3682,21.49,70.0,25.0,60.0,0.7,0.013971,0.0
2026-06-01 13:08:00,2,Wheat,Sandy,42.5951,0.5856,12.4049,53.68,60.0,18.0,55.0,0.9,0.010327,0.0
2026-06-01 13:08:00,3,Maize,Clay,64.8766,0.775,0.1234,14.04,75.0,30.0,65.0,1.0,0.014579,0.0
2026-06-01 13:09:00,1,Tomato,Loam,55.6299,0.6807,4.3701,21.49,70.0,25.0,60.0,0.7,0.013415,0.0
2026-06-01 13:09:00,2,Wheat,Sandy,42.594,0.5856,12.406,53.68,60.0,18.0,55.0,0.9,0.009915,0.0
2026-06-01 13:09:00,3,Maize,Clay,64.8752,0.775,0.1248,14.04,75.0,30.0,65.0,1.0,0.013998,0.0
2026-06-01 13:10:00,1,Tomato,Loam,55.6279,0.6806,4.3721,21.53,70.0,25.0,60.0,0.7,0.013419,0.0
2026-06-01 13:10:00,2,Wheat,Sandy,42.5929,0.5855,12.4071,53.69,60.0,18.0,55.0,0.9,0.009919,0.0
2026-06-01 13:10:00,3,Maize,Clay,64.8738,0.775,0.1262,14.04,75.0,30.0,65.0,1.0,0.014003,0.0
2026-06-01 13:11:00,1,Tomato,Loam,55.6261,0.6806,4.3739,21.53,70.0,25.0,60.0,0.7,0.012918,0.0
2026-06-01 13:11:00,2,Wheat,Sandy,42.5918,0.5855,12.4082,53.69,60.0,18.0,55.0,0.9,0.009548,0.0
2026-06-01 13:11:00,3,Maize,Clay,64.8725,0.7749,0.1275,14.04,75.0,30.0,65.0,1.0,0.01348,0.0
2026-06-01 13:12:00,1,Tomato,Loam,55.6242,0.6805,4.3758,21.56,70.0,25.0,60.0,0.7,0.012966,0.0
2026-06-01 13:12:00,2,Wheat,Sandy,42.5908,0.5855,12.4092,53.7,60.0,18.0,55.0,0.9,0.009584,0.0
2026-06-01 13:12:00,3,Maize,Clay,64.8711,0.7749,0.1289,14.04,75.0,30.0,65.0,1.0,0.01353,0.0
2026-06-01 13:13:00,1,Tomato,Loam,55.6223,0.6805,4.3777,21.56,70.0,25.0,60.0,0.7,0.013912,0.0
2026-06-01 13:13:00,2,Wheat,Sandy,42.5896,0.5855,12.4104,53.7,60.0,18.0,55.0,0.9,0.010282,0.0
2026-06-01 13:13:00,3,Maize,Clay,64.8697,0.7749,0.1303,14.04,75.0,30.0,65.0,1.0,0.014516,0.0
2026-06-01 13:14:00,1,Tomato,Loam,55.6204,0.6805,4.3796,21.56,70.0,25.0,60.0,0.7,0.013044,0.0
2026-06-01 13:14:00,2,Wheat,Sandy,42.5886,0.5854,12.4114,53.71,60.0,18.0,55.0,0.9,0.009642,0.0
2026-06-01 13:14:00,3,Maize,Clay,64.8683,0.7749,0.1317,14.04,75.0,30.0,65.0,1.0,0.013612,0.0
2026-06-01 13:15:00,1,Tomato,Loam,55.6185,0.6804,4.3815,21.59,70.0,25.0,60.0,0.7,0.012989,0.0
2026-06-01 13:15:00,2,Wheat,Sandy,42.5875,0.5854,12.4125,53.71,60.0,18.0,55.0,0.9,0.009601,0.0
2026-06-01 13:15:00,3,Maize,Clay,64.867,0.7748,0.133,14.03,75.0,30.0,65.0,1.0,0.013554,0.0
2026-06-01 13:16:00,1,Tomato,Loam,55.6166,0.6804,4.3834,21.59,70.0,25.0,60.0,0.7,0.013449,0.0
2026-06-01 13:16:00,2,Wheat,Sandy,42.5864,0.5854,12.4136,53.72,60.0,18.0,55.0,0.9,0.009941,0.0
2026-06-01 13:16:00,3,Maize,Clay,64.8656,0.7748,0.1344,14.03,75.0,30.0,65.0,1.0,0.014034,0.0
2026-06-01 13:17:00,1,Tomato,Loam,55.6147,0.6803,4.3853,21.63,70.0,25.0,60.0,0.7,0.013363,0.0
2026-06-01 13:17:00,2,Wheat,Sandy,42.5853,0.5854,12.4147,53.72,60.0,18.0,55.0,0.9,0.009877,0.0
2026-06-01 13:17:00,3,Maize,Clay,64.8642,0.7748,0.1358,14.03,75.0,30.0,65.0,1.0,0.013944,0.0
2026-06-01 13:18:00,1,Tomato,Loam,55.6128,0.6803,4.3872,21.63,70.0,25.0,60.0,0.7,0.013132,0.0
2026-06-01 13:18:00,2,Wheat,Sandy,42.5842,0.5853,12.4158,53.73,60.0,18.0,55.0,0.9,0.009706,0.0
2026-06-01 13:18:00,3,Maize,Clay,64.8628,0.7747,0.1372,14.03,75.0,30.0,65.0,1.0,0.013703,0.0
2026-06-01 13:19:00,1,Tomato,Loam,55.6109,0.6802,4.3891,21.66,70.0,25.0,60.0,0.7,0.013284,0.0
2026-06-01 13:19:00,2,Wheat,Sandy,42.5831,0.5853,12.4169,53.73,60.0,18.0,55.0,0.9,0.009818,0.0
2026-06-01 13:19:00,3,Maize,Clay,64.8614,0.7747,0.1386,14.03,75.0,30.0,65.0,1.0,0.013861,0.0
2026-06-01 13:20:00,1,Tomato,Loam,55.609,0.6802,4.391,21.66,70.0,25.0,60.0,0.7,0.013694,0.0
2026-06-01 13:20:00,2,Wheat,Sandy,42.582,0.5853,12.418,53.73,60.0,18.0,55.0,0.9,0.010122,0.0
2026-06-01 13:20:00,3,Maize,Clay,64.86,0.7747,0.14,14.03,75.0,30.0,65.0,1.0,0.01429,0.0
2026-06-01 13:21:00,1,Tomato,Loam,55.6071,0.6802,4.3929,21.66,70.0,25.0,60.0,0.7,0.012992,0.0
2026-06-01 13:21:00,2,Wheat,Sandy,42.5809,0.5853,12.4191,53.74,60.0,18.0,55.0,0.9,0.009602,0.0
2026-06-01 13:21:00,3,Maize,Clay,64.8586,0.7746,0.1414,14.02,75.0,30.0,65.0,1.0,0.013556,0.0
2026-06-01 13:22:00,1,Tomato,Loam,55.6053,0.6801,4.3947,21.7,70.0,25.0,60.0,0.7,0.012942,0.0
2026-06-01 13:22:00,2,Wheat,Sandy,42.5799,0.5852,12.4201,53.74,60.0,18.0,55.0,0.9,0.009566,0.0
2026-06-01 13:22:00,3,Maize,Clay,64.8573,0.7746,0.1427,14.02,75.0,30.0,65.0,1.0,0.013505,0.0
2026-06-01 13:23:00,1,Tomato,Loam,55.6033,0.6801,4.3967,21.7,70.0,25.0,60.0,0.7,0.013671,0.0
2026-06-01 13:23:00,2,Wheat,Sandy,42.5788,0.5852,12.4212,53.75,60.0,18.0,55.0,0.9,0.010105,0.0
2026-06-01 13:23:00,3,Maize,Clay,64.8558,0.7746,0.1442,14.02,75.0,30.0,65.0,1.0,0.014266,0.0
2026-06-01 13:24:00,1,Tomato,Loam,55.6014,0.68,4.3986,21.73,70.0,25.0,60.0,0.7,0.013591,0.0
2026-06-01 13:24:00,2,Wheat,Sandy,42.5776,0.5852,12.4224,53.75,60.0,18.0,55.0,0.9,0.010045,0.0
2026-06-01 13:24:00,3,Maize,Clay,64.8544,0.7745,0.1456,14.02,75.0,30.0,65.0,1.0,0.014182,0.0
2026-06-01 13:25:00,1,Tomato,Loam,55.5995,0.68,4.4005,21.73,70.0,25.0,60.0,0.7,0.013284,0.0
2026-06-01 13:25:00,2,Wheat,Sandy,42.5766,0.5852,12.4234,53.76,60.0,18.0,55.0,0.9,0.009818,0.0
2026-06-01 13:25:00,3,Maize,Clay,64.853,0.7745,0.147,14.02,75.0,30.0,65.0,1.0,0.013861,0.0
2026-06-01 13:26:00,1,Tomato,Loam,55.5976,0.6799,4.4024,21.76,70.0,25.0,60.0,0.7,0.012928,0.0
2026-06-01 13:26:00,2,Wheat,Sandy,42.5755,0.5851,12.4245,53.76,60.0,18.0,55.0,0.9,0.009556,0.0
2026-06-01 13:26:00,3,Maize,Clay,64.8517,0.7745,0.1483,14.02,75.0,30.0,65.0,1.0,0.01349,0.0
2026-06-01 13:27:00,1,Tomato,Loam,55.5958,0.6799,4.4042,21.76,70.0,25.0,60.0,0.7,0.013097,0.0
2026-06-01 13:27:00,2,Wheat,Sandy,42.5744,0.5851,12.4256,53.77,60.0,18.0,55.0,0.9,0.009681,0.0
2026-06-01 13:27:00,3,Maize,Clay,64.8503,0.7745,0.1497,14.02,75.0,30.0,65.0,1.0,0.013667,0.0
2026-06-01 13:28:00,1,Tomato,Loam,55.5939,0.6799,4.4061,21.76,70.0,25.0,60.0,0.7,0.013263,0.0
2026-06-01 13:28:00,2,Wheat,Sandy,42.5733,0.5851,12.4267,53.77,60.0,18.0,55.0,0.9,0.009803,0.0
2026-06-01 13:28:00,3,Maize,Clay,64.8489,0.7744,0.1511,14.02,75.0,30.0,65.0,1.0,0.01384,0.0
2026-06-01 13:29:00,1,Tomato,Loam,55.5919,0.6798,4.4081,21.8,70.0,25.0,60.0,0.7,0.013688,0.0
2026-06-01 13:29:00,2,Wheat,Sandy,42.5722,0.5851,12.4278,53.78,60.0,18.0,55.0,0.9,0.010118,0.0
2026-06-01 13:29:00,3,Maize,Clay,64.8475,0.7744,0.1525,14.02,75.0,30.0,65.0,1.0,0.014284,0.0
2026-06-01 13:30:00,1,Tomato,Loam,55.5901,0.6798,4.4099,21.8,70.0,25.0,60.0,0.7,0.012981,0.0
2026-06-01 13:30:00,2,Wheat,Sandy,42.5711,0.585,12.4289,53.78,60.0,18.0,55.0,0.9,0.009595,0.0
2026-06-01 13:30:00,3,Maize,Clay,64.8461,0.7744,0.1539,14.02,75.0,30.0,65.0,1.0,0.013546,0.0
2026-06-01 13:31:00,1,Tomato,Loam,55.5882,0.6797,4.4118,21.83,70.0,25.0,60.0,0.7,0.013301,0.0
2026-06-01 13:31:00,2,Wheat,Sandy,42.57,0.585,12.43,53.79,60.0,18.0,55.0,0.9,0.009831,0.0
2026-06-01 13:31:00,3,Maize,Clay,64.8448,0.7743,0.1552,14.01,75.0,30.0,65.0,1.0,0.013879,0.0
2026-06-01 13:32:00,1,Tomato,Loam,55.5862,0.6797,4.4138,21.83,70.0,25.0,60.0,0.7,0.013618,0.0
2026-06-01 13:32:00,2,Wheat,Sandy,42.5689,0.585,12.4311,53.79,60.0,18.0,55.0,0.9,0.010066,0.0
2026-06-01 13:32:00,3,Maize,Clay,64.8433,0.7743,0.1567,14.01,75.0,30.0,65.0,1.0,0.01421,0.0
2026-06-01 13:33:00,1,Tomato,Loam,55.5844,0.6797,4.4156,21.83,70.0,25.0,60.0,0.7,0.012583,0.0
2026-06-01 13:33:00,2,Wheat,Sandy,42.5679,0.5849,12.4321,53.79,60.0,18.0,55.0,0.9,0.009301,0.0
2026-06-01 13:33:00,3,Maize,Clay,64.842,0.7743,0.158,14.01,75.0,30.0,65.0,1.0,0.01313,0.0
2026-06-01 13:34:00,1,Tomato,Loam,55.5825,0.6796,4.4175,21.86,70.0,25.0,60.0,0.7,0.013575,0.0
2026-06-01 13:34:00,2,Wheat,Sandy,42.5668,0.5849,12.4332,53.8,60.0,18.0,55.0,0.9,0.010033,0.0
2026-06-01 13:34:00,3,Maize,Clay,64.8406,0.7742,0.1594,14.01,75.0,30.0,65.0,1.0,0.014165,0.0
2026-06-01 13:35:00,1,Tomato,Loam,55.5806,0.6796,4.4194,21.86,70.0,25.0,60.0,0.7,0.013019,0.0
2026-06-01 13:35:00,2,Wheat,Sandy,42.5657,0.5849,12.4343,53.8,60.0,18.0,55.0,0.9,0.009623,0.0
2026-06-01 13:35:00,3,Maize,Clay,64.8393,0.7742,0.1607,14.01,75.0,30.0,65.0,1.0,0.013585,0.0
2026-06-01 13:36:00,1,Tomato,Loam,55.5787,0.6795,4.4213,21.9,70.0,25.0,60.0,0.7,0.013455,0.0
2026-06-01 13:36:00,2,Wheat,Sandy,42.5646,0.5849,12.4354,53.81,60.0,18.0,55.0,0.9,0.009945,0.0
2026-06-01 13:36:00,3,Maize,Clay,64.8378,0.7742,0.1622,14.01,75.0,30.0,65.0,1.0,0.01404,0.0
2026-06-01 13:37:00,1,Tomato,Loam,55.5768,0.6795,4.4232,21.9,70.0,25.0,60.0,0.7,0.013453,0.0
2026-06-01 13:37:00,2,Wheat,Sandy,42.5635,0.5848,12.4365,53.81,60.0,18.0,55.0,0.9,0.009943,0.0
2026-06-01 13:37:00,3,Maize,Clay,64.8364,0.7741,0.1636,14.0,75.0,30.0,65.0,1.0,0.014038,0.0
2026-06-01 13:38:00,1,Tomato,Loam,55.5748,0.6794,4.4252,21.93,70.0,25.0,60.0,0.7,0.013684,0.0
2026-06-01 13:38:00,2,Wheat,Sandy,42.5624,0.5848,12.4376,53.82,60.0,18.0,55.0,0.9,0.010114,0.0
2026-06-01 13:38:00,3,Maize,Clay,64.835,0.7741,0.165,14.0,75.0,30.0,65.0,1.0,0.014279,0.0
2026-06-01 13:39:00,1,Tomato,Loam,55.5729,0.6794,4.4271,21.93,70.0,25.0,60.0,0.7,0.013483,0.0
2026-06-01 13:39:00,2,Wheat,Sandy,42.5613,0.5848,12.4387,53.82,60.0,18.0,55.0,0.9,0.009965,0.0
2026-06-01 13:39:00,3,Maize,Clay,64.8336,0.7741,0.1664,14.0,75.0,30.0,65.0,1.0,0.014069,0.0
2026-06-01 13:40:00,1,Tomato,Loam,55.5711,0.6794,4.4289,21.93,70.0,25.0,60.0,0.7,0.012596,0.0
2026-06-01 13:40:00,2,Wheat,Sandy,42.5602,0.5848,12.4398,53.83,60.0,18.0,55.0,0.9,0.00931,0.0
2026-06-01 13:40:00,3,Maize,Clay,64.8323,0.7741,0.1677,14.0,75.0,30.0,65.0,1.0,0.013144,0.0
2026-06-01 13:41:00,1,Tomato,Loam,55.5692,0.6793,4.4308,21.96,70.0,25.0,60.0,0.7,0.013064,0.0
2026-06-01 13:41:00,2,Wheat,Sandy,42.5592,0.5847,12.4408,53.83,60.0,18.0,55.0,0.9,0.009656,0.0
2026-06-01 13:41:00,3,Maize,Clay,64.8309,0.774,0.1691,14.0,75.0,30.0,65.0,1.0,0.013632,0.0
2026-06-01 13:42:00,1,Tomato,Loam,55.5673,0.6793,4.4327,21.96,70.0,25.0,60.0,0.7,0.013302,0.0
2026-06-01 13:42:00,2,Wheat,Sandy,42.5581,0.5847,12.4419,53.84,60.0,18.0,55.0,0.9,0.009832,0.0
2026-06-01 13:42:00,3,Maize,Clay,64.8296,0.774,0.1704,14.0,75.0,30.0,65.0,1.0,0.01388,0.0
2026-06-01 13:43:00,1,Tomato,Loam,55.5654,0.6792,4.4346,22.0,70.0,25.0,60.0,0.7,0.013202,0.0
2026-06-01 13:43:00,2,Wheat,Sandy,42.557,0.5847,12.443,53.84,60.0,18.0,55.0,0.9,0.009758,0.0
2026-06-01 13:43:00,3,Maize,Clay,64.8282,0.774,0.1718,14.0,75.0,30.0,65.0,1.0,0.013776,0.0
2026-06-01 13:44:00,1,Tomato,Loam,55.5635,0.6792,4.4365,22.0,70.0,25.0,60.0,0.7,0.01328,0.0
2026-06-01 13:44:00,2,Wheat,Sandy,42.5559,0.5847,12.4441,53.85,60.0,18.0,55.0,0.9,0.009816,0.0
2026-06-01 13:44:00,3,Maize,Clay,64.8268,0.7739,0.1732,14.0,75.0,30.0,65.0,1.0,0.013858,0.0
2026-06-01 13:45:00,1,Tomato,Loam,55.5616,0.6791,4.4384,22.03,70.0,25.0,60.0,0.7,0.013561,0.0
2026-06-01 13:45:00,2,Wheat,Sandy,42.5548,0.5846,12.4452,53.85,60.0,18.0,55.0,0.9,0.010023,0.0
2026-06-01 13:45:00,3,Maize,Clay,64.8254,0.7739,0.1746,14.0,75.0,30.0,65.0,1.0,0.01415,0.0
2026-06-01 13:46:00,1,Tomato,Loam,55.5596,0.6791,4.4404,22.03,70.0,25.0,60.0,0.7,0.01356,0.0
2026-06-01 13:46:00,2,Wheat,Sandy,42.5537,0.5846,12.4463,53.85,60.0,18.0,55.0,0.9,0.010022,0.0
2026-06-01 13:46:00,3,Maize,Clay,64.8239,0.7739,0.1761,14.0,75.0,30.0,65.0,1.0,0.014149,0.0
2026-06-01 13:47:00,1,Tomato,Loam,55.5577,0.6791,4.4423,22.03,70.0,25.0,60.0,0.7,0.013189,0.0
2026-06-01 13:47:00,2,Wheat,Sandy,42.5526,0.5846,12.4474,53.86,60.0,18.0,55.0,0.9,0.009749,0.0
2026-06-01 13:47:00,3,Maize,Clay,64.8226,0.7738,0.1774,13.99,75.0,30.0,65.0,1.0,0.013763,0.0
2026-06-01 13:48:00,1,Tomato,Loam,55.5559,0.679,4.4441,22.06,70.0,25.0,60.0,0.7,0.012834,0.0
2026-06-01 13:48:00,2,Wheat,Sandy,42.5515,0.5846,12.4485,53.86,60.0,18.0,55.0,0.9,0.009486,0.0
2026-06-01 13:48:00,3,Maize,Clay,64.8212,0.7738,0.1788,13.99,75.0,30.0,65.0,1.0,0.013392,0.0
2026-06-01 13:49:00,1,Tomato,Loam,55.5541,0.679,4.4459,22.06,70.0,25.0,60.0,0.7,0.012965,0.0
2026-06-01 13:49:00,2,Wheat,Sandy,42.5505,0.5845,12.4495,53.87,60.0,18.0,55.0,0.9,0.009583,0.0
2026-06-01 13:49:00,3,Maize,Clay,64.8199,0.7738,0.1801,13.99,75.0,30.0,65.0,1.0,0.013529,0.0
2026-06-01 13:50:00,1,Tomato,Loam,55.5521,0.6789,4.4479,22.1,70.0,25.0,60.0,0.7,0.013493,0.0
2026-06-01 13:50:00,2,Wheat,Sandy,42.5494,0.5845,12.4506,53.87,60.0,18.0,55.0,0.9,0.009973,0.0
2026-06-01 13:50:00,3,Maize,Clay,64.8185,0.7737,0.1815,13.99,75.0,30.0,65.0,1.0,0.01408,0.0
2026-06-01 13:51:00,1,Tomato,Loam,55.5503,0.6789,4.4497,22.1,70.0,25.0,60.0,0.7,0.013033,0.0
2026-06-01 13:51:00,2,Wheat,Sandy,42.5483,0.5845,12.4517,53.88,60.0,18.0,55.0,0.9,0.009633,0.0
2026-06-01 13:51:00,3,Maize,Clay,64.8171,0.7737,0.1829,13.99,75.0,30.0,65.0,1.0,0.0136,0.0
2026-06-01 13:52:00,1,Tomato,Loam,55.5484,0.6789,4.4516,22.1,70.0,25.0,60.0,0.7,0.013404,0.0
2026-06-01 13:52:00,2,Wheat,Sandy,42.5472,0.5845,12.4528,53.88,60.0,18.0,55.0,0.9,0.009908,0.0
2026-06-01 13:52:00,3,Maize,Clay,64.8157,0.7737,0.1843,13.99,75.0,30.0,65.0,1.0,0.013987,0.0
2026-06-01 13:53:00,1,Tomato,Loam,55.5464,0.6788,4.4536,22.13,70.0,25.0,60.0,0.7,0.013575,0.0
2026-06-01 13:53:00,2,Wheat,Sandy,42.5461,0.5844,12.4539,53.89,60.0,18.0,55.0,0.9,0.010033,0.0
2026-06-01 13:53:00,3,Maize,Clay,64.8143,0.7737,0.1857,13.99,75.0,30.0,65.0,1.0,0.014165,0.0
2026-06-01 13:54:00,1,Tomato,Loam,55.5445,0.6788,4.4555,22.13,70.0,25.0,60.0,0.7,0.01331,0.0
2026-06-01 13:54:00,2,Wheat,Sandy,42.545,0.5844,12.455,53.89,60.0,18.0,55.0,0.9,0.009838,0.0
2026-06-01 13:54:00,3,Maize,Clay,64.8129,0.7736,0.1871,13.98,75.0,30.0,65.0,1.0,0.013889,0.0
2026-06-01 13:55:00,1,Tomato,Loam,55.5428,0.6787,4.4572,22.16,70.0,25.0,60.0,0.7,0.012289,0.0
2026-06-01 13:55:00,2,Wheat,Sandy,42.544,0.5844,12.456,53.9,60.0,18.0,55.0,0.9,0.009083,0.0
2026-06-01 13:55:00,3,Maize,Clay,64.8116,0.7736,0.1884,13.98,75.0,30.0,65.0,1.0,0.012823,0.0
2026-06-01 13:56:00,1,Tomato,Loam,55.5409,0.6787,4.4591,22.16,70.0,25.0,60.0,0.7,0.012813,0.0
2026-06-01 13:56:00,2,Wheat,Sandy,42.5429,0.5844,12.4571,53.9,60.0,18.0,55.0,0.9,0.009471,0.0
2026-06-01 13:56:00,3,Maize,Clay,64.8103,0.7736,0.1897,13.98,75.0,30.0,65.0,1.0,0.01337,0.0
2026-06-01 13:57:00,1,Tomato,Loam,55.5389,0.6786,4.4611,22.2,70.0,25.0,60.0,0.7,0.013939,0.0
2026-06-01 13:57:00,2,Wheat,Sandy,42.5418,0.5843,12.4582,53.91,60.0,18.0,55.0,0.9,0.010303,0.0
2026-06-01 13:57:00,3,Maize,Clay,64.8088,0.7735,0.1912,13.98,75.0,30.0,65.0,1.0,0.014545,0.0
2026-06-01 13:58:00,1,Tomato,Loam,55.5371,0.6786,4.4629,22.2,70.0,25.0,60.0,0.7,0.013143,0.0
2026-06-01 13:58:00,2,Wheat,Sandy,42.5407,0.5843,12.4593,53.91,60.0,18.0,55.0,0.9,0.009715,0.0
2026-06-01 13:58:00,3,Maize,Clay,64.8075,0.7735,0.1925,13.98,75.0,30.0,65.0,1.0,0.013715,0.0
2026-06-01 13:59:00,1,Tomato,Loam,55.5353,0.6786,4.4647,22.2,70.0,25.0,60.0,0.7,0.012517,0.0
2026-06-01 13:59:00,2,Wheat,Sandy,42.5397,0.5843,12.4603,53.91,60.0,18.0,55.0,0.9,0.009251,0.0
2026-06-01 13:59:00,3,Maize,Clay,64.8062,0.7735,0.1938,13.98,75.0,30.0,65.0,1.0,0.013061,0.0
2026-06-01 14:00:00,1,Tomato,Loam,55.5333,0.6785,4.4667,22.23,70.0,25.0,60.0,0.7,0.013717,0.0
2026-06-01 14:00:00,2,Wheat,Sandy,42.5386,0.5843,12.4614,53.92,60.0,18.0,55.0,0.9,0.010139,0.0
2026-06-01 14:00:00,3,Maize,Clay,64.8047,0.7734,0.1953,13.98,75.0,30.0,65.0,1.0,0.014314,0.0
2026-06-01 14:01:00,1,Tomato,Loam,55.5315,0.6785,4.4685,22.23,70.0,25.0,60.0,0.7,0.013134,0.0
2026-06-01 14:01:00,2,Wheat,Sandy,42.5375,0.5842,12.4625,53.92,60.0,18.0,55.0,0.9,0.009708,0.0
2026-06-01 14:01:00,3,Maize,Clay,64.8033,0.7734,0.1967,13.98,75.0,30.0,65.0,1.0,0.013705,0.0
2026-06-01 14:02:00,1,Tomato,Loam,55.5295,0.6784,4.4705,22.26,70.0,25.0,60.0,0.7,0.013707,0.0
2026-06-01 14:02:00,2,Wheat,Sandy,42.5364,0.5842,12.4636,53.93,60.0,18.0,55.0,0.9,0.010131,0.0
2026-06-01 14:02:00,3,Maize,Clay,64.8019,0.7734,0.1981,13.98,75.0,30.0,65.0,1.0,0.014303,0.0
2026-06-01 14:03:00,1,Tomato,Loam,55.5276,0.6784,4.4724,22.26,70.0,25.0,60.0,0.7,0.013264,0.0
2026-06-01 14:03:00,2,Wheat,Sandy,42.5353,0.5842,12.4647,53.93,60.0,18.0,55.0,0.9,0.009804,0.0
2026-06-01 14:03:00,3,Maize,Clay,64.8005,0.7733,0.1995,13.97,75.0,30.0,65.0,1.0,0.013841,0.0
2026-06-01 14:04:00,1,Tomato,Loam,55.5257,0.6783,4.4743,22.3,70.0,25.0,60.0,0.7,0.013289,0.0
2026-06-01 14:04:00,2,Wheat,Sandy,42.5342,0.5841,12.4658,53.94,60.0,18.0,55.0,0.9,0.009823,0.0
2026-06-01 14:04:00,3,Maize,Clay,64.7992,0.7733,0.2008,13.97,75.0,30.0,65.0,1.0,0.013867,0.0
2026-06-01 14:05:00,1,Tomato,Loam,55.5238,0.6783,4.4762,22.3,70.0,25.0,60.0,0.7,0.013242,0.0
2026-06-01 14:05:00,2,Wheat,Sandy,42.5331,0.5841,12.4669,53.94,60.0,18.0,55.0,0.9,0.009788,0.0
2026-06-01 14:05:00,3,Maize,Clay,64.7978,0.7733,0.2022,13.97,75.0,30.0,65.0,1.0,0.013818,0.0
2026-06-01 14:06:00,1,Tomato,Loam,55.5219,0.6783,4.4781,22.3,70.0,25.0,60.0,0.7,0.013454,0.0
2026-06-01 14:06:00,2,Wheat,Sandy,42.532,0.5841,12.468,53.95,60.0,18.0,55.0,0.9,0.009944,0.0
2026-06-01 14:06:00,3,Maize,Clay,64.7964,0.7733,0.2036,13.97,75.0,30.0,65.0,1.0,0.014039,0.0
2026-06-01 14:07:00,1,Tomato,Loam,55.5199,0.6782,4.4801,22.33,70.0,25.0,60.0,0.7,0.013883,0.0
2026-06-01 14:07:00,2,Wheat,Sandy,42.5308,0.5841,12.4692,53.95,60.0,18.0,55.0,0.9,0.010261,0.0
2026-06-01 14:07:00,3,Maize,Clay,64.7949,0.7732,0.2051,13.97,75.0,30.0,65.0,1.0,0.014486,0.0
2026-06-01 14:08:00,1,Tomato,Loam,55.518,0.6782,4.482,22.33,70.0,25.0,60.0,0.7,0.013458,0.0
2026-06-01 14:08:00,2,Wheat,Sandy,42.5297,0.584,12.4703,53.96,60.0,18.0,55.0,0.9,0.009948,0.0
2026-06-01 14:08:00,3,Maize,Clay,64.7935,0.7732,0.2065,13.97,75.0,30.0,65.0,1.0,0.014044,0.0
2026-06-01 14:09:00,1,Tomato,Loam,55.5161,0.6781,4.4839,22.36,70.0,25.0,60.0,0.7,0.012875,0.0
2026-06-01 14:09:00,2,Wheat,Sandy,42.5287,0.584,12.4713,53.96,60.0,18.0,55.0,0.9,0.009517,0.0
2026-06-01 14:09:00,3,Maize,Clay,64.7922,0.7732,0.2078,13.97,75.0,30.0,65.0,1.0,0.013435,0.0
2026-06-01 14:10:00,1,Tomato,Loam,55.5142,0.6781,4.4858,22.36,70.0,25.0,60.0,0.7,0.013303,0.0
2026-06-01 14:10:00,2,Wheat,Sandy,42.5276,0.584,12.4724,53.97,60.0,18.0,55.0,0.9,0.009833,0.0
2026-06-01 14:10:00,3,Maize,Clay,64.7908,0.7731,0.2092,13.96,75.0,30.0,65.0,1.0,0.013882,0.0
2026-06-01 14:11:00,1,Tomato,Loam,55.5123,0.6781,4.4877,22.36,70.0,25.0,60.0,0.7,0.013438,0.0
2026-06-01 14:11:00,2,Wheat,Sandy,42.5265,0.584,12.4735,53.97,60.0,18.0,55.0,0.9,0.009932,0.0
2026-06-01 14:11:00,3,Maize,Clay,64.7894,0.7731,0.2106,13.96,75.0,30.0,65.0,1.0,0.014022,0.0
2026-06-01 14:12:00,1,Tomato,Loam,55.5104,0.678,4.4896,22.4,70.0,25.0,60.0,0.7,0.013461,0.0
2026-06-01 14:12:00,2,Wheat,Sandy,42.5254,0.5839,12.4746,53.98,60.0,18.0,55.0,0.9,0.009949,0.0
2026-06-01 14:12:00,3,Maize,Clay,64.788,0.7731,0.212,13.96,75.0,30.0,65.0,1.0,0.014046,0.0
2026-06-01 14:13:00,1,Tomato,Loam,55.5085,0.678,4.4915,22.4,70.0,25.0,60.0,0.7,0.012941,0.0
2026-06-01 14:13:00,2,Wheat,Sandy,42.5243,0.5839,12.4757,53.98,60.0,18.0,55.0,0.9,0.009565,0.0
2026-06-01 14:13:00,3,Maize,Clay,64.7866,0.773,0.2134,13.96,75.0,30.0,65.0,1.0,0.013504,0.0
2026-06-01 14:14:00,1,Tomato,Loam,55.5066,0.6779,4.4934,22.43,70.0,25.0,60.0,0.7,0.013585,0.0
2026-06-01 14:14:00,2,Wheat,Sandy,42.5232,0.5839,12.4768,53.99,60.0,18.0,55.0,0.9,0.010041,0.0
2026-06-01 14:14:00,3,Maize,Clay,64.7852,0.773,0.2148,13.96,75.0,30.0,65.0,1.0,0.014176,0.0
2026-06-01 14:15:00,1,Tomato,Loam,55.5047,0.6779,4.4953,22.43,70.0,25.0,60.0,0.7,0.01338,0.0
2026-06-01 14:15:00,2,Wheat,Sandy,42.5221,0.5839,12.4779,53.99,60.0,18.0,55.0,0.9,0.00989,0.0
2026-06-01 14:15:00,3,Maize,Clay,64.7838,0.773,0.2162,13.96,75.0,30.0,65.0,1.0,0.013962,0.0
2026-06-01 14:16:00,1,Tomato,Loam,55.5027,0.6778,4.4973,22.46,70.0,25.0,60.0,0.7,0.014039,0.0
2026-06-01 14:16:00,2,Wheat,Sandy,42.521,0.5838,12.479,53.99,60.0,18.0,55.0,0.9,0.010377,0.0
2026-06-01 14:16:00,3,Maize,Clay,64.7824,0.7729,0.2176,13.96,75.0,30.0,65.0,1.0,0.01465,0.0
2026-06-01 14:17:00,1,Tomato,Loam,55.5008,0.6778,4.4992,22.46,70.0,25.0,60.0,0.7,0.012916,0.0
2026-06-01 14:17:00,2,Wheat,Sandy,42.5199,0.5838,12.4801,54.0,60.0,18.0,55.0,0.9,0.009546,0.0
2026-06-01 14:17:00,3,Maize,Clay,64.781,0.7729,0.219,13.96,75.0,30.0,65.0,1.0,0.013477,0.0
2026-06-01 14:18:00,1,Tomato,Loam,55.499,0.6778,4.501,22.46,70.0,25.0,60.0,0.7,0.012716,0.0
2026-06-01 14:18:00,2,Wheat,Sandy,42.5189,0.5838,12.4811,54.0,60.0,18.0,55.0,0.9,0.009398,0.0
2026-06-01 14:18:00,3,Maize,Clay,64.7797,0.7729,0.2203,13.96,75.0,30.0,65.0,1.0,0.013268,0.0
2026-06-01 14:19:00,1,Tomato,Loam,55.4972,0.6777,4.5028,22.5,70.0,25.0,60.0,0.7,0.012959,0.0
2026-06-01 14:19:00,2,Wheat,Sandy,42.5178,0.5838,12.4822,54.01,60.0,18.0,55.0,0.9,0.009579,0.0
2026-06-01 14:19:00,3,Maize,Clay,64.7783,0.7729,0.2217,13.96,75.0,30.0,65.0,1.0,0.013523,0.0
2026-06-01 14:20:00,1,Tomato,Loam,55.4953,0.6777,4.5047,22.5,70.0,25.0,60.0,0.7,0.012831,0.0
2026-06-01 14:20:00,2,Wheat,Sandy,42.5167,0.5837,12.4833,54.01,60.0,18.0,55.0,0.9,0.009483,0.0
2026-06-01 14:20:00,3,Maize,Clay,64.777,0.7728,0.223,13.95,75.0,30.0,65.0,1.0,0.013388,0.0
2026-06-01 14:21:00,1,Tomato,Loam,55.4935,0.6776,4.5065,22.53,70.0,25.0,60.0,0.7,0.012697,0.0
2026-06-01 14:21:00,2,Wheat,Sandy,42.5157,0.5837,12.4843,54.02,60.0,18.0,55.0,0.9,0.009385,0.0
2026-06-01 14:21:00,3,Maize,Clay,64.7757,0.7728,0.2243,13.95,75.0,30.0,65.0,1.0,0.013249,0.0
2026-06-01 14:22:00,1,Tomato,Loam,55.4918,0.6776,4.5082,22.53,70.0,25.0,60.0,0.7,0.012264,0.0
2026-06-01 14:22:00,2,Wheat,Sandy,42.5147,0.5837,12.4853,54.02,60.0,18.0,55.0,0.9,0.009064,0.0
2026-06-01 14:22:00,3,Maize,Clay,64.7744,0.7728,0.2256,13.95,75.0,30.0,65.0,1.0,0.012797,0.0
2026-06-01 14:23:00,1,Tomato,Loam,55.4899,0.6776,4.5101,22.53,70.0,25.0,60.0,0.7,0.013031,0.0
2026-06-01 14:23:00,2,Wheat,Sandy,42.5136,0.5837,12.4864,54.03,60.0,18.0,55.0,0.9,0.009631,0.0
2026-06-01 14:23:00,3,Maize,Clay,64.773,0.7727,0.227,13.95,75.0,30.0,65.0,1.0,0.013597,0.0
2026-06-01 14:24:00,1,Tomato,Loam,55.488,0.6775,4.512,22.56,70.0,25.0,60.0,0.7,0.013293,0.0
2026-06-01 14:24:00,2,Wheat,Sandy,42.5125,0.5836,12.4875,54.03,60.0,18.0,55.0,0.9,0.009825,0.0
2026-06-01 14:24:00,3,Maize,Clay,64.7716,0.7727,0.2284,13.95,75.0,30.0,65.0,1.0,0.013871,0.0
2026-06-01 14:25:00,1,Tomato,Loam,55.4861,0.6775,4.5139,22.56,70.0,25.0,60.0,0.7,0.013246,0.0
2026-06-01 14:25:00,2,Wheat,Sandy,42.5114,0.5836,12.4886,54.04,60.0,18.0,55.0,0.9,0.00979,0.0
2026-06-01 14:25:00,3,Maize,Clay,64.7703,0.7727,0.2297,13.95,75.0,30.0,65.0,1.0,0.013822,0.0
2026-06-01 14:26:00,1,Tomato,Loam,55.4841,0.6774,4.5159,22.6,70.0,25.0,60.0,0.7,0.013946,0.0
2026-06-01 14:26:00,2,Wheat,Sandy,42.5103,0.5836,12.4897,54.04,60.0,18.0,55.0,0.9,0.010308,0.0
2026-06-01 14:26:00,3,Maize,Clay,64.7688,0.7726,0.2312,13.94,75.0,30.0,65.0,1.0,0.014552,0.0
2026-06-01 14:27:00,1,Tomato,Loam,55.4822,0.6774,4.5178,22.6,70.0,25.0,60.0,0.7,0.013263,0.0
2026-06-01 14:27:00,2,Wheat,Sandy,42.5092,0.5836,12.4908,54.05,60.0,18.0,55.0,0.9,0.009803,0.0
2026-06-01 14:27:00,3,Maize,Clay,64.7674,0.7726,0.2326,13.94,75.0,30.0,65.0,1.0,0.01384,0.0
2026-06-01 14:28:00,1,Tomato,Loam,55.4803,0.6773,4.5197,22.63,70.0,25.0,60.0,0.7,0.013705,0.0
2026-06-01 14:28:00,2,Wheat,Sandy,42.5081,0.5835,12.4919,54.05,60.0,18.0,55.0,0.9,0.010129,0.0
2026-06-01 14:28:00,3,Maize,Clay,64.766,0.7726,0.234,13.94,75.0,30.0,65.0,1.0,0.0143,0.0
2026-06-01 14:29:00,1,Tomato,Loam,55.4784,0.6773,4.5216,22.63,70.0,25.0,60.0,0.7,0.01327,0.0
2026-06-01 14:29:00,2,Wheat,Sandy,42.507,0.5835,12.493,54.05,60.0,18.0,55.0,0.9,0.009808,0.0
2026-06-01 14:29:00,3,Maize,Clay,64.7646,0.7725,0.2354,13.94,75.0,30.0,65.0,1.0,0.013847,0.0
2026-06-01 14:30:00,1,Tomato,Loam,55.4764,0.6773,4.5236,22.63,70.0,25.0,60.0,0.7,0.013567,0.0
2026-06-01 14:30:00,2,Wheat,Sandy,42.5059,0.5835,12.4941,54.06,60.0,18.0,55.0,0.9,0.010027,0.0
2026-06-01 14:30:00,3,Maize,Clay,64.7632,0.7725,0.2368,13.94,75.0,30.0,65.0,1.0,0.014156,0.0
2026-06-01 14:31:00,1,Tomato,Loam,55.4745,0.6772,4.5255,22.66,70.0,25.0,60.0,0.7,0.013335,0.0
2026-06-01 14:31:00,2,Wheat,Sandy,42.5048,0.5834,12.4952,54.06,60.0,18.0,55.0,0.9,0.009857,0.0
2026-06-01 14:31:00,3,Maize,Clay,64.7618,0.7725,0.2382,13.94,75.0,30.0,65.0,1.0,0.013915,0.0
2026-06-01 14:32:00,1,Tomato,Loam,55.4726,0.6772,4.5274,22.66,70.0,25.0,60.0,0.7,0.013752,0.0
2026-06-01 14:32:00,2,Wheat,Sandy,42.5037,0.5834,12.4963,54.07,60.0,18.0,55.0,0.9,0.010164,0.0
2026-06-01 14:32:00,3,Maize,Clay,64.7604,0.7725,0.2396,13.94,75.0,30.0,65.0,1.0,0.01435,0.0
2026-06-01 14:33:00,1,Tomato,Loam,55.4707,0.6771,4.5293,22.69,70.0,25.0,60.0,0.7,0.013266,0.0
2026-06-01 14:33:00,2,Wheat,Sandy,42.5026,0.5834,12.4974,54.07,60.0,18.0,55.0,0.9,0.009806,0.0
2026-06-01 14:33:00,3,Maize,Clay,64.759,0.7724,0.241,13.94,75.0,30.0,65.0,1.0,0.013843,0.0
2026-06-01 14:34:00,1,Tomato,Loam,55.4688,0.6771,4.5312,22.69,70.0,25.0,60.0,0.7,0.01335,0.0
2026-06-01 14:34:00,2,Wheat,Sandy,42.5015,0.5834,12.4985,54.08,60.0,18.0,55.0,0.9,0.009868,0.0
2026-06-01 14:34:00,3,Maize,Clay,64.7576,0.7724,0.2424,13.94,75.0,30.0,65.0,1.0,0.013931,0.0
2026-06-01 14:35:00,1,Tomato,Loam,55.4669,0.677,4.5331,22.73,70.0,25.0,60.0,0.7,0.013274,0.0
2026-06-01 14:35:00,2,Wheat,Sandy,42.5004,0.5833,12.4996,54.08,60.0,18.0,55.0,0.9,0.009812,0.0
2026-06-01 14:35:00,3,Maize,Clay,64.7562,0.7724,0.2438,13.94,75.0,30.0,65.0,1.0,0.013852,0.0
2026-06-01 14:36:00,1,Tomato,Loam,55.465,0.677,4.535,22.73,70.0,25.0,60.0,0.7,0.013108,0.0
2026-06-01 14:36:00,2,Wheat,Sandy,42.4993,0.5833,12.5007,54.09,60.0,18.0,55.0,0.9,0.009688,0.0
2026-06-01 14:36:00,3,Maize,Clay,64.7548,0.7723,0.2452,13.93,75.0,30.0,65.0,1.0,0.013678,0.0
2026-06-01 14:37:00,1,Tomato,Loam,55.4631,0.677,4.5369,22.73,70.0,25.0,60.0,0.7,0.013253,0.0
2026-06-01 14:37:00,2,Wheat,Sandy,42.4982,0.5833,12.5018,54.09,60.0,18.0,55.0,0.9,0.009795,0.0
2026-06-01 14:37:00,3,Maize,Clay,64.7535,0.7723,0.2465,13.93,75.0,30.0,65.0,1.0,0.013829,0.0
2026-06-01 14:38:00,1,Tomato,Loam,55.4611,0.6769,4.5389,22.76,70.0,25.0,60.0,0.7,0.01382,0.0
2026-06-01 14:38:00,2,Wheat,Sandy,42.4971,0.5833,12.5029,54.1,60.0,18.0,55.0,0.9,0.010214,0.0
2026-06-01 14:38:00,3,Maize,Clay,64.752,0.7723,0.248,13.93,75.0,30.0,65.0,1.0,0.01442,0.0
2026-06-01 14:39:00,1,Tomato,Loam,55.4592,0.6769,4.5408,22.76,70.0,25.0,60.0,0.7,0.013095,0.0
2026-06-01 14:39:00,2,Wheat,Sandy,42.496,0.5832,12.504,54.1,60.0,18.0,55.0,0.9,0.009679,0.0
2026-06-01 14:39:00,3,Maize,Clay,64.7507,0.7722,0.2493,13.93,75.0,30.0,65.0,1.0,0.013664,0.0
2026-06-01 14:40:00,1,Tomato,Loam,55.4573,0.6768,4.5427,22.79,70.0,25.0,60.0,0.7,0.013307,0.0
2026-06-01 14:40:00,2,Wheat,Sandy,42.4949,0.5832,12.5051,54.11,60.0,18.0,55.0,0.9,0.009835,0.0
2026-06-01 14:40:00,3,Maize,Clay,64.7493,0.7722,0.2507,13.93,75.0,30.0,65.0,1.0,0.013885,0.0
2026-06-01 14:41:00,1,Tomato,Loam,55.4554,0.6768,4.5446,22.79,70.0,25.0,60.0,0.7,0.013519,0.0
2026-06-01 14:41:00,2,Wheat,Sandy,42.4938,0.5832,12.5062,54.11,60.0,18.0,55.0,0.9,0.009993,0.0
2026-06-01 14:41:00,3,Maize,Clay,64.7478,0.7722,0.2522,13.93,75.0,30.0,65.0,1.0,0.014107,0.0
2026-06-01 14:42:00,1,Tomato,Loam,55.4535,0.6767,4.5465,22.82,70.0,25.0,60.0,0.7,0.013333,0.0
2026-06-01 14:42:00,2,Wheat,Sandy,42.4927,0.5832,12.5073,54.12,60.0,18.0,55.0,0.9,0.009855,0.0
2026-06-01 14:42:00,3,Maize,Clay,64.7465,0.7721,0.2535,13.93,75.0,30.0,65.0,1.0,0.013913,0.0
2026-06-01 14:43:00,1,Tomato,Loam,55.4517,0.6767,4.5483,22.82,70.0,25.0,60.0,0.7,0.012934,0.0
2026-06-01 14:43:00,2,Wheat,Sandy,42.4916,0.5831,12.5084,54.12,60.0,18.0,55.0,0.9,0.00956,0.0
2026-06-01 14:43:00,3,Maize,Clay,64.7451,0.7721,0.2549,13.93,75.0,30.0,65.0,1.0,0.013496,0.0
2026-06-01 14:44:00,1,Tomato,Loam,55.4499,0.6767,4.5501,22.82,70.0,25.0,60.0,0.7,0.012145,0.0
2026-06-01 14:44:00,2,Wheat,Sandy,42.4906,0.5831,12.5094,54.13,60.0,18.0,55.0,0.9,0.008977,0.0
2026-06-01 14:44:00,3,Maize,Clay,64.7438,0.7721,0.2562,13.93,75.0,30.0,65.0,1.0,0.012673,0.0
2026-06-01 14:45:00,1,Tomato,Loam,55.4481,0.6766,4.5519,22.86,70.0,25.0,60.0,0.7,0.013187,0.0
2026-06-01 14:45:00,2,Wheat,Sandy,42.4896,0.5831,12.5104,54.13,60.0,18.0,55.0,0.9,0.009747,0.0
2026-06-01 14:45:00,3,Maize,Clay,64.7425,0.7721,0.2575,13.93,75.0,30.0,65.0,1.0,0.01376,0.0
2026-06-01 14:46:00,1,Tomato,Loam,55.4463,0.6766,4.5537,22.86,70.0,25.0,60.0,0.7,0.012277,0.0
2026-06-01 14:46:00,2,Wheat,Sandy,42.4885,0.5831,12.5115,54.13,60.0,18.0,55.0,0.9,0.009075,0.0
2026-06-01 14:46:00,3,Maize,Clay,64.7412,0.772,0.2588,13.92,75.0,30.0,65.0,1.0,0.012811,0.0
2026-06-01 14:47:00,1,Tomato,Loam,55.4444,0.6765,4.5556,22.89,70.0,25.0,60.0,0.7,0.013381,0.0
2026-06-01 14:47:00,2,Wheat,Sandy,42.4874,0.583,12.5126,54.14,60.0,18.0,55.0,0.9,0.009891,0.0
2026-06-01 14:47:00,3,Maize,Clay,64.7398,0.772,0.2602,13.92,75.0,30.0,65.0,1.0,0.013963,0.0
2026-06-01 14:48:00,1,Tomato,Loam,55.4425,0.6765,4.5575,22.89,70.0,25.0,60.0,0.7,0.012864,0.0
2026-06-01 14:48:00,2,Wheat,Sandy,42.4864,0.583,12.5136,54.14,60.0,18.0,55.0,0.9,0.009508,0.0
2026-06-01 14:48:00,3,Maize,Clay,64.7384,0.772,0.2616,13.92,75.0,30.0,65.0,1.0,0.013423,0.0
2026-06-01 14:49:00,1,Tomato,Loam,55.4407,0.6765,4.5593,22.89,70.0,25.0,60.0,0.7,0.013098,0.0
2026-06-01 14:49:00,2,Wheat,Sandy,42.4853,0.583,12.5147,54.15,60.0,18.0,55.0,0.9,0.009682,0.0
2026-06-01 14:49:00,3,Maize,Clay,64.7371,0.7719,0.2629,13.92,75.0,30.0,65.0,1.0,0.013668,0.0
2026-06-01 14:50:00,1,Tomato,Loam,55.4389,0.6764,4.5611,22.92,70.0,25.0,60.0,0.7,0.012682,0.0
2026-06-01 14:50:00,2,Wheat,Sandy,42.4843,0.583,12.5157,54.15,60.0,18.0,55.0,0.9,0.009374,0.0
2026-06-01 14:50:00,3,Maize,Clay,64.7357,0.7719,0.2643,13.92,75.0,30.0,65.0,1.0,0.013234,0.0
2026-06-01 14:51:00,1,Tomato,Loam,55.4371,0.6764,4.5629,22.92,70.0,25.0,60.0,0.7,0.012538,0.0
2026-06-01 14:51:00,2,Wheat,Sandy,42.4832,0.5829,12.5168,54.16,60.0,18.0,55.0,0.9,0.009268,0.0
2026-06-01 14:51:00,3,Maize,Clay,64.7344,0.7719,0.2656,13.92,75.0,30.0,65.0,1.0,0.013084,0.0
2026-06-01 14:52:00,1,Tomato,Loam,55.4352,0.6763,4.5648,22.96,70.0,25.0,60.0,0.7,0.012944,0.0
2026-06-01 14:52:00,2,Wheat,Sandy,42.4822,0.5829,12.5178,54.16,60.0,18.0,55.0,0.9,0.009568,0.0
2026-06-01 14:52:00,3,Maize,Clay,64.7331,0.7718,0.2669,13.91,75.0,30.0,65.0,1.0,0.013507,0.0
2026-06-01 14:53:00,1,Tomato,Loam,55.4334,0.6763,4.5666,22.96,70.0,25.0,60.0,0.7,0.012866,0.0
2026-06-01 14:53:00,2,Wheat,Sandy,42.4811,0.5829,12.5189,54.17,60.0,18.0,55.0,0.9,0.00951,0.0
2026-06-01 14:53:00,3,Maize,Clay,64.7317,0.7718,0.2683,13.91,75.0,30.0,65.0,1.0,0.013426,0.0
2026-06-01 14:54:00,1,Tomato,Loam,55.4316,0.6763,4.5684,22.96,70.0,25.0,60.0,0.7,0.012737,0.0
2026-06-01 14:54:00,2,Wheat,Sandy,42.4801,0.5829,12.5199,54.17,60.0,18.0,55.0,0.9,0.009415,0.0
2026-06-01 14:54:00,3,Maize,Clay,64.7304,0.7718,0.2696,13.91,75.0,30.0,65.0,1.0,0.013291,0.0
2026-06-01 14:55:00,1,Tomato,Loam,55.4297,0.6762,4.5703,22.99,70.0,25.0,60.0,0.7,0.012939,0.0
2026-06-01 14:55:00,2,Wheat,Sandy,42.479,0.5828,12.521,54.18,60.0,18.0,55.0,0.9,0.009563,0.0
2026-06-01 14:55:00,3,Maize,Clay,64.7291,0.7718,0.2709,13.91,75.0,30.0,65.0,1.0,0.013501,0.0
2026-06-01 14:56:00,1,Tomato,Loam,55.4278,0.6762,4.5722,22.99,70.0,25.0,60.0,0.7,0.01365,0.0
2026-06-01 14:56:00,2,Wheat,Sandy,42.4779,0.5828,12.5221,54.18,60.0,18.0,55.0,0.9,0.01009,0.0
2026-06-01 14:56:00,3,Maize,Clay,64.7276,0.7717,0.2724,13.91,75.0,30.0,65.0,1.0,0.014244,0.0
2026-06-01 14:57:00,1,Tomato,Loam,55.4259,0.6761,4.5741,23.02,70.0,25.0,60.0,0.7,0.013115,0.0
2026-06-01 14:57:00,2,Wheat,Sandy,42.4768,0.5828,12.5232,54.19,60.0,18.0,55.0,0.9,0.009693,0.0
2026-06-01 14:57:00,3,Maize,Clay,64.7263,0.7717,0.2737,13.91,75.0,30.0,65.0,1.0,0.013685,0.0
2026-06-01 14:58:00,1,Tomato,Loam,55.424,0.6761,4.576,23.02,70.0,25.0,60.0,0.7,0.013238,0.0
2026-06-01 14:58:00,2,Wheat,Sandy,42.4757,0.5828,12.5243,54.19,60.0,18.0,55.0,0.9,0.009784,0.0
2026-06-01 14:58:00,3,Maize,Clay,64.7249,0.7717,0.2751,13.91,75.0,30.0,65.0,1.0,0.013813,0.0
2026-06-01 14:59:00,1,Tomato,Loam,55.4222,0.676,4.5778,23.05,70.0,25.0,60.0,0.7,0.013072,0.0
2026-06-01 14:59:00,2,Wheat,Sandy,42.4746,0.5827,12.5254,54.19,60.0,18.0,55.0,0.9,0.009662,0.0
2026-06-01 14:59:00,3,Maize,Clay,64.7235,0.7716,0.2765,13.91,75.0,30.0,65.0,1.0,0.01364,0.0
2026-06-01 15:00:00,1,Tomato,Loam,55.4203,0.676,4.5797,23.05,70.0,25.0,60.0,0.7,0.01331,0.0
2026-06-01 15:00:00,2,Wheat,Sandy,42.4735,0.5827,12.5265,54.2,60.0,18.0,55.0,0.9,0.009838,0.0
2026-06-01 15:00:00,3,Maize,Clay,64.7222,0.7716,0.2778,13.91,75.0,30.0,65.0,1.0,0.013889,0.0
2026-06-01 15:01:00,1,Tomato,Loam,55.4185,0.676,4.5815,23.05,70.0,25.0,60.0,0.7,0.01261,0.0
2026-06-01 15:01:00,2,Wheat,Sandy,42.4725,0.5827,12.5275,54.2,60.0,18.0,55.0,0.9,0.00932,0.0
2026-06-01 15:01:00,3,Maize,Clay,64.7208,0.7716,0.2792,13.91,75.0,30.0,65.0,1.0,0.013158,0.0
2026-06-01 15:02:00,1,Tomato,Loam,55.4167,0.6759,4.5833,23.09,70.0,25.0,60.0,0.7,0.012257,0.0
2026-06-01 15:02:00,2,Wheat,Sandy,42.4715,0.5827,12.5285,54.21,60.0,18.0,55.0,0.9,0.009059,0.0
2026-06-01 15:02:00,3,Maize,Clay,64.7196,0.7715,0.2804,13.9,75.0,30.0,65.0,1.0,0.01279,0.0
2026-06-01 15:03:00,1,Tomato,Loam,55.4149,0.6759,4.5851,23.09,70.0,25.0,60.0,0.7,0.012751,0.0
2026-06-01 15:03:00,2,Wheat,Sandy,42.4705,0.5826,12.5295,54.21,60.0,18.0,55.0,0.9,0.009425,0.0
2026-06-01 15:03:00,3,Maize,Clay,64.7182,0.7715,0.2818,13.9,75.0,30.0,65.0,1.0,0.013306,0.0
2026-06-01 15:04:00,1,Tomato,Loam,55.413,0.6758,4.587,23.12,70.0,25.0,60.0,0.7,0.012935,0.0
2026-06-01 15:04:00,2,Wheat,Sandy,42.4694,0.5826,12.5306,54.22,60.0,18.0,55.0,0.9,0.009561,0.0
2026-06-01 15:04:00,3,Maize,Clay,64.7169,0.7715,0.2831,13.9,75.0,30.0,65.0,1.0,0.013498,0.0
2026-06-01 15:05:00,1,Tomato,Loam,55.4112,0.6758,4.5888,23.12,70.0,25.0,60.0,0.7,0.012575,0.0
2026-06-01 15:05:00,2,Wheat,Sandy,42.4684,0.5826,12.5316,54.22,60.0,18.0,55.0,0.9,0.009295,0.0
2026-06-01 15:05:00,3,Maize,Clay,64.7156,0.7715,0.2844,13.9,75.0,30.0,65.0,1.0,0.013122,0.0
2026-06-01 15:06:00,1,Tomato,Loam,55.4094,0.6758,4.5906,23.12,70.0,25.0,60.0,0.7,0.012613,0.0
2026-06-01 15:06:00,2,Wheat,Sandy,42.4673,0.5826,12.5327,54.23,60.0,18.0,55.0,0.9,0.009323,0.0
2026-06-01 15:06:00,3,Maize,Clay,64.7142,0.7714,0.2858,13.9,75.0,30.0,65.0,1.0,0.013162,0.0
2026-06-01 15:07:00,1,Tomato,Loam,55.4077,0.6757,4.5923,23.15,70.0,25.0,60.0,0.7,0.01235,0.0
2026-06-01 15:07:00,2,Wheat,Sandy,42.4663,0.5825,12.5337,54.23,60.0,18.0,55.0,0.9,0.009128,0.0
2026-06-01 15:07:00,3,Maize,Clay,64.713,0.7714,0.287,13.9,75.0,30.0,65.0,1.0,0.012887,0.0
2026-06-01 15:08:00,1,Tomato,Loam,55.4058,0.6757,4.5942,23.15,70.0,25.0,60.0,0.7,0.013051,0.0
2026-06-01 15:08:00,2,Wheat,Sandy,42.4652,0.5825,12.5348,54.24,60.0,18.0,55.0,0.9,0.009647,0.0
2026-06-01 15:08:00,3,Maize,Clay,64.7116,0.7714,0.2884,13.9,75.0,30.0,65.0,1.0,0.013619,0.0
2026-06-01 15:09:00,1,Tomato,Loam,55.404,0.6756,4.596,23.18,70.0,25.0,60.0,0.7,0.012759,0.0
2026-06-01 15:09:00,2,Wheat,Sandy,42.4642,0.5825,12.5358,54.24,60.0,18.0,55.0,0.9,0.009431,0.0
2026-06-01 15:09:00,3,Maize,Clay,64.7103,0.7713,0.2897,13.89,75.0,30.0,65.0,1.0,0.013314,0.0
2026-06-01 15:10:00,1,Tomato,Loam,55.4021,0.6756,4.5979,23.18,70.0,25.0,60.0,0.7,0.012812,0.0
2026-06-01 15:10:00,2,Wheat,Sandy,42.4631,0.5825,12.5369,54.24,60.0,18.0,55.0,0.9,0.00947,0.0
2026-06-01 15:10:00,3,Maize,Clay,64.7089,0.7713,0.2911,13.89,75.0,30.0,65.0,1.0,0.013369,0.0
2026-06-01 15:11:00,1,Tomato,Loam,55.4003,0.6756,4.5997,23.18,70.0,25.0,60.0,0.7,0.012607,0.0
2026-06-01 15:11:00,2,Wheat,Sandy,42.4621,0.5824,12.5379,54.25,60.0,18.0,55.0,0.9,0.009319,0.0
2026-06-01 15:11:00,3,Maize,Clay,64.7076,0.7713,0.2924,13.89,75.0,30.0,65.0,1.0,0.013156,0.0
2026-06-01 15:12:00,1,Tomato,Loam,55.3985,0.6755,4.6015,23.22,70.0,25.0,60.0,0.7,0.012528,0.0
2026-06-01 15:12:00,2,Wheat,Sandy,42.4611,0.5824,12.5389,54.25,60.0,18.0,55.0,0.9,0.00926,0.0
2026-06-01 15:12:00,3,Maize,Clay,64.7063,0.7713,0.2937,13.89,75.0,30.0,65.0,1.0,0.013073,0.0
2026-06-01 15:13:00,1,Tomato,Loam,55.3967,0.6755,4.6033,23.22,70.0,25.0,60.0,0.7,0.012673,0.0
2026-06-01 15:13:00,2,Wheat,Sandy,42.46,0.5824,12.54,54.26,60.0,18.0,55.0,0.9,0.009367,0.0
2026-06-01 15:13:00,3,Maize,Clay,64.705,0.7712,0.295,13.89,75.0,30.0,65.0,1.0,0.013224,0.0
2026-06-01 15:14:00,1,Tomato,Loam,55.395,0.6754,4.605,23.25,70.0,25.0,60.0,0.7,0.012188,0.0
2026-06-01 15:14:00,2,Wheat,Sandy,42.459,0.5824,12.541,54.26,60.0,18.0,55.0,0.9,0.009008,0.0
2026-06-01 15:14:00,3,Maize,Clay,64.7037,0.7712,0.2963,13.89,75.0,30.0,65.0,1.0,0.012718,0.0
2026-06-01 15:15:00,1,Tomato,Loam,55.3933,0.6754,4.6067,23.25,70.0,25.0,60.0,0.7,0.011874,0.0
2026-06-01 15:15:00,2,Wheat,Sandy,42.4581,0.5823,12.5419,54.27,60.0,18.0,55.0,0.9,0.008776,0.0
2026-06-01 15:15:00,3,Maize,Clay,64.7025,0.7712,0.2975,13.89,75.0,30.0,65.0,1.0,0.01239,0.0
2026-06-01 15:16:00,1,Tomato,Loam,55.3915,0.6754,4.6085,23.25,70.0,25.0,60.0,0.7,0.012542,0.0
2026-06-01 15:16:00,2,Wheat,Sandy,42.457,0.5823,12.543,54.27,60.0,18.0,55.0,0.9,0.00927,0.0
2026-06-01 15:16:00,3,Maize,Clay,64.7012,0.7711,0.2988,13.89,75.0,30.0,65.0,1.0,0.013087,0.0
2026-06-01 15:17:00,1,Tomato,Loam,55.3897,0.6753,4.6103,23.28,70.0,25.0,60.0,0.7,0.01261,0.0
2026-06-01 15:17:00,2,Wheat,Sandy,42.456,0.5823,12.544,54.28,60.0,18.0,55.0,0.9,0.00932,0.0
2026-06-01 15:17:00,3,Maize,Clay,64.6998,0.7711,0.3002,13.89,75.0,30.0,65.0,1.0,0.013158,0.0
2026-06-01 15:18:00,1,Tomato,Loam,55.3879,0.6753,4.6121,23.28,70.0,25.0,60.0,0.7,0.012752,0.0
2026-06-01 15:18:00,2,Wheat,Sandy,42.4549,0.5823,12.5451,54.28,60.0,18.0,55.0,0.9,0.009426,0.0
2026-06-01 15:18:00,3,Maize,Clay,64.6985,0.7711,0.3015,13.89,75.0,30.0,65.0,1.0,0.013307,0.0
2026-06-01 15:19:00,1,Tomato,Loam,55.3861,0.6752,4.6139,23.31,70.0,25.0,60.0,0.7,0.012722,0.0
2026-06-01 15:19:00,2,Wheat,Sandy,42.4539,0.5822,12.5461,54.29,60.0,18.0,55.0,0.9,0.009404,0.0
2026-06-01 15:19:00,3,Maize,Clay,64.6972,0.771,0.3028,13.88,75.0,30.0,65.0,1.0,0.013276,0.0
2026-06-01 15:20:00,1,Tomato,Loam,55.3842,0.6752,4.6158,23.31,70.0,25.0,60.0,0.7,0.012873,0.0
2026-06-01 15:20:00,2,Wheat,Sandy,42.4528,0.5822,12.5472,54.29,60.0,18.0,55.0,0.9,0.009515,0.0
2026-06-01 15:20:00,3,Maize,Clay,64.6958,0.771,0.3042,13.88,75.0,30.0,65.0,1.0,0.013433,0.0
2026-06-01 15:21:00,1,Tomato,Loam,55.3825,0.6752,4.6175,23.31,70.0,25.0,60.0,0.7,0.011958,0.0
2026-06-01 15:21:00,2,Wheat,Sandy,42.4519,0.5822,12.5481,54.29,60.0,18.0,55.0,0.9,0.008838,0.0
2026-06-01 15:21:00,3,Maize,Clay,64.6946,0.771,0.3054,13.88,75.0,30.0,65.0,1.0,0.012478,0.0
2026-06-01 15:22:00,1,Tomato,Loam,55.3807,0.6751,4.6193,23.35,70.0,25.0,60.0,0.7,0.012288,0.0
2026-06-01 15:22:00,2,Wheat,Sandy,42.4509,0.5822,12.5491,54.3,60.0,18.0,55.0,0.9,0.009082,0.0
2026-06-01 15:22:00,3,Maize,Clay,64.6933,0.771,0.3067,13.88,75.0,30.0,65.0,1.0,0.012822,0.0
2026-06-01 15:23:00,1,Tomato,Loam,55.379,0.6751,4.621,23.35,70.0,25.0,60.0,0.7,0.012453,0.0
2026-06-01 15:23:00,2,Wheat,Sandy,42.4498,0.5821,12.5502,54.3,60.0,18.0,55.0,0.9,0.009205,0.0
2026-06-01 15:23:00,3,Maize,Clay,64.692,0.7709,0.308,13.88,75.0,30.0,65.0,1.0,0.012995,0.0
2026-06-01 15:24:00,1,Tomato,Loam,55.3771,0.675,4.6229,23.38,70.0,25.0,60.0,0.7,0.01303,0.0
2026-06-01 15:24:00,2,Wheat,Sandy,42.4488,0.5821,12.5512,54.31,60.0,18.0,55.0,0.9,0.00963,0.0
2026-06-01 15:24:00,3,Maize,Clay,64.6906,0.7709,0.3094,13.88,75.0,30.0,65.0,1.0,0.013596,0.0
2026-06-01 15:25:00,1,Tomato,Loam,55.3753,0.675,4.6247,23.38,70.0,25.0,60.0,0.7,0.012851,0.0
2026-06-01 15:25:00,2,Wheat,Sandy,42.4477,0.5821,12.5523,54.31,60.0,18.0,55.0,0.9,0.009499,0.0
2026-06-01 15:25:00,3,Maize,Clay,64.6893,0.7709,0.3107,13.88,75.0,30.0,65.0,1.0,0.01341,0.0
2026-06-01 15:26:00,1,Tomato,Loam,55.3734,0.675,4.6266,23.38,70.0,25.0,60.0,0.7,0.012808,0.0
2026-06-01 15:26:00,2,Wheat,Sandy,42.4467,0.5821,12.5533,54.32,60.0,18.0,55.0,0.9,0.009466,0.0
2026-06-01 15:26:00,3,Maize,Clay,64.688,0.7708,0.312,13.87,75.0,30.0,65.0,1.0,0.013364,0.0
2026-06-01 15:27:00,1,Tomato,Loam,55.3717,0.6749,4.6283,23.41,70.0,25.0,60.0,0.7,0.012187,0.0
2026-06-01 15:27:00,2,Wheat,Sandy,42.4457,0.582,12.5543,54.32,60.0,18.0,55.0,0.9,0.009007,0.0
2026-06-01 15:27:00,3,Maize,Clay,64.6867,0.7708,0.3133,13.87,75.0,30.0,65.0,1.0,0.012716,0.0
2026-06-01 15:28:00,1,Tomato,Loam,55.37,0.6749,4.63,23.41,70.0,25.0,60.0,0.7,0.011932,0.0
2026-06-01 15:28:00,2,Wheat,Sandy,42.4447,0.582,12.5553,54.33,60.0,18.0,55.0,0.9,0.00882,0.0
2026-06-01 15:28:00,3,Maize,Clay,64.6854,0.7708,0.3146,13.87,75.0,30.0,65.0,1.0,0.012451,0.0
2026-06-01 15:29:00,1,Tomato,Loam,55.3682,0.6748,4.6318,23.44,70.0,25.0,60.0,0.7,0.012282,0.0
2026-06-01 15:29:00,2,Wheat,Sandy,42.4437,0.582,12.5563,54.33,60.0,18.0,55.0,0.9,0.009078,0.0
2026-06-01 15:29:00,3,Maize,Clay,64.6842,0.7708,0.3158,13.87,75.0,30.0,65.0,1.0,0.012816,0.0
2026-06-01 15:30:00,1,Tomato,Loam,55.3665,0.6748,4.6335,23.44,70.0,25.0,60.0,0.7,0.011785,0.0
2026-06-01 15:30:00,2,Wheat,Sandy,42.4427,0.582,12.5573,54.33,60.0,18.0,55.0,0.9,0.008711,0.0
2026-06-01 15:30:00,3,Maize,Clay,64.6829,0.7707,0.3171,13.87,75.0,30.0,65.0,1.0,0.012298,0.0
2026-06-01 15:31:00,1,Tomato,Loam,55.3648,0.6748,4.6352,23.44,70.0,25.0,60.0,0.7,0.012178,0.0
2026-06-01 15:31:00,2,Wheat,Sandy,42.4417,0.5819,12.5583,54.34,60.0,18.0,55.0,0.9,0.009002,0.0
2026-06-01 15:31:00,3,Maize,Clay,64.6817,0.7707,0.3183,13.87,75.0,30.0,65.0,1.0,0.012708,0.0
2026-06-01 15:32:00,1,Tomato,Loam,55.363,0.6747,4.637,23.48,70.0,25.0,60.0,0.7,0.012259,0.0
2026-06-01 15:32:00,2,Wheat,Sandy,42.4407,0.5819,12.5593,54.34,60.0,18.0,55.0,0.9,0.009061,0.0
2026-06-01 15:32:00,3,Maize,Clay,64.6804,0.7707,0.3196,13.87,75.0,30.0,65.0,1.0,0.012792,0.0
2026-06-01 15:33:00,1,Tomato,Loam,55.3612,0.6747,4.6388,23.48,70.0,25.0,60.0,0.7,0.012703,0.0
2026-06-01 15:33:00,2,Wheat,Sandy,42.4396,0.5819,12.5604,54.35,60.0,18.0,55.0,0.9,0.009389,0.0
2026-06-01 15:33:00,3,Maize,Clay,64.6791,0.7706,0.3209,13.87,75.0,30.0,65.0,1.0,0.013255,0.0
2026-06-01 15:34:00,1,Tomato,Loam,55.3595,0.6747,4.6405,23.48,70.0,25.0,60.0,0.7,0.011961,0.0
2026-06-01 15:34:00,2,Wheat,Sandy,42.4387,0.5819,12.5613,54.35,60.0,18.0,55.0,0.9,0.008841,0.0
2026-06-01 15:34:00,3,Maize,Clay,64.6778,0.7706,0.3222,13.87,75.0,30.0,65.0,1.0,0.012481,0.0
2026-06-01 15:35:00,1,Tomato,Loam,55.3579,0.6746,4.6421,23.51,70.0,25.0,60.0,0.7,0.011226,0.0
2026-06-01 15:35:00,2,Wheat,Sandy,42.4377,0.5819,12.5623,54.36,60.0,18.0,55.0,0.9,0.008298,0.0
2026-06-01 15:35:00,3,Maize,Clay,64.6766,0.7706,0.3234,13.87,75.0,30.0,65.0,1.0,0.011714,0.0
2026-06-01 15:36:00,1,Tomato,Loam,55.3562,0.6746,4.6438,23.51,70.0,25.0,60.0,0.7,0.012076,0.0
2026-06-01 15:36:00,2,Wheat,Sandy,42.4368,0.5818,12.5632,54.36,60.0,18.0,55.0,0.9,0.008926,0.0
2026-06-01 15:36:00,3,Maize,Clay,64.6754,0.7706,0.3246,13.87,75.0,30.0,65.0,1.0,0.012601,0.0
2026-06-01 15:37:00,1,Tomato,Loam,55.3545,0.6745,4.6455,23.54,70.0,25.0,60.0,0.7,0.011609,0.0
2026-06-01 15:37:00,2,Wheat,Sandy,42.4358,0.5818,12.5642,54.36,60.0,18.0,55.0,0.9,0.008581,0.0
2026-06-01 15:37:00,3,Maize,Clay,64.6742,0.7705,0.3258,13.86,75.0,30.0,65.0,1.0,0.012114,0.0
2026-06-01 15:38:00,1,Tomato,Loam,55.3528,0.6745,4.6472,23.54,70.0,25.0,60.0,0.7,0.011784,0.0
2026-06-01 15:38:00,2,Wheat,Sandy,42.4348,0.5818,12.5652,54.37,60.0,18.0,55.0,0.9,0.00871,0.0
2026-06-01 15:38:00,3,Maize,Clay,64.6729,0.7705,0.3271,13.86,75.0,30.0,65.0,1.0,0.012296,0.0
2026-06-01 15:39:00,1,Tomato,Loam,55.3511,0.6745,4.6489,23.54,70.0,25.0,60.0,0.7,0.011928,0.0
2026-06-01 15:39:00,2,Wheat,Sandy,42.4339,0.5818,12.5661,54.37,60.0,18.0,55.0,0.9,0.008816,0.0
2026-06-01 15:39:00,3,Maize,Clay,64.6717,0.7705,0.3283,13.86,75.0,30.0,65.0,1.0,0.012446,0.0
2026-06-01 15:40:00,1,Tomato,Loam,55.3495,0.6744,4.6505,23.57,70.0,25.0,60.0,0.7,0.011802,0.0
2026-06-01 15:40:00,2,Wheat,Sandy,42.4329,0.5817,12.5671,54.38,60.0,18.0,55.0,0.9,0.008724,0.0
2026-06-01 15:40:00,3,Maize,Clay,64.6705,0.7705,0.3295,13.86,75.0,30.0,65.0,1.0,0.012316,0.0
2026-06-01 15:41:00,1,Tomato,Loam,55.3477,0.6744,4.6523,23.57,70.0,25.0,60.0,0.7,0.012126,0.0
2026-06-01 15:41:00,2,Wheat,Sandy,42.4319,0.5817,12.5681,54.38,60.0,18.0,55.0,0.9,0.008962,0.0
2026-06-01 15:41:00,3,Maize,Clay,64.6692,0.7704,0.3308,13.86,75.0,30.0,65.0,1.0,0.012653,0.0
2026-06-01 15:42:00,1,Tomato,Loam,55.3461,0.6744,4.6539,23.57,70.0,25.0,60.0,0.7,0.011448,0.0
2026-06-01 15:42:00,2,Wheat,Sandy,42.4309,0.5817,12.5691,54.39,60.0,18.0,55.0,0.9,0.008462,0.0
2026-06-01 15:42:00,3,Maize,Clay,64.668,0.7704,0.332,13.86,75.0,30.0,65.0,1.0,0.011946,0.0
2026-06-01 15:43:00,1,Tomato,Loam,55.3444,0.6743,4.6556,23.6,70.0,25.0,60.0,0.7,0.011743,0.0
2026-06-01 15:43:00,2,Wheat,Sandy,42.43,0.5817,12.57,54.39,60.0,18.0,55.0,0.9,0.008679,0.0
2026-06-01 15:43:00,3,Maize,Clay,64.6668,0.7704,0.3332,13.86,75.0,30.0,65.0,1.0,0.012253,0.0
2026-06-01 15:44:00,1,Tomato,Loam,55.3427,0.6743,4.6573,23.6,70.0,25.0,60.0,0.7,0.011852,0.0
2026-06-01 15:44:00,2,Wheat,Sandy,42.429,0.5816,12.571,54.39,60.0,18.0,55.0,0.9,0.00876,0.0
2026-06-01 15:44:00,3,Maize,Clay,64.6655,0.7703,0.3345,13.86,75.0,30.0,65.0,1.0,0.012367,0.0
2026-06-01 15:45:00,1,Tomato,Loam,55.3411,0.6742,4.6589,23.64,70.0,25.0,60.0,0.7,0.011521,0.0
2026-06-01 15:45:00,2,Wheat,Sandy,42.4281,0.5816,12.5719,54.4,60.0,18.0,55.0,0.9,0.008515,0.0
2026-06-01 15:45:00,3,Maize,Clay,64.6643,0.7703,0.3357,13.86,75.0,30.0,65.0,1.0,0.012022,0.0
2026-06-01 15:46:00,1,Tomato,Loam,55.3395,0.6742,4.6605,23.64,70.0,25.0,60.0,0.7,0.011086,0.0
2026-06-01 15:46:00,2,Wheat,Sandy,42.4271,0.5816,12.5729,54.4,60.0,18.0,55.0,0.9,0.008194,0.0
2026-06-01 15:46:00,3,Maize,Clay,64.6632,0.7703,0.3368,13.86,75.0,30.0,65.0,1.0,0.011568,0.0
2026-06-01 15:47:00,1,Tomato,Loam,55.3379,0.6742,4.6621,23.64,70.0,25.0,60.0,0.7,0.011493,0.0
2026-06-01 15:47:00,2,Wheat,Sandy,42.4262,0.5816,12.5738,54.41,60.0,18.0,55.0,0.9,0.008495,0.0
2026-06-01 15:47:00,3,Maize,Clay,64.662,0.7703,0.338,13.86,75.0,30.0,65.0,1.0,0.011993,0.0
2026-06-01 15:48:00,1,Tomato,Loam,55.3361,0.6741,4.6639,23.67,70.0,25.0,60.0,0.7,0.012,0.0
2026-06-01 15:48:00,2,Wheat,Sandy,42.4252,0.5816,12.5748,54.41,60.0,18.0,55.0,0.9,0.00887,0.0
2026-06-01 15:48:00,3,Maize,Clay,64.6607,0.7702,0.3393,13.85,75.0,30.0,65.0,1.0,0.012522,0.0
2026-06-01 15:49:00,1,Tomato,Loam,55.3345,0.6741,4.6655,23.67,70.0,25.0,60.0,0.7,0.011352,0.0
2026-06-01 15:49:00,2,Wheat,Sandy,42.4243,0.5815,12.5757,54.41,60.0,18.0,55.0,0.9,0.00839,0.0
2026-06-01 15:49:00,3,Maize,Clay,64.6595,0.7702,0.3405,13.85,75.0,30.0,65.0,1.0,0.011845,0.0
2026-06-01 15:50:00,1,Tomato,Loam,55.3329,0.6741,4.6671,23.67,70.0,25.0,60.0,0.7,0.011061,0.0
2026-06-01 15:50:00,2,Wheat,Sandy,42.4234,0.5815,12.5766,54.42,60.0,18.0,55.0,0.9,0.008175,0.0
2026-06-01 15:50:00,3,Maize,Clay,64.6584,0.7702,0.3416,13.85,75.0,30.0,65.0,1.0,0.011542,0.0
2026-06-01 15:51:00,1,Tomato,Loam,55.3312,0.674,4.6688,23.7,70.0,25.0,60.0,0.7,0.011783,0.0
2026-06-01 15:51:00,2,Wheat,Sandy,42.4224,0.5815,12.5776,54.42,60.0,18.0,55.0,0.9,0.008709,0.0
2026-06-01 15:51:00,3,Maize,Clay,64.6572,0.7702,0.3428,13.85,75.0,30.0,65.0,1.0,0.012295,0.0
2026-06-01 15:52:00,1,Tomato,Loam,55.3297,0.674,4.6703,23.7,70.0,25.0,60.0,0.7,0.011027,0.0
2026-06-01 15:52:00,2,Wheat,Sandy,42.4215,0.5815,12.5785,54.43,60.0,18.0,55.0,0.9,0.008151,0.0
2026-06-01 15:52:00,3,Maize,Clay,64.656,0.7701,0.344,13.85,75.0,30.0,65.0,1.0,0.011507,0.0
2026-06-01 15:53:00,1,Tomato,Loam,55.328,0.674,4.672,23.7,70.0,25.0,60.0,0.7,0.011569,0.0
2026-06-01 15:53:00,2,Wheat,Sandy,42.4205,0.5814,12.5795,54.43,60.0,18.0,55.0,0.9,0.008551,0.0
2026-06-01 15:53:00,3,Maize,Clay,64.6548,0.7701,0.3452,13.85,75.0,30.0,65.0,1.0,0.012072,0.0
2026-06-01 15:54:00,1,Tomato,Loam,55.3264,0.6739,4.6736,23.73,70.0,25.0,60.0,0.7,0.01107,0.0
2026-06-01 15:54:00,2,Wheat,Sandy,42.4196,0.5814,12.5804,54.44,60.0,18.0,55.0,0.9,0.008182,0.0
2026-06-01 15:54:00,3,Maize,Clay,64.6536,0.7701,0.3464,13.85,75.0,30.0,65.0,1.0,0.011551,0.0
2026-06-01 15:55:00,1,Tomato,Loam,55.3249,0.6739,4.6751,23.73,70.0,25.0,60.0,0.7,0.010974,0.0
2026-06-01 15:55:00,2,Wheat,Sandy,42.4187,0.5814,12.5813,54.44,60.0,18.0,55.0,0.9,0.008112,0.0
2026-06-01 15:55:00,3,Maize,Clay,64.6525,0.7701,0.3475,13.85,75.0,30.0,65.0,1.0,0.011452,0.0
2026-06-01 15:56:00,1,Tomato,Loam,55.3233,0.6739,4.6767,23.73,70.0,25.0,60.0,0.7,0.011234,0.0
2026-06-01 15:56:00,2,Wheat,Sandy,42.4178,0.5814,12.5822,54.44,60.0,18.0,55.0,0.9,0.008304,0.0
2026-06-01 15:56:00,3,Maize,Clay,64.6513,0.77,0.3487,13.84,75.0,30.0,65.0,1.0,0.011723,0.0
2026-06-01 15:57:00,1,Tomato,Loam,55.3216,0.6738,4.6784,23.76,70.0,25.0,60.0,0.7,0.011369,0.0
2026-06-01 15:57:00,2,Wheat,Sandy,42.4169,0.5814,12.5831,54.45,60.0,18.0,55.0,0.9,0.008403,0.0
2026-06-01 15:57:00,3,Maize,Clay,64.6501,0.77,0.3499,13.84,75.0,30.0,65.0,1.0,0.011863,0.0
2026-06-01 15:58:00,1,Tomato,Loam,55.32,0.6738,4.68,23.76,70.0,25.0,60.0,0.7,0.011116,0.0
2026-06-01 15:58:00,2,Wheat,Sandy,42.416,0.5813,12.584,54.45,60.0,18.0,55.0,0.9,0.008216,0.0
2026-06-01 15:58:00,3,Maize,Clay,64.649,0.77,0.351,13.84,75.0,30.0,65.0,1.0,0.011599,0.0
2026-06-01 15:59:00,1,Tomato,Loam,55.3184,0.6737,4.6816,23.8,70.0,25.0,60.0,0.7,0.011655,0.0
2026-06-01 15:59:00,2,Wheat,Sandy,42.415,0.5813,12.585,54.46,60.0,18.0,55.0,0.9,0.008615,0.0
2026-06-01 15:59:00,3,Maize,Clay,64.6478,0.77,0.3522,13.84,75.0,30.0,65.0,1.0,0.012162,0.0
2026-06-01 16:00:00,1,Tomato,Loam,55.3168,0.6737,4.6832,23.8,70.0,25.0,60.0,0.7,0.011091,0.0
2026-06-01 16:00:00,2,Wheat,Sandy,42.4141,0.5813,12.5859,54.46,60.0,18.0,55.0,0.9,0.008197,0.0
2026-06-01 16:00:00,3,Maize,Clay,64.6466,0.7699,0.3534,13.84,75.0,30.0,65.0,1.0,0.011573,0.0
2026-06-01 16:01:00,1,Tomato,Loam,55.3151,0.6737,4.6849,23.8,70.0,25.0,60.0,0.7,0.011518,0.0
2026-06-01 16:01:00,2,Wheat,Sandy,42.4131,0.5813,12.5869,54.46,60.0,18.0,55.0,0.9,0.008514,0.0
2026-06-01 16:01:00,3,Maize,Clay,64.6454,0.7699,0.3546,13.84,75.0,30.0,65.0,1.0,0.012019,0.0
2026-06-01 16:02:00,1,Tomato,Loam,55.3136,0.6736,4.6864,23.83,70.0,25.0,60.0,0.7,0.011108,0.0
2026-06-01 16:02:00,2,Wheat,Sandy,42.4122,0.5812,12.5878,54.47,60.0,18.0,55.0,0.9,0.00821,0.0
2026-06-01 16:02:00,3,Maize,Clay,64.6442,0.7699,0.3558,13.84,75.0,30.0,65.0,1.0,0.011591,0.0
2026-06-01 16:03:00,1,Tomato,Loam,55.312,0.6736,4.688,23.83,70.0,25.0,60.0,0.7,0.011017,0.0
2026-06-01 16:03:00,2,Wheat,Sandy,42.4113,0.5812,12.5887,54.47,60.0,18.0,55.0,0.9,0.008143,0.0
2026-06-01 16:03:00,3,Maize,Clay,64.6431,0.7698,0.3569,13.84,75.0,30.0,65.0,1.0,0.011496,0.0
2026-06-01 16:04:00,1,Tomato,Loam,55.3104,0.6736,4.6896,23.83,70.0,25.0,60.0,0.7,0.010934,0.0
2026-06-01 16:04:00,2,Wheat,Sandy,42.4104,0.5812,12.5896,54.48,60.0,18.0,55.0,0.9,0.008082,0.0
2026-06-01 16:04:00,3,Maize,Clay,64.6419,0.7698,0.3581,13.84,75.0,30.0,65.0,1.0,0.01141,0.0
2026-06-01 16:05:00,1,Tomato,Loam,55.3089,0.6735,4.6911,23.86,70.0,25.0,60.0,0.7,0.010717,0.0
2026-06-01 16:05:00,2,Wheat,Sandy,42.4096,0.5812,12.5904,54.48,60.0,18.0,55.0,0.9,0.007921,0.0
2026-06-01 16:05:00,3,Maize,Clay,64.6408,0.7698,0.3592,13.84,75.0,30.0,65.0,1.0,0.011183,0.0
2026-06-01 16:06:00,1,Tomato,Loam,55.3073,0.6735,4.6927,23.86,70.0,25.0,60.0,0.7,0.01103,0.0
2026-06-01 16:06:00,2,Wheat,Sandy,42.4086,0.5812,12.5914,54.48,60.0,18.0,55.0,0.9,0.008152,0.0
2026-06-01 16:06:00,3,Maize,Clay,64.6397,0.7698,0.3603,13.84,75.0,30.0,65.0,1.0,0.011509,0.0
2026-06-01 16:07:00,1,Tomato,Loam,55.3058,0.6735,4.6942,23.86,70.0,25.0,60.0,0.7,0.010754,0.0
2026-06-01 16:07:00,2,Wheat,Sandy,42.4078,0.5811,12.5922,54.49,60.0,18.0,55.0,0.9,0.007948,0.0
2026-06-01 16:07:00,3,Maize,Clay,64.6385,0.7697,0.3615,13.83,75.0,30.0,65.0,1.0,0.011221,0.0
2026-06-01 16:08:00,1,Tomato,Loam,55.3043,0.6734,4.6957,23.89,70.0,25.0,60.0,0.7,0.010526,0.0
2026-06-01 16:08:00,2,Wheat,Sandy,42.4069,0.5811,12.5931,54.49,60.0,18.0,55.0,0.9,0.00778,0.0
2026-06-01 16:08:00,3,Maize,Clay,64.6375,0.7697,0.3625,13.83,75.0,30.0,65.0,1.0,0.010984,0.0
2026-06-01 16:09:00,1,Tomato,Loam,55.3027,0.6734,4.6973,23.89,70.0,25.0,60.0,0.7,0.01104,0.0
2026-06-01 16:09:00,2,Wheat,Sandy,42.406,0.5811,12.594,54.5,60.0,18.0,55.0,0.9,0.00816,0.0
2026-06-01 16:09:00,3,Maize,Clay,64.6363,0.7697,0.3637,13.83,75.0,30.0,65.0,1.0,0.01152,0.0
2026-06-01 16:10:00,1,Tomato,Loam,55.3012,0.6734,4.6988,23.89,70.0,25.0,60.0,0.7,0.01073,0.0
2026-06-01 16:10:00,2,Wheat,Sandy,42.4051,0.5811,12.5949,54.5,60.0,18.0,55.0,0.9,0.00793,0.0
2026-06-01 16:10:00,3,Maize,Clay,64.6352,0.7697,0.3648,13.83,75.0,30.0,65.0,1.0,0.011196,0.0
2026-06-01 16:11:00,1,Tomato,Loam,55.2996,0.6733,4.7004,23.93,70.0,25.0,60.0,0.7,0.01121,0.0
2026-06-01 16:11:00,2,Wheat,Sandy,42.4042,0.5811,12.5958,54.5,60.0,18.0,55.0,0.9,0.008286,0.0
2026-06-01 16:11:00,3,Maize,Clay,64.634,0.7696,0.366,13.83,75.0,30.0,65.0,1.0,0.011698,0.0
2026-06-01 16:12:00,1,Tomato,Loam,55.2981,0.6733,4.7019,23.93,70.0,25.0,60.0,0.7,0.010528,0.0
2026-06-01 16:12:00,2,Wheat,Sandy,42.4033,0.581,12.5967,54.51,60.0,18.0,55.0,0.9,0.007782,0.0
2026-06-01 16:12:00,3,Maize,Clay,64.6329,0.7696,0.3671,13.83,75.0,30.0,65.0,1.0,0.010986,0.0
2026-06-01 16:13:00,1,Tomato,Loam,55.2965,0.6733,4.7035,23.93,70.0,25.0,60.0,0.7,0.010778,0.0
2026-06-01 16:13:00,2,Wheat,Sandy,42.4024,0.581,12.5976,54.51,60.0,18.0,55.0,0.9,0.007966,0.0
2026-06-01 16:13:00,3,Maize,Clay,64.6318,0.7696,0.3682,13.83,75.0,30.0,65.0,1.0,0.011246,0.0
2026-06-01 16:14:00,1,Tomato,Loam,55.295,0.6732,4.705,23.96,70.0,25.0,60.0,0.7,0.011023,0.0
2026-06-01 16:14:00,2,Wheat,Sandy,42.4015,0.581,12.5985,54.52,60.0,18.0,55.0,0.9,0.008147,0.0
2026-06-01 16:14:00,3,Maize,Clay,64.6306,0.7696,0.3694,13.83,75.0,30.0,65.0,1.0,0.011502,0.0
2026-06-01 16:15:00,1,Tomato,Loam,55.2934,0.6732,4.7066,23.96,70.0,25.0,60.0,0.7,0.011237,0.0
2026-06-01 16:15:00,2,Wheat,Sandy,42.4006,0.581,12.5994,54.52,60.0,18.0,55.0,0.9,0.008305,0.0
2026-06-01 16:15:00,3,Maize,Clay,64.6295,0.7695,0.3705,13.82,75.0,30.0,65.0,1.0,0.011725,0.0
2026-06-01 16:16:00,1,Tomato,Loam,55.2919,0.6732,4.7081,23.96,70.0,25.0,60.0,0.7,0.010547,0.0
2026-06-01 16:16:00,2,Wheat,Sandy,42.3997,0.5809,12.6003,54.52,60.0,18.0,55.0,0.9,0.007795,0.0
2026-06-01 16:16:00,3,Maize,Clay,64.6284,0.7695,0.3716,13.82,75.0,30.0,65.0,1.0,0.011005,0.0
2026-06-01 16:17:00,1,Tomato,Loam,55.2904,0.6731,4.7096,23.99,70.0,25.0,60.0,0.7,0.010518,0.0
2026-06-01 16:17:00,2,Wheat,Sandy,42.3989,0.5809,12.6011,54.53,60.0,18.0,55.0,0.9,0.007774,0.0
2026-06-01 16:17:00,3,Maize,Clay,64.6273,0.7695,0.3727,13.82,75.0,30.0,65.0,1.0,0.010975,0.0
2026-06-01 16:18:00,1,Tomato,Loam,55.2888,0.6731,4.7112,23.99,70.0,25.0,60.0,0.7,0.010812,0.0
2026-06-01 16:18:00,2,Wheat,Sandy,42.398,0.5809,12.602,54.53,60.0,18.0,55.0,0.9,0.007992,0.0
2026-06-01 16:18:00,3,Maize,Clay,64.6261,0.7695,0.3739,13.82,75.0,30.0,65.0,1.0,0.011282,0.0
2026-06-01 16:19:00,1,Tomato,Loam,55.2874,0.6731,4.7126,23.99,70.0,25.0,60.0,0.7,0.010122,0.0
2026-06-01 16:19:00,2,Wheat,Sandy,42.3972,0.5809,12.6028,54.53,60.0,18.0,55.0,0.9,0.007482,0.0
2026-06-01 16:19:00,3,Maize,Clay,64.6251,0.7694,0.3749,13.82,75.0,30.0,65.0,1.0,0.010562,0.0
2026-06-01 16:20:00,1,Tomato,Loam,55.2859,0.673,4.7141,24.02,70.0,25.0,60.0,0.7,0.010106,0.0
2026-06-01 16:20:00,2,Wheat,Sandy,42.3963,0.5809,12.6037,54.54,60.0,18.0,55.0,0.9,0.00747,0.0
2026-06-01 16:20:00,3,Maize,Clay,64.624,0.7694,0.376,13.82,75.0,30.0,65.0,1.0,0.010546,0.0
2026-06-01 16:21:00,1,Tomato,Loam,55.2845,0.673,4.7155,24.02,70.0,25.0,60.0,0.7,0.010304,0.0
2026-06-01 16:21:00,2,Wheat,Sandy,42.3955,0.5808,12.6045,54.54,60.0,18.0,55.0,0.9,0.007616,0.0
2026-06-01 16:21:00,3,Maize,Clay,64.623,0.7694,0.377,13.82,75.0,30.0,65.0,1.0,0.010752,0.0
2026-06-01 16:22:00,1,Tomato,Loam,55.2829,0.673,4.7171,24.02,70.0,25.0,60.0,0.7,0.01103,0.0
2026-06-01 16:22:00,2,Wheat,Sandy,42.3946,0.5808,12.6054,54.55,60.0,18.0,55.0,0.9,0.008152,0.0
2026-06-01 16:22:00,3,Maize,Clay,64.6218,0.7694,0.3782,13.82,75.0,30.0,65.0,1.0,0.011509,0.0
2026-06-01 16:23:00,1,Tomato,Loam,55.2814,0.6729,4.7186,24.05,70.0,25.0,60.0,0.7,0.010498,0.0
2026-06-01 16:23:00,2,Wheat,Sandy,42.3937,0.5808,12.6063,54.55,60.0,18.0,55.0,0.9,0.00776,0.0
2026-06-01 16:23:00,3,Maize,Clay,64.6207,0.7693,0.3793,13.82,75.0,30.0,65.0,1.0,0.010955,0.0
2026-06-01 16:24:00,1,Tomato,Loam,55.2799,0.6729,4.7201,24.05,70.0,25.0,60.0,0.7,0.0107,0.0
2026-06-01 16:24:00,2,Wheat,Sandy,42.3928,0.5808,12.6072,54.55,60.0,18.0,55.0,0.9,0.007908,0.0
2026-06-01 16:24:00,3,Maize,Clay,64.6196,0.7693,0.3804,13.82,75.0,30.0,65.0,1.0,0.011165,0.0
2026-06-01 16:25:00,1,Tomato,Loam,55.2783,0.6729,4.7217,24.05,70.0,25.0,60.0,0.7,0.01093,0.0
2026-06-01 16:25:00,2,Wheat,Sandy,42.3919,0.5808,12.6081,54.56,60.0,18.0,55.0,0.9,0.008078,0.0
2026-06-01 16:25:00,3,Maize,Clay,64.6184,0.7693,0.3816,13.82,75.0,30.0,65.0,1.0,0.011405,0.0
2026-06-01 16:26:00,1,Tomato,Loam,55.2768,0.6728,4.7232,24.08,70.0,25.0,60.0,0.7,0.010794,0.0
2026-06-01 16:26:00,2,Wheat,Sandy,42.391,0.5807,12.609,54.56,60.0,18.0,55.0,0.9,0.007978,0.0
2026-06-01 16:26:00,3,Maize,Clay,64.6173,0.7693,0.3827,13.82,75.0,30.0,65.0,1.0,0.011263,0.0
2026-06-01 16:27:00,1,Tomato,Loam,55.2753,0.6728,4.7247,24.08,70.0,25.0,60.0,0.7,0.010141,0.0
2026-06-01 16:27:00,2,Wheat,Sandy,42.3902,0.5807,12.6098,54.56,60.0,18.0,55.0,0.9,0.007495,0.0
2026-06-01 16:27:00,3,Maize,Clay,64.6163,0.7693,0.3837,13.82,75.0,30.0,65.0,1.0,0.010582,0.0
2026-06-01 16:28:00,1,Tomato,Loam,55.2738,0.6728,4.7262,24.08,70.0,25.0,60.0,0.7,0.010418,0.0
2026-06-01 16:28:00,2,Wheat,Sandy,42.3893,0.5807,12.6107,54.57,60.0,18.0,55.0,0.9,0.0077,0.0
2026-06-01 16:28:00,3,Maize,Clay,64.6152,0.7692,0.3848,13.81,75.0,30.0,65.0,1.0,0.010871,0.0
2026-06-01 16:29:00,1,Tomato,Loam,55.2723,0.6727,4.7277,24.12,70.0,25.0,60.0,0.7,0.010716,0.0
2026-06-01 16:29:00,2,Wheat,Sandy,42.3885,0.5807,12.6115,54.57,60.0,18.0,55.0,0.9,0.00792,0.0
2026-06-01 16:29:00,3,Maize,Clay,64.614,0.7692,0.386,13.81,75.0,30.0,65.0,1.0,0.011182,0.0
2026-06-01 16:30:00,1,Tomato,Loam,55.2709,0.6727,4.7291,24.12,70.0,25.0,60.0,0.7,0.009805,0.0
2026-06-01 16:30:00,2,Wheat,Sandy,42.3877,0.5807,12.6123,54.58,60.0,18.0,55.0,0.9,0.007247,0.0
2026-06-01 16:30:00,3,Maize,Clay,64.613,0.7692,0.387,13.81,75.0,30.0,65.0,1.0,0.010231,0.0
2026-06-01 16:31:00,1,Tomato,Loam,55.2694,0.6727,4.7306,24.12,70.0,25.0,60.0,0.7,0.010396,0.0
2026-06-01 16:31:00,2,Wheat,Sandy,42.3868,0.5806,12.6132,54.58,60.0,18.0,55.0,0.9,0.007684,0.0
2026-06-01 16:31:00,3,Maize,Clay,64.6119,0.7692,0.3881,13.81,75.0,30.0,65.0,1.0,0.010848,0.0
2026-06-01 16:32:00,1,Tomato,Loam,55.268,0.6726,4.732,24.15,70.0,25.0,60.0,0.7,0.01008,0.0
2026-06-01 16:32:00,2,Wheat,Sandy,42.386,0.5806,12.614,54.58,60.0,18.0,55.0,0.9,0.00745,0.0
2026-06-01 16:32:00,3,Maize,Clay,64.6109,0.7691,0.3891,13.81,75.0,30.0,65.0,1.0,0.010518,0.0
2026-06-01 16:33:00,1,Tomato,Loam,55.2665,0.6726,4.7335,24.15,70.0,25.0,60.0,0.7,0.010211,0.0
2026-06-01 16:33:00,2,Wheat,Sandy,42.3851,0.5806,12.6149,54.59,60.0,18.0,55.0,0.9,0.007547,0.0
2026-06-01 16:33:00,3,Maize,Clay,64.6098,0.7691,0.3902,13.81,75.0,30.0,65.0,1.0,0.010655,0.0
2026-06-01 16:34:00,1,Tomato,Loam,55.2651,0.6726,4.7349,24.15,70.0,25.0,60.0,0.7,0.010049,0.0
2026-06-01 16:34:00,2,Wheat,Sandy,42.3843,0.5806,12.6157,54.59,60.0,18.0,55.0,0.9,0.007427,0.0
2026-06-01 16:34:00,3,Maize,Clay,64.6088,0.7691,0.3912,13.81,75.0,30.0,65.0,1.0,0.010486,0.0
2026-06-01 16:35:00,1,Tomato,Loam,55.2637,0.6725,4.7363,24.18,70.0,25.0,60.0,0.7,0.009957,0.0
2026-06-01 16:35:00,2,Wheat,Sandy,42.3835,0.5806,12.6165,54.59,60.0,18.0,55.0,0.9,0.007359,0.0
2026-06-01 16:35:00,3,Maize,Clay,64.6077,0.7691,0.3923,13.81,75.0,30.0,65.0,1.0,0.01039,0.0
2026-06-01 16:36:00,1,Tomato,Loam,55.2623,0.6725,4.7377,24.18,70.0,25.0,60.0,0.7,0.009938,0.0
2026-06-01 16:36:00,2,Wheat,Sandy,42.3827,0.5805,12.6173,54.6,60.0,18.0,55.0,0.9,0.007346,0.0
2026-06-01 16:36:00,3,Maize,Clay,64.6067,0.769,0.3933,13.8,75.0,30.0,65.0,1.0,0.01037,0.0
2026-06-01 16:37:00,1,Tomato,Loam,55.2608,0.6725,4.7392,24.18,70.0,25.0,60.0,0.7,0.010168,0.0
2026-06-01 16:37:00,2,Wheat,Sandy,42.3819,0.5805,12.6181,54.6,60.0,18.0,55.0,0.9,0.007516,0.0
2026-06-01 16:37:00,3,Maize,Clay,64.6056,0.769,0.3944,13.8,75.0,30.0,65.0,1.0,0.01061,0.0
2026-06-01 16:38:00,1,Tomato,Loam,55.2594,0.6724,4.7406,24.21,70.0,25.0,60.0,0.7,0.009956,0.0
2026-06-01 16:38:00,2,Wheat,Sandy,42.381,0.5805,12.619,54.61,60.0,18.0,55.0,0.9,0.007358,0.0
2026-06-01 16:38:00,3,Maize,Clay,64.6046,0.769,0.3954,13.8,75.0,30.0,65.0,1.0,0.010388,0.0
2026-06-01 16:39:00,1,Tomato,Loam,55.258,0.6724,4.742,24.21,70.0,25.0,60.0,0.7,0.009918,0.0
2026-06-01 16:39:00,2,Wheat,Sandy,42.3802,0.5805,12.6198,54.61,60.0,18.0,55.0,0.9,0.00733,0.0
2026-06-01 16:39:00,3,Maize,Clay,64.6036,0.769,0.3964,13.8,75.0,30.0,65.0,1.0,0.010349,0.0
2026-06-01 16:40:00,1,Tomato,Loam,55.2565,0.6724,4.7435,24.21,70.0,25.0,60.0,0.7,0.009954,0.0
2026-06-01 16:40:00,2,Wheat,Sandy,42.3794,0.5805,12.6206,54.61,60.0,18.0,55.0,0.9,0.007358,0.0
2026-06-01 16:40:00,3,Maize,Clay,64.6025,0.7689,0.3975,13.8,75.0,30.0,65.0,1.0,0.010387,0.0
2026-06-01 16:41:00,1,Tomato,Loam,55.2551,0.6723,4.7449,24.24,70.0,25.0,60.0,0.7,0.00969,0.0
2026-06-01 16:41:00,2,Wheat,Sandy,42.3786,0.5804,12.6214,54.62,60.0,18.0,55.0,0.9,0.007162,0.0
2026-06-01 16:41:00,3,Maize,Clay,64.6015,0.7689,0.3985,13.8,75.0,30.0,65.0,1.0,0.010111,0.0
2026-06-01 16:42:00,1,Tomato,Loam,55.2538,0.6723,4.7462,24.24,70.0,25.0,60.0,0.7,0.009455,0.0
2026-06-01 16:42:00,2,Wheat,Sandy,42.3778,0.5804,12.6222,54.62,60.0,18.0,55.0,0.9,0.006989,0.0
2026-06-01 16:42:00,3,Maize,Clay,64.6005,0.7689,0.3995,13.8,75.0,30.0,65.0,1.0,0.009866,0.0
2026-06-01 16:43:00,1,Tomato,Loam,55.2524,0.6723,4.7476,24.24,70.0,25.0,60.0,0.7,0.009788,0.0
2026-06-01 16:43:00,2,Wheat,Sandy,42.377,0.5804,12.623,54.62,60.0,18.0,55.0,0.9,0.007234,0.0
2026-06-01 16:43:00,3,Maize,Clay,64.5995,0.7689,0.4005,13.8,75.0,30.0,65.0,1.0,0.010213,0.0
2026-06-01 16:44:00,1,Tomato,Loam,55.251,0.6722,4.749,24.27,70.0,25.0,60.0,0.7,0.009888,0.0
2026-06-01 16:44:00,2,Wheat,Sandy,42.3762,0.5804,12.6238,54.63,60.0,18.0,55.0,0.9,0.007308,0.0
2026-06-01 16:44:00,3,Maize,Clay,64.5985,0.7689,0.4015,13.8,75.0,30.0,65.0,1.0,0.010318,0.0
2026-06-01 16:45:00,1,Tomato,Loam,55.2495,0.6722,4.7505,24.27,70.0,25.0,60.0,0.7,0.010397,0.0
2026-06-01 16:45:00,2,Wheat,Sandy,42.3754,0.5804,12.6246,54.63,60.0,18.0,55.0,0.9,0.007685,0.0
2026-06-01 16:45:00,3,Maize,Clay,64.5974,0.7688,0.4026,13.8,75.0,30.0,65.0,1.0,0.010849,0.0
2026-06-01 16:46:00,1,Tomato,Loam,55.2481,0.6722,4.7519,24.27,70.0,25.0,60.0,0.7,0.009835,0.0
2026-06-01 16:46:00,2,Wheat,Sandy,42.3745,0.5803,12.6255,54.63,60.0,18.0,55.0,0.9,0.007269,0.0
2026-06-01 16:46:00,3,Maize,Clay,64.5964,0.7688,0.4036,13.8,75.0,30.0,65.0,1.0,0.010262,0.0
2026-06-01 16:47:00,1,Tomato,Loam,55.2467,0.6721,4.7533,24.31,70.0,25.0,60.0,0.7,0.009375,0.0
2026-06-01 16:47:00,2,Wheat,Sandy,42.3738,0.5803,12.6262,54.64,60.0,18.0,55.0,0.9,0.006929,0.0
2026-06-01 16:47:00,3,Maize,Clay,64.5954,0.7688,0.4046,13.8,75.0,30.0,65.0,1.0,0.009782,0.0
2026-06-01 16:48:00,1,Tomato,Loam,55.2453,0.6721,4.7547,24.31,70.0,25.0,60.0,0.7,0.009797,0.0
2026-06-01 16:48:00,2,Wheat,Sandy,42.373,0.5803,12.627,54.64,60.0,18.0,55.0,0.9,0.007241,0.0
2026-06-01 16:48:00,3,Maize,Clay,64.5944,0.7688,0.4056,13.8,75.0,30.0,65.0,1.0,0.010223,0.0
2026-06-01 16:49:00,1,Tomato,Loam,55.2439,0.6721,4.7561,24.31,70.0,25.0,60.0,0.7,0.009768,0.0
2026-06-01 16:49:00,2,Wheat,Sandy,42.3722,0.5803,12.6278,54.64,60.0,18.0,55.0,0.9,0.00722,0.0
2026-06-01 16:49:00,3,Maize,Clay,64.5933,0.7687,0.4067,13.79,75.0,30.0,65.0,1.0,0.010193,0.0
2026-06-01 16:50:00,1,Tomato,Loam,55.2426,0.6721,4.7574,24.31,70.0,25.0,60.0,0.7,0.009367,0.0
2026-06-01 16:50:00,2,Wheat,Sandy,42.3714,0.5803,12.6286,54.65,60.0,18.0,55.0,0.9,0.006923,0.0
2026-06-01 16:50:00,3,Maize,Clay,64.5924,0.7687,0.4076,13.79,75.0,30.0,65.0,1.0,0.009774,0.0
2026-06-01 16:51:00,1,Tomato,Loam,55.2412,0.672,4.7588,24.34,70.0,25.0,60.0,0.7,0.009483,0.0
2026-06-01 16:51:00,2,Wheat,Sandy,42.3706,0.5803,12.6294,54.65,60.0,18.0,55.0,0.9,0.007009,0.0
2026-06-01 16:51:00,3,Maize,Clay,64.5914,0.7687,0.4086,13.79,75.0,30.0,65.0,1.0,0.009895,0.0
2026-06-01 16:52:00,1,Tomato,Loam,55.2399,0.672,4.7601,24.34,70.0,25.0,60.0,0.7,0.00956,0.0
2026-06-01 16:52:00,2,Wheat,Sandy,42.3698,0.5802,12.6302,54.66,60.0,18.0,55.0,0.9,0.007066,0.0
2026-06-01 16:52:00,3,Maize,Clay,64.5904,0.7687,0.4096,13.79,75.0,30.0,65.0,1.0,0.009976,0.0
2026-06-01 16:53:00,1,Tomato,Loam,55.2385,0.672,4.7615,24.34,70.0,25.0,60.0,0.7,0.009317,0.0
2026-06-01 16:53:00,2,Wheat,Sandy,42.3691,0.5802,12.6309,54.66,60.0,18.0,55.0,0.9,0.006887,0.0
2026-06-01 16:53:00,3,Maize,Clay,64.5894,0.7687,0.4106,13.79,75.0,30.0,65.0,1.0,0.009722,0.0
2026-06-01 16:54:00,1,Tomato,Loam,55.2372,0.6719,4.7628,24.37,70.0,25.0,60.0,0.7,0.009274,0.0
2026-06-01 16:54:00,2,Wheat,Sandy,42.3683,0.5802,12.6317,54.66,60.0,18.0,55.0,0.9,0.006854,0.0
2026-06-01 16:54:00,3,Maize,Clay,64.5884,0.7686,0.4116,13.79,75.0,30.0,65.0,1.0,0.009677,0.0
2026-06-01 16:55:00,1,Tomato,Loam,55.2359,0.6719,4.7641,24.37,70.0,25.0,60.0,0.7,0.009136,0.0
2026-06-01 16:55:00,2,Wheat,Sandy,42.3676,0.5802,12.6324,54.66,60.0,18.0,55.0,0.9,0.006752,0.0
2026-06-01 16:55:00,3,Maize,Clay,64.5875,0.7686,0.4125,13.79,75.0,30.0,65.0,1.0,0.009533,0.0
2026-06-01 16:56:00,1,Tomato,Loam,55.2346,0.6719,4.7654,24.37,70.0,25.0,60.0,0.7,0.009547,0.0
2026-06-01 16:56:00,2,Wheat,Sandy,42.3668,0.5802,12.6332,54.67,60.0,18.0,55.0,0.9,0.007057,0.0
2026-06-01 16:56:00,3,Maize,Clay,64.5865,0.7686,0.4135,13.79,75.0,30.0,65.0,1.0,0.009962,0.0
2026-06-01 16:57:00,1,Tomato,Loam,55.2333,0.6719,4.7667,24.37,70.0,25.0,60.0,0.7,0.009095,0.0
2026-06-01 16:57:00,2,Wheat,Sandy,42.366,0.5801,12.634,54.67,60.0,18.0,55.0,0.9,0.006723,0.0
2026-06-01 16:57:00,3,Maize,Clay,64.5855,0.7686,0.4145,13.79,75.0,30.0,65.0,1.0,0.009491,0.0
2026-06-01 16:58:00,1,Tomato,Loam,55.232,0.6718,4.768,24.4,70.0,25.0,60.0,0.7,0.008803,0.0
2026-06-01 16:58:00,2,Wheat,Sandy,42.3653,0.5801,12.6347,54.68,60.0,18.0,55.0,0.9,0.006507,0.0
2026-06-01 16:58:00,3,Maize,Clay,64.5846,0.7685,0.4154,13.79,75.0,30.0,65.0,1.0,0.009186,0.0
2026-06-01 16:59:00,1,Tomato,Loam,55.2307,0.6718,4.7693,24.4,70.0,25.0,60.0,0.7,0.008876,0.0
2026-06-01 16:59:00,2,Wheat,Sandy,42.3646,0.5801,12.6354,54.68,60.0,18.0,55.0,0.9,0.00656,0.0
2026-06-01 16:59:00,3,Maize,Clay,64.5837,0.7685,0.4163,13.79,75.0,30.0,65.0,1.0,0.009262,0.0
2026-06-01 17:00:00,1,Tomato,Loam,55.2295,0.6718,4.7705,24.4,70.0,25.0,60.0,0.7,0.00882,0.0
2026-06-01 17:00:00,2,Wheat,Sandy,42.3638,0.5801,12.6362,54.68,60.0,18.0,55.0,0.9,0.006519,0.0
2026-06-01 17:00:00,3,Maize,Clay,64.5828,0.7685,0.4172,13.79,75.0,30.0,65.0,1.0,0.009204,0.0
2026-06-01 17:01:00,1,Tomato,Loam,55.2282,0.6717,4.7718,24.43,70.0,25.0,60.0,0.7,0.00877,0.0
2026-06-01 17:01:00,2,Wheat,Sandy,42.3631,0.5801,12.6369,54.68,60.0,18.0,55.0,0.9,0.006482,0.0
2026-06-01 17:01:00,3,Maize,Clay,64.5818,0.7685,0.4182,13.79,75.0,30.0,65.0,1.0,0.009151,0.0
2026-06-01 17:02:00,1,Tomato,Loam,55.2269,0.6717,4.7731,24.43,70.0,25.0,60.0,0.7,0.009009,0.0
2026-06-01 17:02:00,2,Wheat,Sandy,42.3624,0.5801,12.6376,54.69,60.0,18.0,55.0,0.9,0.006659,0.0
2026-06-01 17:02:00,3,Maize,Clay,64.5809,0.7685,0.4191,13.79,75.0,30.0,65.0,1.0,0.009401,0.0
2026-06-01 17:03:00,1,Tomato,Loam,55.2257,0.6717,4.7743,24.43,70.0,25.0,60.0,0.7,0.008456,0.0
2026-06-01 17:03:00,2,Wheat,Sandy,42.3617,0.58,12.6383,54.69,60.0,18.0,55.0,0.9,0.00625,0.0
2026-06-01 17:03:00,3,Maize,Clay,64.58,0.7684,0.42,13.78,75.0,30.0,65.0,1.0,0.008824,0.0
2026-06-01 17:04:00,1,Tomato,Loam,55.2245,0.6717,4.7755,24.43,70.0,25.0,60.0,0.7,0.008685,0.0
2026-06-01 17:04:00,2,Wheat,Sandy,42.361,0.58,12.639,54.69,60.0,18.0,55.0,0.9,0.006419,0.0
2026-06-01 17:04:00,3,Maize,Clay,64.5791,0.7684,0.4209,13.78,75.0,30.0,65.0,1.0,0.009062,0.0
2026-06-01 17:05:00,1,Tomato,Loam,55.2233,0.6716,4.7767,24.46,70.0,25.0,60.0,0.7,0.00853,0.0
2026-06-01 17:05:00,2,Wheat,Sandy,42.3603,0.58,12.6397,54.7,60.0,18.0,55.0,0.9,0.006304,0.0
2026-06-01 17:05:00,3,Maize,Clay,64.5782,0.7684,0.4218,13.78,75.0,30.0,65.0,1.0,0.0089,0.0
2026-06-01 17:06:00,1,Tomato,Loam,55.222,0.6716,4.778,24.46,70.0,25.0,60.0,0.7,0.008505,0.0
2026-06-01 17:06:00,2,Wheat,Sandy,42.3596,0.58,12.6404,54.7,60.0,18.0,55.0,0.9,0.006287,0.0
2026-06-01 17:06:00,3,Maize,Clay,64.5773,0.7684,0.4227,13.78,75.0,30.0,65.0,1.0,0.008875,0.0
2026-06-01 17:07:00,1,Tomato,Loam,55.2207,0.6716,4.7793,24.46,70.0,25.0,60.0,0.7,0.009202,0.0
2026-06-01 17:07:00,2,Wheat,Sandy,42.3588,0.58,12.6412,54.7,60.0,18.0,55.0,0.9,0.006802,0.0
2026-06-01 17:07:00,3,Maize,Clay,64.5764,0.7684,0.4236,13.78,75.0,30.0,65.0,1.0,0.009602,0.0
2026-06-01 17:08:00,1,Tomato,Loam,55.2195,0.6715,4.7805,24.5,70.0,25.0,60.0,0.7,0.008917,0.0
2026-06-01 17:08:00,2,Wheat,Sandy,42.3581,0.58,12.6419,54.71,60.0,18.0,55.0,0.9,0.006591,0.0
2026-06-01 17:08:00,3,Maize,Clay,64.5754,0.7683,0.4246,13.78,75.0,30.0,65.0,1.0,0.009305,0.0
2026-06-01 17:09:00,1,Tomato,Loam,55.2182,0.6715,4.7818,24.5,70.0,25.0,60.0,0.7,0.008745,0.0
2026-06-01 17:09:00,2,Wheat,Sandy,42.3574,0.5799,12.6426,54.71,60.0,18.0,55.0,0.9,0.006463,0.0
2026-06-01 17:09:00,3,Maize,Clay,64.5745,0.7683,0.4255,13.78,75.0,30.0,65.0,1.0,0.009125,0.0
2026-06-01 17:10:00,1,Tomato,Loam,55.217,0.6715,4.783,24.5,70.0,25.0,60.0,0.7,0.008484,0.0
2026-06-01 17:10:00,2,Wheat,Sandy,42.3567,0.5799,12.6433,54.71,60.0,18.0,55.0,0.9,0.00627,0.0
2026-06-01 17:10:00,3,Maize,Clay,64.5736,0.7683,0.4264,13.78,75.0,30.0,65.0,1.0,0.008852,0.0
2026-06-01 17:11:00,1,Tomato,Loam,55.2158,0.6715,4.7842,24.5,70.0,25.0,60.0,0.7,0.008481,0.0
2026-06-01 17:11:00,2,Wheat,Sandy,42.356,0.5799,12.644,54.72,60.0,18.0,55.0,0.9,0.006269,0.0
2026-06-01 17:11:00,3,Maize,Clay,64.5728,0.7683,0.4272,13.78,75.0,30.0,65.0,1.0,0.00885,0.0
2026-06-01 17:12:00,1,Tomato,Loam,55.2145,0.6714,4.7855,24.53,70.0,25.0,60.0,0.7,0.00871,0.0
2026-06-01 17:12:00,2,Wheat,Sandy,42.3552,0.5799,12.6448,54.72,60.0,18.0,55.0,0.9,0.006438,0.0
2026-06-01 17:12:00,3,Maize,Clay,64.5718,0.7683,0.4282,13.78,75.0,30.0,65.0,1.0,0.009089,0.0
2026-06-01 17:13:00,1,Tomato,Loam,55.2133,0.6714,4.7867,24.53,70.0,25.0,60.0,0.7,0.00854,0.0
2026-06-01 17:13:00,2,Wheat,Sandy,42.3545,0.5799,12.6455,54.72,60.0,18.0,55.0,0.9,0.006312,0.0
2026-06-01 17:13:00,3,Maize,Clay,64.5709,0.7682,0.4291,13.77,75.0,30.0,65.0,1.0,0.008911,0.0
2026-06-01 17:14:00,1,Tomato,Loam,55.2121,0.6714,4.7879,24.53,70.0,25.0,60.0,0.7,0.008324,0.0
2026-06-01 17:14:00,2,Wheat,Sandy,42.3539,0.5799,12.6461,54.73,60.0,18.0,55.0,0.9,0.006152,0.0
2026-06-01 17:14:00,3,Maize,Clay,64.5701,0.7682,0.4299,13.77,75.0,30.0,65.0,1.0,0.008686,0.0
2026-06-01 17:15:00,1,Tomato,Loam,55.2109,0.6714,4.7891,24.53,70.0,25.0,60.0,0.7,0.00853,0.0
2026-06-01 17:15:00,2,Wheat,Sandy,42.3532,0.5798,12.6468,54.73,60.0,18.0,55.0,0.9,0.006304,0.0
2026-06-01 17:15:00,3,Maize,Clay,64.5692,0.7682,0.4308,13.77,75.0,30.0,65.0,1.0,0.0089,0.0
2026-06-01 17:16:00,1,Tomato,Loam,55.2098,0.6713,4.7902,24.56,70.0,25.0,60.0,0.7,0.00778,0.0
2026-06-01 17:16:00,2,Wheat,Sandy,42.3525,0.5798,12.6475,54.73,60.0,18.0,55.0,0.9,0.00575,0.0
2026-06-01 17:16:00,3,Maize,Clay,64.5684,0.7682,0.4316,13.77,75.0,30.0,65.0,1.0,0.008118,0.0
2026-06-01 17:17:00,1,Tomato,Loam,55.2086,0.6713,4.7914,24.56,70.0,25.0,60.0,0.7,0.008342,0.0
2026-06-01 17:17:00,2,Wheat,Sandy,42.3518,0.5798,12.6482,54.73,60.0,18.0,55.0,0.9,0.006166,0.0
2026-06-01 17:17:00,3,Maize,Clay,64.5675,0.7682,0.4325,13.77,75.0,30.0,65.0,1.0,0.008705,0.0
2026-06-01 17:18:00,1,Tomato,Loam,55.2074,0.6713,4.7926,24.56,70.0,25.0,60.0,0.7,0.008378,0.0
2026-06-01 17:18:00,2,Wheat,Sandy,42.3511,0.5798,12.6489,54.74,60.0,18.0,55.0,0.9,0.006192,0.0
2026-06-01 17:18:00,3,Maize,Clay,64.5666,0.7681,0.4334,13.77,75.0,30.0,65.0,1.0,0.008742,0.0
2026-06-01 17:19:00,1,Tomato,Loam,55.2063,0.6713,4.7937,24.56,70.0,25.0,60.0,0.7,0.008179,0.0
2026-06-01 17:19:00,2,Wheat,Sandy,42.3505,0.5798,12.6495,54.74,60.0,18.0,55.0,0.9,0.006045,0.0
2026-06-01 17:19:00,3,Maize,Clay,64.5658,0.7681,0.4342,13.77,75.0,30.0,65.0,1.0,0.008534,0.0
2026-06-01 17:20:00,1,Tomato,Loam,55.2051,0.6712,4.7949,24.59,70.0,25.0,60.0,0.7,0.008383,0.0
2026-06-01 17:20:00,2,Wheat,Sandy,42.3498,0.5798,12.6502,54.74,60.0,18.0,55.0,0.9,0.006196,0.0
2026-06-01 17:20:00,3,Maize,Clay,64.5649,0.7681,0.4351,13.77,75.0,30.0,65.0,1.0,0.008748,0.0
2026-06-01 17:21:00,1,Tomato,Loam,55.2039,0.6712,4.7961,24.59,70.0,25.0,60.0,0.7,0.008056,0.0
2026-06-01 17:21:00,2,Wheat,Sandy,42.3491,0.5797,12.6509,54.75,60.0,18.0,55.0,0.9,0.005954,0.0
2026-06-01 17:21:00,3,Maize,Clay,64.5641,0.7681,0.4359,13.77,75.0,30.0,65.0,1.0,0.008406,0.0
2026-06-01 17:22:00,1,Tomato,Loam,55.2027,0.6712,4.7973,24.59,70.0,25.0,60.0,0.7,0.008446,0.0
2026-06-01 17:22:00,2,Wheat,Sandy,42.3484,0.5797,12.6516,54.75,60.0,18.0,55.0,0.9,0.006242,0.0
2026-06-01 17:22:00,3,Maize,Clay,64.5632,0.7681,0.4368,13.77,75.0,30.0,65.0,1.0,0.008813,0.0
2026-06-01 17:23:00,1,Tomato,Loam,55.2016,0.6711,4.7984,24.62,70.0,25.0,60.0,0.7,0.007986,0.0
2026-06-01 17:23:00,2,Wheat,Sandy,42.3478,0.5797,12.6522,54.75,60.0,18.0,55.0,0.9,0.005902,0.0
2026-06-01 17:23:00,3,Maize,Clay,64.5624,0.7681,0.4376,13.77,75.0,30.0,65.0,1.0,0.008333,0.0
2026-06-01 17:24:00,1,Tomato,Loam,55.2004,0.6711,4.7996,24.62,70.0,25.0,60.0,0.7,0.007991,0.0
2026-06-01 17:24:00,2,Wheat,Sandy,42.3471,0.5797,12.6529,54.76,60.0,18.0,55.0,0.9,0.005907,0.0
2026-06-01 17:24:00,3,Maize,Clay,64.5615,0.768,0.4385,13.77,75.0,30.0,65.0,1.0,0.008339,0.0
2026-06-01 17:25:00,1,Tomato,Loam,55.1993,0.6711,4.8007,24.62,70.0,25.0,60.0,0.7,0.008135,0.0
2026-06-01 17:25:00,2,Wheat,Sandy,42.3465,0.5797,12.6535,54.76,60.0,18.0,55.0,0.9,0.006013,0.0
2026-06-01 17:25:00,3,Maize,Clay,64.5607,0.768,0.4393,13.77,75.0,30.0,65.0,1.0,0.008489,0.0
2026-06-01 17:26:00,1,Tomato,Loam,55.1981,0.6711,4.8019,24.62,70.0,25.0,60.0,0.7,0.007819,0.0
2026-06-01 17:26:00,2,Wheat,Sandy,42.3458,0.5797,12.6542,54.76,60.0,18.0,55.0,0.9,0.005779,0.0
2026-06-01 17:26:00,3,Maize,Clay,64.5599,0.768,0.4401,13.77,75.0,30.0,65.0,1.0,0.008159,0.0
2026-06-01 17:27:00,1,Tomato,Loam,55.197,0.671,4.803,24.65,70.0,25.0,60.0,0.7,0.008308,0.0
2026-06-01 17:27:00,2,Wheat,Sandy,42.3451,0.5796,12.6549,54.76,60.0,18.0,55.0,0.9,0.00614,0.0
2026-06-01 17:27:00,3,Maize,Clay,64.559,0.768,0.441,13.77,75.0,30.0,65.0,1.0,0.008669,0.0
2026-06-01 17:28:00,1,Tomato,Loam,55.1958,0.671,4.8042,24.65,70.0,25.0,60.0,0.7,0.008048,0.0
2026-06-01 17:28:00,2,Wheat,Sandy,42.3445,0.5796,12.6555,54.77,60.0,18.0,55.0,0.9,0.005948,0.0
2026-06-01 17:28:00,3,Maize,Clay,64.5582,0.768,0.4418,13.77,75.0,30.0,65.0,1.0,0.008398,0.0
2026-06-01 17:29:00,1,Tomato,Loam,55.1947,0.671,4.8053,24.65,70.0,25.0,60.0,0.7,0.008056,0.0
2026-06-01 17:29:00,2,Wheat,Sandy,42.3438,0.5796,12.6562,54.77,60.0,18.0,55.0,0.9,0.005954,0.0
2026-06-01 17:29:00,3,Maize,Clay,64.5573,0.7679,0.4427,13.76,75.0,30.0,65.0,1.0,0.008406,0.0
2026-06-01 17:30:00,1,Tomato,Loam,55.1935,0.671,4.8065,24.65,70.0,25.0,60.0,0.7,0.007938,0.0
2026-06-01 17:30:00,2,Wheat,Sandy,42.3432,0.5796,12.6568,54.77,60.0,18.0,55.0,0.9,0.005868,0.0
2026-06-01 17:30:00,3,Maize,Clay,64.5565,0.7679,0.4435,13.76,75.0,30.0,65.0,1.0,0.008284,0.0
2026-06-01 17:31:00,1,Tomato,Loam,55.1924,0.6709,4.8076,24.68,70.0,25.0,60.0,0.7,0.007595,0.0
2026-06-01 17:31:00,2,Wheat,Sandy,42.3425,0.5796,12.6575,54.78,60.0,18.0,55.0,0.9,0.005613,0.0
2026-06-01 17:31:00,3,Maize,Clay,64.5557,0.7679,0.4443,13.76,75.0,30.0,65.0,1.0,0.007925,0.0
2026-06-01 17:32:00,1,Tomato,Loam,55.1913,0.6709,4.8087,24.68,70.0,25.0,60.0,0.7,0.007751,0.0
2026-06-01 17:32:00,2,Wheat,Sandy,42.3419,0.5796,12.6581,54.78,60.0,18.0,55.0,0.9,0.005729,0.0
2026-06-01 17:32:00,3,Maize,Clay,64.5549,0.7679,0.4451,13.76,75.0,30.0,65.0,1.0,0.008088,0.0
2026-06-01 17:33:00,1,Tomato,Loam,55.1903,0.6709,4.8097,24.68,70.0,25.0,60.0,0.7,0.007458,0.0
2026-06-01 17:33:00,2,Wheat,Sandy,42.3413,0.5796,12.6587,54.78,60.0,18.0,55.0,0.9,0.005512,0.0
2026-06-01 17:33:00,3,Maize,Clay,64.5541,0.7679,0.4459,13.76,75.0,30.0,65.0,1.0,0.007782,0.0
2026-06-01 17:34:00,1,Tomato,Loam,55.1892,0.6709,4.8108,24.68,70.0,25.0,60.0,0.7,0.007664,0.0
2026-06-01 17:34:00,2,Wheat,Sandy,42.3407,0.5795,12.6593,54.78,60.0,18.0,55.0,0.9,0.005664,0.0
2026-06-01 17:34:00,3,Maize,Clay,64.5533,0.7679,0.4467,13.76,75.0,30.0,65.0,1.0,0.007997,0.0
2026-06-01 17:35:00,1,Tomato,Loam,55.188,0.6708,4.812,24.72,70.0,25.0,60.0,0.7,0.008015,0.0
2026-06-01 17:35:00,2,Wheat,Sandy,42.34,0.5795,12.66,54.79,60.0,18.0,55.0,0.9,0.005924,0.0
2026-06-01 17:35:00,3,Maize,Clay,64.5525,0.7678,0.4475,13.76,75.0,30.0,65.0,1.0,0.008364,0.0
2026-06-01 17:36:00,1,Tomato,Loam,55.187,0.6708,4.813,24.72,70.0,25.0,60.0,0.7,0.007416,0.0
2026-06-01 17:36:00,2,Wheat,Sandy,42.3394,0.5795,12.6606,54.79,60.0,18.0,55.0,0.9,0.005482,0.0
2026-06-01 17:36:00,3,Maize,Clay,64.5517,0.7678,0.4483,13.76,75.0,30.0,65.0,1.0,0.007739,0.0
2026-06-01 17:37:00,1,Tomato,Loam,55.186,0.6708,4.814,24.72,70.0,25.0,60.0,0.7,0.007038,0.0
2026-06-01 17:37:00,2,Wheat,Sandy,42.3388,0.5795,12.6612,54.79,60.0,18.0,55.0,0.9,0.005202,0.0
2026-06-01 17:37:00,3,Maize,Clay,64.551,0.7678,0.449,13.76,75.0,30.0,65.0,1.0,0.007344,0.0
2026-06-01 17:38:00,1,Tomato,Loam,55.1849,0.6708,4.8151,24.72,70.0,25.0,60.0,0.7,0.007248,0.0
2026-06-01 17:38:00,2,Wheat,Sandy,42.3382,0.5795,12.6618,54.8,60.0,18.0,55.0,0.9,0.005358,0.0
2026-06-01 17:38:00,3,Maize,Clay,64.5502,0.7678,0.4498,13.76,75.0,30.0,65.0,1.0,0.007564,0.0
2026-06-01 17:39:00,1,Tomato,Loam,55.1838,0.6708,4.8162,24.72,70.0,25.0,60.0,0.7,0.007614,0.0
2026-06-01 17:39:00,2,Wheat,Sandy,42.3376,0.5795,12.6624,54.8,60.0,18.0,55.0,0.9,0.005628,0.0
2026-06-01 17:39:00,3,Maize,Clay,64.5494,0.7678,0.4506,13.76,75.0,30.0,65.0,1.0,0.007945,0.0
2026-06-01 17:40:00,1,Tomato,Loam,55.1828,0.6707,4.8172,24.75,70.0,25.0,60.0,0.7,0.007508,0.0
2026-06-01 17:40:00,2,Wheat,Sandy,42.337,0.5795,12.663,54.8,60.0,18.0,55.0,0.9,0.00555,0.0
2026-06-01 17:40:00,3,Maize,Clay,64.5486,0.7677,0.4514,13.76,75.0,30.0,65.0,1.0,0.007835,0.0
2026-06-01 17:41:00,1,Tomato,Loam,55.1817,0.6707,4.8183,24.75,70.0,25.0,60.0,0.7,0.00723,0.0
2026-06-01 17:41:00,2,Wheat,Sandy,42.3364,0.5794,12.6636,54.8,60.0,18.0,55.0,0.9,0.005344,0.0
2026-06-01 17:41:00,3,Maize,Clay,64.5479,0.7677,0.4521,13.76,75.0,30.0,65.0,1.0,0.007544,0.0
2026-06-01 17:42:00,1,Tomato,Loam,55.1807,0.6707,4.8193,24.75,70.0,25.0,60.0,0.7,0.007235,0.0
2026-06-01 17:42:00,2,Wheat,Sandy,42.3358,0.5794,12.6642,54.81,60.0,18.0,55.0,0.9,0.005347,0.0
2026-06-01 17:42:00,3,Maize,Clay,64.5471,0.7677,0.4529,13.76,75.0,30.0,65.0,1.0,0.007549,0.0
2026-06-01 17:43:00,1,Tomato,Loam,55.1797,0.6707,4.8203,24.75,70.0,25.0,60.0,0.7,0.007277,0.0
2026-06-01 17:43:00,2,Wheat,Sandy,42.3352,0.5794,12.6648,54.81,60.0,18.0,55.0,0.9,0.005379,0.0
2026-06-01 17:43:00,3,Maize,Clay,64.5464,0.7677,0.4536,13.76,75.0,30.0,65.0,1.0,0.007594,0.0
2026-06-01 17:44:00,1,Tomato,Loam,55.1786,0.6706,4.8214,24.78,70.0,25.0,60.0,0.7,0.007403,0.0
2026-06-01 17:44:00,2,Wheat,Sandy,42.3346,0.5794,12.6654,54.81,60.0,18.0,55.0,0.9,0.005471,0.0
2026-06-01 17:44:00,3,Maize,Clay,64.5456,0.7677,0.4544,13.76,75.0,30.0,65.0,1.0,0.007724,0.0
2026-06-01 17:45:00,1,Tomato,Loam,55.1776,0.6706,4.8224,24.78,70.0,25.0,60.0,0.7,0.007321,0.0
2026-06-01 17:45:00,2,Wheat,Sandy,42.334,0.5794,12.666,54.81,60.0,18.0,55.0,0.9,0.005411,0.0
2026-06-01 17:45:00,3,Maize,Clay,64.5448,0.7677,0.4552,13.76,75.0,30.0,65.0,1.0,0.007639,0.0
2026-06-01 17:46:00,1,Tomato,Loam,55.1766,0.6706,4.8234,24.78,70.0,25.0,60.0,0.7,0.00696,0.0
2026-06-01 17:46:00,2,Wheat,Sandy,42.3334,0.5794,12.6666,54.82,60.0,18.0,55.0,0.9,0.005144,0.0
2026-06-01 17:46:00,3,Maize,Clay,64.5441,0.7676,0.4559,13.75,75.0,30.0,65.0,1.0,0.007262,0.0
2026-06-01 17:47:00,1,Tomato,Loam,55.1756,0.6706,4.8244,24.78,70.0,25.0,60.0,0.7,0.007017,0.0
2026-06-01 17:47:00,2,Wheat,Sandy,42.3328,0.5794,12.6672,54.82,60.0,18.0,55.0,0.9,0.005187,0.0
2026-06-01 17:47:00,3,Maize,Clay,64.5434,0.7676,0.4566,13.75,75.0,30.0,65.0,1.0,0.007322,0.0
2026-06-01 17:48:00,1,Tomato,Loam,55.1746,0.6705,4.8254,24.81,70.0,25.0,60.0,0.7,0.006937,0.0
2026-06-01 17:48:00,2,Wheat,Sandy,42.3323,0.5793,12.6677,54.82,60.0,18.0,55.0,0.9,0.005127,0.0
2026-06-01 17:48:00,3,Maize,Clay,64.5427,0.7676,0.4573,13.75,75.0,30.0,65.0,1.0,0.007238,0.0
2026-06-01 17:49:00,1,Tomato,Loam,55.1736,0.6705,4.8264,24.81,70.0,25.0,60.0,0.7,0.006762,0.0
2026-06-01 17:49:00,2,Wheat,Sandy,42.3317,0.5793,12.6683,54.82,60.0,18.0,55.0,0.9,0.004998,0.0
2026-06-01 17:49:00,3,Maize,Clay,64.542,0.7676,0.458,13.75,75.0,30.0,65.0,1.0,0.007056,0.0
2026-06-01 17:50:00,1,Tomato,Loam,55.1726,0.6705,4.8274,24.81,70.0,25.0,60.0,0.7,0.006952,0.0
2026-06-01 17:50:00,2,Wheat,Sandy,42.3311,0.5793,12.6689,54.83,60.0,18.0,55.0,0.9,0.005138,0.0
2026-06-01 17:50:00,3,Maize,Clay,64.5412,0.7676,0.4588,13.75,75.0,30.0,65.0,1.0,0.007254,0.0
2026-06-01 17:51:00,1,Tomato,Loam,55.1717,0.6705,4.8283,24.81,70.0,25.0,60.0,0.7,0.006688,0.0
2026-06-01 17:51:00,2,Wheat,Sandy,42.3306,0.5793,12.6694,54.83,60.0,18.0,55.0,0.9,0.004944,0.0
2026-06-01 17:51:00,3,Maize,Clay,64.5405,0.7676,0.4595,13.75,75.0,30.0,65.0,1.0,0.006979,0.0
2026-06-01 17:52:00,1,Tomato,Loam,55.1707,0.6705,4.8293,24.81,70.0,25.0,60.0,0.7,0.006488,0.0
2026-06-01 17:52:00,2,Wheat,Sandy,42.3301,0.5793,12.6699,54.83,60.0,18.0,55.0,0.9,0.004796,0.0
2026-06-01 17:52:00,3,Maize,Clay,64.5399,0.7676,0.4601,13.75,75.0,30.0,65.0,1.0,0.00677,0.0
2026-06-01 17:53:00,1,Tomato,Loam,55.1698,0.6704,4.8302,24.84,70.0,25.0,60.0,0.7,0.006594,0.0
2026-06-01 17:53:00,2,Wheat,Sandy,42.3295,0.5793,12.6705,54.83,60.0,18.0,55.0,0.9,0.004874,0.0
2026-06-01 17:53:00,3,Maize,Clay,64.5392,0.7675,0.4608,13.75,75.0,30.0,65.0,1.0,0.006881,0.0
2026-06-01 17:54:00,1,Tomato,Loam,55.1688,0.6704,4.8312,24.84,70.0,25.0,60.0,0.7,0.006629,0.0
2026-06-01 17:54:00,2,Wheat,Sandy,42.329,0.5793,12.671,54.84,60.0,18.0,55.0,0.9,0.004899,0.0
2026-06-01 17:54:00,3,Maize,Clay,64.5385,0.7675,0.4615,13.75,75.0,30.0,65.0,1.0,0.006917,0.0
2026-06-01 17:55:00,1,Tomato,Loam,55.1679,0.6704,4.8321,24.84,70.0,25.0,60.0,0.7,0.00663,0.0
2026-06-01 17:55:00,2,Wheat,Sandy,42.3284,0.5792,12.6716,54.84,60.0,18.0,55.0,0.9,0.0049,0.0
2026-06-01 17:55:00,3,Maize,Clay,64.5378,0.7675,0.4622,13.75,75.0,30.0,65.0,1.0,0.006918,0.0
2026-06-01 17:56:00,1,Tomato,Loam,55.167,0.6704,4.833,24.84,70.0,25.0,60.0,0.7,0.006641,0.0
2026-06-01 17:56:00,2,Wheat,Sandy,42.3279,0.5792,12.6721,54.84,60.0,18.0,55.0,0.9,0.004909,0.0
2026-06-01 17:56:00,3,Maize,Clay,64.5371,0.7675,0.4629,13.75,75.0,30.0,65.0,1.0,0.00693,0.0
2026-06-01 17:57:00,1,Tomato,Loam,55.166,0.6704,4.834,24.84,70.0,25.0,60.0,0.7,0.006894,0.0
2026-06-01 17:57:00,2,Wheat,Sandy,42.3273,0.5792,12.6727,54.84,60.0,18.0,55.0,0.9,0.005096,0.0
2026-06-01 17:57:00,3,Maize,Clay,64.5364,0.7675,0.4636,13.75,75.0,30.0,65.0,1.0,0.007194,0.0
2026-06-01 17:58:00,1,Tomato,Loam,55.1651,0.6703,4.8349,24.87,70.0,25.0,60.0,0.7,0.006212,0.0
2026-06-01 17:58:00,2,Wheat,Sandy,42.3268,0.5792,12.6732,54.85,60.0,18.0,55.0,0.9,0.004592,0.0
2026-06-01 17:58:00,3,Maize,Clay,64.5357,0.7675,0.4643,13.75,75.0,30.0,65.0,1.0,0.006482,0.0
2026-06-01 17:59:00,1,Tomato,Loam,55.1642,0.6703,4.8358,24.87,70.0,25.0,60.0,0.7,0.006403,0.0
2026-06-01 17:59:00,2,Wheat,Sandy,42.3263,0.5792,12.6737,54.85,60.0,18.0,55.0,0.9,0.004733,0.0
2026-06-01 17:59:00,3,Maize,Clay,64.5351,0.7674,0.4649,13.74,75.0,30.0,65.0,1.0,0.006682,0.0
2026-06-01 18:00:00,1,Tomato,Loam,55.2014,0.6711,4.7986,24.62,70.0,25.0,60.0,0.7,0.006224,0.0
2026-06-01 18:00:00,2,Wheat,Sandy,42.3554,0.5799,12.6446,54.72,60.0,18.0,55.0,0.9,0.0046,0.0
2026-06-01 18:00:00,3,Maize,Clay,64.5427,0.7676,0.4573,13.75,75.0,30.0,65.0,1.0,0.006494,0.0
2026-06-01 18:01:00,1,Tomato,Loam,55.2385,0.672,4.7615,24.34,70.0,25.0,60.0,0.7,0.006542,0.0
2026-06-01 18:01:00,2,Wheat,Sandy,42.3845,0.5806,12.6155,54.59,60.0,18.0,55.0,0.9,0.004836,0.0
2026-06-01 18:01:00,3,Maize,Clay,64.5504,0.7678,0.4496,13.76,75.0,30.0,65.0,1.0,0.006827,0.0
2026-06-01 18:02:00,1,Tomato,Loam,55.2758,0.6728,4.7242,24.08,70.0,25.0,60.0,0.7,0.006,0.0
2026-06-01 18:02:00,2,Wheat,Sandy,42.4136,0.5813,12.5864,54.46,60.0,18.0,55.0,0.9,0.004434,0.0
2026-06-01 18:02:00,3,Maize,Clay,64.5581,0.768,0.4419,13.77,75.0,30.0,65.0,1.0,0.00626,0.0
2026-06-01 18:03:00,1,Tomato,Loam,55.313,0.6736,4.687,23.83,70.0,25.0,60.0,0.7,0.00597,0.0
2026-06-01 18:03:00,2,Wheat,Sandy,42.4428,0.582,12.5572,54.33,60.0,18.0,55.0,0.9,0.004412,0.0
2026-06-01 18:03:00,3,Maize,Clay,64.5658,0.7681,0.4342,13.77,75.0,30.0,65.0,1.0,0.006229,0.0
2026-06-01 18:04:00,1,Tomato,Loam,55.3502,0.6744,4.6498,23.57,70.0,25.0,60.0,0.7,0.00638,0.0
2026-06-01 18:04:00,2,Wheat,Sandy,42.4719,0.5827,12.5281,54.21,60.0,18.0,55.0,0.9,0.004716,0.0
2026-06-01 18:04:00,3,Maize,Clay,64.5735,0.7683,0.4265,13.78,75.0,30.0,65.0,1.0,0.006658,0.0
2026-06-01 18:05:00,1,Tomato,Loam,55.3874,0.6753,4.6126,23.28,70.0,25.0,60.0,0.7,0.006318,0.0
2026-06-01 18:05:00,2,Wheat,Sandy,42.501,0.5834,12.499,54.08,60.0,18.0,55.0,0.9,0.00467,0.0
2026-06-01 18:05:00,3,Maize,Clay,64.5811,0.7685,0.4189,13.79,75.0,30.0,65.0,1.0,0.006593,0.0
2026-06-01 18:06:00,1,Tomato,Loam,55.4247,0.6761,4.5753,23.02,70.0,25.0,60.0,0.7,0.005748,0.0
2026-06-01 18:06:00,2,Wheat,Sandy,42.5302,0.5841,12.4698,53.96,60.0,18.0,55.0,0.9,0.004248,0.0
2026-06-01 18:06:00,3,Maize,Clay,64.5889,0.7686,0.4111,13.79,75.0,30.0,65.0,1.0,0.005998,0.0
2026-06-01 18:07:00,1,Tomato,Loam,55.4619,0.6769,4.5381,22.76,70.0,25.0,60.0,0.7,0.005903,0.0
2026-06-01 18:07:00,2,Wheat,Sandy,42.5593,0.5847,12.4407,53.83,60.0,18.0,55.0,0.9,0.004363,0.0
2026-06-01 18:07:00,3,Maize,Clay,64.5966,0.7688,0.4034,13.8,75.0,30.0,65.0,1.0,0.00616,0.0
2026-06-01 18:08:00,1,Tomato,Loam,55.4992,0.6778,4.5008,22.46,70.0,25.0,60.0,0.7,0.005919,0.0
2026-06-01 18:08:00,2,Wheat,Sandy,42.5884,0.5854,12.4116,53.71,60.0,18.0,55.0,0.9,0.004375,0.0
2026-06-01 18:08:00,3,Maize,Clay,64.6043,0.769,0.3957,13.8,75.0,30.0,65.0,1.0,0.006176,0.0
2026-06-01 18:09:00,1,Tomato,Loam,55.5364,0.6786,4.4636,22.2,70.0,25.0,60.0,0.7,0.005903,0.0
2026-06-01 18:09:00,2,Wheat,Sandy,42.6176,0.5861,12.3824,53.58,60.0,18.0,55.0,0.9,0.004363,0.0
2026-06-01 18:09:00,3,Maize,Clay,64.612,0.7692,0.388,13.81,75.0,30.0,65.0,1.0,0.00616,0.0
2026-06-01 18:10:00,1,Tomato,Loam,55.5736,0.6794,4.4264,21.93,70.0,25.0,60.0,0.7,0.006077,0.0
2026-06-01 18:10:00,2,Wheat,Sandy,42.6467,0.5868,12.3533,53.46,60.0,18.0,55.0,0.9,0.004491,0.0
2026-06-01 18:10:00,3,Maize,Clay,64.6197,0.7693,0.3803,13.82,75.0,30.0,65.0,1.0,0.006341,0.0
2026-06-01 18:11:00,1,Tomato,Loam,55.6109,0.6802,4.3891,21.66,70.0,25.0,60.0,0.7,0.006013,0.0
2026-06-01 18:11:00,2,Wheat,Sandy,42.6759,0.5875,12.3241,53.34,60.0,18.0,55.0,0.9,0.004445,0.0
2026-06-01 18:11:00,3,Maize,Clay,64.6274,0.7695,0.3726,13.82,75.0,30.0,65.0,1.0,0.006275,0.0
2026-06-01 18:12:00,1,Tomato,Loam,55.6482,0.6811,4.3518,21.36,70.0,25.0,60.0,0.7,0.005689,0.0
2026-06-01 18:12:00,2,Wheat,Sandy,42.705,0.5882,12.295,53.22,60.0,18.0,55.0,0.9,0.004205,0.0
2026-06-01 18:12:00,3,Maize,Clay,64.6352,0.7697,0.3648,13.83,75.0,30.0,65.0,1.0,0.005936,0.0
2026-06-01 18:13:00,1,Tomato,Loam,55.6854,0.6819,4.3146,21.09,70.0,25.0,60.0,0.7,0.005789,0.0
2026-06-01 18:13:00,2,Wheat,Sandy,42.7342,0.5889,12.2658,53.1,60.0,18.0,55.0,0.9,0.004279,0.0
2026-06-01 18:13:00,3,Maize,Clay,64.6429,0.7698,0.3571,13.84,75.0,30.0,65.0,1.0,0.006041,0.0
2026-06-01 18:14:00,1,Tomato,Loam,55.7227,0.6827,4.2773,20.81,70.0,25.0,60.0,0.7,0.005797,0.0
2026-06-01 18:14:00,2,Wheat,Sandy,42.7633,0.5896,12.2367,52.98,60.0,18.0,55.0,0.9,0.004285,0.0
2026-06-01 18:14:00,3,Maize,Clay,64.6506,0.77,0.3494,13.84,75.0,30.0,65.0,1.0,0.006049,0.0
2026-06-01 18:15:00,1,Tomato,Loam,55.7219,0.6827,4.2781,20.81,70.0,25.0,60.0,0.7,0.005462,0.0
2026-06-01 18:15:00,2,Wheat,Sandy,42.7629,0.5896,12.2371,52.98,60.0,18.0,55.0,0.9,0.004037,0.0
2026-06-01 18:15:00,3,Maize,Clay,64.6501,0.77,0.3499,13.84,75.0,30.0,65.0,1.0,0.0057,0.0
2026-06-01 18:16:00,1,Tomato,Loam,55.7211,0.6827,4.2789,20.81,70.0,25.0,60.0,0.7,0.00558,0.0
2026-06-01 18:16:00,2,Wheat,Sandy,42.7624,0.5896,12.2376,52.98,60.0,18.0,55.0,0.9,0.004124,0.0
2026-06-01 18:16:00,3,Maize,Clay,64.6495,0.77,0.3505,13.84,75.0,30.0,65.0,1.0,0.005822,0.0
2026-06-01 18:17:00,1,Tomato,Loam,55.7203,0.6827,4.2797,20.81,70.0,25.0,60.0,0.7,0.00548,0.0
2026-06-01 18:17:00,2,Wheat,Sandy,42.762,0.5896,12.238,52.99,60.0,18.0,55.0,0.9,0.00405,0.0
2026-06-01 18:17:00,3,Maize,Clay,64.6489,0.77,0.3511,13.84,75.0,30.0,65.0,1.0,0.005718,0.0
2026-06-01 18:18:00,1,Tomato,Loam,55.7196,0.6827,4.2804,20.81,70.0,25.0,60.0,0.7,0.005462,0.0
2026-06-01 18:18:00,2,Wheat,Sandy,42.7615,0.5896,12.2385,52.99,60.0,18.0,55.0,0.9,0.004037,0.0
2026-06-01 18:18:00,3,Maize,Clay,64.6483,0.77,0.3517,13.84,75.0,30.0,65.0,1.0,0.0057,0.0
2026-06-01 18:19:00,1,Tomato,Loam,55.7188,0.6826,4.2812,20.85,70.0,25.0,60.0,0.7,0.005269,0.0
2026-06-01 18:19:00,2,Wheat,Sandy,42.7611,0.5896,12.2389,52.99,60.0,18.0,55.0,0.9,0.003895,0.0
2026-06-01 18:19:00,3,Maize,Clay,64.6478,0.77,0.3522,13.84,75.0,30.0,65.0,1.0,0.005498,0.0
2026-06-01 18:20:00,1,Tomato,Loam,55.718,0.6826,4.282,20.85,70.0,25.0,60.0,0.7,0.005543,0.0
2026-06-01 18:20:00,2,Wheat,Sandy,42.7606,0.5895,12.2394,52.99,60.0,18.0,55.0,0.9,0.004097,0.0
2026-06-01 18:20:00,3,Maize,Clay,64.6472,0.7699,0.3528,13.84,75.0,30.0,65.0,1.0,0.005784,0.0
2026-06-01 18:21:00,1,Tomato,Loam,55.7173,0.6826,4.2827,20.85,70.0,25.0,60.0,0.7,0.005152,0.0
2026-06-01 18:21:00,2,Wheat,Sandy,42.7602,0.5895,12.2398,52.99,60.0,18.0,55.0,0.9,0.003808,0.0
2026-06-01 18:21:00,3,Maize,Clay,64.6467,0.7699,0.3533,13.84,75.0,30.0,65.0,1.0,0.005376,0.0
2026-06-01 18:22:00,1,Tomato,Loam,55.7165,0.6826,4.2835,20.85,70.0,25.0,60.0,0.7,0.005195,0.0
2026-06-01 18:22:00,2,Wheat,Sandy,42.7598,0.5895,12.2402,52.99,60.0,18.0,55.0,0.9,0.003839,0.0
2026-06-01 18:22:00,3,Maize,Clay,64.6461,0.7699,0.3539,13.84,75.0,30.0,65.0,1.0,0.00542,0.0
2026-06-01 18:23:00,1,Tomato,Loam,55.7158,0.6826,4.2842,20.85,70.0,25.0,60.0,0.7,0.005284,0.0
2026-06-01 18:23:00,2,Wheat,Sandy,42.7594,0.5895,12.2406,53.0,60.0,18.0,55.0,0.9,0.003906,0.0
2026-06-01 18:23:00,3,Maize,Clay,64.6456,0.7699,0.3544,13.84,75.0,30.0,65.0,1.0,0.005514,0.0
2026-06-01 18:24:00,1,Tomato,Loam,55.715,0.6826,4.285,20.85,70.0,25.0,60.0,0.7,0.005207,0.0
2026-06-01 18:24:00,2,Wheat,Sandy,42.7589,0.5895,12.2411,53.0,60.0,18.0,55.0,0.9,0.003849,0.0
2026-06-01 18:24:00,3,Maize,Clay,64.645,0.7699,0.355,13.84,75.0,30.0,65.0,1.0,0.005434,0.0
2026-06-01 18:25:00,1,Tomato,Loam,55.7143,0.6825,4.2857,20.88,70.0,25.0,60.0,0.7,0.004967,0.0
2026-06-01 18:25:00,2,Wheat,Sandy,42.7585,0.5895,12.2415,53.0,60.0,18.0,55.0,0.9,0.003671,0.0
2026-06-01 18:25:00,3,Maize,Clay,64.6445,0.7699,0.3555,13.84,75.0,30.0,65.0,1.0,0.005183,0.0
2026-06-01 18:26:00,1,Tomato,Loam,55.7136,0.6825,4.2864,20.88,70.0,25.0,60.0,0.7,0.004866,0.0
2026-06-01 18:26:00,2,Wheat,Sandy,42.7581,0.5895,12.2419,53.0,60.0,18.0,55.0,0.9,0.003596,0.0
2026-06-01 18:26:00,3,Maize,Clay,64.644,0.7699,0.356,13.84,75.0,30.0,65.0,1.0,0.005077,0.0
2026-06-01 18:27:00,1,Tomato,Loam,55.7129,0.6825,4.2871,20.88,70.0,25.0,60.0,0.7,0.005123,0.0
2026-06-01 18:27:00,2,Wheat,Sandy,42.7577,0.5895,12.2423,53.0,60.0,18.0,55.0,0.9,0.003787,0.0
2026-06-01 18:27:00,3,Maize,Clay,64.6435,0.7699,0.3565,13.84,75.0,30.0,65.0,1.0,0.005346,0.0
2026-06-01 18:28:00,1,Tomato,Loam,55.7122,0.6825,4.2878,20.88,70.0,25.0,60.0,0.7,0.004938,0.0
2026-06-01 18:28:00,2,Wheat,Sandy,42.7573,0.5895,12.2427,53.0,60.0,18.0,55.0,0.9,0.00365,0.0
2026-06-01 18:28:00,3,Maize,Clay,64.643,0.7698,0.357,13.84,75.0,30.0,65.0,1.0,0.005153,0.0
2026-06-01 18:29:00,1,Tomato,Loam,55.7114,0.6825,4.2886,20.88,70.0,25.0,60.0,0.7,0.005312,0.0
2026-06-01 18:29:00,2,Wheat,Sandy,42.7569,0.5894,12.2431,53.01,60.0,18.0,55.0,0.9,0.003926,0.0
2026-06-01 18:29:00,3,Maize,Clay,64.6424,0.7698,0.3576,13.84,75.0,30.0,65.0,1.0,0.005543,0.0
2026-06-01 18:30:00,1,Tomato,Loam,55.7108,0.6825,4.2892,20.88,70.0,25.0,60.0,0.7,0.004473,0.0
2026-06-01 18:30:00,2,Wheat,Sandy,42.7565,0.5894,12.2435,53.01,60.0,18.0,55.0,0.9,0.003306,0.0
2026-06-01 18:30:00,3,Maize,Clay,64.642,0.7698,0.358,13.84,75.0,30.0,65.0,1.0,0.004668,0.0
2026-06-01 18:31:00,1,Tomato,Loam,55.7101,0.6824,4.2899,20.91,70.0,25.0,60.0,0.7,0.004817,0.0
2026-06-01 18:31:00,2,Wheat,Sandy,42.7561,0.5894,12.2439,53.01,60.0,18.0,55.0,0.9,0.003561,0.0
2026-06-01 18:31:00,3,Maize,Clay,64.6414,0.7698,0.3586,13.84,75.0,30.0,65.0,1.0,0.005027,0.0
2026-06-01 18:32:00,1,Tomato,Loam,55.7095,0.6824,4.2905,20.91,70.0,25.0,60.0,0.7,0.004479,0.0
2026-06-01 18:32:00,2,Wheat,Sandy,42.7557,0.5894,12.2443,53.01,60.0,18.0,55.0,0.9,0.003311,0.0
2026-06-01 18:32:00,3,Maize,Clay,64.641,0.7698,0.359,13.84,75.0,30.0,65.0,1.0,0.004674,0.0
2026-06-01 18:33:00,1,Tomato,Loam,55.7088,0.6824,4.2912,20.91,70.0,25.0,60.0,0.7,0.004671,0.0
2026-06-01 18:33:00,2,Wheat,Sandy,42.7553,0.5894,12.2447,53.01,60.0,18.0,55.0,0.9,0.003453,0.0
2026-06-01 18:33:00,3,Maize,Clay,64.6405,0.7698,0.3595,13.84,75.0,30.0,65.0,1.0,0.004874,0.0
2026-06-01 18:34:00,1,Tomato,Loam,55.7081,0.6824,4.2919,20.91,70.0,25.0,60.0,0.7,0.00448,0.0
2026-06-01 18:34:00,2,Wheat,Sandy,42.755,0.5894,12.245,53.01,60.0,18.0,55.0,0.9,0.003312,0.0
2026-06-01 18:34:00,3,Maize,Clay,64.64,0.7698,0.36,13.84,75.0,30.0,65.0,1.0,0.004675,0.0
2026-06-01 18:35:00,1,Tomato,Loam,55.7075,0.6824,4.2925,20.91,70.0,25.0,60.0,0.7,0.00444,0.0
2026-06-01 18:35:00,2,Wheat,Sandy,42.7546,0.5894,12.2454,53.02,60.0,18.0,55.0,0.9,0.003282,0.0
2026-06-01 18:35:00,3,Maize,Clay,64.6396,0.7698,0.3604,13.84,75.0,30.0,65.0,1.0,0.004633,0.0
2026-06-01 18:36:00,1,Tomato,Loam,55.7069,0.6824,4.2931,20.91,70.0,25.0,60.0,0.7,0.004268,0.0
2026-06-01 18:36:00,2,Wheat,Sandy,42.7543,0.5894,12.2457,53.02,60.0,18.0,55.0,0.9,0.003154,0.0
2026-06-01 18:36:00,3,Maize,Clay,64.6391,0.7698,0.3609,13.84,75.0,30.0,65.0,1.0,0.004453,0.0
2026-06-01 18:37:00,1,Tomato,Loam,55.7063,0.6824,4.2937,20.91,70.0,25.0,60.0,0.7,0.004496,0.0
2026-06-01 18:37:00,2,Wheat,Sandy,42.7539,0.5894,12.2461,53.02,60.0,18.0,55.0,0.9,0.003324,0.0
2026-06-01 18:37:00,3,Maize,Clay,64.6386,0.7697,0.3614,13.83,75.0,30.0,65.0,1.0,0.004692,0.0
2026-06-01 18:38:00,1,Tomato,Loam,55.7056,0.6823,4.2944,20.95,70.0,25.0,60.0,0.7,0.004584,0.0
2026-06-01 18:38:00,2,Wheat,Sandy,42.7535,0.5894,12.2465,53.02,60.0,18.0,55.0,0.9,0.003388,0.0
2026-06-01 18:38:00,3,Maize,Clay,64.6382,0.7697,0.3618,13.83,75.0,30.0,65.0,1.0,0.004783,0.0
2026-06-01 18:39:00,1,Tomato,Loam,55.705,0.6823,4.295,20.95,70.0,25.0,60.0,0.7,0.004532,0.0
2026-06-01 18:39:00,2,Wheat,Sandy,42.7531,0.5894,12.2469,53.02,60.0,18.0,55.0,0.9,0.00335,0.0
2026-06-01 18:39:00,3,Maize,Clay,64.6377,0.7697,0.3623,13.83,75.0,30.0,65.0,1.0,0.004729,0.0
2026-06-01 18:40:00,1,Tomato,Loam,55.7043,0.6823,4.2957,20.95,70.0,25.0,60.0,0.7,0.004337,0.0
2026-06-01 18:40:00,2,Wheat,Sandy,42.7528,0.5894,12.2472,53.02,60.0,18.0,55.0,0.9,0.003205,0.0
2026-06-01 18:40:00,3,Maize,Clay,64.6372,0.7697,0.3628,13.83,75.0,30.0,65.0,1.0,0.004525,0.0
2026-06-01 18:41:00,1,Tomato,Loam,55.7038,0.6823,4.2962,20.95,70.0,25.0,60.0,0.7,0.004023,0.0
2026-06-01 18:41:00,2,Wheat,Sandy,42.7525,0.5893,12.2475,53.02,60.0,18.0,55.0,0.9,0.002973,0.0
2026-06-01 18:41:00,3,Maize,Clay,64.6368,0.7697,0.3632,13.83,75.0,30.0,65.0,1.0,0.004198,0.0
2026-06-01 18:42:00,1,Tomato,Loam,55.7031,0.6823,4.2969,20.95,70.0,25.0,60.0,0.7,0.004372,0.0
2026-06-01 18:42:00,2,Wheat,Sandy,42.7521,0.5893,12.2479,53.03,60.0,18.0,55.0,0.9,0.003232,0.0
2026-06-01 18:42:00,3,Maize,Clay,64.6364,0.7697,0.3636,13.83,75.0,30.0,65.0,1.0,0.004562,0.0
2026-06-01 18:43:00,1,Tomato,Loam,55.7025,0.6823,4.2975,20.95,70.0,25.0,60.0,0.7,0.004192,0.0
2026-06-01 18:43:00,2,Wheat,Sandy,42.7518,0.5893,12.2482,53.03,60.0,18.0,55.0,0.9,0.003098,0.0
2026-06-01 18:43:00,3,Maize,Clay,64.6359,0.7697,0.3641,13.83,75.0,30.0,65.0,1.0,0.004374,0.0
2026-06-01 18:44:00,1,Tomato,Loam,55.7019,0.6823,4.2981,20.95,70.0,25.0,60.0,0.7,0.004311,0.0
2026-06-01 18:44:00,2,Wheat,Sandy,42.7514,0.5893,12.2486,53.03,60.0,18.0,55.0,0.9,0.003187,0.0
2026-06-01 18:44:00,3,Maize,Clay,64.6355,0.7697,0.3645,13.83,75.0,30.0,65.0,1.0,0.004499,0.0
2026-06-01 18:45:00,1,Tomato,Loam,55.7014,0.6823,4.2986,20.95,70.0,25.0,60.0,0.7,0.003872,0.0
2026-06-01 18:45:00,2,Wheat,Sandy,42.7511,0.5893,12.2489,53.03,60.0,18.0,55.0,0.9,0.002862,0.0
2026-06-01 18:45:00,3,Maize,Clay,64.6351,0.7697,0.3649,13.83,75.0,30.0,65.0,1.0,0.00404,0.0
2026-06-01 18:46:00,1,Tomato,Loam,55.7008,0.6822,4.2992,20.98,70.0,25.0,60.0,0.7,0.003801,0.0
2026-06-01 18:46:00,2,Wheat,Sandy,42.7508,0.5893,12.2492,53.03,60.0,18.0,55.0,0.9,0.002809,0.0
2026-06-01 18:46:00,3,Maize,Clay,64.6347,0.7697,0.3653,13.83,75.0,30.0,65.0,1.0,0.003966,0.0
2026-06-01 18:47:00,1,Tomato,Loam,55.7003,0.6822,4.2997,20.98,70.0,25.0,60.0,0.7,0.00395,0.0
2026-06-01 18:47:00,2,Wheat,Sandy,42.7504,0.5893,12.2496,53.03,60.0,18.0,55.0,0.9,0.00292,0.0
2026-06-01 18:47:00,3,Maize,Clay,64.6343,0.7697,0.3657,13.83,75.0,30.0,65.0,1.0,0.004122,0.0
2026-06-01 18:48:00,1,Tomato,Loam,55.6997,0.6822,4.3003,20.98,70.0,25.0,60.0,0.7,0.004007,0.0
2026-06-01 18:48:00,2,Wheat,Sandy,42.7501,0.5893,12.2499,53.03,60.0,18.0,55.0,0.9,0.002961,0.0
2026-06-01 18:48:00,3,Maize,Clay,64.6338,0.7696,0.3662,13.83,75.0,30.0,65.0,1.0,0.004181,0.0
2026-06-01 18:49:00,1,Tomato,Loam,55.6992,0.6822,4.3008,20.98,70.0,25.0,60.0,0.7,0.003803,0.0
2026-06-01 18:49:00,2,Wheat,Sandy,42.7498,0.5893,12.2502,53.04,60.0,18.0,55.0,0.9,0.002811,0.0
2026-06-01 18:49:00,3,Maize,Clay,64.6334,0.7696,0.3666,13.83,75.0,30.0,65.0,1.0,0.003968,0.0
2026-06-01 18:50:00,1,Tomato,Loam,55.6986,0.6822,4.3014,20.98,70.0,25.0,60.0,0.7,0.003842,0.0
2026-06-01 18:50:00,2,Wheat,Sandy,42.7495,0.5893,12.2505,53.04,60.0,18.0,55.0,0.9,0.00284,0.0
2026-06-01 18:50:00,3,Maize,Clay,64.633,0.7696,0.367,13.83,75.0,30.0,65.0,1.0,0.004009,0.0
2026-06-01 18:51:00,1,Tomato,Loam,55.6981,0.6822,4.3019,20.98,70.0,25.0,60.0,0.7,0.00361,0.0
2026-06-01 18:51:00,2,Wheat,Sandy,42.7492,0.5893,12.2508,53.04,60.0,18.0,55.0,0.9,0.002668,0.0
2026-06-01 18:51:00,3,Maize,Clay,64.6327,0.7696,0.3673,13.83,75.0,30.0,65.0,1.0,0.003767,0.0
2026-06-01 18:52:00,1,Tomato,Loam,55.6975,0.6822,4.3025,20.98,70.0,25.0,60.0,0.7,0.003992,0.0
2026-06-01 18:52:00,2,Wheat,Sandy,42.7489,0.5893,12.2511,53.04,60.0,18.0,55.0,0.9,0.00295,0.0
2026-06-01 18:52:00,3,Maize,Clay,64.6322,0.7696,0.3678,13.83,75.0,30.0,65.0,1.0,0.004165,0.0
2026-06-01 18:53:00,1,Tomato,Loam,55.697,0.6822,4.303,20.98,70.0,25.0,60.0,0.7,0.003468,0.0
2026-06-01 18:53:00,2,Wheat,Sandy,42.7486,0.5893,12.2514,53.04,60.0,18.0,55.0,0.9,0.002564,0.0
2026-06-01 18:53:00,3,Maize,Clay,64.6319,0.7696,0.3681,13.83,75.0,30.0,65.0,1.0,0.003619,0.0
2026-06-01 18:54:00,1,Tomato,Loam,55.6965,0.6821,4.3035,21.02,70.0,25.0,60.0,0.7,0.003445,0.0
2026-06-01 18:54:00,2,Wheat,Sandy,42.7483,0.5892,12.2517,53.04,60.0,18.0,55.0,0.9,0.002547,0.0
2026-06-01 18:54:00,3,Maize,Clay,64.6315,0.7696,0.3685,13.83,75.0,30.0,65.0,1.0,0.003595,0.0
2026-06-01 18:55:00,1,Tomato,Loam,55.696,0.6821,4.304,21.02,70.0,25.0,60.0,0.7,0.00368,0.0
2026-06-01 18:55:00,2,Wheat,Sandy,42.748,0.5892,12.252,53.04,60.0,18.0,55.0,0.9,0.00272,0.0
2026-06-01 18:55:00,3,Maize,Clay,64.6311,0.7696,0.3689,13.83,75.0,30.0,65.0,1.0,0.00384,0.0
2026-06-01 18:56:00,1,Tomato,Loam,55.6956,0.6821,4.3044,21.02,70.0,25.0,60.0,0.7,0.0031,0.0
2026-06-01 18:56:00,2,Wheat,Sandy,42.7477,0.5892,12.2523,53.04,60.0,18.0,55.0,0.9,0.002292,0.0
2026-06-01 18:56:00,3,Maize,Clay,64.6308,0.7696,0.3692,13.83,75.0,30.0,65.0,1.0,0.003235,0.0
2026-06-01 18:57:00,1,Tomato,Loam,55.6951,0.6821,4.3049,21.02,70.0,25.0,60.0,0.7,0.003562,0.0
2026-06-01 18:57:00,2,Wheat,Sandy,42.7475,0.5892,12.2525,53.04,60.0,18.0,55.0,0.9,0.002632,0.0
2026-06-01 18:57:00,3,Maize,Clay,64.6304,0.7696,0.3696,13.83,75.0,30.0,65.0,1.0,0.003716,0.0
2026-06-01 18:58:00,1,Tomato,Loam,55.6946,0.6821,4.3054,21.02,70.0,25.0,60.0,0.7,0.003533,0.0
2026-06-01 18:58:00,2,Wheat,Sandy,42.7472,0.5892,12.2528,53.05,60.0,18.0,55.0,0.9,0.002611,0.0
2026-06-01 18:58:00,3,Maize,Clay,64.6301,0.7696,0.3699,13.83,75.0,30.0,65.0,1.0,0.003686,0.0
2026-06-01 18:59:00,1,Tomato,Loam,55.6941,0.6821,4.3059,21.02,70.0,25.0,60.0,0.7,0.003521,0.0
2026-06-01 18:59:00,2,Wheat,Sandy,42.7469,0.5892,12.2531,53.05,60.0,18.0,55.0,0.9,0.002603,0.0
2026-06-01 18:59:00,3,Maize,Clay,64.6297,0.7695,0.3703,13.82,75.0,30.0,65.0,1.0,0.003674,0.0
2026-06-01 19:00:00,1,Tomato,Loam,55.6936,0.6821,4.3064,21.02,70.0,25.0,60.0,0.7,0.003356,0.0
2026-06-01 19:00:00,2,Wheat,Sandy,42.7466,0.5892,12.2534,53.05,60.0,18.0,55.0,0.9,0.00248,0.0
2026-06-01 19:00:00,3,Maize,Clay,64.6294,0.7695,0.3706,13.82,75.0,30.0,65.0,1.0,0.003502,0.0
2026-06-01 19:01:00,1,Tomato,Loam,55.6931,0.6821,4.3069,21.02,70.0,25.0,60.0,0.7,0.003153,0.0
2026-06-01 19:01:00,2,Wheat,Sandy,42.7463,0.5892,12.2537,53.05,60.0,18.0,55.0,0.9,0.002331,0.0
2026-06-01 19:01:00,3,Maize,Clay,64.629,0.7695,0.371,13.82,75.0,30.0,65.0,1.0,0.00329,0.0
2026-06-01 19:02:00,1,Tomato,Loam,55.6927,0.6821,4.3073,21.02,70.0,25.0,60.0,0.7,0.002951,0.0
2026-06-01 19:02:00,2,Wheat,Sandy,42.7461,0.5892,12.2539,53.05,60.0,18.0,55.0,0.9,0.002181,0.0
2026-06-01 19:02:00,3,Maize,Clay,64.6287,0.7695,0.3713,13.82,75.0,30.0,65.0,1.0,0.003079,0.0
2026-06-01 19:03:00,1,Tomato,Loam,55.6922,0.682,4.3078,21.05,70.0,25.0,60.0,0.7,0.003111,0.0
2026-06-01 19:03:00,2,Wheat,Sandy,42.7458,0.5892,12.2542,53.05,60.0,18.0,55.0,0.9,0.002299,0.0
2026-06-01 19:03:00,3,Maize,Clay,64.6284,0.7695,0.3716,13.82,75.0,30.0,65.0,1.0,0.003246,0.0
2026-06-01 19:04:00,1,Tomato,Loam,55.6918,0.682,4.3082,21.05,70.0,25.0,60.0,0.7,0.002922,0.0
2026-06-01 19:04:00,2,Wheat,Sandy,42.7456,0.5892,12.2544,53.05,60.0,18.0,55.0,0.9,0.00216,0.0
2026-06-01 19:04:00,3,Maize,Clay,64.6281,0.7695,0.3719,13.82,75.0,30.0,65.0,1.0,0.003049,0.0
2026-06-01 19:05:00,1,Tomato,Loam,55.6914,0.682,4.3086,21.05,70.0,25.0,60.0,0.7,0.003156,0.0
2026-06-01 19:05:00,2,Wheat,Sandy,42.7453,0.5892,12.2547,53.05,60.0,18.0,55.0,0.9,0.002332,0.0
2026-06-01 19:05:00,3,Maize,Clay,64.6278,0.7695,0.3722,13.82,75.0,30.0,65.0,1.0,0.003293,0.0
2026-06-01 19:06:00,1,Tomato,Loam,55.6909,0.682,4.3091,21.05,70.0,25.0,60.0,0.7,0.003113,0.0
2026-06-01 19:06:00,2,Wheat,Sandy,42.7451,0.5892,12.2549,53.05,60.0,18.0,55.0,0.9,0.002301,0.0
2026-06-01 19:06:00,3,Maize,Clay,64.6274,0.7695,0.3726,13.82,75.0,30.0,65.0,1.0,0.003248,0.0
2026-06-01 19:07:00,1,Tomato,Loam,55.6905,0.682,4.3095,21.05,70.0,25.0,60.0,0.7,0.003154,0.0
2026-06-01 19:07:00,2,Wheat,Sandy,42.7448,0.5892,12.2552,53.06,60.0,18.0,55.0,0.9,0.002332,0.0
2026-06-01 19:07:00,3,Maize,Clay,64.6271,0.7695,0.3729,13.82,75.0,30.0,65.0,1.0,0.003292,0.0
2026-06-01 19:08:00,1,Tomato,Loam,55.69,0.682,4.31,21.05,70.0,25.0,60.0,0.7,0.00295,0.0
2026-06-01 19:08:00,2,Wheat,Sandy,42.7446,0.5892,12.2554,53.06,60.0,18.0,55.0,0.9,0.00218,0.0
2026-06-01 19:08:00,3,Maize,Clay,64.6268,0.7695,0.3732,13.82,75.0,30.0,65.0,1.0,0.003078,0.0
2026-06-01 19:09:00,1,Tomato,Loam,55.6896,0.682,4.3104,21.05,70.0,25.0,60.0,0.7,0.002984,0.0
2026-06-01 19:09:00,2,Wheat,Sandy,42.7443,0.5892,12.2557,53.06,60.0,18.0,55.0,0.9,0.002206,0.0
2026-06-01 19:09:00,3,Maize,Clay,64.6265,0.7695,0.3735,13.82,75.0,30.0,65.0,1.0,0.003114,0.0
2026-06-01 19:10:00,1,Tomato,Loam,55.6892,0.682,4.3108,21.05,70.0,25.0,60.0,0.7,0.002701,0.0
2026-06-01 19:10:00,2,Wheat,Sandy,42.7441,0.5891,12.2559,53.06,60.0,18.0,55.0,0.9,0.001997,0.0
2026-06-01 19:10:00,3,Maize,Clay,64.6262,0.7695,0.3738,13.82,75.0,30.0,65.0,1.0,0.002819,0.0
2026-06-01 19:11:00,1,Tomato,Loam,55.6889,0.682,4.3111,21.05,70.0,25.0,60.0,0.7,0.0027,0.0
2026-06-01 19:11:00,2,Wheat,Sandy,42.7439,0.5891,12.2561,53.06,60.0,18.0,55.0,0.9,0.001996,0.0
2026-06-01 19:11:00,3,Maize,Clay,64.6259,0.7695,0.3741,13.82,75.0,30.0,65.0,1.0,0.002818,0.0
2026-06-01 19:12:00,1,Tomato,Loam,55.6885,0.682,4.3115,21.05,70.0,25.0,60.0,0.7,0.002719,0.0
2026-06-01 19:12:00,2,Wheat,Sandy,42.7437,0.5891,12.2563,53.06,60.0,18.0,55.0,0.9,0.002009,0.0
2026-06-01 19:12:00,3,Maize,Clay,64.6257,0.7695,0.3743,13.82,75.0,30.0,65.0,1.0,0.002837,0.0
2026-06-01 19:13:00,1,Tomato,Loam,55.6881,0.682,4.3119,21.05,70.0,25.0,60.0,0.7,0.00251,0.0
2026-06-01 19:13:00,2,Wheat,Sandy,42.7435,0.5891,12.2565,53.06,60.0,18.0,55.0,0.9,0.001856,0.0
2026-06-01 19:13:00,3,Maize,Clay,64.6254,0.7695,0.3746,13.82,75.0,30.0,65.0,1.0,0.00262,0.0
2026-06-01 19:14:00,1,Tomato,Loam,55.6877,0.6819,4.3123,21.09,70.0,25.0,60.0,0.7,0.002592,0.0
2026-06-01 19:14:00,2,Wheat,Sandy,42.7433,0.5891,12.2567,53.06,60.0,18.0,55.0,0.9,0.001916,0.0
2026-06-01 19:14:00,3,Maize,Clay,64.6251,0.7694,0.3749,13.82,75.0,30.0,65.0,1.0,0.002705,0.0
2026-06-01 19:15:00,1,Tomato,Loam,55.6874,0.6819,4.3126,21.09,70.0,25.0,60.0,0.7,0.002305,0.0
2026-06-01 19:15:00,2,Wheat,Sandy,42.7431,0.5891,12.2569,53.06,60.0,18.0,55.0,0.9,0.001703,0.0
2026-06-01 19:15:00,3,Maize,Clay,64.6249,0.7694,0.3751,13.82,75.0,30.0,65.0,1.0,0.002405,0.0
2026-06-01 19:16:00,1,Tomato,Loam,55.6871,0.6819,4.3129,21.09,70.0,25.0,60.0,0.7,0.002284,0.0
2026-06-01 19:16:00,2,Wheat,Sandy,42.7429,0.5891,12.2571,53.06,60.0,18.0,55.0,0.9,0.001688,0.0
2026-06-01 19:16:00,3,Maize,Clay,64.6247,0.7694,0.3753,13.82,75.0,30.0,65.0,1.0,0.002383,0.0
2026-06-01 19:17:00,1,Tomato,Loam,55.6867,0.6819,4.3133,21.09,70.0,25.0,60.0,0.7,0.002581,0.0
2026-06-01 19:17:00,2,Wheat,Sandy,42.7427,0.5891,12.2573,53.06,60.0,18.0,55.0,0.9,0.001907,0.0
2026-06-01 19:17:00,3,Maize,Clay,64.6244,0.7694,0.3756,13.82,75.0,30.0,65.0,1.0,0.002693,0.0
2026-06-01 19:18:00,1,Tomato,Loam,55.6864,0.6819,4.3136,21.09,70.0,25.0,60.0,0.7,0.002483,0.0
2026-06-01 19:18:00,2,Wheat,Sandy,42.7425,0.5891,12.2575,53.07,60.0,18.0,55.0,0.9,0.001835,0.0
2026-06-01 19:18:00,3,Maize,Clay,64.6241,0.7694,0.3759,13.82,75.0,30.0,65.0,1.0,0.002591,0.0
2026-06-01 19:19:00,1,Tomato,Loam,55.686,0.6819,4.314,21.09,70.0,25.0,60.0,0.7,0.002177,0.0
2026-06-01 19:19:00,2,Wheat,Sandy,42.7423,0.5891,12.2577,53.07,60.0,18.0,55.0,0.9,0.001609,0.0
2026-06-01 19:19:00,3,Maize,Clay,64.6239,0.7694,0.3761,13.82,75.0,30.0,65.0,1.0,0.002272,0.0
2026-06-01 19:20:00,1,Tomato,Loam,55.6857,0.6819,4.3143,21.09,70.0,25.0,60.0,0.7,0.002412,0.0
2026-06-01 19:20:00,2,Wheat,Sandy,42.7421,0.5891,12.2579,53.07,60.0,18.0,55.0,0.9,0.001782,0.0
2026-06-01 19:20:00,3,Maize,Clay,64.6236,0.7694,0.3764,13.82,75.0,30.0,65.0,1.0,0.002516,0.0
2026-06-01 19:21:00,1,Tomato,Loam,55.6854,0.6819,4.3146,21.09,70.0,25.0,60.0,0.7,0.002222,0.0
2026-06-01 19:21:00,2,Wheat,Sandy,42.7419,0.5891,12.2581,53.07,60.0,18.0,55.0,0.9,0.001642,0.0
2026-06-01 19:21:00,3,Maize,Clay,64.6234,0.7694,0.3766,13.82,75.0,30.0,65.0,1.0,0.002318,0.0
2026-06-01 19:22:00,1,Tomato,Loam,55.6851,0.6819,4.3149,21.09,70.0,25.0,60.0,0.7,0.002268,0.0
2026-06-01 19:22:00,2,Wheat,Sandy,42.7417,0.5891,12.2583,53.07,60.0,18.0,55.0,0.9,0.001676,0.0
2026-06-01 19:22:00,3,Maize,Clay,64.6232,0.7694,0.3768,13.82,75.0,30.0,65.0,1.0,0.002366,0.0
2026-06-01 19:23:00,1,Tomato,Loam,55.6847,0.6819,4.3153,21.09,70.0,25.0,60.0,0.7,0.002475,0.0
2026-06-01 19:23:00,2,Wheat,Sandy,42.7415,0.5891,12.2585,53.07,60.0,18.0,55.0,0.9,0.001829,0.0
2026-06-01 19:23:00,3,Maize,Clay,64.6229,0.7694,0.3771,13.82,75.0,30.0,65.0,1.0,0.002582,0.0
2026-06-01 19:24:00,1,Tomato,Loam,55.6844,0.6819,4.3156,21.09,70.0,25.0,60.0,0.7,0.002344,0.0
2026-06-01 19:24:00,2,Wheat,Sandy,42.7413,0.5891,12.2587,53.07,60.0,18.0,55.0,0.9,0.001732,0.0
2026-06-01 19:24:00,3,Maize,Clay,64.6227,0.7694,0.3773,13.82,75.0,30.0,65.0,1.0,0.002446,0.0
2026-06-01 19:25:00,1,Tomato,Loam,55.684,0.6819,4.316,21.09,70.0,25.0,60.0,0.7,0.00229,0.0
2026-06-01 19:25:00,2,Wheat,Sandy,42.7411,0.5891,12.2589,53.07,60.0,18.0,55.0,0.9,0.001692,0.0
2026-06-01 19:25:00,3,Maize,Clay,64.6224,0.7694,0.3776,13.82,75.0,30.0,65.0,1.0,0.002389,0.0
2026-06-01 19:26:00,1,Tomato,Loam,55.6837,0.6819,4.3163,21.09,70.0,25.0,60.0,0.7,0.002528,0.0
2026-06-01 19:26:00,2,Wheat,Sandy,42.7409,0.5891,12.2591,53.07,60.0,18.0,55.0,0.9,0.001868,0.0
2026-06-01 19:26:00,3,Maize,Clay,64.6222,0.7694,0.3778,13.82,75.0,30.0,65.0,1.0,0.002638,0.0
2026-06-01 19:27:00,1,Tomato,Loam,55.6834,0.6819,4.3166,21.09,70.0,25.0,60.0,0.7,0.002046,0.0
2026-06-01 19:27:00,2,Wheat,Sandy,42.7408,0.5891,12.2592,53.07,60.0,18.0,55.0,0.9,0.001512,0.0
2026-06-01 19:27:00,3,Maize,Clay,64.622,0.7694,0.378,13.82,75.0,30.0,65.0,1.0,0.002135,0.0
2026-06-01 19:28:00,1,Tomato,Loam,55.6831,0.6818,4.3169,21.12,70.0,25.0,60.0,0.7,0.001906,0.0
2026-06-01 19:28:00,2,Wheat,Sandy,42.7406,0.5891,12.2594,53.07,60.0,18.0,55.0,0.9,0.001408,0.0
2026-06-01 19:28:00,3,Maize,Clay,64.6218,0.7694,0.3782,13.82,75.0,30.0,65.0,1.0,0.001988,0.0
2026-06-01 19:29:00,1,Tomato,Loam,55.6829,0.6818,4.3171,21.12,70.0,25.0,60.0,0.7,0.001912,0.0
2026-06-01 19:29:00,2,Wheat,Sandy,42.7405,0.5891,12.2595,53.07,60.0,18.0,55.0,0.9,0.001414,0.0
2026-06-01 19:29:00,3,Maize,Clay,64.6216,0.7694,0.3784,13.82,75.0,30.0,65.0,1.0,0.001996,0.0
2026-06-01 19:30:00,1,Tomato,Loam,55.6826,0.6818,4.3174,21.12,70.0,25.0,60.0,0.7,0.001923,0.0
2026-06-01 19:30:00,2,Wheat,Sandy,42.7403,0.5891,12.2597,53.07,60.0,18.0,55.0,0.9,0.001421,0.0
2026-06-01 19:30:00,3,Maize,Clay,64.6214,0.7694,0.3786,13.82,75.0,30.0,65.0,1.0,0.002006,0.0
2026-06-01 19:31:00,1,Tomato,Loam,55.6824,0.6818,4.3176,21.12,70.0,25.0,60.0,0.7,0.001556,0.0
2026-06-01 19:31:00,2,Wheat,Sandy,42.7402,0.5891,12.2598,53.07,60.0,18.0,55.0,0.9,0.00115,0.0
2026-06-01 19:31:00,3,Maize,Clay,64.6212,0.7694,0.3788,13.82,75.0,30.0,65.0,1.0,0.001624,0.0
2026-06-01 19:32:00,1,Tomato,Loam,55.6821,0.6818,4.3179,21.12,70.0,25.0,60.0,0.7,0.001952,0.0
2026-06-01 19:32:00,2,Wheat,Sandy,42.74,0.589,12.26,53.08,60.0,18.0,55.0,0.9,0.001442,0.0
2026-06-01 19:32:00,3,Maize,Clay,64.621,0.7694,0.379,13.82,75.0,30.0,65.0,1.0,0.002036,0.0
2026-06-01 19:33:00,1,Tomato,Loam,55.6818,0.6818,4.3182,21.12,70.0,25.0,60.0,0.7,0.001889,0.0
2026-06-01 19:33:00,2,Wheat,Sandy,42.7399,0.589,12.2601,53.08,60.0,18.0,55.0,0.9,0.001397,0.0
2026-06-01 19:33:00,3,Maize,Clay,64.6208,0.7694,0.3792,13.82,75.0,30.0,65.0,1.0,0.001972,0.0
2026-06-01 19:34:00,1,Tomato,Loam,55.6815,0.6818,4.3185,21.12,70.0,25.0,60.0,0.7,0.002099,0.0
2026-06-01 19:34:00,2,Wheat,Sandy,42.7397,0.589,12.2603,53.08,60.0,18.0,55.0,0.9,0.001551,0.0
2026-06-01 19:34:00,3,Maize,Clay,64.6206,0.7693,0.3794,13.82,75.0,30.0,65.0,1.0,0.00219,0.0
2026-06-01 19:35:00,1,Tomato,Loam,55.6812,0.6818,4.3188,21.12,70.0,25.0,60.0,0.7,0.001987,0.0
2026-06-01 19:35:00,2,Wheat,Sandy,42.7395,0.589,12.2605,53.08,60.0,18.0,55.0,0.9,0.001469,0.0
2026-06-01 19:35:00,3,Maize,Clay,64.6204,0.7693,0.3796,13.82,75.0,30.0,65.0,1.0,0.002074,0.0
2026-06-01 19:36:00,1,Tomato,Loam,55.681,0.6818,4.319,21.12,70.0,25.0,60.0,0.7,0.001826,0.0
2026-06-01 19:36:00,2,Wheat,Sandy,42.7394,0.589,12.2606,53.08,60.0,18.0,55.0,0.9,0.00135,0.0
2026-06-01 19:36:00,3,Maize,Clay,64.6202,0.7693,0.3798,13.82,75.0,30.0,65.0,1.0,0.001906,0.0
2026-06-01 19:37:00,1,Tomato,Loam,55.6807,0.6818,4.3193,21.12,70.0,25.0,60.0,0.7,0.002047,0.0
2026-06-01 19:37:00,2,Wheat,Sandy,42.7392,0.589,12.2608,53.08,60.0,18.0,55.0,0.9,0.001513,0.0
2026-06-01 19:37:00,3,Maize,Clay,64.62,0.7693,0.38,13.82,75.0,30.0,65.0,1.0,0.002136,0.0
2026-06-01 19:38:00,1,Tomato,Loam,55.6804,0.6818,4.3196,21.12,70.0,25.0,60.0,0.7,0.002068,0.0
2026-06-01 19:38:00,2,Wheat,Sandy,42.739,0.589,12.261,53.08,60.0,18.0,55.0,0.9,0.001528,0.0
2026-06-01 19:38:00,3,Maize,Clay,64.6198,0.7693,0.3802,13.82,75.0,30.0,65.0,1.0,0.002158,0.0
2026-06-01 19:39:00,1,Tomato,Loam,55.6801,0.6818,4.3199,21.12,70.0,25.0,60.0,0.7,0.001828,0.0
2026-06-01 19:39:00,2,Wheat,Sandy,42.7389,0.589,12.2611,53.08,60.0,18.0,55.0,0.9,0.001352,0.0
2026-06-01 19:39:00,3,Maize,Clay,64.6196,0.7693,0.3804,13.82,75.0,30.0,65.0,1.0,0.001908,0.0
2026-06-01 19:40:00,1,Tomato,Loam,55.6799,0.6818,4.3201,21.12,70.0,25.0,60.0,0.7,0.001819,0.0
2026-06-01 19:40:00,2,Wheat,Sandy,42.7387,0.589,12.2613,53.08,60.0,18.0,55.0,0.9,0.001345,0.0
2026-06-01 19:40:00,3,Maize,Clay,64.6194,0.7693,0.3806,13.82,75.0,30.0,65.0,1.0,0.001898,0.0
2026-06-01 19:41:00,1,Tomato,Loam,55.6796,0.6818,4.3204,21.12,70.0,25.0,60.0,0.7,0.001546,0.0
2026-06-01 19:41:00,2,Wheat,Sandy,42.7386,0.589,12.2614,53.08,60.0,18.0,55.0,0.9,0.001142,0.0
2026-06-01 19:41:00,3,Maize,Clay,64.6192,0.7693,0.3808,13.82,75.0,30.0,65.0,1.0,0.001613,0.0
2026-06-01 19:42:00,1,Tomato,Loam,55.6794,0.6818,4.3206,21.12,70.0,25.0,60.0,0.7,0.001733,0.0
2026-06-01 19:42:00,2,Wheat,Sandy,42.7385,0.589,12.2615,53.08,60.0,18.0,55.0,0.9,0.001281,0.0
2026-06-01 19:42:00,3,Maize,Clay,64.619,0.7693,0.381,13.82,75.0,30.0,65.0,1.0,0.001808,0.0
2026-06-01 19:43:00,1,Tomato,Loam,55.6791,0.6818,4.3209,21.12,70.0,25.0,60.0,0.7,0.001822,0.0
2026-06-01 19:43:00,2,Wheat,Sandy,42.7383,0.589,12.2617,53.08,60.0,18.0,55.0,0.9,0.001346,0.0
2026-06-01 19:43:00,3,Maize,Clay,64.6188,0.7693,0.3812,13.82,75.0,30.0,65.0,1.0,0.001901,0.0
2026-06-01 19:44:00,1,Tomato,Loam,55.6789,0.6818,4.3211,21.12,70.0,25.0,60.0,0.7,0.001919,0.0
2026-06-01 19:44:00,2,Wheat,Sandy,42.7382,0.589,12.2618,53.08,60.0,18.0,55.0,0.9,0.001419,0.0
2026-06-01 19:44:00,3,Maize,Clay,64.6186,0.7693,0.3814,13.82,75.0,30.0,65.0,1.0,0.002003,0.0
2026-06-01 19:45:00,1,Tomato,Loam,55.6786,0.6817,4.3214,21.15,70.0,25.0,60.0,0.7,0.001703,0.0
2026-06-01 19:45:00,2,Wheat,Sandy,42.738,0.589,12.262,53.08,60.0,18.0,55.0,0.9,0.001259,0.0
2026-06-01 19:45:00,3,Maize,Clay,64.6185,0.7693,0.3815,13.82,75.0,30.0,65.0,1.0,0.001777,0.0
2026-06-01 19:46:00,1,Tomato,Loam,55.6784,0.6817,4.3216,21.15,70.0,25.0,60.0,0.7,0.001818,0.0
2026-06-01 19:46:00,2,Wheat,Sandy,42.7379,0.589,12.2621,53.08,60.0,18.0,55.0,0.9,0.001344,0.0
2026-06-01 19:46:00,3,Maize,Clay,64.6183,0.7693,0.3817,13.82,75.0,30.0,65.0,1.0,0.001897,0.0
2026-06-01 19:47:00,1,Tomato,Loam,55.6781,0.6817,4.3219,21.15,70.0,25.0,60.0,0.7,0.001694,0.0
2026-06-01 19:47:00,2,Wheat,Sandy,42.7377,0.589,12.2623,53.08,60.0,18.0,55.0,0.9,0.001252,0.0
2026-06-01 19:47:00,3,Maize,Clay,64.6181,0.7693,0.3819,13.82,75.0,30.0,65.0,1.0,0.001768,0.0
2026-06-01 19:48:00,1,Tomato,Loam,55.6779,0.6817,4.3221,21.15,70.0,25.0,60.0,0.7,0.001924,0.0
2026-06-01 19:48:00,2,Wheat,Sandy,42.7376,0.589,12.2624,53.09,60.0,18.0,55.0,0.9,0.001422,0.0
2026-06-01 19:48:00,3,Maize,Clay,64.6179,0.7693,0.3821,13.82,75.0,30.0,65.0,1.0,0.002008,0.0
2026-06-01 19:49:00,1,Tomato,Loam,55.6776,0.6817,4.3224,21.15,70.0,25.0,60.0,0.7,0.001993,0.0
2026-06-01 19:49:00,2,Wheat,Sandy,42.7374,0.589,12.2626,53.09,60.0,18.0,55.0,0.9,0.001473,0.0
2026-06-01 19:49:00,3,Maize,Clay,64.6177,0.7693,0.3823,13.82,75.0,30.0,65.0,1.0,0.00208,0.0
2026-06-01 19:50:00,1,Tomato,Loam,55.6773,0.6817,4.3227,21.15,70.0,25.0,60.0,0.7,0.001973,0.0
2026-06-01 19:50:00,2,Wheat,Sandy,42.7372,0.589,12.2628,53.09,60.0,18.0,55.0,0.9,0.001459,0.0
2026-06-01 19:50:00,3,Maize,Clay,64.6175,0.7693,0.3825,13.82,75.0,30.0,65.0,1.0,0.002059,0.0
2026-06-01 19:51:00,1,Tomato,Loam,55.677,0.6817,4.323,21.15,70.0,25.0,60.0,0.7,0.001889,0.0
2026-06-01 19:51:00,2,Wheat,Sandy,42.7371,0.589,12.2629,53.09,60.0,18.0,55.0,0.9,0.001397,0.0
2026-06-01 19:51:00,3,Maize,Clay,64.6173,0.7693,0.3827,13.82,75.0,30.0,65.0,1.0,0.001972,0.0
2026-06-01 19:52:00,1,Tomato,Loam,55.6768,0.6817,4.3232,21.15,70.0,25.0,60.0,0.7,0.001587,0.0
2026-06-01 19:52:00,2,Wheat,Sandy,42.7369,0.589,12.2631,53.09,60.0,18.0,55.0,0.9,0.001173,0.0
2026-06-01 19:52:00,3,Maize,Clay,64.6171,0.7693,0.3829,13.82,75.0,30.0,65.0,1.0,0.001656,0.0
2026-06-01 19:53:00,1,Tomato,Loam,55.6765,0.6817,4.3235,21.15,70.0,25.0,60.0,0.7,0.001723,0.0
2026-06-01 19:53:00,2,Wheat,Sandy,42.7368,0.589,12.2632,53.09,60.0,18.0,55.0,0.9,0.001273,0.0
2026-06-01 19:53:00,3,Maize,Clay,64.6169,0.7693,0.3831,13.82,75.0,30.0,65.0,1.0,0.001798,0.0
2026-06-01 19:54:00,1,Tomato,Loam,55.6763,0.6817,4.3237,21.15,70.0,25.0,60.0,0.7,0.001838,0.0
2026-06-01 19:54:00,2,Wheat,Sandy,42.7366,0.589,12.2634,53.09,60.0,18.0,55.0,0.9,0.001358,0.0
2026-06-01 19:54:00,3,Maize,Clay,64.6167,0.7693,0.3833,13.82,75.0,30.0,65.0,1.0,0.001918,0.0
2026-06-01 19:55:00,1,Tomato,Loam,55.676,0.6817,4.324,21.15,70.0,25.0,60.0,0.7,0.001825,0.0
2026-06-01 19:55:00,2,Wheat,Sandy,42.7365,0.589,12.2635,53.09,60.0,18.0,55.0,0.9,0.001349,0.0
2026-06-01 19:55:00,3,Maize,Clay,64.6165,0.7693,0.3835,13.82,75.0,30.0,65.0,1.0,0.001904,0.0
2026-06-01 19:56:00,1,Tomato,Loam,55.6758,0.6817,4.3242,21.15,70.0,25.0,60.0,0.7,0.001863,0.0
2026-06-01 19:56:00,2,Wheat,Sandy,42.7363,0.589,12.2637,53.09,60.0,18.0,55.0,0.9,0.001377,0.0
2026-06-01 19:56:00,3,Maize,Clay,64.6163,0.7693,0.3837,13.82,75.0,30.0,65.0,1.0,0.001944,0.0
2026-06-01 19:57:00,1,Tomato,Loam,55.6755,0.6817,4.3245,21.15,70.0,25.0,60.0,0.7,0.002032,0.0
2026-06-01 19:57:00,2,Wheat,Sandy,42.7362,0.589,12.2638,53.09,60.0,18.0,55.0,0.9,0.001502,0.0
2026-06-01 19:57:00,3,Maize,Clay,64.6161,0.7692,0.3839,13.81,75.0,30.0,65.0,1.0,0.00212,0.0
2026-06-01 19:58:00,1,Tomato,Loam,55.6752,0.6817,4.3248,21.15,70.0,25.0,60.0,0.7,0.001983,0.0
2026-06-01 19:58:00,2,Wheat,Sandy,42.736,0.589,12.264,53.09,60.0,18.0,55.0,0.9,0.001465,0.0
2026-06-01 19:58:00,3,Maize,Clay,64.6159,0.7692,0.3841,13.81,75.0,30.0,65.0,1.0,0.002069,0.0
2026-06-01 19:59:00,1,Tomato,Loam,55.675,0.6817,4.325,21.15,70.0,25.0,60.0,0.7,0.001626,0.0
2026-06-01 19:59:00,2,Wheat,Sandy,42.7359,0.5889,12.2641,53.09,60.0,18.0,55.0,0.9,0.001202,0.0
2026-06-01 19:59:00,3,Maize,Clay,64.6158,0.7692,0.3842,13.81,75.0,30.0,65.0,1.0,0.001697,0.0
2026-06-01 20:00:00,1,Tomato,Loam,55.6747,0.6817,4.3253,21.15,70.0,25.0,60.0,0.7,0.001845,0.0
2026-06-01 20:00:00,2,Wheat,Sandy,42.7357,0.5889,12.2643,53.09,60.0,18.0,55.0,0.9,0.001363,0.0
2026-06-01 20:00:00,3,Maize,Clay,64.6156,0.7692,0.3844,13.81,75.0,30.0,65.0,1.0,0.001925,0.0
2026-06-01 20:01:00,1,Tomato,Loam,55.6744,0.6817,4.3256,21.15,70.0,25.0,60.0,0.7,0.00185,0.0
2026-06-01 20:01:00,2,Wheat,Sandy,42.7356,0.5889,12.2644,53.09,60.0,18.0,55.0,0.9,0.001368,0.0
2026-06-01 20:01:00,3,Maize,Clay,64.6154,0.7692,0.3846,13.81,75.0,30.0,65.0,1.0,0.001931,0.0
2026-06-01 20:02:00,1,Tomato,Loam,55.6742,0.6816,4.3258,21.19,70.0,25.0,60.0,0.7,0.00165,0.0
2026-06-01 20:02:00,2,Wheat,Sandy,42.7354,0.5889,12.2646,53.09,60.0,18.0,55.0,0.9,0.00122,0.0
2026-06-01 20:02:00,3,Maize,Clay,64.6152,0.7692,0.3848,13.81,75.0,30.0,65.0,1.0,0.001722,0.0
2026-06-01 20:03:00,1,Tomato,Loam,55.6739,0.6816,4.3261,21.19,70.0,25.0,60.0,0.7,0.001911,0.0
2026-06-01 20:03:00,2,Wheat,Sandy,42.7353,0.5889,12.2647,53.09,60.0,18.0,55.0,0.9,0.001413,0.0
2026-06-01 20:03:00,3,Maize,Clay,64.615,0.7692,0.385,13.81,75.0,30.0,65.0,1.0,0.001994,0.0
2026-06-01 20:04:00,1,Tomato,Loam,55.6737,0.6816,4.3263,21.19,70.0,25.0,60.0,0.7,0.001695,0.0
2026-06-01 20:04:00,2,Wheat,Sandy,42.7351,0.5889,12.2649,53.1,60.0,18.0,55.0,0.9,0.001253,0.0
2026-06-01 20:04:00,3,Maize,Clay,64.6148,0.7692,0.3852,13.81,75.0,30.0,65.0,1.0,0.001769,0.0
2026-06-01 20:05:00,1,Tomato,Loam,55.6735,0.6816,4.3265,21.19,70.0,25.0,60.0,0.7,0.001511,0.0
2026-06-01 20:05:00,2,Wheat,Sandy,42.735,0.5889,12.265,53.1,60.0,18.0,55.0,0.9,0.001117,0.0
2026-06-01 20:05:00,3,Maize,Clay,64.6147,0.7692,0.3853,13.81,75.0,30.0,65.0,1.0,0.001577,0.0
2026-06-01 20:06:00,1,Tomato,Loam,55.6732,0.6816,4.3268,21.19,70.0,25.0,60.0,0.7,0.001823,0.0
2026-06-01 20:06:00,2,Wheat,Sandy,42.7349,0.5889,12.2651,53.1,60.0,18.0,55.0,0.9,0.001347,0.0
2026-06-01 20:06:00,3,Maize,Clay,64.6145,0.7692,0.3855,13.81,75.0,30.0,65.0,1.0,0.001902,0.0
2026-06-01 20:07:00,1,Tomato,Loam,55.673,0.6816,4.327,21.19,70.0,25.0,60.0,0.7,0.001795,0.0
2026-06-01 20:07:00,2,Wheat,Sandy,42.7347,0.5889,12.2653,53.1,60.0,18.0,55.0,0.9,0.001327,0.0
2026-06-01 20:07:00,3,Maize,Clay,64.6143,0.7692,0.3857,13.81,75.0,30.0,65.0,1.0,0.001873,0.0
2026-06-01 20:08:00,1,Tomato,Loam,55.6727,0.6816,4.3273,21.19,70.0,25.0,60.0,0.7,0.001753,0.0
2026-06-01 20:08:00,2,Wheat,Sandy,42.7346,0.5889,12.2654,53.1,60.0,18.0,55.0,0.9,0.001295,0.0
2026-06-01 20:08:00,3,Maize,Clay,64.6141,0.7692,0.3859,13.81,75.0,30.0,65.0,1.0,0.001829,0.0
2026-06-01 20:09:00,1,Tomato,Loam,55.6725,0.6816,4.3275,21.19,70.0,25.0,60.0,0.7,0.00171,0.0
2026-06-01 20:09:00,2,Wheat,Sandy,42.7344,0.5889,12.2656,53.1,60.0,18.0,55.0,0.9,0.001264,0.0
2026-06-01 20:09:00,3,Maize,Clay,64.6139,0.7692,0.3861,13.81,75.0,30.0,65.0,1.0,0.001784,0.0
2026-06-01 20:10:00,1,Tomato,Loam,55.6722,0.6816,4.3278,21.19,70.0,25.0,60.0,0.7,0.001574,0.0
2026-06-01 20:10:00,2,Wheat,Sandy,42.7343,0.5889,12.2657,53.1,60.0,18.0,55.0,0.9,0.001164,0.0
2026-06-01 20:10:00,3,Maize,Clay,64.6138,0.7692,0.3862,13.81,75.0,30.0,65.0,1.0,0.001643,0.0
2026-06-01 20:11:00,1,Tomato,Loam,55.672,0.6816,4.328,21.19,70.0,25.0,60.0,0.7,0.001793,0.0
2026-06-01 20:11:00,2,Wheat,Sandy,42.7342,0.5889,12.2658,53.1,60.0,18.0,55.0,0.9,0.001325,0.0
2026-06-01 20:11:00,3,Maize,Clay,64.6136,0.7692,0.3864,13.81,75.0,30.0,65.0,1.0,0.001871,0.0
2026-06-01 20:12:00,1,Tomato,Loam,55.6717,0.6816,4.3283,21.19,70.0,25.0,60.0,0.7,0.001703,0.0
2026-06-01 20:12:00,2,Wheat,Sandy,42.734,0.5889,12.266,53.1,60.0,18.0,55.0,0.9,0.001259,0.0
2026-06-01 20:12:00,3,Maize,Clay,64.6134,0.7692,0.3866,13.81,75.0,30.0,65.0,1.0,0.001777,0.0
2026-06-01 20:13:00,1,Tomato,Loam,55.6715,0.6816,4.3285,21.19,70.0,25.0,60.0,0.7,0.001728,0.0
2026-06-01 20:13:00,2,Wheat,Sandy,42.7339,0.5889,12.2661,53.1,60.0,18.0,55.0,0.9,0.001278,0.0
2026-06-01 20:13:00,3,Maize,Clay,64.6132,0.7692,0.3868,13.81,75.0,30.0,65.0,1.0,0.001804,0.0
2026-06-01 20:14:00,1,Tomato,Loam,55.6712,0.6816,4.3288,21.19,70.0,25.0,60.0,0.7,0.001671,0.0
2026-06-01 20:14:00,2,Wheat,Sandy,42.7337,0.5889,12.2663,53.1,60.0,18.0,55.0,0.9,0.001235,0.0
2026-06-01 20:14:00,3,Maize,Clay,64.613,0.7692,0.387,13.81,75.0,30.0,65.0,1.0,0.001744,0.0
2026-06-01 20:15:00,1,Tomato,Loam,55.671,0.6816,4.329,21.19,70.0,25.0,60.0,0.7,0.001501,0.0
2026-06-01 20:15:00,2,Wheat,Sandy,42.7336,0.5889,12.2664,53.1,60.0,18.0,55.0,0.9,0.001109,0.0
2026-06-01 20:15:00,3,Maize,Clay,64.6129,0.7692,0.3871,13.81,75.0,30.0,65.0,1.0,0.001566,0.0
2026-06-01 20:16:00,1,Tomato,Loam,55.6708,0.6816,4.3292,21.19,70.0,25.0,60.0,0.7,0.001481,0.0
2026-06-01 20:16:00,2,Wheat,Sandy,42.7335,0.5889,12.2665,53.1,60.0,18.0,55.0,0.9,0.001095,0.0
2026-06-01 20:16:00,3,Maize,Clay,64.6127,0.7692,0.3873,13.81,75.0,30.0,65.0,1.0,0.001546,0.0
2026-06-01 20:17:00,1,Tomato,Loam,55.6706,0.6816,4.3294,21.19,70.0,25.0,60.0,0.7,0.00125,0.0
2026-06-01 20:17:00,2,Wheat,Sandy,42.7334,0.5889,12.2666,53.1,60.0,18.0,55.0,0.9,0.000924,0.0
2026-06-01 20:17:00,3,Maize,Clay,64.6126,0.7692,0.3874,13.81,75.0,30.0,65.0,1.0,0.001304,0.0
2026-06-01 20:18:00,1,Tomato,Loam,55.6704,0.6816,4.3296,21.19,70.0,25.0,60.0,0.7,0.001704,0.0
2026-06-01 20:18:00,2,Wheat,Sandy,42.7332,0.5889,12.2668,53.1,60.0,18.0,55.0,0.9,0.00126,0.0
2026-06-01 20:18:00,3,Maize,Clay,64.6124,0.7692,0.3876,13.81,75.0,30.0,65.0,1.0,0.001778,0.0
2026-06-01 20:19:00,1,Tomato,Loam,55.6702,0.6816,4.3298,21.19,70.0,25.0,60.0,0.7,0.001485,0.0
2026-06-01 20:19:00,2,Wheat,Sandy,42.7331,0.5889,12.2669,53.1,60.0,18.0,55.0,0.9,0.001097,0.0
2026-06-01 20:19:00,3,Maize,Clay,64.6123,0.7692,0.3877,13.81,75.0,30.0,65.0,1.0,0.001549,0.0
2026-06-01 20:20:00,1,Tomato,Loam,55.6699,0.6816,4.3301,21.19,70.0,25.0,60.0,0.7,0.00165,0.0
2026-06-01 20:20:00,2,Wheat,Sandy,42.733,0.5889,12.267,53.1,60.0,18.0,55.0,0.9,0.00122,0.0
2026-06-01 20:20:00,3,Maize,Clay,64.6121,0.7692,0.3879,13.81,75.0,30.0,65.0,1.0,0.001722,0.0
2026-06-01 20:21:00,1,Tomato,Loam,55.6697,0.6815,4.3303,21.22,70.0,25.0,60.0,0.7,0.001716,0.0
2026-06-01 20:21:00,2,Wheat,Sandy,42.7328,0.5889,12.2672,53.1,60.0,18.0,55.0,0.9,0.001268,0.0
2026-06-01 20:21:00,3,Maize,Clay,64.6119,0.7692,0.3881,13.81,75.0,30.0,65.0,1.0,0.00179,0.0
2026-06-01 20:22:00,1,Tomato,Loam,55.6694,0.6815,4.3306,21.22,70.0,25.0,60.0,0.7,0.001745,0.0
2026-06-01 20:22:00,2,Wheat,Sandy,42.7327,0.5889,12.2673,53.11,60.0,18.0,55.0,0.9,0.001289,0.0
2026-06-01 20:22:00,3,Maize,Clay,64.6117,0.7691,0.3883,13.81,75.0,30.0,65.0,1.0,0.00182,0.0
2026-06-01 20:23:00,1,Tomato,Loam,55.6692,0.6815,4.3308,21.22,70.0,25.0,60.0,0.7,0.00141,0.0
2026-06-01 20:23:00,2,Wheat,Sandy,42.7326,0.5889,12.2674,53.11,60.0,18.0,55.0,0.9,0.001042,0.0
2026-06-01 20:23:00,3,Maize,Clay,64.6116,0.7691,0.3884,13.81,75.0,30.0,65.0,1.0,0.001471,0.0
2026-06-01 20:24:00,1,Tomato,Loam,55.669,0.6815,4.331,21.22,70.0,25.0,60.0,0.7,0.001587,0.0
2026-06-01 20:24:00,2,Wheat,Sandy,42.7325,0.5889,12.2675,53.11,60.0,18.0,55.0,0.9,0.001173,0.0
2026-06-01 20:24:00,3,Maize,Clay,64.6114,0.7691,0.3886,13.81,75.0,30.0,65.0,1.0,0.001656,0.0
2026-06-01 20:25:00,1,Tomato,Loam,55.6687,0.6815,4.3313,21.22,70.0,25.0,60.0,0.7,0.001855,0.0
2026-06-01 20:25:00,2,Wheat,Sandy,42.7323,0.5889,12.2677,53.11,60.0,18.0,55.0,0.9,0.001371,0.0
2026-06-01 20:25:00,3,Maize,Clay,64.6112,0.7691,0.3888,13.81,75.0,30.0,65.0,1.0,0.001936,0.0
2026-06-01 20:26:00,1,Tomato,Loam,55.6685,0.6815,4.3315,21.22,70.0,25.0,60.0,0.7,0.001934,0.0
2026-06-01 20:26:00,2,Wheat,Sandy,42.7321,0.5889,12.2679,53.11,60.0,18.0,55.0,0.9,0.00143,0.0
2026-06-01 20:26:00,3,Maize,Clay,64.611,0.7691,0.389,13.81,75.0,30.0,65.0,1.0,0.002018,0.0
2026-06-01 20:27:00,1,Tomato,Loam,55.6682,0.6815,4.3318,21.22,70.0,25.0,60.0,0.7,0.001696,0.0
2026-06-01 20:27:00,2,Wheat,Sandy,42.732,0.5889,12.268,53.11,60.0,18.0,55.0,0.9,0.001254,0.0
2026-06-01 20:27:00,3,Maize,Clay,64.6109,0.7691,0.3891,13.81,75.0,30.0,65.0,1.0,0.00177,0.0
2026-06-01 20:28:00,1,Tomato,Loam,55.668,0.6815,4.332,21.22,70.0,25.0,60.0,0.7,0.001617,0.0
2026-06-01 20:28:00,2,Wheat,Sandy,42.7319,0.5889,12.2681,53.11,60.0,18.0,55.0,0.9,0.001195,0.0
2026-06-01 20:28:00,3,Maize,Clay,64.6107,0.7691,0.3893,13.81,75.0,30.0,65.0,1.0,0.001687,0.0
2026-06-01 20:29:00,1,Tomato,Loam,55.6678,0.6815,4.3322,21.22,70.0,25.0,60.0,0.7,0.001433,0.0
2026-06-01 20:29:00,2,Wheat,Sandy,42.7317,0.5889,12.2683,53.11,60.0,18.0,55.0,0.9,0.001059,0.0
2026-06-01 20:29:00,3,Maize,Clay,64.6105,0.7691,0.3895,13.81,75.0,30.0,65.0,1.0,0.001495,0.0
2026-06-01 20:30:00,1,Tomato,Loam,55.6676,0.6815,4.3324,21.22,70.0,25.0,60.0,0.7,0.001655,0.0
2026-06-01 20:30:00,2,Wheat,Sandy,42.7316,0.5888,12.2684,53.11,60.0,18.0,55.0,0.9,0.001223,0.0
2026-06-01 20:30:00,3,Maize,Clay,64.6104,0.7691,0.3896,13.81,75.0,30.0,65.0,1.0,0.001727,0.0
2026-06-01 20:31:00,1,Tomato,Loam,55.6673,0.6815,4.3327,21.22,70.0,25.0,60.0,0.7,0.001502,0.0
2026-06-01 20:31:00,2,Wheat,Sandy,42.7315,0.5888,12.2685,53.11,60.0,18.0,55.0,0.9,0.00111,0.0
2026-06-01 20:31:00,3,Maize,Clay,64.6102,0.7691,0.3898,13.81,75.0,30.0,65.0,1.0,0.001567,0.0
2026-06-01 20:32:00,1,Tomato,Loam,55.6671,0.6815,4.3329,21.22,70.0,25.0,60.0,0.7,0.001627,0.0
2026-06-01 20:32:00,2,Wheat,Sandy,42.7314,0.5888,12.2686,53.11,60.0,18.0,55.0,0.9,0.001203,0.0
2026-06-01 20:32:00,3,Maize,Clay,64.61,0.7691,0.39,13.81,75.0,30.0,65.0,1.0,0.001698,0.0
2026-06-01 20:33:00,1,Tomato,Loam,55.6669,0.6815,4.3331,21.22,70.0,25.0,60.0,0.7,0.001436,0.0
2026-06-01 20:33:00,2,Wheat,Sandy,42.7312,0.5888,12.2688,53.11,60.0,18.0,55.0,0.9,0.001062,0.0
2026-06-01 20:33:00,3,Maize,Clay,64.6099,0.7691,0.3901,13.81,75.0,30.0,65.0,1.0,0.001499,0.0
2026-06-01 20:34:00,1,Tomato,Loam,55.6667,0.6815,4.3333,21.22,70.0,25.0,60.0,0.7,0.001534,0.0
2026-06-01 20:34:00,2,Wheat,Sandy,42.7311,0.5888,12.2689,53.11,60.0,18.0,55.0,0.9,0.001134,0.0
2026-06-01 20:34:00,3,Maize,Clay,64.6097,0.7691,0.3903,13.81,75.0,30.0,65.0,1.0,0.001601,0.0
2026-06-01 20:35:00,1,Tomato,Loam,55.6665,0.6815,4.3335,21.22,70.0,25.0,60.0,0.7,0.001555,0.0
2026-06-01 20:35:00,2,Wheat,Sandy,42.731,0.5888,12.269,53.11,60.0,18.0,55.0,0.9,0.001149,0.0
2026-06-01 20:35:00,3,Maize,Clay,64.6096,0.7691,0.3904,13.81,75.0,30.0,65.0,1.0,0.001622,0.0
2026-06-01 20:36:00,1,Tomato,Loam,55.6663,0.6815,4.3337,21.22,70.0,25.0,60.0,0.7,0.001539,0.0
2026-06-01 20:36:00,2,Wheat,Sandy,42.7309,0.5888,12.2691,53.11,60.0,18.0,55.0,0.9,0.001137,0.0
2026-06-01 20:36:00,3,Maize,Clay,64.6094,0.7691,0.3906,13.81,75.0,30.0,65.0,1.0,0.001606,0.0
2026-06-01 20:37:00,1,Tomato,Loam,55.666,0.6815,4.334,21.22,70.0,25.0,60.0,0.7,0.001579,0.0
2026-06-01 20:37:00,2,Wheat,Sandy,42.7307,0.5888,12.2693,53.11,60.0,18.0,55.0,0.9,0.001167,0.0
2026-06-01 20:37:00,3,Maize,Clay,64.6092,0.7691,0.3908,13.81,75.0,30.0,65.0,1.0,0.001648,0.0
2026-06-01 20:38:00,1,Tomato,Loam,55.6658,0.6815,4.3342,21.22,70.0,25.0,60.0,0.7,0.00145,0.0
2026-06-01 20:38:00,2,Wheat,Sandy,42.7306,0.5888,12.2694,53.11,60.0,18.0,55.0,0.9,0.001072,0.0
2026-06-01 20:38:00,3,Maize,Clay,64.6091,0.7691,0.3909,13.81,75.0,30.0,65.0,1.0,0.001513,0.0
2026-06-01 20:39:00,1,Tomato,Loam,55.6656,0.6815,4.3344,21.22,70.0,25.0,60.0,0.7,0.001339,0.0
2026-06-01 20:39:00,2,Wheat,Sandy,42.7305,0.5888,12.2695,53.11,60.0,18.0,55.0,0.9,0.000989,0.0
2026-06-01 20:39:00,3,Maize,Clay,64.609,0.7691,0.391,13.81,75.0,30.0,65.0,1.0,0.001397,0.0
2026-06-01 20:40:00,1,Tomato,Loam,55.6654,0.6815,4.3346,21.22,70.0,25.0,60.0,0.7,0.001781,0.0
2026-06-01 20:40:00,2,Wheat,Sandy,42.7304,0.5888,12.2696,53.11,60.0,18.0,55.0,0.9,0.001317,0.0
2026-06-01 20:40:00,3,Maize,Clay,64.6088,0.7691,0.3912,13.81,75.0,30.0,65.0,1.0,0.001859,0.0
2026-06-01 20:41:00,1,Tomato,Loam,55.6651,0.6814,4.3349,21.26,70.0,25.0,60.0,0.7,0.001807,0.0
2026-06-01 20:41:00,2,Wheat,Sandy,42.7302,0.5888,12.2698,53.12,60.0,18.0,55.0,0.9,0.001335,0.0
2026-06-01 20:41:00,3,Maize,Clay,64.6086,0.7691,0.3914,13.81,75.0,30.0,65.0,1.0,0.001885,0.0
2026-06-01 20:42:00,1,Tomato,Loam,55.6649,0.6814,4.3351,21.26,70.0,25.0,60.0,0.7,0.001609,0.0
2026-06-01 20:42:00,2,Wheat,Sandy,42.7301,0.5888,12.2699,53.12,60.0,18.0,55.0,0.9,0.001189,0.0
2026-06-01 20:42:00,3,Maize,Clay,64.6084,0.7691,0.3916,13.81,75.0,30.0,65.0,1.0,0.001679,0.0
2026-06-01 20:43:00,1,Tomato,Loam,55.6647,0.6814,4.3353,21.26,70.0,25.0,60.0,0.7,0.001257,0.0
2026-06-01 20:43:00,2,Wheat,Sandy,42.73,0.5888,12.27,53.12,60.0,18.0,55.0,0.9,0.000929,0.0
2026-06-01 20:43:00,3,Maize,Clay,64.6083,0.7691,0.3917,13.81,75.0,30.0,65.0,1.0,0.001312,0.0
2026-06-01 20:44:00,1,Tomato,Loam,55.6645,0.6814,4.3355,21.26,70.0,25.0,60.0,0.7,0.001352,0.0
2026-06-01 20:44:00,2,Wheat,Sandy,42.7299,0.5888,12.2701,53.12,60.0,18.0,55.0,0.9,0.001,0.0
2026-06-01 20:44:00,3,Maize,Clay,64.6081,0.7691,0.3919,13.81,75.0,30.0,65.0,1.0,0.001411,0.0
2026-06-01 20:45:00,1,Tomato,Loam,55.6643,0.6814,4.3357,21.26,70.0,25.0,60.0,0.7,0.00154,0.0
2026-06-01 20:45:00,2,Wheat,Sandy,42.7297,0.5888,12.2703,53.12,60.0,18.0,55.0,0.9,0.001138,0.0
2026-06-01 20:45:00,3,Maize,Clay,64.608,0.7691,0.392,13.81,75.0,30.0,65.0,1.0,0.001607,0.0
2026-06-01 20:46:00,1,Tomato,Loam,55.6641,0.6814,4.3359,21.26,70.0,25.0,60.0,0.7,0.001615,0.0
2026-06-01 20:46:00,2,Wheat,Sandy,42.7296,0.5888,12.2704,53.12,60.0,18.0,55.0,0.9,0.001193,0.0
2026-06-01 20:46:00,3,Maize,Clay,64.6078,0.7691,0.3922,13.81,75.0,30.0,65.0,1.0,0.001685,0.0
2026-06-01 20:47:00,1,Tomato,Loam,55.6639,0.6814,4.3361,21.26,70.0,25.0,60.0,0.7,0.001229,0.0
2026-06-01 20:47:00,2,Wheat,Sandy,42.7295,0.5888,12.2705,53.12,60.0,18.0,55.0,0.9,0.000909,0.0
2026-06-01 20:47:00,3,Maize,Clay,64.6077,0.7691,0.3923,13.81,75.0,30.0,65.0,1.0,0.001283,0.0
2026-06-01 20:48:00,1,Tomato,Loam,55.6637,0.6814,4.3363,21.26,70.0,25.0,60.0,0.7,0.00142,0.0
2026-06-01 20:48:00,2,Wheat,Sandy,42.7294,0.5888,12.2706,53.12,60.0,18.0,55.0,0.9,0.00105,0.0
2026-06-01 20:48:00,3,Maize,Clay,64.6075,0.7691,0.3925,13.81,75.0,30.0,65.0,1.0,0.001482,0.0
2026-06-01 20:49:00,1,Tomato,Loam,55.6635,0.6814,4.3365,21.26,70.0,25.0,60.0,0.7,0.001447,0.0
2026-06-01 20:49:00,2,Wheat,Sandy,42.7293,0.5888,12.2707,53.12,60.0,18.0,55.0,0.9,0.001069,0.0
2026-06-01 20:49:00,3,Maize,Clay,64.6074,0.7691,0.3926,13.81,75.0,30.0,65.0,1.0,0.00151,0.0
2026-06-01 20:50:00,1,Tomato,Loam,55.6633,0.6814,4.3367,21.26,70.0,25.0,60.0,0.7,0.001548,0.0
2026-06-01 20:50:00,2,Wheat,Sandy,42.7291,0.5888,12.2709,53.12,60.0,18.0,55.0,0.9,0.001144,0.0
2026-06-01 20:50:00,3,Maize,Clay,64.6072,0.769,0.3928,13.8,75.0,30.0,65.0,1.0,0.001615,0.0
2026-06-01 20:51:00,1,Tomato,Loam,55.6631,0.6814,4.3369,21.26,70.0,25.0,60.0,0.7,0.001408,0.0
2026-06-01 20:51:00,2,Wheat,Sandy,42.729,0.5888,12.271,53.12,60.0,18.0,55.0,0.9,0.00104,0.0
2026-06-01 20:51:00,3,Maize,Clay,64.6071,0.769,0.3929,13.8,75.0,30.0,65.0,1.0,0.001469,0.0
2026-06-01 20:52:00,1,Tomato,Loam,55.6629,0.6814,4.3371,21.26,70.0,25.0,60.0,0.7,0.001149,0.0
2026-06-01 20:52:00,2,Wheat,Sandy,42.7289,0.5888,12.2711,53.12,60.0,18.0,55.0,0.9,0.000849,0.0
2026-06-01 20:52:00,3,Maize,Clay,64.607,0.769,0.393,13.8,75.0,30.0,65.0,1.0,0.001199,0.0
2026-06-01 20:53:00,1,Tomato,Loam,55.6627,0.6814,4.3373,21.26,70.0,25.0,60.0,0.7,0.0015,0.0
2026-06-01 20:53:00,2,Wheat,Sandy,42.7288,0.5888,12.2712,53.12,60.0,18.0,55.0,0.9,0.001108,0.0
2026-06-01 20:53:00,3,Maize,Clay,64.6068,0.769,0.3932,13.8,75.0,30.0,65.0,1.0,0.001565,0.0
2026-06-01 20:54:00,1,Tomato,Loam,55.6625,0.6814,4.3375,21.26,70.0,25.0,60.0,0.7,0.001558,0.0
2026-06-01 20:54:00,2,Wheat,Sandy,42.7287,0.5888,12.2713,53.12,60.0,18.0,55.0,0.9,0.001152,0.0
2026-06-01 20:54:00,3,Maize,Clay,64.6066,0.769,0.3934,13.8,75.0,30.0,65.0,1.0,0.001626,0.0
2026-06-01 20:55:00,1,Tomato,Loam,55.6623,0.6814,4.3377,21.26,70.0,25.0,60.0,0.7,0.001373,0.0
2026-06-01 20:55:00,2,Wheat,Sandy,42.7286,0.5888,12.2714,53.12,60.0,18.0,55.0,0.9,0.001015,0.0
2026-06-01 20:55:00,3,Maize,Clay,64.6065,0.769,0.3935,13.8,75.0,30.0,65.0,1.0,0.001433,0.0
2026-06-01 20:56:00,1,Tomato,Loam,55.6621,0.6814,4.3379,21.26,70.0,25.0,60.0,0.7,0.001423,0.0
2026-06-01 20:56:00,2,Wheat,Sandy,42.7285,0.5888,12.2715,53.12,60.0,18.0,55.0,0.9,0.001051,0.0
2026-06-01 20:56:00,3,Maize,Clay,64.6063,0.769,0.3937,13.8,75.0,30.0,65.0,1.0,0.001484,0.0
2026-06-01 20:57:00,1,Tomato,Loam,55.6619,0.6814,4.3381,21.26,70.0,25.0,60.0,0.7,0.001295,0.0
2026-06-01 20:57:00,2,Wheat,Sandy,42.7283,0.5888,12.2717,53.12,60.0,18.0,55.0,0.9,0.000957,0.0
2026-06-01 20:57:00,3,Maize,Clay,64.6062,0.769,0.3938,13.8,75.0,30.0,65.0,1.0,0.001351,0.0
2026-06-01 20:58:00,1,Tomato,Loam,55.6617,0.6814,4.3383,21.26,70.0,25.0,60.0,0.7,0.001295,0.0
2026-06-01 20:58:00,2,Wheat,Sandy,42.7282,0.5888,12.2718,53.12,60.0,18.0,55.0,0.9,0.000957,0.0
2026-06-01 20:58:00,3,Maize,Clay,64.6061,0.769,0.3939,13.8,75.0,30.0,65.0,1.0,0.001351,0.0
2026-06-01 20:59:00,1,Tomato,Loam,55.6615,0.6814,4.3385,21.26,70.0,25.0,60.0,0.7,0.001488,0.0
2026-06-01 20:59:00,2,Wheat,Sandy,42.7281,0.5888,12.2719,53.12,60.0,18.0,55.0,0.9,0.0011,0.0
2026-06-01 20:59:00,3,Maize,Clay,64.6059,0.769,0.3941,13.8,75.0,30.0,65.0,1.0,0.001553,0.0
2026-06-01 21:00:00,1,Tomato,Loam,55.6613,0.6814,4.3387,21.26,70.0,25.0,60.0,0.7,0.001426,0.0
2026-06-01 21:00:00,2,Wheat,Sandy,42.728,0.5888,12.272,53.12,60.0,18.0,55.0,0.9,0.001054,0.0
2026-06-01 21:00:00,3,Maize,Clay,64.6058,0.769,0.3942,13.8,75.0,30.0,65.0,1.0,0.001488,0.0
2026-06-01 21:01:00,1,Tomato,Loam,55.6611,0.6814,4.3389,21.26,70.0,25.0,60.0,0.7,0.001341,0.0
2026-06-01 21:01:00,2,Wheat,Sandy,42.7279,0.5888,12.2721,53.13,60.0,18.0,55.0,0.9,0.000991,0.0
2026-06-01 21:01:00,3,Maize,Clay,64.6056,0.769,0.3944,13.8,75.0,30.0,65.0,1.0,0.001399,0.0
2026-06-01 21:02:00,1,Tomato,Loam,55.6609,0.6814,4.3391,21.26,70.0,25.0,60.0,0.7,0.001558,0.0
2026-06-01 21:02:00,2,Wheat,Sandy,42.7277,0.5888,12.2723,53.13,60.0,18.0,55.0,0.9,0.001152,0.0
2026-06-01 21:02:00,3,Maize,Clay,64.6054,0.769,0.3946,13.8,75.0,30.0,65.0,1.0,0.001626,0.0
2026-06-01 21:03:00,1,Tomato,Loam,55.6607,0.6813,4.3393,21.29,70.0,25.0,60.0,0.7,0.001171,0.0
2026-06-01 21:03:00,2,Wheat,Sandy,42.7276,0.5888,12.2724,53.13,60.0,18.0,55.0,0.9,0.000865,0.0
2026-06-01 21:03:00,3,Maize,Clay,64.6053,0.769,0.3947,13.8,75.0,30.0,65.0,1.0,0.001222,0.0
2026-06-01 21:04:00,1,Tomato,Loam,55.6605,0.6813,4.3395,21.29,70.0,25.0,60.0,0.7,0.001213,0.0
2026-06-01 21:04:00,2,Wheat,Sandy,42.7275,0.5888,12.2725,53.13,60.0,18.0,55.0,0.9,0.000897,0.0
2026-06-01 21:04:00,3,Maize,Clay,64.6052,0.769,0.3948,13.8,75.0,30.0,65.0,1.0,0.001266,0.0
2026-06-01 21:05:00,1,Tomato,Loam,55.6603,0.6813,4.3397,21.29,70.0,25.0,60.0,0.7,0.001372,0.0
2026-06-01 21:05:00,2,Wheat,Sandy,42.7274,0.5887,12.2726,53.13,60.0,18.0,55.0,0.9,0.001014,0.0
2026-06-01 21:05:00,3,Maize,Clay,64.6051,0.769,0.3949,13.8,75.0,30.0,65.0,1.0,0.001432,0.0
2026-06-01 21:06:00,1,Tomato,Loam,55.6602,0.6813,4.3398,21.29,70.0,25.0,60.0,0.7,0.001207,0.0
2026-06-01 21:06:00,2,Wheat,Sandy,42.7273,0.5887,12.2727,53.13,60.0,18.0,55.0,0.9,0.000892,0.0
2026-06-01 21:06:00,3,Maize,Clay,64.6049,0.769,0.3951,13.8,75.0,30.0,65.0,1.0,0.00126,0.0
2026-06-01 21:07:00,1,Tomato,Loam,55.66,0.6813,4.34,21.29,70.0,25.0,60.0,0.7,0.001383,0.0
2026-06-01 21:07:00,2,Wheat,Sandy,42.7272,0.5887,12.2728,53.13,60.0,18.0,55.0,0.9,0.001023,0.0
2026-06-01 21:07:00,3,Maize,Clay,64.6048,0.769,0.3952,13.8,75.0,30.0,65.0,1.0,0.001444,0.0
2026-06-01 21:08:00,1,Tomato,Loam,55.6598,0.6813,4.3402,21.29,70.0,25.0,60.0,0.7,0.001282,0.0
2026-06-01 21:08:00,2,Wheat,Sandy,42.7271,0.5887,12.2729,53.13,60.0,18.0,55.0,0.9,0.000948,0.0
2026-06-01 21:08:00,3,Maize,Clay,64.6047,0.769,0.3953,13.8,75.0,30.0,65.0,1.0,0.001338,0.0
2026-06-01 21:09:00,1,Tomato,Loam,55.6596,0.6813,4.3404,21.29,70.0,25.0,60.0,0.7,0.001182,0.0
2026-06-01 21:09:00,2,Wheat,Sandy,42.727,0.5887,12.273,53.13,60.0,18.0,55.0,0.9,0.000874,0.0
2026-06-01 21:09:00,3,Maize,Clay,64.6045,0.769,0.3955,13.8,75.0,30.0,65.0,1.0,0.001234,0.0
2026-06-01 21:10:00,1,Tomato,Loam,55.6594,0.6813,4.3406,21.29,70.0,25.0,60.0,0.7,0.001325,0.0
2026-06-01 21:10:00,2,Wheat,Sandy,42.7269,0.5887,12.2731,53.13,60.0,18.0,55.0,0.9,0.000979,0.0
2026-06-01 21:10:00,3,Maize,Clay,64.6044,0.769,0.3956,13.8,75.0,30.0,65.0,1.0,0.001382,0.0
2026-06-01 21:11:00,1,Tomato,Loam,55.6592,0.6813,4.3408,21.29,70.0,25.0,60.0,0.7,0.001296,0.0
2026-06-01 21:11:00,2,Wheat,Sandy,42.7268,0.5887,12.2732,53.13,60.0,18.0,55.0,0.9,0.000958,0.0
2026-06-01 21:11:00,3,Maize,Clay,64.6043,0.769,0.3957,13.8,75.0,30.0,65.0,1.0,0.001352,0.0
2026-06-01 21:12:00,1,Tomato,Loam,55.659,0.6813,4.341,21.29,70.0,25.0,60.0,0.7,0.001379,0.0
2026-06-01 21:12:00,2,Wheat,Sandy,42.7267,0.5887,12.2733,53.13,60.0,18.0,55.0,0.9,0.001019,0.0
2026-06-01 21:12:00,3,Maize,Clay,64.6041,0.769,0.3959,13.8,75.0,30.0,65.0,1.0,0.001439,0.0
2026-06-01 21:13:00,1,Tomato,Loam,55.6589,0.6813,4.3411,21.29,70.0,25.0,60.0,0.7,0.00134,0.0
2026-06-01 21:13:00,2,Wheat,Sandy,42.7266,0.5887,12.2734,53.13,60.0,18.0,55.0,0.9,0.00099,0.0
2026-06-01 21:13:00,3,Maize,Clay,64.604,0.769,0.396,13.8,75.0,30.0,65.0,1.0,0.001398,0.0
2026-06-01 21:14:00,1,Tomato,Loam,55.6587,0.6813,4.3413,21.29,70.0,25.0,60.0,0.7,0.001319,0.0
2026-06-01 21:14:00,2,Wheat,Sandy,42.7265,0.5887,12.2735,53.13,60.0,18.0,55.0,0.9,0.000975,0.0
2026-06-01 21:14:00,3,Maize,Clay,64.6038,0.769,0.3962,13.8,75.0,30.0,65.0,1.0,0.001376,0.0
2026-06-01 21:15:00,1,Tomato,Loam,55.6585,0.6813,4.3415,21.29,70.0,25.0,60.0,0.7,0.001297,0.0
2026-06-01 21:15:00,2,Wheat,Sandy,42.7264,0.5887,12.2736,53.13,60.0,18.0,55.0,0.9,0.000959,0.0
2026-06-01 21:15:00,3,Maize,Clay,64.6037,0.769,0.3963,13.8,75.0,30.0,65.0,1.0,0.001354,0.0
2026-06-01 21:16:00,1,Tomato,Loam,55.6583,0.6813,4.3417,21.29,70.0,25.0,60.0,0.7,0.001193,0.0
2026-06-01 21:16:00,2,Wheat,Sandy,42.7263,0.5887,12.2737,53.13,60.0,18.0,55.0,0.9,0.000881,0.0
2026-06-01 21:16:00,3,Maize,Clay,64.6036,0.769,0.3964,13.8,75.0,30.0,65.0,1.0,0.001244,0.0
2026-06-01 21:17:00,1,Tomato,Loam,55.6582,0.6813,4.3418,21.29,70.0,25.0,60.0,0.7,0.001135,0.0
2026-06-01 21:17:00,2,Wheat,Sandy,42.7262,0.5887,12.2738,53.13,60.0,18.0,55.0,0.9,0.000839,0.0
2026-06-01 21:17:00,3,Maize,Clay,64.6035,0.769,0.3965,13.8,75.0,30.0,65.0,1.0,0.001184,0.0
2026-06-01 21:18:00,1,Tomato,Loam,55.658,0.6813,4.342,21.29,70.0,25.0,60.0,0.7,0.001251,0.0
2026-06-01 21:18:00,2,Wheat,Sandy,42.7261,0.5887,12.2739,53.13,60.0,18.0,55.0,0.9,0.000925,0.0
2026-06-01 21:18:00,3,Maize,Clay,64.6033,0.769,0.3967,13.8,75.0,30.0,65.0,1.0,0.001306,0.0
2026-06-01 21:19:00,1,Tomato,Loam,55.6578,0.6813,4.3422,21.29,70.0,25.0,60.0,0.7,0.001158,0.0
2026-06-01 21:19:00,2,Wheat,Sandy,42.726,0.5887,12.274,53.13,60.0,18.0,55.0,0.9,0.000856,0.0
2026-06-01 21:19:00,3,Maize,Clay,64.6032,0.769,0.3968,13.8,75.0,30.0,65.0,1.0,0.001208,0.0
2026-06-01 21:20:00,1,Tomato,Loam,55.6576,0.6813,4.3424,21.29,70.0,25.0,60.0,0.7,0.001493,0.0
2026-06-01 21:20:00,2,Wheat,Sandy,42.7258,0.5887,12.2742,53.13,60.0,18.0,55.0,0.9,0.001103,0.0
2026-06-01 21:20:00,3,Maize,Clay,64.6031,0.769,0.3969,13.8,75.0,30.0,65.0,1.0,0.001558,0.0
2026-06-01 21:21:00,1,Tomato,Loam,55.6574,0.6813,4.3426,21.29,70.0,25.0,60.0,0.7,0.001367,0.0
2026-06-01 21:21:00,2,Wheat,Sandy,42.7257,0.5887,12.2743,53.13,60.0,18.0,55.0,0.9,0.001011,0.0
2026-06-01 21:21:00,3,Maize,Clay,64.6029,0.769,0.3971,13.8,75.0,30.0,65.0,1.0,0.001427,0.0
2026-06-01 21:22:00,1,Tomato,Loam,55.6572,0.6813,4.3428,21.29,70.0,25.0,60.0,0.7,0.001229,0.0
2026-06-01 21:22:00,2,Wheat,Sandy,42.7256,0.5887,12.2744,53.13,60.0,18.0,55.0,0.9,0.000909,0.0
2026-06-01 21:22:00,3,Maize,Clay,64.6028,0.769,0.3972,13.8,75.0,30.0,65.0,1.0,0.001283,0.0
2026-06-01 21:23:00,1,Tomato,Loam,55.657,0.6813,4.343,21.29,70.0,25.0,60.0,0.7,0.001285,0.0
2026-06-01 21:23:00,2,Wheat,Sandy,42.7255,0.5887,12.2745,53.13,60.0,18.0,55.0,0.9,0.000949,0.0
2026-06-01 21:23:00,3,Maize,Clay,64.6026,0.7689,0.3974,13.8,75.0,30.0,65.0,1.0,0.00134,0.0
2026-06-01 21:24:00,1,Tomato,Loam,55.6569,0.6813,4.3431,21.29,70.0,25.0,60.0,0.7,0.001175,0.0
2026-06-01 21:24:00,2,Wheat,Sandy,42.7254,0.5887,12.2746,53.14,60.0,18.0,55.0,0.9,0.000869,0.0
2026-06-01 21:24:00,3,Maize,Clay,64.6025,0.7689,0.3975,13.8,75.0,30.0,65.0,1.0,0.001226,0.0
2026-06-01 21:25:00,1,Tomato,Loam,55.6567,0.6813,4.3433,21.29,70.0,25.0,60.0,0.7,0.000999,0.0
2026-06-01 21:25:00,2,Wheat,Sandy,42.7254,0.5887,12.2746,53.14,60.0,18.0,55.0,0.9,0.000739,0.0
2026-06-01 21:25:00,3,Maize,Clay,64.6024,0.7689,0.3976,13.8,75.0,30.0,65.0,1.0,0.001043,0.0
2026-06-01 21:26:00,1,Tomato,Loam,55.6566,0.6813,4.3434,21.29,70.0,25.0,60.0,0.7,0.001137,0.0
2026-06-01 21:26:00,2,Wheat,Sandy,42.7253,0.5887,12.2747,53.14,60.0,18.0,55.0,0.9,0.000841,0.0
2026-06-01 21:26:00,3,Maize,Clay,64.6023,0.7689,0.3977,13.8,75.0,30.0,65.0,1.0,0.001187,0.0
2026-06-01 21:27:00,1,Tomato,Loam,55.6564,0.6813,4.3436,21.29,70.0,25.0,60.0,0.7,0.001196,0.0
2026-06-01 21:27:00,2,Wheat,Sandy,42.7252,0.5887,12.2748,53.14,60.0,18.0,55.0,0.9,0.000884,0.0
2026-06-01 21:27:00,3,Maize,Clay,64.6022,0.7689,0.3978,13.8,75.0,30.0,65.0,1.0,0.001248,0.0
2026-06-01 21:28:00,1,Tomato,Loam,55.6562,0.6812,4.3438,21.32,70.0,25.0,60.0,0.7,0.001226,0.0
2026-06-01 21:28:00,2,Wheat,Sandy,42.7251,0.5887,12.2749,53.14,60.0,18.0,55.0,0.9,0.000906,0.0
2026-06-01 21:28:00,3,Maize,Clay,64.6021,0.7689,0.3979,13.8,75.0,30.0,65.0,1.0,0.001279,0.0
2026-06-01 21:29:00,1,Tomato,Loam,55.656,0.6812,4.344,21.32,70.0,25.0,60.0,0.7,0.001214,0.0
2026-06-01 21:29:00,2,Wheat,Sandy,42.725,0.5887,12.275,53.14,60.0,18.0,55.0,0.9,0.000898,0.0
2026-06-01 21:29:00,3,Maize,Clay,64.6019,0.7689,0.3981,13.8,75.0,30.0,65.0,1.0,0.001267,0.0
2026-06-01 21:30:00,1,Tomato,Loam,55.6559,0.6812,4.3441,21.32,70.0,25.0,60.0,0.7,0.001244,0.0
2026-06-01 21:30:00,2,Wheat,Sandy,42.7249,0.5887,12.2751,53.14,60.0,18.0,55.0,0.9,0.00092,0.0
2026-06-01 21:30:00,3,Maize,Clay,64.6018,0.7689,0.3982,13.8,75.0,30.0,65.0,1.0,0.001298,0.0
2026-06-01 21:31:00,1,Tomato,Loam,55.6557,0.6812,4.3443,21.32,70.0,25.0,60.0,0.7,0.00102,0.0
2026-06-01 21:31:00,2,Wheat,Sandy,42.7248,0.5887,12.2752,53.14,60.0,18.0,55.0,0.9,0.000754,0.0
2026-06-01 21:31:00,3,Maize,Clay,64.6017,0.7689,0.3983,13.8,75.0,30.0,65.0,1.0,0.001064,0.0
2026-06-01 21:32:00,1,Tomato,Loam,55.6556,0.6812,4.3444,21.32,70.0,25.0,60.0,0.7,0.001026,0.0
2026-06-01 21:32:00,2,Wheat,Sandy,42.7247,0.5887,12.2753,53.14,60.0,18.0,55.0,0.9,0.000758,0.0
2026-06-01 21:32:00,3,Maize,Clay,64.6016,0.7689,0.3984,13.8,75.0,30.0,65.0,1.0,0.00107,0.0
2026-06-01 21:33:00,1,Tomato,Loam,55.6554,0.6812,4.3446,21.32,70.0,25.0,60.0,0.7,0.001278,0.0
2026-06-01 21:33:00,2,Wheat,Sandy,42.7246,0.5887,12.2754,53.14,60.0,18.0,55.0,0.9,0.000944,0.0
2026-06-01 21:33:00,3,Maize,Clay,64.6014,0.7689,0.3986,13.8,75.0,30.0,65.0,1.0,0.001333,0.0
2026-06-01 21:34:00,1,Tomato,Loam,55.6552,0.6812,4.3448,21.32,70.0,25.0,60.0,0.7,0.001244,0.0
2026-06-01 21:34:00,2,Wheat,Sandy,42.7245,0.5887,12.2755,53.14,60.0,18.0,55.0,0.9,0.00092,0.0
2026-06-01 21:34:00,3,Maize,Clay,64.6013,0.7689,0.3987,13.8,75.0,30.0,65.0,1.0,0.001298,0.0
2026-06-01 21:35:00,1,Tomato,Loam,55.6551,0.6812,4.3449,21.32,70.0,25.0,60.0,0.7,0.00108,0.0
2026-06-01 21:35:00,2,Wheat,Sandy,42.7244,0.5887,12.2756,53.14,60.0,18.0,55.0,0.9,0.000798,0.0
2026-06-01 21:35:00,3,Maize,Clay,64.6012,0.7689,0.3988,13.8,75.0,30.0,65.0,1.0,0.001127,0.0
2026-06-01 21:36:00,1,Tomato,Loam,55.6549,0.6812,4.3451,21.32,70.0,25.0,60.0,0.7,0.001049,0.0
2026-06-01 21:36:00,2,Wheat,Sandy,42.7243,0.5887,12.2757,53.14,60.0,18.0,55.0,0.9,0.000775,0.0
2026-06-01 21:36:00,3,Maize,Clay,64.6011,0.7689,0.3989,13.8,75.0,30.0,65.0,1.0,0.001094,0.0
2026-06-01 21:37:00,1,Tomato,Loam,55.6548,0.6812,4.3452,21.32,70.0,25.0,60.0,0.7,0.001063,0.0
2026-06-01 21:37:00,2,Wheat,Sandy,42.7242,0.5887,12.2758,53.14,60.0,18.0,55.0,0.9,0.000785,0.0
2026-06-01 21:37:00,3,Maize,Clay,64.601,0.7689,0.399,13.8,75.0,30.0,65.0,1.0,0.001109,0.0
2026-06-01 21:38:00,1,Tomato,Loam,55.6546,0.6812,4.3454,21.32,70.0,25.0,60.0,0.7,0.001106,0.0
2026-06-01 21:38:00,2,Wheat,Sandy,42.7241,0.5887,12.2759,53.14,60.0,18.0,55.0,0.9,0.000818,0.0
2026-06-01 21:38:00,3,Maize,Clay,64.6009,0.7689,0.3991,13.8,75.0,30.0,65.0,1.0,0.001154,0.0
2026-06-01 21:39:00,1,Tomato,Loam,55.6545,0.6812,4.3455,21.32,70.0,25.0,60.0,0.7,0.00114,0.0
2026-06-01 21:39:00,2,Wheat,Sandy,42.724,0.5887,12.276,53.14,60.0,18.0,55.0,0.9,0.000842,0.0
2026-06-01 21:39:00,3,Maize,Clay,64.6008,0.7689,0.3992,13.8,75.0,30.0,65.0,1.0,0.001189,0.0
2026-06-01 21:40:00,1,Tomato,Loam,55.6543,0.6812,4.3457,21.32,70.0,25.0,60.0,0.7,0.001368,0.0
2026-06-01 21:40:00,2,Wheat,Sandy,42.7239,0.5887,12.2761,53.14,60.0,18.0,55.0,0.9,0.001012,0.0
2026-06-01 21:40:00,3,Maize,Clay,64.6006,0.7689,0.3994,13.8,75.0,30.0,65.0,1.0,0.001428,0.0
2026-06-01 21:41:00,1,Tomato,Loam,55.6541,0.6812,4.3459,21.32,70.0,25.0,60.0,0.7,0.001049,0.0
2026-06-01 21:41:00,2,Wheat,Sandy,42.7238,0.5887,12.2762,53.14,60.0,18.0,55.0,0.9,0.000775,0.0
2026-06-01 21:41:00,3,Maize,Clay,64.6005,0.7689,0.3995,13.8,75.0,30.0,65.0,1.0,0.001094,0.0
2026-06-01 21:42:00,1,Tomato,Loam,55.6539,0.6812,4.3461,21.32,70.0,25.0,60.0,0.7,0.001188,0.0
2026-06-01 21:42:00,2,Wheat,Sandy,42.7237,0.5887,12.2763,53.14,60.0,18.0,55.0,0.9,0.000878,0.0
2026-06-01 21:42:00,3,Maize,Clay,64.6004,0.7689,0.3996,13.8,75.0,30.0,65.0,1.0,0.00124,0.0
2026-06-01 21:43:00,1,Tomato,Loam,55.6538,0.6812,4.3462,21.32,70.0,25.0,60.0,0.7,0.000805,0.0
2026-06-01 21:43:00,2,Wheat,Sandy,42.7237,0.5887,12.2763,53.14,60.0,18.0,55.0,0.9,0.000595,0.0
2026-06-01 21:43:00,3,Maize,Clay,64.6003,0.7689,0.3997,13.8,75.0,30.0,65.0,1.0,0.00084,0.0
2026-06-01 21:44:00,1,Tomato,Loam,55.6537,0.6812,4.3463,21.32,70.0,25.0,60.0,0.7,0.000982,0.0
2026-06-01 21:44:00,2,Wheat,Sandy,42.7236,0.5887,12.2764,53.14,60.0,18.0,55.0,0.9,0.000726,0.0
2026-06-01 21:44:00,3,Maize,Clay,64.6002,0.7689,0.3998,13.8,75.0,30.0,65.0,1.0,0.001025,0.0
2026-06-01 21:45:00,1,Tomato,Loam,55.6535,0.6812,4.3465,21.32,70.0,25.0,60.0,0.7,0.00114,0.0
2026-06-01 21:45:00,2,Wheat,Sandy,42.7235,0.5887,12.2765,53.14,60.0,18.0,55.0,0.9,0.000842,0.0
2026-06-01 21:45:00,3,Maize,Clay,64.6001,0.7689,0.3999,13.8,75.0,30.0,65.0,1.0,0.001189,0.0
2026-06-01 21:46:00,1,Tomato,Loam,55.6534,0.6812,4.3466,21.32,70.0,25.0,60.0,0.7,0.00106,0.0
2026-06-01 21:46:00,2,Wheat,Sandy,42.7234,0.5887,12.2766,53.14,60.0,18.0,55.0,0.9,0.000784,0.0
2026-06-01 21:46:00,3,Maize,Clay,64.6,0.7689,0.4,13.8,75.0,30.0,65.0,1.0,0.001106,0.0
2026-06-01 21:47:00,1,Tomato,Loam,55.6533,0.6812,4.3467,21.32,70.0,25.0,60.0,0.7,0.000447,0.0
2026-06-01 21:47:00,2,Wheat,Sandy,42.7234,0.5887,12.2766,53.14,60.0,18.0,55.0,0.9,0.000331,0.0
2026-06-01 21:47:00,3,Maize,Clay,64.5999,0.7689,0.4001,13.8,75.0,30.0,65.0,1.0,0.000467,0.0
2026-06-01 21:48:00,1,Tomato,Loam,55.6532,0.6812,4.3468,21.32,70.0,25.0,60.0,0.7,0.00107,0.0
2026-06-01 21:48:00,2,Wheat,Sandy,42.7233,0.5887,12.2767,53.14,60.0,18.0,55.0,0.9,0.000791,0.0
2026-06-01 21:48:00,3,Maize,Clay,64.5998,0.7689,0.4002,13.8,75.0,30.0,65.0,1.0,0.001116,0.0
2026-06-01 21:49:00,1,Tomato,Loam,55.653,0.6812,4.347,21.32,70.0,25.0,60.0,0.7,0.001198,0.0
2026-06-01 21:49:00,2,Wheat,Sandy,42.7232,0.5886,12.2768,53.14,60.0,18.0,55.0,0.9,0.000886,0.0
2026-06-01 21:49:00,3,Maize,Clay,64.5997,0.7689,0.4003,13.8,75.0,30.0,65.0,1.0,0.00125,0.0
2026-06-01 21:50:00,1,Tomato,Loam,55.6529,0.6812,4.3471,21.32,70.0,25.0,60.0,0.7,0.00072,0.0
2026-06-01 21:50:00,2,Wheat,Sandy,42.7231,0.5886,12.2769,53.14,60.0,18.0,55.0,0.9,0.000532,0.0
2026-06-01 21:50:00,3,Maize,Clay,64.5996,0.7689,0.4004,13.8,75.0,30.0,65.0,1.0,0.000751,0.0
2026-06-01 21:51:00,1,Tomato,Loam,55.6527,0.6812,4.3473,21.32,70.0,25.0,60.0,0.7,0.001187,0.0
2026-06-01 21:51:00,2,Wheat,Sandy,42.723,0.5886,12.277,53.15,60.0,18.0,55.0,0.9,0.000877,0.0
2026-06-01 21:51:00,3,Maize,Clay,64.5995,0.7689,0.4005,13.8,75.0,30.0,65.0,1.0,0.001238,0.0
2026-06-01 21:52:00,1,Tomato,Loam,55.6526,0.6812,4.3474,21.32,70.0,25.0,60.0,0.7,0.000614,0.0
2026-06-01 21:52:00,2,Wheat,Sandy,42.723,0.5886,12.277,53.15,60.0,18.0,55.0,0.9,0.000454,0.0
2026-06-01 21:52:00,3,Maize,Clay,64.5994,0.7689,0.4006,13.8,75.0,30.0,65.0,1.0,0.000641,0.0
2026-06-01 21:53:00,1,Tomato,Loam,55.6525,0.6812,4.3475,21.32,70.0,25.0,60.0,0.7,0.001132,0.0
2026-06-01 21:53:00,2,Wheat,Sandy,42.7229,0.5886,12.2771,53.15,60.0,18.0,55.0,0.9,0.000836,0.0
2026-06-01 21:53:00,3,Maize,Clay,64.5993,0.7689,0.4007,13.8,75.0,30.0,65.0,1.0,0.001181,0.0
2026-06-01 21:54:00,1,Tomato,Loam,55.6523,0.6812,4.3477,21.32,70.0,25.0,60.0,0.7,0.000969,0.0
2026-06-01 21:54:00,2,Wheat,Sandy,42.7228,0.5886,12.2772,53.15,60.0,18.0,55.0,0.9,0.000717,0.0
2026-06-01 21:54:00,3,Maize,Clay,64.5992,0.7689,0.4008,13.8,75.0,30.0,65.0,1.0,0.001012,0.0
2026-06-01 21:55:00,1,Tomato,Loam,55.6522,0.6812,4.3478,21.32,70.0,25.0,60.0,0.7,0.00071,0.0
2026-06-01 21:55:00,2,Wheat,Sandy,42.7228,0.5886,12.2772,53.15,60.0,18.0,55.0,0.9,0.000524,0.0
2026-06-01 21:55:00,3,Maize,Clay,64.5991,0.7689,0.4009,13.8,75.0,30.0,65.0,1.0,0.00074,0.0
2026-06-01 21:56:00,1,Tomato,Loam,55.6521,0.6812,4.3479,21.32,70.0,25.0,60.0,0.7,0.001014,0.0
2026-06-01 21:56:00,2,Wheat,Sandy,42.7227,0.5886,12.2773,53.15,60.0,18.0,55.0,0.9,0.00075,0.0
2026-06-01 21:56:00,3,Maize,Clay,64.599,0.7689,0.401,13.8,75.0,30.0,65.0,1.0,0.001058,0.0
2026-06-01 21:57:00,1,Tomato,Loam,55.6519,0.6812,4.3481,21.32,70.0,25.0,60.0,0.7,0.001143,0.0
2026-06-01 21:57:00,2,Wheat,Sandy,42.7226,0.5886,12.2774,53.15,60.0,18.0,55.0,0.9,0.000845,0.0
2026-06-01 21:57:00,3,Maize,Clay,64.5989,0.7689,0.4011,13.8,75.0,30.0,65.0,1.0,0.001193,0.0
2026-06-01 21:58:00,1,Tomato,Loam,55.6518,0.6812,4.3482,21.32,70.0,25.0,60.0,0.7,0.001012,0.0
2026-06-01 21:58:00,2,Wheat,Sandy,42.7225,0.5886,12.2775,53.15,60.0,18.0,55.0,0.9,0.000748,0.0
2026-06-01 21:58:00,3,Maize,Clay,64.5988,0.7689,0.4012,13.8,75.0,30.0,65.0,1.0,0.001056,0.0
2026-06-01 21:59:00,1,Tomato,Loam,55.6516,0.6811,4.3484,21.36,70.0,25.0,60.0,0.7,0.001037,0.0
2026-06-01 21:59:00,2,Wheat,Sandy,42.7224,0.5886,12.2776,53.15,60.0,18.0,55.0,0.9,0.000767,0.0
2026-06-01 21:59:00,3,Maize,Clay,64.5987,0.7689,0.4013,13.8,75.0,30.0,65.0,1.0,0.001082,0.0
2026-06-01 22:00:00,1,Tomato,Loam,55.6515,0.6811,4.3485,21.36,70.0,25.0,60.0,0.7,0.000896,0.0
2026-06-01 22:00:00,2,Wheat,Sandy,42.7224,0.5886,12.2776,53.15,60.0,18.0,55.0,0.9,0.000662,0.0
2026-06-01 22:00:00,3,Maize,Clay,64.5986,0.7689,0.4014,13.8,75.0,30.0,65.0,1.0,0.000935,0.0
2026-06-01 22:01:00,1,Tomato,Loam,55.6514,0.6811,4.3486,21.36,70.0,25.0,60.0,0.7,0.00072,0.0
2026-06-01 22:01:00,2,Wheat,Sandy,42.7223,0.5886,12.2777,53.15,60.0,18.0,55.0,0.9,0.000532,0.0
2026-06-01 22:01:00,3,Maize,Clay,64.5985,0.7689,0.4015,13.8,75.0,30.0,65.0,1.0,0.000751,0.0
2026-06-01 22:02:00,1,Tomato,Loam,55.6513,0.6811,4.3487,21.36,70.0,25.0,60.0,0.7,0.001004,0.0
2026-06-01 22:02:00,2,Wheat,Sandy,42.7222,0.5886,12.2778,53.15,60.0,18.0,55.0,0.9,0.000742,0.0
2026-06-01 22:02:00,3,Maize,Clay,64.5984,0.7689,0.4016,13.8,75.0,30.0,65.0,1.0,0.001048,0.0
2026-06-01 22:03:00,1,Tomato,Loam,55.6511,0.6811,4.3489,21.36,70.0,25.0,60.0,0.7,0.001058,0.0
2026-06-01 22:03:00,2,Wheat,Sandy,42.7221,0.5886,12.2779,53.15,60.0,18.0,55.0,0.9,0.000782,0.0
2026-06-01 22:03:00,3,Maize,Clay,64.5983,0.7689,0.4017,13.8,75.0,30.0,65.0,1.0,0.001104,0.0
2026-06-01 22:04:00,1,Tomato,Loam,55.651,0.6811,4.349,21.36,70.0,25.0,60.0,0.7,0.00103,0.0
2026-06-01 22:04:00,2,Wheat,Sandy,42.722,0.5886,12.278,53.15,60.0,18.0,55.0,0.9,0.000762,0.0
2026-06-01 22:04:00,3,Maize,Clay,64.5982,0.7688,0.4018,13.8,75.0,30.0,65.0,1.0,0.001075,0.0
2026-06-01 22:05:00,1,Tomato,Loam,55.6509,0.6811,4.3491,21.36,70.0,25.0,60.0,0.7,0.000683,0.0
2026-06-01 22:05:00,2,Wheat,Sandy,42.722,0.5886,12.278,53.15,60.0,18.0,55.0,0.9,0.000505,0.0
2026-06-01 22:05:00,3,Maize,Clay,64.5981,0.7688,0.4019,13.8,75.0,30.0,65.0,1.0,0.000713,0.0
2026-06-01 22:06:00,1,Tomato,Loam,55.6508,0.6811,4.3492,21.36,70.0,25.0,60.0,0.7,0.000724,0.0
2026-06-01 22:06:00,2,Wheat,Sandy,42.7219,0.5886,12.2781,53.15,60.0,18.0,55.0,0.9,0.000536,0.0
2026-06-01 22:06:00,3,Maize,Clay,64.598,0.7688,0.402,13.8,75.0,30.0,65.0,1.0,0.000756,0.0
2026-06-01 22:07:00,1,Tomato,Loam,55.6507,0.6811,4.3493,21.36,70.0,25.0,60.0,0.7,0.000759,0.0
2026-06-01 22:07:00,2,Wheat,Sandy,42.7219,0.5886,12.2781,53.15,60.0,18.0,55.0,0.9,0.000561,0.0
2026-06-01 22:07:00,3,Maize,Clay,64.598,0.7688,0.402,13.8,75.0,30.0,65.0,1.0,0.000792,0.0
2026-06-01 22:08:00,1,Tomato,Loam,55.6506,0.6811,4.3494,21.36,70.0,25.0,60.0,0.7,0.000677,0.0
2026-06-01 22:08:00,2,Wheat,Sandy,42.7218,0.5886,12.2782,53.15,60.0,18.0,55.0,0.9,0.000501,0.0
2026-06-01 22:08:00,3,Maize,Clay,64.5979,0.7688,0.4021,13.8,75.0,30.0,65.0,1.0,0.000707,0.0
2026-06-01 22:09:00,1,Tomato,Loam,55.6504,0.6811,4.3496,21.36,70.0,25.0,60.0,0.7,0.000912,0.0
2026-06-01 22:09:00,2,Wheat,Sandy,42.7217,0.5886,12.2783,53.15,60.0,18.0,55.0,0.9,0.000674,0.0
2026-06-01 22:09:00,3,Maize,Clay,64.5978,0.7688,0.4022,13.8,75.0,30.0,65.0,1.0,0.000952,0.0
2026-06-01 22:10:00,1,Tomato,Loam,55.6503,0.6811,4.3497,21.36,70.0,25.0,60.0,0.7,0.000897,0.0
2026-06-01 22:10:00,2,Wheat,Sandy,42.7217,0.5886,12.2783,53.15,60.0,18.0,55.0,0.9,0.000663,0.0
2026-06-01 22:10:00,3,Maize,Clay,64.5977,0.7688,0.4023,13.8,75.0,30.0,65.0,1.0,0.000936,0.0
2026-06-01 22:11:00,1,Tomato,Loam,55.6502,0.6811,4.3498,21.36,70.0,25.0,60.0,0.7,0.000683,0.0
2026-06-01 22:11:00,2,Wheat,Sandy,42.7216,0.5886,12.2784,53.15,60.0,18.0,55.0,0.9,0.000505,0.0
2026-06-01 22:11:00,3,Maize,Clay,64.5976,0.7688,0.4024,13.8,75.0,30.0,65.0,1.0,0.000713,0.0
2026-06-01 22:12:00,1,Tomato,Loam,55.6501,0.6811,4.3499,21.36,70.0,25.0,60.0,0.7,0.000968,0.0
2026-06-01 22:12:00,2,Wheat,Sandy,42.7215,0.5886,12.2785,53.15,60.0,18.0,55.0,0.9,0.000716,0.0
2026-06-01 22:12:00,3,Maize,Clay,64.5975,0.7688,0.4025,13.8,75.0,30.0,65.0,1.0,0.00101,0.0
2026-06-01 22:13:00,1,Tomato,Loam,55.6499,0.6811,4.3501,21.36,70.0,25.0,60.0,0.7,0.000942,0.0
2026-06-01 22:13:00,2,Wheat,Sandy,42.7214,0.5886,12.2786,53.15,60.0,18.0,55.0,0.9,0.000696,0.0
2026-06-01 22:13:00,3,Maize,Clay,64.5974,0.7688,0.4026,13.8,75.0,30.0,65.0,1.0,0.000983,0.0
2026-06-01 22:14:00,1,Tomato,Loam,55.6498,0.6811,4.3502,21.36,70.0,25.0,60.0,0.7,0.000797,0.0
2026-06-01 22:14:00,2,Wheat,Sandy,42.7214,0.5886,12.2786,53.15,60.0,18.0,55.0,0.9,0.000589,0.0
2026-06-01 22:14:00,3,Maize,Clay,64.5973,0.7688,0.4027,13.8,75.0,30.0,65.0,1.0,0.000832,0.0
2026-06-01 22:15:00,1,Tomato,Loam,55.6497,0.6811,4.3503,21.36,70.0,25.0,60.0,0.7,0.000839,0.0
2026-06-01 22:15:00,2,Wheat,Sandy,42.7213,0.5886,12.2787,53.15,60.0,18.0,55.0,0.9,0.00062,0.0
2026-06-01 22:15:00,3,Maize,Clay,64.5973,0.7688,0.4027,13.8,75.0,30.0,65.0,1.0,0.000876,0.0
2026-06-01 22:16:00,1,Tomato,Loam,55.6496,0.6811,4.3504,21.36,70.0,25.0,60.0,0.7,0.000601,0.0
2026-06-01 22:16:00,2,Wheat,Sandy,42.7213,0.5886,12.2787,53.15,60.0,18.0,55.0,0.9,0.000445,0.0
2026-06-01 22:16:00,3,Maize,Clay,64.5972,0.7688,0.4028,13.8,75.0,30.0,65.0,1.0,0.000628,0.0
2026-06-01 22:17:00,1,Tomato,Loam,55.6495,0.6811,4.3505,21.36,70.0,25.0,60.0,0.7,0.000803,0.0
2026-06-01 22:17:00,2,Wheat,Sandy,42.7212,0.5886,12.2788,53.15,60.0,18.0,55.0,0.9,0.000593,0.0
2026-06-01 22:17:00,3,Maize,Clay,64.5971,0.7688,0.4029,13.8,75.0,30.0,65.0,1.0,0.000838,0.0
2026-06-01 22:18:00,1,Tomato,Loam,55.6494,0.6811,4.3506,21.36,70.0,25.0,60.0,0.7,0.000848,0.0
2026-06-01 22:18:00,2,Wheat,Sandy,42.7211,0.5886,12.2789,53.15,60.0,18.0,55.0,0.9,0.000626,0.0
2026-06-01 22:18:00,3,Maize,Clay,64.597,0.7688,0.403,13.8,75.0,30.0,65.0,1.0,0.000884,0.0
2026-06-01 22:19:00,1,Tomato,Loam,55.6493,0.6811,4.3507,21.36,70.0,25.0,60.0,0.7,0.000848,0.0
2026-06-01 22:19:00,2,Wheat,Sandy,42.7211,0.5886,12.2789,53.15,60.0,18.0,55.0,0.9,0.000626,0.0
2026-06-01 22:19:00,3,Maize,Clay,64.5969,0.7688,0.4031,13.8,75.0,30.0,65.0,1.0,0.000884,0.0
2026-06-01 22:20:00,1,Tomato,Loam,55.6492,0.6811,4.3508,21.36,70.0,25.0,60.0,0.7,0.000821,0.0
2026-06-01 22:20:00,2,Wheat,Sandy,42.721,0.5886,12.279,53.15,60.0,18.0,55.0,0.9,0.000607,0.0
2026-06-01 22:20:00,3,Maize,Clay,64.5969,0.7688,0.4031,13.8,75.0,30.0,65.0,1.0,0.000857,0.0
2026-06-01 22:21:00,1,Tomato,Loam,55.649,0.6811,4.351,21.36,70.0,25.0,60.0,0.7,0.000839,0.0
2026-06-01 22:21:00,2,Wheat,Sandy,42.7209,0.5886,12.2791,53.15,60.0,18.0,55.0,0.9,0.00062,0.0
2026-06-01 22:21:00,3,Maize,Clay,64.5968,0.7688,0.4032,13.8,75.0,30.0,65.0,1.0,0.000876,0.0
2026-06-01 22:22:00,1,Tomato,Loam,55.6489,0.6811,4.3511,21.36,70.0,25.0,60.0,0.7,0.000728,0.0
2026-06-01 22:22:00,2,Wheat,Sandy,42.7209,0.5886,12.2791,53.15,60.0,18.0,55.0,0.9,0.000538,0.0
2026-06-01 22:22:00,3,Maize,Clay,64.5967,0.7688,0.4033,13.8,75.0,30.0,65.0,1.0,0.00076,0.0
2026-06-01 22:23:00,1,Tomato,Loam,55.6488,0.6811,4.3512,21.36,70.0,25.0,60.0,0.7,0.000844,0.0
2026-06-01 22:23:00,2,Wheat,Sandy,42.7208,0.5886,12.2792,53.15,60.0,18.0,55.0,0.9,0.000624,0.0
2026-06-01 22:23:00,3,Maize,Clay,64.5966,0.7688,0.4034,13.8,75.0,30.0,65.0,1.0,0.000881,0.0
2026-06-01 22:24:00,1,Tomato,Loam,55.6487,0.6811,4.3513,21.36,70.0,25.0,60.0,0.7,0.0009,0.0
2026-06-01 22:24:00,2,Wheat,Sandy,42.7207,0.5886,12.2793,53.15,60.0,18.0,55.0,0.9,0.000666,0.0
2026-06-01 22:24:00,3,Maize,Clay,64.5965,0.7688,0.4035,13.8,75.0,30.0,65.0,1.0,0.00094,0.0
2026-06-01 22:25:00,1,Tomato,Loam,55.6486,0.6811,4.3514,21.36,70.0,25.0,60.0,0.7,0.000808,0.0
2026-06-01 22:25:00,2,Wheat,Sandy,42.7207,0.5886,12.2793,53.15,60.0,18.0,55.0,0.9,0.000598,0.0
2026-06-01 22:25:00,3,Maize,Clay,64.5964,0.7688,0.4036,13.8,75.0,30.0,65.0,1.0,0.000844,0.0
2026-06-01 22:26:00,1,Tomato,Loam,55.6485,0.6811,4.3515,21.36,70.0,25.0,60.0,0.7,0.000818,0.0
2026-06-01 22:26:00,2,Wheat,Sandy,42.7206,0.5886,12.2794,53.16,60.0,18.0,55.0,0.9,0.000604,0.0
2026-06-01 22:26:00,3,Maize,Clay,64.5963,0.7688,0.4037,13.8,75.0,30.0,65.0,1.0,0.000853,0.0
2026-06-01 22:27:00,1,Tomato,Loam,55.6484,0.6811,4.3516,21.36,70.0,25.0,60.0,0.7,0.00071,0.0
2026-06-01 22:27:00,2,Wheat,Sandy,42.7205,0.5886,12.2795,53.16,60.0,18.0,55.0,0.9,0.000524,0.0
2026-06-01 22:27:00,3,Maize,Clay,64.5963,0.7688,0.4037,13.8,75.0,30.0,65.0,1.0,0.00074,0.0
2026-06-01 22:28:00,1,Tomato,Loam,55.6483,0.6811,4.3517,21.36,70.0,25.0,60.0,0.7,0.000721,0.0
2026-06-01 22:28:00,2,Wheat,Sandy,42.7205,0.5886,12.2795,53.16,60.0,18.0,55.0,0.9,0.000533,0.0
2026-06-01 22:28:00,3,Maize,Clay,64.5962,0.7688,0.4038,13.8,75.0,30.0,65.0,1.0,0.000752,0.0
2026-06-01 22:29:00,1,Tomato,Loam,55.6482,0.6811,4.3518,21.36,70.0,25.0,60.0,0.7,0.000804,0.0
2026-06-01 22:29:00,2,Wheat,Sandy,42.7204,0.5886,12.2796,53.16,60.0,18.0,55.0,0.9,0.000594,0.0
2026-06-01 22:29:00,3,Maize,Clay,64.5961,0.7688,0.4039,13.8,75.0,30.0,65.0,1.0,0.000839,0.0
2026-06-01 22:30:00,1,Tomato,Loam,55.6481,0.6811,4.3519,21.36,70.0,25.0,60.0,0.7,0.000672,0.0
2026-06-01 22:30:00,2,Wheat,Sandy,42.7204,0.5886,12.2796,53.16,60.0,18.0,55.0,0.9,0.000496,0.0
2026-06-01 22:30:00,3,Maize,Clay,64.596,0.7688,0.404,13.8,75.0,30.0,65.0,1.0,0.000701,0.0
2026-06-01 22:31:00,1,Tomato,Loam,55.6479,0.6811,4.3521,21.36,70.0,25.0,60.0,0.7,0.000795,0.0
2026-06-01 22:31:00,2,Wheat,Sandy,42.7203,0.5886,12.2797,53.16,60.0,18.0,55.0,0.9,0.000587,0.0
2026-06-01 22:31:00,3,Maize,Clay,64.5959,0.7688,0.4041,13.8,75.0,30.0,65.0,1.0,0.000829,0.0
2026-06-01 22:32:00,1,Tomato,Loam,55.6478,0.6811,4.3522,21.36,70.0,25.0,60.0,0.7,0.000745,0.0
2026-06-01 22:32:00,2,Wheat,Sandy,42.7202,0.5886,12.2798,53.16,60.0,18.0,55.0,0.9,0.000551,0.0
2026-06-01 22:32:00,3,Maize,Clay,64.5959,0.7688,0.4041,13.8,75.0,30.0,65.0,1.0,0.000778,0.0
2026-06-01 22:33:00,1,Tomato,Loam,55.6477,0.6811,4.3523,21.36,70.0,25.0,60.0,0.7,0.000691,0.0
2026-06-01 22:33:00,2,Wheat,Sandy,42.7202,0.5886,12.2798,53.16,60.0,18.0,55.0,0.9,0.000511,0.0
2026-06-01 22:33:00,3,Maize,Clay,64.5958,0.7688,0.4042,13.8,75.0,30.0,65.0,1.0,0.000721,0.0
2026-06-01 22:34:00,1,Tomato,Loam,55.6476,0.6811,4.3524,21.36,70.0,25.0,60.0,0.7,0.000708,0.0
2026-06-01 22:34:00,2,Wheat,Sandy,42.7201,0.5886,12.2799,53.16,60.0,18.0,55.0,0.9,0.000524,0.0
2026-06-01 22:34:00,3,Maize,Clay,64.5957,0.7688,0.4043,13.8,75.0,30.0,65.0,1.0,0.000739,0.0
2026-06-01 22:35:00,1,Tomato,Loam,55.6475,0.6811,4.3525,21.36,70.0,25.0,60.0,0.7,0.000677,0.0
2026-06-01 22:35:00,2,Wheat,Sandy,42.7201,0.5886,12.2799,53.16,60.0,18.0,55.0,0.9,0.000501,0.0
2026-06-01 22:35:00,3,Maize,Clay,64.5957,0.7688,0.4043,13.8,75.0,30.0,65.0,1.0,0.000707,0.0
2026-06-01 22:36:00,1,Tomato,Loam,55.6475,0.6811,4.3525,21.36,70.0,25.0,60.0,0.7,0.000532,0.0
2026-06-01 22:36:00,2,Wheat,Sandy,42.72,0.5886,12.28,53.16,60.0,18.0,55.0,0.9,0.000394,0.0
2026-06-01 22:36:00,3,Maize,Clay,64.5956,0.7688,0.4044,13.8,75.0,30.0,65.0,1.0,0.000556,0.0
2026-06-01 22:37:00,1,Tomato,Loam,55.6474,0.6811,4.3526,21.36,70.0,25.0,60.0,0.7,0.000754,0.0
2026-06-01 22:37:00,2,Wheat,Sandy,42.72,0.5886,12.28,53.16,60.0,18.0,55.0,0.9,0.000558,0.0
2026-06-01 22:37:00,3,Maize,Clay,64.5955,0.7688,0.4045,13.8,75.0,30.0,65.0,1.0,0.000787,0.0
2026-06-01 22:38:00,1,Tomato,Loam,55.6473,0.6811,4.3527,21.36,70.0,25.0,60.0,0.7,0.000736,0.0
2026-06-01 22:38:00,2,Wheat,Sandy,42.7199,0.5886,12.2801,53.16,60.0,18.0,55.0,0.9,0.000544,0.0
2026-06-01 22:38:00,3,Maize,Clay,64.5954,0.7688,0.4046,13.8,75.0,30.0,65.0,1.0,0.000768,0.0
2026-06-01 22:39:00,1,Tomato,Loam,55.6471,0.681,4.3529,21.39,70.0,25.0,60.0,0.7,0.000787,0.0
2026-06-01 22:39:00,2,Wheat,Sandy,42.7198,0.5886,12.2802,53.16,60.0,18.0,55.0,0.9,0.000581,0.0
2026-06-01 22:39:00,3,Maize,Clay,64.5954,0.7688,0.4046,13.8,75.0,30.0,65.0,1.0,0.000821,0.0
2026-06-01 22:40:00,1,Tomato,Loam,55.6471,0.681,4.3529,21.39,70.0,25.0,60.0,0.7,0.000646,0.0
2026-06-01 22:40:00,2,Wheat,Sandy,42.7198,0.5886,12.2802,53.16,60.0,18.0,55.0,0.9,0.000478,0.0
2026-06-01 22:40:00,3,Maize,Clay,64.5953,0.7688,0.4047,13.8,75.0,30.0,65.0,1.0,0.000674,0.0
2026-06-01 22:41:00,1,Tomato,Loam,55.6469,0.681,4.3531,21.39,70.0,25.0,60.0,0.7,0.000937,0.0
2026-06-01 22:41:00,2,Wheat,Sandy,42.7197,0.5886,12.2803,53.16,60.0,18.0,55.0,0.9,0.000693,0.0
2026-06-01 22:41:00,3,Maize,Clay,64.5952,0.7688,0.4048,13.8,75.0,30.0,65.0,1.0,0.000978,0.0
2026-06-01 22:42:00,1,Tomato,Loam,55.6468,0.681,4.3532,21.39,70.0,25.0,60.0,0.7,0.000647,0.0
2026-06-01 22:42:00,2,Wheat,Sandy,42.7196,0.5886,12.2804,53.16,60.0,18.0,55.0,0.9,0.000479,0.0
2026-06-01 22:42:00,3,Maize,Clay,64.5951,0.7688,0.4049,13.8,75.0,30.0,65.0,1.0,0.000676,0.0
2026-06-01 22:43:00,1,Tomato,Loam,55.6468,0.681,4.3532,21.39,70.0,25.0,60.0,0.7,0.000622,0.0
2026-06-01 22:43:00,2,Wheat,Sandy,42.7196,0.5886,12.2804,53.16,60.0,18.0,55.0,0.9,0.00046,0.0
2026-06-01 22:43:00,3,Maize,Clay,64.5951,0.7688,0.4049,13.8,75.0,30.0,65.0,1.0,0.000649,0.0
2026-06-01 22:44:00,1,Tomato,Loam,55.6467,0.681,4.3533,21.39,70.0,25.0,60.0,0.7,0.000572,0.0
2026-06-01 22:44:00,2,Wheat,Sandy,42.7195,0.5886,12.2805,53.16,60.0,18.0,55.0,0.9,0.000422,0.0
2026-06-01 22:44:00,3,Maize,Clay,64.595,0.7688,0.405,13.8,75.0,30.0,65.0,1.0,0.000596,0.0
2026-06-01 22:45:00,1,Tomato,Loam,55.6466,0.681,4.3534,21.39,70.0,25.0,60.0,0.7,0.000498,0.0
2026-06-01 22:45:00,2,Wheat,Sandy,42.7195,0.5886,12.2805,53.16,60.0,18.0,55.0,0.9,0.000368,0.0
2026-06-01 22:45:00,3,Maize,Clay,64.5949,0.7688,0.4051,13.8,75.0,30.0,65.0,1.0,0.00052,0.0
2026-06-01 22:46:00,1,Tomato,Loam,55.6465,0.681,4.3535,21.39,70.0,25.0,60.0,0.7,0.000815,0.0
2026-06-01 22:46:00,2,Wheat,Sandy,42.7194,0.5886,12.2806,53.16,60.0,18.0,55.0,0.9,0.000603,0.0
2026-06-01 22:46:00,3,Maize,Clay,64.5949,0.7688,0.4051,13.8,75.0,30.0,65.0,1.0,0.000851,0.0
2026-06-01 22:47:00,1,Tomato,Loam,55.6464,0.681,4.3536,21.39,70.0,25.0,60.0,0.7,0.000828,0.0
2026-06-01 22:47:00,2,Wheat,Sandy,42.7194,0.5886,12.2806,53.16,60.0,18.0,55.0,0.9,0.000612,0.0
2026-06-01 22:47:00,3,Maize,Clay,64.5948,0.7688,0.4052,13.8,75.0,30.0,65.0,1.0,0.000864,0.0
2026-06-01 22:48:00,1,Tomato,Loam,55.6463,0.681,4.3537,21.39,70.0,25.0,60.0,0.7,0.000765,0.0
2026-06-01 22:48:00,2,Wheat,Sandy,42.7193,0.5886,12.2807,53.16,60.0,18.0,55.0,0.9,0.000565,0.0
2026-06-01 22:48:00,3,Maize,Clay,64.5947,0.7688,0.4053,13.8,75.0,30.0,65.0,1.0,0.000798,0.0
2026-06-01 22:49:00,1,Tomato,Loam,55.6462,0.681,4.3538,21.39,70.0,25.0,60.0,0.7,0.000562,0.0
2026-06-01 22:49:00,2,Wheat,Sandy,42.7193,0.5886,12.2807,53.16,60.0,18.0,55.0,0.9,0.000416,0.0
2026-06-01 22:49:00,3,Maize,Clay,64.5946,0.7688,0.4054,13.8,75.0,30.0,65.0,1.0,0.000587,0.0
2026-06-01 22:50:00,1,Tomato,Loam,55.6461,0.681,4.3539,21.39,70.0,25.0,60.0,0.7,0.000821,0.0
2026-06-01 22:50:00,2,Wheat,Sandy,42.7192,0.5886,12.2808,53.16,60.0,18.0,55.0,0.9,0.000607,0.0
2026-06-01 22:50:00,3,Maize,Clay,64.5945,0.7688,0.4055,13.8,75.0,30.0,65.0,1.0,0.000857,0.0
2026-06-01 22:51:00,1,Tomato,Loam,55.646,0.681,4.354,21.39,70.0,25.0,60.0,0.7,0.000637,0.0
2026-06-01 22:51:00,2,Wheat,Sandy,42.7191,0.5886,12.2809,53.16,60.0,18.0,55.0,0.9,0.000471,0.0
2026-06-01 22:51:00,3,Maize,Clay,64.5945,0.7688,0.4055,13.8,75.0,30.0,65.0,1.0,0.000665,0.0
2026-06-01 22:52:00,1,Tomato,Loam,55.6459,0.681,4.3541,21.39,70.0,25.0,60.0,0.7,0.000619,0.0
2026-06-01 22:52:00,2,Wheat,Sandy,42.7191,0.5885,12.2809,53.16,60.0,18.0,55.0,0.9,0.000457,0.0
2026-06-01 22:52:00,3,Maize,Clay,64.5944,0.7688,0.4056,13.8,75.0,30.0,65.0,1.0,0.000646,0.0
2026-06-01 22:53:00,1,Tomato,Loam,55.6458,0.681,4.3542,21.39,70.0,25.0,60.0,0.7,0.000797,0.0
2026-06-01 22:53:00,2,Wheat,Sandy,42.719,0.5885,12.281,53.16,60.0,18.0,55.0,0.9,0.000589,0.0
2026-06-01 22:53:00,3,Maize,Clay,64.5943,0.7688,0.4057,13.8,75.0,30.0,65.0,1.0,0.000832,0.0
2026-06-01 22:54:00,1,Tomato,Loam,55.6457,0.681,4.3543,21.39,70.0,25.0,60.0,0.7,0.00072,0.0
2026-06-01 22:54:00,2,Wheat,Sandy,42.719,0.5885,12.281,53.16,60.0,18.0,55.0,0.9,0.000532,0.0
2026-06-01 22:54:00,3,Maize,Clay,64.5943,0.7688,0.4057,13.8,75.0,30.0,65.0,1.0,0.000751,0.0
2026-06-01 22:55:00,1,Tomato,Loam,55.6456,0.681,4.3544,21.39,70.0,25.0,60.0,0.7,0.000845,0.0
2026-06-01 22:55:00,2,Wheat,Sandy,42.7189,0.5885,12.2811,53.16,60.0,18.0,55.0,0.9,0.000625,0.0
2026-06-01 22:55:00,3,Maize,Clay,64.5942,0.7688,0.4058,13.8,75.0,30.0,65.0,1.0,0.000882,0.0
2026-06-01 22:56:00,1,Tomato,Loam,55.6455,0.681,4.3545,21.39,70.0,25.0,60.0,0.7,0.00069,0.0
2026-06-01 22:56:00,2,Wheat,Sandy,42.7188,0.5885,12.2812,53.16,60.0,18.0,55.0,0.9,0.00051,0.0
2026-06-01 22:56:00,3,Maize,Clay,64.5941,0.7688,0.4059,13.8,75.0,30.0,65.0,1.0,0.00072,0.0
2026-06-01 22:57:00,1,Tomato,Loam,55.6454,0.681,4.3546,21.39,70.0,25.0,60.0,0.7,0.000569,0.0
2026-06-01 22:57:00,2,Wheat,Sandy,42.7188,0.5885,12.2812,53.16,60.0,18.0,55.0,0.9,0.000421,0.0
2026-06-01 22:57:00,3,Maize,Clay,64.594,0.7688,0.406,13.8,75.0,30.0,65.0,1.0,0.000594,0.0
2026-06-01 22:58:00,1,Tomato,Loam,55.6453,0.681,4.3547,21.39,70.0,25.0,60.0,0.7,0.000542,0.0
2026-06-01 22:58:00,2,Wheat,Sandy,42.7187,0.5885,12.2813,53.16,60.0,18.0,55.0,0.9,0.0004,0.0
2026-06-01 22:58:00,3,Maize,Clay,64.594,0.7688,0.406,13.8,75.0,30.0,65.0,1.0,0.000565,0.0
2026-06-01 22:59:00,1,Tomato,Loam,55.6452,0.681,4.3548,21.39,70.0,25.0,60.0,0.7,0.000445,0.0
2026-06-01 22:59:00,2,Wheat,Sandy,42.7187,0.5885,12.2813,53.16,60.0,18.0,55.0,0.9,0.000329,0.0
2026-06-01 22:59:00,3,Maize,Clay,64.5939,0.7688,0.4061,13.8,75.0,30.0,65.0,1.0,0.000464,0.0
2026-06-01 23:00:00,1,Tomato,Loam,55.6452,0.681,4.3548,21.39,70.0,25.0,60.0,0.7,0.000598,0.0
2026-06-01 23:00:00,2,Wheat,Sandy,42.7187,0.5885,12.2813,53.16,60.0,18.0,55.0,0.9,0.000442,0.0
2026-06-01 23:00:00,3,Maize,Clay,64.5939,0.7688,0.4061,13.8,75.0,30.0,65.0,1.0,0.000624,0.0
2026-06-01 23:01:00,1,Tomato,Loam,55.6451,0.681,4.3549,21.39,70.0,25.0,60.0,0.7,0.000655,0.0
2026-06-01 23:01:00,2,Wheat,Sandy,42.7186,0.5885,12.2814,53.16,60.0,18.0,55.0,0.9,0.000484,0.0
2026-06-01 23:01:00,3,Maize,Clay,64.5938,0.7688,0.4062,13.8,75.0,30.0,65.0,1.0,0.000684,0.0
2026-06-01 23:02:00,1,Tomato,Loam,55.645,0.681,4.355,21.39,70.0,25.0,60.0,0.7,0.000667,0.0
2026-06-01 23:02:00,2,Wheat,Sandy,42.7186,0.5885,12.2814,53.16,60.0,18.0,55.0,0.9,0.000493,0.0
2026-06-01 23:02:00,3,Maize,Clay,64.5937,0.7687,0.4063,13.79,75.0,30.0,65.0,1.0,0.000696,0.0
2026-06-01 23:03:00,1,Tomato,Loam,55.6449,0.681,4.3551,21.39,70.0,25.0,60.0,0.7,0.000584,0.0
2026-06-01 23:03:00,2,Wheat,Sandy,42.7185,0.5885,12.2815,53.16,60.0,18.0,55.0,0.9,0.000432,0.0
2026-06-01 23:03:00,3,Maize,Clay,64.5937,0.7687,0.4063,13.79,75.0,30.0,65.0,1.0,0.00061,0.0
2026-06-01 23:04:00,1,Tomato,Loam,55.6448,0.681,4.3552,21.39,70.0,25.0,60.0,0.7,0.000476,0.0
2026-06-01 23:04:00,2,Wheat,Sandy,42.7185,0.5885,12.2815,53.16,60.0,18.0,55.0,0.9,0.000352,0.0
2026-06-01 23:04:00,3,Maize,Clay,64.5936,0.7687,0.4064,13.79,75.0,30.0,65.0,1.0,0.000497,0.0
2026-06-01 23:05:00,1,Tomato,Loam,55.6447,0.681,4.3553,21.39,70.0,25.0,60.0,0.7,0.000622,0.0
2026-06-01 23:05:00,2,Wheat,Sandy,42.7184,0.5885,12.2816,53.16,60.0,18.0,55.0,0.9,0.00046,0.0
2026-06-01 23:05:00,3,Maize,Clay,64.5935,0.7687,0.4065,13.79,75.0,30.0,65.0,1.0,0.000649,0.0
2026-06-01 23:06:00,1,Tomato,Loam,55.6446,0.681,4.3554,21.39,70.0,25.0,60.0,0.7,0.000718,0.0
2026-06-01 23:06:00,2,Wheat,Sandy,42.7184,0.5885,12.2816,53.16,60.0,18.0,55.0,0.9,0.00053,0.0
2026-06-01 23:06:00,3,Maize,Clay,64.5935,0.7687,0.4065,13.79,75.0,30.0,65.0,1.0,0.000749,0.0
2026-06-01 23:07:00,1,Tomato,Loam,55.6445,0.681,4.3555,21.39,70.0,25.0,60.0,0.7,0.0006,0.0
2026-06-01 23:07:00,2,Wheat,Sandy,42.7183,0.5885,12.2817,53.16,60.0,18.0,55.0,0.9,0.000444,0.0
2026-06-01 23:07:00,3,Maize,Clay,64.5934,0.7687,0.4066,13.79,75.0,30.0,65.0,1.0,0.000626,0.0
2026-06-01 23:08:00,1,Tomato,Loam,55.6444,0.681,4.3556,21.39,70.0,25.0,60.0,0.7,0.000581,0.0
2026-06-01 23:08:00,2,Wheat,Sandy,42.7183,0.5885,12.2817,53.16,60.0,18.0,55.0,0.9,0.000429,0.0
2026-06-01 23:08:00,3,Maize,Clay,64.5934,0.7687,0.4066,13.79,75.0,30.0,65.0,1.0,0.000606,0.0
2026-06-01 23:09:00,1,Tomato,Loam,55.6444,0.681,4.3556,21.39,70.0,25.0,60.0,0.7,0.000481,0.0
2026-06-01 23:09:00,2,Wheat,Sandy,42.7182,0.5885,12.2818,53.16,60.0,18.0,55.0,0.9,0.000355,0.0
2026-06-01 23:09:00,3,Maize,Clay,64.5933,0.7687,0.4067,13.79,75.0,30.0,65.0,1.0,0.000502,0.0
2026-06-01 23:10:00,1,Tomato,Loam,55.6443,0.681,4.3557,21.39,70.0,25.0,60.0,0.7,0.000661,0.0
2026-06-01 23:10:00,2,Wheat,Sandy,42.7182,0.5885,12.2818,53.16,60.0,18.0,55.0,0.9,0.000489,0.0
2026-06-01 23:10:00,3,Maize,Clay,64.5932,0.7687,0.4068,13.79,75.0,30.0,65.0,1.0,0.00069,0.0
2026-06-01 23:11:00,1,Tomato,Loam,55.6442,0.681,4.3558,21.39,70.0,25.0,60.0,0.7,0.00026,0.0
2026-06-01 23:11:00,2,Wheat,Sandy,42.7181,0.5885,12.2819,53.17,60.0,18.0,55.0,0.9,0.000192,0.0
2026-06-01 23:11:00,3,Maize,Clay,64.5932,0.7687,0.4068,13.79,75.0,30.0,65.0,1.0,0.000271,0.0
2026-06-01 23:12:00,1,Tomato,Loam,55.6441,0.681,4.3559,21.39,70.0,25.0,60.0,0.7,0.000581,0.0
2026-06-01 23:12:00,2,Wheat,Sandy,42.7181,0.5885,12.2819,53.17,60.0,18.0,55.0,0.9,0.000429,0.0
2026-06-01 23:12:00,3,Maize,Clay,64.5931,0.7687,0.4069,13.79,75.0,30.0,65.0,1.0,0.000606,0.0
2026-06-01 23:13:00,1,Tomato,Loam,55.644,0.681,4.356,21.39,70.0,25.0,60.0,0.7,0.000767,0.0
2026-06-01 23:13:00,2,Wheat,Sandy,42.718,0.5885,12.282,53.17,60.0,18.0,55.0,0.9,0.000567,0.0
2026-06-01 23:13:00,3,Maize,Clay,64.5931,0.7687,0.4069,13.79,75.0,30.0,65.0,1.0,0.0008,0.0
2026-06-01 23:14:00,1,Tomato,Loam,55.644,0.681,4.356,21.39,70.0,25.0,60.0,0.7,0.000368,0.0
2026-06-01 23:14:00,2,Wheat,Sandy,42.718,0.5885,12.282,53.17,60.0,18.0,55.0,0.9,0.000272,0.0
2026-06-01 23:14:00,3,Maize,Clay,64.593,0.7687,0.407,13.79,75.0,30.0,65.0,1.0,0.000384,0.0
2026-06-01 23:15:00,1,Tomato,Loam,55.6439,0.681,4.3561,21.39,70.0,25.0,60.0,0.7,0.000553,0.0
2026-06-01 23:15:00,2,Wheat,Sandy,42.718,0.5885,12.282,53.17,60.0,18.0,55.0,0.9,0.000409,0.0
2026-06-01 23:15:00,3,Maize,Clay,64.593,0.7687,0.407,13.79,75.0,30.0,65.0,1.0,0.000577,0.0
2026-06-01 23:16:00,1,Tomato,Loam,55.6438,0.681,4.3562,21.39,70.0,25.0,60.0,0.7,0.000536,0.0
2026-06-01 23:16:00,2,Wheat,Sandy,42.7179,0.5885,12.2821,53.17,60.0,18.0,55.0,0.9,0.000396,0.0
2026-06-01 23:16:00,3,Maize,Clay,64.5929,0.7687,0.4071,13.79,75.0,30.0,65.0,1.0,0.000559,0.0
2026-06-01 23:17:00,1,Tomato,Loam,55.6437,0.681,4.3563,21.39,70.0,25.0,60.0,0.7,0.000492,0.0
2026-06-01 23:17:00,2,Wheat,Sandy,42.7179,0.5885,12.2821,53.17,60.0,18.0,55.0,0.9,0.000364,0.0
2026-06-01 23:17:00,3,Maize,Clay,64.5929,0.7687,0.4071,13.79,75.0,30.0,65.0,1.0,0.000514,0.0
2026-06-01 23:18:00,1,Tomato,Loam,55.6437,0.681,4.3563,21.39,70.0,25.0,60.0,0.7,0.000643,0.0
2026-06-01 23:18:00,2,Wheat,Sandy,42.7178,0.5885,12.2822,53.17,60.0,18.0,55.0,0.9,0.000475,0.0
2026-06-01 23:18:00,3,Maize,Clay,64.5928,0.7687,0.4072,13.79,75.0,30.0,65.0,1.0,0.000671,0.0
2026-06-01 23:19:00,1,Tomato,Loam,55.6436,0.681,4.3564,21.39,70.0,25.0,60.0,0.7,0.000567,0.0
2026-06-01 23:19:00,2,Wheat,Sandy,42.7178,0.5885,12.2822,53.17,60.0,18.0,55.0,0.9,0.000419,0.0
2026-06-01 23:19:00,3,Maize,Clay,64.5927,0.7687,0.4073,13.79,75.0,30.0,65.0,1.0,0.000592,0.0
2026-06-01 23:20:00,1,Tomato,Loam,55.6435,0.681,4.3565,21.39,70.0,25.0,60.0,0.7,0.000531,0.0
2026-06-01 23:20:00,2,Wheat,Sandy,42.7177,0.5885,12.2823,53.17,60.0,18.0,55.0,0.9,0.000393,0.0
2026-06-01 23:20:00,3,Maize,Clay,64.5927,0.7687,0.4073,13.79,75.0,30.0,65.0,1.0,0.000554,0.0
2026-06-01 23:21:00,1,Tomato,Loam,55.6434,0.681,4.3566,21.39,70.0,25.0,60.0,0.7,0.00063,0.0
2026-06-01 23:21:00,2,Wheat,Sandy,42.7177,0.5885,12.2823,53.17,60.0,18.0,55.0,0.9,0.000466,0.0
2026-06-01 23:21:00,3,Maize,Clay,64.5926,0.7687,0.4074,13.79,75.0,30.0,65.0,1.0,0.000658,0.0
2026-06-01 23:22:00,1,Tomato,Loam,55.6433,0.681,4.3567,21.39,70.0,25.0,60.0,0.7,0.0005,0.0
2026-06-01 23:22:00,2,Wheat,Sandy,42.7176,0.5885,12.2824,53.17,60.0,18.0,55.0,0.9,0.00037,0.0
2026-06-01 23:22:00,3,Maize,Clay,64.5925,0.7687,0.4075,13.79,75.0,30.0,65.0,1.0,0.000522,0.0
2026-06-01 23:23:00,1,Tomato,Loam,55.6432,0.681,4.3568,21.39,70.0,25.0,60.0,0.7,0.000797,0.0
2026-06-01 23:23:00,2,Wheat,Sandy,42.7176,0.5885,12.2824,53.17,60.0,18.0,55.0,0.9,0.000589,0.0
2026-06-01 23:23:00,3,Maize,Clay,64.5925,0.7687,0.4075,13.79,75.0,30.0,65.0,1.0,0.000832,0.0
2026-06-01 23:24:00,1,Tomato,Loam,55.6432,0.681,4.3568,21.39,70.0,25.0,60.0,0.7,0.000516,0.0
2026-06-01 23:24:00,2,Wheat,Sandy,42.7175,0.5885,12.2825,53.17,60.0,18.0,55.0,0.9,0.000382,0.0
2026-06-01 23:24:00,3,Maize,Clay,64.5924,0.7687,0.4076,13.79,75.0,30.0,65.0,1.0,0.000539,0.0
2026-06-01 23:25:00,1,Tomato,Loam,55.6431,0.681,4.3569,21.39,70.0,25.0,60.0,0.7,0.000504,0.0
2026-06-01 23:25:00,2,Wheat,Sandy,42.7175,0.5885,12.2825,53.17,60.0,18.0,55.0,0.9,0.000372,0.0
2026-06-01 23:25:00,3,Maize,Clay,64.5924,0.7687,0.4076,13.79,75.0,30.0,65.0,1.0,0.000526,0.0
2026-06-01 23:26:00,1,Tomato,Loam,55.643,0.681,4.357,21.39,70.0,25.0,60.0,0.7,0.000339,0.0
2026-06-01 23:26:00,2,Wheat,Sandy,42.7174,0.5885,12.2826,53.17,60.0,18.0,55.0,0.9,0.000251,0.0
2026-06-01 23:26:00,3,Maize,Clay,64.5923,0.7687,0.4077,13.79,75.0,30.0,65.0,1.0,0.000354,0.0
2026-06-01 23:27:00,1,Tomato,Loam,55.643,0.681,4.357,21.39,70.0,25.0,60.0,0.7,0.000455,0.0
2026-06-01 23:27:00,2,Wheat,Sandy,42.7174,0.5885,12.2826,53.17,60.0,18.0,55.0,0.9,0.000337,0.0
2026-06-01 23:27:00,3,Maize,Clay,64.5923,0.7687,0.4077,13.79,75.0,30.0,65.0,1.0,0.000475,0.0
2026-06-01 23:28:00,1,Tomato,Loam,55.6429,0.681,4.3571,21.39,70.0,25.0,60.0,0.7,0.000595,0.0
2026-06-01 23:28:00,2,Wheat,Sandy,42.7174,0.5885,12.2826,53.17,60.0,18.0,55.0,0.9,0.000439,0.0
2026-06-01 23:28:00,3,Maize,Clay,64.5922,0.7687,0.4078,13.79,75.0,30.0,65.0,1.0,0.00062,0.0
2026-06-01 23:29:00,1,Tomato,Loam,55.6428,0.681,4.3572,21.39,70.0,25.0,60.0,0.7,0.000356,0.0
2026-06-01 23:29:00,2,Wheat,Sandy,42.7173,0.5885,12.2827,53.17,60.0,18.0,55.0,0.9,0.000264,0.0
2026-06-01 23:29:00,3,Maize,Clay,64.5922,0.7687,0.4078,13.79,75.0,30.0,65.0,1.0,0.000372,0.0
2026-06-01 23:30:00,1,Tomato,Loam,55.6428,0.681,4.3572,21.39,70.0,25.0,60.0,0.7,0.000269,0.0
2026-06-01 23:30:00,2,Wheat,Sandy,42.7173,0.5885,12.2827,53.17,60.0,18.0,55.0,0.9,0.000199,0.0
2026-06-01 23:30:00,3,Maize,Clay,64.5922,0.7687,0.4078,13.79,75.0,30.0,65.0,1.0,0.000281,0.0
2026-06-01 23:31:00,1,Tomato,Loam,55.6427,0.6809,4.3573,21.43,70.0,25.0,60.0,0.7,0.000531,0.0
2026-06-01 23:31:00,2,Wheat,Sandy,42.7173,0.5885,12.2827,53.17,60.0,18.0,55.0,0.9,0.000393,0.0
2026-06-01 23:31:00,3,Maize,Clay,64.5921,0.7687,0.4079,13.79,75.0,30.0,65.0,1.0,0.000554,0.0
2026-06-01 23:32:00,1,Tomato,Loam,55.6426,0.6809,4.3574,21.43,70.0,25.0,60.0,0.7,0.000586,0.0
2026-06-01 23:32:00,2,Wheat,Sandy,42.7172,0.5885,12.2828,53.17,60.0,18.0,55.0,0.9,0.000434,0.0
2026-06-01 23:32:00,3,Maize,Clay,64.592,0.7687,0.408,13.79,75.0,30.0,65.0,1.0,0.000612,0.0
2026-06-01 23:33:00,1,Tomato,Loam,55.6426,0.6809,4.3574,21.43,70.0,25.0,60.0,0.7,0.00047,0.0
2026-06-01 23:33:00,2,Wheat,Sandy,42.7172,0.5885,12.2828,53.17,60.0,18.0,55.0,0.9,0.000348,0.0
2026-06-01 23:33:00,3,Maize,Clay,64.592,0.7687,0.408,13.79,75.0,30.0,65.0,1.0,0.000491,0.0
2026-06-01 23:34:00,1,Tomato,Loam,55.6425,0.6809,4.3575,21.43,70.0,25.0,60.0,0.7,0.000448,0.0
2026-06-01 23:34:00,2,Wheat,Sandy,42.7171,0.5885,12.2829,53.17,60.0,18.0,55.0,0.9,0.000332,0.0
2026-06-01 23:34:00,3,Maize,Clay,64.5919,0.7687,0.4081,13.79,75.0,30.0,65.0,1.0,0.000468,0.0
2026-06-01 23:35:00,1,Tomato,Loam,55.6425,0.6809,4.3575,21.43,70.0,25.0,60.0,0.7,0.000269,0.0
2026-06-01 23:35:00,2,Wheat,Sandy,42.7171,0.5885,12.2829,53.17,60.0,18.0,55.0,0.9,0.000199,0.0
2026-06-01 23:35:00,3,Maize,Clay,64.5919,0.7687,0.4081,13.79,75.0,30.0,65.0,1.0,0.000281,0.0
2026-06-01 23:36:00,1,Tomato,Loam,55.6424,0.6809,4.3576,21.43,70.0,25.0,60.0,0.7,0.00053,0.0
2026-06-01 23:36:00,2,Wheat,Sandy,42.7171,0.5885,12.2829,53.17,60.0,18.0,55.0,0.9,0.000392,0.0
2026-06-01 23:36:00,3,Maize,Clay,64.5918,0.7687,0.4082,13.79,75.0,30.0,65.0,1.0,0.000553,0.0
2026-06-01 23:37:00,1,Tomato,Loam,55.6423,0.6809,4.3577,21.43,70.0,25.0,60.0,0.7,0.000534,0.0
2026-06-01 23:37:00,2,Wheat,Sandy,42.717,0.5885,12.283,53.17,60.0,18.0,55.0,0.9,0.000394,0.0
2026-06-01 23:37:00,3,Maize,Clay,64.5918,0.7687,0.4082,13.79,75.0,30.0,65.0,1.0,0.000557,0.0
2026-06-01 23:38:00,1,Tomato,Loam,55.6423,0.6809,4.3577,21.43,70.0,25.0,60.0,0.7,0.000271,0.0
2026-06-01 23:38:00,2,Wheat,Sandy,42.717,0.5885,12.283,53.17,60.0,18.0,55.0,0.9,0.000201,0.0
2026-06-01 23:38:00,3,Maize,Clay,64.5918,0.7687,0.4082,13.79,75.0,30.0,65.0,1.0,0.000283,0.0
2026-06-01 23:39:00,1,Tomato,Loam,55.6422,0.6809,4.3578,21.43,70.0,25.0,60.0,0.7,0.000545,0.0
2026-06-01 23:39:00,2,Wheat,Sandy,42.717,0.5885,12.283,53.17,60.0,18.0,55.0,0.9,0.000403,0.0
2026-06-01 23:39:00,3,Maize,Clay,64.5917,0.7687,0.4083,13.79,75.0,30.0,65.0,1.0,0.000569,0.0
2026-06-01 23:40:00,1,Tomato,Loam,55.6421,0.6809,4.3579,21.43,70.0,25.0,60.0,0.7,0.000512,0.0
2026-06-01 23:40:00,2,Wheat,Sandy,42.7169,0.5885,12.2831,53.17,60.0,18.0,55.0,0.9,0.000378,0.0
2026-06-01 23:40:00,3,Maize,Clay,64.5916,0.7687,0.4084,13.79,75.0,30.0,65.0,1.0,0.000534,0.0
2026-06-01 23:41:00,1,Tomato,Loam,55.6421,0.6809,4.3579,21.43,70.0,25.0,60.0,0.7,0.000514,0.0
2026-06-01 23:41:00,2,Wheat,Sandy,42.7169,0.5885,12.2831,53.17,60.0,18.0,55.0,0.9,0.00038,0.0
2026-06-01 23:41:00,3,Maize,Clay,64.5916,0.7687,0.4084,13.79,75.0,30.0,65.0,1.0,0.000536,0.0
2026-06-01 23:42:00,1,Tomato,Loam,55.642,0.6809,4.358,21.43,70.0,25.0,60.0,0.7,0.000497,0.0
2026-06-01 23:42:00,2,Wheat,Sandy,42.7168,0.5885,12.2832,53.17,60.0,18.0,55.0,0.9,0.000367,0.0
2026-06-01 23:42:00,3,Maize,Clay,64.5915,0.7687,0.4085,13.79,75.0,30.0,65.0,1.0,0.000518,0.0
2026-06-01 23:43:00,1,Tomato,Loam,55.6419,0.6809,4.3581,21.43,70.0,25.0,60.0,0.7,0.000515,0.0
2026-06-01 23:43:00,2,Wheat,Sandy,42.7168,0.5885,12.2832,53.17,60.0,18.0,55.0,0.9,0.000381,0.0
2026-06-01 23:43:00,3,Maize,Clay,64.5915,0.7687,0.4085,13.79,75.0,30.0,65.0,1.0,0.000538,0.0
2026-06-01 23:44:00,1,Tomato,Loam,55.6418,0.6809,4.3582,21.43,70.0,25.0,60.0,0.7,0.000471,0.0
2026-06-01 23:44:00,2,Wheat,Sandy,42.7168,0.5885,12.2832,53.17,60.0,18.0,55.0,0.9,0.000348,0.0
2026-06-01 23:44:00,3,Maize,Clay,64.5914,0.7687,0.4086,13.79,75.0,30.0,65.0,1.0,0.000492,0.0
2026-06-01 23:45:00,1,Tomato,Loam,55.6418,0.6809,4.3582,21.43,70.0,25.0,60.0,0.7,0.000483,0.0
2026-06-01 23:45:00,2,Wheat,Sandy,42.7167,0.5885,12.2833,53.17,60.0,18.0,55.0,0.9,0.000357,0.0
2026-06-01 23:45:00,3,Maize,Clay,64.5914,0.7687,0.4086,13.79,75.0,30.0,65.0,1.0,0.000504,0.0
2026-06-01 23:46:00,1,Tomato,Loam,55.6417,0.6809,4.3583,21.43,70.0,25.0,60.0,0.7,0.000258,0.0
2026-06-01 23:46:00,2,Wheat,Sandy,42.7167,0.5885,12.2833,53.17,60.0,18.0,55.0,0.9,0.00019,0.0
2026-06-01 23:46:00,3,Maize,Clay,64.5914,0.7687,0.4086,13.79,75.0,30.0,65.0,1.0,0.000269,0.0
2026-06-01 23:47:00,1,Tomato,Loam,55.6417,0.6809,4.3583,21.43,70.0,25.0,60.0,0.7,0.000263,0.0
2026-06-01 23:47:00,2,Wheat,Sandy,42.7167,0.5885,12.2833,53.17,60.0,18.0,55.0,0.9,0.000195,0.0
2026-06-01 23:47:00,3,Maize,Clay,64.5913,0.7687,0.4087,13.79,75.0,30.0,65.0,1.0,0.000275,0.0
2026-06-01 23:48:00,1,Tomato,Loam,55.6416,0.6809,4.3584,21.43,70.0,25.0,60.0,0.7,0.000347,0.0
2026-06-01 23:48:00,2,Wheat,Sandy,42.7166,0.5885,12.2834,53.17,60.0,18.0,55.0,0.9,0.000257,0.0
2026-06-01 23:48:00,3,Maize,Clay,64.5913,0.7687,0.4087,13.79,75.0,30.0,65.0,1.0,0.000362,0.0
2026-06-01 23:49:00,1,Tomato,Loam,55.6416,0.6809,4.3584,21.43,70.0,25.0,60.0,0.7,0.000436,0.0
2026-06-01 23:49:00,2,Wheat,Sandy,42.7166,0.5885,12.2834,53.17,60.0,18.0,55.0,0.9,0.000322,0.0
2026-06-01 23:49:00,3,Maize,Clay,64.5912,0.7687,0.4088,13.79,75.0,30.0,65.0,1.0,0.000455,0.0
2026-06-01 23:50:00,1,Tomato,Loam,55.6415,0.6809,4.3585,21.43,70.0,25.0,60.0,0.7,0.000425,0.0
2026-06-01 23:50:00,2,Wheat,Sandy,42.7166,0.5885,12.2834,53.17,60.0,18.0,55.0,0.9,0.000314,0.0
2026-06-01 23:50:00,3,Maize,Clay,64.5912,0.7687,0.4088,13.79,75.0,30.0,65.0,1.0,0.000444,0.0
2026-06-01 23:51:00,1,Tomato,Loam,55.6415,0.6809,4.3585,21.43,70.0,25.0,60.0,0.7,0.000409,0.0
2026-06-01 23:51:00,2,Wheat,Sandy,42.7165,0.5885,12.2835,53.17,60.0,18.0,55.0,0.9,0.000303,0.0
2026-06-01 23:51:00,3,Maize,Clay,64.5912,0.7687,0.4088,13.79,75.0,30.0,65.0,1.0,0.000427,0.0
2026-06-01 23:52:00,1,Tomato,Loam,55.6414,0.6809,4.3586,21.43,70.0,25.0,60.0,0.7,0.000474,0.0
2026-06-01 23:52:00,2,Wheat,Sandy,42.7165,0.5885,12.2835,53.17,60.0,18.0,55.0,0.9,0.00035,0.0
2026-06-01 23:52:00,3,Maize,Clay,64.5911,0.7687,0.4089,13.79,75.0,30.0,65.0,1.0,0.000494,0.0
2026-06-01 23:53:00,1,Tomato,Loam,55.6413,0.6809,4.3587,21.43,70.0,25.0,60.0,0.7,0.000457,0.0
2026-06-01 23:53:00,2,Wheat,Sandy,42.7165,0.5885,12.2835,53.17,60.0,18.0,55.0,0.9,0.000337,0.0
2026-06-01 23:53:00,3,Maize,Clay,64.5911,0.7687,0.4089,13.79,75.0,30.0,65.0,1.0,0.000476,0.0
2026-06-01 23:54:00,1,Tomato,Loam,55.6413,0.6809,4.3587,21.43,70.0,25.0,60.0,0.7,0.000313,0.0
2026-06-01 23:54:00,2,Wheat,Sandy,42.7164,0.5885,12.2836,53.17,60.0,18.0,55.0,0.9,0.000231,0.0
2026-06-01 23:54:00,3,Maize,Clay,64.591,0.7687,0.409,13.79,75.0,30.0,65.0,1.0,0.000326,0.0
2026-06-01 23:55:00,1,Tomato,Loam,55.6412,0.6809,4.3588,21.43,70.0,25.0,60.0,0.7,0.000402,0.0
2026-06-01 23:55:00,2,Wheat,Sandy,42.7164,0.5885,12.2836,53.17,60.0,18.0,55.0,0.9,0.000297,0.0
2026-06-01 23:55:00,3,Maize,Clay,64.591,0.7687,0.409,13.79,75.0,30.0,65.0,1.0,0.00042,0.0
2026-06-01 23:56:00,1,Tomato,Loam,55.6412,0.6809,4.3588,21.43,70.0,25.0,60.0,0.7,0.000292,0.0
2026-06-01 23:56:00,2,Wheat,Sandy,42.7164,0.5885,12.2836,53.17,60.0,18.0,55.0,0.9,0.000216,0.0
2026-06-01 23:56:00,3,Maize,Clay,64.591,0.7687,0.409,13.79,75.0,30.0,65.0,1.0,0.000305,0.0
2026-06-01 23:57:00,1,Tomato,Loam,55.6411,0.6809,4.3589,21.43,70.0,25.0,60.0,0.7,0.000329,0.0
2026-06-01 23:57:00,2,Wheat,Sandy,42.7164,0.5885,12.2836,53.17,60.0,18.0,55.0,0.9,0.000243,0.0
2026-06-01 23:57:00,3,Maize,Clay,64.5909,0.7687,0.4091,13.79,75.0,30.0,65.0,1.0,0.000343,0.0
2026-06-01 23:58:00,1,Tomato,Loam,55.6411,0.6809,4.3589,21.43,70.0,25.0,60.0,0.7,0.000394,0.0
2026-06-01 23:58:00,2,Wheat,Sandy,42.7163,0.5885,12.2837,53.17,60.0,18.0,55.0,0.9,0.000292,0.0
2026-06-01 23:58:00,3,Maize,Clay,64.5909,0.7687,0.4091,13.79,75.0,30.0,65.0,1.0,0.000412,0.0
2026-06-01 23:59:00,1,Tomato,Loam,55.6411,0.6809,4.3589,21.43,70.0,25.0,60.0,0.7,4.8e-05,0.0
2026-06-01 23:59:00,2,Wheat,Sandy,42.7163,0.5885,12.2837,53.17,60.0,18.0,55.0,0.9,3.6e-05,0.0
2026-06-01 23:59:00,3,Maize,Clay,64.5909,0.7687,0.4091,13.79,75.0,30.0,65.0,1.0,5e-05,0.0
