timestamp,scenario,temperature,humidity,solar_radiation,wind_speed,rainfall,weather_stress
2026-06-01 00:00:00,Normal,22.84,72.7,0.0,1.46,0.0,15.74
2026-06-01 00:01:00,Normal,22.61,73.71,0.0,1.62,0.0,15.87
2026-06-01 00:02:00,Normal,22.84,72.97,0.0,1.3,0.0,15.74
2026-06-01 00:03:00,Normal,22.84,73.21,0.0,1.62,0.0,15.74
2026-06-01 00:04:00,Normal,22.37,73.82,0.0,1.41,0.0,16.01
2026-06-01 00:05:00,Normal,22.44,73.82,0.0,1.5,0.0,15.97
2026-06-01 00:06:00,Normal,22.62,73.44,0.0,1.8,0.0,15.87
2026-06-01 00:07:00,Normal,22.52,73.5,0.0,1.68,0.0,15.93
2026-06-01 00:08:00,Normal,22.53,73.14,0.0,1.7,0.0,15.92
2026-06-01 00:09:00,Normal,22.38,73.61,0.0,1.23,0.0,16.01
2026-06-01 00:10:00,Normal,22.6,72.69,0.0,1.95,0.0,15.88
2026-06-01 00:11:00,Normal,22.56,73.57,0.0,1.34,0.0,15.9
2026-06-01 00:12:00,Normal,22.42,73.64,0.0,1.88,0.0,15.98
2026-06-01 00:13:00,Normal,22.54,72.95,0.0,1.78,0.0,15.91
2026-06-01 00:14:00,Normal,22.41,73.31,0.0,1.69,0.0,15.99
2026-06-01 00:15:00,Normal,22.18,73.63,0.0,1.4,0.0,15.98
2026-06-01 00:16:00,Normal,22.33,74.52,0.0,1.6,0.0,16.04
2026-06-01 00:17:00,Normal,22.1,74.62,0.0,1.48,0.0,15.92
2026-06-01 00:18:00,Normal,22.35,73.38,0.0,1.57,0.0,16.03
2026-06-01 00:19:00,Normal,22.18,74.85,0.0,1.52,0.0,15.98
2026-06-01 00:20:00,Normal,22.12,74.18,0.0,1.16,0.0,15.93
2026-06-01 00:21:00,Normal,22.02,73.96,0.0,1.79,0.0,15.86
2026-06-01 00:22:00,Normal,22.27,74.71,0.0,1.54,0.0,16.05
2026-06-01 00:23:00,Normal,22.03,74.44,0.0,1.46,0.0,15.86
2026-06-01 00:24:00,Normal,21.96,74.72,0.0,1.45,0.0,15.81
2026-06-01 00:25:00,Normal,21.94,75.04,0.0,1.63,0.0,15.8
2026-06-01 00:26:00,Normal,22.04,75.42,0.0,1.38,0.0,15.87
2026-06-01 00:27:00,Normal,21.99,74.91,0.0,1.1,0.0,15.83
2026-06-01 00:28:00,Normal,21.96,74.24,0.0,1.63,0.0,15.81
2026-06-01 00:29:00,Normal,21.93,75.37,0.0,1.65,0.0,15.79
2026-06-01 00:30:00,Normal,22.16,74.12,0.0,1.51,0.0,15.97
2026-06-01 00:31:00,Normal,21.75,76.7,0.0,1.32,0.0,15.65
2026-06-01 00:32:00,Normal,21.7,75.69,0.0,1.56,0.0,15.61
2026-06-01 00:33:00,Normal,21.62,74.56,0.0,1.25,0.0,15.55
2026-06-01 00:34:00,Normal,21.81,75.61,0.0,1.34,0.0,15.7
2026-06-01 00:35:00,Normal,21.85,76.43,0.0,1.39,0.0,15.73
2026-06-01 00:36:00,Normal,21.64,76.81,0.0,1.71,0.0,15.57
2026-06-01 00:37:00,Normal,21.5,77.35,0.0,1.47,0.0,15.46
2026-06-01 00:38:00,Normal,21.47,75.72,0.0,1.45,0.0,15.44
2026-06-01 00:39:00,Normal,21.66,76.35,0.0,1.93,0.0,15.58
2026-06-01 00:40:00,Normal,21.64,75.42,0.0,1.6,0.0,15.57
2026-06-01 00:41:00,Normal,21.58,76.15,0.0,1.6,0.0,15.52
2026-06-01 00:42:00,Normal,21.37,75.84,0.0,1.46,0.0,15.36
2026-06-01 00:43:00,Normal,21.48,75.93,0.0,1.41,0.0,15.45
2026-06-01 00:44:00,Normal,21.43,76.04,0.0,1.09,0.0,15.41
2026-06-01 00:45:00,Normal,21.41,77.03,0.0,1.72,0.0,15.39
2026-06-01 00:46:00,Normal,21.48,76.78,0.0,1.62,0.0,15.45
2026-06-01 00:47:00,Normal,21.35,76.82,0.0,1.49,0.0,15.35
2026-06-01 00:48:00,Normal,21.39,75.73,0.0,1.5,0.0,15.38
2026-06-01 00:49:00,Normal,21.27,76.69,0.0,1.67,0.0,15.29
2026-06-01 00:50:00,Normal,21.27,76.42,0.0,1.21,0.0,15.29
2026-06-01 00:51:00,Normal,21.3,77.33,0.0,1.4,0.0,15.31
2026-06-01 00:52:00,Normal,20.95,78.47,0.0,1.29,0.0,15.05
2026-06-01 00:53:00,Normal,21.1,78.0,0.0,1.87,0.0,15.16
2026-06-01 00:54:00,Normal,21.04,77.06,0.0,1.69,0.0,15.12
2026-06-01 00:55:00,Normal,20.99,76.02,0.0,1.08,0.0,15.08
2026-06-01 00:56:00,Normal,21.01,76.53,0.0,1.21,0.0,15.1
2026-06-01 00:57:00,Normal,21.25,77.79,0.0,1.49,0.0,15.27
2026-06-01 00:58:00,Normal,20.87,77.76,0.0,1.42,0.0,14.99
2026-06-01 00:59:00,Normal,21.11,76.87,0.0,1.25,0.0,15.17
2026-06-01 01:00:00,Normal,20.69,79.49,0.0,1.9,0.0,14.87
2026-06-01 01:01:00,Normal,20.86,78.78,0.0,1.57,0.0,14.99
2026-06-01 01:02:00,Normal,20.91,77.91,0.0,1.6,0.0,15.02
2026-06-01 01:03:00,Normal,20.94,77.62,0.0,1.37,0.0,15.04
2026-06-01 01:04:00,Normal,20.93,77.74,0.0,1.65,0.0,15.04
2026-06-01 01:05:00,Normal,20.92,78.0,0.0,1.43,0.0,15.03
2026-06-01 01:06:00,Normal,20.72,79.38,0.0,1.45,0.0,14.88
2026-06-01 01:07:00,Normal,20.67,78.8,0.0,1.63,0.0,14.85
2026-06-01 01:08:00,Normal,20.84,78.51,0.0,1.18,0.0,14.97
2026-06-01 01:09:00,Normal,20.66,79.29,0.0,1.82,0.0,14.84
2026-06-01 01:10:00,Normal,20.47,78.42,0.0,1.54,0.0,14.71
2026-06-01 01:11:00,Normal,20.46,79.59,0.0,1.76,0.0,14.91
2026-06-01 01:12:00,Normal,20.46,78.95,0.0,1.28,0.0,14.7
2026-06-01 01:13:00,Normal,20.65,77.1,0.0,1.31,0.0,14.83
2026-06-01 01:14:00,Normal,20.57,77.56,0.0,1.27,0.0,14.78
2026-06-01 01:15:00,Normal,20.62,78.07,0.0,1.55,0.0,14.81
2026-06-01 01:16:00,Normal,20.43,79.54,0.0,1.51,0.0,14.68
2026-06-01 01:17:00,Normal,20.49,79.12,0.0,1.4,0.0,14.72
2026-06-01 01:18:00,Normal,20.53,79.05,0.0,1.29,0.0,14.75
2026-06-01 01:19:00,Normal,20.36,80.57,0.0,1.24,0.0,14.63
2026-06-01 01:20:00,Normal,20.45,78.39,0.0,1.48,0.0,14.69
2026-06-01 01:21:00,Normal,20.26,79.68,0.0,1.4,0.0,14.56
2026-06-01 01:22:00,Normal,20.28,79.83,0.0,1.36,0.0,14.57
2026-06-01 01:23:00,Normal,20.25,79.29,0.0,1.8,0.0,14.78
2026-06-01 01:24:00,Normal,20.1,80.16,0.0,1.47,0.0,14.45
2026-06-01 01:25:00,Normal,20.32,78.55,0.0,1.74,0.0,14.6
2026-06-01 01:26:00,Normal,20.15,80.83,0.0,1.38,0.0,14.48
2026-06-01 01:27:00,Normal,20.2,79.45,0.0,1.54,0.0,14.52
2026-06-01 01:28:00,Normal,20.24,80.95,0.0,1.48,0.0,14.54
2026-06-01 01:29:00,Normal,20.21,79.8,0.0,1.15,0.0,14.52
2026-06-01 01:30:00,Normal,20.22,80.42,0.0,1.77,0.0,15.15
2026-06-01 01:31:00,Normal,20.08,80.16,0.0,1.46,0.0,14.43
2026-06-01 01:32:00,Normal,20.01,80.38,0.0,1.64,0.0,14.77
2026-06-01 01:33:00,Normal,20.03,79.97,0.0,1.34,0.0,14.4
2026-06-01 01:34:00,Normal,19.77,81.14,0.0,1.45,0.0,14.24
2026-06-01 01:35:00,Normal,19.78,81.22,0.0,1.31,0.0,14.23
2026-06-01 01:36:00,Normal,19.77,80.58,0.0,1.73,0.0,15.03
2026-06-01 01:37:00,Normal,19.79,80.91,0.0,1.55,0.0,14.52
2026-06-01 01:38:00,Normal,19.98,80.11,0.0,1.56,0.0,14.54
2026-06-01 01:39:00,Normal,19.76,82.47,0.0,1.76,0.0,15.1
2026-06-01 01:40:00,Normal,19.81,80.88,0.0,1.71,0.0,14.97
2026-06-01 01:41:00,Normal,20.04,81.23,0.0,1.64,0.0,14.77
2026-06-01 01:42:00,Normal,19.77,80.95,0.0,1.2,0.0,14.22
2026-06-01 01:43:00,Normal,19.91,80.83,0.0,1.34,0.0,14.32
2026-06-01 01:44:00,Normal,19.63,80.65,0.0,1.28,0.0,14.13
2026-06-01 01:45:00,Normal,19.72,80.93,0.0,1.63,0.0,14.74
2026-06-01 01:46:00,Normal,19.58,81.71,0.0,1.52,0.0,14.43
2026-06-01 01:47:00,Normal,19.65,82.34,0.0,1.2,0.0,14.14
2026-06-01 01:48:00,Normal,19.8,81.1,0.0,1.44,0.0,14.24
2026-06-01 01:49:00,Normal,19.39,82.93,0.0,1.18,0.0,13.97
2026-06-01 01:50:00,Normal,19.69,81.65,0.0,1.47,0.0,14.29
2026-06-01 01:51:00,Normal,19.64,82.39,0.0,1.15,0.0,14.13
2026-06-01 01:52:00,Normal,19.49,81.79,0.0,1.59,0.0,14.63
2026-06-01 01:53:00,Normal,19.34,83.68,0.0,1.56,0.0,14.54
2026-06-01 01:54:00,Normal,19.54,81.39,0.0,1.86,0.0,15.41
2026-06-01 01:55:00,Normal,19.43,81.53,0.0,1.65,0.0,14.8
2026-06-01 01:56:00,Normal,19.52,81.01,0.0,1.4,0.0,14.11
2026-06-01 01:57:00,Normal,19.47,83.29,0.0,1.64,0.0,14.77
2026-06-01 01:58:00,Normal,19.68,81.78,0.0,1.2,0.0,14.16
2026-06-01 01:59:00,Normal,19.38,81.92,0.0,1.29,0.0,13.96
2026-06-01 02:00:00,Normal,19.24,83.26,0.0,1.55,0.0,14.52
2026-06-01 02:01:00,Normal,19.4,82.48,0.0,1.05,0.0,13.97
2026-06-01 02:02:00,Normal,19.39,83.3,0.0,1.47,0.0,14.29
2026-06-01 02:03:00,Normal,19.54,80.77,0.0,1.28,0.0,14.07
2026-06-01 02:04:00,Normal,19.43,81.82,0.0,1.5,0.0,14.38
2026-06-01 02:05:00,Normal,19.34,81.96,0.0,1.26,0.0,13.93
2026-06-01 02:06:00,Normal,19.49,80.66,0.0,1.57,0.0,14.57
2026-06-01 02:07:00,Normal,19.07,83.64,0.0,1.48,0.0,14.32
2026-06-01 02:08:00,Normal,19.13,82.67,0.0,1.76,0.0,15.04
2026-06-01 02:09:00,Normal,19.06,83.46,0.0,1.48,0.0,14.32
2026-06-01 02:10:00,Normal,19.12,84.27,0.0,1.33,0.0,13.92
2026-06-01 02:11:00,Normal,18.95,83.11,0.0,1.43,0.0,14.19
2026-06-01 02:12:00,Normal,19.23,82.29,0.0,1.21,0.0,13.86
2026-06-01 02:13:00,Normal,19.08,83.03,0.0,1.56,0.0,14.54
2026-06-01 02:14:00,Normal,18.88,84.12,0.0,1.6,0.0,14.62
2026-06-01 02:15:00,Normal,18.92,83.06,0.0,1.98,0.0,14.93
2026-06-01 02:16:00,Normal,19.1,82.52,0.0,1.36,0.0,14.0
2026-06-01 02:17:00,Normal,19.16,83.37,0.0,1.43,0.0,14.19
2026-06-01 02:18:00,Normal,19.32,82.54,0.0,1.37,0.0,14.03
2026-06-01 02:19:00,Normal,19.43,80.76,0.0,1.53,0.0,14.46
2026-06-01 02:20:00,Normal,19.04,82.35,0.0,1.56,0.0,14.54
2026-06-01 02:21:00,Normal,18.81,84.62,0.0,1.47,0.0,14.29
2026-06-01 02:22:00,Normal,18.62,84.49,0.0,1.7,0.0,14.52
2026-06-01 02:23:00,Normal,18.96,82.85,0.0,1.36,0.0,14.0
2026-06-01 02:24:00,Normal,18.78,83.71,0.0,1.68,0.0,14.74
2026-06-01 02:25:00,Normal,18.82,83.71,0.0,1.59,0.0,14.63
2026-06-01 02:26:00,Normal,18.77,84.27,0.0,1.48,0.0,14.32
2026-06-01 02:27:00,Normal,18.82,82.87,0.0,1.42,0.0,14.16
2026-06-01 02:28:00,Normal,18.98,82.73,0.0,1.97,0.0,15.02
2026-06-01 02:29:00,Normal,18.83,83.83,0.0,1.32,0.0,13.9
2026-06-01 02:30:00,Normal,18.76,83.79,0.0,1.55,0.0,14.52
2026-06-01 02:31:00,Normal,18.61,84.61,0.0,1.34,0.0,13.95
2026-06-01 02:32:00,Normal,18.5,83.85,0.0,1.85,0.0,14.7
2026-06-01 02:33:00,Normal,18.66,84.35,0.0,1.67,0.0,14.56
2026-06-01 02:34:00,Normal,18.7,84.66,0.0,1.35,0.0,13.97
2026-06-01 02:35:00,Normal,18.96,83.59,0.0,1.59,0.0,14.63
2026-06-01 02:36:00,Normal,18.7,84.12,0.0,1.54,0.0,14.49
2026-06-01 02:37:00,Normal,18.81,83.67,0.0,1.39,0.0,14.08
2026-06-01 02:38:00,Normal,18.57,83.89,0.0,1.64,0.0,14.69
2026-06-01 02:39:00,Normal,18.45,84.68,0.0,1.57,0.0,14.47
2026-06-01 02:40:00,Normal,18.46,85.44,0.0,1.54,0.0,14.26
2026-06-01 02:41:00,Normal,18.48,84.56,0.0,1.49,0.0,14.35
2026-06-01 02:42:00,Normal,18.89,82.95,0.0,1.58,0.0,14.6
2026-06-01 02:43:00,Normal,18.43,84.47,0.0,1.54,0.0,14.49
2026-06-01 02:44:00,Normal,18.67,84.24,0.0,1.51,0.0,14.4
2026-06-01 02:45:00,Normal,18.39,84.66,0.0,1.37,0.0,14.03
2026-06-01 02:46:00,Normal,18.65,84.46,0.0,1.84,0.0,14.53
2026-06-01 02:47:00,Normal,18.55,84.75,0.0,1.29,0.0,13.82
2026-06-01 02:48:00,Normal,18.45,85.24,0.0,1.59,0.0,14.31
2026-06-01 02:49:00,Normal,18.45,85.56,0.0,1.44,0.0,14.21
2026-06-01 02:50:00,Normal,18.35,85.6,0.0,1.85,0.0,14.21
2026-06-01 02:51:00,Normal,18.5,84.03,0.0,1.32,0.0,13.9
2026-06-01 02:52:00,Normal,18.35,84.47,0.0,1.36,0.0,14.0
2026-06-01 02:53:00,Normal,18.21,85.33,0.0,1.31,0.0,13.87
2026-06-01 02:54:00,Normal,18.19,85.16,0.0,1.57,0.0,14.33
2026-06-01 02:55:00,Normal,18.39,84.19,0.0,1.23,0.0,13.67
2026-06-01 02:56:00,Normal,18.59,84.06,0.0,1.41,0.0,14.13
2026-06-01 02:57:00,Normal,18.36,84.67,0.0,1.08,0.0,13.32
2026-06-01 02:58:00,Normal,18.31,84.71,0.0,1.56,0.0,14.46
2026-06-01 02:59:00,Normal,18.35,84.8,0.0,1.41,0.0,14.13
2026-06-01 03:00:00,Normal,18.49,85.31,0.0,1.21,0.0,13.62
2026-06-01 03:01:00,Normal,18.31,85.21,0.0,1.73,0.0,14.32
2026-06-01 03:02:00,Normal,18.21,86.88,0.0,1.25,0.0,13.72
2026-06-01 03:03:00,Normal,18.42,84.9,0.0,1.67,0.0,14.4
2026-06-01 03:04:00,Normal,18.31,84.95,0.0,1.37,0.0,14.03
2026-06-01 03:05:00,Normal,18.46,84.7,0.0,1.84,0.0,14.46
2026-06-01 03:06:00,Normal,18.24,85.45,0.0,1.67,0.0,14.25
2026-06-01 03:07:00,Normal,18.02,86.18,0.0,1.32,0.0,13.9
2026-06-01 03:08:00,Normal,17.98,87.26,0.0,1.34,0.0,13.78
2026-06-01 03:09:00,Normal,18.42,84.29,0.0,1.64,0.0,14.57
2026-06-01 03:10:00,Normal,18.42,85.31,0.0,1.47,0.0,14.29
2026-06-01 03:11:00,Normal,18.12,85.75,0.0,1.49,0.0,14.17
2026-06-01 03:12:00,Normal,18.08,84.8,0.0,1.78,0.0,14.43
2026-06-01 03:13:00,Normal,18.34,85.47,0.0,1.38,0.0,14.05
2026-06-01 03:14:00,Normal,17.95,86.88,0.0,1.54,0.0,13.87
2026-06-01 03:15:00,Normal,17.97,85.55,0.0,1.72,0.0,14.23
2026-06-01 03:16:00,Normal,18.19,85.45,0.0,1.69,0.0,14.25
2026-06-01 03:17:00,Normal,18.02,84.88,0.0,1.5,0.0,14.38
2026-06-01 03:18:00,Normal,18.06,85.03,0.0,1.47,0.0,14.29
2026-06-01 03:19:00,Normal,18.03,86.51,0.0,1.19,0.0,13.57
2026-06-01 03:20:00,Normal,18.09,85.43,0.0,1.32,0.0,13.9
2026-06-01 03:21:00,Normal,18.24,84.63,0.0,1.6,0.0,14.48
2026-06-01 03:22:00,Normal,18.03,86.01,0.0,1.51,0.0,14.1
2026-06-01 03:23:00,Normal,18.11,85.36,0.0,1.55,0.0,14.28
2026-06-01 03:24:00,Normal,17.69,86.54,0.0,1.75,0.0,13.96
2026-06-01 03:25:00,Normal,17.98,86.46,0.0,1.3,0.0,13.84
2026-06-01 03:26:00,Normal,17.85,85.68,0.0,1.5,0.0,14.19
2026-06-01 03:27:00,Normal,17.79,86.02,0.0,1.58,0.0,14.1
2026-06-01 03:28:00,Normal,17.83,86.54,0.0,1.4,0.0,13.96
2026-06-01 03:29:00,Normal,17.9,86.83,0.0,1.83,0.0,13.89
2026-06-01 03:30:00,Normal,18.08,86.5,0.0,1.73,0.0,13.97
2026-06-01 03:31:00,Normal,17.73,86.32,0.0,1.61,0.0,14.02
2026-06-01 03:32:00,Normal,17.93,86.74,0.0,1.91,0.0,13.91
2026-06-01 03:33:00,Normal,17.84,85.94,0.0,1.25,0.0,13.72
2026-06-01 03:34:00,Normal,17.85,87.47,0.0,1.55,0.0,13.72
2026-06-01 03:35:00,Normal,18.04,85.17,0.0,1.63,0.0,14.33
2026-06-01 03:36:00,Normal,17.97,86.86,0.0,1.37,0.0,13.88
2026-06-01 03:37:00,Normal,18.08,85.36,0.0,1.62,0.0,14.28
2026-06-01 03:38:00,Normal,17.84,87.61,0.0,1.34,0.0,13.69
2026-06-01 03:39:00,Normal,17.76,87.0,0.0,1.7,0.0,13.84
2026-06-01 03:40:00,Normal,17.82,85.86,0.0,1.78,0.0,14.14
2026-06-01 03:41:00,Normal,17.88,85.99,0.0,1.62,0.0,14.11
2026-06-01 03:42:00,Normal,17.86,86.82,0.0,1.2,0.0,13.59
2026-06-01 03:43:00,Normal,17.67,87.53,0.0,1.38,0.0,13.71
2026-06-01 03:44:00,Normal,17.83,86.39,0.0,1.68,0.0,14.0
2026-06-01 03:45:00,Normal,17.85,86.42,0.0,1.58,0.0,13.99
2026-06-01 03:46:00,Normal,18.18,85.91,0.0,1.04,0.0,13.22
2026-06-01 03:47:00,Normal,18.08,85.82,0.0,1.82,0.0,14.15
2026-06-01 03:48:00,Normal,17.66,86.12,0.0,1.61,0.0,14.07
2026-06-01 03:49:00,Normal,17.74,86.2,0.0,1.42,0.0,14.05
2026-06-01 03:50:00,Normal,17.56,87.33,0.0,1.78,0.0,13.76
2026-06-01 03:51:00,Normal,17.68,87.57,0.0,1.45,0.0,13.7
2026-06-01 03:52:00,Normal,17.81,87.45,0.0,1.45,0.0,13.73
2026-06-01 03:53:00,Normal,17.94,86.6,0.0,1.66,0.0,13.95
2026-06-01 03:54:00,Normal,17.65,87.13,0.0,1.95,0.0,13.81
2026-06-01 03:55:00,Normal,17.65,87.39,0.0,1.92,0.0,13.74
2026-06-01 03:56:00,Normal,17.42,87.18,0.0,1.66,0.0,13.8
2026-06-01 03:57:00,Normal,17.71,86.67,0.0,1.69,0.0,13.93
2026-06-01 03:58:00,Normal,17.57,86.66,0.0,1.75,0.0,13.93
2026-06-01 03:59:00,Normal,17.65,86.2,0.0,1.35,0.0,13.97
2026-06-01 04:00:00,Normal,17.59,87.3,0.0,1.73,0.0,13.77
2026-06-01 04:01:00,Normal,17.7,86.9,0.0,1.46,0.0,13.87
2026-06-01 04:02:00,Normal,17.45,87.91,0.0,1.67,0.0,13.61
2026-06-01 04:03:00,Normal,17.49,87.72,0.0,1.56,0.0,13.66
2026-06-01 04:04:00,Normal,18.02,86.05,0.0,1.71,0.0,14.09
2026-06-01 04:05:00,Normal,17.51,87.67,0.0,1.63,0.0,13.67
2026-06-01 04:06:00,Normal,17.53,87.24,0.0,1.0,0.0,13.11
2026-06-01 04:07:00,Normal,17.97,86.3,0.0,1.65,0.0,14.03
2026-06-01 04:08:00,Normal,18.12,85.19,0.0,1.75,0.0,14.32
2026-06-01 04:09:00,Normal,17.51,87.55,0.0,1.71,0.0,13.7
2026-06-01 04:10:00,Normal,17.63,87.4,0.0,1.6,0.0,13.74
2026-06-01 04:11:00,Normal,17.73,86.31,0.0,1.95,0.0,14.02
2026-06-01 04:12:00,Normal,17.94,86.18,0.0,1.69,0.0,14.06
2026-06-01 04:13:00,Normal,17.53,86.91,0.0,1.71,0.0,13.87
2026-06-01 04:14:00,Normal,17.63,86.67,0.0,1.84,0.0,13.93
2026-06-01 04:15:00,Normal,17.78,85.89,0.0,1.7,0.0,14.14
2026-06-01 04:16:00,Normal,17.73,87.47,0.0,1.45,0.0,13.72
2026-06-01 04:17:00,Normal,17.61,87.7,0.0,1.15,0.0,13.47
2026-06-01 04:18:00,Normal,17.64,87.29,0.0,1.54,0.0,13.77
2026-06-01 04:19:00,Normal,17.45,88.67,0.0,1.79,0.0,13.43
2026-06-01 04:20:00,Normal,17.62,86.9,0.0,1.57,0.0,13.87
2026-06-01 04:21:00,Normal,17.62,88.85,0.0,1.81,0.0,13.38
2026-06-01 04:22:00,Normal,17.69,86.69,0.0,1.68,0.0,13.92
2026-06-01 04:23:00,Normal,17.57,87.31,0.0,1.91,0.0,13.76
2026-06-01 04:24:00,Normal,17.72,86.5,0.0,1.59,0.0,13.97
2026-06-01 04:25:00,Normal,17.8,86.74,0.0,1.75,0.0,13.91
2026-06-01 04:26:00,Normal,17.67,87.37,0.0,1.76,0.0,13.75
2026-06-01 04:27:00,Normal,17.7,86.72,0.0,1.96,0.0,13.92
2026-06-01 04:28:00,Normal,17.66,87.98,0.0,1.32,0.0,13.6
2026-06-01 04:29:00,Normal,17.65,87.08,0.0,1.57,0.0,13.82
2026-06-01 04:30:00,Normal,17.54,87.4,0.0,1.84,0.0,13.74
2026-06-01 04:31:00,Normal,17.7,86.26,0.0,1.98,0.0,14.04
2026-06-01 04:32:00,Normal,17.64,87.23,0.0,1.72,0.0,13.78
2026-06-01 04:33:00,Normal,17.96,85.99,0.0,1.61,0.0,14.11
2026-06-01 04:34:00,Normal,17.89,85.92,0.0,1.83,0.0,14.13
2026-06-01 04:35:00,Normal,17.71,86.31,0.0,1.85,0.0,14.02
2026-06-01 04:36:00,Normal,17.54,88.85,0.0,1.61,0.0,13.38
2026-06-01 04:37:00,Normal,17.49,87.23,0.0,1.75,0.0,13.78
2026-06-01 04:38:00,Normal,17.83,85.56,0.0,1.92,0.0,14.22
2026-06-01 04:39:00,Normal,17.7,86.39,0.0,2.07,0.0,14.0
2026-06-01 04:40:00,Normal,17.73,86.69,0.0,1.84,0.0,13.92
2026-06-01 04:41:00,Normal,17.4,87.97,0.0,1.7,0.0,13.6
2026-06-01 04:42:00,Normal,17.8,86.85,0.0,1.68,0.0,13.88
2026-06-01 04:43:00,Normal,17.73,87.12,0.0,1.81,0.0,13.81
2026-06-01 04:44:00,Normal,17.5,86.97,0.0,1.68,0.0,13.85
2026-06-01 04:45:00,Normal,17.6,87.29,0.0,1.74,0.0,13.77
2026-06-01 04:46:00,Normal,17.71,86.25,0.0,1.49,0.0,14.04
2026-06-01 04:47:00,Normal,17.68,86.48,0.0,1.97,0.0,13.98
2026-06-01 04:48:00,Normal,17.63,86.44,0.0,1.48,0.0,13.99
2026-06-01 04:49:00,Normal,17.66,86.19,0.0,1.63,0.0,14.06
2026-06-01 04:50:00,Normal,17.64,87.59,0.0,1.74,0.0,13.69
2026-06-01 04:51:00,Normal,17.71,87.19,0.0,2.12,0.0,13.79
2026-06-01 04:52:00,Normal,17.91,86.8,0.0,1.64,0.0,13.9
2026-06-01 04:53:00,Normal,17.31,87.91,0.0,1.59,0.0,13.61
2026-06-01 04:54:00,Normal,17.66,87.38,0.0,1.62,0.0,13.75
2026-06-01 04:55:00,Normal,17.73,85.67,0.0,2.06,0.0,14.19
2026-06-01 04:56:00,Normal,17.75,87.18,0.0,1.17,0.0,13.52
2026-06-01 04:57:00,Normal,17.65,87.04,0.0,1.53,0.0,13.83
2026-06-01 04:58:00,Normal,17.45,87.87,0.0,2.28,0.0,13.62
2026-06-01 04:59:00,Normal,17.77,86.84,0.0,1.86,0.0,13.88
2026-06-01 05:00:00,Normal,17.98,85.43,0.0,1.52,0.0,14.26
2026-06-01 05:01:00,Normal,17.5,86.46,0.0,1.74,0.0,13.98
2026-06-01 05:02:00,Normal,17.86,85.92,0.0,1.76,0.0,14.13
2026-06-01 05:03:00,Normal,17.69,87.17,0.0,1.92,0.0,13.8
2026-06-01 05:04:00,Normal,17.73,87.12,0.0,2.12,0.0,13.81
2026-06-01 05:05:00,Normal,17.59,86.28,0.0,1.84,0.0,14.03
2026-06-01 05:06:00,Normal,17.7,86.2,0.0,1.65,0.0,14.05
2026-06-01 05:07:00,Normal,17.96,85.66,0.0,1.92,0.0,14.2
2026-06-01 05:08:00,Normal,17.85,86.16,0.0,1.63,0.0,14.06
2026-06-01 05:09:00,Normal,18.03,85.06,0.0,1.56,0.0,14.36
2026-06-01 05:10:00,Normal,17.96,85.24,0.0,1.42,0.0,14.16
2026-06-01 05:11:00,Normal,17.85,85.89,0.0,1.46,0.0,14.14
2026-06-01 05:12:00,Normal,18.05,85.87,0.0,1.6,0.0,14.14
2026-06-01 05:13:00,Normal,17.87,85.63,0.0,1.55,0.0,14.21
2026-06-01 05:14:00,Normal,17.93,86.09,0.0,1.85,0.0,14.08
2026-06-01 05:15:00,Normal,17.77,87.24,0.0,1.55,0.0,13.78
2026-06-01 05:16:00,Normal,17.83,85.66,0.0,1.16,0.0,13.49
2026-06-01 05:17:00,Normal,17.72,86.61,0.0,1.58,0.0,13.94
2026-06-01 05:18:00,Normal,17.98,86.63,0.0,1.7,0.0,13.94
2026-06-01 05:19:00,Normal,17.67,86.64,0.0,1.68,0.0,13.94
2026-06-01 05:20:00,Normal,17.97,85.71,0.0,2.11,0.0,14.18
2026-06-01 05:21:00,Normal,17.83,87.14,0.0,1.68,0.0,13.81
2026-06-01 05:22:00,Normal,18.04,85.66,0.0,1.98,0.0,14.2
2026-06-01 05:23:00,Normal,17.99,86.66,0.0,1.81,0.0,13.93
2026-06-01 05:24:00,Normal,18.16,85.79,0.0,1.81,0.0,14.16
2026-06-01 05:25:00,Normal,18.0,85.75,0.0,1.65,0.0,14.17
2026-06-01 05:26:00,Normal,17.67,87.18,0.0,1.81,0.0,13.8
2026-06-01 05:27:00,Normal,17.9,86.43,0.0,1.67,0.0,13.99
2026-06-01 05:28:00,Normal,17.74,87.29,0.0,1.86,0.0,13.77
2026-06-01 05:29:00,Normal,17.85,86.05,0.0,1.78,0.0,14.09
2026-06-01 05:30:00,Normal,18.17,85.53,0.0,1.64,0.0,14.23
2026-06-01 05:31:00,Normal,18.04,85.81,3.43,2.03,0.0,14.16
2026-06-01 05:32:00,Normal,17.85,86.8,6.58,1.92,0.0,13.9
2026-06-01 05:33:00,Normal,17.82,85.86,10.79,1.75,0.0,14.14
2026-06-01 05:34:00,Normal,17.98,86.62,14.15,1.87,0.0,13.94
2026-06-01 05:35:00,Normal,17.81,86.78,17.27,1.83,0.0,13.9
2026-06-01 05:36:00,Normal,17.9,85.46,19.71,1.68,0.0,14.25
2026-06-01 05:37:00,Normal,18.06,86.53,24.11,1.87,0.0,13.97
2026-06-01 05:38:00,Normal,18.19,86.77,26.46,1.73,0.0,13.9
2026-06-01 05:39:00,Normal,18.12,86.23,32.15,1.67,0.0,14.04
2026-06-01 05:40:00,Normal,17.7,87.66,35.05,1.54,0.0,13.68
2026-06-01 05:41:00,Normal,18.1,85.74,37.75,1.8,0.0,14.18
2026-06-01 05:42:00,Normal,18.08,84.76,38.06,1.98,0.0,14.44
2026-06-01 05:43:00,Normal,18.14,84.47,43.17,1.73,0.0,14.52
2026-06-01 05:44:00,Normal,18.33,85.2,48.89,2.38,0.0,14.32
2026-06-01 05:45:00,Normal,17.79,86.19,53.18,2.06,0.0,14.06
2026-06-01 05:46:00,Normal,18.02,85.35,56.55,2.14,0.0,14.28
2026-06-01 05:47:00,Normal,18.21,85.34,55.37,2.05,0.0,14.28
2026-06-01 05:48:00,Normal,17.9,86.62,62.12,2.26,0.0,13.94
2026-06-01 05:49:00,Normal,18.37,84.07,66.96,1.74,0.0,14.64
2026-06-01 05:50:00,Normal,18.22,85.09,64.99,1.38,0.0,14.05
2026-06-01 05:51:00,Normal,18.3,86.04,71.79,1.81,0.0,14.1
2026-06-01 05:52:00,Normal,18.1,85.04,75.84,2.01,0.0,14.37
2026-06-01 05:53:00,Normal,18.32,85.59,77.92,1.94,0.0,14.22
2026-06-01 05:54:00,Normal,18.37,84.64,77.48,1.96,0.0,14.48
2026-06-01 05:55:00,Normal,18.26,85.57,84.61,2.18,0.0,14.22
2026-06-01 05:56:00,Normal,18.28,85.86,87.98,1.99,0.0,14.14
2026-06-01 05:57:00,Normal,18.29,85.59,91.85,2.08,0.0,14.22
2026-06-01 05:58:00,Normal,18.14,86.13,94.05,1.74,0.0,14.07
2026-06-01 05:59:00,Normal,18.26,84.55,97.75,1.71,0.0,14.5
2026-06-01 06:00:00,Normal,18.27,85.88,102.35,2.25,0.0,14.14
2026-06-01 06:01:00,Normal,18.37,84.43,107.28,1.95,0.0,14.54
2026-06-01 06:02:00,Normal,18.47,84.8,108.27,1.81,0.0,14.43
2026-06-01 06:03:00,Normal,18.18,85.62,111.28,1.82,0.0,14.21
2026-06-01 06:04:00,Normal,18.34,85.33,116.38,1.81,0.0,14.29
2026-06-01 06:05:00,Normal,18.59,84.53,112.57,1.81,0.0,14.51
2026-06-01 06:06:00,Normal,18.27,84.71,124.61,1.69,0.0,14.46
2026-06-01 06:07:00,Normal,18.28,84.39,126.24,1.65,0.0,14.55
2026-06-01 06:08:00,Normal,18.44,85.26,129.78,1.92,0.0,14.31
2026-06-01 06:09:00,Normal,18.56,84.53,136.85,1.84,0.0,14.51
2026-06-01 06:10:00,Normal,18.45,85.42,128.41,2.19,0.0,14.26
2026-06-01 06:11:00,Normal,18.66,84.11,131.51,2.03,0.0,14.62
2026-06-01 06:12:00,Normal,18.6,83.44,144.34,2.02,0.0,14.82
2026-06-01 06:13:00,Normal,18.62,84.83,146.52,1.83,0.0,14.42
2026-06-01 06:14:00,Normal,18.59,84.1,150.69,1.95,0.0,14.63
2026-06-01 06:15:00,Normal,18.87,83.75,151.18,2.05,0.0,14.73
2026-06-01 06:16:00,Normal,18.51,84.16,159.8,2.13,0.0,14.61
2026-06-01 06:17:00,Normal,18.26,86.24,164.52,1.97,0.0,14.04
2026-06-01 06:18:00,Normal,18.82,83.18,165.79,2.21,0.0,14.89
2026-06-01 06:19:00,Normal,18.52,84.31,165.48,2.0,0.0,14.57
2026-06-01 06:20:00,Normal,18.62,84.3,159.39,2.16,0.0,14.57
2026-06-01 06:21:00,Normal,18.82,83.03,177.51,1.91,0.0,14.93
2026-06-01 06:22:00,Normal,18.4,85.05,183.35,1.64,0.0,14.36
2026-06-01 06:23:00,Normal,18.47,85.62,183.71,2.06,0.0,14.21
2026-06-01 06:24:00,Normal,18.44,84.46,178.73,2.16,0.0,14.53
2026-06-01 06:25:00,Normal,18.58,84.6,190.71,2.13,0.0,14.49
2026-06-01 06:26:00,Normal,18.78,82.15,195.19,2.11,0.0,15.19
2026-06-01 06:27:00,Normal,18.81,83.7,202.68,1.96,0.0,14.74
2026-06-01 06:28:00,Normal,18.79,83.58,191.79,1.87,0.0,14.78
2026-06-01 06:29:00,Normal,18.56,83.93,198.95,2.14,0.0,14.68
2026-06-01 06:30:00,Normal,18.44,85.4,208.22,2.12,0.0,14.27
2026-06-01 06:31:00,Normal,18.81,83.52,207.34,1.93,0.0,14.79
2026-06-01 06:32:00,Normal,18.75,83.77,203.27,2.26,0.0,14.72
2026-06-01 06:33:00,Normal,18.91,83.21,216.31,1.87,0.0,14.88
2026-06-01 06:34:00,Normal,18.97,82.14,220.74,1.93,0.0,15.19
2026-06-01 06:35:00,Normal,18.9,82.79,220.88,2.38,0.0,15.0
2026-06-01 06:36:00,Normal,19.01,83.73,225.09,2.23,0.0,14.73
2026-06-01 06:37:00,Normal,18.95,82.06,225.18,1.99,0.0,15.22
2026-06-01 06:38:00,Normal,19.02,82.68,240.46,2.12,0.0,15.04
2026-06-01 06:39:00,Normal,18.85,83.36,227.25,2.1,0.0,14.84
2026-06-01 06:40:00,Normal,18.95,84.38,232.7,1.52,0.0,14.55
2026-06-01 06:41:00,Normal,19.03,83.58,240.25,1.89,0.0,14.78
2026-06-01 06:42:00,Normal,19.14,82.47,249.9,2.07,0.0,15.1
2026-06-01 06:43:00,Normal,18.98,84.04,235.69,2.01,0.0,14.64
2026-06-01 06:44:00,Normal,19.13,82.37,240.24,2.14,0.0,15.13
2026-06-01 06:45:00,Normal,19.04,83.69,237.87,2.32,0.0,14.74
2026-06-01 06:46:00,Normal,19.08,82.15,256.9,2.03,0.0,15.19
2026-06-01 06:47:00,Normal,19.24,83.16,251.21,1.89,0.0,14.9
2026-06-01 06:48:00,Normal,18.84,83.39,260.17,2.17,0.0,14.83
2026-06-01 06:49:00,Normal,18.97,82.67,271.77,2.04,0.0,15.04
2026-06-01 06:50:00,Normal,18.96,83.18,264.57,2.08,0.0,14.89
2026-06-01 06:51:00,Normal,18.85,83.77,274.92,2.05,0.0,14.72
2026-06-01 06:52:00,Normal,19.12,82.56,273.81,2.57,0.0,15.07
2026-06-01 06:53:00,Normal,19.36,82.53,285.19,1.67,0.0,15.08
2026-06-01 06:54:00,Normal,19.22,82.22,286.84,2.05,0.0,15.17
2026-06-01 06:55:00,Normal,19.32,82.68,280.13,2.13,0.0,15.04
2026-06-01 06:56:00,Normal,19.47,82.14,287.85,1.98,0.0,15.19
2026-06-01 06:57:00,Normal,19.53,81.68,301.72,2.32,0.0,15.33
2026-06-01 06:58:00,Normal,19.34,81.97,299.29,2.3,0.0,15.24
2026-06-01 06:59:00,Normal,19.58,81.67,286.51,2.13,0.0,15.33
2026-06-01 07:00:00,Normal,19.41,82.38,308.22,2.09,0.0,15.12
2026-06-01 07:01:00,Normal,19.29,83.61,295.56,2.13,0.0,14.77
2026-06-01 07:02:00,Normal,19.35,82.77,321.81,2.13,0.0,15.01
2026-06-01 07:03:00,Normal,19.24,83.1,321.53,2.14,0.0,14.91
2026-06-01 07:04:00,Normal,19.35,84.06,317.9,2.12,0.0,14.64
2026-06-01 07:05:00,Normal,19.46,82.23,319.87,2.22,0.0,15.17
2026-06-01 07:06:00,Normal,19.65,81.66,319.56,2.32,0.0,15.34
2026-06-01 07:07:00,Normal,19.82,81.35,331.39,1.93,0.0,15.43
2026-06-01 07:08:00,Normal,19.37,81.55,324.33,1.97,0.0,15.37
2026-06-01 07:09:00,Normal,19.66,81.08,333.51,1.83,0.0,15.51
2026-06-01 07:10:00,Normal,19.47,81.58,343.11,2.36,0.0,15.36
2026-06-01 07:11:00,Normal,19.72,81.57,331.85,2.24,0.0,15.36
2026-06-01 07:12:00,Normal,19.65,81.27,334.42,2.29,0.0,15.45
2026-06-01 07:13:00,Normal,19.42,82.1,331.58,1.91,0.0,15.21
2026-06-01 07:14:00,Normal,19.86,81.45,335.98,2.56,0.0,15.4
2026-06-01 07:15:00,Normal,19.66,81.89,331.02,2.08,0.0,15.27
2026-06-01 07:16:00,Normal,19.69,81.18,361.13,2.24,0.0,15.48
2026-06-01 07:17:00,Normal,19.63,81.03,375.9,2.38,0.0,15.53
2026-06-01 07:18:00,Normal,19.72,81.87,375.08,2.02,0.0,15.27
2026-06-01 07:19:00,Normal,19.91,81.13,345.14,2.11,0.0,15.5
2026-06-01 07:20:00,Normal,19.84,79.89,373.94,2.26,0.0,15.04
2026-06-01 07:21:00,Normal,19.94,80.38,384.86,2.8,0.0,15.26
2026-06-01 07:22:00,Normal,19.97,80.59,367.14,2.29,0.0,15.35
2026-06-01 07:23:00,Normal,20.14,80.49,376.51,2.56,0.0,15.31
2026-06-01 07:24:00,Normal,19.92,81.19,355.69,2.48,0.0,15.48
2026-06-01 07:25:00,Normal,19.77,81.22,384.66,2.32,0.0,15.47
2026-06-01 07:26:00,Normal,20.18,80.27,372.44,2.05,0.0,15.21
2026-06-01 07:27:00,Normal,19.99,80.47,390.14,2.46,0.0,15.3
2026-06-01 07:28:00,Normal,20.24,79.35,372.6,1.96,0.0,14.81
2026-06-01 07:29:00,Normal,20.15,79.83,400.42,2.58,0.0,15.01
2026-06-01 07:30:00,Normal,20.1,80.14,409.3,2.3,0.0,15.15
2026-06-01 07:31:00,Normal,20.2,79.84,390.77,1.74,0.0,15.02
2026-06-01 07:32:00,Normal,20.47,77.99,389.49,2.2,0.0,14.71
2026-06-01 07:33:00,Normal,20.51,78.76,380.04,2.41,0.0,14.73
2026-06-01 07:34:00,Normal,20.24,79.79,406.11,2.23,0.0,15.0
2026-06-01 07:35:00,Normal,20.28,79.48,405.24,2.43,0.0,14.86
2026-06-01 07:36:00,Normal,20.44,79.04,396.16,2.12,0.0,14.68
2026-06-01 07:37:00,Normal,20.18,80.21,424.23,2.03,0.0,15.18
2026-06-01 07:38:00,Normal,20.38,78.71,415.89,2.28,0.0,14.64
2026-06-01 07:39:00,Normal,20.35,78.45,410.91,2.3,0.0,14.62
2026-06-01 07:40:00,Normal,20.43,79.01,420.53,2.23,0.0,14.68
2026-06-01 07:41:00,Normal,20.29,80.08,444.51,2.55,0.0,15.12
2026-06-01 07:42:00,Normal,20.2,80.87,441.53,2.14,0.0,15.48
2026-06-01 07:43:00,Normal,20.15,80.45,434.99,2.38,0.0,15.29
2026-06-01 07:44:00,Normal,20.32,78.63,447.87,2.33,0.0,14.6
2026-06-01 07:45:00,Normal,20.45,79.02,427.28,2.01,0.0,14.69
2026-06-01 07:46:00,Normal,20.5,79.17,446.12,2.06,0.0,14.73
2026-06-01 07:47:00,Normal,20.86,78.12,450.66,2.33,0.0,14.99
2026-06-01 07:48:00,Normal,20.77,78.6,445.29,2.73,0.0,14.92
2026-06-01 07:49:00,Normal,20.49,78.51,460.57,2.45,0.0,14.72
2026-06-01 07:50:00,Normal,20.71,78.48,446.89,2.0,0.0,14.88
2026-06-01 07:51:00,Normal,20.62,78.93,467.61,1.72,0.0,14.81
2026-06-01 07:52:00,Normal,20.67,79.05,471.19,2.5,0.0,14.85
2026-06-01 07:53:00,Normal,20.77,77.79,425.64,2.33,0.0,14.92
2026-06-01 07:54:00,Normal,20.86,77.81,486.17,2.58,0.0,14.99
2026-06-01 07:55:00,Normal,20.75,76.72,429.15,2.18,0.0,14.91
2026-06-01 07:56:00,Normal,20.99,77.3,466.49,2.43,0.0,15.08
2026-06-01 07:57:00,Normal,20.68,78.2,492.9,2.54,0.0,14.86
2026-06-01 07:58:00,Normal,20.88,77.35,476.53,2.28,0.0,15.0
2026-06-01 07:59:00,Normal,21.3,76.9,462.72,2.29,0.0,15.31
2026-06-01 08:00:00,Normal,20.97,77.67,470.94,2.39,0.0,15.07
2026-06-01 08:01:00,Normal,21.18,75.77,504.9,2.49,0.0,15.22
2026-06-01 08:02:00,Normal,21.01,77.73,464.3,2.38,0.0,15.1
2026-06-01 08:03:00,Normal,21.11,76.76,512.36,2.59,0.0,15.17
2026-06-01 08:04:00,Normal,21.05,77.8,497.63,2.3,0.0,15.13
2026-06-01 08:05:00,Normal,21.06,76.7,483.39,2.13,0.0,15.13
2026-06-01 08:06:00,Normal,21.0,77.66,495.36,2.8,0.0,15.09
2026-06-01 08:07:00,Normal,21.21,76.89,491.56,2.29,0.0,15.24
2026-06-01 08:08:00,Normal,21.04,77.69,523.13,2.3,0.0,15.12
2026-06-01 08:09:00,Normal,21.3,76.87,523.98,2.4,0.0,15.31
2026-06-01 08:10:00,Normal,21.39,76.39,488.96,2.43,0.0,15.38
2026-06-01 08:11:00,Normal,21.32,75.84,512.1,2.35,0.0,15.32
2026-06-01 08:12:00,Normal,21.25,76.06,507.7,2.42,0.0,15.27
2026-06-01 08:13:00,Normal,21.39,76.2,544.34,2.42,0.0,15.38
2026-06-01 08:14:00,Normal,21.3,76.79,505.47,2.47,0.0,15.31
2026-06-01 08:15:00,Normal,21.52,75.82,555.09,1.97,0.0,15.48
2026-06-01 08:16:00,Normal,21.14,77.63,531.86,2.82,0.0,15.19
2026-06-01 08:17:00,Normal,21.39,76.38,516.51,2.42,0.0,15.38
2026-06-01 08:18:00,Normal,21.17,76.58,527.01,2.57,0.0,15.21
2026-06-01 08:19:00,Normal,21.28,76.7,527.7,2.18,0.0,15.3
2026-06-01 08:20:00,Normal,21.74,75.73,522.68,2.36,0.0,15.64
2026-06-01 08:21:00,Normal,21.7,75.9,547.77,2.33,0.0,15.61
2026-06-01 08:22:00,Normal,21.48,77.42,528.73,2.76,0.0,15.45
2026-06-01 08:23:00,Normal,21.4,76.13,515.61,2.35,0.0,15.38
2026-06-01 08:24:00,Normal,21.21,77.01,548.1,2.63,0.0,15.24
2026-06-01 08:25:00,Normal,21.6,76.22,527.01,2.35,0.0,15.54
2026-06-01 08:26:00,Normal,22.08,74.63,547.22,2.39,0.0,15.9
2026-06-01 08:27:00,Normal,21.81,75.08,547.21,2.44,0.0,15.7
2026-06-01 08:28:00,Normal,21.69,74.78,550.48,2.75,0.0,15.6
2026-06-01 08:29:00,Normal,21.88,74.89,602.03,2.12,0.0,15.75
2026-06-01 08:30:00,Normal,21.6,75.31,571.58,2.23,0.0,15.54
2026-06-01 08:31:00,Normal,21.82,74.31,577.51,2.11,0.0,15.7
2026-06-01 08:32:00,Normal,21.92,74.62,545.26,2.29,0.0,15.78
2026-06-01 08:33:00,Normal,21.92,74.45,567.26,2.35,0.0,15.78
2026-06-01 08:34:00,Normal,22.08,74.98,585.01,2.19,0.0,15.9
2026-06-01 08:35:00,Normal,22.05,75.09,565.95,2.37,0.0,15.88
2026-06-01 08:36:00,Normal,22.13,73.97,602.51,2.12,0.0,15.94
2026-06-01 08:37:00,Normal,21.95,74.83,567.9,2.32,0.0,15.8
2026-06-01 08:38:00,Normal,22.22,73.12,586.68,2.77,0.0,16.01
2026-06-01 08:39:00,Normal,22.36,73.55,583.92,2.61,0.0,16.02
2026-06-01 08:40:00,Normal,22.01,75.08,599.92,2.57,0.0,15.85
2026-06-01 08:41:00,Normal,22.05,75.21,588.04,2.34,0.0,15.88
2026-06-01 08:42:00,Normal,22.42,73.27,597.25,2.24,0.0,15.98
2026-06-01 08:43:00,Normal,22.22,74.88,600.44,2.32,0.0,16.01
2026-06-01 08:44:00,Normal,22.49,72.59,593.9,2.54,0.0,15.94
2026-06-01 08:45:00,Normal,22.24,73.43,618.72,2.73,0.0,16.03
2026-06-01 08:46:00,Normal,22.56,73.72,616.77,2.74,0.0,15.9
2026-06-01 08:47:00,Normal,22.39,74.76,613.29,2.69,0.0,16.0
2026-06-01 08:48:00,Normal,22.45,73.92,609.48,2.42,0.0,15.97
2026-06-01 08:49:00,Normal,22.67,72.96,634.8,2.58,0.0,15.84
2026-06-01 08:50:00,Normal,22.42,72.38,618.09,2.51,0.0,15.98
2026-06-01 08:51:00,Normal,22.36,72.64,619.25,2.54,0.0,16.02
2026-06-01 08:52:00,Normal,22.47,73.63,629.47,2.99,0.0,15.96
2026-06-01 08:53:00,Normal,22.64,72.88,662.05,2.23,0.0,15.86
2026-06-01 08:54:00,Normal,22.37,73.18,607.03,2.54,0.0,16.01
2026-06-01 08:55:00,Normal,22.73,72.87,649.59,2.84,0.0,15.8
2026-06-01 08:56:00,Normal,22.58,73.3,601.19,2.3,0.0,15.89
2026-06-01 08:57:00,Normal,22.87,73.01,644.01,2.47,0.0,15.72
2026-06-01 08:58:00,Normal,22.37,73.91,672.64,2.5,0.0,16.01
2026-06-01 08:59:00,Normal,22.64,73.8,654.17,2.56,0.0,15.86
2026-06-01 09:00:00,Normal,22.54,73.35,650.46,2.29,0.0,15.91
2026-06-01 09:01:00,Normal,22.7,72.83,638.64,2.74,0.0,15.82
2026-06-01 09:02:00,Normal,22.9,73.0,652.57,2.75,0.0,15.71
2026-06-01 09:03:00,Normal,22.87,71.86,649.42,2.73,0.0,15.72
2026-06-01 09:04:00,Normal,22.89,74.08,641.27,2.45,0.0,15.71
2026-06-01 09:05:00,Normal,22.94,72.48,653.4,2.65,0.0,15.68
2026-06-01 09:06:00,Normal,23.02,72.24,665.44,2.46,0.0,15.64
2026-06-01 09:07:00,Normal,22.87,72.74,648.58,2.57,0.0,15.72
2026-06-01 09:08:00,Normal,23.16,72.75,650.1,3.07,0.0,15.56
2026-06-01 09:09:00,Normal,23.19,72.02,641.27,2.67,0.0,15.54
2026-06-01 09:10:00,Normal,23.18,70.61,678.75,2.41,0.0,15.55
2026-06-01 09:11:00,Normal,23.24,72.25,684.23,2.69,0.0,15.51
2026-06-01 09:12:00,Normal,23.23,71.22,680.22,2.39,0.0,15.52
2026-06-01 09:13:00,Normal,23.53,70.67,697.46,2.42,0.0,15.35
2026-06-01 09:14:00,Normal,23.24,70.63,681.92,2.46,0.0,15.51
2026-06-01 09:15:00,Normal,23.24,71.72,690.44,2.58,0.0,15.51
2026-06-01 09:16:00,Normal,23.21,71.1,690.93,2.86,0.0,15.53
2026-06-01 09:17:00,Normal,23.2,71.58,685.07,2.79,0.0,15.54
2026-06-01 09:18:00,Normal,23.2,71.34,678.24,2.79,0.0,15.54
2026-06-01 09:19:00,Normal,23.29,72.43,737.39,2.46,0.0,15.48
2026-06-01 09:20:00,Normal,23.45,72.03,684.29,2.58,0.0,15.39
2026-06-01 09:21:00,Normal,23.54,70.61,682.02,2.75,0.0,15.34
2026-06-01 09:22:00,Normal,23.53,70.64,707.23,2.57,0.0,15.35
2026-06-01 09:23:00,Normal,23.44,70.63,705.64,2.64,0.0,15.4
2026-06-01 09:24:00,Normal,23.72,70.73,672.94,2.79,0.0,15.24
2026-06-01 09:25:00,Normal,23.73,69.84,728.47,2.64,0.0,16.0
2026-06-01 09:26:00,Normal,23.63,70.07,704.92,2.76,0.0,15.29
2026-06-01 09:27:00,Normal,23.59,71.02,685.45,3.03,0.0,15.32
2026-06-01 09:28:00,Normal,23.81,69.52,736.61,2.68,0.0,17.34
2026-06-01 09:29:00,Normal,23.79,69.87,726.78,2.96,0.0,15.82
2026-06-01 09:30:00,Normal,23.57,69.54,688.39,2.84,0.0,17.49
2026-06-01 09:31:00,Normal,23.81,70.24,755.92,2.43,0.0,15.19
2026-06-01 09:32:00,Normal,23.9,70.75,734.01,2.51,0.0,15.14
2026-06-01 09:33:00,Normal,23.76,70.41,721.67,2.57,0.0,15.22
2026-06-01 09:34:00,Normal,23.95,70.31,758.53,2.57,0.0,15.12
2026-06-01 09:35:00,Normal,23.74,69.52,729.55,2.72,0.0,17.41
2026-06-01 09:36:00,Normal,24.19,68.91,727.54,2.87,0.0,19.18
2026-06-01 09:37:00,Normal,24.21,68.14,715.76,3.0,0.0,21.44
2026-06-01 09:38:00,Normal,24.02,69.11,745.06,2.81,0.0,18.69
2026-06-01 09:39:00,Normal,24.15,69.36,744.83,2.67,0.0,17.64
2026-06-01 09:40:00,Normal,23.76,70.02,736.69,2.34,0.0,15.22
2026-06-01 09:41:00,Normal,23.99,68.49,720.9,2.78,0.0,20.77
2026-06-01 09:42:00,Normal,24.15,68.1,743.3,2.77,0.0,21.64
2026-06-01 09:43:00,Normal,24.07,68.29,740.86,2.81,0.0,21.24
2026-06-01 09:44:00,Normal,24.37,68.58,714.64,3.2,0.0,19.99
2026-06-01 09:45:00,Normal,24.59,68.89,713.44,3.03,0.0,18.78
2026-06-01 09:46:00,Normal,24.15,69.7,761.07,2.94,0.0,16.3
2026-06-01 09:47:00,Normal,24.24,67.51,691.77,2.59,0.0,23.35
2026-06-01 09:48:00,Normal,24.43,68.96,756.93,2.69,0.0,18.74
2026-06-01 09:49:00,Normal,24.67,68.0,743.42,2.77,0.0,21.73
2026-06-01 09:50:00,Normal,24.28,67.6,785.85,2.64,0.0,23.05
2026-06-01 09:51:00,Normal,24.53,67.64,746.87,2.9,0.0,22.92
2026-06-01 09:52:00,Normal,24.8,67.73,775.05,2.87,0.0,22.63
2026-06-01 09:53:00,Normal,24.31,68.76,752.84,2.59,0.0,19.51
2026-06-01 09:54:00,Normal,24.4,67.4,766.41,3.05,0.0,23.7
2026-06-01 09:55:00,Normal,24.56,68.1,782.61,2.83,0.0,21.39
2026-06-01 09:56:00,Normal,24.58,66.4,756.9,2.47,0.0,26.8
2026-06-01 09:57:00,Normal,24.82,66.9,792.41,2.81,0.0,25.28
2026-06-01 09:58:00,Normal,24.76,67.86,748.27,2.88,0.0,22.2
2026-06-01 09:59:00,Normal,24.5,67.94,779.93,3.02,0.0,21.93
2026-06-01 10:00:00,Normal,24.87,66.58,796.37,2.76,0.0,26.26
2026-06-01 10:01:00,Normal,24.74,67.77,792.12,3.0,0.0,22.5
2026-06-01 10:02:00,Normal,25.05,66.96,823.3,2.87,0.0,25.09
2026-06-01 10:03:00,Normal,24.8,67.86,762.46,2.58,0.0,22.2
2026-06-01 10:04:00,Normal,24.83,67.51,749.76,2.56,0.0,23.35
2026-06-01 10:05:00,Normal,25.04,67.06,760.51,3.07,0.0,24.78
2026-06-01 10:06:00,Normal,25.11,66.66,801.22,3.09,0.0,26.01
2026-06-01 10:07:00,Normal,25.09,66.42,799.16,2.92,0.0,26.74
2026-06-01 10:08:00,Normal,24.81,67.11,791.56,3.16,0.0,24.62
2026-06-01 10:09:00,Normal,25.17,65.9,764.23,3.07,0.0,28.27
2026-06-01 10:10:00,Normal,24.97,65.88,810.82,3.0,0.0,28.33
2026-06-01 10:11:00,Normal,25.19,65.41,765.11,2.68,0.0,29.67
2026-06-01 10:12:00,Normal,24.98,66.42,823.66,3.22,0.0,26.74
2026-06-01 10:13:00,Normal,25.29,65.86,866.05,2.98,0.0,28.39
2026-06-01 10:14:00,Normal,25.13,67.01,808.13,2.8,0.0,24.94
2026-06-01 10:15:00,Normal,25.1,66.23,815.02,2.75,0.0,27.3
2026-06-01 10:16:00,Normal,25.43,65.94,790.79,2.93,0.0,28.15
2026-06-01 10:17:00,Normal,25.39,66.09,760.62,2.55,0.0,27.72
2026-06-01 10:18:00,Normal,25.29,65.57,791.35,3.03,0.0,29.22
2026-06-01 10:19:00,Normal,25.63,65.12,781.06,2.7,0.0,30.48
2026-06-01 10:20:00,Normal,25.38,65.32,774.02,2.97,0.0,29.92
2026-06-01 10:21:00,Normal,25.48,65.97,852.63,2.8,0.0,28.07
2026-06-01 10:22:00,Normal,25.55,65.37,818.97,2.85,0.0,29.78
2026-06-01 10:23:00,Normal,25.45,64.56,823.16,2.75,0.0,32.04
2026-06-01 10:24:00,Normal,25.64,64.83,807.89,2.88,0.0,31.29
2026-06-01 10:25:00,Normal,25.52,66.06,812.76,3.29,0.0,27.8
2026-06-01 10:26:00,Normal,25.57,64.82,842.22,3.19,0.0,31.32
2026-06-01 10:27:00,Normal,25.87,64.38,819.26,2.99,0.0,32.53
2026-06-01 10:28:00,Normal,25.54,65.36,834.65,2.92,0.0,29.81
2026-06-01 10:29:00,Normal,25.36,64.9,818.24,3.09,0.0,31.1
2026-06-01 10:30:00,Normal,25.99,64.08,816.1,3.15,0.0,33.36
2026-06-01 10:31:00,Normal,26.18,62.41,791.18,2.77,0.0,37.99
2026-06-01 10:32:00,Normal,25.78,63.98,778.42,2.92,0.0,33.63
2026-06-01 10:33:00,Normal,25.59,65.53,822.47,2.57,0.0,29.33
2026-06-01 10:34:00,Normal,25.88,64.3,831.82,3.16,0.0,32.75
2026-06-01 10:35:00,Normal,25.92,63.78,799.75,3.36,0.0,34.18
2026-06-01 10:36:00,Normal,25.98,64.08,832.41,2.96,0.0,33.36
2026-06-01 10:37:00,Normal,25.88,64.05,836.02,2.52,0.0,33.44
2026-06-01 10:38:00,Normal,26.17,63.28,782.0,3.07,0.0,35.56
2026-06-01 10:39:00,Normal,26.2,63.58,814.47,2.77,0.0,34.73
2026-06-01 10:40:00,Normal,25.94,63.48,849.09,2.83,0.0,35.01
2026-06-01 10:41:00,Normal,26.31,62.92,849.96,3.09,0.0,36.56
2026-06-01 10:42:00,Normal,26.55,62.03,812.43,3.02,0.0,39.05
2026-06-01 10:43:00,Normal,26.31,61.94,846.9,2.87,0.0,39.31
2026-06-01 10:44:00,Normal,26.27,62.45,870.11,2.84,0.0,37.87
2026-06-01 10:45:00,Normal,26.34,63.75,865.25,3.0,0.0,34.26
2026-06-01 10:46:00,Normal,26.49,62.62,844.42,2.89,0.0,37.4
2026-06-01 10:47:00,Normal,26.17,62.47,836.22,2.76,0.0,37.82
2026-06-01 10:48:00,Normal,26.5,61.44,833.37,2.92,0.0,40.74
2026-06-01 10:49:00,Normal,26.45,62.43,862.62,3.05,0.0,37.93
2026-06-01 10:50:00,Normal,26.82,62.39,856.92,2.95,0.0,38.04
2026-06-01 10:51:00,Normal,26.56,62.08,869.29,2.71,0.0,38.91
2026-06-01 10:52:00,Normal,26.87,62.1,857.79,3.19,0.0,38.86
2026-06-01 10:53:00,Normal,26.49,62.58,876.65,2.45,0.0,37.51
2026-06-01 10:54:00,Normal,26.79,61.85,859.27,2.91,0.0,39.56
2026-06-01 10:55:00,Normal,26.78,60.77,878.24,2.88,0.0,42.69
2026-06-01 10:56:00,Normal,26.64,62.52,881.67,3.03,0.0,37.68
2026-06-01 10:57:00,Normal,26.84,61.22,839.63,3.12,0.0,41.37
2026-06-01 10:58:00,Normal,27.03,61.41,814.82,3.24,0.0,40.82
2026-06-01 10:59:00,Normal,26.84,60.94,902.65,2.87,0.0,42.19
2026-06-01 11:00:00,Normal,26.67,62.0,870.49,3.13,0.0,39.14
2026-06-01 11:01:00,Normal,26.95,61.3,820.48,3.06,0.0,41.14
2026-06-01 11:02:00,Normal,26.86,61.27,847.53,2.68,0.0,41.23
2026-06-01 11:03:00,Normal,26.98,61.27,887.26,3.4,0.0,41.23
2026-06-01 11:04:00,Normal,27.06,60.65,860.98,2.74,0.0,43.04
2026-06-01 11:05:00,Normal,26.85,61.0,855.99,3.11,0.0,42.01
2026-06-01 11:06:00,Normal,26.9,62.21,906.99,3.11,0.0,38.55
2026-06-01 11:07:00,Normal,27.25,60.91,844.08,3.09,0.0,42.28
2026-06-01 11:08:00,Normal,27.13,60.14,851.61,2.94,0.0,44.57
2026-06-01 11:09:00,Normal,26.86,61.69,879.06,3.21,0.0,40.02
2026-06-01 11:10:00,Normal,27.4,59.4,884.78,2.73,0.0,45.0
2026-06-01 11:11:00,Normal,27.36,59.25,888.58,3.03,0.0,45.0
2026-06-01 11:12:00,Normal,27.25,60.89,900.5,2.94,0.0,42.33
2026-06-01 11:13:00,Normal,27.2,59.4,882.74,2.92,0.0,45.0
2026-06-01 11:14:00,Normal,27.55,59.98,891.38,3.14,0.0,45.0
2026-06-01 11:15:00,Normal,27.52,59.38,872.59,3.27,0.0,45.0
2026-06-01 11:16:00,Normal,27.86,58.46,882.03,2.99,0.0,45.0
2026-06-01 11:17:00,Normal,27.6,59.55,884.15,3.22,0.0,45.0
2026-06-01 11:18:00,Normal,27.63,59.57,887.91,3.07,0.0,45.0
2026-06-01 11:19:00,Normal,27.58,58.85,903.59,2.89,0.0,45.0
2026-06-01 11:20:00,Normal,27.77,59.27,898.74,3.02,0.0,45.0
2026-06-01 11:21:00,Normal,27.77,58.89,886.07,3.01,0.0,45.0
2026-06-01 11:22:00,Normal,27.9,57.71,864.26,2.94,0.0,45.0
2026-06-01 11:23:00,Normal,27.67,59.0,888.42,3.16,0.0,45.0
2026-06-01 11:24:00,Normal,27.72,59.8,886.71,3.13,0.0,45.0
2026-06-01 11:25:00,Normal,27.75,59.9,893.44,2.76,0.0,45.0
2026-06-01 11:26:00,Normal,27.97,58.7,947.96,2.75,0.0,45.0
2026-06-01 11:27:00,Normal,28.11,57.16,875.93,3.17,0.0,45.0
2026-06-01 11:28:00,Normal,27.85,58.89,901.99,2.93,0.0,45.0
2026-06-01 11:29:00,Normal,27.89,58.99,920.06,3.15,0.0,45.0
2026-06-01 11:30:00,Normal,28.04,58.51,894.88,3.25,0.0,45.0
2026-06-01 11:31:00,Normal,27.99,58.69,955.64,2.84,0.0,45.0
2026-06-01 11:32:00,Normal,28.21,57.84,883.62,2.82,0.0,45.0
2026-06-01 11:33:00,Normal,27.76,58.82,903.18,3.44,0.0,45.0
2026-06-01 11:34:00,Normal,28.01,57.8,873.75,3.17,0.0,45.0
2026-06-01 11:35:00,Normal,28.05,56.92,886.46,3.02,0.0,45.0
2026-06-01 11:36:00,Normal,27.85,58.81,903.29,2.92,0.0,45.0
2026-06-01 11:37:00,Normal,28.09,58.05,920.06,3.01,0.0,45.0
2026-06-01 11:38:00,Normal,28.13,58.16,906.54,2.87,0.0,45.0
2026-06-01 11:39:00,Normal,28.27,56.63,932.55,3.29,0.0,45.0
2026-06-01 11:40:00,Normal,28.5,57.18,896.68,2.96,0.0,45.0
2026-06-01 11:41:00,Normal,28.33,58.5,890.91,3.34,0.0,45.0
2026-06-01 11:42:00,Normal,28.25,57.54,973.54,3.04,0.0,45.0
2026-06-01 11:43:00,Normal,28.43,56.96,911.75,2.92,0.0,45.0
2026-06-01 11:44:00,Normal,28.63,56.63,882.23,3.04,0.0,45.0
2026-06-01 11:45:00,Normal,28.36,58.41,883.48,2.6,0.0,45.0
2026-06-01 11:46:00,Normal,28.4,56.46,877.3,3.11,0.0,45.0
2026-06-01 11:47:00,Normal,28.66,56.49,928.77,3.1,0.0,45.0
2026-06-01 11:48:00,Normal,28.57,56.12,894.05,3.3,0.0,45.0
2026-06-01 11:49:00,Normal,28.74,55.82,907.92,2.76,0.0,45.0
2026-06-01 11:50:00,Normal,28.67,56.3,903.25,3.37,0.0,45.0
2026-06-01 11:51:00,Normal,28.81,56.74,925.35,3.31,0.0,45.0
2026-06-01 11:52:00,Normal,28.58,57.65,882.96,3.39,0.0,45.0
2026-06-01 11:53:00,Normal,28.77,56.32,877.2,3.13,0.0,45.0
2026-06-01 11:54:00,Normal,28.77,55.81,913.02,3.35,0.0,45.0
2026-06-01 11:55:00,Normal,28.66,57.86,923.73,2.86,0.0,45.0
2026-06-01 11:56:00,Normal,28.64,56.16,916.87,3.29,0.0,45.0
2026-06-01 11:57:00,Normal,29.01,55.05,886.18,3.0,0.0,45.0
2026-06-01 11:58:00,Normal,28.88,54.67,927.12,2.83,0.0,45.0
2026-06-01 11:59:00,Normal,28.82,56.76,888.77,2.93,0.0,45.0
2026-06-01 12:00:00,Normal,28.99,56.03,895.22,3.16,0.0,45.0
2026-06-01 12:01:00,Normal,29.2,56.3,884.06,3.0,0.0,45.0
2026-06-01 12:02:00,Normal,28.73,55.34,945.72,3.24,0.0,45.0
2026-06-01 12:03:00,Normal,28.88,56.63,927.84,2.8,0.0,45.0
2026-06-01 12:04:00,Normal,28.99,55.47,927.41,2.74,0.0,45.0
2026-06-01 12:05:00,Normal,29.38,54.83,945.3,3.44,0.0,45.0
2026-06-01 12:06:00,Normal,29.24,53.76,988.43,3.35,0.0,45.0
2026-06-01 12:07:00,Normal,29.34,55.34,865.06,2.96,0.0,45.0
2026-06-01 12:08:00,Normal,29.09,55.64,891.9,3.17,0.0,45.0
2026-06-01 12:09:00,Normal,29.12,55.04,895.51,3.38,0.0,45.0
2026-06-01 12:10:00,Normal,29.39,54.71,889.35,3.26,0.0,45.0
2026-06-01 12:11:00,Normal,29.36,53.94,883.38,3.21,0.0,45.0
2026-06-01 12:12:00,Normal,29.47,53.76,904.92,3.4,0.0,45.0
2026-06-01 12:13:00,Normal,29.39,54.05,880.02,3.04,0.0,45.0
2026-06-01 12:14:00,Normal,29.49,52.93,922.74,3.19,0.0,45.0
2026-06-01 12:15:00,Normal,29.51,54.53,915.18,3.18,0.0,45.0
2026-06-01 12:16:00,Normal,29.63,54.38,927.13,3.13,0.0,45.0
2026-06-01 12:17:00,Normal,29.67,53.14,928.04,3.11,0.0,45.0
2026-06-01 12:18:00,Normal,29.33,54.7,930.82,3.21,0.0,45.0
2026-06-01 12:19:00,Normal,29.27,54.5,904.18,3.2,0.0,45.0
2026-06-01 12:20:00,Normal,29.79,53.42,972.76,2.99,0.0,45.0
2026-06-01 12:21:00,Normal,29.85,52.68,921.11,3.36,0.0,45.0
2026-06-01 12:22:00,Normal,29.55,53.37,863.68,3.0,0.0,45.0
2026-06-01 12:23:00,Normal,29.45,54.79,887.37,3.16,0.0,45.0
2026-06-01 12:24:00,Normal,29.78,53.22,867.19,3.14,0.0,45.0
2026-06-01 12:25:00,Normal,29.93,54.04,915.52,3.28,0.0,45.0
2026-06-01 12:26:00,Normal,30.09,52.41,911.75,2.78,0.0,45.67
2026-06-01 12:27:00,Normal,29.93,52.27,902.28,3.39,0.0,45.0
2026-06-01 12:28:00,Normal,29.83,53.85,970.38,3.07,0.0,45.0
2026-06-01 12:29:00,Normal,29.78,53.63,930.27,3.45,0.0,45.0
2026-06-01 12:30:00,Normal,29.94,53.22,935.14,3.12,0.0,45.0
2026-06-01 12:31:00,Normal,29.93,53.55,889.63,3.2,0.0,45.0
2026-06-01 12:32:00,Normal,29.85,52.66,887.74,3.6,0.0,45.0
2026-06-01 12:33:00,Normal,30.34,51.61,916.15,3.16,0.0,47.5
2026-06-01 12:34:00,Normal,30.33,51.61,919.85,3.47,0.0,47.43
2026-06-01 12:35:00,Normal,30.26,51.13,864.08,3.23,0.0,45.0
2026-06-01 12:36:00,Normal,29.98,52.52,910.02,3.3,0.0,45.0
2026-06-01 12:37:00,Normal,30.28,52.66,915.27,3.24,0.0,47.07
2026-06-01 12:38:00,Normal,30.28,52.01,908.89,3.39,0.0,47.07
2026-06-01 12:39:00,Normal,30.28,51.06,892.36,3.09,0.0,45.0
2026-06-01 12:40:00,Normal,30.43,50.52,899.76,3.03,0.0,45.0
2026-06-01 12:41:00,Normal,30.36,52.62,909.57,3.1,0.0,47.65
2026-06-01 12:42:00,Normal,30.41,51.45,916.77,3.25,0.0,48.01
2026-06-01 12:43:00,Normal,30.42,51.07,930.7,3.19,0.0,48.08
2026-06-01 12:44:00,Normal,30.41,51.34,943.58,3.37,0.0,48.01
2026-06-01 12:45:00,Normal,30.12,51.42,905.69,3.49,0.0,45.89
2026-06-01 12:46:00,Normal,30.43,52.31,901.06,3.04,0.0,45.45
2026-06-01 12:47:00,Normal,30.36,51.4,925.34,3.09,0.0,47.65
2026-06-01 12:48:00,Normal,30.28,52.68,929.86,2.95,0.0,47.07
2026-06-01 12:49:00,Normal,30.75,50.58,901.0,3.64,0.0,45.44
2026-06-01 12:50:00,Normal,30.79,51.31,934.28,3.3,0.0,50.74
2026-06-01 12:51:00,Normal,30.76,50.68,939.19,3.34,0.0,50.53
2026-06-01 12:52:00,Normal,30.62,51.42,947.45,2.97,0.0,49.52
2026-06-01 12:53:00,Normal,30.81,50.81,960.46,3.24,0.0,50.89
2026-06-01 12:54:00,Normal,30.64,51.23,887.82,3.34,0.0,45.0
2026-06-01 12:55:00,Normal,30.7,50.91,911.58,3.19,0.0,49.57
2026-06-01 12:56:00,Normal,30.53,51.02,911.18,3.46,0.0,48.88
2026-06-01 12:57:00,Normal,30.78,51.61,907.86,3.71,0.0,48.27
2026-06-01 12:58:00,Normal,30.76,49.98,892.46,3.06,0.0,45.05
2026-06-01 12:59:00,Normal,30.58,51.02,869.27,3.04,0.0,45.0
2026-06-01 13:00:00,Normal,30.8,50.43,911.97,3.07,0.0,49.78
2026-06-01 13:01:00,Normal,30.82,50.6,888.1,3.57,0.0,45.0
2026-06-01 13:02:00,Normal,31.13,49.24,911.0,3.46,0.0,50.38
2026-06-01 13:03:00,Normal,31.02,49.99,886.6,3.23,0.0,45.03
2026-06-01 13:04:00,Normal,30.92,49.99,877.86,3.26,0.0,45.03
2026-06-01 13:05:00,Normal,30.98,48.97,913.75,3.09,0.0,51.38
2026-06-01 13:06:00,Normal,30.97,49.94,911.02,3.43,0.0,49.64
2026-06-01 13:07:00,Normal,30.96,49.3,922.2,3.18,0.0,52.45
2026-06-01 13:08:00,Normal,30.86,49.21,965.38,3.2,0.0,51.81
2026-06-01 13:09:00,Normal,31.02,49.87,913.01,3.38,0.0,50.46
2026-06-01 13:10:00,Normal,30.96,50.26,918.15,3.22,0.0,51.97
2026-06-01 13:11:00,Normal,30.91,50.42,875.22,3.21,0.0,45.0
2026-06-01 13:12:00,Normal,31.2,49.64,869.03,3.26,0.0,45.97
2026-06-01 13:13:00,Normal,31.21,48.11,946.29,3.42,0.0,55.02
2026-06-01 13:14:00,Normal,30.91,49.29,877.82,3.59,0.0,46.75
2026-06-01 13:15:00,Normal,31.18,50.53,874.01,3.38,0.0,45.0
2026-06-01 13:16:00,Normal,31.38,48.18,900.63,3.42,0.0,49.67
2026-06-01 13:17:00,Normal,31.41,49.08,898.66,3.22,0.0,47.49
2026-06-01 13:18:00,Normal,31.43,48.24,876.11,3.12,0.0,49.43
2026-06-01 13:19:00,Normal,31.31,49.04,891.64,3.4,0.0,47.52
2026-06-01 13:20:00,Normal,31.2,48.91,932.41,3.3,0.0,54.42
2026-06-01 13:21:00,Normal,31.19,49.66,876.87,2.98,0.0,45.92
2026-06-01 13:22:00,Normal,31.43,48.74,860.4,3.2,0.0,48.32
2026-06-01 13:23:00,Normal,31.46,48.3,922.65,3.25,0.0,55.38
2026-06-01 13:24:00,Normal,31.62,47.49,909.84,3.17,0.0,53.6
2026-06-01 13:25:00,Normal,31.62,48.29,879.23,3.57,0.0,49.53
2026-06-01 13:26:00,Normal,31.46,47.85,852.71,3.37,0.0,50.26
2026-06-01 13:27:00,Normal,31.32,49.23,874.5,3.55,0.0,47.06
2026-06-01 13:28:00,Normal,31.48,50.1,892.29,3.32,0.0,45.0
2026-06-01 13:29:00,Normal,31.59,49.04,924.24,3.29,0.0,55.65
2026-06-01 13:30:00,Normal,31.55,48.77,864.51,3.08,0.0,48.35
2026-06-01 13:31:00,Normal,31.52,48.37,889.23,3.28,0.0,49.24
2026-06-01 13:32:00,Normal,31.66,46.85,908.75,3.28,0.0,54.35
2026-06-01 13:33:00,Normal,31.57,47.47,826.34,3.0,0.0,51.14
2026-06-01 13:34:00,Normal,31.58,49.02,916.68,3.17,0.0,53.25
2026-06-01 13:35:00,Normal,31.74,47.32,856.78,3.21,0.0,51.7
2026-06-01 13:36:00,Normal,31.66,47.6,896.3,3.36,0.0,51.03
2026-06-01 13:37:00,Normal,31.78,47.59,893.18,3.37,0.0,51.24
2026-06-01 13:38:00,Normal,31.81,46.97,914.58,3.16,0.0,55.88
2026-06-01 13:39:00,Normal,31.62,47.4,899.52,3.37,0.0,51.35
2026-06-01 13:40:00,Normal,31.74,47.77,820.97,3.24,0.0,50.81
2026-06-01 13:41:00,Normal,32.05,46.4,862.33,2.7,0.0,53.97
2026-06-01 13:42:00,Normal,31.69,47.51,885.88,3.18,0.0,51.25
2026-06-01 13:43:00,Normal,31.56,47.82,876.15,3.49,0.0,50.45
2026-06-01 13:44:00,Normal,31.63,48.43,892.99,2.94,0.0,49.23
2026-06-01 13:45:00,Normal,31.93,47.13,900.26,3.3,0.0,52.49
2026-06-01 13:46:00,Normal,31.95,47.1,894.51,3.6,0.0,52.52
2026-06-01 13:47:00,Normal,31.95,47.56,871.87,3.13,0.0,51.62
2026-06-01 13:48:00,Normal,32.18,46.5,827.98,3.28,0.0,54.15
2026-06-01 13:49:00,Normal,31.62,47.98,863.58,3.02,0.0,50.2
2026-06-01 13:50:00,Normal,32.1,47.09,885.46,3.6,0.0,52.88
2026-06-01 13:51:00,Normal,32.29,46.66,844.95,3.26,0.0,54.17
2026-06-01 13:52:00,Normal,31.91,47.23,889.02,3.29,0.0,52.19
2026-06-01 13:53:00,Normal,32.05,47.0,895.21,3.55,0.0,52.93
2026-06-01 13:54:00,Normal,32.01,46.58,873.72,3.41,0.0,53.57
2026-06-01 13:55:00,Normal,32.01,46.53,789.44,3.1,0.0,53.66
2026-06-01 13:56:00,Normal,32.12,47.21,834.98,3.15,0.0,52.69
2026-06-01 13:57:00,Normal,32.4,46.23,916.25,3.38,0.0,58.35
2026-06-01 13:58:00,Normal,32.48,46.0,851.88,3.16,0.0,54.84
2026-06-01 13:59:00,Normal,32.18,46.75,813.48,2.86,0.0,53.71
2026-06-01 14:00:00,Normal,32.54,45.62,895.85,3.27,0.0,55.25
2026-06-01 14:01:00,Normal,32.28,46.73,863.05,2.98,0.0,54.03
2026-06-01 14:02:00,Normal,32.56,46.1,890.12,3.6,0.0,54.52
2026-06-01 14:03:00,Normal,32.3,46.8,867.55,3.32,0.0,53.89
2026-06-01 14:04:00,Normal,32.35,46.04,871.04,3.1,0.0,55.06
2026-06-01 14:05:00,Normal,32.41,46.78,867.38,3.14,0.0,53.69
2026-06-01 14:06:00,Normal,32.85,44.86,874.77,2.9,0.0,56.09
2026-06-01 14:07:00,Normal,32.52,46.01,914.09,3.06,0.0,57.84
2026-06-01 14:08:00,Normal,32.31,46.4,879.3,3.48,0.0,54.57
2026-06-01 14:09:00,Normal,32.58,45.62,812.73,3.73,0.0,55.17
2026-06-01 14:10:00,Normal,32.4,45.53,863.35,3.42,0.0,55.68
2026-06-01 14:11:00,Normal,32.4,46.4,879.81,3.26,0.0,54.37
2026-06-01 14:12:00,Normal,32.63,47.05,880.06,3.19,0.0,52.78
2026-06-01 14:13:00,Normal,32.51,45.43,837.28,3.09,0.0,55.57
2026-06-01 14:14:00,Normal,32.57,45.54,876.43,3.69,0.0,55.3
2026-06-01 14:15:00,Normal,32.55,45.28,869.07,3.24,0.0,55.67
2026-06-01 14:16:00,Normal,32.62,45.07,909.37,3.7,0.0,57.63
2026-06-01 14:17:00,Normal,32.65,46.2,823.93,3.56,0.0,54.19
2026-06-01 14:18:00,Normal,32.31,45.81,828.74,2.93,0.0,55.49
2026-06-01 14:19:00,Normal,32.72,44.79,832.48,3.14,0.0,56.12
2026-06-01 14:20:00,Normal,32.49,44.76,826.5,3.14,0.0,55.74
2026-06-01 14:21:00,Normal,32.44,45.4,815.1,3.26,0.0,55.73
2026-06-01 14:22:00,Normal,32.67,44.2,766.78,3.26,0.0,56.74
2026-06-01 14:23:00,Normal,32.71,45.5,823.79,3.87,0.0,55.08
2026-06-01 14:24:00,Normal,32.61,47.07,842.5,3.06,0.0,52.78
2026-06-01 14:25:00,Normal,32.85,44.49,819.54,3.32,0.0,56.75
2026-06-01 14:26:00,Normal,32.55,44.56,878.63,3.4,0.0,56.01
2026-06-01 14:27:00,Normal,32.7,45.67,829.3,3.27,0.0,54.87
2026-06-01 14:28:00,Normal,32.69,44.72,859.56,3.3,0.0,56.13
2026-06-01 14:29:00,Normal,32.79,45.66,832.52,3.06,0.0,54.72
2026-06-01 14:30:00,Normal,32.86,44.53,845.01,3.29,0.0,56.72
2026-06-01 14:31:00,Normal,32.68,44.81,829.97,3.37,0.0,56.01
2026-06-01 14:32:00,Normal,32.96,44.31,855.31,3.34,0.0,57.2
2026-06-01 14:33:00,Normal,32.88,45.1,821.44,3.38,0.0,55.55
2026-06-01 14:34:00,Normal,32.6,45.28,830.72,3.55,0.0,55.57
2026-06-01 14:35:00,Normal,32.6,45.1,825.98,3.46,0.0,55.76
2026-06-01 14:36:00,Normal,32.91,44.42,808.4,3.28,0.0,56.96
2026-06-01 14:37:00,Normal,32.9,43.82,823.78,3.03,0.0,57.77
2026-06-01 14:38:00,Normal,32.93,44.73,866.77,3.15,0.0,56.38
2026-06-01 14:39:00,Normal,32.96,43.35,804.16,3.22,0.0,58.68
2026-06-01 14:40:00,Normal,33.01,44.0,819.32,3.32,0.0,57.72
2026-06-01 14:41:00,Normal,33.14,44.38,838.01,3.17,0.0,57.18
2026-06-01 14:42:00,Normal,32.84,44.92,833.49,3.08,0.0,55.95
2026-06-01 14:43:00,Normal,32.85,45.08,804.58,3.03,0.0,55.6
2026-06-01 14:44:00,Normal,32.88,44.61,745.26,2.93,0.0,56.65
2026-06-01 14:45:00,Normal,33.1,44.73,813.42,3.22,0.0,56.38
2026-06-01 14:46:00,Normal,33.26,44.15,746.12,2.97,0.0,57.72
2026-06-01 14:47:00,Normal,33.02,44.52,832.85,3.06,0.0,56.86
2026-06-01 14:48:00,Normal,32.72,45.63,800.03,3.18,0.0,54.89
2026-06-01 14:49:00,Normal,32.86,45.15,818.11,2.99,0.0,55.44
2026-06-01 14:50:00,Normal,33.0,44.03,771.14,3.33,0.0,57.66
2026-06-01 14:51:00,Normal,33.06,43.33,754.03,3.41,0.0,58.91
2026-06-01 14:52:00,Normal,33.09,44.29,795.31,3.15,0.0,57.39
2026-06-01 14:53:00,Normal,33.18,44.14,786.61,3.17,0.0,57.74
2026-06-01 14:54:00,Normal,33.14,44.58,774.07,3.36,0.0,56.72
2026-06-01 14:55:00,Normal,33.35,42.76,785.88,3.11,0.0,60.55
2026-06-01 14:56:00,Normal,33.11,43.45,847.05,3.1,0.0,58.79
2026-06-01 14:57:00,Normal,33.09,44.31,799.87,3.49,0.0,57.34
2026-06-01 14:58:00,Normal,33.31,43.4,803.05,3.43,0.0,59.23
2026-06-01 14:59:00,Normal,33.02,43.11,796.4,3.37,0.0,59.25
2026-06-01 15:00:00,Normal,33.32,43.63,809.32,3.43,0.0,58.85
2026-06-01 15:01:00,Normal,33.29,42.38,768.69,2.85,0.0,61.34
2026-06-01 15:02:00,Normal,33.27,42.99,723.72,3.52,0.0,59.94
2026-06-01 15:03:00,Normal,33.54,43.61,765.06,3.32,0.0,59.03
2026-06-01 15:04:00,Normal,33.22,44.78,786.24,3.45,0.0,56.27
2026-06-01 15:05:00,Normal,33.63,41.81,743.4,3.32,0.0,63.39
2026-06-01 15:06:00,Normal,33.3,43.26,759.76,3.25,0.0,59.46
2026-06-01 15:07:00,Normal,33.16,43.89,746.1,3.19,0.0,58.17
2026-06-01 15:08:00,Normal,33.37,44.34,794.26,3.31,0.0,57.27
2026-06-01 15:09:00,Normal,33.21,43.42,775.14,3.18,0.0,59.02
2026-06-01 15:10:00,Normal,33.27,43.26,770.95,3.41,0.0,59.41
2026-06-01 15:11:00,Normal,33.46,43.96,768.31,2.92,0.0,58.17
2026-06-01 15:12:00,Normal,33.49,42.71,751.46,3.13,0.0,60.88
2026-06-01 15:13:00,Normal,33.33,43.83,754.79,3.64,0.0,58.49
2026-06-01 15:14:00,Normal,33.58,41.81,721.77,3.11,0.0,63.33
2026-06-01 15:15:00,Normal,33.61,42.49,697.44,3.18,0.0,61.56
2026-06-01 15:16:00,Normal,33.67,41.45,747.77,3.05,0.0,64.58
2026-06-01 15:17:00,Normal,33.54,42.16,749.64,3.3,0.0,62.29
2026-06-01 15:18:00,Normal,33.68,42.92,767.27,3.08,0.0,60.72
2026-06-01 15:19:00,Normal,33.2,43.71,773.2,3.19,0.0,58.52
2026-06-01 15:20:00,Normal,33.45,42.87,771.05,3.4,0.0,60.48
2026-06-01 15:21:00,Normal,33.37,42.81,712.34,3.08,0.0,60.48
2026-06-01 15:22:00,Normal,33.53,42.69,724.54,3.38,0.0,60.99
2026-06-01 15:23:00,Normal,33.44,43.27,740.75,3.39,0.0,59.68
2026-06-01 15:24:00,Normal,33.51,43.48,783.46,3.43,0.0,59.36
2026-06-01 15:25:00,Normal,33.82,40.44,758.32,3.25,0.0,68.72
2026-06-01 15:26:00,Normal,33.53,42.34,748.3,3.87,0.0,61.81
2026-06-01 15:27:00,Normal,33.62,42.67,713.49,3.43,0.0,61.17
2026-06-01 15:28:00,Normal,33.54,42.76,700.71,3.28,0.0,60.85
2026-06-01 15:29:00,Normal,33.59,42.9,734.65,3.04,0.0,60.63
2026-06-01 15:30:00,Normal,33.59,42.83,691.91,3.19,0.0,60.77
2026-06-01 15:31:00,Normal,33.66,42.28,708.29,3.5,0.0,62.15
2026-06-01 15:32:00,Normal,33.78,41.82,708.79,3.55,0.0,63.55
2026-06-01 15:33:00,Normal,33.86,41.76,742.97,3.5,0.0,63.82
2026-06-01 15:34:00,Normal,33.67,43.14,699.39,3.36,0.0,60.25
2026-06-01 15:35:00,Normal,33.72,41.87,653.17,2.95,0.0,63.33
2026-06-01 15:36:00,Normal,33.46,42.97,713.18,3.3,0.0,60.29
2026-06-01 15:37:00,Normal,33.63,42.66,685.66,2.95,0.0,61.2
2026-06-01 15:38:00,Normal,33.79,43.03,699.03,2.9,0.0,60.55
2026-06-01 15:39:00,Normal,33.79,41.93,694.11,3.25,0.0,63.25
2026-06-01 15:40:00,Normal,33.7,42.93,688.0,3.3,0.0,60.73
2026-06-01 15:41:00,Normal,33.81,42.8,707.85,3.37,0.0,61.15
2026-06-01 15:42:00,Normal,33.76,42.16,657.52,3.29,0.0,62.59
2026-06-01 15:43:00,Normal,33.87,41.76,676.3,3.3,0.0,63.83
2026-06-01 15:44:00,Normal,33.74,42.05,698.74,2.99,0.0,62.85
2026-06-01 15:45:00,Normal,33.65,42.35,669.84,3.17,0.0,61.96
2026-06-01 15:46:00,Normal,33.76,42.71,647.3,2.88,0.0,61.27
2026-06-01 15:47:00,Normal,33.28,43.67,691.43,2.78,0.0,58.72
2026-06-01 15:48:00,Normal,33.78,42.28,698.29,3.33,0.0,62.3
2026-06-01 15:49:00,Normal,33.18,43.13,672.3,3.03,0.0,59.5
2026-06-01 15:50:00,Normal,33.47,42.4,631.42,3.35,0.0,61.57
2026-06-01 15:51:00,Normal,33.81,43.35,682.72,3.4,0.0,59.7
2026-06-01 15:52:00,Normal,33.82,41.93,633.04,3.05,0.0,63.28
2026-06-01 15:53:00,Normal,33.58,42.24,670.01,3.29,0.0,62.14
2026-06-01 15:54:00,Normal,33.65,43.36,643.89,3.04,0.0,59.67
2026-06-01 15:55:00,Normal,33.97,41.79,636.2,2.8,0.0,63.86
2026-06-01 15:56:00,Normal,33.69,42.72,648.05,3.19,0.0,61.15
2026-06-01 15:57:00,Normal,34.11,41.14,650.77,3.07,0.0,66.09
2026-06-01 15:58:00,Normal,33.77,41.96,639.37,3.08,0.0,63.14
2026-06-01 15:59:00,Normal,33.84,41.86,661.03,3.56,0.0,63.51
2026-06-01 16:00:00,Normal,34.03,40.62,638.48,2.85,0.0,68.08
2026-06-01 16:01:00,Normal,33.81,42.0,663.68,3.23,0.0,63.08
2026-06-01 16:02:00,Normal,33.64,42.69,647.7,2.96,0.0,61.15
2026-06-01 16:03:00,Normal,33.78,43.24,626.45,3.34,0.0,59.99
2026-06-01 16:04:00,Normal,33.8,42.14,620.83,3.21,0.0,62.69
2026-06-01 16:05:00,Normal,33.6,41.24,603.55,3.23,0.0,65.23
2026-06-01 16:06:00,Normal,33.77,42.11,637.98,2.96,0.0,62.73
2026-06-01 16:07:00,Normal,33.7,44.0,623.28,2.99,0.0,58.08
2026-06-01 16:08:00,Normal,33.95,42.17,582.84,3.33,0.0,62.79
2026-06-01 16:09:00,Normal,33.82,41.53,614.95,3.5,0.0,64.48
2026-06-01 16:10:00,Normal,33.78,42.49,605.67,3.24,0.0,61.8
2026-06-01 16:11:00,Normal,33.81,41.61,649.29,2.96,0.0,64.22
2026-06-01 16:12:00,Normal,33.86,41.1,585.92,3.2,0.0,66.01
2026-06-01 16:13:00,Normal,33.92,41.53,588.34,3.62,0.0,64.59
2026-06-01 16:14:00,Normal,33.68,42.46,632.78,3.15,0.0,61.73
2026-06-01 16:15:00,Normal,33.68,41.3,634.66,3.42,0.0,65.11
2026-06-01 16:16:00,Normal,34.0,40.83,593.71,2.98,0.0,67.18
2026-06-01 16:17:00,Normal,33.78,42.15,593.25,3.12,0.0,62.64
2026-06-01 16:18:00,Normal,33.63,42.31,613.28,3.25,0.0,62.03
2026-06-01 16:19:00,Normal,33.91,42.02,557.71,3.2,0.0,63.14
2026-06-01 16:20:00,Normal,33.91,41.04,563.64,2.96,0.0,66.29
2026-06-01 16:21:00,Normal,33.61,43.02,589.37,2.95,0.0,60.42
2026-06-01 16:22:00,Normal,33.88,41.15,619.28,3.31,0.0,65.85
2026-06-01 16:23:00,Normal,33.96,42.63,581.45,3.35,0.0,61.67
2026-06-01 16:24:00,Normal,33.9,40.76,588.31,3.41,0.0,67.39
2026-06-01 16:25:00,Normal,33.94,41.03,603.76,3.47,0.0,66.35
2026-06-01 16:26:00,Normal,33.64,42.78,618.0,3.13,0.0,60.95
2026-06-01 16:27:00,Normal,33.9,42.8,568.6,3.04,0.0,61.19
2026-06-01 16:28:00,Normal,33.8,42.26,575.66,3.37,0.0,62.38
2026-06-01 16:29:00,Normal,33.78,42.48,604.63,3.24,0.0,61.82
2026-06-01 16:30:00,Normal,33.98,41.59,544.56,2.9,0.0,64.47
2026-06-01 16:31:00,Normal,34.07,40.71,585.45,2.88,0.0,67.73
2026-06-01 16:32:00,Normal,34.12,40.9,547.98,3.19,0.0,67.0
2026-06-01 16:33:00,Normal,34.05,40.67,564.28,3.05,0.0,67.88
2026-06-01 16:34:00,Normal,33.83,41.22,555.78,3.08,0.0,65.55
2026-06-01 16:35:00,Normal,33.9,42.04,541.13,3.3,0.0,63.08
2026-06-01 16:36:00,Normal,33.96,40.95,538.07,3.23,0.0,66.67
2026-06-01 16:37:00,Normal,33.86,42.09,556.27,3.34,0.0,62.89
2026-06-01 16:38:00,Normal,33.86,41.12,565.35,2.69,0.0,65.94
2026-06-01 16:39:00,Normal,33.97,41.79,544.09,3.12,0.0,63.86
2026-06-01 16:40:00,Normal,33.83,41.69,544.61,3.21,0.0,64.0
2026-06-01 16:41:00,Normal,33.73,43.11,549.97,2.76,0.0,60.33
2026-06-01 16:42:00,Normal,33.78,42.34,522.26,2.93,0.0,62.16
2026-06-01 16:43:00,Normal,33.93,42.45,547.04,2.89,0.0,62.08
2026-06-01 16:44:00,Normal,33.84,41.53,545.47,3.06,0.0,64.51
2026-06-01 16:45:00,Normal,33.88,41.88,570.97,3.38,0.0,63.5
2026-06-01 16:46:00,Normal,33.93,41.12,520.86,3.46,0.0,66.01
2026-06-01 16:47:00,Normal,33.77,41.91,516.8,2.89,0.0,63.28
2026-06-01 16:48:00,Normal,33.94,41.53,533.22,3.15,0.0,64.61
2026-06-01 16:49:00,Normal,33.88,41.42,531.11,3.16,0.0,64.91
2026-06-01 16:50:00,Normal,33.64,41.81,507.27,3.12,0.0,63.4
2026-06-01 16:51:00,Normal,34.03,40.58,506.52,3.12,0.0,68.26
2026-06-01 16:52:00,Normal,33.74,40.84,518.16,3.1,0.0,66.93
2026-06-01 16:53:00,Normal,33.56,42.1,494.45,3.37,0.0,62.48
2026-06-01 16:54:00,Normal,33.65,42.87,497.97,3.25,0.0,60.78
2026-06-01 16:55:00,Normal,33.65,41.53,502.67,2.82,0.0,64.29
2026-06-01 16:56:00,Normal,33.81,41.23,513.35,3.19,0.0,65.49
2026-06-01 16:57:00,Normal,33.76,43.28,486.59,3.2,0.0,59.88
2026-06-01 16:58:00,Normal,33.74,41.86,465.47,3.08,0.0,63.38
2026-06-01 16:59:00,Normal,33.88,42.05,461.65,3.25,0.0,63.03
2026-06-01 17:00:00,Normal,33.84,42.37,468.52,3.05,0.0,62.16
2026-06-01 17:01:00,Normal,33.83,42.4,464.95,3.05,0.0,62.07
2026-06-01 17:02:00,Normal,33.84,41.06,478.87,3.04,0.0,66.15
2026-06-01 17:03:00,Normal,33.86,41.77,461.14,2.6,0.0,63.79
2026-06-01 17:04:00,Normal,33.45,42.08,465.25,2.99,0.0,62.37
2026-06-01 17:05:00,Normal,33.71,43.81,461.37,2.87,0.0,58.54
2026-06-01 17:06:00,Normal,33.43,42.15,463.2,2.76,0.0,62.16
2026-06-01 17:07:00,Normal,33.76,41.57,484.97,3.28,0.0,64.29
2026-06-01 17:08:00,Normal,33.74,41.61,472.72,3.09,0.0,64.14
2026-06-01 17:09:00,Normal,33.9,40.92,460.78,2.98,0.0,66.74
2026-06-01 17:10:00,Normal,33.91,42.58,451.27,2.88,0.0,61.76
2026-06-01 17:11:00,Normal,33.76,43.65,448.72,3.04,0.0,58.93
2026-06-01 17:12:00,Normal,33.65,42.22,456.1,3.18,0.0,62.28
2026-06-01 17:13:00,Normal,33.79,41.32,456.54,2.81,0.0,65.15
2026-06-01 17:14:00,Normal,33.63,41.21,433.56,2.98,0.0,65.37
2026-06-01 17:15:00,Normal,33.7,42.21,443.18,3.15,0.0,62.38
2026-06-01 17:16:00,Normal,33.84,41.77,412.9,2.58,0.0,63.77
2026-06-01 17:17:00,Normal,33.61,42.23,439.47,2.96,0.0,62.2
2026-06-01 17:18:00,Normal,33.8,42.2,443.6,2.88,0.0,62.53
2026-06-01 17:19:00,Normal,33.78,42.38,427.05,2.93,0.0,62.06
2026-06-01 17:20:00,Normal,33.52,43.04,450.95,2.86,0.0,60.24
2026-06-01 17:21:00,Normal,33.81,41.87,413.39,2.98,0.0,63.44
2026-06-01 17:22:00,Normal,33.76,41.54,424.33,3.34,0.0,64.38
2026-06-01 17:23:00,Normal,33.66,42.87,418.09,2.88,0.0,60.79
2026-06-01 17:24:00,Normal,33.52,42.86,414.24,3.0,0.0,60.61
2026-06-01 17:25:00,Normal,33.5,43.44,411.02,3.34,0.0,59.47
2026-06-01 17:26:00,Normal,33.54,43.27,410.7,2.83,0.0,59.83
2026-06-01 17:27:00,Normal,33.69,41.52,416.65,3.3,0.0,64.37
2026-06-01 17:28:00,Normal,33.46,42.16,419.91,2.94,0.0,62.17
2026-06-01 17:29:00,Normal,33.66,42.01,400.14,3.29,0.0,62.86
2026-06-01 17:30:00,Normal,33.4,42.55,406.8,3.08,0.0,61.11
2026-06-01 17:31:00,Normal,33.55,43.23,385.71,2.99,0.0,59.92
2026-06-01 17:32:00,Normal,33.59,42.88,399.89,2.91,0.0,60.67
2026-06-01 17:33:00,Normal,33.93,42.38,378.95,2.79,0.0,62.25
2026-06-01 17:34:00,Normal,33.35,43.58,397.3,2.93,0.0,58.99
2026-06-01 17:35:00,Normal,33.76,42.31,406.91,3.09,0.0,62.2
2026-06-01 17:36:00,Normal,33.56,43.48,377.1,2.91,0.0,59.36
2026-06-01 17:37:00,Normal,33.58,42.96,350.68,2.84,0.0,60.49
2026-06-01 17:38:00,Normal,33.53,42.87,366.12,2.85,0.0,60.6
2026-06-01 17:39:00,Normal,33.57,43.61,382.76,3.1,0.0,59.03
2026-06-01 17:40:00,Normal,33.47,43.06,372.05,3.14,0.0,60.12
2026-06-01 17:41:00,Normal,33.7,42.17,365.55,2.76,0.0,62.48
2026-06-01 17:42:00,Normal,33.4,42.67,370.58,2.76,0.0,60.83
2026-06-01 17:43:00,Normal,33.63,42.97,361.73,2.96,0.0,60.54
2026-06-01 17:44:00,Normal,33.36,44.06,366.3,3.19,0.0,57.93
2026-06-01 17:45:00,Normal,33.43,43.07,359.89,3.11,0.0,60.04
2026-06-01 17:46:00,Normal,33.27,44.34,362.91,2.63,0.0,57.27
2026-06-01 17:47:00,Normal,33.49,41.77,347.6,2.82,0.0,62.23
2026-06-01 17:48:00,Normal,33.62,42.53,349.98,2.68,0.0,61.48
2026-06-01 17:49:00,Normal,33.39,43.21,334.43,2.81,0.0,54.59
2026-06-01 17:50:00,Normal,33.36,42.88,328.33,3.18,0.0,53.18
2026-06-01 17:51:00,Normal,33.21,45.16,348.13,2.58,0.0,54.88
2026-06-01 17:52:00,Normal,33.33,43.35,330.11,2.53,0.0,53.07
2026-06-01 17:53:00,Normal,33.11,43.75,332.62,2.69,0.0,52.94
2026-06-01 17:54:00,Normal,33.2,43.76,322.77,2.91,0.0,50.7
2026-06-01 17:55:00,Normal,33.36,42.1,312.77,2.97,0.0,54.08
2026-06-01 17:56:00,Normal,33.51,42.42,315.26,2.93,0.0,55.6
2026-06-01 17:57:00,Normal,33.72,42.88,325.38,3.08,0.0,57.6
2026-06-01 17:58:00,Normal,33.2,43.37,313.87,2.48,0.0,50.94
2026-06-01 17:59:00,Normal,33.49,42.44,289.81,3.07,0.0,55.31
2026-06-01 18:00:00,Normal,33.3,44.25,300.32,2.77,0.0,50.95
2026-06-01 18:01:00,Normal,33.23,44.47,315.03,2.97,0.0,50.0
2026-06-01 18:02:00,Normal,33.3,43.77,293.9,2.56,0.0,51.76
2026-06-01 18:03:00,Normal,33.23,43.38,276.76,2.82,0.0,51.26
2026-06-01 18:04:00,Normal,33.23,43.53,305.75,2.86,0.0,51.16
2026-06-01 18:05:00,Normal,33.14,43.44,291.92,3.04,0.0,50.24
2026-06-01 18:06:00,Normal,32.97,43.78,282.22,2.49,0.0,48.29
2026-06-01 18:07:00,Normal,32.94,43.85,276.44,2.81,0.0,47.97
2026-06-01 18:08:00,Normal,33.25,43.23,285.27,2.59,0.0,51.59
2026-06-01 18:09:00,Normal,33.1,43.4,268.59,2.9,0.0,49.82
2026-06-01 18:10:00,Normal,33.04,43.26,279.05,2.95,0.0,49.24
2026-06-01 18:11:00,Normal,33.11,44.12,270.82,3.05,0.0,49.6
2026-06-01 18:12:00,Normal,33.22,43.84,265.14,2.68,0.0,50.87
2026-06-01 18:13:00,Normal,33.11,45.01,261.07,2.97,0.0,48.18
2026-06-01 18:14:00,Normal,32.97,43.98,255.3,3.05,0.0,48.23
2026-06-01 18:15:00,Normal,33.24,43.82,261.31,2.45,0.0,51.09
2026-06-01 18:16:00,Normal,33.28,43.72,243.58,2.9,0.0,51.58
2026-06-01 18:17:00,Normal,33.1,43.88,234.77,2.96,0.0,49.6
2026-06-01 18:18:00,Normal,33.15,44.32,247.96,2.72,0.0,49.63
2026-06-01 18:19:00,Normal,33.18,44.27,244.72,2.52,0.0,49.95
2026-06-01 18:20:00,Normal,33.15,44.09,240.28,2.95,0.0,50.02
2026-06-01 18:21:00,Normal,33.05,44.0,236.42,2.52,0.0,49.04
2026-06-01 18:22:00,Normal,33.04,43.99,228.04,2.72,0.0,48.94
2026-06-01 18:23:00,Normal,33.01,43.46,232.3,2.74,0.0,48.83
2026-06-01 18:24:00,Normal,32.75,44.51,223.31,2.89,0.0,46.0
2026-06-01 18:25:00,Normal,33.0,43.92,217.08,2.62,0.0,48.56
2026-06-01 18:26:00,Normal,32.68,44.52,214.95,2.6,0.0,45.35
2026-06-01 18:27:00,Normal,32.75,45.27,226.6,2.76,0.0,45.34
2026-06-01 18:28:00,Normal,33.04,44.9,199.37,2.93,0.0,47.86
2026-06-01 18:29:00,Normal,32.96,43.87,210.09,3.19,0.0,48.17
2026-06-01 18:30:00,Normal,33.04,44.36,193.39,2.42,0.0,48.73
2026-06-01 18:31:00,Normal,32.76,44.35,199.66,2.78,0.0,46.11
2026-06-01 18:32:00,Normal,32.61,45.21,194.41,2.5,0.0,44.56
2026-06-01 18:33:00,Normal,32.73,44.64,181.52,2.92,0.0,45.81
2026-06-01 18:34:00,Normal,32.76,45.32,192.5,2.52,0.0,45.33
2026-06-01 18:35:00,Normal,32.74,44.61,184.8,2.57,0.0,45.9
2026-06-01 18:36:00,Normal,32.88,45.24,172.02,2.58,0.0,46.22
2026-06-01 18:37:00,Normal,32.64,45.15,184.76,2.68,0.0,44.83
2026-06-01 18:38:00,Normal,32.73,44.66,184.48,2.76,0.0,45.81
2026-06-01 18:39:00,Normal,32.51,44.91,181.26,2.79,0.0,43.81
2026-06-01 18:40:00,Normal,32.71,45.27,171.98,2.69,0.0,45.09
2026-06-01 18:41:00,Normal,32.62,45.89,167.01,2.42,0.0,43.51
2026-06-01 18:42:00,Normal,32.49,45.88,169.93,2.83,0.0,42.7
2026-06-01 18:43:00,Normal,32.55,46.9,168.12,2.67,0.0,41.1
2026-06-01 18:44:00,Normal,32.54,46.44,162.0,2.91,0.0,41.97
2026-06-01 18:45:00,Normal,32.51,45.49,148.97,2.53,0.0,43.49
2026-06-01 18:46:00,Normal,32.79,44.68,150.83,2.35,0.0,46.36
2026-06-01 18:47:00,Normal,32.49,45.99,148.48,2.66,0.0,42.5
2026-06-01 18:48:00,Normal,32.45,45.32,135.4,2.92,0.0,43.26
2026-06-01 18:49:00,Normal,32.16,47.34,141.76,2.69,0.0,37.92
2026-06-01 18:50:00,Normal,32.32,46.41,145.7,2.61,0.0,40.62
2026-06-01 18:51:00,Normal,32.39,46.14,135.57,2.47,0.0,41.59
2026-06-01 18:52:00,Normal,32.31,46.63,135.36,2.99,0.0,40.11
2026-06-01 18:53:00,Normal,32.6,46.45,126.93,2.43,0.0,42.34
2026-06-01 18:54:00,Normal,32.35,46.21,122.58,2.49,0.0,41.2
2026-06-01 18:55:00,Normal,32.55,45.49,120.82,2.75,0.0,43.74
2026-06-01 18:56:00,Normal,32.34,47.03,113.22,2.26,0.0,39.45
2026-06-01 18:57:00,Normal,32.32,46.78,109.41,2.88,0.0,39.85
2026-06-01 18:58:00,Normal,32.28,46.11,113.42,2.75,0.0,40.97
2026-06-01 18:59:00,Normal,32.27,46.33,110.23,2.8,0.0,40.49
2026-06-01 19:00:00,Normal,32.51,45.78,99.42,2.72,0.0,43.0
2026-06-01 19:01:00,Normal,31.88,47.62,101.94,2.58,0.0,36.44
2026-06-01 19:02:00,Normal,31.91,46.52,95.41,2.39,0.0,38.71
2026-06-01 19:03:00,Normal,32.11,45.86,93.2,2.57,0.0,40.35
2026-06-01 19:04:00,Normal,32.17,46.08,90.08,2.4,0.0,40.53
2026-06-01 19:05:00,Normal,32.25,45.81,88.0,2.69,0.0,41.39
2026-06-01 19:06:00,Normal,32.2,46.15,82.24,2.75,0.0,40.53
2026-06-01 19:07:00,Normal,32.05,47.33,81.95,2.88,0.0,37.57
2026-06-01 19:08:00,Normal,32.23,46.33,75.92,2.66,0.0,40.31
2026-06-01 19:09:00,Normal,32.21,46.6,73.15,2.76,0.0,39.69
2026-06-01 19:10:00,Normal,32.07,46.16,66.68,2.52,0.0,39.97
2026-06-01 19:11:00,Normal,32.16,46.36,69.19,2.48,0.0,39.96
2026-06-01 19:12:00,Normal,32.04,47.33,62.43,2.66,0.0,37.54
2026-06-01 19:13:00,Normal,31.89,47.75,59.39,2.49,0.0,36.2
2026-06-01 19:14:00,Normal,32.05,46.49,52.09,2.61,0.0,39.27
2026-06-01 19:15:00,Normal,31.94,47.33,50.05,2.34,0.0,37.22
2026-06-01 19:16:00,Normal,31.91,48.66,49.68,2.38,0.0,34.19
2026-06-01 19:17:00,Normal,32.1,46.78,44.86,2.67,0.0,38.89
2026-06-01 19:18:00,Normal,31.49,48.07,38.7,2.72,0.0,34.62
2026-06-01 19:19:00,Normal,31.62,48.02,38.81,2.34,0.0,34.98
2026-06-01 19:20:00,Normal,31.64,48.15,33.66,2.67,0.0,34.76
2026-06-01 19:21:00,Normal,31.74,47.72,32.1,2.43,0.0,35.87
2026-06-01 19:22:00,Normal,31.73,47.81,27.31,2.53,0.0,35.66
2026-06-01 19:23:00,Normal,31.52,47.55,24.1,2.81,0.0,35.69
2026-06-01 19:24:00,Normal,31.57,47.69,21.26,2.68,0.0,35.53
2026-06-01 19:25:00,Normal,31.57,48.19,16.65,2.68,0.0,34.53
2026-06-01 19:26:00,Normal,32.04,46.86,13.28,2.89,0.0,38.51
2026-06-01 19:27:00,Normal,31.92,46.96,10.21,2.37,0.0,37.9
2026-06-01 19:28:00,Normal,31.56,48.18,7.02,2.31,0.0,34.57
2026-06-01 19:29:00,Normal,31.55,48.37,3.29,2.36,0.0,34.12
2026-06-01 19:30:00,Normal,31.41,49.26,0.0,2.45,0.0,32.01
2026-06-01 19:31:00,Normal,31.27,49.05,0.0,2.02,0.0,35.11
2026-06-01 19:32:00,Normal,31.51,48.67,0.0,2.45,0.0,33.43
2026-06-01 19:33:00,Normal,31.36,48.55,0.0,2.38,0.0,33.42
2026-06-01 19:34:00,Normal,31.47,48.9,0.0,2.64,0.0,32.87
2026-06-01 19:35:00,Normal,31.22,49.48,0.0,2.55,0.0,31.32
2026-06-01 19:36:00,Normal,31.32,49.5,0.0,2.35,0.0,31.78
2026-06-01 19:37:00,Normal,31.43,49.1,0.0,2.59,0.0,32.39
2026-06-01 19:38:00,Normal,31.44,49.0,0.0,2.61,0.0,32.62
2026-06-01 19:39:00,Normal,31.42,48.64,0.0,2.31,0.0,33.84
2026-06-01 19:40:00,Normal,31.13,49.64,0.0,2.36,0.0,31.72
2026-06-01 19:41:00,Normal,31.43,49.29,0.0,2.01,0.0,34.15
2026-06-01 19:42:00,Normal,31.16,49.02,0.0,2.23,0.0,34.29
2026-06-01 19:43:00,Normal,31.35,48.51,0.0,2.3,0.0,34.32
2026-06-01 19:44:00,Normal,31.23,49.33,0.0,2.46,0.0,31.64
2026-06-01 19:45:00,Normal,31.0,50.12,0.0,2.25,0.0,32.21
2026-06-01 19:46:00,Normal,31.13,49.0,0.0,2.33,0.0,33.34
2026-06-01 19:47:00,Normal,31.21,49.24,0.0,2.19,0.0,34.19
2026-06-01 19:48:00,Normal,31.22,49.2,0.0,2.46,0.0,31.9
2026-06-01 19:49:00,Normal,31.08,48.31,0.0,2.51,0.0,33.43
2026-06-01 19:50:00,Normal,31.3,48.88,0.0,2.5,0.0,32.66
2026-06-01 19:51:00,Normal,31.2,49.21,0.0,2.42,0.0,31.97
2026-06-01 19:52:00,Normal,30.98,49.81,0.0,2.1,0.0,34.33
2026-06-01 19:53:00,Normal,31.11,50.41,0.0,2.28,0.0,31.72
2026-06-01 19:54:00,Normal,31.26,48.41,0.0,2.32,0.0,34.44
2026-06-01 19:55:00,Normal,31.23,48.71,0.0,2.32,0.0,33.89
2026-06-01 19:56:00,Normal,30.73,49.04,0.0,2.41,0.0,33.06
2026-06-01 19:57:00,Normal,30.75,50.27,0.0,2.68,0.0,29.81
2026-06-01 19:58:00,Normal,31.08,49.39,0.0,2.55,0.0,31.35
2026-06-01 19:59:00,Normal,30.67,50.46,0.0,2.19,0.0,33.32
2026-06-01 20:00:00,Normal,30.61,51.61,0.0,2.52,0.0,30.48
2026-06-01 20:01:00,Normal,30.7,51.19,0.0,2.5,0.0,30.5
2026-06-01 20:02:00,Normal,30.81,50.42,0.0,2.21,0.0,32.91
2026-06-01 20:03:00,Normal,30.71,50.45,0.0,2.54,0.0,30.18
2026-06-01 20:04:00,Normal,30.6,51.59,0.0,2.33,0.0,32.05
2026-06-01 20:05:00,Normal,30.57,51.05,0.0,2.08,0.0,34.69
2026-06-01 20:06:00,Normal,30.53,50.66,0.0,2.45,0.0,31.12
2026-06-01 20:07:00,Normal,30.48,50.27,0.0,2.4,0.0,31.6
2026-06-01 20:08:00,Normal,30.93,49.8,0.0,2.3,0.0,32.27
2026-06-01 20:09:00,Normal,30.6,51.42,0.0,2.34,0.0,31.96
2026-06-01 20:10:00,Normal,30.66,52.17,0.0,2.2,0.0,33.23
2026-06-01 20:11:00,Normal,30.43,51.49,0.0,2.46,0.0,31.17
2026-06-01 20:12:00,Normal,30.44,50.95,0.0,2.32,0.0,32.34
2026-06-01 20:13:00,Normal,30.33,50.99,0.0,2.36,0.0,32.12
2026-06-01 20:14:00,Normal,30.02,52.92,0.0,2.4,0.0,32.11
2026-06-01 20:15:00,Normal,30.18,51.08,0.0,2.09,0.0,34.99
2026-06-01 20:16:00,Normal,30.08,52.73,0.0,2.14,0.0,34.52
2026-06-01 20:17:00,Normal,29.99,53.16,0.0,1.87,0.0,32.65
2026-06-01 20:18:00,Normal,30.12,52.57,0.0,2.42,0.0,31.84
2026-06-01 20:19:00,Normal,30.47,51.2,0.0,2.06,0.0,34.73
2026-06-01 20:20:00,Normal,30.23,52.33,0.0,2.33,0.0,32.49
2026-06-01 20:21:00,Normal,30.4,51.62,0.0,2.37,0.0,31.95
2026-06-01 20:22:00,Normal,30.24,51.49,0.0,2.41,0.0,31.8
2026-06-01 20:23:00,Normal,30.27,53.0,0.0,2.05,0.0,34.79
2026-06-01 20:24:00,Normal,29.99,52.46,0.0,2.27,0.0,33.28
2026-06-01 20:25:00,Normal,30.17,52.63,0.0,2.62,0.0,30.31
2026-06-01 20:26:00,Normal,30.17,50.71,0.0,2.62,0.0,30.31
2026-06-01 20:27:00,Normal,29.95,53.55,0.0,2.47,0.0,31.61
2026-06-01 20:28:00,Normal,30.09,53.27,0.0,2.34,0.0,32.55
2026-06-01 20:29:00,Normal,30.06,52.49,0.0,2.07,0.0,35.3
2026-06-01 20:30:00,Normal,29.86,53.36,0.0,2.41,0.0,32.17
2026-06-01 20:31:00,Normal,29.74,53.68,0.0,2.23,0.0,33.87
2026-06-01 20:32:00,Normal,29.7,53.07,0.0,2.37,0.0,32.63
2026-06-01 20:33:00,Normal,29.87,53.34,0.0,2.12,0.0,34.92
2026-06-01 20:34:00,Normal,29.87,52.51,0.0,2.21,0.0,33.97
2026-06-01 20:35:00,Normal,29.67,53.18,0.0,2.28,0.0,33.45
2026-06-01 20:36:00,Normal,29.76,53.96,0.0,2.29,0.0,33.29
2026-06-01 20:37:00,Normal,29.82,53.73,0.0,2.33,0.0,32.88
2026-06-01 20:38:00,Normal,29.79,52.79,0.0,2.12,0.0,34.98
2026-06-01 20:39:00,Normal,29.9,52.47,0.0,1.96,0.0,33.84
2026-06-01 20:40:00,Normal,29.83,52.72,0.0,2.55,0.0,31.13
2026-06-01 20:41:00,Normal,29.46,54.58,0.0,2.72,0.0,30.29
2026-06-01 20:42:00,Normal,29.83,52.51,0.0,2.31,0.0,33.05
2026-06-01 20:43:00,Normal,29.46,54.34,0.0,1.95,0.0,34.03
2026-06-01 20:44:00,Normal,29.67,54.0,0.0,2.05,0.0,35.29
2026-06-01 20:45:00,Normal,29.49,53.99,0.0,2.31,0.0,33.3
2026-06-01 20:46:00,Normal,29.39,54.94,0.0,2.47,0.0,32.04
2026-06-01 20:47:00,Normal,29.15,54.82,0.0,1.95,0.0,34.2
2026-06-01 20:48:00,Normal,29.36,54.28,0.0,2.17,0.0,34.72
2026-06-01 20:49:00,Normal,29.12,54.49,0.0,2.23,0.0,34.24
2026-06-01 20:50:00,Normal,29.47,54.72,0.0,2.36,0.0,32.88
2026-06-01 20:51:00,Normal,29.52,53.51,0.0,2.11,0.0,35.27
2026-06-01 20:52:00,Normal,29.14,55.23,0.0,1.86,0.0,33.12
2026-06-01 20:53:00,Normal,29.27,54.61,0.0,2.3,0.0,33.52
2026-06-01 20:54:00,Normal,29.09,54.54,0.0,2.39,0.0,32.84
2026-06-01 20:55:00,Normal,29.07,54.85,0.0,2.15,0.0,35.07
2026-06-01 20:56:00,Normal,29.25,55.55,0.0,2.24,0.0,34.09
2026-06-01 20:57:00,Normal,29.09,55.27,0.0,2.06,0.0,35.75
2026-06-01 20:58:00,Normal,29.33,53.9,0.0,1.99,0.0,34.64
2026-06-01 20:59:00,Normal,28.96,55.7,0.0,2.36,0.0,33.14
2026-06-01 21:00:00,Normal,29.15,54.9,0.0,2.22,0.0,34.33
2026-06-01 21:01:00,Normal,28.98,57.53,0.0,2.24,0.0,34.2
2026-06-01 21:02:00,Normal,29.06,55.43,0.0,2.44,0.0,32.45
2026-06-01 21:03:00,Normal,28.84,55.64,0.0,1.92,0.0,33.95
2026-06-01 21:04:00,Normal,28.86,56.64,0.0,2.02,0.0,35.25
2026-06-01 21:05:00,Normal,28.82,54.8,0.0,2.16,0.0,35.06
2026-06-01 21:06:00,Normal,28.68,56.36,0.0,2.01,0.0,35.17
2026-06-01 21:07:00,Normal,28.87,56.96,0.0,2.28,0.0,33.88
2026-06-01 21:08:00,Normal,28.84,55.8,0.0,2.08,0.0,35.91
2026-06-01 21:09:00,Normal,28.8,54.94,0.0,1.91,0.0,33.84
2026-06-01 21:10:00,Normal,28.9,55.44,0.0,2.12,0.0,35.45
2026-06-01 21:11:00,Normal,28.86,56.68,0.0,2.14,0.0,35.25
2026-06-01 21:12:00,Normal,28.55,56.89,0.0,2.29,0.0,33.82
2026-06-01 21:13:00,Normal,28.63,55.94,0.0,2.18,0.0,34.91
2026-06-01 21:14:00,Normal,28.45,56.54,0.0,2.19,0.0,34.81
2026-06-01 21:15:00,Normal,28.51,56.44,0.0,2.15,0.0,35.22
2026-06-01 21:16:00,Normal,28.38,57.35,0.0,2.05,0.0,35.66
2026-06-01 21:17:00,Normal,28.68,57.1,0.0,1.94,0.0,34.2
2026-06-01 21:18:00,Normal,28.46,57.55,0.0,2.14,0.0,35.19
2026-06-01 21:19:00,Normal,28.34,57.53,0.0,2.01,0.0,35.06
2026-06-01 21:20:00,Normal,28.52,55.96,0.0,2.41,0.0,32.87
2026-06-01 21:21:00,Normal,27.98,57.46,0.0,2.34,0.0,33.3
2026-06-01 21:22:00,Normal,27.97,58.6,0.0,2.19,0.0,34.47
2026-06-01 21:23:00,Normal,28.35,56.4,0.0,2.14,0.0,35.33
2026-06-01 21:24:00,Normal,28.21,57.47,0.0,2.04,0.0,35.49
2026-06-01 21:25:00,Normal,28.2,57.81,0.0,1.8,0.0,32.47
2026-06-01 21:26:00,Normal,27.93,57.7,0.0,2.01,0.0,35.03
2026-06-01 21:27:00,Normal,28.09,57.32,0.0,2.07,0.0,35.96
2026-06-01 21:28:00,Normal,28.36,57.13,0.0,2.09,0.0,35.8
2026-06-01 21:29:00,Normal,28.15,58.07,0.0,2.13,0.0,35.21
2026-06-01 21:30:00,Normal,28.02,58.78,0.0,2.22,0.0,34.13
2026-06-01 21:31:00,Normal,27.89,58.85,0.0,1.89,0.0,33.24
2026-06-01 21:32:00,Normal,27.86,58.61,0.0,1.89,0.0,33.3
2026-06-01 21:33:00,Normal,27.57,58.94,0.0,2.31,0.0,33.24
2026-06-01 21:34:00,Normal,27.89,57.85,0.0,2.18,0.0,34.73
2026-06-01 21:35:00,Normal,27.95,58.03,0.0,1.94,0.0,34.04
2026-06-01 21:36:00,Normal,27.55,59.69,0.0,1.99,0.0,34.27
2026-06-01 21:37:00,Normal,27.65,59.37,0.0,1.99,0.0,34.37
2026-06-01 21:38:00,Normal,27.54,58.21,0.0,2.01,0.0,34.94
2026-06-01 21:39:00,Normal,27.53,59.02,0.0,2.1,0.0,35.33
2026-06-01 21:40:00,Normal,27.65,59.88,0.0,2.51,0.0,31.31
2026-06-01 21:41:00,Normal,27.29,60.2,0.0,2.03,0.0,34.67
2026-06-01 21:42:00,Normal,27.66,58.27,0.0,2.13,0.0,35.17
2026-06-01 21:43:00,Normal,27.65,60.58,0.0,1.65,0.0,30.15
2026-06-01 21:44:00,Normal,27.46,59.66,0.0,1.89,0.0,32.99
2026-06-01 21:45:00,Normal,27.09,60.94,0.0,2.23,0.0,33.28
2026-06-01 21:46:00,Normal,27.28,60.43,0.0,2.06,0.0,35.04
2026-06-01 21:47:00,Normal,27.58,59.14,0.0,1.1,0.0,27.01
2026-06-01 21:48:00,Normal,26.94,60.7,0.0,2.11,0.0,34.66
2026-06-01 21:49:00,Normal,27.27,61.49,0.0,2.35,0.0,31.87
2026-06-01 21:50:00,Normal,27.11,61.27,0.0,1.57,0.0,29.13
2026-06-01 21:51:00,Normal,27.37,60.43,0.0,2.26,0.0,33.2
2026-06-01 21:52:00,Normal,27.11,61.0,0.0,1.4,0.0,28.01
2026-06-01 21:53:00,Normal,27.24,59.71,0.0,2.14,0.0,34.69
2026-06-01 21:54:00,Normal,27.23,61.11,0.0,1.95,0.0,33.16
2026-06-01 21:55:00,Normal,27.38,59.41,0.0,1.48,0.0,29.24
2026-06-01 21:56:00,Normal,27.04,61.04,0.0,2.03,0.0,34.33
2026-06-01 21:57:00,Normal,27.09,59.74,0.0,2.17,0.0,34.36
2026-06-01 21:58:00,Normal,26.77,60.38,0.0,2.01,0.0,34.31
2026-06-01 21:59:00,Normal,27.14,60.78,0.0,2.05,0.0,34.75
2026-06-01 22:00:00,Normal,26.81,61.02,0.0,1.85,0.0,31.97
2026-06-01 22:01:00,Normal,26.8,60.33,0.0,1.55,0.0,29.42
2026-06-01 22:02:00,Normal,26.84,61.73,0.0,2.06,0.0,34.46
2026-06-01 22:03:00,Normal,26.58,63.42,0.0,2.27,0.0,31.32
2026-06-01 22:04:00,Normal,26.81,62.34,0.0,2.14,0.0,33.49
2026-06-01 22:05:00,Normal,26.88,61.15,0.0,1.52,0.0,28.8
2026-06-01 22:06:00,Normal,26.74,61.69,0.0,1.61,0.0,29.23
2026-06-01 22:07:00,Normal,26.42,63.11,0.0,1.74,0.0,29.46
2026-06-01 22:08:00,Normal,26.6,62.74,0.0,1.58,0.0,28.29
2026-06-01 22:09:00,Normal,26.7,61.6,0.0,1.91,0.0,32.39
2026-06-01 22:10:00,Normal,26.27,63.03,0.0,1.98,0.0,32.42
2026-06-01 22:11:00,Normal,26.35,62.96,0.0,1.61,0.0,28.37
2026-06-01 22:12:00,Normal,26.6,62.4,0.0,2.05,0.0,33.92
2026-06-01 22:13:00,Normal,26.47,62.35,0.0,2.01,0.0,33.33
2026-06-01 22:14:00,Normal,26.46,62.4,0.0,1.77,0.0,30.3
2026-06-01 22:15:00,Normal,26.64,62.81,0.0,1.85,0.0,30.89
2026-06-01 22:16:00,Normal,26.39,63.39,0.0,1.49,0.0,27.06
2026-06-01 22:17:00,Normal,26.38,62.98,0.0,1.81,0.0,30.31
2026-06-01 22:18:00,Normal,26.65,62.98,0.0,1.87,0.0,31.0
2026-06-01 22:19:00,Normal,26.17,63.04,0.0,1.9,0.0,31.33
2026-06-01 22:20:00,Normal,26.04,64.6,0.0,1.94,0.0,30.41
2026-06-01 22:21:00,Normal,26.19,63.55,0.0,1.91,0.0,31.04
2026-06-01 22:22:00,Normal,26.15,65.29,0.0,1.8,0.0,27.84
2026-06-01 22:23:00,Normal,25.97,63.13,0.0,1.91,0.0,31.39
2026-06-01 22:24:00,Normal,25.85,63.75,0.0,2.05,0.0,32.92
2026-06-01 22:25:00,Normal,26.31,63.13,0.0,1.83,0.0,30.42
2026-06-01 22:26:00,Normal,25.97,64.06,0.0,1.91,0.0,30.57
2026-06-01 22:27:00,Normal,25.77,65.55,0.0,1.8,0.0,27.48
2026-06-01 22:28:00,Normal,25.98,63.41,0.0,1.71,0.0,28.92
2026-06-01 22:29:00,Normal,25.78,64.9,0.0,1.94,0.0,30.06
2026-06-01 22:30:00,Normal,25.71,65.24,0.0,1.72,0.0,27.08
2026-06-01 22:31:00,Normal,25.81,64.7,0.0,1.91,0.0,29.89
2026-06-01 22:32:00,Normal,25.5,64.56,0.0,1.83,0.0,29.07
2026-06-01 22:33:00,Normal,25.72,65.37,0.0,1.76,0.0,27.31
2026-06-01 22:34:00,Normal,25.92,64.7,0.0,1.75,0.0,28.04
2026-06-01 22:35:00,Normal,25.67,65.01,0.0,1.72,0.0,27.37
2026-06-01 22:36:00,Normal,25.52,65.21,0.0,1.48,0.0,25.1
2026-06-01 22:37:00,Normal,25.47,65.36,0.0,1.89,0.0,28.81
2026-06-01 22:38:00,Normal,25.45,65.23,0.0,1.85,0.0,28.49
2026-06-01 22:39:00,Normal,25.44,65.68,0.0,1.97,0.0,28.9
2026-06-01 22:40:00,Normal,25.39,65.46,0.0,1.7,0.0,26.59
2026-06-01 22:41:00,Normal,25.55,64.48,0.0,2.18,0.0,31.26
2026-06-01 22:42:00,Normal,25.12,65.55,0.0,1.72,0.0,26.66
2026-06-01 22:43:00,Normal,25.48,64.73,0.0,1.62,0.0,26.78
2026-06-01 22:44:00,Normal,25.26,65.93,0.0,1.59,0.0,24.95
2026-06-01 22:45:00,Normal,25.34,65.55,0.0,1.44,0.0,24.79
2026-06-01 22:46:00,Normal,25.09,66.41,0.0,2.09,0.0,26.77
2026-06-01 22:47:00,Normal,25.42,65.65,0.0,2.05,0.0,28.99
2026-06-01 22:48:00,Normal,25.38,65.1,0.0,1.9,0.0,29.28
2026-06-01 22:49:00,Normal,25.3,66.56,0.0,1.6,0.0,24.0
2026-06-01 22:50:00,Normal,24.9,66.65,0.0,2.13,0.0,26.04
2026-06-01 22:51:00,Normal,25.22,65.66,0.0,1.7,0.0,26.31
2026-06-01 22:52:00,Normal,25.12,66.48,0.0,1.71,0.0,25.08
2026-06-01 22:53:00,Normal,24.79,66.02,0.0,2.05,0.0,27.92
2026-06-01 22:54:00,Normal,24.99,66.08,0.0,1.89,0.0,27.72
2026-06-01 22:55:00,Normal,25.02,67.07,0.0,2.2,0.0,24.75
2026-06-01 22:56:00,Normal,25.01,65.45,0.0,1.8,0.0,27.62
2026-06-01 22:57:00,Normal,24.92,67.41,0.0,1.67,0.0,22.89
2026-06-01 22:58:00,Normal,24.91,67.69,0.0,1.63,0.0,21.95
2026-06-01 22:59:00,Normal,25.05,66.16,0.0,1.38,0.0,24.3
2026-06-01 23:00:00,Normal,24.98,66.76,0.0,1.69,0.0,24.39
2026-06-01 23:01:00,Normal,24.33,69.05,0.0,1.97,0.0,18.55
2026-06-01 23:02:00,Normal,24.68,67.13,0.0,1.86,0.0,24.56
2026-06-01 23:03:00,Normal,24.67,67.96,0.0,1.74,0.0,21.86
2026-06-01 23:04:00,Normal,24.4,67.79,0.0,1.53,0.0,22.06
2026-06-01 23:05:00,Normal,24.64,67.23,0.0,1.78,0.0,24.24
2026-06-01 23:06:00,Normal,24.78,66.65,0.0,1.93,0.0,26.04
2026-06-01 23:07:00,Normal,24.4,68.4,0.0,1.81,0.0,20.47
2026-06-01 23:08:00,Normal,24.58,68.39,0.0,1.76,0.0,20.4
2026-06-01 23:09:00,Normal,24.36,68.2,0.0,1.56,0.0,21.07
2026-06-01 23:10:00,Normal,24.36,67.54,0.0,1.89,0.0,23.25
2026-06-01 23:11:00,Normal,24.65,66.85,0.0,1.09,0.0,23.69
2026-06-01 23:12:00,Normal,24.31,68.67,0.0,1.79,0.0,19.79
2026-06-01 23:13:00,Normal,24.43,69.21,0.0,2.22,0.0,17.9
2026-06-01 23:14:00,Normal,24.05,69.41,0.0,1.4,0.0,17.55
2026-06-01 23:15:00,Normal,24.57,67.48,0.0,1.66,0.0,22.66
2026-06-01 23:16:00,Normal,24.35,68.79,0.0,1.7,0.0,19.37
2026-06-01 23:17:00,Normal,24.2,68.6,0.0,1.61,0.0,20.15
2026-06-01 23:18:00,Normal,24.28,68.3,0.0,1.9,0.0,20.91
2026-06-01 23:19:00,Normal,23.95,68.87,0.0,1.79,0.0,19.61
2026-06-01 23:20:00,Normal,24.3,69.3,0.0,1.72,0.0,17.71
2026-06-01 23:21:00,Normal,24.04,67.66,0.0,1.85,0.0,22.93
2026-06-01 23:22:00,Normal,24.03,69.7,0.0,1.69,0.0,16.4
2026-06-01 23:23:00,Normal,23.95,69.16,0.0,2.32,0.0,18.59
2026-06-01 23:24:00,Normal,23.9,69.32,0.0,1.71,0.0,18.05
2026-06-01 23:25:00,Normal,24.06,70.14,0.0,1.72,0.0,15.06
2026-06-01 23:26:00,Normal,23.96,68.98,0.0,1.33,0.0,19.22
2026-06-01 23:27:00,Normal,23.99,68.92,0.0,1.56,0.0,19.39
2026-06-01 23:28:00,Normal,23.86,69.62,0.0,1.9,0.0,16.88
2026-06-01 23:29:00,Normal,23.9,69.82,0.0,1.4,0.0,15.97
2026-06-01 23:30:00,Normal,23.73,69.79,0.0,1.23,0.0,16.23
2026-06-01 23:31:00,Normal,24.09,68.1,0.0,1.67,0.0,21.73
2026-06-01 23:32:00,Normal,23.49,70.2,0.0,1.94,0.0,15.37
2026-06-01 23:33:00,Normal,23.88,70.41,0.0,1.67,0.0,15.15
2026-06-01 23:34:00,Normal,23.86,69.73,0.0,1.59,0.0,16.4
2026-06-01 23:35:00,Normal,23.5,70.97,0.0,1.28,0.0,15.37
2026-06-01 23:36:00,Normal,23.92,69.35,0.0,1.74,0.0,17.91
2026-06-01 23:37:00,Normal,23.71,69.72,0.0,1.78,0.0,16.57
2026-06-01 23:38:00,Normal,23.67,71.23,0.0,1.29,0.0,15.27
2026-06-01 23:39:00,Normal,23.49,70.59,0.0,1.87,0.0,15.37
2026-06-01 23:40:00,Normal,23.42,70.64,0.0,1.8,0.0,15.41
2026-06-01 23:41:00,Normal,23.39,71.65,0.0,1.87,0.0,15.43
2026-06-01 23:42:00,Normal,23.45,70.4,0.0,1.75,0.0,15.39
2026-06-01 23:43:00,Normal,23.57,70.15,0.0,1.77,0.0,15.33
2026-06-01 23:44:00,Normal,23.35,71.11,0.0,1.74,0.0,15.45
2026-06-01 23:45:00,Normal,23.15,71.65,0.0,1.81,0.0,15.56
2026-06-01 23:46:00,Normal,23.38,71.18,0.0,1.27,0.0,15.43
2026-06-01 23:47:00,Normal,23.36,72.33,0.0,1.33,0.0,15.45
2026-06-01 23:48:00,Normal,23.29,71.48,0.0,1.48,0.0,15.48
2026-06-01 23:49:00,Normal,23.27,69.9,0.0,1.6,0.0,16.03
2026-06-01 23:50:00,Normal,23.08,72.04,0.0,1.7,0.0,15.6
2026-06-01 23:51:00,Normal,22.95,72.24,0.0,1.68,0.0,15.68
2026-06-01 23:52:00,Normal,22.93,72.3,0.0,1.84,0.0,15.69
2026-06-01 23:53:00,Normal,22.78,72.84,0.0,1.84,0.0,15.78
2026-06-01 23:54:00,Normal,23.03,71.98,0.0,1.44,0.0,15.63
2026-06-01 23:55:00,Normal,22.95,72.19,0.0,1.66,0.0,15.68
2026-06-01 23:56:00,Normal,22.86,72.83,0.0,1.44,0.0,15.73
2026-06-01 23:57:00,Normal,22.45,73.28,0.0,1.57,0.0,15.97
2026-06-01 23:58:00,Normal,22.67,72.42,0.0,1.67,0.0,15.84
2026-06-01 23:59:00,Normal,23.0,73.9,0.0,0.92,0.0,15.65
2026-06-01 00:00:00,Hot & Dry,27.4,53.93,0.0,1.89,0.0,33.69
2026-06-01 00:01:00,Hot & Dry,27.16,54.95,0.0,2.1,0.0,35.75
2026-06-01 00:02:00,Hot & Dry,27.39,54.22,0.0,1.69,0.0,31.62
2026-06-01 00:03:00,Hot & Dry,27.38,54.48,0.0,2.1,0.0,35.78
2026-06-01 00:04:00,Hot & Dry,26.91,55.11,0.0,1.83,0.0,32.92
2026-06-01 00:05:00,Hot & Dry,26.97,55.12,0.0,1.95,0.0,34.34
2026-06-01 00:06:00,Hot & Dry,27.15,54.76,0.0,2.34,0.0,33.42
2026-06-01 00:07:00,Hot & Dry,27.04,54.82,0.0,2.19,0.0,34.78
2026-06-01 00:08:00,Hot & Dry,27.05,54.48,0.0,2.21,0.0,34.59
2026-06-01 00:09:00,Hot & Dry,26.89,54.97,0.0,1.6,0.0,30.73
2026-06-01 00:10:00,Hot & Dry,27.11,54.06,0.0,2.53,0.0,31.92
2026-06-01 00:11:00,Hot & Dry,27.06,54.95,0.0,1.74,0.0,32.03
2026-06-01 00:12:00,Hot & Dry,26.92,55.04,0.0,2.45,0.0,32.47
2026-06-01 00:13:00,Hot & Dry,27.04,54.35,0.0,2.31,0.0,33.66
2026-06-01 00:14:00,Hot & Dry,26.9,54.73,0.0,2.2,0.0,34.65
2026-06-01 00:15:00,Hot & Dry,26.67,55.06,0.0,1.82,0.0,32.74
2026-06-01 00:16:00,Hot & Dry,26.81,55.96,0.0,2.08,0.0,35.9
2026-06-01 00:17:00,Hot & Dry,26.58,56.08,0.0,1.92,0.0,33.86
2026-06-01 00:18:00,Hot & Dry,26.82,54.85,0.0,2.05,0.0,35.68
2026-06-01 00:19:00,Hot & Dry,26.64,56.34,0.0,1.97,0.0,34.51
2026-06-01 00:20:00,Hot & Dry,26.58,55.68,0.0,1.5,0.0,29.85
2026-06-01 00:21:00,Hot & Dry,26.47,55.48,0.0,2.32,0.0,33.4
2026-06-01 00:22:00,Hot & Dry,26.72,56.24,0.0,2.01,0.0,35.08
2026-06-01 00:23:00,Hot & Dry,26.48,55.98,0.0,1.9,0.0,33.59
2026-06-01 00:24:00,Hot & Dry,26.4,56.27,0.0,1.88,0.0,33.32
2026-06-01 00:25:00,Hot & Dry,26.38,56.61,0.0,2.12,0.0,35.33
2026-06-01 00:26:00,Hot & Dry,26.47,57.0,0.0,1.79,0.0,32.36
2026-06-01 00:27:00,Hot & Dry,26.41,56.5,0.0,1.43,0.0,29.28
2026-06-01 00:28:00,Hot & Dry,26.38,55.85,0.0,2.12,0.0,35.33
2026-06-01 00:29:00,Hot & Dry,26.35,56.98,0.0,2.15,0.0,34.99
2026-06-01 00:30:00,Hot & Dry,26.57,55.75,0.0,1.96,0.0,34.36
2026-06-01 00:31:00,Hot & Dry,26.15,58.34,0.0,1.71,0.0,31.43
2026-06-01 00:32:00,Hot & Dry,26.1,57.35,0.0,2.03,0.0,35.14
2026-06-01 00:33:00,Hot & Dry,26.02,56.23,0.0,1.63,0.0,30.65
2026-06-01 00:34:00,Hot & Dry,26.2,57.29,0.0,1.74,0.0,31.74
2026-06-01 00:35:00,Hot & Dry,26.24,58.13,0.0,1.81,0.0,32.48
2026-06-01 00:36:00,Hot & Dry,26.02,58.52,0.0,2.22,0.0,34.15
2026-06-01 00:37:00,Hot & Dry,25.88,59.07,0.0,1.91,0.0,33.42
2026-06-01 00:38:00,Hot & Dry,25.84,57.45,0.0,1.88,0.0,33.06
2026-06-01 00:39:00,Hot & Dry,26.03,58.1,0.0,2.5,0.0,31.76
2026-06-01 00:40:00,Hot & Dry,26.01,57.17,0.0,2.09,0.0,35.51
2026-06-01 00:41:00,Hot & Dry,25.94,57.92,0.0,2.08,0.0,35.6
2026-06-01 00:42:00,Hot & Dry,25.73,57.62,0.0,1.89,0.0,33.12
2026-06-01 00:43:00,Hot & Dry,25.83,57.72,0.0,1.83,0.0,32.49
2026-06-01 00:44:00,Hot & Dry,25.78,57.85,0.0,1.42,0.0,28.89
2026-06-01 00:45:00,Hot & Dry,25.76,58.85,0.0,2.24,0.0,33.82
2026-06-01 00:46:00,Hot & Dry,25.82,58.61,0.0,2.1,0.0,35.31
2026-06-01 00:47:00,Hot & Dry,25.69,58.66,0.0,1.94,0.0,33.72
2026-06-01 00:48:00,Hot & Dry,25.72,57.59,0.0,1.95,0.0,33.86
2026-06-01 00:49:00,Hot & Dry,25.6,58.56,0.0,2.17,0.0,34.43
2026-06-01 00:50:00,Hot & Dry,25.6,58.31,0.0,1.57,0.0,29.9
2026-06-01 00:51:00,Hot & Dry,25.61,59.23,0.0,1.82,0.0,32.25
2026-06-01 00:52:00,Hot & Dry,25.27,60.38,0.0,1.68,0.0,30.51
2026-06-01 00:53:00,Hot & Dry,25.4,59.92,0.0,2.43,0.0,31.91
2026-06-01 00:54:00,Hot & Dry,25.35,58.99,0.0,2.2,0.0,33.97
2026-06-01 00:55:00,Hot & Dry,25.29,57.97,0.0,1.4,0.0,29.2
2026-06-01 00:56:00,Hot & Dry,25.31,58.49,0.0,1.58,0.0,29.78
2026-06-01 00:57:00,Hot & Dry,25.54,59.76,0.0,1.93,0.0,33.45
2026-06-01 00:58:00,Hot & Dry,25.15,59.74,0.0,1.84,0.0,32.16
2026-06-01 00:59:00,Hot & Dry,25.4,58.86,0.0,1.62,0.0,30.18
2026-06-01 01:00:00,Hot & Dry,24.97,61.49,0.0,2.47,0.0,30.88
2026-06-01 01:01:00,Hot & Dry,25.14,60.8,0.0,2.04,0.0,34.58
2026-06-01 01:02:00,Hot & Dry,25.18,59.94,0.0,2.08,0.0,35.17
2026-06-01 01:03:00,Hot & Dry,25.21,59.66,0.0,1.78,0.0,31.55
2026-06-01 01:04:00,Hot & Dry,25.19,59.79,0.0,2.15,0.0,34.39
2026-06-01 01:05:00,Hot & Dry,25.17,60.07,0.0,1.86,0.0,32.4
2026-06-01 01:06:00,Hot & Dry,24.97,61.46,0.0,1.88,0.0,32.1
2026-06-01 01:07:00,Hot & Dry,24.92,60.89,0.0,2.11,0.0,34.58
2026-06-01 01:08:00,Hot & Dry,25.09,60.61,0.0,1.53,0.0,29.26
2026-06-01 01:09:00,Hot & Dry,24.9,61.4,0.0,2.37,0.0,31.75
2026-06-01 01:10:00,Hot & Dry,24.7,60.54,0.0,2.0,0.0,33.82
2026-06-01 01:11:00,Hot & Dry,24.69,61.72,0.0,2.28,0.0,32.39
2026-06-01 01:12:00,Hot & Dry,24.69,61.09,0.0,1.67,0.0,30.03
2026-06-01 01:13:00,Hot & Dry,24.87,59.26,0.0,1.71,0.0,30.57
2026-06-01 01:14:00,Hot & Dry,24.79,59.73,0.0,1.65,0.0,29.94
2026-06-01 01:15:00,Hot & Dry,24.84,60.25,0.0,2.01,0.0,34.08
2026-06-01 01:16:00,Hot & Dry,24.64,61.73,0.0,1.96,0.0,32.98
2026-06-01 01:17:00,Hot & Dry,24.7,61.33,0.0,1.82,0.0,31.47
2026-06-01 01:18:00,Hot & Dry,24.73,61.26,0.0,1.68,0.0,30.09
2026-06-01 01:19:00,Hot & Dry,24.56,62.8,0.0,1.61,0.0,28.8
2026-06-01 01:20:00,Hot & Dry,24.65,60.63,0.0,1.93,0.0,32.82
2026-06-01 01:21:00,Hot & Dry,24.45,61.93,0.0,1.82,0.0,31.14
2026-06-01 01:22:00,Hot & Dry,24.46,62.09,0.0,1.76,0.0,30.39
2026-06-01 01:23:00,Hot & Dry,24.43,61.55,0.0,2.34,0.0,31.85
2026-06-01 01:24:00,Hot & Dry,24.28,62.44,0.0,1.92,0.0,32.02
2026-06-01 01:25:00,Hot & Dry,24.5,60.84,0.0,2.27,0.0,32.57
2026-06-01 01:26:00,Hot & Dry,24.33,63.13,0.0,1.8,0.0,30.08
2026-06-01 01:27:00,Hot & Dry,24.37,61.76,0.0,2.0,0.0,33.5
2026-06-01 01:28:00,Hot & Dry,24.41,63.28,0.0,1.92,0.0,31.4
2026-06-01 01:29:00,Hot & Dry,24.37,62.13,0.0,1.49,0.0,29.59
2026-06-01 01:30:00,Hot & Dry,24.38,62.76,0.0,2.31,0.0,31.44
2026-06-01 01:31:00,Hot & Dry,24.23,62.51,0.0,1.9,0.0,31.71
2026-06-01 01:32:00,Hot & Dry,24.15,62.74,0.0,2.13,0.0,33.34
2026-06-01 01:33:00,Hot & Dry,24.18,62.35,0.0,1.74,0.0,30.02
2026-06-01 01:34:00,Hot & Dry,23.91,63.52,0.0,1.89,0.0,30.81
2026-06-01 01:35:00,Hot & Dry,23.91,63.62,0.0,1.71,0.0,29.31
2026-06-01 01:36:00,Hot & Dry,23.9,62.99,0.0,2.25,0.0,31.86
2026-06-01 01:37:00,Hot & Dry,23.92,63.33,0.0,2.01,0.0,32.64
2026-06-01 01:38:00,Hot & Dry,24.1,62.54,0.0,2.02,0.0,33.36
2026-06-01 01:39:00,Hot & Dry,23.88,64.91,0.0,2.28,0.0,29.71
2026-06-01 01:40:00,Hot & Dry,23.93,63.33,0.0,2.23,0.0,31.8
2026-06-01 01:41:00,Hot & Dry,24.15,63.69,0.0,2.13,0.0,32.61
2026-06-01 01:42:00,Hot & Dry,23.88,63.42,0.0,1.56,0.0,29.55
2026-06-01 01:43:00,Hot & Dry,24.01,63.31,0.0,1.75,0.0,29.4
2026-06-01 01:44:00,Hot & Dry,23.73,63.14,0.0,1.67,0.0,30.08
2026-06-01 01:45:00,Hot & Dry,23.81,63.44,0.0,2.12,0.0,32.94
2026-06-01 01:46:00,Hot & Dry,23.68,64.22,0.0,1.97,0.0,31.24
2026-06-01 01:47:00,Hot & Dry,23.74,64.86,0.0,1.56,0.0,28.37
2026-06-01 01:48:00,Hot & Dry,23.89,63.63,0.0,1.88,0.0,30.59
2026-06-01 01:49:00,Hot & Dry,23.48,65.47,0.0,1.54,0.0,28.13
2026-06-01 01:50:00,Hot & Dry,23.77,64.2,0.0,1.91,0.0,30.43
2026-06-01 01:51:00,Hot & Dry,23.72,64.95,0.0,1.49,0.0,28.3
2026-06-01 01:52:00,Hot & Dry,23.57,64.36,0.0,2.06,0.0,32.52
2026-06-01 01:53:00,Hot & Dry,23.41,66.26,0.0,2.02,0.0,27.22
2026-06-01 01:54:00,Hot & Dry,23.61,63.98,0.0,2.42,0.0,29.59
2026-06-01 01:55:00,Hot & Dry,23.5,64.13,0.0,2.14,0.0,32.09
2026-06-01 01:56:00,Hot & Dry,23.58,63.62,0.0,1.81,0.0,29.99
2026-06-01 01:57:00,Hot & Dry,23.53,65.91,0.0,2.14,0.0,28.24
2026-06-01 01:58:00,Hot & Dry,23.74,64.41,0.0,1.56,0.0,28.88
2026-06-01 01:59:00,Hot & Dry,23.43,64.56,0.0,1.67,0.0,29.38
2026-06-01 02:00:00,Hot & Dry,23.29,65.91,0.0,2.01,0.0,28.24
2026-06-01 02:01:00,Hot & Dry,23.45,65.14,0.0,1.36,0.0,28.64
2026-06-01 02:02:00,Hot & Dry,23.43,65.96,0.0,1.91,0.0,28.1
2026-06-01 02:03:00,Hot & Dry,23.57,63.45,0.0,1.66,0.0,30.16
2026-06-01 02:04:00,Hot & Dry,23.47,64.51,0.0,1.95,0.0,30.65
2026-06-01 02:05:00,Hot & Dry,23.37,64.66,0.0,1.64,0.0,29.41
2026-06-01 02:06:00,Hot & Dry,23.51,63.36,0.0,2.03,0.0,32.88
2026-06-01 02:07:00,Hot & Dry,23.09,66.35,0.0,1.93,0.0,27.65
2026-06-01 02:08:00,Hot & Dry,23.15,65.39,0.0,2.29,0.0,29.02
2026-06-01 02:09:00,Hot & Dry,23.08,66.19,0.0,1.93,0.0,27.96
2026-06-01 02:10:00,Hot & Dry,23.14,67.0,0.0,1.73,0.0,26.24
2026-06-01 02:11:00,Hot & Dry,22.96,65.85,0.0,1.86,0.0,28.82
2026-06-01 02:12:00,Hot & Dry,23.24,65.04,0.0,1.58,0.0,29.26
2026-06-01 02:13:00,Hot & Dry,23.09,65.79,0.0,2.03,0.0,28.59
2026-06-01 02:14:00,Hot & Dry,22.88,66.9,0.0,2.08,0.0,27.11
2026-06-01 02:15:00,Hot & Dry,22.92,65.84,0.0,2.57,0.0,28.94
2026-06-01 02:16:00,Hot & Dry,23.1,65.31,0.0,1.77,0.0,29.25
2026-06-01 02:17:00,Hot & Dry,23.16,66.17,0.0,1.86,0.0,27.79
2026-06-01 02:18:00,Hot & Dry,23.31,65.35,0.0,1.78,0.0,28.69
2026-06-01 02:19:00,Hot & Dry,23.42,63.57,0.0,1.98,0.0,31.97
2026-06-01 02:20:00,Hot & Dry,23.02,65.17,0.0,2.03,0.0,30.34
2026-06-01 02:21:00,Hot & Dry,22.79,67.45,0.0,1.92,0.0,26.06
2026-06-01 02:22:00,Hot & Dry,22.6,67.33,0.0,2.21,0.0,26.89
2026-06-01 02:23:00,Hot & Dry,22.93,65.7,0.0,1.77,0.0,29.13
2026-06-01 02:24:00,Hot & Dry,22.75,66.56,0.0,2.19,0.0,28.15
2026-06-01 02:25:00,Hot & Dry,22.79,66.57,0.0,2.07,0.0,28.02
2026-06-01 02:26:00,Hot & Dry,22.73,67.15,0.0,1.93,0.0,26.95
2026-06-01 02:27:00,Hot & Dry,22.78,65.75,0.0,1.85,0.0,29.47
2026-06-01 02:28:00,Hot & Dry,22.94,65.62,0.0,2.56,0.0,29.22
2026-06-01 02:29:00,Hot & Dry,22.79,66.73,0.0,1.72,0.0,27.7
2026-06-01 02:30:00,Hot & Dry,22.72,66.69,0.0,2.01,0.0,27.98
2026-06-01 02:31:00,Hot & Dry,22.56,67.52,0.0,1.74,0.0,26.51
2026-06-01 02:32:00,Hot & Dry,22.45,66.76,0.0,2.4,0.0,28.64
2026-06-01 02:33:00,Hot & Dry,22.6,67.28,0.0,2.17,0.0,27.01
2026-06-01 02:34:00,Hot & Dry,22.65,67.6,0.0,1.76,0.0,26.04
2026-06-01 02:35:00,Hot & Dry,22.9,66.53,0.0,2.07,0.0,27.8
2026-06-01 02:36:00,Hot & Dry,22.64,67.06,0.0,2.01,0.0,27.41
2026-06-01 02:37:00,Hot & Dry,22.74,66.62,0.0,1.8,0.0,28.06
2026-06-01 02:38:00,Hot & Dry,22.5,66.85,0.0,2.14,0.0,28.3
2026-06-01 02:39:00,Hot & Dry,22.38,67.65,0.0,2.04,0.0,26.7
2026-06-01 02:40:00,Hot & Dry,22.39,68.41,0.0,2.0,0.0,24.2
2026-06-01 02:41:00,Hot & Dry,22.41,67.54,0.0,1.93,0.0,26.91
2026-06-01 02:42:00,Hot & Dry,22.82,65.94,0.0,2.06,0.0,29.06
2026-06-01 02:43:00,Hot & Dry,22.36,67.46,0.0,2.0,0.0,27.28
2026-06-01 02:44:00,Hot & Dry,22.59,67.24,0.0,1.96,0.0,27.14
2026-06-01 02:45:00,Hot & Dry,22.31,67.67,0.0,1.78,0.0,26.86
2026-06-01 02:46:00,Hot & Dry,22.56,67.48,0.0,2.39,0.0,26.62
2026-06-01 02:47:00,Hot & Dry,22.46,67.78,0.0,1.68,0.0,26.08
2026-06-01 02:48:00,Hot & Dry,22.36,68.27,0.0,2.06,0.0,24.79
2026-06-01 02:49:00,Hot & Dry,22.36,68.6,0.0,1.87,0.0,23.55
2026-06-01 02:50:00,Hot & Dry,22.25,68.65,0.0,2.41,0.0,23.42
2026-06-01 02:51:00,Hot & Dry,22.4,67.08,0.0,1.72,0.0,28.1
2026-06-01 02:52:00,Hot & Dry,22.25,67.52,0.0,1.76,0.0,27.21
2026-06-01 02:53:00,Hot & Dry,22.11,68.39,0.0,1.7,0.0,23.93
2026-06-01 02:54:00,Hot & Dry,22.09,68.23,0.0,2.04,0.0,24.41
2026-06-01 02:55:00,Hot & Dry,22.29,67.26,0.0,1.6,0.0,28.03
2026-06-01 02:56:00,Hot & Dry,22.48,67.14,0.0,1.83,0.0,27.71
2026-06-01 02:57:00,Hot & Dry,22.25,67.76,0.0,1.4,0.0,26.53
2026-06-01 02:58:00,Hot & Dry,22.19,67.81,0.0,2.02,0.0,26.13
2026-06-01 02:59:00,Hot & Dry,22.24,67.9,0.0,1.83,0.0,26.06
2026-06-01 03:00:00,Hot & Dry,22.37,68.41,0.0,1.58,0.0,24.26
2026-06-01 03:01:00,Hot & Dry,22.19,68.32,0.0,2.25,0.0,24.46
2026-06-01 03:02:00,Hot & Dry,22.08,69.99,0.0,1.63,0.0,15.97
2026-06-01 03:03:00,Hot & Dry,22.3,68.03,0.0,2.18,0.0,25.79
2026-06-01 03:04:00,Hot & Dry,22.18,68.08,0.0,1.79,0.0,25.25
2026-06-01 03:05:00,Hot & Dry,22.33,67.83,0.0,2.39,0.0,26.33
2026-06-01 03:06:00,Hot & Dry,22.11,68.59,0.0,2.17,0.0,23.18
2026-06-01 03:07:00,Hot & Dry,21.88,69.33,0.0,1.71,0.0,19.37
2026-06-01 03:08:00,Hot & Dry,21.85,70.41,0.0,1.74,0.0,15.73
2026-06-01 03:09:00,Hot & Dry,22.29,67.44,0.0,2.13,0.0,27.56
2026-06-01 03:10:00,Hot & Dry,22.28,68.48,0.0,1.91,0.0,24.21
2026-06-01 03:11:00,Hot & Dry,21.98,68.92,0.0,1.94,0.0,21.45
2026-06-01 03:12:00,Hot & Dry,21.94,67.98,0.0,2.31,0.0,24.7
2026-06-01 03:13:00,Hot & Dry,22.2,68.65,0.0,1.79,0.0,23.25
2026-06-01 03:14:00,Hot & Dry,21.8,70.06,0.0,2.01,0.0,15.69
2026-06-01 03:15:00,Hot & Dry,21.82,68.73,0.0,2.23,0.0,21.78
2026-06-01 03:16:00,Hot & Dry,22.04,68.64,0.0,2.2,0.0,22.76
2026-06-01 03:17:00,Hot & Dry,21.87,68.08,0.0,1.95,0.0,24.16
2026-06-01 03:18:00,Hot & Dry,21.91,68.23,0.0,1.92,0.0,23.81
2026-06-01 03:19:00,Hot & Dry,21.88,69.72,0.0,1.54,0.0,17.38
2026-06-01 03:20:00,Hot & Dry,21.94,68.64,0.0,1.72,0.0,22.46
2026-06-01 03:21:00,Hot & Dry,22.09,67.84,0.0,2.08,0.0,25.65
2026-06-01 03:22:00,Hot & Dry,21.88,69.23,0.0,1.96,0.0,19.84
2026-06-01 03:23:00,Hot & Dry,21.95,68.58,0.0,2.02,0.0,22.71
2026-06-01 03:24:00,Hot & Dry,21.53,69.77,0.0,2.27,0.0,16.68
2026-06-01 03:25:00,Hot & Dry,21.82,69.69,0.0,1.69,0.0,17.46
2026-06-01 03:26:00,Hot & Dry,21.69,68.92,0.0,1.94,0.0,20.73
2026-06-01 03:27:00,Hot & Dry,21.62,69.26,0.0,2.06,0.0,19.18
2026-06-01 03:28:00,Hot & Dry,21.66,69.79,0.0,1.83,0.0,16.72
2026-06-01 03:29:00,Hot & Dry,21.73,70.08,0.0,2.38,0.0,15.63
2026-06-01 03:30:00,Hot & Dry,21.91,69.75,0.0,2.25,0.0,17.25
2026-06-01 03:31:00,Hot & Dry,21.56,69.57,0.0,2.09,0.0,17.69
2026-06-01 03:32:00,Hot & Dry,21.75,70.0,0.0,2.48,0.0,15.65
2026-06-01 03:33:00,Hot & Dry,21.66,69.21,0.0,1.63,0.0,19.48
2026-06-01 03:34:00,Hot & Dry,21.68,70.74,0.0,2.02,0.0,15.6
2026-06-01 03:35:00,Hot & Dry,21.87,68.44,0.0,2.12,0.0,22.98
2026-06-01 03:36:00,Hot & Dry,21.79,70.14,0.0,1.79,0.0,15.68
2026-06-01 03:37:00,Hot & Dry,21.9,68.64,0.0,2.11,0.0,22.34
2026-06-01 03:38:00,Hot & Dry,21.66,70.89,0.0,1.74,0.0,15.58
2026-06-01 03:39:00,Hot & Dry,21.57,70.29,0.0,2.21,0.0,15.51
2026-06-01 03:40:00,Hot & Dry,21.63,69.16,0.0,2.31,0.0,19.63
2026-06-01 03:41:00,Hot & Dry,21.69,69.28,0.0,2.11,0.0,19.23
2026-06-01 03:42:00,Hot & Dry,21.68,70.12,0.0,1.56,0.0,15.6
2026-06-01 03:43:00,Hot & Dry,21.48,70.83,0.0,1.79,0.0,15.45
2026-06-01 03:44:00,Hot & Dry,21.64,69.69,0.0,2.19,0.0,17.21
2026-06-01 03:45:00,Hot & Dry,21.66,69.72,0.0,2.05,0.0,17.09
2026-06-01 03:46:00,Hot & Dry,21.99,69.22,0.0,1.35,0.0,20.14
2026-06-01 03:47:00,Hot & Dry,21.89,69.14,0.0,2.37,0.0,20.27
2026-06-01 03:48:00,Hot & Dry,21.47,69.44,0.0,2.09,0.0,18.14
2026-06-01 03:49:00,Hot & Dry,21.55,69.51,0.0,1.84,0.0,17.95
2026-06-01 03:50:00,Hot & Dry,21.36,70.65,0.0,2.31,0.0,15.36
2026-06-01 03:51:00,Hot & Dry,21.49,70.9,0.0,1.88,0.0,15.45
2026-06-01 03:52:00,Hot & Dry,21.62,70.78,0.0,1.88,0.0,15.55
2026-06-01 03:53:00,Hot & Dry,21.74,69.93,0.0,2.16,0.0,16.04
2026-06-01 03:54:00,Hot & Dry,21.45,70.46,0.0,2.53,0.0,15.42
2026-06-01 03:55:00,Hot & Dry,21.45,70.72,0.0,2.49,0.0,15.42
2026-06-01 03:56:00,Hot & Dry,21.22,70.51,0.0,2.16,0.0,15.25
2026-06-01 03:57:00,Hot & Dry,21.51,70.01,0.0,2.19,0.0,15.47
2026-06-01 03:58:00,Hot & Dry,21.37,70.0,0.0,2.28,0.0,15.36
2026-06-01 03:59:00,Hot & Dry,21.44,69.54,0.0,1.75,0.0,17.66
2026-06-01 04:00:00,Hot & Dry,21.39,70.65,0.0,2.25,0.0,15.38
2026-06-01 04:01:00,Hot & Dry,21.5,70.25,0.0,1.89,0.0,15.46
2026-06-01 04:02:00,Hot & Dry,21.24,71.26,0.0,2.17,0.0,15.27
2026-06-01 04:03:00,Hot & Dry,21.28,71.07,0.0,2.03,0.0,15.3
2026-06-01 04:04:00,Hot & Dry,21.82,69.4,0.0,2.22,0.0,18.92
2026-06-01 04:05:00,Hot & Dry,21.3,71.02,0.0,2.12,0.0,15.31
2026-06-01 04:06:00,Hot & Dry,21.32,70.6,0.0,1.3,0.0,15.32
2026-06-01 04:07:00,Hot & Dry,21.76,69.66,0.0,2.15,0.0,17.53
2026-06-01 04:08:00,Hot & Dry,21.92,68.54,0.0,2.27,0.0,22.77
2026-06-01 04:09:00,Hot & Dry,21.3,70.91,0.0,2.22,0.0,15.31
2026-06-01 04:10:00,Hot & Dry,21.42,70.77,0.0,2.08,0.0,15.4
2026-06-01 04:11:00,Hot & Dry,21.52,69.68,0.0,2.54,0.0,17.11
2026-06-01 04:12:00,Hot & Dry,21.72,69.54,0.0,2.19,0.0,18.07
2026-06-01 04:13:00,Hot & Dry,21.31,70.28,0.0,2.23,0.0,15.32
2026-06-01 04:14:00,Hot & Dry,21.42,70.04,0.0,2.39,0.0,15.4
2026-06-01 04:15:00,Hot & Dry,21.57,69.26,0.0,2.22,0.0,19.09
2026-06-01 04:16:00,Hot & Dry,21.52,70.84,0.0,1.89,0.0,15.48
2026-06-01 04:17:00,Hot & Dry,21.39,71.07,0.0,1.49,0.0,15.38
2026-06-01 04:18:00,Hot & Dry,21.43,70.66,0.0,2.01,0.0,15.41
2026-06-01 04:19:00,Hot & Dry,21.24,72.04,0.0,2.33,0.0,15.27
2026-06-01 04:20:00,Hot & Dry,21.41,70.27,0.0,2.04,0.0,15.39
2026-06-01 04:21:00,Hot & Dry,21.4,72.22,0.0,2.35,0.0,15.38
2026-06-01 04:22:00,Hot & Dry,21.48,70.07,0.0,2.18,0.0,15.45
2026-06-01 04:23:00,Hot & Dry,21.36,70.69,0.0,2.48,0.0,15.36
2026-06-01 04:24:00,Hot & Dry,21.51,69.87,0.0,2.07,0.0,16.15
2026-06-01 04:25:00,Hot & Dry,21.59,70.11,0.0,2.27,0.0,15.53
2026-06-01 04:26:00,Hot & Dry,21.46,70.75,0.0,2.29,0.0,15.43
2026-06-01 04:27:00,Hot & Dry,21.49,70.1,0.0,2.55,0.0,15.45
2026-06-01 04:28:00,Hot & Dry,21.44,71.36,0.0,1.72,0.0,15.41
2026-06-01 04:29:00,Hot & Dry,21.44,70.46,0.0,2.04,0.0,15.41
2026-06-01 04:30:00,Hot & Dry,21.33,70.78,0.0,2.39,0.0,15.33
2026-06-01 04:31:00,Hot & Dry,21.48,69.64,0.0,2.57,0.0,17.25
2026-06-01 04:32:00,Hot & Dry,21.42,70.61,0.0,2.23,0.0,15.4
2026-06-01 04:33:00,Hot & Dry,21.75,69.36,0.0,2.1,0.0,18.98
2026-06-01 04:34:00,Hot & Dry,21.67,69.29,0.0,2.38,0.0,19.15
2026-06-01 04:35:00,Hot & Dry,21.5,69.68,0.0,2.41,0.0,17.08
2026-06-01 04:36:00,Hot & Dry,21.32,72.23,0.0,2.09,0.0,15.32
2026-06-01 04:37:00,Hot & Dry,21.27,70.61,0.0,2.27,0.0,15.29
2026-06-01 04:38:00,Hot & Dry,21.62,68.93,0.0,2.5,0.0,20.53
2026-06-01 04:39:00,Hot & Dry,21.48,69.77,0.0,2.69,0.0,16.62
2026-06-01 04:40:00,Hot & Dry,21.52,70.06,0.0,2.39,0.0,15.48
2026-06-01 04:41:00,Hot & Dry,21.18,71.34,0.0,2.21,0.0,15.22
2026-06-01 04:42:00,Hot & Dry,21.59,70.22,0.0,2.19,0.0,15.53
2026-06-01 04:43:00,Hot & Dry,21.52,70.49,0.0,2.35,0.0,15.48
2026-06-01 04:44:00,Hot & Dry,21.29,70.34,0.0,2.18,0.0,15.3
2026-06-01 04:45:00,Hot & Dry,21.39,70.66,0.0,2.26,0.0,15.38
2026-06-01 04:46:00,Hot & Dry,21.5,69.61,0.0,1.94,0.0,17.42
2026-06-01 04:47:00,Hot & Dry,21.47,69.85,0.0,2.56,0.0,16.21
2026-06-01 04:48:00,Hot & Dry,21.42,69.8,0.0,1.93,0.0,16.41
2026-06-01 04:49:00,Hot & Dry,21.45,69.55,0.0,2.12,0.0,17.62
2026-06-01 04:50:00,Hot & Dry,21.43,70.96,0.0,2.26,0.0,15.41
2026-06-01 04:51:00,Hot & Dry,21.5,70.55,0.0,2.75,0.0,15.46
2026-06-01 04:52:00,Hot & Dry,21.7,70.16,0.0,2.13,0.0,15.61
2026-06-01 04:53:00,Hot & Dry,21.1,71.27,0.0,2.07,0.0,15.16
2026-06-01 04:54:00,Hot & Dry,21.45,70.73,0.0,2.1,0.0,15.42
2026-06-01 04:55:00,Hot & Dry,21.52,69.02,0.0,2.68,0.0,19.97
2026-06-01 04:56:00,Hot & Dry,21.54,70.53,0.0,1.52,0.0,15.49
2026-06-01 04:57:00,Hot & Dry,21.45,70.39,0.0,2.0,0.0,15.42
2026-06-01 04:58:00,Hot & Dry,21.24,71.22,0.0,2.97,0.0,15.27
2026-06-01 04:59:00,Hot & Dry,21.56,70.19,0.0,2.42,0.0,15.51
2026-06-01 05:00:00,Hot & Dry,21.78,68.77,0.0,1.98,0.0,21.53
2026-06-01 05:01:00,Hot & Dry,21.29,69.81,0.0,2.26,0.0,16.23
2026-06-01 05:02:00,Hot & Dry,21.66,69.26,0.0,2.29,0.0,19.26
2026-06-01 05:03:00,Hot & Dry,21.49,70.51,0.0,2.5,0.0,15.45
2026-06-01 05:04:00,Hot & Dry,21.53,70.46,0.0,2.76,0.0,15.48
2026-06-01 05:05:00,Hot & Dry,21.39,69.62,0.0,2.39,0.0,17.22
2026-06-01 05:06:00,Hot & Dry,21.51,69.53,0.0,2.15,0.0,17.8
2026-06-01 05:07:00,Hot & Dry,21.76,68.99,0.0,2.5,0.0,20.61
2026-06-01 05:08:00,Hot & Dry,21.66,69.49,0.0,2.11,0.0,18.22
2026-06-01 05:09:00,Hot & Dry,21.84,68.38,0.0,2.03,0.0,23.1
2026-06-01 05:10:00,Hot & Dry,21.76,68.56,0.0,1.85,0.0,22.25
2026-06-01 05:11:00,Hot & Dry,21.66,69.21,0.0,1.9,0.0,19.48
2026-06-01 05:12:00,Hot & Dry,21.86,69.19,0.0,2.08,0.0,19.98
2026-06-01 05:13:00,Hot & Dry,21.67,68.95,0.0,2.01,0.0,20.57
2026-06-01 05:14:00,Hot & Dry,21.74,69.4,0.0,2.4,0.0,18.78
2026-06-01 05:15:00,Hot & Dry,21.58,70.55,0.0,2.01,0.0,15.52
2026-06-01 05:16:00,Hot & Dry,21.64,68.96,0.0,1.51,0.0,20.46
2026-06-01 05:17:00,Hot & Dry,21.54,69.91,0.0,2.06,0.0,15.97
2026-06-01 05:18:00,Hot & Dry,21.8,69.92,0.0,2.21,0.0,16.16
2026-06-01 05:19:00,Hot & Dry,21.48,69.94,0.0,2.18,0.0,15.76
2026-06-01 05:20:00,Hot & Dry,21.78,69.0,0.0,2.74,0.0,20.62
2026-06-01 05:21:00,Hot & Dry,21.65,70.42,0.0,2.19,0.0,15.57
2026-06-01 05:22:00,Hot & Dry,21.86,68.95,0.0,2.58,0.0,21.02
2026-06-01 05:23:00,Hot & Dry,21.81,69.94,0.0,2.35,0.0,16.05
2026-06-01 05:24:00,Hot & Dry,21.98,69.06,0.0,2.35,0.0,20.85
2026-06-01 05:25:00,Hot & Dry,21.82,69.03,0.0,2.14,0.0,20.58
2026-06-01 05:26:00,Hot & Dry,21.49,70.45,0.0,2.35,0.0,15.45
2026-06-01 05:27:00,Hot & Dry,21.73,69.7,0.0,2.17,0.0,17.28
2026-06-01 05:28:00,Hot & Dry,21.57,70.55,0.0,2.42,0.0,15.51
2026-06-01 05:29:00,Hot & Dry,21.68,69.31,0.0,2.32,0.0,19.08
2026-06-01 05:30:00,Hot & Dry,21.99,68.79,0.0,2.14,0.0,22.02
2026-06-01 05:31:00,Hot & Dry,21.87,69.06,3.6,2.64,0.0,20.57
2026-06-01 05:32:00,Hot & Dry,21.69,70.04,6.91,2.5,0.0,15.6
2026-06-01 05:33:00,Hot & Dry,21.65,69.1,11.33,2.28,0.0,19.92
2026-06-01 05:34:00,Hot & Dry,21.82,69.86,14.86,2.44,0.0,16.52
2026-06-01 05:35:00,Hot & Dry,21.64,70.02,18.13,2.38,0.0,15.57
2026-06-01 05:36:00,Hot & Dry,21.74,68.69,20.69,2.18,0.0,21.72
2026-06-01 05:37:00,Hot & Dry,21.9,69.76,25.31,2.43,0.0,17.18
2026-06-01 05:38:00,Hot & Dry,22.04,69.99,27.78,2.25,0.0,15.94
2026-06-01 05:39:00,Hot & Dry,21.97,69.44,33.76,2.17,0.0,19.01
2026-06-01 05:40:00,Hot & Dry,21.54,70.87,36.8,2.0,0.0,15.49
2026-06-01 05:41:00,Hot & Dry,21.95,68.95,39.64,2.33,0.0,21.25
2026-06-01 05:42:00,Hot & Dry,21.92,67.96,39.96,2.58,0.0,24.69
2026-06-01 05:43:00,Hot & Dry,21.99,67.67,45.33,2.25,0.0,25.77
2026-06-01 05:44:00,Hot & Dry,22.18,68.39,51.33,3.1,0.0,24.17
2026-06-01 05:45:00,Hot & Dry,21.64,69.38,55.84,2.67,0.0,18.69
2026-06-01 05:46:00,Hot & Dry,21.88,68.53,59.38,2.79,0.0,22.69
2026-06-01 05:47:00,Hot & Dry,22.07,68.51,58.14,2.66,0.0,23.35
2026-06-01 05:48:00,Hot & Dry,21.76,69.79,65.23,2.94,0.0,16.84
2026-06-01 05:49:00,Hot & Dry,22.23,67.23,70.31,2.26,0.0,27.87
2026-06-01 05:50:00,Hot & Dry,22.08,68.26,68.24,1.8,0.0,24.28
2026-06-01 05:51:00,Hot & Dry,22.17,69.19,75.38,2.35,0.0,20.73
2026-06-01 05:52:00,Hot & Dry,21.97,68.19,79.63,2.62,0.0,24.14
2026-06-01 05:53:00,Hot & Dry,22.19,68.74,81.81,2.52,0.0,22.84
2026-06-01 05:54:00,Hot & Dry,22.24,67.78,81.35,2.55,0.0,26.42
2026-06-01 05:55:00,Hot & Dry,22.13,68.7,88.84,2.83,0.0,22.81
2026-06-01 05:56:00,Hot & Dry,22.15,68.99,92.38,2.59,0.0,21.63
2026-06-01 05:57:00,Hot & Dry,22.17,68.72,96.44,2.7,0.0,22.86
2026-06-01 05:58:00,Hot & Dry,22.02,69.25,98.75,2.26,0.0,20.06
2026-06-01 05:59:00,Hot & Dry,22.14,67.67,102.64,2.22,0.0,26.34
2026-06-01 06:00:00,Hot & Dry,22.16,68.98,107.47,2.93,0.0,21.7
2026-06-01 06:01:00,Hot & Dry,22.25,67.53,112.64,2.54,0.0,27.18
2026-06-01 06:02:00,Hot & Dry,22.36,67.9,113.69,2.36,0.0,26.02
2026-06-01 06:03:00,Hot & Dry,22.07,68.71,116.85,2.36,0.0,22.58
2026-06-01 06:04:00,Hot & Dry,22.23,68.41,122.2,2.36,0.0,24.29
2026-06-01 06:05:00,Hot & Dry,22.48,67.6,118.2,2.35,0.0,26.53
2026-06-01 06:06:00,Hot & Dry,22.17,67.77,130.84,2.2,0.0,26.17
2026-06-01 06:07:00,Hot & Dry,22.17,67.46,132.55,2.15,0.0,27.03
2026-06-01 06:08:00,Hot & Dry,22.34,68.31,136.27,2.49,0.0,24.71
2026-06-01 06:09:00,Hot & Dry,22.46,67.58,143.69,2.4,0.0,26.65
2026-06-01 06:10:00,Hot & Dry,22.35,68.46,134.83,2.84,0.0,24.13
2026-06-01 06:11:00,Hot & Dry,22.57,67.14,138.09,2.63,0.0,27.43
2026-06-01 06:12:00,Hot & Dry,22.51,66.47,151.56,2.63,0.0,29.03
2026-06-01 06:13:00,Hot & Dry,22.53,67.85,153.84,2.37,0.0,25.67
2026-06-01 06:14:00,Hot & Dry,22.51,67.12,158.23,2.54,0.0,27.66
2026-06-01 06:15:00,Hot & Dry,22.79,66.76,158.74,2.67,0.0,27.64
2026-06-01 06:16:00,Hot & Dry,22.43,67.17,167.79,2.77,0.0,27.79
2026-06-01 06:17:00,Hot & Dry,22.18,69.24,172.75,2.56,0.0,20.51
2026-06-01 06:18:00,Hot & Dry,22.74,66.17,174.08,2.87,0.0,28.9
2026-06-01 06:19:00,Hot & Dry,22.45,67.3,173.75,2.6,0.0,27.41
2026-06-01 06:20:00,Hot & Dry,22.55,67.27,167.36,2.81,0.0,27.18
2026-06-01 06:21:00,Hot & Dry,22.75,66.0,186.39,2.48,0.0,29.15
2026-06-01 06:22:00,Hot & Dry,22.34,68.01,192.52,2.14,0.0,25.73
2026-06-01 06:23:00,Hot & Dry,22.41,68.58,192.9,2.68,0.0,23.5
2026-06-01 06:24:00,Hot & Dry,22.38,67.41,187.67,2.81,0.0,27.35
2026-06-01 06:25:00,Hot & Dry,22.52,67.54,200.25,2.77,0.0,26.58
2026-06-01 06:26:00,Hot & Dry,22.72,65.09,204.95,2.74,0.0,30.55
2026-06-01 06:27:00,Hot & Dry,22.76,66.62,212.82,2.54,0.0,28.01
2026-06-01 06:28:00,Hot & Dry,22.74,66.5,201.38,2.43,0.0,28.3
2026-06-01 06:29:00,Hot & Dry,22.51,66.84,208.9,2.78,0.0,28.29
2026-06-01 06:30:00,Hot & Dry,22.39,68.3,218.63,2.76,0.0,24.6
2026-06-01 06:31:00,Hot & Dry,22.77,66.41,217.71,2.51,0.0,28.38
2026-06-01 06:32:00,Hot & Dry,22.71,66.66,213.43,2.94,0.0,28.07
2026-06-01 06:33:00,Hot & Dry,22.87,66.09,227.12,2.43,0.0,28.67
2026-06-01 06:34:00,Hot & Dry,22.93,65.01,231.78,2.51,0.0,30.08
2026-06-01 06:35:00,Hot & Dry,22.87,65.65,231.93,3.1,0.0,29.37
2026-06-01 06:36:00,Hot & Dry,22.98,66.59,236.35,2.9,0.0,27.48
2026-06-01 06:37:00,Hot & Dry,22.93,64.9,236.44,2.59,0.0,30.21
2026-06-01 06:38:00,Hot & Dry,22.99,65.52,252.49,2.76,0.0,29.24
2026-06-01 06:39:00,Hot & Dry,22.83,66.19,238.61,2.73,0.0,28.61
2026-06-01 06:40:00,Hot & Dry,22.93,67.2,244.33,1.98,0.0,26.31
2026-06-01 06:41:00,Hot & Dry,23.01,66.39,252.27,2.46,0.0,27.78
2026-06-01 06:42:00,Hot & Dry,23.13,65.27,262.39,2.69,0.0,29.23
2026-06-01 06:43:00,Hot & Dry,22.97,66.83,247.47,2.62,0.0,27.02
2026-06-01 06:44:00,Hot & Dry,23.13,65.16,252.25,2.78,0.0,29.37
2026-06-01 06:45:00,Hot & Dry,23.04,66.47,249.77,3.01,0.0,27.55
2026-06-01 06:46:00,Hot & Dry,23.08,64.92,269.74,2.64,0.0,29.8
2026-06-01 06:47:00,Hot & Dry,23.25,65.92,263.77,2.45,0.0,27.99
2026-06-01 06:48:00,Hot & Dry,22.85,66.15,273.18,2.82,0.0,28.63
2026-06-01 06:49:00,Hot & Dry,22.98,65.42,285.36,2.65,0.0,29.64
2026-06-01 06:50:00,Hot & Dry,22.97,65.91,277.8,2.7,0.0,28.7
2026-06-01 06:51:00,Hot & Dry,22.87,66.5,288.67,2.67,0.0,27.94
2026-06-01 06:52:00,Hot & Dry,23.14,65.28,287.5,3.33,0.0,30.04
2026-06-01 06:53:00,Hot & Dry,23.38,65.24,299.45,2.17,0.0,30.15
2026-06-01 06:54:00,Hot & Dry,23.25,64.92,301.19,2.66,0.0,31.04
2026-06-01 06:55:00,Hot & Dry,23.35,65.37,294.13,2.77,0.0,29.78
2026-06-01 06:56:00,Hot & Dry,23.51,64.83,302.24,2.57,0.0,31.29
2026-06-01 06:57:00,Hot & Dry,23.57,64.35,316.81,3.01,0.0,32.61
2026-06-01 06:58:00,Hot & Dry,23.38,64.64,314.26,2.99,0.0,31.82
2026-06-01 06:59:00,Hot & Dry,23.62,64.33,300.83,2.77,0.0,32.67
2026-06-01 07:00:00,Hot & Dry,23.46,65.02,323.63,2.72,0.0,30.76
2026-06-01 07:01:00,Hot & Dry,23.35,66.25,310.34,2.77,0.0,27.25
2026-06-01 07:02:00,Hot & Dry,23.41,65.4,337.9,2.77,0.0,29.7
2026-06-01 07:03:00,Hot & Dry,23.3,65.72,337.6,2.79,0.0,28.79
2026-06-01 07:04:00,Hot & Dry,23.42,66.67,333.8,2.76,0.0,26.28
2026-06-01 07:05:00,Hot & Dry,23.52,64.83,335.87,2.88,0.0,31.29
2026-06-01 07:06:00,Hot & Dry,23.72,64.25,335.54,3.02,0.0,32.89
2026-06-01 07:07:00,Hot & Dry,23.89,63.93,347.96,2.51,0.0,33.77
2026-06-01 07:08:00,Hot & Dry,23.45,64.12,340.55,2.56,0.0,33.25
2026-06-01 07:09:00,Hot & Dry,23.74,63.64,350.19,2.38,0.0,34.57
2026-06-01 07:10:00,Hot & Dry,23.55,64.13,360.26,3.07,0.0,33.22
2026-06-01 07:11:00,Hot & Dry,23.81,64.11,348.45,2.91,0.0,33.27
2026-06-01 07:12:00,Hot & Dry,23.74,63.8,351.15,2.98,0.0,34.13
2026-06-01 07:13:00,Hot & Dry,23.52,64.62,348.15,2.48,0.0,31.87
2026-06-01 07:14:00,Hot & Dry,23.96,63.96,352.78,3.32,0.0,33.69
2026-06-01 07:15:00,Hot & Dry,23.76,64.39,347.57,2.71,0.0,32.5
2026-06-01 07:16:00,Hot & Dry,23.79,63.67,379.19,2.91,0.0,34.49
2026-06-01 07:17:00,Hot & Dry,23.74,63.51,394.69,3.1,0.0,34.93
2026-06-01 07:18:00,Hot & Dry,23.83,64.34,393.83,2.62,0.0,32.64
2026-06-01 07:19:00,Hot & Dry,24.02,63.59,362.4,2.74,0.0,34.71
2026-06-01 07:20:00,Hot & Dry,23.96,62.34,392.64,2.94,0.0,38.07
2026-06-01 07:21:00,Hot & Dry,24.06,62.82,404.11,3.64,0.0,36.84
2026-06-01 07:22:00,Hot & Dry,24.1,63.02,385.5,2.98,0.0,36.28
2026-06-01 07:23:00,Hot & Dry,24.27,62.91,395.34,3.32,0.0,36.59
2026-06-01 07:24:00,Hot & Dry,24.05,63.6,373.47,3.22,0.0,34.68
2026-06-01 07:25:00,Hot & Dry,23.91,63.62,403.89,3.01,0.0,34.62
2026-06-01 07:26:00,Hot & Dry,24.32,62.66,391.06,2.66,0.0,37.29
2026-06-01 07:27:00,Hot & Dry,24.14,62.84,409.64,3.2,0.0,36.78
2026-06-01 07:28:00,Hot & Dry,24.38,61.72,391.23,2.54,0.0,39.91
2026-06-01 07:29:00,Hot & Dry,24.3,62.19,420.44,3.35,0.0,38.6
2026-06-01 07:30:00,Hot & Dry,24.26,62.49,429.76,2.99,0.0,37.76
2026-06-01 07:31:00,Hot & Dry,24.36,62.17,410.31,2.26,0.0,38.66
2026-06-01 07:32:00,Hot & Dry,24.63,60.31,408.97,2.86,0.0,44.0
2026-06-01 07:33:00,Hot & Dry,24.68,61.07,399.04,3.13,0.0,41.78
2026-06-01 07:34:00,Hot & Dry,24.41,62.09,426.41,2.9,0.0,38.89
2026-06-01 07:35:00,Hot & Dry,24.45,61.77,425.51,3.15,0.0,39.79
2026-06-01 07:36:00,Hot & Dry,24.62,61.33,415.97,2.75,0.0,41.05
2026-06-01 07:37:00,Hot & Dry,24.36,62.48,445.44,2.64,0.0,37.79
2026-06-01 07:38:00,Hot & Dry,24.57,60.97,436.68,2.96,0.0,42.02
2026-06-01 07:39:00,Hot & Dry,24.54,60.7,431.46,3.0,0.0,42.79
2026-06-01 07:40:00,Hot & Dry,24.63,61.24,441.56,2.9,0.0,41.3
2026-06-01 07:41:00,Hot & Dry,24.48,62.3,466.73,3.32,0.0,38.29
2026-06-01 07:42:00,Hot & Dry,24.4,63.08,463.61,2.78,0.0,36.12
2026-06-01 07:43:00,Hot & Dry,24.36,62.66,456.74,3.09,0.0,37.29
2026-06-01 07:44:00,Hot & Dry,24.54,60.82,470.26,3.03,0.0,42.44
2026-06-01 07:45:00,Hot & Dry,24.67,61.2,448.65,2.61,0.0,41.42
2026-06-01 07:46:00,Hot & Dry,24.72,61.34,468.43,2.68,0.0,41.02
2026-06-01 07:47:00,Hot & Dry,25.09,60.27,473.19,3.03,0.0,44.17
2026-06-01 07:48:00,Hot & Dry,25.0,60.75,467.56,3.55,0.0,42.75
2026-06-01 07:49:00,Hot & Dry,24.72,60.65,483.6,3.19,0.0,42.98
2026-06-01 07:50:00,Hot & Dry,24.95,60.6,469.23,2.59,0.0,43.18
2026-06-01 07:51:00,Hot & Dry,24.86,61.04,490.99,2.24,0.0,41.89
2026-06-01 07:52:00,Hot & Dry,24.91,61.14,494.75,3.24,0.0,41.6
2026-06-01 07:53:00,Hot & Dry,25.02,59.88,446.92,3.03,0.0,45.0
2026-06-01 07:54:00,Hot & Dry,25.11,59.89,510.48,3.36,0.0,45.0
2026-06-01 07:55:00,Hot & Dry,25.0,58.78,450.61,2.84,0.0,45.0
2026-06-01 07:56:00,Hot & Dry,25.25,59.35,489.81,3.16,0.0,45.0
2026-06-01 07:57:00,Hot & Dry,24.95,60.24,517.55,3.3,0.0,44.25
2026-06-01 07:58:00,Hot & Dry,25.15,59.37,500.35,2.97,0.0,45.0
2026-06-01 07:59:00,Hot & Dry,25.58,58.91,485.86,2.98,0.0,45.0
2026-06-01 08:00:00,Hot & Dry,25.25,59.68,494.49,3.1,0.0,45.0
2026-06-01 08:01:00,Hot & Dry,25.47,57.76,530.15,3.24,0.0,45.0
2026-06-01 08:02:00,Hot & Dry,25.3,59.71,487.51,3.1,0.0,45.0
2026-06-01 08:03:00,Hot & Dry,25.41,58.73,537.98,3.36,0.0,45.0
2026-06-01 08:04:00,Hot & Dry,25.34,59.75,522.51,2.99,0.0,45.0
2026-06-01 08:05:00,Hot & Dry,25.36,58.65,507.56,2.77,0.0,45.0
2026-06-01 08:06:00,Hot & Dry,25.3,59.59,520.13,3.64,0.0,45.0
2026-06-01 08:07:00,Hot & Dry,25.52,58.81,516.14,2.97,0.0,45.0
2026-06-01 08:08:00,Hot & Dry,25.36,59.6,549.29,2.99,0.0,45.0
2026-06-01 08:09:00,Hot & Dry,25.62,58.77,550.18,3.12,0.0,45.0
2026-06-01 08:10:00,Hot & Dry,25.72,58.27,513.41,3.16,0.0,45.0
2026-06-01 08:11:00,Hot & Dry,25.64,57.71,537.7,3.05,0.0,45.0
2026-06-01 08:12:00,Hot & Dry,25.58,57.92,533.08,3.15,0.0,45.0
2026-06-01 08:13:00,Hot & Dry,25.72,58.05,571.55,3.15,0.0,45.0
2026-06-01 08:14:00,Hot & Dry,25.64,58.62,530.74,3.21,0.0,45.0
2026-06-01 08:15:00,Hot & Dry,25.87,57.64,582.84,2.56,0.0,45.0
2026-06-01 08:16:00,Hot & Dry,25.48,59.44,558.45,3.66,0.0,45.0
2026-06-01 08:17:00,Hot & Dry,25.74,58.18,542.34,3.14,0.0,45.0
2026-06-01 08:18:00,Hot & Dry,25.53,58.36,553.36,3.34,0.0,45.0
2026-06-01 08:19:00,Hot & Dry,25.64,58.47,554.09,2.83,0.0,45.0
2026-06-01 08:20:00,Hot & Dry,26.1,57.48,548.82,3.07,0.0,45.0
2026-06-01 08:21:00,Hot & Dry,26.07,57.64,575.16,3.03,0.0,45.0
2026-06-01 08:22:00,Hot & Dry,25.86,59.15,555.17,3.59,0.0,45.0
2026-06-01 08:23:00,Hot & Dry,25.78,57.85,541.39,3.06,0.0,45.0
2026-06-01 08:24:00,Hot & Dry,25.59,58.72,575.51,3.41,0.0,45.0
2026-06-01 08:25:00,Hot & Dry,25.99,57.91,553.36,3.05,0.0,45.0
2026-06-01 08:26:00,Hot & Dry,26.47,56.31,574.58,3.11,0.0,45.0
2026-06-01 08:27:00,Hot & Dry,26.21,56.75,574.57,3.17,0.0,45.0
2026-06-01 08:28:00,Hot & Dry,26.1,56.44,578.0,3.57,0.0,45.0
2026-06-01 08:29:00,Hot & Dry,26.29,56.54,632.13,2.75,0.0,45.0
2026-06-01 08:30:00,Hot & Dry,26.02,56.94,600.16,2.9,0.0,45.0
2026-06-01 08:31:00,Hot & Dry,26.24,55.93,606.39,2.75,0.0,45.0
2026-06-01 08:32:00,Hot & Dry,26.34,56.22,572.52,2.97,0.0,45.0
2026-06-01 08:33:00,Hot & Dry,26.35,56.05,595.62,3.05,0.0,45.0
2026-06-01 08:34:00,Hot & Dry,26.51,56.56,614.26,2.85,0.0,45.0
2026-06-01 08:35:00,Hot & Dry,26.48,56.66,594.25,3.08,0.0,45.0
2026-06-01 08:36:00,Hot & Dry,26.57,55.52,632.63,2.75,0.0,45.0
2026-06-01 08:37:00,Hot & Dry,26.4,56.37,596.29,3.02,0.0,45.0
2026-06-01 08:38:00,Hot & Dry,26.67,54.65,616.02,3.6,0.0,45.0
2026-06-01 08:39:00,Hot & Dry,26.82,55.06,613.12,3.4,0.0,45.0
2026-06-01 08:40:00,Hot & Dry,26.47,56.58,629.91,3.35,0.0,45.0
2026-06-01 08:41:00,Hot & Dry,26.52,56.7,617.45,3.04,0.0,45.0
2026-06-01 08:42:00,Hot & Dry,26.89,54.75,627.11,2.91,0.0,45.0
2026-06-01 08:43:00,Hot & Dry,26.69,56.34,630.46,3.02,0.0,45.0
2026-06-01 08:44:00,Hot & Dry,26.97,54.03,623.6,3.31,0.0,45.0
2026-06-01 08:45:00,Hot & Dry,26.73,54.86,649.65,3.55,0.0,45.0
2026-06-01 08:46:00,Hot & Dry,27.05,55.14,647.61,3.56,0.0,45.0
2026-06-01 08:47:00,Hot & Dry,26.89,56.17,643.96,3.5,0.0,45.0
2026-06-01 08:48:00,Hot & Dry,26.94,55.31,639.96,3.15,0.0,45.0
2026-06-01 08:49:00,Hot & Dry,27.18,54.34,666.54,3.35,0.0,45.0
2026-06-01 08:50:00,Hot & Dry,26.92,53.75,648.99,3.26,0.0,45.0
2026-06-01 08:51:00,Hot & Dry,26.88,53.99,650.21,3.3,0.0,45.0
2026-06-01 08:52:00,Hot & Dry,26.99,54.97,660.94,3.89,0.0,45.0
2026-06-01 08:53:00,Hot & Dry,27.16,54.2,695.15,2.9,0.0,45.0
2026-06-01 08:54:00,Hot & Dry,26.89,54.49,637.38,3.31,0.0,45.0
2026-06-01 08:55:00,Hot & Dry,27.26,54.17,682.07,3.69,0.0,45.0
2026-06-01 08:56:00,Hot & Dry,27.12,54.59,631.25,3.0,0.0,45.0
2026-06-01 08:57:00,Hot & Dry,27.41,54.28,676.21,3.21,0.0,45.0
2026-06-01 08:58:00,Hot & Dry,26.92,55.17,706.27,3.25,0.0,45.0
2026-06-01 08:59:00,Hot & Dry,27.2,55.05,686.88,3.33,0.0,45.0
2026-06-01 09:00:00,Hot & Dry,27.1,54.59,682.98,2.98,0.0,45.0
2026-06-01 09:01:00,Hot & Dry,27.27,54.05,670.57,3.56,0.0,45.0
2026-06-01 09:02:00,Hot & Dry,27.46,54.2,685.2,3.58,0.0,45.0
2026-06-01 09:03:00,Hot & Dry,27.44,53.05,681.89,3.54,0.0,45.0
2026-06-01 09:04:00,Hot & Dry,27.47,55.25,673.33,3.19,0.0,45.0
2026-06-01 09:05:00,Hot & Dry,27.52,53.65,686.07,3.44,0.0,45.0
2026-06-01 09:06:00,Hot & Dry,27.61,53.39,698.71,3.19,0.0,45.0
2026-06-01 09:07:00,Hot & Dry,27.47,53.88,681.01,3.34,0.0,45.0
2026-06-01 09:08:00,Hot & Dry,27.76,53.87,682.6,4.0,0.0,45.0
2026-06-01 09:09:00,Hot & Dry,27.79,53.13,673.34,3.47,0.0,45.0
2026-06-01 09:10:00,Hot & Dry,27.79,51.7,712.69,3.14,0.0,45.0
2026-06-01 09:11:00,Hot & Dry,27.85,53.33,718.44,3.5,0.0,45.0
2026-06-01 09:12:00,Hot & Dry,27.85,52.29,714.23,3.1,0.0,45.0
2026-06-01 09:13:00,Hot & Dry,28.15,51.73,732.33,3.15,0.0,45.0
2026-06-01 09:14:00,Hot & Dry,27.87,51.67,716.01,3.19,0.0,45.0
2026-06-01 09:15:00,Hot & Dry,27.87,52.74,724.96,3.35,0.0,45.0
2026-06-01 09:16:00,Hot & Dry,27.85,52.12,725.48,3.72,0.0,45.0
2026-06-01 09:17:00,Hot & Dry,27.84,52.58,719.32,3.63,0.0,45.0
2026-06-01 09:18:00,Hot & Dry,27.85,52.33,712.15,3.62,0.0,45.0
2026-06-01 09:19:00,Hot & Dry,27.94,53.4,774.26,3.2,0.0,45.0
2026-06-01 09:20:00,Hot & Dry,28.1,52.99,718.5,3.35,0.0,45.0
2026-06-01 09:21:00,Hot & Dry,28.2,51.55,716.12,3.57,0.0,45.0
2026-06-01 09:22:00,Hot & Dry,28.2,51.57,742.59,3.34,0.0,45.0
2026-06-01 09:23:00,Hot & Dry,28.11,51.54,740.92,3.44,0.0,45.0
2026-06-01 09:24:00,Hot & Dry,28.4,51.63,706.59,3.63,0.0,45.0
2026-06-01 09:25:00,Hot & Dry,28.42,50.73,764.9,3.43,0.0,45.0
2026-06-01 09:26:00,Hot & Dry,28.32,50.94,740.16,3.58,0.0,45.0
2026-06-01 09:27:00,Hot & Dry,28.28,51.88,719.73,3.94,0.0,45.0
2026-06-01 09:28:00,Hot & Dry,28.5,50.36,773.44,3.49,0.0,45.0
2026-06-01 09:29:00,Hot & Dry,28.49,50.71,763.12,3.84,0.0,45.0
2026-06-01 09:30:00,Hot & Dry,28.28,50.35,722.81,3.69,0.0,45.0
2026-06-01 09:31:00,Hot & Dry,28.52,51.04,793.72,3.16,0.0,45.0
2026-06-01 09:32:00,Hot & Dry,28.61,51.54,770.71,3.26,0.0,45.0
2026-06-01 09:33:00,Hot & Dry,28.48,51.19,757.75,3.34,0.0,45.0
2026-06-01 09:34:00,Hot & Dry,28.68,51.07,796.45,3.34,0.0,45.0
2026-06-01 09:35:00,Hot & Dry,28.47,50.26,766.02,3.54,0.0,45.0
2026-06-01 09:36:00,Hot & Dry,28.93,49.64,763.92,3.73,0.0,45.0
2026-06-01 09:37:00,Hot & Dry,28.95,48.86,751.55,3.9,0.0,45.0
2026-06-01 09:38:00,Hot & Dry,28.77,49.81,782.32,3.66,0.0,45.0
2026-06-01 09:39:00,Hot & Dry,28.9,50.05,782.07,3.47,0.0,45.0
2026-06-01 09:40:00,Hot & Dry,28.52,50.69,773.53,3.05,0.0,45.0
2026-06-01 09:41:00,Hot & Dry,28.75,49.15,756.94,3.61,0.0,45.0
2026-06-01 09:42:00,Hot & Dry,28.92,48.75,780.46,3.6,0.0,45.0
2026-06-01 09:43:00,Hot & Dry,28.84,48.92,777.91,3.65,0.0,45.0
2026-06-01 09:44:00,Hot & Dry,29.14,49.2,750.37,4.15,0.0,45.0
2026-06-01 09:45:00,Hot & Dry,29.37,49.5,749.12,3.93,0.0,45.0
2026-06-01 09:46:00,Hot & Dry,28.94,50.29,799.12,3.82,0.0,45.0
2026-06-01 09:47:00,Hot & Dry,29.03,48.09,726.36,3.37,0.0,45.0
2026-06-01 09:48:00,Hot & Dry,29.23,49.53,794.78,3.49,0.0,45.0
2026-06-01 09:49:00,Hot & Dry,29.47,48.55,780.59,3.61,0.0,45.0
2026-06-01 09:50:00,Hot & Dry,29.08,48.14,825.14,3.43,0.0,45.0
2026-06-01 09:51:00,Hot & Dry,29.34,48.16,784.22,3.77,0.0,45.0
2026-06-01 09:52:00,Hot & Dry,29.62,48.24,813.8,3.74,0.0,45.0
2026-06-01 09:53:00,Hot & Dry,29.14,49.25,790.48,3.36,0.0,45.0
2026-06-01 09:54:00,Hot & Dry,29.23,47.88,804.73,3.96,0.0,45.0
2026-06-01 09:55:00,Hot & Dry,29.4,48.57,821.74,3.68,0.0,45.0
2026-06-01 09:56:00,Hot & Dry,29.42,46.85,794.75,3.21,0.0,45.0
2026-06-01 09:57:00,Hot & Dry,29.66,47.34,832.03,3.65,0.0,45.0
2026-06-01 09:58:00,Hot & Dry,29.61,48.29,785.68,3.74,0.0,45.0
2026-06-01 09:59:00,Hot & Dry,29.35,48.35,818.92,3.93,0.0,45.0
2026-06-01 10:00:00,Hot & Dry,29.73,46.98,836.19,3.59,0.0,45.0
2026-06-01 10:01:00,Hot & Dry,29.6,48.16,831.72,3.9,0.0,45.0
2026-06-01 10:02:00,Hot & Dry,29.92,47.33,864.47,3.74,0.0,45.0
2026-06-01 10:03:00,Hot & Dry,29.67,48.22,800.59,3.35,0.0,45.0
2026-06-01 10:04:00,Hot & Dry,29.71,47.86,787.25,3.33,0.0,45.0
2026-06-01 10:05:00,Hot & Dry,29.92,47.38,798.53,3.99,0.0,45.0
2026-06-01 10:06:00,Hot & Dry,29.99,46.98,841.28,4.02,0.0,45.0
2026-06-01 10:07:00,Hot & Dry,29.99,46.72,839.12,3.79,0.0,45.0
2026-06-01 10:08:00,Hot & Dry,29.7,47.4,831.14,4.1,0.0,45.0
2026-06-01 10:09:00,Hot & Dry,30.07,46.17,802.44,3.99,0.0,45.4
2026-06-01 10:10:00,Hot & Dry,29.88,46.14,851.36,3.9,0.0,45.0
2026-06-01 10:11:00,Hot & Dry,30.1,45.66,803.36,3.49,0.0,45.6
2026-06-01 10:12:00,Hot & Dry,29.89,46.65,864.85,4.18,0.0,45.0
2026-06-01 10:13:00,Hot & Dry,30.21,46.08,909.35,3.87,0.0,48.86
2026-06-01 10:14:00,Hot & Dry,30.06,47.22,848.54,3.64,0.0,45.3
2026-06-01 10:15:00,Hot & Dry,30.03,46.43,855.77,3.57,0.0,45.17
2026-06-01 10:16:00,Hot & Dry,30.36,46.12,830.33,3.82,0.0,46.94
2026-06-01 10:17:00,Hot & Dry,30.33,46.26,798.65,3.32,0.0,46.76
2026-06-01 10:18:00,Hot & Dry,30.24,45.73,830.92,3.94,0.0,46.39
2026-06-01 10:19:00,Hot & Dry,30.58,45.26,820.11,3.51,0.0,48.33
2026-06-01 10:20:00,Hot & Dry,30.34,45.44,812.72,3.86,0.0,47.0
2026-06-01 10:21:00,Hot & Dry,30.44,46.08,895.26,3.63,0.0,47.35
2026-06-01 10:22:00,Hot & Dry,30.52,45.47,859.92,3.7,0.0,47.94
2026-06-01 10:23:00,Hot & Dry,30.42,44.65,864.32,3.58,0.0,47.46
2026-06-01 10:24:00,Hot & Dry,30.62,44.91,848.28,3.74,0.0,48.62
2026-06-01 10:25:00,Hot & Dry,30.5,46.12,853.4,4.28,0.0,47.63
2026-06-01 10:26:00,Hot & Dry,30.56,44.87,884.33,4.15,0.0,48.29
2026-06-01 10:27:00,Hot & Dry,30.86,44.41,860.23,3.89,0.0,49.49
2026-06-01 10:28:00,Hot & Dry,30.53,45.38,876.39,3.79,0.0,48.03
2026-06-01 10:29:00,Hot & Dry,30.36,44.91,859.15,4.02,0.0,47.22
2026-06-01 10:30:00,Hot & Dry,30.99,44.08,856.91,4.1,0.0,49.87
2026-06-01 10:31:00,Hot & Dry,31.19,42.39,830.74,3.59,0.0,50.11
2026-06-01 10:32:00,Hot & Dry,30.79,43.95,817.34,3.79,0.0,48.97
2026-06-01 10:33:00,Hot & Dry,30.61,45.47,863.59,3.34,0.0,48.39
2026-06-01 10:34:00,Hot & Dry,30.9,44.23,873.41,4.11,0.0,49.57
2026-06-01 10:35:00,Hot & Dry,30.95,43.69,839.74,4.36,0.0,49.52
2026-06-01 10:36:00,Hot & Dry,31.01,43.97,874.03,3.85,0.0,49.89
2026-06-01 10:37:00,Hot & Dry,30.92,43.93,877.83,3.28,0.0,49.51
2026-06-01 10:38:00,Hot & Dry,31.22,43.14,821.1,4.0,0.0,50.29
2026-06-01 10:39:00,Hot & Dry,31.26,43.42,855.2,3.61,0.0,50.56
2026-06-01 10:40:00,Hot & Dry,31.0,43.31,891.54,3.67,0.0,49.56
2026-06-01 10:41:00,Hot & Dry,31.38,42.73,892.45,4.01,0.0,50.98
2026-06-01 10:42:00,Hot & Dry,31.62,41.83,853.05,3.92,0.0,52.13
2026-06-01 10:43:00,Hot & Dry,31.39,41.72,889.24,3.73,0.0,51.03
2026-06-01 10:44:00,Hot & Dry,31.35,42.21,913.62,3.69,0.0,53.98
2026-06-01 10:45:00,Hot & Dry,31.43,43.5,908.51,3.9,0.0,53.21
2026-06-01 10:46:00,Hot & Dry,31.58,42.35,886.64,3.76,0.0,51.94
2026-06-01 10:47:00,Hot & Dry,31.28,42.18,878.03,3.58,0.0,50.52
2026-06-01 10:48:00,Hot & Dry,31.6,41.14,875.04,3.79,0.0,52.04
2026-06-01 10:49:00,Hot & Dry,31.57,42.11,905.75,3.97,0.0,53.24
2026-06-01 10:50:00,Hot & Dry,31.94,42.06,899.77,3.84,0.0,53.76
2026-06-01 10:51:00,Hot & Dry,31.68,41.73,912.75,3.52,0.0,55.32
2026-06-01 10:52:00,Hot & Dry,32.0,41.74,900.68,4.15,0.0,54.25
2026-06-01 10:53:00,Hot & Dry,31.63,42.2,920.48,3.18,0.0,56.69
2026-06-01 10:54:00,Hot & Dry,31.93,41.45,902.24,3.78,0.0,54.24
2026-06-01 10:55:00,Hot & Dry,31.93,40.36,922.15,3.74,0.0,58.48
2026-06-01 10:56:00,Hot & Dry,31.8,42.1,925.75,3.95,0.0,58.53
2026-06-01 10:57:00,Hot & Dry,32.0,40.78,881.61,4.06,0.0,54.09
2026-06-01 10:58:00,Hot & Dry,32.19,40.95,855.56,4.21,0.0,55.14
2026-06-01 10:59:00,Hot & Dry,32.01,40.46,947.79,3.73,0.0,62.34
2026-06-01 11:00:00,Hot & Dry,31.84,41.51,914.02,4.07,0.0,56.38
2026-06-01 11:01:00,Hot & Dry,32.14,40.8,861.5,3.98,0.0,54.85
2026-06-01 11:02:00,Hot & Dry,32.05,40.75,889.91,3.48,0.0,54.36
2026-06-01 11:03:00,Hot & Dry,32.17,40.73,931.62,4.43,0.0,61.47
2026-06-01 11:04:00,Hot & Dry,32.25,40.11,904.03,3.56,0.0,56.41
2026-06-01 11:05:00,Hot & Dry,32.05,40.44,898.79,4.05,0.0,54.36
2026-06-01 11:06:00,Hot & Dry,32.11,41.64,952.34,4.04,0.0,63.23
2026-06-01 11:07:00,Hot & Dry,32.46,40.31,886.28,4.02,0.0,56.74
2026-06-01 11:08:00,Hot & Dry,32.35,39.53,894.19,3.82,0.0,56.07
2026-06-01 11:09:00,Hot & Dry,32.09,41.06,923.02,4.17,0.0,59.47
2026-06-01 11:10:00,Hot & Dry,32.63,38.76,929.02,3.55,0.0,63.68
2026-06-01 11:11:00,Hot & Dry,32.6,38.6,933.01,3.94,0.0,64.18
2026-06-01 11:12:00,Hot & Dry,32.49,40.22,945.52,3.82,0.0,65.51
2026-06-01 11:13:00,Hot & Dry,32.44,38.72,926.88,3.79,0.0,62.14
2026-06-01 11:14:00,Hot & Dry,32.81,39.28,935.94,4.08,0.0,66.01
2026-06-01 11:15:00,Hot & Dry,32.77,38.67,916.22,4.25,0.0,62.25
2026-06-01 11:16:00,Hot & Dry,33.12,37.73,926.13,3.89,0.0,66.65
2026-06-01 11:17:00,Hot & Dry,32.87,38.81,928.35,4.18,0.0,65.17
2026-06-01 11:18:00,Hot & Dry,32.9,38.81,932.31,4.0,0.0,66.04
2026-06-01 11:19:00,Hot & Dry,32.86,38.08,948.77,3.75,0.0,68.26
2026-06-01 11:20:00,Hot & Dry,33.05,38.48,943.67,3.92,0.0,68.84
2026-06-01 11:21:00,Hot & Dry,33.06,38.09,930.37,3.92,0.0,66.89
2026-06-01 11:22:00,Hot & Dry,33.2,36.89,907.47,3.82,0.0,63.82
2026-06-01 11:23:00,Hot & Dry,32.97,38.17,932.84,4.11,0.0,66.63
2026-06-01 11:24:00,Hot & Dry,33.02,38.95,931.05,4.06,0.0,66.7
2026-06-01 11:25:00,Hot & Dry,33.06,39.04,938.11,3.59,0.0,68.11
2026-06-01 11:26:00,Hot & Dry,33.29,37.82,995.36,3.58,0.0,72.83
2026-06-01 11:27:00,Hot & Dry,33.43,36.27,919.73,4.12,0.0,68.21
2026-06-01 11:28:00,Hot & Dry,33.18,37.98,947.09,3.8,0.0,70.27
2026-06-01 11:29:00,Hot & Dry,33.23,38.07,966.06,4.1,0.0,72.29
2026-06-01 11:30:00,Hot & Dry,33.38,37.58,939.62,4.23,0.0,70.84
2026-06-01 11:31:00,Hot & Dry,33.33,37.74,1003.42,3.69,0.0,73.16
2026-06-01 11:32:00,Hot & Dry,33.55,36.87,927.8,3.66,0.0,70.65
2026-06-01 11:33:00,Hot & Dry,33.11,37.84,948.34,4.47,0.0,69.92
2026-06-01 11:34:00,Hot & Dry,33.36,36.81,917.44,4.13,0.0,67.16
2026-06-01 11:35:00,Hot & Dry,33.41,35.91,930.78,3.93,0.0,69.82
2026-06-01 11:36:00,Hot & Dry,33.22,37.78,948.46,3.8,0.0,70.75
2026-06-01 11:37:00,Hot & Dry,33.46,37.02,966.06,3.91,0.0,74.48
2026-06-01 11:38:00,Hot & Dry,33.51,37.11,951.87,3.74,0.0,73.49
2026-06-01 11:39:00,Hot & Dry,33.66,35.57,979.17,4.28,0.0,76.26
2026-06-01 11:40:00,Hot & Dry,33.89,36.1,941.52,3.85,0.0,75.9
2026-06-01 11:41:00,Hot & Dry,33.73,37.4,935.45,4.34,0.0,73.5
2026-06-01 11:42:00,Hot & Dry,33.65,36.44,1022.22,3.95,0.0,75.82
2026-06-01 11:43:00,Hot & Dry,33.83,35.84,957.34,3.79,0.0,76.93
2026-06-01 11:44:00,Hot & Dry,34.04,35.49,926.34,3.95,0.0,75.29
2026-06-01 11:45:00,Hot & Dry,33.77,37.26,927.65,3.38,0.0,72.86
2026-06-01 11:46:00,Hot & Dry,33.82,35.29,921.17,4.04,0.0,72.45
2026-06-01 11:47:00,Hot & Dry,34.08,35.31,975.21,4.03,0.0,79.91
2026-06-01 11:48:00,Hot & Dry,34.0,34.93,938.75,4.29,0.0,76.79
2026-06-01 11:49:00,Hot & Dry,34.17,34.61,953.31,3.59,0.0,78.15
2026-06-01 11:50:00,Hot & Dry,34.11,35.08,948.42,4.38,0.0,77.73
2026-06-01 11:51:00,Hot & Dry,34.25,35.51,971.62,4.3,0.0,79.55
2026-06-01 11:52:00,Hot & Dry,34.03,36.4,927.11,4.41,0.0,75.39
2026-06-01 11:53:00,Hot & Dry,34.22,35.06,921.06,4.08,0.0,74.53
2026-06-01 11:54:00,Hot & Dry,34.23,34.54,958.67,4.36,0.0,78.57
2026-06-01 11:55:00,Hot & Dry,34.12,36.58,969.92,3.71,0.0,79.51
2026-06-01 11:56:00,Hot & Dry,34.11,34.86,962.71,4.28,0.0,78.97
2026-06-01 11:57:00,Hot & Dry,34.48,33.74,930.49,3.9,0.0,75.65
2026-06-01 11:58:00,Hot & Dry,34.36,33.34,973.48,3.67,0.0,79.62
2026-06-01 11:59:00,Hot & Dry,34.3,35.42,933.21,3.81,0.0,76.03
2026-06-01 12:00:00,Hot & Dry,34.48,34.67,939.98,4.11,0.0,76.71
2026-06-01 12:01:00,Hot & Dry,34.7,34.93,928.26,3.9,0.0,75.33
2026-06-01 12:02:00,Hot & Dry,34.22,33.96,993.0,4.21,0.0,79.69
2026-06-01 12:03:00,Hot & Dry,34.38,35.24,974.23,3.64,0.0,79.65
2026-06-01 12:04:00,Hot & Dry,34.5,34.06,973.78,3.56,0.0,79.56
2026-06-01 12:05:00,Hot & Dry,34.9,33.41,992.56,4.48,0.0,80.44
2026-06-01 12:06:00,Hot & Dry,34.76,32.33,1037.85,4.36,0.0,79.83
2026-06-01 12:07:00,Hot & Dry,34.87,33.89,908.31,3.85,0.0,72.63
2026-06-01 12:08:00,Hot & Dry,34.62,34.17,936.49,4.13,0.0,76.29
2026-06-01 12:09:00,Hot & Dry,34.66,33.57,940.29,4.39,0.0,76.67
2026-06-01 12:10:00,Hot & Dry,34.93,33.22,933.81,4.24,0.0,75.91
2026-06-01 12:11:00,Hot & Dry,34.91,32.44,927.55,4.17,0.0,75.2
2026-06-01 12:12:00,Hot & Dry,35.02,32.24,950.16,4.42,0.0,77.49
2026-06-01 12:13:00,Hot & Dry,34.94,32.52,924.02,3.95,0.0,74.77
2026-06-01 12:14:00,Hot & Dry,35.05,31.39,968.88,4.15,0.0,78.97
2026-06-01 12:15:00,Hot & Dry,35.07,32.97,960.94,4.14,0.0,78.37
2026-06-01 12:16:00,Hot & Dry,35.19,32.81,973.49,4.07,0.0,79.23
2026-06-01 12:17:00,Hot & Dry,35.23,31.56,974.44,4.05,0.0,79.28
2026-06-01 12:18:00,Hot & Dry,34.91,33.1,977.36,4.17,0.0,79.6
2026-06-01 12:19:00,Hot & Dry,34.85,32.9,949.39,4.16,0.0,77.48
2026-06-01 12:20:00,Hot & Dry,35.37,31.8,1021.4,3.88,0.0,80.47
2026-06-01 12:21:00,Hot & Dry,35.43,31.05,967.17,4.36,0.0,78.72
2026-06-01 12:22:00,Hot & Dry,35.14,31.72,906.86,3.9,0.0,72.43
2026-06-01 12:23:00,Hot & Dry,35.05,33.13,931.74,4.1,0.0,75.65
2026-06-01 12:24:00,Hot & Dry,35.38,31.55,910.55,4.09,0.0,72.97
2026-06-01 12:25:00,Hot & Dry,35.54,32.36,961.29,4.26,0.0,78.25
2026-06-01 12:26:00,Hot & Dry,35.7,30.71,957.34,3.62,0.0,77.91
2026-06-01 12:27:00,Hot & Dry,35.54,30.57,947.4,4.4,0.0,77.1
2026-06-01 12:28:00,Hot & Dry,35.45,32.13,1018.9,3.99,0.0,80.53
2026-06-01 12:29:00,Hot & Dry,35.4,31.89,976.78,4.49,0.0,79.37
2026-06-01 12:30:00,Hot & Dry,35.57,31.48,981.89,4.05,0.0,79.64
2026-06-01 12:31:00,Hot & Dry,35.56,31.79,934.11,4.16,0.0,75.81
2026-06-01 12:32:00,Hot & Dry,35.49,30.89,932.13,4.68,0.0,75.61
2026-06-01 12:33:00,Hot & Dry,35.98,29.83,961.96,4.11,0.0,78.39
2026-06-01 12:34:00,Hot & Dry,35.98,29.82,965.84,4.5,0.0,78.68
2026-06-01 12:35:00,Hot & Dry,35.91,29.32,907.29,4.19,0.0,72.48
2026-06-01 12:36:00,Hot & Dry,35.64,30.7,955.52,4.29,0.0,77.77
2026-06-01 12:37:00,Hot & Dry,35.94,30.83,961.04,4.21,0.0,78.17
2026-06-01 12:38:00,Hot & Dry,35.94,30.16,954.33,4.41,0.0,77.73
2026-06-01 12:39:00,Hot & Dry,35.95,29.2,936.98,4.01,0.0,76.25
2026-06-01 12:40:00,Hot & Dry,36.1,28.64,944.74,3.94,0.0,77.14
2026-06-01 12:41:00,Hot & Dry,36.04,30.74,955.05,4.03,0.0,77.72
2026-06-01 12:42:00,Hot & Dry,36.09,29.55,962.61,4.22,0.0,78.49
2026-06-01 12:43:00,Hot & Dry,36.11,29.17,977.24,4.14,0.0,79.6
2026-06-01 12:44:00,Hot & Dry,36.1,29.42,990.76,4.38,0.0,80.34
2026-06-01 12:45:00,Hot & Dry,35.81,29.49,950.98,4.54,0.0,77.55
2026-06-01 12:46:00,Hot & Dry,36.13,30.36,946.11,3.95,0.0,76.99
2026-06-01 12:47:00,Hot & Dry,36.06,29.45,971.61,4.01,0.0,79.16
2026-06-01 12:48:00,Hot & Dry,35.99,30.72,976.35,3.83,0.0,79.25
2026-06-01 12:49:00,Hot & Dry,36.46,28.6,946.05,4.74,0.0,77.27
2026-06-01 12:50:00,Hot & Dry,36.5,29.32,981.0,4.29,0.0,79.8
2026-06-01 12:51:00,Hot & Dry,36.48,28.68,986.15,4.34,0.0,80.26
2026-06-01 12:52:00,Hot & Dry,36.35,29.41,994.82,3.86,0.0,80.52
2026-06-01 12:53:00,Hot & Dry,36.54,28.78,1008.48,4.21,0.0,80.33
2026-06-01 12:54:00,Hot & Dry,36.37,29.19,932.21,4.35,0.0,75.74
2026-06-01 12:55:00,Hot & Dry,36.44,28.86,957.16,4.15,0.0,78.2
2026-06-01 12:56:00,Hot & Dry,36.27,28.96,956.74,4.5,0.0,78.15
2026-06-01 12:57:00,Hot & Dry,36.53,29.54,953.25,4.82,0.0,77.74
2026-06-01 12:58:00,Hot & Dry,36.51,27.9,937.08,3.98,0.0,76.51
2026-06-01 12:59:00,Hot & Dry,36.34,28.93,912.74,3.96,0.0,73.28
2026-06-01 13:00:00,Hot & Dry,36.56,28.32,957.57,4.0,0.0,78.37
2026-06-01 13:01:00,Hot & Dry,36.58,28.48,932.51,4.64,0.0,75.88
2026-06-01 13:02:00,Hot & Dry,36.9,27.11,956.55,4.5,0.0,78.67
2026-06-01 13:03:00,Hot & Dry,36.79,27.85,930.93,4.19,0.0,75.81
2026-06-01 13:04:00,Hot & Dry,36.69,27.84,921.76,4.24,0.0,74.63
2026-06-01 13:05:00,Hot & Dry,36.76,26.81,959.44,4.02,0.0,79.05
2026-06-01 13:06:00,Hot & Dry,36.76,27.76,956.57,4.46,0.0,78.45
2026-06-01 13:07:00,Hot & Dry,36.75,27.11,968.31,4.13,0.0,79.62
2026-06-01 13:08:00,Hot & Dry,36.65,27.02,1013.65,4.17,0.0,79.8
2026-06-01 13:09:00,Hot & Dry,36.82,27.67,958.66,4.39,0.0,78.66
2026-06-01 13:10:00,Hot & Dry,36.76,28.04,964.06,4.19,0.0,78.97
2026-06-01 13:11:00,Hot & Dry,36.71,28.19,918.98,4.18,0.0,74.21
2026-06-01 13:12:00,Hot & Dry,37.01,27.4,912.49,4.24,0.0,75.28
2026-06-01 13:13:00,Hot & Dry,37.02,25.86,993.6,4.45,0.0,79.44
2026-06-01 13:14:00,Hot & Dry,36.72,27.03,921.71,4.67,0.0,75.85
2026-06-01 13:15:00,Hot & Dry,37.0,28.26,917.71,4.39,0.0,74.02
2026-06-01 13:16:00,Hot & Dry,37.2,25.9,945.66,4.45,0.0,78.16
2026-06-01 13:17:00,Hot & Dry,37.24,26.78,943.59,4.19,0.0,77.55
2026-06-01 13:18:00,Hot & Dry,37.26,25.94,919.92,4.06,0.0,77.58
2026-06-01 13:19:00,Hot & Dry,37.14,26.73,936.22,4.42,0.0,76.74
2026-06-01 13:20:00,Hot & Dry,37.04,26.59,979.03,4.29,0.0,79.67
2026-06-01 13:21:00,Hot & Dry,37.03,27.32,920.72,3.88,0.0,75.4
2026-06-01 13:22:00,Hot & Dry,37.28,26.39,903.42,4.16,0.0,76.85
2026-06-01 13:23:00,Hot & Dry,37.31,25.95,968.78,4.23,0.0,79.47
2026-06-01 13:24:00,Hot & Dry,37.48,25.13,955.33,4.12,0.0,79.21
2026-06-01 13:25:00,Hot & Dry,37.48,25.92,923.19,4.64,0.0,77.61
2026-06-01 13:26:00,Hot & Dry,37.32,25.46,895.35,4.38,0.0,78.38
2026-06-01 13:27:00,Hot & Dry,37.18,26.83,918.23,4.61,0.0,76.16
2026-06-01 13:28:00,Hot & Dry,37.35,27.69,936.9,4.32,0.0,76.54
2026-06-01 13:29:00,Hot & Dry,37.46,26.62,970.45,4.27,0.0,79.68
2026-06-01 13:30:00,Hot & Dry,37.42,26.34,907.73,4.01,0.0,76.93
2026-06-01 13:31:00,Hot & Dry,37.39,25.94,933.69,4.26,0.0,77.58
2026-06-01 13:32:00,Hot & Dry,37.55,24.4,954.18,4.26,0.0,79.48
2026-06-01 13:33:00,Hot & Dry,37.46,25.01,867.66,3.9,0.0,79.16
2026-06-01 13:34:00,Hot & Dry,37.47,26.55,962.52,4.12,0.0,79.42
2026-06-01 13:35:00,Hot & Dry,37.64,24.84,899.62,4.17,0.0,79.22
2026-06-01 13:36:00,Hot & Dry,37.56,25.12,941.11,4.37,0.0,78.96
2026-06-01 13:37:00,Hot & Dry,37.68,25.09,937.84,4.38,0.0,79.02
2026-06-01 13:38:00,Hot & Dry,37.71,24.47,960.31,4.11,0.0,79.34
2026-06-01 13:39:00,Hot & Dry,37.53,24.88,944.5,4.38,0.0,79.21
2026-06-01 13:40:00,Hot & Dry,37.65,25.24,862.02,4.21,0.0,78.76
2026-06-01 13:41:00,Hot & Dry,37.97,23.86,905.45,3.51,0.0,79.53
2026-06-01 13:42:00,Hot & Dry,37.6,24.96,930.17,4.13,0.0,79.19
2026-06-01 13:43:00,Hot & Dry,37.48,25.26,919.95,4.54,0.0,78.72
2026-06-01 13:44:00,Hot & Dry,37.55,25.87,937.64,3.82,0.0,77.7
2026-06-01 13:45:00,Hot & Dry,37.86,24.56,945.27,4.29,0.0,79.31
2026-06-01 13:46:00,Hot & Dry,37.88,24.52,939.24,4.67,0.0,79.32
2026-06-01 13:47:00,Hot & Dry,37.89,24.97,915.46,4.06,0.0,79.18
2026-06-01 13:48:00,Hot & Dry,38.11,23.9,869.38,4.26,0.0,79.52
2026-06-01 13:49:00,Hot & Dry,37.56,25.37,906.76,3.92,0.0,78.53
2026-06-01 13:50:00,Hot & Dry,38.04,24.47,929.74,4.69,0.0,79.34
2026-06-01 13:51:00,Hot & Dry,38.24,24.03,887.2,4.24,0.0,79.48
2026-06-01 13:52:00,Hot & Dry,37.86,24.6,933.47,4.28,0.0,79.3
2026-06-01 13:53:00,Hot & Dry,38.0,24.35,939.97,4.62,0.0,79.38
2026-06-01 13:54:00,Hot & Dry,37.97,23.92,917.41,4.44,0.0,79.51
2026-06-01 13:55:00,Hot & Dry,37.97,23.86,828.91,4.04,0.0,79.53
2026-06-01 13:56:00,Hot & Dry,38.08,24.54,876.72,4.1,0.0,79.32
2026-06-01 13:57:00,Hot & Dry,38.37,23.55,962.06,4.39,0.0,79.75
2026-06-01 13:58:00,Hot & Dry,38.45,23.31,894.47,4.1,0.0,79.7
2026-06-01 13:59:00,Hot & Dry,38.15,24.05,854.15,3.71,0.0,79.47
2026-06-01 14:00:00,Hot & Dry,38.51,22.91,940.65,4.25,0.0,80.38
2026-06-01 14:01:00,Hot & Dry,38.26,24.01,906.2,3.88,0.0,79.48
2026-06-01 14:02:00,Hot & Dry,38.54,23.37,934.62,4.68,0.0,79.72
2026-06-01 14:03:00,Hot & Dry,38.28,24.06,910.92,4.31,0.0,79.47
2026-06-01 14:04:00,Hot & Dry,38.34,23.3,914.6,4.03,0.0,79.7
2026-06-01 14:05:00,Hot & Dry,38.4,24.03,910.75,4.08,0.0,79.48
2026-06-01 14:06:00,Hot & Dry,38.84,22.1,918.51,3.77,0.0,80.07
2026-06-01 14:07:00,Hot & Dry,38.52,23.24,959.8,3.98,0.0,80.11
2026-06-01 14:08:00,Hot & Dry,38.31,23.62,923.27,4.53,0.0,79.6
2026-06-01 14:09:00,Hot & Dry,38.58,22.84,853.37,4.84,0.0,79.84
2026-06-01 14:10:00,Hot & Dry,38.4,22.74,906.52,4.45,0.0,79.87
2026-06-01 14:11:00,Hot & Dry,38.41,23.59,923.8,4.24,0.0,79.61
2026-06-01 14:12:00,Hot & Dry,38.64,24.24,924.06,4.15,0.0,79.41
2026-06-01 14:13:00,Hot & Dry,38.53,22.61,879.14,4.01,0.0,79.91
2026-06-01 14:14:00,Hot & Dry,38.59,22.71,920.26,4.8,0.0,79.88
2026-06-01 14:15:00,Hot & Dry,38.57,22.45,912.52,4.21,0.0,79.96
2026-06-01 14:16:00,Hot & Dry,38.64,22.23,954.84,4.81,0.0,81.12
2026-06-01 14:17:00,Hot & Dry,38.67,23.36,865.12,4.62,0.0,79.68
2026-06-01 14:18:00,Hot & Dry,38.34,22.95,870.18,3.81,0.0,79.81
2026-06-01 14:19:00,Hot & Dry,38.75,21.93,874.11,4.09,0.0,80.12
2026-06-01 14:20:00,Hot & Dry,38.53,21.89,867.83,4.09,0.0,80.13
2026-06-01 14:21:00,Hot & Dry,38.48,22.52,855.86,4.24,0.0,79.94
2026-06-01 14:22:00,Hot & Dry,38.71,21.31,805.12,4.24,0.0,80.31
2026-06-01 14:23:00,Hot & Dry,38.75,22.6,864.98,5.04,0.0,79.92
2026-06-01 14:24:00,Hot & Dry,38.65,24.17,884.63,3.98,0.0,79.43
2026-06-01 14:25:00,Hot & Dry,38.9,21.58,860.52,4.32,0.0,80.22
2026-06-01 14:26:00,Hot & Dry,38.59,21.65,922.56,4.42,0.0,80.4
2026-06-01 14:27:00,Hot & Dry,38.76,22.74,870.77,4.26,0.0,79.87
2026-06-01 14:28:00,Hot & Dry,38.75,21.79,902.54,4.28,0.0,80.16
2026-06-01 14:29:00,Hot & Dry,38.85,22.72,874.15,3.98,0.0,79.88
2026-06-01 14:30:00,Hot & Dry,38.92,21.58,887.26,4.28,0.0,80.22
2026-06-01 14:31:00,Hot & Dry,38.74,21.86,871.47,4.39,0.0,80.14
2026-06-01 14:32:00,Hot & Dry,39.02,21.35,898.08,4.34,0.0,80.29
2026-06-01 14:33:00,Hot & Dry,38.94,22.14,862.51,4.4,0.0,80.06
2026-06-01 14:34:00,Hot & Dry,38.67,22.31,872.25,4.62,0.0,80.0
2026-06-01 14:35:00,Hot & Dry,38.68,22.12,867.28,4.49,0.0,80.06
2026-06-01 14:36:00,Hot & Dry,38.99,21.44,848.82,4.27,0.0,80.27
2026-06-01 14:37:00,Hot & Dry,38.97,20.83,864.97,3.94,0.0,80.45
2026-06-01 14:38:00,Hot & Dry,39.01,21.73,910.11,4.09,0.0,80.18
2026-06-01 14:39:00,Hot & Dry,39.04,20.34,844.37,4.19,0.0,80.6
2026-06-01 14:40:00,Hot & Dry,39.1,20.99,860.29,4.31,0.0,80.4
2026-06-01 14:41:00,Hot & Dry,39.22,21.36,879.91,4.12,0.0,80.29
2026-06-01 14:42:00,Hot & Dry,38.93,21.9,875.16,4.0,0.0,80.13
2026-06-01 14:43:00,Hot & Dry,38.94,22.05,844.8,3.93,0.0,80.08
2026-06-01 14:44:00,Hot & Dry,38.97,21.57,782.53,3.81,0.0,80.23
2026-06-01 14:45:00,Hot & Dry,39.19,21.69,854.09,4.18,0.0,80.19
2026-06-01 14:46:00,Hot & Dry,39.35,21.1,783.43,3.86,0.0,80.37
2026-06-01 14:47:00,Hot & Dry,39.12,21.46,874.49,3.98,0.0,80.26
2026-06-01 14:48:00,Hot & Dry,38.83,22.56,840.04,4.14,0.0,79.93
2026-06-01 14:49:00,Hot & Dry,38.96,22.08,859.02,3.89,0.0,80.07
2026-06-01 14:50:00,Hot & Dry,39.11,20.96,809.69,4.34,0.0,80.41
2026-06-01 14:51:00,Hot & Dry,39.17,20.25,791.74,4.43,0.0,80.62
2026-06-01 14:52:00,Hot & Dry,39.21,21.21,835.08,4.09,0.0,80.34
2026-06-01 14:53:00,Hot & Dry,39.29,21.05,825.94,4.12,0.0,80.38
2026-06-01 14:54:00,Hot & Dry,39.25,21.48,812.77,4.37,0.0,80.25
2026-06-01 14:55:00,Hot & Dry,39.47,19.65,825.18,4.04,0.0,80.8
2026-06-01 14:56:00,Hot & Dry,39.23,20.35,889.41,4.03,0.0,80.59
2026-06-01 14:57:00,Hot & Dry,39.22,21.2,839.87,4.54,0.0,80.34
2026-06-01 14:58:00,Hot & Dry,39.43,20.28,843.21,4.46,0.0,80.61
2026-06-01 14:59:00,Hot & Dry,39.14,19.99,836.22,4.38,0.0,80.7
2026-06-01 15:00:00,Hot & Dry,39.45,20.5,849.78,4.46,0.0,80.55
2026-06-01 15:01:00,Hot & Dry,39.42,19.24,807.12,3.71,0.0,80.93
2026-06-01 15:02:00,Hot & Dry,39.4,19.85,759.9,4.57,0.0,81.21
2026-06-01 15:03:00,Hot & Dry,39.67,20.47,803.31,4.32,0.0,80.56
2026-06-01 15:04:00,Hot & Dry,39.35,21.63,825.55,4.48,0.0,80.21
2026-06-01 15:05:00,Hot & Dry,39.77,18.65,780.58,4.32,0.0,81.02
2026-06-01 15:06:00,Hot & Dry,39.44,20.1,797.75,4.23,0.0,80.67
2026-06-01 15:07:00,Hot & Dry,39.3,20.72,783.4,4.14,0.0,80.48
2026-06-01 15:08:00,Hot & Dry,39.51,21.16,833.97,4.31,0.0,80.35
2026-06-01 15:09:00,Hot & Dry,39.36,20.24,813.9,4.13,0.0,80.63
2026-06-01 15:10:00,Hot & Dry,39.42,20.08,809.5,4.44,0.0,80.67
2026-06-01 15:11:00,Hot & Dry,39.6,20.78,806.72,3.8,0.0,80.46
2026-06-01 15:12:00,Hot & Dry,39.64,19.52,789.03,4.07,0.0,80.85
2026-06-01 15:13:00,Hot & Dry,39.48,20.63,792.53,4.74,0.0,80.51
2026-06-01 15:14:00,Hot & Dry,39.73,18.61,757.86,4.04,0.0,81.51
2026-06-01 15:15:00,Hot & Dry,39.77,19.29,732.31,4.14,0.0,82.27
2026-06-01 15:16:00,Hot & Dry,39.82,18.24,785.16,3.97,0.0,80.89
2026-06-01 15:17:00,Hot & Dry,39.7,18.95,787.12,4.29,0.0,81.0
2026-06-01 15:18:00,Hot & Dry,39.84,19.71,805.64,4.01,0.0,80.79
2026-06-01 15:19:00,Hot & Dry,39.36,20.49,811.86,4.15,0.0,80.55
2026-06-01 15:20:00,Hot & Dry,39.61,19.65,809.6,4.41,0.0,80.8
2026-06-01 15:21:00,Hot & Dry,39.54,19.58,747.96,4.01,0.0,81.66
2026-06-01 15:22:00,Hot & Dry,39.7,19.46,760.77,4.39,0.0,81.38
2026-06-01 15:23:00,Hot & Dry,39.6,20.03,777.78,4.4,0.0,80.77
2026-06-01 15:24:00,Hot & Dry,39.68,20.24,822.64,4.46,0.0,80.63
2026-06-01 15:25:00,Hot & Dry,39.99,17.19,796.23,4.22,0.0,80.71
2026-06-01 15:26:00,Hot & Dry,39.7,19.09,785.72,5.03,0.0,81.02
2026-06-01 15:27:00,Hot & Dry,39.79,19.41,749.17,4.45,0.0,81.68
2026-06-01 15:28:00,Hot & Dry,39.71,19.5,735.74,4.26,0.0,82.11
2026-06-01 15:29:00,Hot & Dry,39.76,19.64,771.38,3.95,0.0,81.07
2026-06-01 15:30:00,Hot & Dry,39.76,19.56,726.5,4.15,0.0,82.45
2026-06-01 15:31:00,Hot & Dry,39.84,19.01,743.7,4.54,0.0,81.79
2026-06-01 15:32:00,Hot & Dry,39.96,18.55,744.23,4.62,0.0,81.62
2026-06-01 15:33:00,Hot & Dry,40.04,18.49,780.12,4.55,0.0,80.7
2026-06-01 15:34:00,Hot & Dry,39.85,19.86,734.36,4.37,0.0,81.98
2026-06-01 15:35:00,Hot & Dry,39.9,18.59,685.82,3.84,0.0,84.88
2026-06-01 15:36:00,Hot & Dry,39.65,19.69,748.84,4.29,0.0,81.58
2026-06-01 15:37:00,Hot & Dry,39.82,19.37,719.95,3.84,0.0,82.75
2026-06-01 15:38:00,Hot & Dry,39.98,19.74,733.99,3.77,0.0,81.95
2026-06-01 15:39:00,Hot & Dry,39.98,18.63,728.82,4.22,0.0,82.16
2026-06-01 15:40:00,Hot & Dry,39.89,19.64,722.4,4.29,0.0,82.55
2026-06-01 15:41:00,Hot & Dry,40.0,19.49,743.25,4.39,0.0,81.6
2026-06-01 15:42:00,Hot & Dry,39.95,18.86,690.39,4.28,0.0,84.45
2026-06-01 15:43:00,Hot & Dry,40.06,18.45,710.11,4.29,0.0,82.98
2026-06-01 15:44:00,Hot & Dry,39.93,18.74,733.68,3.89,0.0,82.03
2026-06-01 15:45:00,Hot & Dry,39.84,19.03,703.33,4.12,0.0,83.65
2026-06-01 15:46:00,Hot & Dry,39.95,19.39,679.67,3.75,0.0,85.39
2026-06-01 15:47:00,Hot & Dry,39.47,20.36,726.0,3.62,0.0,82.07
2026-06-01 15:48:00,Hot & Dry,39.97,18.96,733.2,4.33,0.0,82.0
2026-06-01 15:49:00,Hot & Dry,39.38,19.8,705.92,3.94,0.0,83.4
2026-06-01 15:50:00,Hot & Dry,39.67,19.08,662.99,4.36,0.0,87.44
2026-06-01 15:51:00,Hot & Dry,40.0,20.02,716.85,4.42,0.0,82.68
2026-06-01 15:52:00,Hot & Dry,40.02,18.6,664.69,3.97,0.0,86.99
2026-06-01 15:53:00,Hot & Dry,39.78,18.9,703.51,4.28,0.0,83.7
2026-06-01 15:54:00,Hot & Dry,39.85,20.02,676.08,3.95,0.0,85.69
2026-06-01 15:55:00,Hot & Dry,40.17,18.45,668.01,3.64,0.0,86.45
2026-06-01 15:56:00,Hot & Dry,39.9,19.38,680.45,4.15,0.0,85.37
2026-06-01 15:57:00,Hot & Dry,40.31,17.8,683.3,3.99,0.0,84.67
2026-06-01 15:58:00,Hot & Dry,39.98,18.61,671.33,4.0,0.0,86.23
2026-06-01 15:59:00,Hot & Dry,40.05,18.52,694.08,4.62,0.0,84.06
2026-06-01 16:00:00,Hot & Dry,40.23,17.27,670.41,3.71,0.0,86.11
2026-06-01 16:01:00,Hot & Dry,40.01,18.65,696.86,4.2,0.0,83.9
2026-06-01 16:02:00,Hot & Dry,39.85,19.34,680.09,3.84,0.0,85.45
2026-06-01 16:03:00,Hot & Dry,39.99,19.89,657.78,4.34,0.0,87.94
2026-06-01 16:04:00,Hot & Dry,40.0,18.79,651.87,4.17,0.0,88.83
2026-06-01 16:05:00,Hot & Dry,39.81,17.88,633.73,4.19,0.0,89.2
2026-06-01 16:06:00,Hot & Dry,39.98,18.75,669.88,3.85,0.0,86.39
2026-06-01 16:07:00,Hot & Dry,39.91,20.64,654.44,3.89,0.0,87.66
2026-06-01 16:08:00,Hot & Dry,40.16,18.81,611.98,4.33,0.0,89.07
2026-06-01 16:09:00,Hot & Dry,40.03,18.17,645.7,4.54,0.0,89.12
2026-06-01 16:10:00,Hot & Dry,39.99,19.13,635.95,4.21,0.0,89.14
2026-06-01 16:11:00,Hot & Dry,40.02,18.25,681.75,3.84,0.0,85.13
2026-06-01 16:12:00,Hot & Dry,40.07,17.74,615.21,4.16,0.0,89.11
2026-06-01 16:13:00,Hot & Dry,40.13,18.17,617.75,4.7,0.0,89.08
2026-06-01 16:14:00,Hot & Dry,39.89,19.1,664.42,4.1,0.0,87.11
2026-06-01 16:15:00,Hot & Dry,39.89,17.93,666.4,4.45,0.0,86.87
2026-06-01 16:16:00,Hot & Dry,40.21,17.46,623.4,3.87,0.0,89.05
2026-06-01 16:17:00,Hot & Dry,39.99,18.78,622.91,4.05,0.0,89.14
2026-06-01 16:18:00,Hot & Dry,39.84,18.94,643.94,4.22,0.0,89.19
2026-06-01 16:19:00,Hot & Dry,40.12,18.65,585.59,4.16,0.0,89.09
2026-06-01 16:20:00,Hot & Dry,40.13,17.67,591.82,3.85,0.0,89.08
2026-06-01 16:21:00,Hot & Dry,39.83,19.65,618.84,3.84,0.0,89.18
2026-06-01 16:22:00,Hot & Dry,40.09,17.77,650.25,4.3,0.0,89.06
2026-06-01 16:23:00,Hot & Dry,40.17,19.26,610.52,4.35,0.0,89.07
2026-06-01 16:24:00,Hot & Dry,40.12,17.39,617.72,4.43,0.0,89.09
2026-06-01 16:25:00,Hot & Dry,40.16,17.65,633.95,4.51,0.0,89.07
2026-06-01 16:26:00,Hot & Dry,39.85,19.4,648.9,4.07,0.0,89.19
2026-06-01 16:27:00,Hot & Dry,40.11,19.43,597.03,3.95,0.0,89.09
2026-06-01 16:28:00,Hot & Dry,40.02,18.88,604.45,4.38,0.0,89.12
2026-06-01 16:29:00,Hot & Dry,39.99,19.1,634.86,4.21,0.0,89.14
2026-06-01 16:30:00,Hot & Dry,40.2,18.21,571.79,3.77,0.0,89.06
2026-06-01 16:31:00,Hot & Dry,40.29,17.33,614.72,3.75,0.0,89.02
2026-06-01 16:32:00,Hot & Dry,40.33,17.52,575.38,4.14,0.0,89.01
2026-06-01 16:33:00,Hot & Dry,40.26,17.29,592.5,3.97,0.0,89.03
2026-06-01 16:34:00,Hot & Dry,40.05,17.85,583.56,4.0,0.0,89.11
2026-06-01 16:35:00,Hot & Dry,40.12,18.66,568.18,4.29,0.0,89.09
2026-06-01 16:36:00,Hot & Dry,40.18,17.58,564.97,4.2,0.0,89.06
2026-06-01 16:37:00,Hot & Dry,40.08,18.72,584.08,4.35,0.0,89.1
2026-06-01 16:38:00,Hot & Dry,40.08,17.74,593.62,3.49,0.0,89.1
2026-06-01 16:39:00,Hot & Dry,40.18,18.42,571.29,4.06,0.0,89.06
2026-06-01 16:40:00,Hot & Dry,40.05,18.32,571.84,4.17,0.0,89.11
2026-06-01 16:41:00,Hot & Dry,39.95,19.74,577.47,3.59,0.0,89.15
2026-06-01 16:42:00,Hot & Dry,39.99,18.97,548.37,3.81,0.0,89.14
2026-06-01 16:43:00,Hot & Dry,40.15,19.08,574.4,3.76,0.0,89.08
2026-06-01 16:44:00,Hot & Dry,40.05,18.16,572.75,3.98,0.0,89.11
2026-06-01 16:45:00,Hot & Dry,40.1,18.51,599.51,4.4,0.0,89.09
2026-06-01 16:46:00,Hot & Dry,40.14,17.76,546.9,4.5,0.0,89.08
2026-06-01 16:47:00,Hot & Dry,39.98,18.54,542.64,3.76,0.0,89.14
2026-06-01 16:48:00,Hot & Dry,40.15,18.17,559.88,4.1,0.0,89.08
2026-06-01 16:49:00,Hot & Dry,40.09,18.06,557.67,4.11,0.0,89.1
2026-06-01 16:50:00,Hot & Dry,39.85,18.44,532.64,4.06,0.0,89.19
2026-06-01 16:51:00,Hot & Dry,40.24,17.22,531.84,4.06,0.0,89.04
2026-06-01 16:52:00,Hot & Dry,39.95,17.48,544.07,4.03,0.0,89.15
2026-06-01 16:53:00,Hot & Dry,39.77,18.74,519.17,4.38,0.0,89.22
2026-06-01 16:54:00,Hot & Dry,39.86,19.51,522.87,4.23,0.0,89.18
2026-06-01 16:55:00,Hot & Dry,39.86,18.18,527.8,3.66,0.0,89.18
2026-06-01 16:56:00,Hot & Dry,40.02,17.88,539.01,4.14,0.0,89.12
2026-06-01 16:57:00,Hot & Dry,39.96,19.92,510.92,4.16,0.0,89.14
2026-06-01 16:58:00,Hot & Dry,39.95,18.51,488.74,4.01,0.0,89.15
2026-06-01 16:59:00,Hot & Dry,40.09,18.7,484.73,4.22,0.0,89.1
2026-06-01 17:00:00,Hot & Dry,40.04,19.02,491.94,3.97,0.0,89.12
2026-06-01 17:01:00,Hot & Dry,40.03,19.06,488.19,3.97,0.0,89.12
2026-06-01 17:02:00,Hot & Dry,40.04,17.72,502.82,3.95,0.0,89.12
2026-06-01 17:03:00,Hot & Dry,40.07,18.42,484.19,3.39,0.0,89.11
2026-06-01 17:04:00,Hot & Dry,39.65,18.74,488.51,3.89,0.0,89.26
2026-06-01 17:05:00,Hot & Dry,39.91,20.47,484.44,3.73,0.0,88.04
2026-06-01 17:06:00,Hot & Dry,39.63,18.82,486.36,3.59,0.0,89.27
2026-06-01 17:07:00,Hot & Dry,39.96,18.24,509.22,4.27,0.0,89.15
2026-06-01 17:08:00,Hot & Dry,39.94,18.28,496.36,4.02,0.0,89.15
2026-06-01 17:09:00,Hot & Dry,40.09,17.59,483.82,3.88,0.0,89.1
2026-06-01 17:10:00,Hot & Dry,40.11,19.26,473.83,3.74,0.0,89.09
2026-06-01 17:11:00,Hot & Dry,39.95,20.33,471.16,3.96,0.0,88.36
2026-06-01 17:12:00,Hot & Dry,39.84,18.9,478.9,4.13,0.0,89.19
2026-06-01 17:13:00,Hot & Dry,39.98,18.0,479.37,3.66,0.0,89.14
2026-06-01 17:14:00,Hot & Dry,39.82,17.89,455.23,3.87,0.0,89.2
2026-06-01 17:15:00,Hot & Dry,39.89,18.89,465.34,4.09,0.0,89.17
2026-06-01 17:16:00,Hot & Dry,40.04,18.46,433.55,3.36,0.0,89.12
2026-06-01 17:17:00,Hot & Dry,39.8,18.92,461.44,3.84,0.0,89.21
2026-06-01 17:18:00,Hot & Dry,39.99,18.9,465.78,3.74,0.0,89.14
2026-06-01 17:19:00,Hot & Dry,39.97,19.08,448.4,3.82,0.0,89.14
2026-06-01 17:20:00,Hot & Dry,39.71,19.74,473.5,3.72,0.0,89.17
2026-06-01 17:21:00,Hot & Dry,39.99,18.58,434.06,3.88,0.0,89.14
2026-06-01 17:22:00,Hot & Dry,39.94,18.24,445.55,4.34,0.0,89.15
2026-06-01 17:23:00,Hot & Dry,39.84,19.58,438.99,3.75,0.0,89.19
2026-06-01 17:24:00,Hot & Dry,39.71,19.57,434.95,3.91,0.0,89.2
2026-06-01 17:25:00,Hot & Dry,39.68,20.16,431.58,4.34,0.0,88.76
2026-06-01 17:26:00,Hot & Dry,39.72,19.99,431.23,3.68,0.0,89.13
2026-06-01 17:27:00,Hot & Dry,39.87,18.24,437.49,4.29,0.0,89.18
2026-06-01 17:28:00,Hot & Dry,39.64,18.89,440.91,3.82,0.0,89.26
2026-06-01 17:29:00,Hot & Dry,39.84,18.74,420.15,4.27,0.0,89.19
2026-06-01 17:30:00,Hot & Dry,39.58,19.29,427.14,4.0,0.0,89.24
2026-06-01 17:31:00,Hot & Dry,39.72,19.97,404.99,3.88,0.0,89.14
2026-06-01 17:32:00,Hot & Dry,39.76,19.62,419.89,3.78,0.0,89.19
2026-06-01 17:33:00,Hot & Dry,40.1,19.13,397.9,3.63,0.0,89.09
2026-06-01 17:34:00,Hot & Dry,39.52,20.33,417.16,3.81,0.0,88.36
2026-06-01 17:35:00,Hot & Dry,39.93,19.06,427.26,4.02,0.0,89.16
2026-06-01 17:36:00,Hot & Dry,39.72,20.24,395.96,3.78,0.0,88.57
2026-06-01 17:37:00,Hot & Dry,39.75,19.72,368.21,3.7,0.0,89.17
2026-06-01 17:38:00,Hot & Dry,39.7,19.63,384.43,3.71,0.0,89.19
2026-06-01 17:39:00,Hot & Dry,39.73,20.37,401.89,4.03,0.0,88.27
2026-06-01 17:40:00,Hot & Dry,39.63,19.84,390.66,4.08,0.0,89.16
2026-06-01 17:41:00,Hot & Dry,39.86,18.95,383.83,3.59,0.0,89.18
2026-06-01 17:42:00,Hot & Dry,39.56,19.46,389.11,3.58,0.0,89.21
2026-06-01 17:43:00,Hot & Dry,39.79,19.75,379.81,3.85,0.0,89.17
2026-06-01 17:44:00,Hot & Dry,39.51,20.85,384.62,4.15,0.0,87.2
2026-06-01 17:45:00,Hot & Dry,39.59,19.87,377.89,4.04,0.0,89.15
2026-06-01 17:46:00,Hot & Dry,39.42,21.14,381.06,3.41,0.0,86.57
2026-06-01 17:47:00,Hot & Dry,39.64,18.57,364.98,3.67,0.0,89.26
2026-06-01 17:48:00,Hot & Dry,39.77,19.34,367.48,3.49,0.0,89.22
2026-06-01 17:49:00,Hot & Dry,39.53,20.02,351.16,3.66,0.0,89.08
2026-06-01 17:50:00,Hot & Dry,39.5,19.7,344.74,4.14,0.0,89.18
2026-06-01 17:51:00,Hot & Dry,39.35,21.98,365.53,3.35,0.0,84.82
2026-06-01 17:52:00,Hot & Dry,39.47,20.18,346.61,3.29,0.0,88.71
2026-06-01 17:53:00,Hot & Dry,39.25,20.58,349.25,3.49,0.0,87.8
2026-06-01 17:54:00,Hot & Dry,39.34,20.6,338.91,3.78,0.0,87.75
2026-06-01 17:55:00,Hot & Dry,39.5,18.94,328.41,3.86,0.0,89.29
2026-06-01 17:56:00,Hot & Dry,39.65,19.27,331.03,3.81,0.0,89.24
2026-06-01 17:57:00,Hot & Dry,39.86,19.74,341.65,4.0,0.0,89.17
2026-06-01 17:58:00,Hot & Dry,39.33,20.23,329.56,3.23,0.0,88.59
2026-06-01 17:59:00,Hot & Dry,39.62,19.3,304.31,3.99,0.0,89.24
2026-06-01 18:00:00,Hot & Dry,39.43,21.12,315.34,3.6,0.0,86.61
2026-06-01 18:01:00,Hot & Dry,39.35,21.35,330.78,3.86,0.0,86.12
2026-06-01 18:02:00,Hot & Dry,39.42,20.65,308.6,3.33,0.0,87.64
2026-06-01 18:03:00,Hot & Dry,39.35,20.27,290.6,3.67,0.0,88.5
2026-06-01 18:04:00,Hot & Dry,39.35,20.42,321.03,3.72,0.0,88.16
2026-06-01 18:05:00,Hot & Dry,39.25,20.34,306.52,3.96,0.0,88.34
2026-06-01 18:06:00,Hot & Dry,39.09,20.68,296.33,3.24,0.0,87.57
2026-06-01 18:07:00,Hot & Dry,39.05,20.76,290.26,3.66,0.0,87.39
2026-06-01 18:08:00,Hot & Dry,39.36,20.14,299.53,3.36,0.0,88.8
2026-06-01 18:09:00,Hot & Dry,39.21,20.32,282.02,3.77,0.0,88.39
2026-06-01 18:10:00,Hot & Dry,39.14,20.18,293.01,3.84,0.0,88.71
2026-06-01 18:11:00,Hot & Dry,39.22,21.05,284.36,3.96,0.0,86.76
2026-06-01 18:12:00,Hot & Dry,39.32,20.78,278.4,3.49,0.0,87.35
2026-06-01 18:13:00,Hot & Dry,39.21,21.96,274.12,3.86,0.0,84.86
2026-06-01 18:14:00,Hot & Dry,39.07,20.93,268.06,3.97,0.0,87.02
2026-06-01 18:15:00,Hot & Dry,39.33,20.77,274.37,3.18,0.0,87.37
2026-06-01 18:16:00,Hot & Dry,39.37,20.68,255.76,3.77,0.0,87.57
2026-06-01 18:17:00,Hot & Dry,39.19,20.84,246.51,3.85,0.0,87.22
2026-06-01 18:18:00,Hot & Dry,39.24,21.29,260.36,3.53,0.0,86.25
2026-06-01 18:19:00,Hot & Dry,39.27,21.25,256.96,3.28,0.0,86.33
2026-06-01 18:20:00,Hot & Dry,39.23,21.08,252.3,3.83,0.0,86.7
2026-06-01 18:21:00,Hot & Dry,39.14,20.99,248.24,3.27,0.0,86.89
2026-06-01 18:22:00,Hot & Dry,39.12,20.99,239.44,3.53,0.0,86.89
2026-06-01 18:23:00,Hot & Dry,39.09,20.46,243.91,3.56,0.0,88.07
2026-06-01 18:24:00,Hot & Dry,38.82,21.53,234.48,3.76,0.0,85.74
2026-06-01 18:25:00,Hot & Dry,39.08,20.94,227.93,3.4,0.0,87.0
2026-06-01 18:26:00,Hot & Dry,38.75,21.55,225.69,3.38,0.0,85.7
2026-06-01 18:27:00,Hot & Dry,38.81,22.3,237.93,3.58,0.0,84.18
2026-06-01 18:28:00,Hot & Dry,39.11,21.94,209.34,3.81,0.0,84.9
2026-06-01 18:29:00,Hot & Dry,39.02,20.92,220.59,4.14,0.0,87.04
2026-06-01 18:30:00,Hot & Dry,39.1,21.42,203.06,3.15,0.0,85.97
2026-06-01 18:31:00,Hot & Dry,38.81,21.42,209.65,3.62,0.0,85.97
2026-06-01 18:32:00,Hot & Dry,38.66,22.28,204.13,3.25,0.0,84.22
2026-06-01 18:33:00,Hot & Dry,38.78,21.72,190.59,3.79,0.0,85.35
2026-06-01 18:34:00,Hot & Dry,38.81,22.41,202.13,3.28,0.0,83.97
2026-06-01 18:35:00,Hot & Dry,38.79,21.7,194.04,3.34,0.0,85.39
2026-06-01 18:36:00,Hot & Dry,38.93,22.34,180.62,3.36,0.0,84.1
2026-06-01 18:37:00,Hot & Dry,38.68,22.26,194.0,3.49,0.0,84.26
2026-06-01 18:38:00,Hot & Dry,38.77,21.78,193.71,3.59,0.0,85.23
2026-06-01 18:39:00,Hot & Dry,38.55,22.03,190.33,3.62,0.0,84.72
2026-06-01 18:40:00,Hot & Dry,38.74,22.39,180.58,3.49,0.0,84.01
2026-06-01 18:41:00,Hot & Dry,38.65,23.02,175.36,3.14,0.0,82.79
2026-06-01 18:42:00,Hot & Dry,38.52,23.02,178.42,3.67,0.0,82.79
2026-06-01 18:43:00,Hot & Dry,38.57,24.05,176.53,3.47,0.0,80.88
2026-06-01 18:44:00,Hot & Dry,38.56,23.6,170.1,3.78,0.0,81.7
2026-06-01 18:45:00,Hot & Dry,38.53,22.65,156.42,3.29,0.0,83.5
2026-06-01 18:46:00,Hot & Dry,38.81,21.86,158.37,3.05,0.0,85.07
2026-06-01 18:47:00,Hot & Dry,38.51,23.17,155.9,3.45,0.0,82.51
2026-06-01 18:48:00,Hot & Dry,38.46,22.51,142.17,3.79,0.0,83.77
2026-06-01 18:49:00,Hot & Dry,38.16,24.54,148.84,3.49,0.0,79.99
2026-06-01 18:50:00,Hot & Dry,38.32,23.62,152.99,3.39,0.0,81.67
2026-06-01 18:51:00,Hot & Dry,38.39,23.36,142.35,3.21,0.0,82.15
2026-06-01 18:52:00,Hot & Dry,38.31,23.85,142.13,3.89,0.0,81.24
2026-06-01 18:53:00,Hot & Dry,38.6,23.68,133.28,3.16,0.0,81.56
2026-06-01 18:54:00,Hot & Dry,38.34,23.45,128.71,3.24,0.0,81.98
2026-06-01 18:55:00,Hot & Dry,38.54,22.74,126.87,3.57,0.0,83.33
2026-06-01 18:56:00,Hot & Dry,38.33,24.29,118.88,2.93,0.0,80.44
2026-06-01 18:57:00,Hot & Dry,38.3,24.04,114.88,3.74,0.0,80.9
2026-06-01 18:58:00,Hot & Dry,38.26,23.39,119.09,3.57,0.0,82.09
2026-06-01 18:59:00,Hot & Dry,38.25,23.61,115.74,3.64,0.0,81.69
2026-06-01 19:00:00,Hot & Dry,38.48,23.07,104.39,3.54,0.0,82.7
2026-06-01 19:01:00,Hot & Dry,37.85,24.92,107.04,3.35,0.0,79.31
2026-06-01 19:02:00,Hot & Dry,37.88,23.83,100.19,3.11,0.0,81.28
2026-06-01 19:03:00,Hot & Dry,38.07,23.17,97.86,3.35,0.0,82.51
2026-06-01 19:04:00,Hot & Dry,38.13,23.4,94.58,3.12,0.0,82.08
2026-06-01 19:05:00,Hot & Dry,38.21,23.14,92.4,3.5,0.0,82.56
2026-06-01 19:06:00,Hot & Dry,38.15,23.49,86.35,3.58,0.0,81.91
2026-06-01 19:07:00,Hot & Dry,38.0,24.69,86.05,3.75,0.0,79.73
2026-06-01 19:08:00,Hot & Dry,38.18,23.69,79.71,3.45,0.0,81.54
2026-06-01 19:09:00,Hot & Dry,38.16,23.97,76.81,3.59,0.0,81.02
2026-06-01 19:10:00,Hot & Dry,38.01,23.54,70.02,3.27,0.0,81.82
2026-06-01 19:11:00,Hot & Dry,38.1,23.74,72.65,3.22,0.0,81.45
2026-06-01 19:12:00,Hot & Dry,37.97,24.73,65.55,3.46,0.0,79.65
2026-06-01 19:13:00,Hot & Dry,37.82,25.15,62.36,3.23,0.0,78.91
2026-06-01 19:14:00,Hot & Dry,37.98,23.91,54.7,3.4,0.0,81.13
2026-06-01 19:15:00,Hot & Dry,37.87,24.76,52.55,3.05,0.0,79.6
2026-06-01 19:16:00,Hot & Dry,37.83,26.1,52.16,3.09,0.0,77.32
2026-06-01 19:17:00,Hot & Dry,38.02,24.23,47.11,3.48,0.0,80.55
2026-06-01 19:18:00,Hot & Dry,37.41,25.53,40.64,3.54,0.0,78.26
2026-06-01 19:19:00,Hot & Dry,37.54,25.48,40.75,3.05,0.0,78.35
2026-06-01 19:20:00,Hot & Dry,37.55,25.62,35.35,3.47,0.0,78.11
2026-06-01 19:21:00,Hot & Dry,37.64,25.2,33.71,3.15,0.0,78.82
2026-06-01 19:22:00,Hot & Dry,37.63,25.31,28.67,3.29,0.0,78.64
2026-06-01 19:23:00,Hot & Dry,37.42,25.05,25.31,3.65,0.0,79.09
2026-06-01 19:24:00,Hot & Dry,37.47,25.2,22.32,3.49,0.0,78.82
2026-06-01 19:25:00,Hot & Dry,37.46,25.71,17.49,3.48,0.0,77.96
2026-06-01 19:26:00,Hot & Dry,37.93,24.39,13.95,3.76,0.0,80.26
2026-06-01 19:27:00,Hot & Dry,37.8,24.5,10.72,3.08,0.0,80.07
2026-06-01 19:28:00,Hot & Dry,37.45,25.74,7.37,3.0,0.0,77.91
2026-06-01 19:29:00,Hot & Dry,37.43,25.93,3.45,3.06,0.0,77.6
2026-06-01 19:30:00,Hot & Dry,37.28,26.84,0.0,3.18,0.0,76.14
2026-06-01 19:31:00,Hot & Dry,37.14,26.64,0.0,2.63,0.0,76.46
2026-06-01 19:32:00,Hot & Dry,37.38,26.27,0.0,3.18,0.0,77.04
2026-06-01 19:33:00,Hot & Dry,37.22,26.15,0.0,3.09,0.0,77.24
2026-06-01 19:34:00,Hot & Dry,37.33,26.51,0.0,3.43,0.0,76.66
2026-06-01 19:35:00,Hot & Dry,37.07,27.11,0.0,3.31,0.0,75.72
2026-06-01 19:36:00,Hot & Dry,37.17,27.13,0.0,3.06,0.0,75.69
2026-06-01 19:37:00,Hot & Dry,37.28,26.74,0.0,3.36,0.0,76.3
2026-06-01 19:38:00,Hot & Dry,37.28,26.65,0.0,3.39,0.0,76.44
2026-06-01 19:39:00,Hot & Dry,37.26,26.3,0.0,3.0,0.0,77.0
2026-06-01 19:40:00,Hot & Dry,36.97,27.31,0.0,3.07,0.0,75.41
2026-06-01 19:41:00,Hot & Dry,37.27,26.98,0.0,2.61,0.0,75.92
2026-06-01 19:42:00,Hot & Dry,36.99,26.72,0.0,2.9,0.0,76.33
2026-06-01 19:43:00,Hot & Dry,37.18,26.22,0.0,2.99,0.0,77.13
2026-06-01 19:44:00,Hot & Dry,37.05,27.05,0.0,3.19,0.0,75.81
2026-06-01 19:45:00,Hot & Dry,36.81,27.84,0.0,2.92,0.0,74.61
2026-06-01 19:46:00,Hot & Dry,36.94,26.74,0.0,3.03,0.0,76.3
2026-06-01 19:47:00,Hot & Dry,37.02,26.99,0.0,2.84,0.0,75.91
2026-06-01 19:48:00,Hot & Dry,37.02,26.96,0.0,3.2,0.0,75.95
2026-06-01 19:49:00,Hot & Dry,36.88,26.08,0.0,3.26,0.0,77.35
2026-06-01 19:50:00,Hot & Dry,37.1,26.67,0.0,3.25,0.0,76.41
2026-06-01 19:51:00,Hot & Dry,36.99,27.01,0.0,3.14,0.0,75.88
2026-06-01 19:52:00,Hot & Dry,36.77,27.62,0.0,2.73,0.0,74.94
2026-06-01 19:53:00,Hot & Dry,36.89,28.23,0.0,2.97,0.0,74.02
2026-06-01 19:54:00,Hot & Dry,37.04,26.24,0.0,3.02,0.0,77.09
2026-06-01 19:55:00,Hot & Dry,37.01,26.55,0.0,3.01,0.0,76.6
2026-06-01 19:56:00,Hot & Dry,36.5,26.89,0.0,3.13,0.0,76.06
2026-06-01 19:57:00,Hot & Dry,36.52,28.13,0.0,3.48,0.0,74.17
2026-06-01 19:58:00,Hot & Dry,36.85,27.26,0.0,3.32,0.0,75.49
2026-06-01 19:59:00,Hot & Dry,36.44,28.34,0.0,2.84,0.0,73.86
2026-06-01 20:00:00,Hot & Dry,36.36,29.51,0.0,3.27,0.0,72.12
2026-06-01 20:01:00,Hot & Dry,36.46,29.1,0.0,3.26,0.0,72.73
2026-06-01 20:02:00,Hot & Dry,36.56,28.34,0.0,2.87,0.0,73.86
2026-06-01 20:03:00,Hot & Dry,36.45,28.38,0.0,3.3,0.0,73.8
2026-06-01 20:04:00,Hot & Dry,36.34,29.53,0.0,3.03,0.0,72.09
2026-06-01 20:05:00,Hot & Dry,36.3,29.0,0.0,2.7,0.0,72.88
2026-06-01 20:06:00,Hot & Dry,36.27,28.63,0.0,3.18,0.0,73.43
2026-06-01 20:07:00,Hot & Dry,36.21,28.25,0.0,3.11,0.0,73.99
2026-06-01 20:08:00,Hot & Dry,36.65,27.78,0.0,2.99,0.0,74.7
2026-06-01 20:09:00,Hot & Dry,36.32,29.42,0.0,3.04,0.0,72.25
2026-06-01 20:10:00,Hot & Dry,36.38,30.18,0.0,2.86,0.0,71.41
2026-06-01 20:11:00,Hot & Dry,36.14,29.51,0.0,3.2,0.0,72.12
2026-06-01 20:12:00,Hot & Dry,36.15,28.98,0.0,3.02,0.0,72.91
2026-06-01 20:13:00,Hot & Dry,36.04,29.04,0.0,3.07,0.0,72.82
2026-06-01 20:14:00,Hot & Dry,35.71,30.98,0.0,3.12,0.0,71.45
2026-06-01 20:15:00,Hot & Dry,35.87,29.15,0.0,2.72,0.0,72.66
2026-06-01 20:16:00,Hot & Dry,35.77,30.81,0.0,2.78,0.0,71.46
2026-06-01 20:17:00,Hot & Dry,35.68,31.25,0.0,2.43,0.0,71.45
2026-06-01 20:18:00,Hot & Dry,35.8,30.67,0.0,3.15,0.0,71.45
2026-06-01 20:19:00,Hot & Dry,36.15,29.32,0.0,2.68,0.0,72.4
2026-06-01 20:20:00,Hot & Dry,35.91,30.46,0.0,3.03,0.0,71.43
2026-06-01 20:21:00,Hot & Dry,36.07,29.76,0.0,3.08,0.0,71.75
2026-06-01 20:22:00,Hot & Dry,35.91,29.65,0.0,3.14,0.0,71.91
2026-06-01 20:23:00,Hot & Dry,35.93,31.16,0.0,2.66,0.0,71.49
2026-06-01 20:24:00,Hot & Dry,35.64,30.64,0.0,2.95,0.0,71.44
2026-06-01 20:25:00,Hot & Dry,35.82,30.82,0.0,3.4,0.0,71.46
2026-06-01 20:26:00,Hot & Dry,35.82,28.91,0.0,3.41,0.0,73.01
2026-06-01 20:27:00,Hot & Dry,35.59,31.77,0.0,3.21,0.0,71.43
2026-06-01 20:28:00,Hot & Dry,35.72,31.5,0.0,3.04,0.0,71.46
2026-06-01 20:29:00,Hot & Dry,35.69,30.73,0.0,2.69,0.0,71.45
2026-06-01 20:30:00,Hot & Dry,35.49,31.61,0.0,3.13,0.0,71.42
2026-06-01 20:31:00,Hot & Dry,35.37,31.95,0.0,2.9,0.0,71.4
2026-06-01 20:32:00,Hot & Dry,35.32,31.35,0.0,3.08,0.0,71.39
2026-06-01 20:33:00,Hot & Dry,35.48,31.63,0.0,2.76,0.0,71.42
2026-06-01 20:34:00,Hot & Dry,35.48,30.81,0.0,2.88,0.0,71.42
2026-06-01 20:35:00,Hot & Dry,35.28,31.5,0.0,2.96,0.0,71.38
2026-06-01 20:36:00,Hot & Dry,35.37,32.29,0.0,2.98,0.0,71.4
2026-06-01 20:37:00,Hot & Dry,35.41,32.07,0.0,3.03,0.0,71.4
2026-06-01 20:38:00,Hot & Dry,35.38,31.14,0.0,2.75,0.0,71.4
2026-06-01 20:39:00,Hot & Dry,35.49,30.84,0.0,2.55,0.0,71.42
2026-06-01 20:40:00,Hot & Dry,35.41,31.1,0.0,3.31,0.0,71.4
2026-06-01 20:41:00,Hot & Dry,35.03,32.98,0.0,3.53,0.0,71.33
2026-06-01 20:42:00,Hot & Dry,35.4,30.92,0.0,3.0,0.0,71.4
2026-06-01 20:43:00,Hot & Dry,35.03,32.75,0.0,2.53,0.0,71.33
2026-06-01 20:44:00,Hot & Dry,35.23,32.43,0.0,2.67,0.0,71.37
2026-06-01 20:45:00,Hot & Dry,35.05,32.44,0.0,3.0,0.0,71.34
2026-06-01 20:46:00,Hot & Dry,34.94,33.4,0.0,3.21,0.0,71.31
2026-06-01 20:47:00,Hot & Dry,34.7,33.29,0.0,2.54,0.0,71.26
2026-06-01 20:48:00,Hot & Dry,34.91,32.76,0.0,2.82,0.0,71.31
2026-06-01 20:49:00,Hot & Dry,34.66,32.99,0.0,2.9,0.0,71.26
2026-06-01 20:50:00,Hot & Dry,35.01,33.23,0.0,3.07,0.0,71.33
2026-06-01 20:51:00,Hot & Dry,35.05,32.03,0.0,2.75,0.0,71.34
2026-06-01 20:52:00,Hot & Dry,34.67,33.77,0.0,2.42,0.0,71.26
2026-06-01 20:53:00,Hot & Dry,34.8,33.16,0.0,2.99,0.0,71.29
2026-06-01 20:54:00,Hot & Dry,34.6,33.1,0.0,3.11,0.0,71.24
2026-06-01 20:55:00,Hot & Dry,34.58,33.43,0.0,2.79,0.0,71.24
2026-06-01 20:56:00,Hot & Dry,34.76,34.14,0.0,2.92,0.0,71.28
2026-06-01 20:57:00,Hot & Dry,34.6,33.88,0.0,2.68,0.0,71.24
2026-06-01 20:58:00,Hot & Dry,34.83,32.51,0.0,2.58,0.0,71.29
2026-06-01 20:59:00,Hot & Dry,34.46,34.33,0.0,3.06,0.0,71.21
2026-06-01 21:00:00,Hot & Dry,34.64,33.55,0.0,2.89,0.0,71.25
2026-06-01 21:01:00,Hot & Dry,34.47,36.19,0.0,2.91,0.0,71.22
2026-06-01 21:02:00,Hot & Dry,34.53,34.1,0.0,3.17,0.0,71.23
2026-06-01 21:03:00,Hot & Dry,34.31,34.32,0.0,2.5,0.0,71.18
2026-06-01 21:04:00,Hot & Dry,34.33,35.34,0.0,2.63,0.0,71.19
2026-06-01 21:05:00,Hot & Dry,34.28,33.52,0.0,2.81,0.0,71.17
2026-06-01 21:06:00,Hot & Dry,34.14,35.08,0.0,2.61,0.0,71.14
2026-06-01 21:07:00,Hot & Dry,34.33,35.71,0.0,2.96,0.0,71.19
2026-06-01 21:08:00,Hot & Dry,34.29,34.55,0.0,2.7,0.0,71.18
2026-06-01 21:09:00,Hot & Dry,34.24,33.71,0.0,2.49,0.0,71.17
2026-06-01 21:10:00,Hot & Dry,34.34,34.22,0.0,2.76,0.0,71.19
2026-06-01 21:11:00,Hot & Dry,34.29,35.48,0.0,2.78,0.0,71.18
2026-06-01 21:12:00,Hot & Dry,33.98,35.7,0.0,2.98,0.0,70.4
2026-06-01 21:13:00,Hot & Dry,34.05,34.76,0.0,2.83,0.0,71.12
2026-06-01 21:14:00,Hot & Dry,33.86,35.38,0.0,2.84,0.0,66.5
2026-06-01 21:15:00,Hot & Dry,33.92,35.29,0.0,2.8,0.0,68.38
2026-06-01 21:16:00,Hot & Dry,33.79,36.21,0.0,2.66,0.0,64.47
2026-06-01 21:17:00,Hot & Dry,34.08,35.98,0.0,2.52,0.0,71.13
2026-06-01 21:18:00,Hot & Dry,33.86,36.44,0.0,2.78,0.0,66.5
2026-06-01 21:19:00,Hot & Dry,33.73,36.43,0.0,2.61,0.0,62.85
2026-06-01 21:20:00,Hot & Dry,33.9,34.88,0.0,3.13,0.0,67.74
2026-06-01 21:21:00,Hot & Dry,33.36,36.39,0.0,3.04,0.0,54.81
2026-06-01 21:22:00,Hot & Dry,33.34,37.55,0.0,2.85,0.0,54.45
2026-06-01 21:23:00,Hot & Dry,33.73,35.37,0.0,2.78,0.0,62.85
2026-06-01 21:24:00,Hot & Dry,33.58,36.45,0.0,2.65,0.0,59.23
2026-06-01 21:25:00,Hot & Dry,33.57,36.8,0.0,2.34,0.0,59.01
2026-06-01 21:26:00,Hot & Dry,33.29,36.7,0.0,2.61,0.0,53.58
2026-06-01 21:27:00,Hot & Dry,33.45,36.34,0.0,2.69,0.0,56.51
2026-06-01 21:28:00,Hot & Dry,33.71,36.16,0.0,2.72,0.0,62.33
2026-06-01 21:29:00,Hot & Dry,33.49,37.12,0.0,2.77,0.0,57.31
2026-06-01 21:30:00,Hot & Dry,33.35,37.84,0.0,2.89,0.0,54.63
2026-06-01 21:31:00,Hot & Dry,33.22,37.93,0.0,2.46,0.0,52.43
2026-06-01 21:32:00,Hot & Dry,33.19,37.71,0.0,2.46,0.0,51.96
2026-06-01 21:33:00,Hot & Dry,32.89,38.05,0.0,3.01,0.0,47.8
2026-06-01 21:34:00,Hot & Dry,33.21,36.97,0.0,2.83,0.0,52.27
2026-06-01 21:35:00,Hot & Dry,33.26,37.17,0.0,2.52,0.0,53.08
2026-06-01 21:36:00,Hot & Dry,32.85,38.85,0.0,2.59,0.0,47.32
2026-06-01 21:37:00,Hot & Dry,32.95,38.53,0.0,2.59,0.0,48.55
2026-06-01 21:38:00,Hot & Dry,32.83,37.39,0.0,2.62,0.0,47.08
2026-06-01 21:39:00,Hot & Dry,32.82,38.21,0.0,2.73,0.0,46.96
2026-06-01 21:40:00,Hot & Dry,32.93,39.09,0.0,3.26,0.0,48.3
2026-06-01 21:41:00,Hot & Dry,32.57,39.42,0.0,2.64,0.0,44.29
2026-06-01 21:42:00,Hot & Dry,32.94,37.51,0.0,2.76,0.0,48.43
2026-06-01 21:43:00,Hot & Dry,32.92,39.83,0.0,2.15,0.0,48.17
2026-06-01 21:44:00,Hot & Dry,32.73,38.94,0.0,2.46,0.0,45.94
2026-06-01 21:45:00,Hot & Dry,32.35,40.23,0.0,2.9,0.0,42.27
2026-06-01 21:46:00,Hot & Dry,32.53,39.73,0.0,2.68,0.0,43.9
2026-06-01 21:47:00,Hot & Dry,32.82,38.46,0.0,1.43,0.0,46.96
2026-06-01 21:48:00,Hot & Dry,32.18,40.03,0.0,2.74,0.0,40.88
2026-06-01 21:49:00,Hot & Dry,32.5,40.84,0.0,3.06,0.0,43.61
2026-06-01 21:50:00,Hot & Dry,32.34,40.63,0.0,2.03,0.0,42.19
2026-06-01 21:51:00,Hot & Dry,32.59,39.81,0.0,2.94,0.0,44.48
2026-06-01 21:52:00,Hot & Dry,32.33,40.39,0.0,1.82,0.0,42.1
2026-06-01 21:53:00,Hot & Dry,32.45,39.11,0.0,2.78,0.0,43.15
2026-06-01 21:54:00,Hot & Dry,32.43,40.53,0.0,2.53,0.0,42.97
2026-06-01 21:55:00,Hot & Dry,32.58,38.84,0.0,1.92,0.0,44.38
2026-06-01 21:56:00,Hot & Dry,32.23,40.49,0.0,2.64,0.0,41.28
2026-06-01 21:57:00,Hot & Dry,32.28,39.21,0.0,2.82,0.0,41.68
2026-06-01 21:58:00,Hot & Dry,31.96,39.86,0.0,2.61,0.0,39.25
2026-06-01 21:59:00,Hot & Dry,32.32,40.28,0.0,2.67,0.0,42.02
2026-06-01 22:00:00,Hot & Dry,31.98,40.53,0.0,2.4,0.0,39.39
2026-06-01 22:01:00,Hot & Dry,31.97,39.86,0.0,2.02,0.0,39.84
2026-06-01 22:02:00,Hot & Dry,32.01,41.27,0.0,2.68,0.0,39.61
2026-06-01 22:03:00,Hot & Dry,31.73,42.98,0.0,2.95,0.0,37.71
2026-06-01 22:04:00,Hot & Dry,31.96,41.91,0.0,2.79,0.0,39.25
2026-06-01 22:05:00,Hot & Dry,32.03,40.74,0.0,1.97,0.0,39.75
2026-06-01 22:06:00,Hot & Dry,31.88,41.3,0.0,2.09,0.0,40.34
2026-06-01 22:07:00,Hot & Dry,31.56,42.73,0.0,2.26,0.0,37.27
2026-06-01 22:08:00,Hot & Dry,31.74,42.38,0.0,2.06,0.0,40.01
2026-06-01 22:09:00,Hot & Dry,31.82,41.26,0.0,2.48,0.0,38.29
2026-06-01 22:10:00,Hot & Dry,31.39,42.7,0.0,2.57,0.0,35.69
2026-06-01 22:11:00,Hot & Dry,31.46,42.64,0.0,2.09,0.0,39.22
2026-06-01 22:12:00,Hot & Dry,31.71,42.1,0.0,2.66,0.0,37.58
2026-06-01 22:13:00,Hot & Dry,31.58,42.06,0.0,2.61,0.0,36.78
2026-06-01 22:14:00,Hot & Dry,31.55,42.13,0.0,2.31,0.0,36.68
2026-06-01 22:15:00,Hot & Dry,31.73,42.55,0.0,2.4,0.0,37.71
2026-06-01 22:16:00,Hot & Dry,31.47,43.15,0.0,1.93,0.0,37.06
2026-06-01 22:17:00,Hot & Dry,31.46,42.76,0.0,2.35,0.0,36.08
2026-06-01 22:18:00,Hot & Dry,31.72,42.77,0.0,2.43,0.0,37.65
2026-06-01 22:19:00,Hot & Dry,31.24,42.85,0.0,2.47,0.0,34.87
2026-06-01 22:20:00,Hot & Dry,31.11,44.43,0.0,2.52,0.0,33.23
2026-06-01 22:21:00,Hot & Dry,31.24,43.39,0.0,2.48,0.0,34.72
2026-06-01 22:22:00,Hot & Dry,31.2,45.15,0.0,2.35,0.0,34.4
2026-06-01 22:23:00,Hot & Dry,31.01,43.0,0.0,2.48,0.0,33.59
2026-06-01 22:24:00,Hot & Dry,30.89,43.64,0.0,2.67,0.0,32.31
2026-06-01 22:25:00,Hot & Dry,31.34,43.05,0.0,2.38,0.0,35.48
2026-06-01 22:26:00,Hot & Dry,31.0,43.99,0.0,2.48,0.0,32.96
2026-06-01 22:27:00,Hot & Dry,30.79,45.49,0.0,2.35,0.0,33.01
2026-06-01 22:28:00,Hot & Dry,30.99,43.37,0.0,2.22,0.0,35.95
2026-06-01 22:29:00,Hot & Dry,30.79,44.88,0.0,2.52,0.0,31.12
2026-06-01 22:30:00,Hot & Dry,30.71,45.24,0.0,2.24,0.0,33.67
2026-06-01 22:31:00,Hot & Dry,30.8,44.71,0.0,2.48,0.0,31.65
2026-06-01 22:32:00,Hot & Dry,30.49,44.58,0.0,2.38,0.0,31.39
2026-06-01 22:33:00,Hot & Dry,30.7,45.41,0.0,2.29,0.0,33.2
2026-06-01 22:34:00,Hot & Dry,30.9,44.75,0.0,2.28,0.0,34.03
2026-06-01 22:35:00,Hot & Dry,30.65,45.07,0.0,2.23,0.0,33.37
2026-06-01 22:36:00,Hot & Dry,30.49,45.28,0.0,1.93,0.0,32.49
2026-06-01 22:37:00,Hot & Dry,30.44,45.45,0.0,2.45,0.0,30.56
2026-06-01 22:38:00,Hot & Dry,30.41,45.33,0.0,2.41,0.0,30.67
2026-06-01 22:39:00,Hot & Dry,30.4,45.79,0.0,2.57,0.0,29.73
2026-06-01 22:40:00,Hot & Dry,30.35,45.58,0.0,2.2,0.0,32.79
2026-06-01 22:41:00,Hot & Dry,30.5,44.62,0.0,2.83,0.0,29.04
2026-06-01 22:42:00,Hot & Dry,30.07,45.7,0.0,2.24,0.0,31.14
2026-06-01 22:43:00,Hot & Dry,30.42,44.9,0.0,2.1,0.0,33.95
2026-06-01 22:44:00,Hot & Dry,30.2,46.11,0.0,2.07,0.0,34.11
2026-06-01 22:45:00,Hot & Dry,30.27,45.74,0.0,1.87,0.0,31.1
2026-06-01 22:46:00,Hot & Dry,30.01,46.62,0.0,2.72,0.0,27.86
2026-06-01 22:47:00,Hot & Dry,30.34,45.87,0.0,2.67,0.0,28.83
2026-06-01 22:48:00,Hot & Dry,30.29,45.33,0.0,2.47,0.0,29.62
2026-06-01 22:49:00,Hot & Dry,30.21,46.81,0.0,2.07,0.0,34.67
2026-06-01 22:50:00,Hot & Dry,29.8,46.91,0.0,2.77,0.0,27.75
2026-06-01 22:51:00,Hot & Dry,30.12,45.94,0.0,2.21,0.0,31.93
2026-06-01 22:52:00,Hot & Dry,30.02,46.77,0.0,2.23,0.0,31.97
2026-06-01 22:53:00,Hot & Dry,29.68,46.32,0.0,2.67,0.0,27.88
2026-06-01 22:54:00,Hot & Dry,29.88,46.39,0.0,2.46,0.0,29.46
2026-06-01 22:55:00,Hot & Dry,29.9,47.4,0.0,2.86,0.0,27.6
2026-06-01 22:56:00,Hot & Dry,29.89,45.79,0.0,2.35,0.0,29.83
2026-06-01 22:57:00,Hot & Dry,29.79,47.77,0.0,2.17,0.0,33.22
2026-06-01 22:58:00,Hot & Dry,29.77,48.06,0.0,2.11,0.0,34.07
2026-06-01 22:59:00,Hot & Dry,29.91,46.55,0.0,1.79,0.0,29.71
2026-06-01 23:00:00,Hot & Dry,29.84,47.15,0.0,2.19,0.0,32.59
2026-06-01 23:01:00,Hot & Dry,29.18,49.46,0.0,2.56,0.0,30.68
2026-06-01 23:02:00,Hot & Dry,29.53,47.56,0.0,2.42,0.0,30.7
2026-06-01 23:03:00,Hot & Dry,29.51,48.4,0.0,2.26,0.0,32.65
2026-06-01 23:04:00,Hot & Dry,29.24,48.24,0.0,1.99,0.0,33.38
2026-06-01 23:05:00,Hot & Dry,29.47,47.7,0.0,2.31,0.0,31.76
2026-06-01 23:06:00,Hot & Dry,29.61,47.13,0.0,2.51,0.0,29.68
2026-06-01 23:07:00,Hot & Dry,29.22,48.89,0.0,2.35,0.0,32.07
2026-06-01 23:08:00,Hot & Dry,29.4,48.9,0.0,2.28,0.0,32.71
2026-06-01 23:09:00,Hot & Dry,29.17,48.72,0.0,2.03,0.0,34.22
2026-06-01 23:10:00,Hot & Dry,29.17,48.07,0.0,2.46,0.0,30.7
2026-06-01 23:11:00,Hot & Dry,29.45,47.4,0.0,1.41,0.0,27.11
2026-06-01 23:12:00,Hot & Dry,29.11,49.23,0.0,2.32,0.0,32.5
2026-06-01 23:13:00,Hot & Dry,29.22,49.79,0.0,2.89,0.0,28.77
2026-06-01 23:14:00,Hot & Dry,28.83,50.0,0.0,1.83,0.0,32.18
2026-06-01 23:15:00,Hot & Dry,29.35,48.08,0.0,2.15,0.0,33.62
2026-06-01 23:16:00,Hot & Dry,29.13,49.41,0.0,2.21,0.0,33.63
2026-06-01 23:17:00,Hot & Dry,28.97,49.24,0.0,2.09,0.0,34.87
2026-06-01 23:18:00,Hot & Dry,29.05,48.95,0.0,2.47,0.0,31.11
2026-06-01 23:19:00,Hot & Dry,28.71,49.53,0.0,2.32,0.0,32.63
2026-06-01 23:20:00,Hot & Dry,29.06,49.98,0.0,2.24,0.0,33.55
2026-06-01 23:21:00,Hot & Dry,28.8,48.35,0.0,2.4,0.0,31.36
2026-06-01 23:22:00,Hot & Dry,28.77,50.41,0.0,2.2,0.0,34.1
2026-06-01 23:23:00,Hot & Dry,28.69,49.88,0.0,3.01,0.0,28.19
2026-06-01 23:24:00,Hot & Dry,28.64,50.05,0.0,2.22,0.0,33.78
2026-06-01 23:25:00,Hot & Dry,28.79,50.89,0.0,2.23,0.0,33.94
2026-06-01 23:26:00,Hot & Dry,28.69,49.74,0.0,1.73,0.0,31.04
2026-06-01 23:27:00,Hot & Dry,28.71,49.7,0.0,2.03,0.0,34.63
2026-06-01 23:28:00,Hot & Dry,28.57,50.41,0.0,2.47,0.0,31.71
2026-06-01 23:29:00,Hot & Dry,28.61,50.63,0.0,1.82,0.0,32.29
2026-06-01 23:30:00,Hot & Dry,28.43,50.61,0.0,1.6,0.0,30.19
2026-06-01 23:31:00,Hot & Dry,28.79,48.93,0.0,2.17,0.0,33.84
2026-06-01 23:32:00,Hot & Dry,28.18,51.05,0.0,2.52,0.0,31.54
2026-06-01 23:33:00,Hot & Dry,28.57,51.26,0.0,2.17,0.0,34.64
2026-06-01 23:34:00,Hot & Dry,28.55,50.6,0.0,2.07,0.0,35.53
2026-06-01 23:35:00,Hot & Dry,28.18,51.86,0.0,1.67,0.0,31.14
2026-06-01 23:36:00,Hot & Dry,28.6,50.25,0.0,2.27,0.0,33.36
2026-06-01 23:37:00,Hot & Dry,28.38,50.64,0.0,2.32,0.0,33.03
2026-06-01 23:38:00,Hot & Dry,28.33,52.16,0.0,1.68,0.0,31.3
2026-06-01 23:39:00,Hot & Dry,28.15,51.54,0.0,2.43,0.0,32.36
2026-06-01 23:40:00,Hot & Dry,28.08,51.59,0.0,2.33,0.0,33.2
2026-06-01 23:41:00,Hot & Dry,28.04,52.62,0.0,2.43,0.0,32.58
2026-06-01 23:42:00,Hot & Dry,28.09,51.38,0.0,2.28,0.0,33.6
2026-06-01 23:43:00,Hot & Dry,28.21,51.15,0.0,2.3,0.0,33.36
2026-06-01 23:44:00,Hot & Dry,27.99,52.12,0.0,2.26,0.0,33.95
2026-06-01 23:45:00,Hot & Dry,27.78,52.68,0.0,2.35,0.0,33.24
2026-06-01 23:46:00,Hot & Dry,28.01,52.22,0.0,1.65,0.0,31.04
2026-06-01 23:47:00,Hot & Dry,27.98,53.38,0.0,1.73,0.0,31.95
2026-06-01 23:48:00,Hot & Dry,27.9,52.55,0.0,1.92,0.0,33.9
2026-06-01 23:49:00,Hot & Dry,27.88,50.98,0.0,2.08,0.0,35.56
2026-06-01 23:50:00,Hot & Dry,27.69,53.14,0.0,2.21,0.0,34.58
2026-06-01 23:51:00,Hot & Dry,27.55,53.34,0.0,2.19,0.0,34.8
2026-06-01 23:52:00,Hot & Dry,27.52,53.43,0.0,2.39,0.0,33.0
2026-06-01 23:53:00,Hot & Dry,27.37,53.97,0.0,2.4,0.0,32.96
2026-06-01 23:54:00,Hot & Dry,27.61,53.13,0.0,1.87,0.0,33.39
2026-06-01 23:55:00,Hot & Dry,27.53,53.36,0.0,2.16,0.0,35.1
2026-06-01 23:56:00,Hot & Dry,27.44,54.01,0.0,1.87,0.0,33.47
2026-06-01 23:57:00,Hot & Dry,27.02,54.47,0.0,2.04,0.0,35.58
2026-06-01 23:58:00,Hot & Dry,27.24,53.62,0.0,2.17,0.0,35.02
2026-06-01 23:59:00,Hot & Dry,27.56,55.12,0.0,1.2,0.0,28.15
2026-06-01 00:00:00,Rainy,20.02,87.42,0.0,1.6,0.0,13.74
2026-06-01 00:01:00,Rainy,19.8,88.39,0.0,1.78,0.0,13.49
2026-06-01 00:02:00,Rainy,20.05,87.61,0.0,1.43,0.0,13.69
2026-06-01 00:03:00,Rainy,20.06,87.82,0.0,1.78,0.0,13.64
2026-06-01 00:04:00,Rainy,19.61,88.39,0.0,1.55,0.0,13.49
2026-06-01 00:05:00,Rainy,19.68,88.36,0.0,1.65,0.0,13.5
2026-06-01 00:06:00,Rainy,19.88,87.94,0.0,1.98,0.0,13.61
2026-06-01 00:07:00,Rainy,19.79,87.96,0.0,1.85,0.0,13.6
2026-06-01 00:08:00,Rainy,19.82,87.57,0.0,1.87,0.0,13.7
2026-06-01 00:09:00,Rainy,19.67,88.01,0.0,1.35,0.0,13.59
2026-06-01 00:10:00,Rainy,19.91,87.05,0.0,2.14,0.0,13.83
2026-06-01 00:11:00,Rainy,19.88,87.89,0.0,1.48,0.0,13.62
2026-06-01 00:12:00,Rainy,19.75,87.93,0.0,2.07,0.0,13.61
2026-06-01 00:13:00,Rainy,19.89,87.2,0.0,1.96,0.0,13.79
2026-06-01 00:14:00,Rainy,19.78,87.53,0.0,1.86,0.0,13.71
2026-06-01 00:15:00,Rainy,19.56,87.8,0.0,1.54,0.0,13.64
2026-06-01 00:16:00,Rainy,19.72,88.66,0.0,1.76,0.0,13.43
2026-06-01 00:17:00,Rainy,19.5,88.73,0.0,1.62,0.0,13.41
2026-06-01 00:18:00,Rainy,19.76,87.45,0.0,1.73,0.0,13.73
2026-06-01 00:19:00,Rainy,19.6,88.89,0.0,1.67,0.0,13.37
2026-06-01 00:20:00,Rainy,19.56,88.18,0.0,1.27,0.0,13.55
2026-06-01 00:21:00,Rainy,19.47,87.93,0.0,1.97,0.0,13.61
2026-06-01 00:22:00,Rainy,19.74,88.65,0.0,1.7,0.0,13.43
2026-06-01 00:23:00,Rainy,19.51,88.34,0.0,1.61,0.0,13.51
2026-06-01 00:24:00,Rainy,19.45,88.58,0.0,1.59,0.0,13.45
2026-06-01 00:25:00,Rainy,19.44,88.87,0.0,1.79,0.0,13.38
2026-06-01 00:26:00,Rainy,19.56,89.22,0.0,1.51,0.0,13.29
2026-06-01 00:27:00,Rainy,19.51,88.66,0.0,1.21,0.0,13.43
2026-06-01 00:28:00,Rainy,19.5,87.96,0.0,1.8,0.0,13.6
2026-06-01 00:29:00,Rainy,19.49,89.06,0.0,1.82,0.0,13.33
2026-06-01 00:30:00,Rainy,19.72,87.78,0.0,1.66,0.0,13.65
2026-06-01 00:31:00,Rainy,19.32,90.31,0.0,1.45,0.0,13.11
2026-06-01 00:32:00,Rainy,19.29,89.28,0.0,1.72,0.0,13.28
2026-06-01 00:33:00,Rainy,19.23,88.11,0.0,1.38,0.0,13.56
2026-06-01 00:34:00,Rainy,19.42,89.12,0.0,1.47,0.0,13.32
2026-06-01 00:35:00,Rainy,19.48,89.91,0.0,1.53,0.0,13.13
2026-06-01 00:36:00,Rainy,19.27,90.26,0.0,1.88,0.0,13.11
2026-06-01 00:37:00,Rainy,19.15,90.77,0.0,1.61,0.0,13.11
2026-06-01 00:38:00,Rainy,19.13,89.1,0.0,1.59,0.0,13.32
2026-06-01 00:39:00,Rainy,19.33,89.7,0.0,2.12,0.0,13.18
2026-06-01 00:40:00,Rainy,19.33,88.73,0.0,1.77,0.0,13.41
2026-06-01 00:41:00,Rainy,19.28,89.43,0.0,1.76,0.0,13.25
2026-06-01 00:42:00,Rainy,19.08,89.09,0.0,1.6,0.0,13.33
2026-06-01 00:43:00,Rainy,19.2,89.14,0.0,1.55,0.0,13.31
2026-06-01 00:44:00,Rainy,19.16,89.22,0.0,1.2,0.0,13.29
2026-06-01 00:45:00,Rainy,19.16,90.17,0.0,1.89,0.0,13.11
2026-06-01 00:46:00,Rainy,19.24,89.89,0.0,1.78,0.0,13.14
2026-06-01 00:47:00,Rainy,19.13,89.9,0.0,1.64,0.0,13.14
2026-06-01 00:48:00,Rainy,19.18,88.78,0.0,1.65,0.0,13.4
2026-06-01 00:49:00,Rainy,19.07,89.71,0.0,1.84,0.0,13.18
2026-06-01 00:50:00,Rainy,19.08,89.4,0.0,1.33,0.0,13.25
2026-06-01 00:51:00,Rainy,19.12,90.28,0.0,1.54,0.0,13.11
2026-06-01 00:52:00,Rainy,18.78,91.38,0.0,1.42,0.0,13.11
2026-06-01 00:53:00,Rainy,18.94,90.89,0.0,2.06,0.0,13.11
2026-06-01 00:54:00,Rainy,18.9,89.91,0.0,1.86,0.0,13.13
2026-06-01 00:55:00,Rainy,18.85,88.84,0.0,1.18,0.0,13.38
2026-06-01 00:56:00,Rainy,18.89,89.32,0.0,1.33,0.0,13.27
2026-06-01 00:57:00,Rainy,19.14,90.54,0.0,1.64,0.0,13.11
2026-06-01 00:58:00,Rainy,18.77,90.48,0.0,1.56,0.0,13.11
2026-06-01 00:59:00,Rainy,19.03,89.56,0.0,1.37,0.0,13.21
2026-06-01 01:00:00,Rainy,18.61,92.14,0.0,2.09,0.0,13.11
2026-06-01 01:01:00,Rainy,18.8,91.4,0.0,1.73,0.0,13.11
2026-06-01 01:02:00,Rainy,18.85,90.5,0.0,1.76,0.0,13.11
2026-06-01 01:03:00,Rainy,18.9,90.18,0.0,1.51,0.0,13.11
2026-06-01 01:04:00,Rainy,18.9,90.27,0.0,1.82,0.0,13.11
2026-06-01 01:05:00,Rainy,18.9,90.5,0.0,1.57,0.0,13.11
2026-06-01 01:06:00,Rainy,18.71,91.85,0.0,1.59,0.0,13.11
2026-06-01 01:07:00,Rainy,18.68,91.23,0.0,1.79,0.0,13.11
2026-06-01 01:08:00,Rainy,18.86,90.91,0.0,1.29,0.0,13.11
2026-06-01 01:09:00,Rainy,18.68,91.66,0.0,2.0,0.0,13.11
2026-06-01 01:10:00,Rainy,18.5,90.76,0.0,1.69,0.0,13.11
2026-06-01 01:11:00,Rainy,18.51,91.9,0.0,1.93,0.0,13.11
2026-06-01 01:12:00,Rainy,18.52,91.23,0.0,1.41,0.0,13.11
2026-06-01 01:13:00,Rainy,18.72,89.35,0.0,1.45,0.0,13.26
2026-06-01 01:14:00,Rainy,18.65,89.78,0.0,1.39,0.0,13.16
2026-06-01 01:15:00,Rainy,18.72,90.26,0.0,1.7,0.0,13.11
2026-06-01 01:16:00,Rainy,18.53,91.7,0.0,1.66,0.0,13.11
2026-06-01 01:17:00,Rainy,18.6,91.25,0.0,1.54,0.0,13.11
2026-06-01 01:18:00,Rainy,18.66,91.14,0.0,1.42,0.0,13.11
2026-06-01 01:19:00,Rainy,18.5,92.64,0.0,1.37,0.0,13.11
2026-06-01 01:20:00,Rainy,18.6,90.43,0.0,1.63,0.0,13.11
2026-06-01 01:21:00,Rainy,18.42,91.69,0.0,1.54,0.0,13.11
2026-06-01 01:22:00,Rainy,18.44,91.81,0.0,1.49,0.0,13.11
2026-06-01 01:23:00,Rainy,18.43,91.23,0.0,1.98,0.0,13.11
2026-06-01 01:24:00,Rainy,18.29,92.08,0.0,1.62,0.0,13.11
2026-06-01 01:25:00,Rainy,18.52,90.44,0.0,1.92,0.0,13.11
2026-06-01 01:26:00,Rainy,18.36,92.69,0.0,1.52,0.0,13.11
2026-06-01 01:27:00,Rainy,18.42,91.28,0.0,1.69,0.0,13.11
2026-06-01 01:28:00,Rainy,18.48,92.75,0.0,1.63,0.0,13.11
2026-06-01 01:29:00,Rainy,18.45,91.57,0.0,1.26,0.0,13.11
2026-06-01 01:30:00,Rainy,18.47,92.16,0.0,1.95,0.0,13.11
2026-06-01 01:31:00,Rainy,18.34,91.87,0.0,1.61,0.0,13.11
2026-06-01 01:32:00,Rainy,18.28,92.07,0.0,1.8,0.0,13.11
2026-06-01 01:33:00,Rainy,18.31,91.63,0.0,1.47,0.0,13.11
2026-06-01 01:34:00,Rainy,18.06,92.77,0.0,1.6,0.0,13.11
2026-06-01 01:35:00,Rainy,18.08,92.83,0.0,1.44,0.0,13.11
2026-06-01 01:36:00,Rainy,18.08,92.16,0.0,1.91,0.0,13.11
2026-06-01 01:37:00,Rainy,18.12,92.46,0.0,1.7,0.0,13.11
2026-06-01 01:38:00,Rainy,18.31,91.63,0.0,1.71,0.0,13.11
2026-06-01 01:39:00,Rainy,18.1,93.96,0.0,1.93,0.0,13.11
2026-06-01 01:40:00,Rainy,18.16,92.35,0.0,1.89,0.0,13.11
2026-06-01 01:41:00,Rainy,18.4,92.67,0.0,1.8,0.0,13.11
2026-06-01 01:42:00,Rainy,18.14,92.36,0.0,1.32,0.0,13.11
2026-06-01 01:43:00,Rainy,18.29,92.21,0.0,1.48,0.0,13.11
2026-06-01 01:44:00,Rainy,18.02,92.0,0.0,1.41,0.0,13.11
2026-06-01 01:45:00,Rainy,18.12,92.26,0.0,1.79,0.0,13.11
2026-06-01 01:46:00,Rainy,17.99,93.01,0.0,1.67,0.0,13.11
2026-06-01 01:47:00,Rainy,18.07,93.62,0.0,1.32,0.0,13.11
2026-06-01 01:48:00,Rainy,18.23,92.35,0.0,1.59,0.0,13.11
2026-06-01 01:49:00,Rainy,17.83,94.16,0.0,1.3,0.0,13.11
2026-06-01 01:50:00,Rainy,18.14,92.85,0.0,1.62,0.0,13.11
2026-06-01 01:51:00,Rainy,18.1,93.56,0.0,1.26,0.0,13.11
2026-06-01 01:52:00,Rainy,17.96,92.93,0.0,1.74,0.0,13.11
2026-06-01 01:53:00,Rainy,17.82,94.8,0.0,1.71,0.0,13.11
2026-06-01 01:54:00,Rainy,18.03,92.48,0.0,2.05,0.0,13.11
2026-06-01 01:55:00,Rainy,17.93,92.6,0.0,1.81,0.0,13.11
2026-06-01 01:56:00,Rainy,18.03,92.05,0.0,1.54,0.0,13.11
2026-06-01 01:57:00,Rainy,17.98,94.3,0.0,1.81,0.0,13.11
2026-06-01 01:58:00,Rainy,18.21,92.78,0.0,1.32,0.0,13.11
2026-06-01 01:59:00,Rainy,17.92,92.89,0.0,1.42,0.0,13.11
2026-06-01 02:00:00,Rainy,17.79,94.2,0.0,1.7,0.0,13.11
2026-06-01 02:01:00,Rainy,17.95,93.4,0.0,1.15,0.0,13.11
2026-06-01 02:02:00,Rainy,17.95,94.19,0.0,1.62,0.0,13.11
2026-06-01 02:03:00,Rainy,18.1,91.64,0.0,1.4,0.0,13.11
2026-06-01 02:04:00,Rainy,18.01,92.67,0.0,1.65,0.0,13.11
2026-06-01 02:05:00,Rainy,17.93,92.78,0.0,1.39,0.0,13.11
2026-06-01 02:06:00,Rainy,18.08,91.45,0.0,1.72,0.0,13.11
2026-06-01 02:07:00,Rainy,17.67,94.41,0.0,1.63,0.0,13.11
2026-06-01 02:08:00,Rainy,17.74,93.42,0.0,1.94,0.0,13.11
2026-06-01 02:09:00,Rainy,17.68,94.18,0.0,1.63,0.0,13.11
2026-06-01 02:10:00,Rainy,17.75,94.97,0.0,1.46,0.0,13.11
2026-06-01 02:11:00,Rainy,17.59,93.79,0.0,1.57,0.0,13.11
2026-06-01 02:12:00,Rainy,17.88,92.94,0.0,1.33,0.0,13.11
2026-06-01 02:13:00,Rainy,17.74,93.66,0.0,1.72,0.0,13.11
2026-06-01 02:14:00,Rainy,17.54,94.73,0.0,1.76,0.0,13.11
2026-06-01 02:15:00,Rainy,17.59,93.64,0.0,2.17,0.0,13.11
2026-06-01 02:16:00,Rainy,17.78,93.09,0.0,1.49,0.0,13.11
2026-06-01 02:17:00,Rainy,17.85,93.91,0.0,1.57,0.0,13.11
2026-06-01 02:18:00,Rainy,18.01,93.06,0.0,1.5,0.0,13.11
2026-06-01 02:19:00,Rainy,18.13,91.26,0.0,1.68,0.0,13.11
2026-06-01 02:20:00,Rainy,17.75,92.82,0.0,1.72,0.0,13.11
2026-06-01 02:21:00,Rainy,17.53,95.08,0.0,1.62,0.0,13.11
2026-06-01 02:22:00,Rainy,17.34,94.92,0.0,1.87,0.0,13.11
2026-06-01 02:23:00,Rainy,17.69,93.26,0.0,1.5,0.0,13.11
2026-06-01 02:24:00,Rainy,17.52,94.1,0.0,1.85,0.0,13.11
2026-06-01 02:25:00,Rainy,17.57,94.07,0.0,1.75,0.0,13.11
2026-06-01 02:26:00,Rainy,17.52,94.62,0.0,1.63,0.0,13.11
2026-06-01 02:27:00,Rainy,17.58,93.2,0.0,1.57,0.0,13.11
2026-06-01 02:28:00,Rainy,17.75,93.04,0.0,2.17,0.0,13.11
2026-06-01 02:29:00,Rainy,17.61,94.12,0.0,1.46,0.0,13.11
2026-06-01 02:30:00,Rainy,17.55,94.05,0.0,1.7,0.0,13.11
2026-06-01 02:31:00,Rainy,17.4,94.85,0.0,1.47,0.0,13.11
2026-06-01 02:32:00,Rainy,17.3,94.07,0.0,2.03,0.0,13.11
2026-06-01 02:33:00,Rainy,17.47,94.56,0.0,1.83,0.0,13.11
2026-06-01 02:34:00,Rainy,17.52,94.85,0.0,1.49,0.0,13.11
2026-06-01 02:35:00,Rainy,17.78,93.75,0.0,1.75,0.0,13.11
2026-06-01 02:36:00,Rainy,17.53,94.26,0.0,1.7,0.0,13.11
2026-06-01 02:37:00,Rainy,17.64,93.79,0.0,1.53,0.0,13.11
2026-06-01 02:38:00,Rainy,17.41,93.99,0.0,1.81,0.0,13.11
2026-06-01 02:39:00,Rainy,17.3,94.77,0.0,1.73,0.0,13.11
2026-06-01 02:40:00,Rainy,17.32,95.5,0.0,1.69,0.0,13.11
2026-06-01 02:41:00,Rainy,17.35,94.6,0.0,1.63,0.0,13.11
2026-06-01 02:42:00,Rainy,17.76,92.98,0.0,1.74,0.0,13.11
2026-06-01 02:43:00,Rainy,17.31,94.47,0.0,1.7,0.0,13.11
2026-06-01 02:44:00,Rainy,17.55,94.23,0.0,1.66,0.0,13.11
2026-06-01 02:45:00,Rainy,17.28,94.63,0.0,1.51,0.0,13.11
2026-06-01 02:46:00,Rainy,17.54,94.41,0.0,2.02,0.0,13.11
2026-06-01 02:47:00,Rainy,17.45,94.69,0.0,1.42,0.0,13.11
2026-06-01 02:48:00,Rainy,17.36,95.16,0.0,1.74,0.0,13.11
2026-06-01 02:49:00,Rainy,17.37,95.46,0.0,1.58,0.0,13.11
2026-06-01 02:50:00,Rainy,17.27,95.49,0.0,2.04,0.0,13.11
2026-06-01 02:51:00,Rainy,17.42,93.89,0.0,1.45,0.0,13.11
2026-06-01 02:52:00,Rainy,17.28,94.31,0.0,1.49,0.0,13.11
2026-06-01 02:53:00,Rainy,17.16,95.16,0.0,1.44,0.0,13.11
2026-06-01 02:54:00,Rainy,17.14,94.98,0.0,1.73,0.0,13.11
2026-06-01 02:55:00,Rainy,17.35,93.99,0.0,1.35,0.0,13.11
2026-06-01 02:56:00,Rainy,17.55,93.84,0.0,1.55,0.0,13.11
2026-06-01 02:57:00,Rainy,17.33,94.44,0.0,1.18,0.0,13.11
2026-06-01 02:58:00,Rainy,17.28,94.46,0.0,1.71,0.0,13.11
2026-06-01 02:59:00,Rainy,17.33,94.53,0.0,1.55,0.0,13.11
2026-06-01 03:00:00,Rainy,17.47,95.03,0.0,1.33,0.0,13.11
2026-06-01 03:01:00,Rainy,17.3,94.91,0.0,1.9,0.0,13.11
2026-06-01 03:02:00,Rainy,17.2,96.56,0.0,1.38,0.0,13.11
2026-06-01 03:03:00,Rainy,17.42,94.57,0.0,1.84,0.0,13.11
2026-06-01 03:04:00,Rainy,17.31,94.6,0.0,1.51,0.0,13.11
2026-06-01 03:05:00,Rainy,17.47,94.34,0.0,2.02,0.0,13.11
2026-06-01 03:06:00,Rainy,17.26,95.08,0.0,1.83,0.0,13.11
2026-06-01 03:07:00,Rainy,17.04,95.79,0.0,1.45,0.0,13.11
2026-06-01 03:08:00,Rainy,17.01,96.86,0.0,1.47,0.0,13.11
2026-06-01 03:09:00,Rainy,17.45,93.87,0.0,1.81,0.0,13.11
2026-06-01 03:10:00,Rainy,17.46,94.88,0.0,1.62,0.0,13.11
2026-06-01 03:11:00,Rainy,17.16,95.31,0.0,1.64,0.0,13.11
2026-06-01 03:12:00,Rainy,17.12,94.35,0.0,1.96,0.0,13.11
2026-06-01 03:13:00,Rainy,17.39,95.0,0.0,1.51,0.0,13.11
2026-06-01 03:14:00,Rainy,17.0,96.39,0.0,1.7,0.0,13.11
2026-06-01 03:15:00,Rainy,17.03,95.05,0.0,1.89,0.0,13.11
2026-06-01 03:16:00,Rainy,17.25,94.94,0.0,1.86,0.0,13.11
2026-06-01 03:17:00,Rainy,17.09,94.36,0.0,1.65,0.0,13.11
2026-06-01 03:18:00,Rainy,17.14,94.49,0.0,1.62,0.0,13.11
2026-06-01 03:19:00,Rainy,17.11,95.96,0.0,1.3,0.0,13.11
2026-06-01 03:20:00,Rainy,17.18,94.86,0.0,1.46,0.0,13.11
2026-06-01 03:21:00,Rainy,17.33,94.05,0.0,1.76,0.0,13.11
2026-06-01 03:22:00,Rainy,17.13,95.42,0.0,1.66,0.0,13.11
2026-06-01 03:23:00,Rainy,17.2,94.76,0.0,1.71,0.0,13.11
2026-06-01 03:24:00,Rainy,16.79,95.93,0.0,1.92,0.0,13.11
2026-06-01 03:25:00,Rainy,17.09,95.84,0.0,1.43,0.0,13.11
2026-06-01 03:26:00,Rainy,16.96,95.05,0.0,1.64,0.0,13.11
2026-06-01 03:27:00,Rainy,16.9,95.37,0.0,1.74,0.0,13.11
2026-06-01 03:28:00,Rainy,16.94,95.88,0.0,1.55,0.0,13.11
2026-06-01 03:29:00,Rainy,17.02,96.16,0.0,2.02,0.0,13.11
2026-06-01 03:30:00,Rainy,17.2,95.82,0.0,1.9,0.0,13.11
2026-06-01 03:31:00,Rainy,16.86,95.63,0.0,1.77,0.0,13.11
2026-06-01 03:32:00,Rainy,17.06,96.04,0.0,2.1,0.0,13.11
2026-06-01 03:33:00,Rainy,16.97,95.24,0.0,1.38,0.0,13.11
2026-06-01 03:34:00,Rainy,16.99,96.75,0.0,1.71,0.0,13.11
2026-06-01 03:35:00,Rainy,17.19,94.44,0.0,1.79,0.0,13.11
2026-06-01 03:36:00,Rainy,17.11,96.12,0.0,1.51,0.0,13.11
2026-06-01 03:37:00,Rainy,17.23,94.61,0.0,1.78,0.0,13.11
2026-06-01 03:38:00,Rainy,17.0,96.85,0.0,1.47,0.0,13.11
2026-06-01 03:39:00,Rainy,16.91,96.24,0.0,1.87,0.0,13.11
2026-06-01 03:40:00,Rainy,16.98,95.09,0.0,1.95,0.0,13.11
2026-06-01 03:41:00,Rainy,17.04,95.2,0.0,1.78,0.0,13.11
2026-06-01 03:42:00,Rainy,17.03,96.03,0.0,1.32,0.0,13.11
2026-06-01 03:43:00,Rainy,16.83,96.73,0.0,1.51,0.0,13.11
2026-06-01 03:44:00,Rainy,17.01,95.58,0.0,1.85,0.0,13.11
2026-06-01 03:45:00,Rainy,17.02,95.6,0.0,1.73,0.0,13.11
2026-06-01 03:46:00,Rainy,17.36,95.09,0.0,1.14,0.0,13.11
2026-06-01 03:47:00,Rainy,17.26,94.99,0.0,2.01,0.0,13.11
2026-06-01 03:48:00,Rainy,16.85,95.28,0.0,1.77,0.0,13.11
2026-06-01 03:49:00,Rainy,16.93,95.35,0.0,1.56,0.0,13.11
2026-06-01 03:50:00,Rainy,16.75,96.48,0.0,1.96,0.0,13.11
2026-06-01 03:51:00,Rainy,16.88,96.71,0.0,1.59,0.0,13.11
2026-06-01 03:52:00,Rainy,17.01,96.58,0.0,1.59,0.0,13.11
2026-06-01 03:53:00,Rainy,17.14,95.72,0.0,1.82,0.0,13.11
2026-06-01 03:54:00,Rainy,16.84,96.24,0.0,2.14,0.0,13.11
2026-06-01 03:55:00,Rainy,16.85,96.5,0.0,2.11,0.0,13.11
2026-06-01 03:56:00,Rainy,16.62,96.28,0.0,1.83,0.0,13.11
2026-06-01 03:57:00,Rainy,16.92,95.77,0.0,1.86,0.0,13.11
2026-06-01 03:58:00,Rainy,16.78,95.75,0.0,1.93,0.0,13.11
2026-06-01 03:59:00,Rainy,16.86,95.28,0.0,1.48,0.0,13.11
2026-06-01 04:00:00,Rainy,16.8,96.38,0.0,1.9,0.0,13.11
2026-06-01 04:01:00,Rainy,16.92,95.98,0.0,1.6,0.0,13.11
2026-06-01 04:02:00,Rainy,16.66,96.98,0.0,1.84,0.0,13.11
2026-06-01 04:03:00,Rainy,16.71,96.78,0.0,1.72,0.0,13.11
2026-06-01 04:04:00,Rainy,17.24,95.11,0.0,1.88,0.0,13.11
2026-06-01 04:05:00,Rainy,16.73,96.73,0.0,1.8,0.0,13.11
2026-06-01 04:06:00,Rainy,16.75,96.29,0.0,1.1,0.0,13.11
2026-06-01 04:07:00,Rainy,17.19,95.35,0.0,1.82,0.0,13.11
2026-06-01 04:08:00,Rainy,17.35,94.23,0.0,1.92,0.0,13.11
2026-06-01 04:09:00,Rainy,16.74,96.59,0.0,1.88,0.0,13.11
2026-06-01 04:10:00,Rainy,16.85,96.44,0.0,1.76,0.0,13.11
2026-06-01 04:11:00,Rainy,16.96,95.35,0.0,2.15,0.0,13.11
2026-06-01 04:12:00,Rainy,17.17,95.21,0.0,1.86,0.0,13.11
2026-06-01 04:13:00,Rainy,16.76,95.94,0.0,1.89,0.0,13.11
2026-06-01 04:14:00,Rainy,16.87,95.69,0.0,2.02,0.0,13.11
2026-06-01 04:15:00,Rainy,17.02,94.91,0.0,1.87,0.0,13.11
2026-06-01 04:16:00,Rainy,16.96,96.49,0.0,1.6,0.0,13.11
2026-06-01 04:17:00,Rainy,16.84,96.71,0.0,1.26,0.0,13.11
2026-06-01 04:18:00,Rainy,16.88,96.3,0.0,1.7,0.0,13.11
2026-06-01 04:19:00,Rainy,16.69,97.68,0.0,1.97,0.0,13.11
2026-06-01 04:20:00,Rainy,16.86,95.91,0.0,1.73,0.0,13.11
2026-06-01 04:21:00,Rainy,16.85,97.86,0.0,1.99,0.0,13.11
2026-06-01 04:22:00,Rainy,16.93,95.7,0.0,1.84,0.0,13.11
2026-06-01 04:23:00,Rainy,16.81,96.32,0.0,2.1,0.0,13.11
2026-06-01 04:24:00,Rainy,16.96,95.5,0.0,1.75,0.0,13.11
2026-06-01 04:25:00,Rainy,17.04,95.74,0.0,1.92,0.0,13.11
2026-06-01 04:26:00,Rainy,16.91,96.37,0.0,1.93,0.0,13.11
2026-06-01 04:27:00,Rainy,16.94,95.72,0.0,2.16,0.0,13.11
2026-06-01 04:28:00,Rainy,16.9,96.98,0.0,1.45,0.0,13.11
2026-06-01 04:29:00,Rainy,16.89,96.08,0.0,1.73,0.0,13.11
2026-06-01 04:30:00,Rainy,16.78,96.4,0.0,2.02,0.0,13.11
2026-06-01 04:31:00,Rainy,16.94,95.26,0.0,2.18,0.0,13.11
2026-06-01 04:32:00,Rainy,16.88,96.23,0.0,1.89,0.0,13.11
2026-06-01 04:33:00,Rainy,17.2,94.99,0.0,1.78,0.0,13.11
2026-06-01 04:34:00,Rainy,17.13,94.92,0.0,2.01,0.0,13.11
2026-06-01 04:35:00,Rainy,16.95,95.31,0.0,2.04,0.0,13.11
2026-06-01 04:36:00,Rainy,16.78,97.86,0.0,1.77,0.0,13.11
2026-06-01 04:37:00,Rainy,16.73,96.24,0.0,1.92,0.0,13.11
2026-06-01 04:38:00,Rainy,17.07,94.56,0.0,2.11,0.0,13.11
2026-06-01 04:39:00,Rainy,16.93,95.4,0.0,2.27,0.0,13.11
2026-06-01 04:40:00,Rainy,16.97,95.7,0.0,2.02,0.0,13.11
2026-06-01 04:41:00,Rainy,16.63,96.98,0.0,1.87,0.0,13.11
2026-06-01 04:42:00,Rainy,17.04,95.87,0.0,1.85,0.0,13.11
2026-06-01 04:43:00,Rainy,16.97,96.13,0.0,1.99,0.0,13.11
2026-06-01 04:44:00,Rainy,16.73,95.99,0.0,1.85,0.0,13.11
2026-06-01 04:45:00,Rainy,16.83,96.31,0.0,1.92,0.0,13.11
2026-06-01 04:46:00,Rainy,16.94,95.27,0.0,1.64,0.0,13.11
2026-06-01 04:47:00,Rainy,16.91,95.51,0.0,2.16,0.0,13.11
2026-06-01 04:48:00,Rainy,16.86,95.47,0.0,1.63,0.0,13.11
2026-06-01 04:49:00,Rainy,16.89,95.22,0.0,1.79,0.0,13.11
2026-06-01 04:50:00,Rainy,16.87,96.63,0.0,1.91,0.0,13.11
2026-06-01 04:51:00,Rainy,16.93,96.23,0.0,2.33,0.0,13.11
2026-06-01 04:52:00,Rainy,17.13,95.85,0.0,1.8,0.0,13.11
2026-06-01 04:53:00,Rainy,16.53,96.96,0.0,1.75,0.0,13.11
2026-06-01 04:54:00,Rainy,16.88,96.43,0.0,1.78,0.0,13.11
2026-06-01 04:55:00,Rainy,16.95,94.73,0.0,2.27,0.0,13.11
2026-06-01 04:56:00,Rainy,16.97,96.24,0.0,1.29,0.0,13.11
2026-06-01 04:57:00,Rainy,16.87,96.1,0.0,1.69,0.0,13.11
2026-06-01 04:58:00,Rainy,16.66,96.94,0.0,2.51,0.0,13.11
2026-06-01 04:59:00,Rainy,16.98,95.92,0.0,2.04,0.0,13.11
2026-06-01 05:00:00,Rainy,17.19,94.51,0.0,1.67,0.0,13.11
2026-06-01 05:01:00,Rainy,16.71,95.55,0.0,1.91,0.0,13.11
2026-06-01 05:02:00,Rainy,17.07,95.01,0.0,1.94,0.0,13.11
2026-06-01 05:03:00,Rainy,16.89,96.27,0.0,2.11,0.0,13.11
2026-06-01 05:04:00,Rainy,16.94,96.22,0.0,2.33,0.0,13.11
2026-06-01 05:05:00,Rainy,16.79,95.39,0.0,2.02,0.0,13.11
2026-06-01 05:06:00,Rainy,16.9,95.32,0.0,1.82,0.0,13.11
2026-06-01 05:07:00,Rainy,17.15,94.78,0.0,2.11,0.0,13.11
2026-06-01 05:08:00,Rainy,17.05,95.29,0.0,1.79,0.0,13.11
2026-06-01 05:09:00,Rainy,17.22,94.2,0.0,1.72,0.0,13.11
2026-06-01 05:10:00,Rainy,17.14,94.38,0.0,1.56,0.0,13.11
2026-06-01 05:11:00,Rainy,17.04,95.04,0.0,1.61,0.0,13.11
2026-06-01 05:12:00,Rainy,17.24,95.03,0.0,1.76,0.0,13.11
2026-06-01 05:13:00,Rainy,17.05,94.8,0.0,1.7,0.0,13.11
2026-06-01 05:14:00,Rainy,17.11,95.27,0.0,2.03,0.0,13.11
2026-06-01 05:15:00,Rainy,16.94,96.43,0.0,1.7,0.0,13.11
2026-06-01 05:16:00,Rainy,17.0,94.85,0.0,1.28,0.0,13.11
2026-06-01 05:17:00,Rainy,16.89,95.81,0.0,1.74,0.0,13.11
2026-06-01 05:18:00,Rainy,17.15,95.83,0.0,1.87,0.0,13.11
2026-06-01 05:19:00,Rainy,16.83,95.86,0.0,1.85,0.0,13.11
2026-06-01 05:20:00,Rainy,17.13,94.93,0.0,2.32,0.0,13.11
2026-06-01 05:21:00,Rainy,16.99,96.37,0.0,1.85,0.0,13.11
2026-06-01 05:22:00,Rainy,17.2,94.91,0.0,2.18,0.0,13.11
2026-06-01 05:23:00,Rainy,17.14,95.91,0.0,1.99,0.0,13.11
2026-06-01 05:24:00,Rainy,17.3,95.05,0.0,1.99,0.0,13.11
2026-06-01 05:25:00,Rainy,17.15,95.02,0.0,1.81,0.0,13.11
2026-06-01 05:26:00,Rainy,16.81,96.46,0.0,1.99,0.0,13.11
2026-06-01 05:27:00,Rainy,17.04,95.72,0.0,1.84,0.0,13.11
2026-06-01 05:28:00,Rainy,16.88,96.59,0.0,2.05,0.0,13.11
2026-06-01 05:29:00,Rainy,16.98,95.36,0.0,1.96,0.0,13.11
2026-06-01 05:30:00,Rainy,17.29,94.85,0.0,1.81,0.0,13.11
2026-06-01 05:31:00,Rainy,17.17,95.14,1.2,2.24,0.0,13.11
2026-06-01 05:32:00,Rainy,16.97,96.14,2.3,2.12,0.0,13.11
2026-06-01 05:33:00,Rainy,16.93,95.22,3.78,1.93,0.0,13.11
2026-06-01 05:34:00,Rainy,17.09,95.99,4.95,2.06,0.0,13.11
2026-06-01 05:35:00,Rainy,16.91,96.16,6.04,2.01,0.0,13.11
2026-06-01 05:36:00,Rainy,17.0,94.85,6.9,1.85,0.0,13.11
2026-06-01 05:37:00,Rainy,17.15,95.93,8.44,2.06,0.0,13.11
2026-06-01 05:38:00,Rainy,17.29,96.18,9.26,1.91,0.0,13.11
2026-06-01 05:39:00,Rainy,17.21,95.65,11.25,1.84,0.0,13.11
2026-06-01 05:40:00,Rainy,16.78,97.1,12.27,1.69,0.0,13.11
2026-06-01 05:41:00,Rainy,17.18,95.19,13.21,1.97,0.0,13.11
2026-06-01 05:42:00,Rainy,17.15,94.22,13.32,2.18,0.0,13.11
2026-06-01 05:43:00,Rainy,17.21,93.95,15.11,1.91,0.0,13.11
2026-06-01 05:44:00,Rainy,17.4,94.69,17.11,2.62,0.0,13.11
2026-06-01 05:45:00,Rainy,16.85,95.69,18.61,2.26,0.0,13.11
2026-06-01 05:46:00,Rainy,17.08,94.87,19.79,2.36,0.0,13.11
2026-06-01 05:47:00,Rainy,17.26,94.86,19.38,2.25,0.0,13.11
2026-06-01 05:48:00,Rainy,16.95,96.16,21.74,2.49,0.0,13.11
2026-06-01 05:49:00,Rainy,17.41,93.62,23.44,1.91,0.0,13.11
2026-06-01 05:50:00,Rainy,17.25,94.66,22.75,1.52,0.0,13.11
2026-06-01 05:51:00,Rainy,17.33,95.62,25.13,1.99,0.0,13.11
2026-06-01 05:52:00,Rainy,17.13,94.64,26.54,2.22,0.0,13.11
2026-06-01 05:53:00,Rainy,17.34,95.2,27.27,2.13,0.0,13.11
2026-06-01 05:54:00,Rainy,17.39,94.26,27.12,2.16,0.0,13.11
2026-06-01 05:55:00,Rainy,17.27,95.21,29.61,2.4,0.0,13.11
2026-06-01 05:56:00,Rainy,17.28,95.52,30.79,2.19,0.0,13.11
2026-06-01 05:57:00,Rainy,17.29,95.26,32.15,2.29,0.0,13.11
2026-06-01 05:58:00,Rainy,17.13,95.81,32.92,1.91,0.0,13.11
2026-06-01 05:59:00,Rainy,17.25,94.26,34.21,1.88,0.0,13.11
2026-06-01 06:00:00,Rainy,17.25,95.59,35.82,2.48,0.0,13.11
2026-06-01 06:01:00,Rainy,17.34,94.17,37.55,2.15,0.0,13.11
2026-06-01 06:02:00,Rainy,17.44,94.55,37.9,1.99,0.0,13.11
2026-06-01 06:03:00,Rainy,17.14,95.39,38.95,2.0,0.0,13.11
2026-06-01 06:04:00,Rainy,17.29,95.11,40.73,2.0,0.0,13.11
2026-06-01 06:05:00,Rainy,17.54,94.33,39.4,1.99,0.0,13.11
2026-06-01 06:06:00,Rainy,17.22,94.52,43.61,1.86,0.0,13.11
2026-06-01 06:07:00,Rainy,17.22,94.22,44.18,1.82,0.0,13.11
2026-06-01 06:08:00,Rainy,17.38,95.11,45.42,2.11,0.0,13.11
2026-06-01 06:09:00,Rainy,17.48,94.4,47.9,2.03,0.0,13.11
2026-06-01 06:10:00,Rainy,17.37,95.3,44.94,2.4,0.0,13.11
2026-06-01 06:11:00,Rainy,17.58,94.01,46.03,2.23,0.0,13.11
2026-06-01 06:12:00,Rainy,17.51,93.36,50.52,2.23,0.0,13.11
2026-06-01 06:13:00,Rainy,17.52,94.76,51.28,2.01,0.0,13.11
2026-06-01 06:14:00,Rainy,17.49,94.06,52.74,2.15,0.0,13.11
2026-06-01 06:15:00,Rainy,17.76,93.72,52.91,2.26,0.0,13.11
2026-06-01 06:16:00,Rainy,17.39,94.15,55.93,2.34,0.0,13.11
2026-06-01 06:17:00,Rainy,17.13,96.25,57.58,2.17,0.0,13.11
2026-06-01 06:18:00,Rainy,17.69,93.21,58.03,2.43,0.0,13.11
2026-06-01 06:19:00,Rainy,17.39,94.36,57.92,2.2,0.0,13.11
2026-06-01 06:20:00,Rainy,17.48,94.36,55.79,2.37,0.0,13.11
2026-06-01 06:21:00,Rainy,17.67,93.11,62.13,2.1,0.0,13.11
2026-06-01 06:22:00,Rainy,17.25,95.15,64.17,1.81,0.0,13.11
2026-06-01 06:23:00,Rainy,17.31,95.75,64.3,2.27,0.0,13.11
2026-06-01 06:24:00,Rainy,17.27,94.6,62.56,2.37,0.0,13.11
2026-06-01 06:25:00,Rainy,17.4,94.77,66.75,2.35,0.0,13.11
2026-06-01 06:26:00,Rainy,17.59,92.34,68.32,2.32,0.0,13.11
2026-06-01 06:27:00,Rainy,17.62,93.9,70.94,2.15,0.0,13.11
2026-06-01 06:28:00,Rainy,17.59,93.81,67.13,2.05,0.0,13.11
2026-06-01 06:29:00,Rainy,17.35,94.18,69.63,2.36,0.0,13.11
2026-06-01 06:30:00,Rainy,17.22,95.66,72.88,2.33,0.0,13.11
2026-06-01 06:31:00,Rainy,17.59,93.8,72.57,2.12,0.0,13.11
2026-06-01 06:32:00,Rainy,17.52,94.08,71.14,2.49,0.0,13.11
2026-06-01 06:33:00,Rainy,17.67,93.54,75.71,2.06,0.0,13.11
2026-06-01 06:34:00,Rainy,17.72,92.48,77.26,2.13,0.0,13.11
2026-06-01 06:35:00,Rainy,17.65,93.15,77.31,2.62,0.0,13.11
2026-06-01 06:36:00,Rainy,17.75,94.12,78.78,2.45,0.0,13.11
2026-06-01 06:37:00,Rainy,17.69,92.47,78.81,2.19,0.0,13.11
2026-06-01 06:38:00,Rainy,17.74,93.11,84.16,2.33,0.0,13.11
2026-06-01 06:39:00,Rainy,17.57,93.82,79.54,2.31,0.0,13.11
2026-06-01 06:40:00,Rainy,17.66,94.85,81.44,1.68,0.0,13.11
2026-06-01 06:41:00,Rainy,17.73,94.08,84.09,2.08,0.0,13.11
2026-06-01 06:42:00,Rainy,17.83,92.99,87.46,2.28,0.0,13.11
2026-06-01 06:43:00,Rainy,17.66,94.58,82.49,2.21,0.0,13.11
2026-06-01 06:44:00,Rainy,17.81,92.93,84.08,2.35,0.0,13.11
2026-06-01 06:45:00,Rainy,17.71,94.28,83.26,2.55,0.0,13.11
2026-06-01 06:46:00,Rainy,17.74,92.76,89.91,2.23,0.0,13.11
2026-06-01 06:47:00,Rainy,17.9,93.79,87.92,2.08,0.0,13.11
2026-06-01 06:48:00,Rainy,17.48,94.05,91.06,2.38,0.0,13.11
2026-06-01 06:49:00,Rainy,17.6,93.35,95.12,2.24,0.0,13.11
2026-06-01 06:50:00,Rainy,17.59,93.88,92.6,2.29,0.0,13.11
2026-06-01 06:51:00,Rainy,17.47,94.49,96.22,2.26,0.0,13.11
2026-06-01 06:52:00,Rainy,17.73,93.3,95.83,2.82,0.0,13.11
2026-06-01 06:53:00,Rainy,17.96,93.3,99.82,1.84,0.0,13.11
2026-06-01 06:54:00,Rainy,17.82,93.02,100.4,2.25,0.0,13.11
2026-06-01 06:55:00,Rainy,17.9,93.5,98.04,2.34,0.0,13.11
2026-06-01 06:56:00,Rainy,18.05,92.99,100.75,2.17,0.0,13.11
2026-06-01 06:57:00,Rainy,18.1,92.55,105.6,2.55,0.0,13.11
2026-06-01 06:58:00,Rainy,17.9,92.87,104.75,2.53,0.0,13.11
2026-06-01 06:59:00,Rainy,18.13,92.59,100.28,2.35,0.0,13.11
2026-06-01 07:00:00,Rainy,17.95,93.32,107.88,2.3,0.0,13.11
2026-06-01 07:01:00,Rainy,17.83,94.58,103.45,2.34,0.0,13.11
2026-06-01 07:02:00,Rainy,17.88,93.76,112.63,2.35,0.0,13.11
2026-06-01 07:03:00,Rainy,17.76,94.12,112.53,2.36,0.0,13.11
2026-06-01 07:04:00,Rainy,17.86,95.1,111.27,2.34,0.0,13.11
2026-06-01 07:05:00,Rainy,17.95,93.3,111.96,2.44,0.0,13.11
2026-06-01 07:06:00,Rainy,18.14,92.76,111.85,2.55,0.0,13.11
2026-06-01 07:07:00,Rainy,18.29,92.47,115.99,2.12,0.0,13.11
2026-06-01 07:08:00,Rainy,17.84,92.69,113.52,2.16,0.0,13.11
2026-06-01 07:09:00,Rainy,18.12,92.25,116.73,2.01,0.0,13.11
2026-06-01 07:10:00,Rainy,17.92,92.77,120.09,2.59,0.0,13.11
2026-06-01 07:11:00,Rainy,18.16,92.8,116.15,2.46,0.0,13.11
2026-06-01 07:12:00,Rainy,18.09,92.52,117.05,2.52,0.0,13.11
2026-06-01 07:13:00,Rainy,17.84,93.37,116.05,2.1,0.0,13.11
2026-06-01 07:14:00,Rainy,18.27,92.75,117.59,2.81,0.0,13.11
2026-06-01 07:15:00,Rainy,18.06,93.22,115.86,2.29,0.0,13.11
2026-06-01 07:16:00,Rainy,18.08,92.53,126.4,2.47,0.0,13.11
2026-06-01 07:17:00,Rainy,18.02,92.41,131.56,2.62,0.0,13.11
2026-06-01 07:18:00,Rainy,18.09,93.28,131.28,2.22,0.0,13.11
2026-06-01 07:19:00,Rainy,18.27,92.57,120.8,2.32,0.0,13.11
2026-06-01 07:20:00,Rainy,18.19,91.36,130.88,2.49,0.0,13.11
2026-06-01 07:21:00,Rainy,18.29,91.88,134.7,3.08,0.0,13.11
2026-06-01 07:22:00,Rainy,18.31,92.11,128.5,2.52,0.0,13.11
2026-06-01 07:23:00,Rainy,18.46,92.04,131.78,2.81,0.0,13.11
2026-06-01 07:24:00,Rainy,18.23,92.77,124.49,2.73,0.0,13.11
2026-06-01 07:25:00,Rainy,18.07,92.82,134.63,2.55,0.0,13.11
2026-06-01 07:26:00,Rainy,18.47,91.9,130.35,2.25,0.0,13.11
2026-06-01 07:27:00,Rainy,18.28,92.13,136.55,2.71,0.0,13.11
2026-06-01 07:28:00,Rainy,18.51,91.04,130.41,2.15,0.0,13.11
2026-06-01 07:29:00,Rainy,18.41,91.55,140.15,2.84,0.0,13.11
2026-06-01 07:30:00,Rainy,18.35,91.89,143.25,2.53,0.0,13.11
2026-06-01 07:31:00,Rainy,18.44,91.61,136.77,1.91,0.0,13.11
2026-06-01 07:32:00,Rainy,18.7,89.79,136.32,2.42,0.0,13.16
2026-06-01 07:33:00,Rainy,18.73,90.59,133.01,2.65,0.0,13.11
2026-06-01 07:34:00,Rainy,18.45,91.65,142.14,2.45,0.0,13.11
2026-06-01 07:35:00,Rainy,18.47,91.37,141.84,2.67,0.0,13.11
2026-06-01 07:36:00,Rainy,18.63,90.96,138.66,2.33,0.0,13.11
2026-06-01 07:37:00,Rainy,18.36,92.16,148.48,2.23,0.0,13.11
2026-06-01 07:38:00,Rainy,18.55,90.69,145.56,2.51,0.0,13.11
2026-06-01 07:39:00,Rainy,18.51,90.46,143.82,2.53,0.0,13.11
2026-06-01 07:40:00,Rainy,18.58,91.04,147.19,2.46,0.0,13.11
2026-06-01 07:41:00,Rainy,18.42,92.14,155.58,2.81,0.0,13.11
2026-06-01 07:42:00,Rainy,18.32,92.97,154.54,2.35,0.0,13.11
2026-06-01 07:43:00,Rainy,18.27,92.58,152.25,2.61,0.0,13.11
2026-06-01 07:44:00,Rainy,18.43,90.79,156.75,2.56,0.0,13.11
2026-06-01 07:45:00,Rainy,18.54,91.21,149.55,2.21,0.0,13.11
2026-06-01 07:46:00,Rainy,18.58,91.39,156.14,2.27,0.0,13.11
2026-06-01 07:47:00,Rainy,18.94,90.37,157.73,2.56,0.0,13.11
2026-06-01 07:48:00,Rainy,18.83,90.88,155.85,3.0,0.0,13.11
2026-06-01 07:49:00,Rainy,18.53,90.82,161.2,2.7,0.0,13.11
2026-06-01 07:50:00,Rainy,18.75,90.82,156.41,2.2,0.0,13.11
2026-06-01 07:51:00,Rainy,18.65,91.3,163.66,1.89,0.0,13.11
2026-06-01 07:52:00,Rainy,18.69,91.45,164.92,2.74,0.0,13.11
2026-06-01 07:53:00,Rainy,18.77,90.23,148.97,2.57,0.0,13.11
2026-06-01 07:54:00,Rainy,18.85,90.28,170.16,2.84,0.0,13.11
2026-06-01 07:55:00,Rainy,18.73,89.21,150.2,2.4,0.0,13.3
2026-06-01 07:56:00,Rainy,18.96,89.83,163.27,2.68,0.0,13.15
2026-06-01 07:57:00,Rainy,18.64,90.76,172.52,2.79,0.0,13.11
2026-06-01 07:58:00,Rainy,18.83,89.94,166.78,2.51,0.0,13.13
2026-06-01 07:59:00,Rainy,19.24,89.52,161.95,2.52,0.0,13.22
2026-06-01 08:00:00,Rainy,18.9,90.33,164.83,2.62,0.0,13.11
2026-06-01 08:01:00,Rainy,19.1,88.46,176.72,2.74,0.0,13.48
2026-06-01 08:02:00,Rainy,18.91,90.45,162.5,2.62,0.0,13.11
2026-06-01 08:03:00,Rainy,19.0,89.51,179.33,2.85,0.0,13.23
2026-06-01 08:04:00,Rainy,18.92,90.58,174.17,2.53,0.0,13.11
2026-06-01 08:05:00,Rainy,18.93,89.52,169.19,2.35,0.0,13.22
2026-06-01 08:06:00,Rainy,18.85,90.51,173.38,3.08,0.0,13.11
2026-06-01 08:07:00,Rainy,19.05,89.77,172.05,2.52,0.0,13.17
2026-06-01 08:08:00,Rainy,18.88,90.61,183.1,2.53,0.0,13.11
2026-06-01 08:09:00,Rainy,19.12,89.82,183.39,2.64,0.0,13.16
2026-06-01 08:10:00,Rainy,19.2,89.37,171.14,2.68,0.0,13.26
2026-06-01 08:11:00,Rainy,19.11,88.85,179.23,2.58,0.0,13.38
2026-06-01 08:12:00,Rainy,19.03,89.11,177.69,2.67,0.0,13.32
2026-06-01 08:13:00,Rainy,19.16,89.28,190.52,2.67,0.0,13.28
2026-06-01 08:14:00,Rainy,19.06,89.9,176.91,2.72,0.0,13.14
2026-06-01 08:15:00,Rainy,19.27,88.97,194.28,2.16,0.0,13.35
2026-06-01 08:16:00,Rainy,18.87,90.81,186.15,3.1,0.0,13.11
2026-06-01 08:17:00,Rainy,19.11,89.6,180.78,2.66,0.0,13.21
2026-06-01 08:18:00,Rainy,18.88,89.82,184.45,2.82,0.0,13.16
2026-06-01 08:19:00,Rainy,18.98,89.98,184.7,2.4,0.0,13.12
2026-06-01 08:20:00,Rainy,19.42,89.04,182.94,2.6,0.0,13.34
2026-06-01 08:21:00,Rainy,19.37,89.24,191.72,2.56,0.0,13.29
2026-06-01 08:22:00,Rainy,19.15,90.8,185.06,3.04,0.0,13.11
2026-06-01 08:23:00,Rainy,19.05,89.54,180.46,2.59,0.0,13.22
2026-06-01 08:24:00,Rainy,18.85,90.46,191.84,2.89,0.0,13.11
2026-06-01 08:25:00,Rainy,19.23,89.7,184.45,2.58,0.0,13.18
2026-06-01 08:26:00,Rainy,19.69,88.14,191.53,2.63,0.0,13.56
2026-06-01 08:27:00,Rainy,19.41,88.63,191.52,2.68,0.0,13.44
2026-06-01 08:28:00,Rainy,19.28,88.37,192.67,3.02,0.0,13.5
2026-06-01 08:29:00,Rainy,19.45,88.51,210.71,2.33,0.0,13.46
2026-06-01 08:30:00,Rainy,19.17,88.97,200.05,2.46,0.0,13.35
2026-06-01 08:31:00,Rainy,19.38,88.0,202.13,2.32,0.0,13.59
2026-06-01 08:32:00,Rainy,19.46,88.34,190.84,2.52,0.0,13.51
2026-06-01 08:33:00,Rainy,19.45,88.21,198.54,2.58,0.0,13.54
2026-06-01 08:34:00,Rainy,19.6,88.77,204.75,2.41,0.0,13.4
2026-06-01 08:35:00,Rainy,19.55,88.92,198.08,2.61,0.0,13.37
2026-06-01 08:36:00,Rainy,19.62,87.83,210.88,2.33,0.0,13.63
2026-06-01 08:37:00,Rainy,19.43,88.73,198.76,2.55,0.0,13.41
2026-06-01 08:38:00,Rainy,19.69,87.05,205.34,3.05,0.0,13.83
2026-06-01 08:39:00,Rainy,19.82,87.51,204.37,2.87,0.0,13.71
2026-06-01 08:40:00,Rainy,19.45,89.08,209.97,2.83,0.0,13.33
2026-06-01 08:41:00,Rainy,19.48,89.25,205.82,2.57,0.0,13.29
2026-06-01 08:42:00,Rainy,19.83,87.35,209.04,2.46,0.0,13.75
2026-06-01 08:43:00,Rainy,19.62,88.99,210.15,2.55,0.0,13.35
2026-06-01 08:44:00,Rainy,19.88,86.73,207.87,2.8,0.0,13.91
2026-06-01 08:45:00,Rainy,19.62,87.61,216.55,3.0,0.0,13.69
2026-06-01 08:46:00,Rainy,19.92,87.94,215.87,3.01,0.0,13.61
2026-06-01 08:47:00,Rainy,19.74,89.01,214.65,2.96,0.0,13.34
2026-06-01 08:48:00,Rainy,19.78,88.2,213.32,2.66,0.0,13.54
2026-06-01 08:49:00,Rainy,20.0,87.28,222.18,2.83,0.0,13.77
2026-06-01 08:50:00,Rainy,19.73,86.74,216.33,2.76,0.0,13.91
2026-06-01 08:51:00,Rainy,19.66,87.03,216.74,2.79,0.0,13.84
2026-06-01 08:52:00,Rainy,19.75,88.06,220.31,3.29,0.0,13.58
2026-06-01 08:53:00,Rainy,19.91,87.34,231.72,2.46,0.0,13.76
2026-06-01 08:54:00,Rainy,19.63,87.68,212.46,2.8,0.0,13.67
2026-06-01 08:55:00,Rainy,19.98,87.41,227.36,3.12,0.0,13.74
2026-06-01 08:56:00,Rainy,19.82,87.87,210.42,2.54,0.0,13.62
2026-06-01 08:57:00,Rainy,20.09,87.62,225.4,2.72,0.0,13.69
2026-06-01 08:58:00,Rainy,19.58,88.55,235.42,2.75,0.0,13.45
2026-06-01 08:59:00,Rainy,19.84,88.48,228.96,2.82,0.0,13.47
2026-06-01 09:00:00,Rainy,19.72,88.07,227.66,2.52,0.0,13.57
2026-06-01 09:01:00,Rainy,19.87,87.58,223.52,3.01,0.0,13.7
2026-06-01 09:02:00,Rainy,20.05,87.79,228.4,3.03,0.0,13.64
2026-06-01 09:03:00,Rainy,20.01,86.69,227.3,3.0,0.0,13.92
2026-06-01 09:04:00,Rainy,20.02,88.94,224.44,2.7,0.0,13.36
2026-06-01 09:05:00,Rainy,20.05,87.38,228.69,2.91,0.0,13.75
2026-06-01 09:06:00,Rainy,20.13,87.18,232.9,2.7,0.0,13.8
2026-06-01 09:07:00,Rainy,19.96,87.72,227.0,2.83,0.0,13.66
2026-06-01 09:08:00,Rainy,20.24,87.76,227.53,3.38,0.0,13.65
2026-06-01 09:09:00,Rainy,20.25,87.07,224.45,2.93,0.0,13.83
2026-06-01 09:10:00,Rainy,20.23,85.69,237.56,2.65,0.0,14.19
2026-06-01 09:11:00,Rainy,20.28,87.37,239.48,2.96,0.0,13.75
2026-06-01 09:12:00,Rainy,20.26,86.38,238.08,2.63,0.0,14.01
2026-06-01 09:13:00,Rainy,20.54,85.87,244.11,2.66,0.0,14.14
2026-06-01 09:14:00,Rainy,20.24,85.86,238.67,2.7,0.0,14.14
2026-06-01 09:15:00,Rainy,20.23,86.98,241.65,2.84,0.0,13.85
2026-06-01 09:16:00,Rainy,20.18,86.41,241.83,3.15,0.0,14.0
2026-06-01 09:17:00,Rainy,20.16,86.92,239.77,3.07,0.0,13.86
2026-06-01 09:18:00,Rainy,20.15,86.72,237.38,3.06,0.0,13.92
2026-06-01 09:19:00,Rainy,20.22,87.84,258.09,2.71,0.0,13.63
2026-06-01 09:20:00,Rainy,20.36,87.48,239.5,2.84,0.0,13.72
2026-06-01 09:21:00,Rainy,20.44,86.1,238.71,3.02,0.0,14.08
2026-06-01 09:22:00,Rainy,20.42,86.17,247.53,2.83,0.0,14.06
2026-06-01 09:23:00,Rainy,20.32,86.19,246.97,2.91,0.0,14.06
2026-06-01 09:24:00,Rainy,20.59,86.33,235.53,3.07,0.0,14.02
2026-06-01 09:25:00,Rainy,20.58,85.48,254.97,2.9,0.0,14.25
2026-06-01 09:26:00,Rainy,20.47,85.74,246.72,3.03,0.0,14.18
2026-06-01 09:27:00,Rainy,20.42,86.73,239.91,3.34,0.0,13.91
2026-06-01 09:28:00,Rainy,20.62,85.27,257.81,2.95,0.0,14.3
2026-06-01 09:29:00,Rainy,20.58,85.66,254.37,3.25,0.0,14.2
2026-06-01 09:30:00,Rainy,20.36,85.36,240.94,3.12,0.0,14.28
2026-06-01 09:31:00,Rainy,20.58,86.1,264.57,2.68,0.0,14.08
2026-06-01 09:32:00,Rainy,20.65,86.65,256.9,2.76,0.0,13.93
2026-06-01 09:33:00,Rainy,20.5,86.35,252.58,2.83,0.0,14.01
2026-06-01 09:34:00,Rainy,20.68,86.28,265.48,2.82,0.0,14.03
2026-06-01 09:35:00,Rainy,20.46,85.52,255.34,3.0,0.0,14.24
2026-06-01 09:36:00,Rainy,20.9,84.96,254.64,3.16,0.0,14.39
2026-06-01 09:37:00,Rainy,20.9,84.23,250.52,3.3,0.0,14.59
2026-06-01 09:38:00,Rainy,20.7,85.23,260.77,3.1,0.0,14.31
2026-06-01 09:39:00,Rainy,20.81,85.51,260.69,2.93,0.0,14.24
2026-06-01 09:40:00,Rainy,20.41,86.21,257.84,2.58,0.0,14.05
2026-06-01 09:41:00,Rainy,20.62,84.72,252.31,3.06,0.0,14.45
2026-06-01 09:42:00,Rainy,20.77,84.37,260.15,3.05,0.0,14.55
2026-06-01 09:43:00,Rainy,20.68,84.6,259.3,3.09,0.0,14.49
2026-06-01 09:44:00,Rainy,20.96,84.92,250.12,3.52,0.0,14.4
2026-06-01 09:45:00,Rainy,21.18,85.27,249.71,3.33,0.0,14.3
2026-06-01 09:46:00,Rainy,20.72,86.12,266.37,3.23,0.0,14.07
2026-06-01 09:47:00,Rainy,20.79,83.97,242.12,2.85,0.0,14.66
2026-06-01 09:48:00,Rainy,20.97,85.45,264.93,2.95,0.0,14.25
2026-06-01 09:49:00,Rainy,21.2,84.53,260.2,3.05,0.0,14.51
2026-06-01 09:50:00,Rainy,20.79,84.17,275.05,2.9,0.0,14.61
2026-06-01 09:51:00,Rainy,21.03,84.25,261.41,3.19,0.0,14.59
2026-06-01 09:52:00,Rainy,21.29,84.37,271.27,3.16,0.0,14.55
2026-06-01 09:53:00,Rainy,20.79,85.44,263.49,2.85,0.0,14.26
2026-06-01 09:54:00,Rainy,20.86,84.11,268.24,3.35,0.0,14.62
2026-06-01 09:55:00,Rainy,21.01,84.85,273.91,3.12,0.0,14.42
2026-06-01 09:56:00,Rainy,21.02,83.19,264.92,2.72,0.0,14.89
2026-06-01 09:57:00,Rainy,21.24,83.73,277.34,3.09,0.0,14.73
2026-06-01 09:58:00,Rainy,21.17,84.72,261.89,3.17,0.0,14.45
2026-06-01 09:59:00,Rainy,20.89,84.84,272.97,3.32,0.0,14.42
2026-06-01 10:00:00,Rainy,21.25,83.52,278.73,3.04,0.0,14.79
2026-06-01 10:01:00,Rainy,21.11,84.75,277.24,3.3,0.0,14.45
2026-06-01 10:02:00,Rainy,21.41,83.97,288.16,3.16,0.0,14.66
2026-06-01 10:03:00,Rainy,21.14,84.91,266.86,2.83,0.0,14.4
2026-06-01 10:04:00,Rainy,21.16,84.6,262.42,2.82,0.0,14.49
2026-06-01 10:05:00,Rainy,21.36,84.18,266.18,3.38,0.0,14.61
2026-06-01 10:06:00,Rainy,21.41,83.82,280.43,3.4,0.0,14.71
2026-06-01 10:07:00,Rainy,21.38,83.62,279.71,3.21,0.0,14.76
2026-06-01 10:08:00,Rainy,21.08,84.35,277.05,3.47,0.0,14.56
2026-06-01 10:09:00,Rainy,21.44,83.17,267.48,3.38,0.0,14.89
2026-06-01 10:10:00,Rainy,21.22,83.19,283.79,3.3,0.0,14.89
2026-06-01 10:11:00,Rainy,21.43,82.76,267.79,2.95,0.0,15.01
2026-06-01 10:12:00,Rainy,21.2,83.8,288.28,3.54,0.0,14.71
2026-06-01 10:13:00,Rainy,21.5,83.28,303.12,3.28,0.0,14.86
2026-06-01 10:14:00,Rainy,21.33,84.46,282.85,3.08,0.0,14.53
2026-06-01 10:15:00,Rainy,21.28,83.72,285.26,3.02,0.0,14.74
2026-06-01 10:16:00,Rainy,21.6,83.46,276.78,3.23,0.0,14.81
2026-06-01 10:17:00,Rainy,21.55,83.65,266.22,2.81,0.0,14.76
2026-06-01 10:18:00,Rainy,21.44,83.17,276.97,3.33,0.0,14.89
2026-06-01 10:19:00,Rainy,21.77,82.75,273.37,2.97,0.0,15.02
2026-06-01 10:20:00,Rainy,21.5,82.98,270.91,3.27,0.0,14.95
2026-06-01 10:21:00,Rainy,21.59,83.67,298.42,3.07,0.0,14.75
2026-06-01 10:22:00,Rainy,21.65,83.11,286.64,3.13,0.0,14.91
2026-06-01 10:23:00,Rainy,21.53,82.33,288.11,3.03,0.0,15.14
2026-06-01 10:24:00,Rainy,21.71,82.64,282.76,3.16,0.0,15.05
2026-06-01 10:25:00,Rainy,21.58,83.89,284.47,3.62,0.0,14.69
2026-06-01 10:26:00,Rainy,21.62,82.7,294.78,3.51,0.0,15.03
2026-06-01 10:27:00,Rainy,21.9,82.28,286.74,3.29,0.0,15.15
2026-06-01 10:28:00,Rainy,21.56,83.29,292.13,3.21,0.0,14.86
2026-06-01 10:29:00,Rainy,21.37,82.87,286.38,3.4,0.0,14.98
2026-06-01 10:30:00,Rainy,21.99,82.08,285.64,3.47,0.0,15.21
2026-06-01 10:31:00,Rainy,22.16,80.46,276.91,3.04,0.0,15.7
2026-06-01 10:32:00,Rainy,21.74,82.08,272.45,3.21,0.0,15.21
2026-06-01 10:33:00,Rainy,21.54,83.67,287.86,2.83,0.0,14.75
2026-06-01 10:34:00,Rainy,21.81,82.49,291.14,3.48,0.0,15.09
2026-06-01 10:35:00,Rainy,21.84,82.02,279.91,3.69,0.0,15.23
2026-06-01 10:36:00,Rainy,21.87,82.36,291.34,3.26,0.0,15.13
2026-06-01 10:37:00,Rainy,21.76,82.38,292.61,2.78,0.0,15.12
2026-06-01 10:38:00,Rainy,22.04,81.65,273.7,3.38,0.0,15.34
2026-06-01 10:39:00,Rainy,22.05,81.99,285.07,3.05,0.0,15.24
2026-06-01 10:40:00,Rainy,21.77,81.94,297.18,3.11,0.0,15.25
2026-06-01 10:41:00,Rainy,22.13,81.42,297.48,3.4,0.0,15.41
2026-06-01 10:42:00,Rainy,22.35,80.58,284.35,3.32,0.0,15.66
2026-06-01 10:43:00,Rainy,22.09,80.53,296.41,3.16,0.0,15.68
2026-06-01 10:44:00,Rainy,22.04,81.08,304.54,3.12,0.0,15.51
2026-06-01 10:45:00,Rainy,22.09,82.43,302.84,3.3,0.0,15.11
2026-06-01 10:46:00,Rainy,22.23,81.34,295.55,3.18,0.0,15.43
2026-06-01 10:47:00,Rainy,21.9,81.23,292.68,3.03,0.0,15.47
2026-06-01 10:48:00,Rainy,22.21,80.24,291.68,3.21,0.0,15.77
2026-06-01 10:49:00,Rainy,22.15,81.27,301.92,3.36,0.0,15.45
2026-06-01 10:50:00,Rainy,22.51,81.28,299.92,3.25,0.0,15.45
2026-06-01 10:51:00,Rainy,22.23,81.01,304.25,2.98,0.0,15.53
2026-06-01 10:52:00,Rainy,22.52,81.07,300.23,3.51,0.0,15.51
2026-06-01 10:53:00,Rainy,22.13,81.59,306.83,2.69,0.0,15.36
2026-06-01 10:54:00,Rainy,22.41,80.9,300.75,3.2,0.0,15.57
2026-06-01 10:55:00,Rainy,22.39,79.86,307.38,3.17,0.0,15.88
2026-06-01 10:56:00,Rainy,22.23,81.66,308.58,3.34,0.0,15.34
2026-06-01 10:57:00,Rainy,22.41,80.4,293.87,3.43,0.0,15.72
2026-06-01 10:58:00,Rainy,22.59,80.62,285.19,3.56,0.0,15.65
2026-06-01 10:59:00,Rainy,22.38,80.2,315.93,3.16,0.0,15.78
2026-06-01 11:00:00,Rainy,22.2,81.3,304.67,3.45,0.0,15.45
2026-06-01 11:01:00,Rainy,22.47,80.65,287.17,3.36,0.0,15.64
2026-06-01 11:02:00,Rainy,22.36,80.65,296.64,2.95,0.0,15.64
2026-06-01 11:03:00,Rainy,22.47,80.69,310.54,3.75,0.0,15.63
2026-06-01 11:04:00,Rainy,22.53,80.12,301.34,3.01,0.0,15.8
2026-06-01 11:05:00,Rainy,22.31,80.5,299.6,3.43,0.0,15.69
2026-06-01 11:06:00,Rainy,22.34,81.76,317.45,3.42,0.0,15.31
2026-06-01 11:07:00,Rainy,22.68,80.49,295.43,3.4,0.0,15.69
2026-06-01 11:08:00,Rainy,22.55,79.76,298.06,3.23,0.0,15.91
2026-06-01 11:09:00,Rainy,22.26,81.35,307.67,3.53,0.0,15.43
2026-06-01 11:10:00,Rainy,22.79,79.11,309.67,3.0,0.0,15.77
2026-06-01 11:11:00,Rainy,22.73,79.0,311.0,3.34,0.0,15.8
2026-06-01 11:12:00,Rainy,22.61,80.68,315.17,3.23,0.0,15.63
2026-06-01 11:13:00,Rainy,22.54,79.23,308.96,3.21,0.0,15.91
2026-06-01 11:14:00,Rainy,22.88,79.85,311.98,3.45,0.0,15.72
2026-06-01 11:15:00,Rainy,22.83,79.28,305.41,3.6,0.0,15.75
2026-06-01 11:16:00,Rainy,23.16,78.4,308.71,3.29,0.0,15.56
2026-06-01 11:17:00,Rainy,22.88,79.53,309.45,3.54,0.0,15.72
2026-06-01 11:18:00,Rainy,22.9,79.59,310.77,3.38,0.0,15.71
2026-06-01 11:19:00,Rainy,22.84,78.92,316.26,3.18,0.0,15.74
2026-06-01 11:20:00,Rainy,23.01,79.38,314.56,3.32,0.0,15.64
2026-06-01 11:21:00,Rainy,23.0,79.03,310.12,3.31,0.0,15.65
2026-06-01 11:22:00,Rainy,23.12,77.89,302.49,3.23,0.0,15.58
2026-06-01 11:23:00,Rainy,22.87,79.22,310.95,3.48,0.0,15.72
2026-06-01 11:24:00,Rainy,22.9,80.06,310.35,3.44,0.0,15.71
2026-06-01 11:25:00,Rainy,22.92,80.2,312.7,3.04,0.0,15.7
2026-06-01 11:26:00,Rainy,23.13,79.03,331.79,3.03,0.0,15.58
2026-06-01 11:27:00,Rainy,23.26,77.54,306.58,3.49,0.0,15.5
2026-06-01 11:28:00,Rainy,22.99,79.3,315.7,3.22,0.0,15.66
2026-06-01 11:29:00,Rainy,23.01,79.45,322.02,3.47,0.0,15.64
2026-06-01 11:30:00,Rainy,23.14,79.01,313.21,3.58,0.0,15.57
2026-06-01 11:31:00,Rainy,23.08,79.22,334.47,3.13,0.0,15.6
2026-06-01 11:32:00,Rainy,23.28,78.41,309.27,3.1,0.0,15.49
2026-06-01 11:33:00,Rainy,22.82,79.42,316.11,3.78,0.0,15.75
2026-06-01 11:34:00,Rainy,23.05,78.45,305.81,3.49,0.0,15.62
2026-06-01 11:35:00,Rainy,23.08,77.6,310.26,3.32,0.0,15.6
2026-06-01 11:36:00,Rainy,22.87,79.53,316.15,3.21,0.0,15.72
2026-06-01 11:37:00,Rainy,23.1,78.81,322.02,3.31,0.0,15.59
2026-06-01 11:38:00,Rainy,23.12,78.96,317.29,3.16,0.0,15.58
2026-06-01 11:39:00,Rainy,23.25,77.47,326.39,3.62,0.0,15.51
2026-06-01 11:40:00,Rainy,23.47,78.05,313.84,3.26,0.0,15.38
2026-06-01 11:41:00,Rainy,23.29,79.41,311.82,3.67,0.0,15.48
2026-06-01 11:42:00,Rainy,23.19,78.49,340.74,3.35,0.0,15.54
2026-06-01 11:43:00,Rainy,23.35,77.95,319.11,3.21,0.0,15.45
2026-06-01 11:44:00,Rainy,23.54,77.65,308.78,3.34,0.0,15.34
2026-06-01 11:45:00,Rainy,23.26,79.47,309.22,2.86,0.0,15.5
2026-06-01 11:46:00,Rainy,23.29,77.56,307.06,3.42,0.0,15.48
2026-06-01 11:47:00,Rainy,23.53,77.62,325.07,3.41,0.0,15.35
2026-06-01 11:48:00,Rainy,23.43,77.29,312.92,3.63,0.0,15.41
2026-06-01 11:49:00,Rainy,23.58,77.03,317.77,3.04,0.0,15.32
2026-06-01 11:50:00,Rainy,23.5,77.54,316.14,3.71,0.0,15.37
2026-06-01 11:51:00,Rainy,23.63,78.03,323.87,3.64,0.0,15.29
2026-06-01 11:52:00,Rainy,23.39,78.97,309.04,3.73,0.0,15.43
2026-06-01 11:53:00,Rainy,23.56,77.68,307.02,3.45,0.0,15.33
2026-06-01 11:54:00,Rainy,23.55,77.21,319.56,3.69,0.0,15.34
2026-06-01 11:55:00,Rainy,23.42,79.29,323.31,3.14,0.0,15.41
2026-06-01 11:56:00,Rainy,23.39,77.63,320.9,3.62,0.0,15.43
2026-06-01 11:57:00,Rainy,23.75,76.55,310.16,3.3,0.0,15.23
2026-06-01 11:58:00,Rainy,23.61,76.21,324.49,3.11,0.0,15.3
2026-06-01 11:59:00,Rainy,23.53,78.34,311.07,3.23,0.0,15.35
2026-06-01 12:00:00,Rainy,23.69,77.64,313.33,3.48,0.0,15.26
2026-06-01 12:01:00,Rainy,23.89,77.95,309.42,3.3,0.0,15.15
2026-06-01 12:02:00,Rainy,23.4,77.03,331.0,3.56,0.0,15.42
2026-06-01 12:03:00,Rainy,23.54,78.36,324.74,3.08,0.0,15.34
2026-06-01 12:04:00,Rainy,23.64,77.23,324.59,3.02,0.0,15.29
2026-06-01 12:05:00,Rainy,24.02,76.62,330.85,3.79,0.0,15.08
2026-06-01 12:06:00,Rainy,23.86,75.59,345.95,3.69,0.0,15.17
2026-06-01 12:07:00,Rainy,23.95,77.2,302.77,3.26,0.0,15.12
2026-06-01 12:08:00,Rainy,23.69,77.54,312.16,3.49,0.0,15.26
2026-06-01 12:09:00,Rainy,23.71,76.98,313.43,3.72,0.0,15.25
2026-06-01 12:10:00,Rainy,23.96,76.68,311.27,3.59,0.0,15.11
2026-06-01 12:11:00,Rainy,23.92,75.95,309.18,3.53,0.0,15.13
2026-06-01 12:12:00,Rainy,24.01,75.8,316.72,3.74,0.0,15.08
2026-06-01 12:13:00,Rainy,23.92,76.13,308.01,3.34,0.0,15.13
2026-06-01 12:14:00,Rainy,24.01,75.05,322.96,3.51,0.0,15.08
2026-06-01 12:15:00,Rainy,24.01,95.69,99.82,3.5,0.021,13.11
2026-06-01 12:16:00,Rainy,24.12,95.05,106.23,3.45,0.062,13.11
2026-06-01 12:17:00,Rainy,24.15,95.72,89.98,3.42,0.092,13.11
2026-06-01 12:18:00,Rainy,23.8,94.84,75.14,3.53,0.171,13.11
2026-06-01 12:19:00,Rainy,23.73,94.33,57.25,3.52,0.189,13.11
2026-06-01 12:20:00,Rainy,24.23,88.09,78.4,3.28,0.205,13.57
2026-06-01 12:21:00,Rainy,24.28,93.63,69.79,3.69,0.312,13.11
2026-06-01 12:22:00,Rainy,23.97,89.08,97.94,3.3,0.353,13.33
2026-06-01 12:23:00,Rainy,23.86,88.53,76.82,3.47,0.418,13.46
2026-06-01 12:24:00,Rainy,24.17,89.41,59.26,3.46,0.415,13.25
2026-06-01 12:25:00,Rainy,24.31,95.41,66.57,3.6,0.497,13.11
2026-06-01 12:26:00,Rainy,24.46,94.69,56.58,3.06,0.437,13.11
2026-06-01 12:27:00,Rainy,24.29,96.54,105.39,3.72,0.505,13.11
2026-06-01 12:28:00,Rainy,24.17,96.81,54.37,3.38,0.537,13.11
2026-06-01 12:29:00,Rainy,24.11,96.04,49.68,3.8,0.577,13.11
2026-06-01 12:30:00,Rainy,24.27,89.2,61.07,3.43,0.541,13.3
2026-06-01 12:31:00,Rainy,24.24,95.91,97.2,3.52,0.503,13.11
2026-06-01 12:32:00,Rainy,24.15,95.55,79.14,3.96,0.581,13.11
2026-06-01 12:33:00,Rainy,24.63,95.84,88.23,3.48,0.542,13.11
2026-06-01 12:34:00,Rainy,24.61,89.37,71.33,3.81,0.623,13.26
2026-06-01 12:35:00,Rainy,24.53,89.05,49.52,3.55,0.598,13.33
2026-06-01 12:36:00,Rainy,24.23,96.31,102.31,3.63,0.747,13.11
2026-06-01 12:37:00,Rainy,24.52,89.56,60.35,3.56,0.7,13.21
2026-06-01 12:38:00,Rainy,24.5,91.32,49.82,3.73,0.634,13.11
2026-06-01 12:39:00,Rainy,24.49,92.1,82.62,3.4,0.669,13.11
2026-06-01 12:40:00,Rainy,24.63,89.12,52.48,3.33,0.832,13.32
2026-06-01 12:41:00,Rainy,24.56,88.19,53.85,3.41,0.781,13.54
2026-06-01 12:42:00,Rainy,24.59,96.95,99.49,3.57,0.721,13.11
2026-06-01 12:43:00,Rainy,24.59,95.89,80.89,3.5,0.705,13.11
2026-06-01 12:44:00,Rainy,24.56,96.21,65.49,3.71,0.741,13.11
2026-06-01 12:45:00,Rainy,24.26,90.56,69.65,3.84,0.584,13.11
2026-06-01 12:46:00,Rainy,24.56,89.98,93.3,3.34,0.683,13.12
2026-06-01 12:47:00,Rainy,24.48,91.83,52.88,3.4,0.761,13.11
2026-06-01 12:48:00,Rainy,24.39,92.08,56.4,3.24,0.613,13.11
2026-06-01 12:49:00,Rainy,24.85,88.05,86.17,4.01,0.466,13.58
2026-06-01 12:50:00,Rainy,24.88,95.01,88.75,3.63,0.519,13.11
2026-06-01 12:51:00,Rainy,24.84,96.97,113.24,3.67,0.468,13.11
2026-06-01 12:52:00,Rainy,24.69,92.76,74.58,3.27,0.429,13.11
2026-06-01 12:53:00,Rainy,24.87,91.49,54.8,3.57,0.46,13.11
2026-06-01 12:54:00,Rainy,24.69,91.53,80.02,3.68,0.465,13.11
2026-06-01 12:55:00,Rainy,24.73,88.86,88.59,3.51,0.377,13.38
2026-06-01 12:56:00,Rainy,24.55,90.4,56.74,3.81,0.332,13.11
2026-06-01 12:57:00,Rainy,24.79,92.52,82.8,4.08,0.274,13.11
2026-06-01 12:58:00,Rainy,24.76,91.89,59.21,3.36,0.227,13.11
2026-06-01 12:59:00,Rainy,24.57,92.91,97.04,3.35,0.193,13.11
2026-06-01 13:00:00,Rainy,24.78,95.64,101.19,3.38,0.137,13.11
2026-06-01 13:01:00,Rainy,24.79,90.03,73.33,3.93,0.137,13.11
2026-06-01 13:02:00,Rainy,25.09,88.25,109.48,3.81,0.077,13.53
2026-06-01 13:03:00,Rainy,24.97,88.34,107.35,3.55,0.052,13.51
2026-06-01 13:04:00,Rainy,24.85,89.21,54.03,3.59,0.027,13.3
2026-06-01 13:05:00,Rainy,24.9,93.13,71.49,3.4,0.0,13.11
2026-06-01 13:06:00,Rainy,24.89,73.73,318.86,3.78,0.0,14.61
2026-06-01 13:07:00,Rainy,24.87,73.12,322.77,3.5,0.0,14.62
2026-06-01 13:08:00,Rainy,24.75,73.07,337.88,3.53,0.0,14.68
2026-06-01 13:09:00,Rainy,24.91,73.76,319.55,3.72,0.0,14.6
2026-06-01 13:10:00,Rainy,24.83,74.17,321.35,3.54,0.0,14.64
2026-06-01 13:11:00,Rainy,24.77,74.36,306.33,3.53,0.0,14.67
2026-06-01 13:12:00,Rainy,25.05,73.61,304.16,3.59,0.0,14.52
2026-06-01 13:13:00,Rainy,25.05,72.12,331.2,3.76,0.0,14.52
2026-06-01 13:14:00,Rainy,24.74,73.32,307.24,3.95,0.0,14.69
2026-06-01 13:15:00,Rainy,25.0,74.59,305.9,3.72,0.0,14.55
2026-06-01 13:16:00,Rainy,25.19,72.27,315.22,3.77,0.0,14.45
2026-06-01 13:17:00,Rainy,25.21,73.19,314.53,3.55,0.0,14.44
2026-06-01 13:18:00,Rainy,25.22,72.38,306.64,3.44,0.0,14.44
2026-06-01 13:19:00,Rainy,25.09,73.21,312.07,3.74,0.0,14.5
2026-06-01 13:20:00,Rainy,24.97,73.11,326.34,3.63,0.0,14.57
2026-06-01 13:21:00,Rainy,24.95,73.89,306.91,3.28,0.0,14.58
2026-06-01 13:22:00,Rainy,25.18,72.99,301.14,3.52,0.0,14.46
2026-06-01 13:23:00,Rainy,25.2,72.59,322.93,3.58,0.0,14.45
2026-06-01 13:24:00,Rainy,25.35,71.81,318.44,3.48,0.0,14.37
2026-06-01 13:25:00,Rainy,25.34,72.63,307.73,3.92,0.0,14.37
2026-06-01 13:26:00,Rainy,25.17,72.22,298.45,3.7,0.0,14.46
2026-06-01 13:27:00,Rainy,25.02,73.62,306.08,3.9,0.0,14.54
2026-06-01 13:28:00,Rainy,25.17,74.52,312.3,3.66,0.0,14.46
2026-06-01 13:29:00,Rainy,25.26,73.49,323.48,3.62,0.0,14.41
2026-06-01 13:30:00,Rainy,25.22,73.24,302.58,3.39,0.0,14.44
2026-06-01 13:31:00,Rainy,25.17,72.88,311.23,3.6,0.0,14.46
2026-06-01 13:32:00,Rainy,25.31,71.38,318.06,3.6,0.0,14.39
2026-06-01 13:33:00,Rainy,25.21,72.02,289.22,3.3,0.0,14.44
2026-06-01 13:34:00,Rainy,25.21,73.6,320.84,3.48,0.0,14.44
2026-06-01 13:35:00,Rainy,25.36,71.92,299.87,3.53,0.0,14.36
2026-06-01 13:36:00,Rainy,25.27,72.24,313.7,3.69,0.0,14.41
2026-06-01 13:37:00,Rainy,25.38,72.25,312.61,3.7,0.0,14.35
2026-06-01 13:38:00,Rainy,25.4,71.66,320.1,3.48,0.0,14.34
2026-06-01 13:39:00,Rainy,25.2,72.11,314.83,3.71,0.0,14.45
2026-06-01 13:40:00,Rainy,25.32,72.5,287.34,3.56,0.0,14.38
2026-06-01 13:41:00,Rainy,25.62,71.16,301.82,2.97,0.0,14.23
2026-06-01 13:42:00,Rainy,25.24,72.3,310.06,3.5,0.0,14.43
2026-06-01 13:43:00,Rainy,25.11,72.63,306.65,3.84,0.0,14.49
2026-06-01 13:44:00,Rainy,25.16,73.27,312.55,3.24,0.0,14.47
2026-06-01 13:45:00,Rainy,25.46,71.99,315.09,3.63,0.0,14.31
2026-06-01 13:46:00,Rainy,25.47,71.99,313.08,3.95,0.0,14.31
2026-06-01 13:47:00,Rainy,25.47,72.48,305.15,3.44,0.0,14.31
2026-06-01 13:48:00,Rainy,25.68,71.44,289.79,3.61,0.0,14.2
2026-06-01 13:49:00,Rainy,25.11,72.94,302.25,3.32,0.0,14.49
2026-06-01 13:50:00,Rainy,25.58,72.08,309.91,3.97,0.0,14.25
2026-06-01 13:51:00,Rainy,25.77,71.67,295.73,3.59,0.0,14.15
2026-06-01 13:52:00,Rainy,25.38,72.27,311.16,3.62,0.0,14.35
2026-06-01 13:53:00,Rainy,25.5,72.06,313.32,3.91,0.0,14.29
2026-06-01 13:54:00,Rainy,25.46,71.66,305.8,3.75,0.0,14.31
2026-06-01 13:55:00,Rainy,25.45,71.64,276.3,3.42,0.0,14.32
2026-06-01 13:56:00,Rainy,25.55,72.34,292.24,3.47,0.0,14.27
2026-06-01 13:57:00,Rainy,25.83,71.38,320.69,3.72,0.0,14.12
2026-06-01 13:58:00,Rainy,25.9,71.18,298.16,3.47,0.0,14.09
2026-06-01 13:59:00,Rainy,25.59,71.95,284.72,3.14,0.0,14.25
2026-06-01 14:00:00,Rainy,25.94,70.84,313.55,3.6,0.0,14.15
2026-06-01 14:01:00,Rainy,25.67,71.97,302.07,3.28,0.0,14.21
2026-06-01 14:02:00,Rainy,25.94,71.37,311.54,3.96,0.0,14.07
2026-06-01 14:03:00,Rainy,25.67,72.09,303.64,3.65,0.0,14.21
2026-06-01 14:04:00,Rainy,25.72,71.35,304.87,3.41,0.0,14.18
2026-06-01 14:05:00,Rainy,25.77,72.12,303.58,3.45,0.0,14.15
2026-06-01 14:06:00,Rainy,26.2,70.21,306.17,3.19,0.0,14.32
2026-06-01 14:07:00,Rainy,25.86,71.39,319.93,3.37,0.0,14.11
2026-06-01 14:08:00,Rainy,25.64,71.8,307.76,3.83,0.0,14.22
2026-06-01 14:09:00,Rainy,25.9,71.05,284.46,4.1,0.0,14.09
2026-06-01 14:10:00,Rainy,25.72,70.98,302.17,3.77,0.0,14.18
2026-06-01 14:11:00,Rainy,25.71,71.86,307.93,3.59,0.0,14.18
2026-06-01 14:12:00,Rainy,25.93,72.53,308.02,3.51,0.0,14.07
2026-06-01 14:13:00,Rainy,25.81,70.94,293.05,3.4,0.0,14.13
2026-06-01 14:14:00,Rainy,25.86,71.07,306.75,4.06,0.0,14.11
2026-06-01 14:15:00,Rainy,25.83,70.84,304.17,3.56,0.0,14.15
2026-06-01 14:16:00,Rainy,25.89,70.65,318.28,4.07,0.0,14.2
2026-06-01 14:17:00,Rainy,25.91,71.8,288.37,3.91,0.0,14.08
2026-06-01 14:18:00,Rainy,25.57,71.42,290.06,3.22,0.0,14.26
2026-06-01 14:19:00,Rainy,25.97,70.43,291.37,3.46,0.0,14.26
2026-06-01 14:20:00,Rainy,25.74,70.41,289.28,3.46,0.0,14.26
2026-06-01 14:21:00,Rainy,25.68,71.07,285.29,3.59,0.0,14.2
2026-06-01 14:22:00,Rainy,25.9,69.9,268.37,3.59,0.0,14.78
2026-06-01 14:23:00,Rainy,25.93,71.21,288.33,4.26,0.0,14.07
2026-06-01 14:24:00,Rainy,25.82,72.81,294.88,3.37,0.0,14.13
2026-06-01 14:25:00,Rainy,26.06,70.24,286.84,3.65,0.0,14.31
2026-06-01 14:26:00,Rainy,25.75,70.34,307.52,3.74,0.0,14.28
2026-06-01 14:27:00,Rainy,25.9,71.46,290.26,3.6,0.0,14.09
2026-06-01 14:28:00,Rainy,25.88,70.53,300.85,3.62,0.0,14.23
2026-06-01 14:29:00,Rainy,25.97,71.49,291.38,3.37,0.0,14.05
2026-06-01 14:30:00,Rainy,26.03,70.38,295.75,3.62,0.0,14.27
2026-06-01 14:31:00,Rainy,25.85,70.68,290.49,3.71,0.0,14.19
2026-06-01 14:32:00,Rainy,26.12,70.2,299.36,3.67,0.0,14.32
2026-06-01 14:33:00,Rainy,26.03,71.01,287.5,3.72,0.0,14.1
2026-06-01 14:34:00,Rainy,25.75,71.21,290.75,3.91,0.0,14.16
2026-06-01 14:35:00,Rainy,25.75,71.04,289.09,3.8,0.0,14.16
2026-06-01 14:36:00,Rainy,26.05,70.38,282.94,3.61,0.0,14.27
2026-06-01 14:37:00,Rainy,26.03,69.8,288.32,3.34,0.0,15.18
2026-06-01 14:38:00,Rainy,26.05,70.73,303.37,3.46,0.0,14.18
2026-06-01 14:39:00,Rainy,26.07,69.36,281.46,3.55,0.0,16.88
2026-06-01 14:40:00,Rainy,26.12,70.03,286.76,3.65,0.0,14.37
2026-06-01 14:41:00,Rainy,26.24,70.43,293.3,3.49,0.0,14.26
2026-06-01 14:42:00,Rainy,25.94,70.99,291.72,3.39,0.0,14.11
2026-06-01 14:43:00,Rainy,25.94,71.16,281.6,3.33,0.0,14.07
2026-06-01 14:44:00,Rainy,25.96,70.71,260.84,3.23,0.0,14.18
2026-06-01 14:45:00,Rainy,26.18,70.85,284.7,3.54,0.0,14.15
2026-06-01 14:46:00,Rainy,26.33,70.28,261.14,3.26,0.0,14.3
2026-06-01 14:47:00,Rainy,26.09,70.66,291.5,3.37,0.0,14.2
2026-06-01 14:48:00,Rainy,25.78,71.79,280.01,3.5,0.0,14.15
2026-06-01 14:49:00,Rainy,25.91,71.33,286.34,3.29,0.0,14.08
2026-06-01 14:50:00,Rainy,26.05,70.23,269.9,3.67,0.0,14.31
2026-06-01 14:51:00,Rainy,26.1,69.55,263.91,3.75,0.0,16.15
2026-06-01 14:52:00,Rainy,26.13,70.52,278.36,3.46,0.0,14.24
2026-06-01 14:53:00,Rainy,26.21,70.39,275.31,3.49,0.0,14.27
2026-06-01 14:54:00,Rainy,26.16,70.84,270.92,3.7,0.0,14.15
2026-06-01 14:55:00,Rainy,26.38,69.03,275.06,3.42,0.0,18.11
2026-06-01 14:56:00,Rainy,26.12,69.74,296.47,3.41,0.0,15.41
2026-06-01 14:57:00,Rainy,26.1,70.62,279.96,3.84,0.0,14.21
2026-06-01 14:58:00,Rainy,26.31,69.72,281.07,3.77,0.0,15.49
2026-06-01 14:59:00,Rainy,26.02,69.45,278.74,3.71,0.0,16.54
2026-06-01 15:00:00,Rainy,26.32,69.98,283.26,3.78,0.0,14.46
2026-06-01 15:01:00,Rainy,26.28,68.74,269.04,3.14,0.0,19.16
2026-06-01 15:02:00,Rainy,26.25,69.37,253.3,3.87,0.0,16.84
2026-06-01 15:03:00,Rainy,26.52,70.0,267.77,3.66,0.0,14.38
2026-06-01 15:04:00,Rainy,26.19,71.19,275.18,3.79,0.0,14.06
2026-06-01 15:05:00,Rainy,26.6,68.23,260.19,3.65,0.0,20.95
2026-06-01 15:06:00,Rainy,26.27,69.69,265.92,3.58,0.0,15.61
2026-06-01 15:07:00,Rainy,26.12,70.33,261.13,3.51,0.0,14.29
2026-06-01 15:08:00,Rainy,26.33,70.79,277.99,3.65,0.0,14.16
2026-06-01 15:09:00,Rainy,26.16,69.89,271.3,3.49,0.0,14.82
2026-06-01 15:10:00,Rainy,26.22,69.74,269.83,3.75,0.0,15.41
2026-06-01 15:11:00,Rainy,26.4,70.46,268.91,3.21,0.0,14.25
2026-06-01 15:12:00,Rainy,26.43,69.22,263.01,3.44,0.0,17.41
2026-06-01 15:13:00,Rainy,26.26,70.35,264.18,4.01,0.0,14.28
2026-06-01 15:14:00,Rainy,26.51,68.34,252.62,3.42,0.0,20.57
2026-06-01 15:15:00,Rainy,26.54,69.04,244.1,3.5,0.0,18.07
2026-06-01 15:16:00,Rainy,26.59,68.01,261.72,3.36,0.0,21.7
2026-06-01 15:17:00,Rainy,26.46,68.73,262.37,3.63,0.0,19.2
2026-06-01 15:18:00,Rainy,26.59,69.5,268.55,3.39,0.0,16.34
2026-06-01 15:19:00,Rainy,26.11,70.3,270.62,3.51,0.0,14.29
2026-06-01 15:20:00,Rainy,26.35,69.48,269.87,3.74,0.0,16.42
2026-06-01 15:21:00,Rainy,26.27,69.43,249.32,3.39,0.0,16.61
2026-06-01 15:22:00,Rainy,26.43,69.32,253.59,3.72,0.0,17.03
2026-06-01 15:23:00,Rainy,26.33,69.9,259.26,3.72,0.0,14.78
2026-06-01 15:24:00,Rainy,26.39,70.13,274.21,3.77,0.0,14.34
2026-06-01 15:25:00,Rainy,26.71,67.09,265.41,3.57,0.0,24.68
2026-06-01 15:26:00,Rainy,26.41,69.01,261.91,4.25,0.0,18.18
2026-06-01 15:27:00,Rainy,26.5,69.35,249.72,3.77,0.0,16.92
2026-06-01 15:28:00,Rainy,26.41,69.44,245.25,3.61,0.0,16.57
2026-06-01 15:29:00,Rainy,26.46,69.6,257.13,3.34,0.0,15.96
2026-06-01 15:30:00,Rainy,26.45,69.54,242.17,3.51,0.0,16.19
2026-06-01 15:31:00,Rainy,26.52,68.99,247.9,3.84,0.0,18.26
2026-06-01 15:32:00,Rainy,26.64,68.55,248.08,3.91,0.0,19.84
2026-06-01 15:33:00,Rainy,26.71,68.5,260.04,3.85,0.0,20.01
2026-06-01 15:34:00,Rainy,26.52,69.88,244.79,3.7,0.0,14.86
2026-06-01 15:35:00,Rainy,26.57,68.62,228.61,3.25,0.0,19.29
2026-06-01 15:36:00,Rainy,26.31,69.74,249.61,3.63,0.0,15.41
2026-06-01 15:37:00,Rainy,26.47,69.43,239.98,3.25,0.0,16.61
2026-06-01 15:38:00,Rainy,26.63,69.81,244.66,3.19,0.0,15.14
2026-06-01 15:39:00,Rainy,26.63,68.72,242.94,3.57,0.0,19.23
2026-06-01 15:40:00,Rainy,26.53,69.73,240.8,3.63,0.0,15.45
2026-06-01 15:41:00,Rainy,26.64,69.6,247.75,3.71,0.0,15.96
2026-06-01 15:42:00,Rainy,26.58,68.98,230.13,3.62,0.0,18.29
2026-06-01 15:43:00,Rainy,26.69,68.58,236.7,3.63,0.0,19.73
2026-06-01 15:44:00,Rainy,26.56,68.88,244.56,3.29,0.0,18.66
2026-06-01 15:45:00,Rainy,26.47,69.18,234.44,3.48,0.0,17.55
2026-06-01 15:46:00,Rainy,26.58,69.55,226.56,3.17,0.0,16.15
2026-06-01 15:47:00,Rainy,26.09,70.52,242.0,3.06,0.0,14.24
2026-06-01 15:48:00,Rainy,26.59,69.14,244.4,3.66,0.0,17.7
2026-06-01 15:49:00,Rainy,25.99,69.99,235.31,3.33,0.0,14.42
2026-06-01 15:50:00,Rainy,26.28,69.27,221.0,3.69,0.0,17.03
2026-06-01 15:51:00,Rainy,26.61,70.22,238.95,3.74,0.0,14.32
2026-06-01 15:52:00,Rainy,26.62,68.81,221.56,3.36,0.0,18.45
2026-06-01 15:53:00,Rainy,26.38,69.13,234.5,3.62,0.0,17.74
2026-06-01 15:54:00,Rainy,26.45,70.25,225.36,3.34,0.0,14.31
2026-06-01 15:55:00,Rainy,26.76,68.69,222.67,3.08,0.0,18.84
2026-06-01 15:56:00,Rainy,26.49,69.63,226.82,3.51,0.0,15.84
2026-06-01 15:57:00,Rainy,26.9,68.06,227.77,3.38,0.0,20.73
2026-06-01 15:58:00,Rainy,26.56,68.87,223.78,3.38,0.0,18.37
2026-06-01 15:59:00,Rainy,26.63,68.79,231.36,3.91,0.0,18.92
2026-06-01 16:00:00,Rainy,26.81,67.55,223.47,3.14,0.0,21.7
2026-06-01 16:01:00,Rainy,26.59,68.94,232.29,3.56,0.0,18.44
2026-06-01 16:02:00,Rainy,26.43,69.63,226.7,3.25,0.0,15.84
2026-06-01 16:03:00,Rainy,26.56,70.18,219.26,3.67,0.0,14.33
2026-06-01 16:04:00,Rainy,26.57,69.09,217.29,3.53,0.0,17.47
2026-06-01 16:05:00,Rainy,26.38,68.18,211.24,3.55,0.0,19.69
2026-06-01 16:06:00,Rainy,26.55,69.06,223.29,3.25,0.0,17.77
2026-06-01 16:07:00,Rainy,26.48,70.96,218.15,3.29,0.0,14.12
2026-06-01 16:08:00,Rainy,26.73,69.13,203.99,3.66,0.0,16.91
2026-06-01 16:09:00,Rainy,26.6,68.49,215.23,3.84,0.0,19.08
2026-06-01 16:10:00,Rainy,26.55,69.46,211.98,3.56,0.0,16.14
2026-06-01 16:11:00,Rainy,26.58,68.58,227.25,3.25,0.0,19.34
2026-06-01 16:12:00,Rainy,26.63,68.07,205.07,3.52,0.0,19.69
2026-06-01 16:13:00,Rainy,26.69,68.51,205.92,3.98,0.0,18.66
2026-06-01 16:14:00,Rainy,26.45,69.44,221.47,3.47,0.0,16.49
2026-06-01 16:15:00,Rainy,26.44,68.28,222.13,3.76,0.0,19.91
2026-06-01 16:16:00,Rainy,26.77,67.81,207.8,3.28,0.0,20.39
2026-06-01 16:17:00,Rainy,26.54,69.14,207.64,3.43,0.0,16.99
2026-06-01 16:18:00,Rainy,26.39,69.3,214.65,3.57,0.0,16.73
2026-06-01 16:19:00,Rainy,26.67,69.01,195.2,3.52,0.0,16.97
2026-06-01 16:20:00,Rainy,26.68,68.03,197.27,3.26,0.0,19.47
2026-06-01 16:21:00,Rainy,26.38,70.02,206.28,3.25,0.0,14.17
2026-06-01 16:22:00,Rainy,26.64,68.14,216.75,3.64,0.0,20.02
2026-06-01 16:23:00,Rainy,26.72,69.63,203.51,3.68,0.0,15.36
2026-06-01 16:24:00,Rainy,26.66,67.76,205.91,3.75,0.0,20.42
2026-06-01 16:25:00,Rainy,26.7,68.02,211.32,3.81,0.0,20.07
2026-06-01 16:26:00,Rainy,26.4,69.78,216.3,3.44,0.0,15.17
2026-06-01 16:27:00,Rainy,26.66,69.8,199.01,3.34,0.0,14.7
2026-06-01 16:28:00,Rainy,26.56,69.26,201.48,3.71,0.0,16.45
2026-06-01 16:29:00,Rainy,26.54,69.48,211.62,3.56,0.0,16.06
2026-06-01 16:30:00,Rainy,26.74,68.59,190.6,3.19,0.0,17.92
2026-06-01 16:31:00,Rainy,26.83,67.71,204.91,3.17,0.0,20.48
2026-06-01 16:32:00,Rainy,26.88,67.9,191.79,3.51,0.0,19.55
2026-06-01 16:33:00,Rainy,26.81,67.67,197.5,3.36,0.0,20.26
2026-06-01 16:34:00,Rainy,26.59,68.22,194.52,3.39,0.0,18.94
2026-06-01 16:35:00,Rainy,26.66,69.04,189.39,3.63,0.0,16.71
2026-06-01 16:36:00,Rainy,26.72,67.95,188.32,3.55,0.0,19.31
2026-06-01 16:37:00,Rainy,26.63,69.09,194.69,3.68,0.0,16.73
2026-06-01 16:38:00,Rainy,26.63,68.11,197.87,2.96,0.0,19.56
2026-06-01 16:39:00,Rainy,26.73,68.78,190.43,3.43,0.0,17.43
2026-06-01 16:40:00,Rainy,26.6,68.68,190.61,3.53,0.0,17.69
2026-06-01 16:41:00,Rainy,26.5,70.1,192.49,3.04,0.0,13.96
2026-06-01 16:42:00,Rainy,26.54,69.32,182.79,3.23,0.0,15.86
2026-06-01 16:43:00,Rainy,26.7,69.44,191.47,3.18,0.0,15.64
2026-06-01 16:44:00,Rainy,26.6,68.51,190.92,3.37,0.0,18.12
2026-06-01 16:45:00,Rainy,26.65,68.86,199.84,3.72,0.0,17.53
2026-06-01 16:46:00,Rainy,26.7,68.1,182.3,3.8,0.0,18.78
2026-06-01 16:47:00,Rainy,26.54,68.88,180.88,3.18,0.0,17.05
2026-06-01 16:48:00,Rainy,26.71,68.51,186.63,3.47,0.0,17.98
2026-06-01 16:49:00,Rainy,26.65,68.39,185.89,3.47,0.0,18.24
2026-06-01 16:50:00,Rainy,26.41,68.77,177.55,3.43,0.0,17.44
2026-06-01 16:51:00,Rainy,26.81,67.54,177.28,3.43,0.0,19.85
2026-06-01 16:52:00,Rainy,26.51,67.8,181.36,3.41,0.0,19.59
2026-06-01 16:53:00,Rainy,26.34,69.06,173.06,3.71,0.0,16.72
2026-06-01 16:54:00,Rainy,26.43,69.82,174.29,3.58,0.0,14.42
2026-06-01 16:55:00,Rainy,26.43,68.48,175.93,3.1,0.0,18.17
2026-06-01 16:56:00,Rainy,26.59,68.18,179.67,3.51,0.0,18.7
2026-06-01 16:57:00,Rainy,26.54,70.22,170.31,3.52,0.0,13.78
2026-06-01 16:58:00,Rainy,26.53,68.79,162.91,3.39,0.0,17.29
2026-06-01 16:59:00,Rainy,26.67,68.98,161.58,3.57,0.0,16.7
2026-06-01 17:00:00,Rainy,26.62,69.29,163.98,3.36,0.0,15.89
2026-06-01 17:01:00,Rainy,26.62,69.32,162.73,3.36,0.0,15.8
2026-06-01 17:02:00,Rainy,26.63,67.98,167.61,3.34,0.0,19.11
2026-06-01 17:03:00,Rainy,26.65,68.68,161.4,2.86,0.0,18.52
2026-06-01 17:04:00,Rainy,26.24,68.99,162.84,3.29,0.0,16.99
2026-06-01 17:05:00,Rainy,26.5,70.71,161.48,3.16,0.0,13.8
2026-06-01 17:06:00,Rainy,26.23,69.05,162.12,3.04,0.0,16.89
2026-06-01 17:07:00,Rainy,26.56,68.46,169.74,3.61,0.0,18.08
2026-06-01 17:08:00,Rainy,26.55,68.49,165.45,3.4,0.0,18.02
2026-06-01 17:09:00,Rainy,26.7,67.79,161.27,3.28,0.0,19.44
2026-06-01 17:10:00,Rainy,26.72,69.45,157.94,3.16,0.0,15.42
2026-06-01 17:11:00,Rainy,26.57,70.51,157.05,3.35,0.0,13.76
2026-06-01 17:12:00,Rainy,26.46,69.08,159.63,3.5,0.0,16.58
2026-06-01 17:13:00,Rainy,26.6,68.17,159.79,3.1,0.0,18.89
2026-06-01 17:14:00,Rainy,26.45,68.05,151.74,3.27,0.0,19.11
2026-06-01 17:15:00,Rainy,26.52,69.04,155.11,3.46,0.0,16.65
2026-06-01 17:16:00,Rainy,26.67,68.6,144.52,2.84,0.0,18.81
2026-06-01 17:17:00,Rainy,26.43,69.05,153.81,3.25,0.0,16.68
2026-06-01 17:18:00,Rainy,26.63,69.02,155.26,3.17,0.0,16.62
2026-06-01 17:19:00,Rainy,26.61,69.19,149.47,3.23,0.0,16.17
2026-06-01 17:20:00,Rainy,26.36,69.84,157.83,3.14,0.0,14.39
2026-06-01 17:21:00,Rainy,26.64,68.66,144.69,3.28,0.0,17.53
2026-06-01 17:22:00,Rainy,26.6,68.32,148.52,3.67,0.0,18.37
2026-06-01 17:23:00,Rainy,26.5,69.64,146.33,3.17,0.0,14.94
2026-06-01 17:24:00,Rainy,26.37,69.62,144.98,3.31,0.0,15.08
2026-06-01 17:25:00,Rainy,26.35,70.2,143.86,3.68,0.0,13.87
2026-06-01 17:26:00,Rainy,26.39,70.02,143.74,3.11,0.0,13.85
2026-06-01 17:27:00,Rainy,26.55,68.26,145.83,3.63,0.0,18.55
2026-06-01 17:28:00,Rainy,26.32,68.89,146.97,3.23,0.0,17.19
2026-06-01 17:29:00,Rainy,26.52,68.73,140.05,3.62,0.0,17.45
2026-06-01 17:30:00,Rainy,26.27,69.26,142.38,3.39,0.0,16.21
2026-06-01 17:31:00,Rainy,26.42,69.93,135.0,3.28,0.0,14.06
2026-06-01 17:32:00,Rainy,26.46,69.57,139.96,3.2,0.0,15.18
2026-06-01 17:33:00,Rainy,26.8,69.06,132.63,3.07,0.0,16.77
2026-06-01 17:34:00,Rainy,26.22,70.25,139.05,3.22,0.0,13.93
2026-06-01 17:35:00,Rainy,26.65,68.96,142.42,3.4,0.0,16.76
2026-06-01 17:36:00,Rainy,26.44,70.13,131.99,3.2,0.0,13.82
2026-06-01 17:37:00,Rainy,26.48,69.6,122.74,3.13,0.0,15.07
2026-06-01 17:38:00,Rainy,26.43,69.49,128.14,3.14,0.0,15.43
2026-06-01 17:39:00,Rainy,26.47,70.22,133.96,3.41,0.0,13.81
2026-06-01 17:40:00,Rainy,26.37,69.67,130.22,3.46,0.0,14.92
2026-06-01 17:41:00,Rainy,26.61,68.76,127.94,3.04,0.0,17.66
2026-06-01 17:42:00,Rainy,26.32,69.26,129.7,3.03,0.0,16.32
2026-06-01 17:43:00,Rainy,26.55,69.54,126.6,3.26,0.0,15.21
2026-06-01 17:44:00,Rainy,26.27,70.61,128.21,3.51,0.0,13.91
2026-06-01 17:45:00,Rainy,26.36,69.62,125.96,3.42,0.0,15.08
2026-06-01 17:46:00,Rainy,26.2,70.87,127.02,2.89,0.0,14.14
2026-06-01 17:47:00,Rainy,26.42,68.29,121.66,3.1,0.0,18.61
2026-06-01 17:48:00,Rainy,26.56,69.04,122.49,2.95,0.0,17.2
2026-06-01 17:49:00,Rainy,26.33,69.7,117.05,3.09,0.0,14.85
2026-06-01 17:50:00,Rainy,26.3,69.36,114.91,3.5,0.0,15.9
2026-06-01 17:51:00,Rainy,26.16,71.63,121.84,2.83,0.0,13.96
2026-06-01 17:52:00,Rainy,26.28,69.81,115.54,2.79,0.0,15.14
2026-06-01 17:53:00,Rainy,26.07,70.19,116.42,2.96,0.0,14.12
2026-06-01 17:54:00,Rainy,26.17,70.19,112.97,3.2,0.0,13.96
2026-06-01 17:55:00,Rainy,26.33,68.52,109.47,3.27,0.0,18.13
2026-06-01 17:56:00,Rainy,26.49,68.83,110.34,3.22,0.0,17.22
2026-06-01 17:57:00,Rainy,26.7,69.27,113.88,3.38,0.0,15.89
2026-06-01 17:58:00,Rainy,26.19,69.74,109.85,2.73,0.0,15.41
2026-06-01 17:59:00,Rainy,26.48,68.8,101.44,3.38,0.0,17.31
2026-06-01 18:00:00,Rainy,26.29,70.6,105.11,3.04,0.0,13.96
2026-06-01 18:01:00,Rainy,26.23,70.81,110.26,3.27,0.0,13.93
2026-06-01 18:02:00,Rainy,26.31,70.09,102.87,2.81,0.0,14.35
2026-06-01 18:03:00,Rainy,26.24,69.68,96.87,3.1,0.0,14.97
2026-06-01 18:04:00,Rainy,26.24,69.82,107.01,3.15,0.0,14.52
2026-06-01 18:05:00,Rainy,26.16,69.72,102.17,3.35,0.0,14.89
2026-06-01 18:06:00,Rainy,26.0,70.04,98.78,2.74,0.0,14.37
2026-06-01 18:07:00,Rainy,25.97,70.09,96.75,3.09,0.0,14.05
2026-06-01 18:08:00,Rainy,26.29,69.45,99.84,2.84,0.0,16.29
2026-06-01 18:09:00,Rainy,26.14,69.62,94.01,3.19,0.0,15.22
2026-06-01 18:10:00,Rainy,26.09,69.45,97.67,3.25,0.0,15.77
2026-06-01 18:11:00,Rainy,26.17,70.3,94.79,3.35,0.0,13.96
2026-06-01 18:12:00,Rainy,26.28,70.0,92.8,2.95,0.0,14.14
2026-06-01 18:13:00,Rainy,26.18,71.16,91.37,3.27,0.0,13.95
2026-06-01 18:14:00,Rainy,26.04,70.11,89.35,3.36,0.0,14.02
2026-06-01 18:15:00,Rainy,26.32,69.93,91.46,2.69,0.0,14.66
2026-06-01 18:16:00,Rainy,26.36,69.82,85.25,3.19,0.0,14.45
2026-06-01 18:17:00,Rainy,26.19,69.96,82.17,3.26,0.0,14.08
2026-06-01 18:18:00,Rainy,26.25,70.38,86.79,2.99,0.0,14.06
2026-06-01 18:19:00,Rainy,26.28,70.32,85.65,2.77,0.0,14.29
2026-06-01 18:20:00,Rainy,26.26,70.12,84.1,3.24,0.0,13.91
2026-06-01 18:21:00,Rainy,26.17,70.01,82.75,2.77,0.0,14.37
2026-06-01 18:22:00,Rainy,26.16,69.98,79.81,2.99,0.0,14.13
2026-06-01 18:23:00,Rainy,26.14,69.44,81.3,3.02,0.0,15.81
2026-06-01 18:24:00,Rainy,25.88,70.47,78.16,3.18,0.0,14.1
2026-06-01 18:25:00,Rainy,26.14,69.86,75.98,2.88,0.0,14.79
2026-06-01 18:26:00,Rainy,25.83,70.44,75.23,2.86,0.0,14.26
2026-06-01 18:27:00,Rainy,25.9,71.18,79.31,3.03,0.0,14.09
2026-06-01 18:28:00,Rainy,26.2,70.78,69.78,3.23,0.0,13.94
2026-06-01 18:29:00,Rainy,26.13,69.74,73.53,3.5,0.0,14.84
2026-06-01 18:30:00,Rainy,26.21,70.21,67.69,2.67,0.0,14.32
2026-06-01 18:31:00,Rainy,25.94,70.19,69.88,3.06,0.0,14.07
2026-06-01 18:32:00,Rainy,25.8,71.02,68.04,2.75,0.0,14.14
2026-06-01 18:33:00,Rainy,25.92,70.44,63.53,3.21,0.0,14.08
2026-06-01 18:34:00,Rainy,25.96,71.1,67.38,2.77,0.0,14.08
2026-06-01 18:35:00,Rainy,25.95,70.37,64.68,2.83,0.0,14.28
2026-06-01 18:36:00,Rainy,26.1,70.97,60.21,2.84,0.0,14.11
2026-06-01 18:37:00,Rainy,25.86,70.87,64.67,2.95,0.0,14.14
2026-06-01 18:38:00,Rainy,25.96,70.36,64.57,3.04,0.0,14.06
2026-06-01 18:39:00,Rainy,25.75,70.59,63.44,3.07,0.0,14.16
2026-06-01 18:40:00,Rainy,25.95,70.92,60.19,2.96,0.0,14.12
2026-06-01 18:41:00,Rainy,25.87,71.52,58.45,2.66,0.0,14.1
2026-06-01 18:42:00,Rainy,25.75,71.49,59.47,3.11,0.0,14.16
2026-06-01 18:43:00,Rainy,25.82,72.49,58.84,2.93,0.0,14.13
2026-06-01 18:44:00,Rainy,25.81,72.01,56.7,3.2,0.0,14.13
2026-06-01 18:45:00,Rainy,25.79,71.04,52.14,2.78,0.0,14.14
2026-06-01 18:46:00,Rainy,26.08,70.21,52.79,2.58,0.0,14.32
2026-06-01 18:47:00,Rainy,25.79,71.5,51.97,2.92,0.0,14.14
2026-06-01 18:48:00,Rainy,25.76,70.8,47.39,3.21,0.0,14.16
2026-06-01 18:49:00,Rainy,25.47,72.81,49.61,2.96,0.0,14.31
2026-06-01 18:50:00,Rainy,25.64,71.86,51.0,2.87,0.0,14.22
2026-06-01 18:51:00,Rainy,25.72,71.57,47.45,2.72,0.0,14.18
2026-06-01 18:52:00,Rainy,25.64,72.03,47.38,3.29,0.0,14.22
2026-06-01 18:53:00,Rainy,25.94,71.83,44.43,2.68,0.0,14.07
2026-06-01 18:54:00,Rainy,25.7,71.57,42.9,2.74,0.0,14.19
2026-06-01 18:55:00,Rainy,25.9,70.83,42.29,3.02,0.0,14.09
2026-06-01 18:56:00,Rainy,25.71,72.35,39.63,2.48,0.0,14.18
2026-06-01 18:57:00,Rainy,25.69,72.07,38.29,3.17,0.0,14.19
2026-06-01 18:58:00,Rainy,25.66,71.38,39.7,3.02,0.0,14.21
2026-06-01 18:59:00,Rainy,25.66,71.57,38.58,3.08,0.0,14.21
2026-06-01 19:00:00,Rainy,25.91,71.01,34.8,3.0,0.0,14.08
2026-06-01 19:01:00,Rainy,25.29,72.82,35.68,2.83,0.0,14.4
2026-06-01 19:02:00,Rainy,25.33,71.69,33.4,2.63,0.0,14.38
2026-06-01 19:03:00,Rainy,25.53,71.01,32.62,2.83,0.0,14.28
2026-06-01 19:04:00,Rainy,25.6,71.21,31.53,2.64,0.0,14.24
2026-06-01 19:05:00,Rainy,25.69,70.91,30.8,2.96,0.0,14.19
2026-06-01 19:06:00,Rainy,25.65,71.23,28.78,3.03,0.0,14.22
2026-06-01 19:07:00,Rainy,25.5,72.39,28.68,3.17,0.0,14.29
2026-06-01 19:08:00,Rainy,25.7,71.36,26.57,2.92,0.0,14.19
2026-06-01 19:09:00,Rainy,25.69,71.61,25.6,3.04,0.0,14.19
2026-06-01 19:10:00,Rainy,25.55,71.15,23.34,2.77,0.0,14.27
2026-06-01 19:11:00,Rainy,25.65,71.32,24.22,2.72,0.0,14.22
2026-06-01 19:12:00,Rainy,25.54,72.27,21.85,2.93,0.0,14.27
2026-06-01 19:13:00,Rainy,25.4,72.66,20.79,2.73,0.0,14.34
2026-06-01 19:14:00,Rainy,25.57,71.38,18.23,2.87,0.0,14.26
2026-06-01 19:15:00,Rainy,25.47,72.2,17.52,2.58,0.0,14.31
2026-06-01 19:16:00,Rainy,25.44,73.5,17.39,2.61,0.0,14.32
2026-06-01 19:17:00,Rainy,25.65,71.6,15.7,2.94,0.0,14.22
2026-06-01 19:18:00,Rainy,25.05,72.86,13.55,2.99,0.0,14.52
2026-06-01 19:19:00,Rainy,25.19,72.78,13.58,2.58,0.0,14.45
2026-06-01 19:20:00,Rainy,25.21,72.88,11.78,2.94,0.0,14.44
2026-06-01 19:21:00,Rainy,25.32,72.43,11.24,2.67,0.0,14.38
2026-06-01 19:22:00,Rainy,25.32,72.5,9.56,2.79,0.0,14.38
2026-06-01 19:23:00,Rainy,25.12,72.21,8.44,3.09,0.0,14.49
2026-06-01 19:24:00,Rainy,25.18,72.32,7.44,2.95,0.0,14.46
2026-06-01 19:25:00,Rainy,25.19,72.8,5.83,2.94,0.0,14.45
2026-06-01 19:26:00,Rainy,25.67,71.44,4.65,3.18,0.0,14.21
2026-06-01 19:27:00,Rainy,25.56,71.52,3.57,2.61,0.0,14.26
2026-06-01 19:28:00,Rainy,25.21,72.71,2.46,2.54,0.0,14.44
2026-06-01 19:29:00,Rainy,25.21,72.88,1.15,2.59,0.0,14.44
2026-06-01 19:30:00,Rainy,25.07,73.74,0.0,2.69,0.0,14.51
2026-06-01 19:31:00,Rainy,24.95,73.5,0.0,2.22,0.0,14.58
2026-06-01 19:32:00,Rainy,25.2,73.1,0.0,2.69,0.0,14.45
2026-06-01 19:33:00,Rainy,25.05,72.94,0.0,2.61,0.0,14.52
2026-06-01 19:34:00,Rainy,25.18,73.27,0.0,2.9,0.0,14.46
2026-06-01 19:35:00,Rainy,24.93,73.82,0.0,2.8,0.0,14.59
2026-06-01 19:36:00,Rainy,25.04,73.81,0.0,2.59,0.0,14.53
2026-06-01 19:37:00,Rainy,25.17,73.38,0.0,2.85,0.0,14.46
2026-06-01 19:38:00,Rainy,25.18,73.26,0.0,2.87,0.0,14.46
2026-06-01 19:39:00,Rainy,25.18,72.86,0.0,2.54,0.0,14.46
2026-06-01 19:40:00,Rainy,24.9,73.84,0.0,2.6,0.0,14.6
2026-06-01 19:41:00,Rainy,25.21,73.46,0.0,2.21,0.0,14.44
2026-06-01 19:42:00,Rainy,24.95,73.17,0.0,2.46,0.0,14.58
2026-06-01 19:43:00,Rainy,25.15,72.63,0.0,2.53,0.0,14.47
2026-06-01 19:44:00,Rainy,25.04,73.42,0.0,2.7,0.0,14.53
2026-06-01 19:45:00,Rainy,24.82,74.17,0.0,2.47,0.0,14.65
2026-06-01 19:46:00,Rainy,24.96,73.03,0.0,2.57,0.0,14.57
2026-06-01 19:47:00,Rainy,25.05,73.24,0.0,2.4,0.0,14.52
2026-06-01 19:48:00,Rainy,25.07,73.17,0.0,2.71,0.0,14.51
2026-06-01 19:49:00,Rainy,24.94,72.25,0.0,2.76,0.0,14.58
2026-06-01 19:50:00,Rainy,25.17,72.8,0.0,2.75,0.0,14.46
2026-06-01 19:51:00,Rainy,25.08,73.1,0.0,2.66,0.0,14.51
2026-06-01 19:52:00,Rainy,24.87,73.67,0.0,2.31,0.0,14.62
2026-06-01 19:53:00,Rainy,25.01,74.24,0.0,2.51,0.0,14.55
2026-06-01 19:54:00,Rainy,25.17,72.21,0.0,2.55,0.0,14.46
2026-06-01 19:55:00,Rainy,25.16,72.48,0.0,2.55,0.0,14.47
2026-06-01 19:56:00,Rainy,24.66,72.78,0.0,2.65,0.0,14.73
2026-06-01 19:57:00,Rainy,24.69,73.98,0.0,2.94,0.0,14.71
2026-06-01 19:58:00,Rainy,25.04,73.07,0.0,2.81,0.0,14.53
2026-06-01 19:59:00,Rainy,24.64,74.1,0.0,2.41,0.0,14.74
2026-06-01 20:00:00,Rainy,24.58,75.23,0.0,2.77,0.0,14.77
2026-06-01 20:01:00,Rainy,24.69,74.78,0.0,2.75,0.0,14.71
2026-06-01 20:02:00,Rainy,24.81,73.98,0.0,2.43,0.0,14.65
2026-06-01 20:03:00,Rainy,24.72,73.97,0.0,2.79,0.0,14.7
2026-06-01 20:04:00,Rainy,24.62,75.09,0.0,2.57,0.0,14.75
2026-06-01 20:05:00,Rainy,24.6,74.51,0.0,2.29,0.0,14.76
2026-06-01 20:06:00,Rainy,24.58,74.1,0.0,2.69,0.0,14.77
2026-06-01 20:07:00,Rainy,24.53,73.67,0.0,2.64,0.0,14.8
2026-06-01 20:08:00,Rainy,24.99,73.17,0.0,2.53,0.0,14.56
2026-06-01 20:09:00,Rainy,24.68,74.76,0.0,2.57,0.0,14.72
2026-06-01 20:10:00,Rainy,24.75,75.47,0.0,2.42,0.0,14.68
2026-06-01 20:11:00,Rainy,24.53,74.77,0.0,2.7,0.0,14.8
2026-06-01 20:12:00,Rainy,24.55,74.19,0.0,2.56,0.0,14.79
2026-06-01 20:13:00,Rainy,24.46,74.21,0.0,2.6,0.0,14.84
2026-06-01 20:14:00,Rainy,24.15,76.1,0.0,2.64,0.0,15.01
2026-06-01 20:15:00,Rainy,24.32,74.23,0.0,2.3,0.0,14.91
2026-06-01 20:16:00,Rainy,24.24,75.85,0.0,2.35,0.0,14.96
2026-06-01 20:17:00,Rainy,24.16,76.24,0.0,2.06,0.0,15.0
2026-06-01 20:18:00,Rainy,24.3,75.62,0.0,2.66,0.0,14.92
2026-06-01 20:19:00,Rainy,24.66,74.23,0.0,2.27,0.0,14.73
2026-06-01 20:20:00,Rainy,24.44,75.32,0.0,2.56,0.0,14.85
2026-06-01 20:21:00,Rainy,24.62,74.57,0.0,2.61,0.0,14.75
2026-06-01 20:22:00,Rainy,24.47,74.42,0.0,2.66,0.0,14.83
2026-06-01 20:23:00,Rainy,24.51,75.89,0.0,2.25,0.0,14.81
2026-06-01 20:24:00,Rainy,24.24,75.32,0.0,2.5,0.0,14.96
2026-06-01 20:25:00,Rainy,24.43,75.45,0.0,2.88,0.0,14.85
2026-06-01 20:26:00,Rainy,24.45,73.5,0.0,2.88,0.0,14.84
2026-06-01 20:27:00,Rainy,24.23,76.31,0.0,2.72,0.0,14.96
2026-06-01 20:28:00,Rainy,24.39,76.0,0.0,2.57,0.0,14.88
2026-06-01 20:29:00,Rainy,24.37,75.18,0.0,2.27,0.0,14.89
2026-06-01 20:30:00,Rainy,24.18,76.02,0.0,2.65,0.0,14.99
2026-06-01 20:31:00,Rainy,24.08,76.31,0.0,2.45,0.0,15.04
2026-06-01 20:32:00,Rainy,24.05,75.66,0.0,2.6,0.0,15.06
2026-06-01 20:33:00,Rainy,24.22,75.9,0.0,2.34,0.0,14.97
2026-06-01 20:34:00,Rainy,24.24,75.03,0.0,2.43,0.0,14.96
2026-06-01 20:35:00,Rainy,24.06,75.67,0.0,2.5,0.0,15.06
2026-06-01 20:36:00,Rainy,24.16,76.42,0.0,2.52,0.0,15.0
2026-06-01 20:37:00,Rainy,24.22,76.15,0.0,2.57,0.0,14.97
2026-06-01 20:38:00,Rainy,24.21,75.18,0.0,2.33,0.0,14.97
2026-06-01 20:39:00,Rainy,24.33,74.82,0.0,2.15,0.0,14.91
2026-06-01 20:40:00,Rainy,24.27,75.04,0.0,2.8,0.0,14.94
2026-06-01 20:41:00,Rainy,23.91,76.87,0.0,2.99,0.0,15.14
2026-06-01 20:42:00,Rainy,24.3,74.76,0.0,2.54,0.0,14.92
2026-06-01 20:43:00,Rainy,23.95,76.55,0.0,2.14,0.0,15.12
2026-06-01 20:44:00,Rainy,24.16,76.18,0.0,2.26,0.0,15.0
2026-06-01 20:45:00,Rainy,24.0,76.14,0.0,2.54,0.0,15.09
2026-06-01 20:46:00,Rainy,23.91,77.05,0.0,2.72,0.0,15.14
2026-06-01 20:47:00,Rainy,23.68,76.9,0.0,2.15,0.0,15.27
2026-06-01 20:48:00,Rainy,23.91,76.32,0.0,2.38,0.0,15.14
2026-06-01 20:49:00,Rainy,23.68,76.49,0.0,2.45,0.0,15.27
2026-06-01 20:50:00,Rainy,24.04,76.69,0.0,2.59,0.0,15.07
2026-06-01 20:51:00,Rainy,24.1,75.44,0.0,2.32,0.0,15.03
2026-06-01 20:52:00,Rainy,23.74,77.13,0.0,2.05,0.0,15.23
2026-06-01 20:53:00,Rainy,23.88,76.47,0.0,2.53,0.0,15.15
2026-06-01 20:54:00,Rainy,23.71,76.37,0.0,2.63,0.0,15.25
2026-06-01 20:55:00,Rainy,23.7,76.65,0.0,2.36,0.0,15.25
2026-06-01 20:56:00,Rainy,23.9,77.31,0.0,2.47,0.0,15.14
2026-06-01 20:57:00,Rainy,23.75,76.99,0.0,2.27,0.0,15.23
2026-06-01 20:58:00,Rainy,24.0,75.58,0.0,2.18,0.0,15.09
2026-06-01 20:59:00,Rainy,23.65,77.35,0.0,2.59,0.0,15.28
2026-06-01 21:00:00,Rainy,23.85,76.52,0.0,2.45,0.0,15.17
2026-06-01 21:01:00,Rainy,23.7,79.11,0.0,2.47,0.0,15.25
2026-06-01 21:02:00,Rainy,23.78,76.97,0.0,2.68,0.0,15.21
2026-06-01 21:03:00,Rainy,23.58,77.14,0.0,2.12,0.0,15.32
2026-06-01 21:04:00,Rainy,23.62,78.11,0.0,2.22,0.0,15.3
2026-06-01 21:05:00,Rainy,23.59,76.24,0.0,2.38,0.0,15.32
2026-06-01 21:06:00,Rainy,23.46,77.75,0.0,2.21,0.0,15.39
2026-06-01 21:07:00,Rainy,23.66,78.32,0.0,2.5,0.0,15.28
2026-06-01 21:08:00,Rainy,23.64,77.12,0.0,2.29,0.0,15.29
2026-06-01 21:09:00,Rainy,23.61,76.23,0.0,2.11,0.0,15.3
2026-06-01 21:10:00,Rainy,23.73,76.69,0.0,2.33,0.0,15.24
2026-06-01 21:11:00,Rainy,23.7,77.89,0.0,2.35,0.0,15.25
2026-06-01 21:12:00,Rainy,23.41,78.06,0.0,2.52,0.0,15.42
2026-06-01 21:13:00,Rainy,23.5,77.08,0.0,2.39,0.0,15.37
2026-06-01 21:14:00,Rainy,23.33,77.64,0.0,2.41,0.0,15.46
2026-06-01 21:15:00,Rainy,23.41,77.5,0.0,2.37,0.0,15.42
2026-06-01 21:16:00,Rainy,23.29,78.37,0.0,2.25,0.0,15.48
2026-06-01 21:17:00,Rainy,23.61,78.09,0.0,2.13,0.0,15.3
2026-06-01 21:18:00,Rainy,23.4,78.5,0.0,2.35,0.0,15.42
2026-06-01 21:19:00,Rainy,23.29,78.44,0.0,2.21,0.0,15.48
2026-06-01 21:20:00,Rainy,23.48,76.83,0.0,2.65,0.0,15.38
2026-06-01 21:21:00,Rainy,22.96,78.29,0.0,2.57,0.0,15.67
2026-06-01 21:22:00,Rainy,22.96,79.4,0.0,2.41,0.0,15.67
2026-06-01 21:23:00,Rainy,23.36,77.16,0.0,2.35,0.0,15.45
2026-06-01 21:24:00,Rainy,23.23,78.2,0.0,2.24,0.0,15.52
2026-06-01 21:25:00,Rainy,23.24,78.49,0.0,1.98,0.0,15.51
2026-06-01 21:26:00,Rainy,22.98,78.34,0.0,2.21,0.0,15.66
2026-06-01 21:27:00,Rainy,23.15,77.92,0.0,2.27,0.0,15.56
2026-06-01 21:28:00,Rainy,23.44,77.69,0.0,2.3,0.0,15.4
2026-06-01 21:29:00,Rainy,23.24,78.6,0.0,2.35,0.0,15.51
2026-06-01 21:30:00,Rainy,23.12,79.27,0.0,2.44,0.0,15.58
2026-06-01 21:31:00,Rainy,23.01,79.31,0.0,2.08,0.0,15.64
2026-06-01 21:32:00,Rainy,22.99,79.03,0.0,2.08,0.0,15.66
2026-06-01 21:33:00,Rainy,22.71,79.32,0.0,2.55,0.0,15.82
2026-06-01 21:34:00,Rainy,23.05,78.18,0.0,2.39,0.0,15.62
2026-06-01 21:35:00,Rainy,23.12,78.33,0.0,2.13,0.0,15.58
2026-06-01 21:36:00,Rainy,22.73,79.95,0.0,2.19,0.0,15.8
2026-06-01 21:37:00,Rainy,22.85,79.59,0.0,2.19,0.0,15.74
2026-06-01 21:38:00,Rainy,22.75,78.39,0.0,2.21,0.0,15.79
2026-06-01 21:39:00,Rainy,22.76,79.16,0.0,2.31,0.0,15.79
2026-06-01 21:40:00,Rainy,22.89,79.99,0.0,2.76,0.0,15.71
2026-06-01 21:41:00,Rainy,22.55,80.26,0.0,2.24,0.0,15.76
2026-06-01 21:42:00,Rainy,22.94,78.3,0.0,2.34,0.0,15.68
2026-06-01 21:43:00,Rainy,22.93,80.56,0.0,1.82,0.0,15.67
2026-06-01 21:44:00,Rainy,22.76,79.61,0.0,2.08,0.0,15.79
2026-06-01 21:45:00,Rainy,22.41,80.85,0.0,2.45,0.0,15.58
2026-06-01 21:46:00,Rainy,22.61,80.3,0.0,2.26,0.0,15.75
2026-06-01 21:47:00,Rainy,22.92,78.97,0.0,1.21,0.0,15.7
2026-06-01 21:48:00,Rainy,22.3,80.48,0.0,2.32,0.0,15.69
2026-06-01 21:49:00,Rainy,22.64,81.24,0.0,2.59,0.0,15.46
2026-06-01 21:50:00,Rainy,22.49,80.97,0.0,1.72,0.0,15.54
2026-06-01 21:51:00,Rainy,22.77,80.1,0.0,2.49,0.0,15.78
2026-06-01 21:52:00,Rainy,22.53,80.63,0.0,1.54,0.0,15.65
2026-06-01 21:53:00,Rainy,22.67,79.29,0.0,2.36,0.0,15.84
2026-06-01 21:54:00,Rainy,22.67,80.65,0.0,2.14,0.0,15.64
2026-06-01 21:55:00,Rainy,22.84,78.91,0.0,1.62,0.0,15.74
2026-06-01 21:56:00,Rainy,22.51,80.5,0.0,2.24,0.0,15.69
2026-06-01 21:57:00,Rainy,22.57,79.17,0.0,2.39,0.0,15.9
2026-06-01 21:58:00,Rainy,22.27,79.76,0.0,2.21,0.0,15.92
2026-06-01 21:59:00,Rainy,22.65,80.12,0.0,2.26,0.0,15.8
2026-06-01 22:00:00,Rainy,22.34,80.32,0.0,2.03,0.0,15.74
2026-06-01 22:01:00,Rainy,22.35,79.59,0.0,1.71,0.0,15.97
2026-06-01 22:02:00,Rainy,22.4,80.95,0.0,2.27,0.0,15.55
2026-06-01 22:03:00,Rainy,22.15,82.6,0.0,2.5,0.0,15.06
2026-06-01 22:04:00,Rainy,22.4,81.47,0.0,2.36,0.0,15.39
2026-06-01 22:05:00,Rainy,22.49,80.24,0.0,1.67,0.0,15.77
2026-06-01 22:06:00,Rainy,22.36,80.74,0.0,1.77,0.0,15.61
2026-06-01 22:07:00,Rainy,22.06,82.12,0.0,1.91,0.0,15.2
2026-06-01 22:08:00,Rainy,22.26,81.71,0.0,1.74,0.0,15.32
2026-06-01 22:09:00,Rainy,22.36,80.53,0.0,2.1,0.0,15.68
2026-06-01 22:10:00,Rainy,21.95,81.91,0.0,2.17,0.0,15.26
2026-06-01 22:11:00,Rainy,22.04,81.8,0.0,1.77,0.0,15.3
2026-06-01 22:12:00,Rainy,22.31,81.2,0.0,2.25,0.0,15.48
2026-06-01 22:13:00,Rainy,22.2,81.11,0.0,2.21,0.0,15.5
2026-06-01 22:14:00,Rainy,22.2,81.12,0.0,1.95,0.0,15.5
2026-06-01 22:15:00,Rainy,22.39,81.48,0.0,2.03,0.0,15.39
2026-06-01 22:16:00,Rainy,22.16,82.02,0.0,1.64,0.0,15.23
2026-06-01 22:17:00,Rainy,22.17,81.57,0.0,1.99,0.0,15.36
2026-06-01 22:18:00,Rainy,22.45,81.52,0.0,2.06,0.0,15.38
2026-06-01 22:19:00,Rainy,21.99,81.54,0.0,2.09,0.0,15.37
2026-06-01 22:20:00,Rainy,21.88,83.06,0.0,2.13,0.0,14.93
2026-06-01 22:21:00,Rainy,22.04,81.96,0.0,2.1,0.0,15.25
2026-06-01 22:22:00,Rainy,22.02,83.66,0.0,1.98,0.0,14.75
2026-06-01 22:23:00,Rainy,21.85,81.45,0.0,2.1,0.0,15.4
2026-06-01 22:24:00,Rainy,21.75,82.03,0.0,2.26,0.0,15.23
2026-06-01 22:25:00,Rainy,22.22,81.37,0.0,2.01,0.0,15.42
2026-06-01 22:26:00,Rainy,21.9,82.25,0.0,2.1,0.0,15.16
2026-06-01 22:27:00,Rainy,21.72,83.7,0.0,1.98,0.0,14.74
2026-06-01 22:28:00,Rainy,21.94,81.51,0.0,1.88,0.0,15.38
2026-06-01 22:29:00,Rainy,21.76,82.95,0.0,2.13,0.0,14.96
2026-06-01 22:30:00,Rainy,21.71,83.24,0.0,1.89,0.0,14.87
2026-06-01 22:31:00,Rainy,21.82,82.67,0.0,2.1,0.0,15.04
2026-06-01 22:32:00,Rainy,21.52,82.49,0.0,2.01,0.0,15.09
2026-06-01 22:33:00,Rainy,21.75,83.28,0.0,1.94,0.0,14.86
2026-06-01 22:34:00,Rainy,21.97,82.57,0.0,1.93,0.0,15.07
2026-06-01 22:35:00,Rainy,21.73,82.85,0.0,1.89,0.0,14.99
2026-06-01 22:36:00,Rainy,21.59,83.01,0.0,1.63,0.0,14.94
2026-06-01 22:37:00,Rainy,21.55,83.13,0.0,2.08,0.0,14.9
2026-06-01 22:38:00,Rainy,21.55,82.96,0.0,2.04,0.0,14.95
2026-06-01 22:39:00,Rainy,21.55,83.38,0.0,2.17,0.0,14.83
2026-06-01 22:40:00,Rainy,21.51,83.12,0.0,1.86,0.0,14.91
2026-06-01 22:41:00,Rainy,21.69,82.11,0.0,2.4,0.0,15.2
2026-06-01 22:42:00,Rainy,21.27,83.14,0.0,1.89,0.0,14.9
2026-06-01 22:43:00,Rainy,21.64,82.29,0.0,1.78,0.0,15.15
2026-06-01 22:44:00,Rainy,21.44,83.45,0.0,1.75,0.0,14.81
2026-06-01 22:45:00,Rainy,21.53,83.04,0.0,1.58,0.0,14.93
2026-06-01 22:46:00,Rainy,21.28,83.86,0.0,2.3,0.0,14.7
2026-06-01 22:47:00,Rainy,21.63,83.07,0.0,2.26,0.0,14.92
2026-06-01 22:48:00,Rainy,21.6,82.48,0.0,2.09,0.0,15.09
2026-06-01 22:49:00,Rainy,21.54,83.91,0.0,1.76,0.0,14.68
2026-06-01 22:50:00,Rainy,21.15,83.95,0.0,2.35,0.0,14.67
2026-06-01 22:51:00,Rainy,21.48,82.93,0.0,1.87,0.0,14.96
2026-06-01 22:52:00,Rainy,21.4,83.71,0.0,1.88,0.0,14.74
2026-06-01 22:53:00,Rainy,21.08,83.21,0.0,2.26,0.0,14.88
2026-06-01 22:54:00,Rainy,21.29,83.24,0.0,2.08,0.0,14.87
2026-06-01 22:55:00,Rainy,21.33,84.19,0.0,2.42,0.0,14.6
2026-06-01 22:56:00,Rainy,21.34,82.54,0.0,1.99,0.0,15.08
2026-06-01 22:57:00,Rainy,21.26,84.46,0.0,1.84,0.0,14.53
2026-06-01 22:58:00,Rainy,21.26,84.71,0.0,1.79,0.0,14.46
2026-06-01 22:59:00,Rainy,21.42,83.14,0.0,1.51,0.0,14.9
2026-06-01 23:00:00,Rainy,21.36,83.7,0.0,1.86,0.0,14.74
2026-06-01 23:01:00,Rainy,20.73,85.95,0.0,2.17,0.0,14.12
2026-06-01 23:02:00,Rainy,21.09,83.99,0.0,2.04,0.0,14.66
2026-06-01 23:03:00,Rainy,21.09,84.79,0.0,1.91,0.0,14.43
2026-06-01 23:04:00,Rainy,20.83,84.58,0.0,1.69,0.0,14.49
2026-06-01 23:05:00,Rainy,21.09,83.98,0.0,1.95,0.0,14.66
2026-06-01 23:06:00,Rainy,21.24,83.36,0.0,2.12,0.0,14.84
2026-06-01 23:07:00,Rainy,20.87,85.08,0.0,1.99,0.0,14.36
2026-06-01 23:08:00,Rainy,21.07,85.03,0.0,1.93,0.0,14.37
2026-06-01 23:09:00,Rainy,20.86,84.8,0.0,1.72,0.0,14.43
2026-06-01 23:10:00,Rainy,20.88,84.1,0.0,2.08,0.0,14.63
2026-06-01 23:11:00,Rainy,21.18,83.38,0.0,1.2,0.0,14.83
2026-06-01 23:12:00,Rainy,20.86,85.16,0.0,1.97,0.0,14.33
2026-06-01 23:13:00,Rainy,20.99,85.67,0.0,2.44,0.0,14.19
2026-06-01 23:14:00,Rainy,20.62,85.83,0.0,1.54,0.0,14.15
2026-06-01 23:15:00,Rainy,21.16,83.86,0.0,1.82,0.0,14.7
2026-06-01 23:16:00,Rainy,20.95,85.13,0.0,1.87,0.0,14.34
2026-06-01 23:17:00,Rainy,20.81,84.91,0.0,1.77,0.0,14.4
2026-06-01 23:18:00,Rainy,20.9,84.57,0.0,2.09,0.0,14.5
2026-06-01 23:19:00,Rainy,20.58,85.1,0.0,1.97,0.0,14.35
2026-06-01 23:20:00,Rainy,20.95,85.5,0.0,1.89,0.0,14.24
2026-06-01 23:21:00,Rainy,20.71,83.81,0.0,2.03,0.0,14.71
2026-06-01 23:22:00,Rainy,20.7,85.82,0.0,1.86,0.0,14.15
2026-06-01 23:23:00,Rainy,20.64,85.24,0.0,2.55,0.0,14.31
2026-06-01 23:24:00,Rainy,20.61,85.37,0.0,1.88,0.0,14.28
2026-06-01 23:25:00,Rainy,20.78,86.15,0.0,1.89,0.0,14.07
2026-06-01 23:26:00,Rainy,20.69,84.95,0.0,1.47,0.0,14.39
2026-06-01 23:27:00,Rainy,20.73,84.86,0.0,1.72,0.0,14.42
2026-06-01 23:28:00,Rainy,20.61,85.52,0.0,2.09,0.0,14.24
2026-06-01 23:29:00,Rainy,20.67,85.68,0.0,1.54,0.0,14.19
2026-06-01 23:30:00,Rainy,20.51,85.62,0.0,1.36,0.0,14.21
2026-06-01 23:31:00,Rainy,20.89,83.89,0.0,1.84,0.0,14.69
2026-06-01 23:32:00,Rainy,20.3,85.95,0.0,2.13,0.0,14.12
2026-06-01 23:33:00,Rainy,20.7,86.12,0.0,1.83,0.0,14.07
2026-06-01 23:34:00,Rainy,20.7,85.4,0.0,1.75,0.0,14.27
2026-06-01 23:35:00,Rainy,20.35,86.61,0.0,1.41,0.0,13.94
2026-06-01 23:36:00,Rainy,20.79,84.95,0.0,1.92,0.0,14.39
2026-06-01 23:37:00,Rainy,20.58,85.29,0.0,1.96,0.0,14.3
2026-06-01 23:38:00,Rainy,20.56,86.75,0.0,1.42,0.0,13.91
2026-06-01 23:39:00,Rainy,20.4,86.08,0.0,2.06,0.0,14.08
2026-06-01 23:40:00,Rainy,20.34,86.09,0.0,1.98,0.0,14.08
2026-06-01 23:41:00,Rainy,20.32,87.06,0.0,2.05,0.0,13.83
2026-06-01 23:42:00,Rainy,20.39,85.78,0.0,1.93,0.0,14.16
2026-06-01 23:43:00,Rainy,20.52,85.49,0.0,1.94,0.0,14.24
2026-06-01 23:44:00,Rainy,20.32,86.42,0.0,1.91,0.0,13.99
2026-06-01 23:45:00,Rainy,20.14,86.92,0.0,1.99,0.0,13.86
2026-06-01 23:46:00,Rainy,20.38,86.41,0.0,1.39,0.0,14.0
2026-06-01 23:47:00,Rainy,20.37,87.52,0.0,1.46,0.0,13.71
2026-06-01 23:48:00,Rainy,20.31,86.63,0.0,1.63,0.0,13.94
2026-06-01 23:49:00,Rainy,20.31,85.02,0.0,1.76,0.0,14.37
2026-06-01 23:50:00,Rainy,20.13,87.12,0.0,1.87,0.0,13.81
2026-06-01 23:51:00,Rainy,20.02,87.28,0.0,1.85,0.0,13.77
2026-06-01 23:52:00,Rainy,20.0,87.31,0.0,2.02,0.0,13.76
2026-06-01 23:53:00,Rainy,19.87,87.81,0.0,2.03,0.0,13.64
2026-06-01 23:54:00,Rainy,20.13,86.92,0.0,1.58,0.0,13.86
2026-06-01 23:55:00,Rainy,20.06,87.09,0.0,1.82,0.0,13.82
2026-06-01 23:56:00,Rainy,19.99,87.7,0.0,1.58,0.0,13.67
2026-06-01 23:57:00,Rainy,19.59,88.11,0.0,1.73,0.0,13.56
2026-06-01 23:58:00,Rainy,19.83,87.21,0.0,1.84,0.0,13.79
2026-06-01 23:59:00,Rainy,20.17,88.66,0.0,1.01,0.0,13.43
2026-06-01 00:00:00,Cloudy,21.23,80.24,0.0,1.31,0.0,15.26
2026-06-01 00:01:00,Cloudy,21.0,81.22,0.0,1.46,0.0,15.09
2026-06-01 00:02:00,Cloudy,21.25,80.45,0.0,1.17,0.0,15.27
2026-06-01 00:03:00,Cloudy,21.25,80.67,0.0,1.46,0.0,15.27
2026-06-01 00:04:00,Cloudy,20.8,81.25,0.0,1.27,0.0,14.94
2026-06-01 00:05:00,Cloudy,20.87,81.23,0.0,1.35,0.0,14.99
2026-06-01 00:06:00,Cloudy,21.06,80.82,0.0,1.62,0.0,15.13
2026-06-01 00:07:00,Cloudy,20.98,80.84,0.0,1.51,0.0,15.07
2026-06-01 00:08:00,Cloudy,21.0,80.46,0.0,1.53,0.0,15.09
2026-06-01 00:09:00,Cloudy,20.85,80.91,0.0,1.11,0.0,14.98
2026-06-01 00:10:00,Cloudy,21.09,79.96,0.0,1.75,0.0,15.15
2026-06-01 00:11:00,Cloudy,21.05,80.81,0.0,1.21,0.0,15.13
2026-06-01 00:12:00,Cloudy,20.92,80.86,0.0,1.7,0.0,15.03
2026-06-01 00:13:00,Cloudy,21.06,80.14,0.0,1.6,0.0,15.13
2026-06-01 00:14:00,Cloudy,20.93,80.47,0.0,1.52,0.0,15.04
2026-06-01 00:15:00,Cloudy,20.71,80.76,0.0,1.26,0.0,14.88
2026-06-01 00:16:00,Cloudy,20.88,81.62,0.0,1.44,0.0,15.0
2026-06-01 00:17:00,Cloudy,20.65,81.7,0.0,1.33,0.0,14.83
2026-06-01 00:18:00,Cloudy,20.91,80.43,0.0,1.42,0.0,15.02
2026-06-01 00:19:00,Cloudy,20.75,81.88,0.0,1.36,0.0,14.91
2026-06-01 00:20:00,Cloudy,20.7,81.18,0.0,1.04,0.0,14.87
2026-06-01 00:21:00,Cloudy,20.61,80.94,0.0,1.61,0.0,14.81
2026-06-01 00:22:00,Cloudy,20.87,81.66,0.0,1.39,0.0,14.99
2026-06-01 00:23:00,Cloudy,20.64,81.36,0.0,1.32,0.0,14.83
2026-06-01 00:24:00,Cloudy,20.58,81.62,0.0,1.3,0.0,14.78
2026-06-01 00:25:00,Cloudy,20.57,81.91,0.0,1.47,0.0,14.78
2026-06-01 00:26:00,Cloudy,20.68,82.27,0.0,1.24,0.0,14.86
2026-06-01 00:27:00,Cloudy,20.63,81.72,0.0,0.99,0.0,14.82
2026-06-01 00:28:00,Cloudy,20.62,81.03,0.0,1.47,0.0,14.81
2026-06-01 00:29:00,Cloudy,20.6,82.13,0.0,1.49,0.0,14.8
2026-06-01 00:30:00,Cloudy,20.83,80.86,0.0,1.36,0.0,14.96
2026-06-01 00:31:00,Cloudy,20.43,83.41,0.0,1.19,0.0,14.68
2026-06-01 00:32:00,Cloudy,20.39,82.38,0.0,1.41,0.0,14.65
2026-06-01 00:33:00,Cloudy,20.32,81.23,0.0,1.13,0.0,14.6
2026-06-01 00:34:00,Cloudy,20.52,82.24,0.0,1.2,0.0,14.74
2026-06-01 00:35:00,Cloudy,20.57,83.04,0.0,1.25,0.0,14.78
2026-06-01 00:36:00,Cloudy,20.36,83.4,0.0,1.54,0.0,14.63
2026-06-01 00:37:00,Cloudy,20.23,83.91,0.0,1.32,0.0,14.54
2026-06-01 00:38:00,Cloudy,20.22,82.26,0.0,1.3,0.0,14.53
2026-06-01 00:39:00,Cloudy,20.42,82.86,0.0,1.73,0.0,14.98
2026-06-01 00:40:00,Cloudy,20.41,81.9,0.0,1.44,0.0,14.66
2026-06-01 00:41:00,Cloudy,20.36,82.61,0.0,1.44,0.0,14.63
2026-06-01 00:42:00,Cloudy,20.15,82.27,0.0,1.31,0.0,14.48
2026-06-01 00:43:00,Cloudy,20.27,82.34,0.0,1.27,0.0,14.56
2026-06-01 00:44:00,Cloudy,20.23,82.42,0.0,0.98,0.0,14.54
2026-06-01 00:45:00,Cloudy,20.22,83.38,0.0,1.55,0.0,14.53
2026-06-01 00:46:00,Cloudy,20.3,83.11,0.0,1.45,0.0,14.59
2026-06-01 00:47:00,Cloudy,20.18,83.13,0.0,1.34,0.0,14.5
2026-06-01 00:48:00,Cloudy,20.23,82.02,0.0,1.35,0.0,14.54
2026-06-01 00:49:00,Cloudy,20.12,82.95,0.0,1.5,0.0,14.46
2026-06-01 00:50:00,Cloudy,20.13,82.66,0.0,1.09,0.0,14.47
2026-06-01 00:51:00,Cloudy,20.16,83.54,0.0,1.26,0.0,14.49
2026-06-01 00:52:00,Cloudy,19.83,84.65,0.0,1.16,0.0,14.26
2026-06-01 00:53:00,Cloudy,19.98,84.16,0.0,1.69,0.0,14.61
2026-06-01 00:54:00,Cloudy,19.93,83.2,0.0,1.52,0.0,14.43
2026-06-01 00:55:00,Cloudy,19.89,82.13,0.0,0.97,0.0,14.3
2026-06-01 00:56:00,Cloudy,19.92,82.62,0.0,1.09,0.0,14.32
2026-06-01 00:57:00,Cloudy,20.17,83.85,0.0,1.34,0.0,14.49
2026-06-01 00:58:00,Cloudy,19.79,83.8,0.0,1.28,0.0,14.23
2026-06-01 00:59:00,Cloudy,20.05,82.88,0.0,1.12,0.0,14.41
2026-06-01 01:00:00,Cloudy,19.63,85.48,0.0,1.71,0.0,14.25
2026-06-01 01:01:00,Cloudy,19.81,84.75,0.0,1.41,0.0,14.25
2026-06-01 01:02:00,Cloudy,19.87,83.85,0.0,1.44,0.0,14.29
2026-06-01 01:03:00,Cloudy,19.91,83.54,0.0,1.23,0.0,14.32
2026-06-01 01:04:00,Cloudy,19.91,83.64,0.0,1.49,0.0,14.35
2026-06-01 01:05:00,Cloudy,19.9,83.88,0.0,1.29,0.0,14.31
2026-06-01 01:06:00,Cloudy,19.71,85.23,0.0,1.3,0.0,14.18
2026-06-01 01:07:00,Cloudy,19.67,84.63,0.0,1.46,0.0,14.27
2026-06-01 01:08:00,Cloudy,19.85,84.31,0.0,1.06,0.0,14.27
2026-06-01 01:09:00,Cloudy,19.68,85.07,0.0,1.64,0.0,14.36
2026-06-01 01:10:00,Cloudy,19.49,84.17,0.0,1.38,0.0,14.05
2026-06-01 01:11:00,Cloudy,19.5,85.32,0.0,1.58,0.0,14.29
2026-06-01 01:12:00,Cloudy,19.51,84.66,0.0,1.16,0.0,14.05
2026-06-01 01:13:00,Cloudy,19.7,82.79,0.0,1.18,0.0,14.17
2026-06-01 01:14:00,Cloudy,19.63,83.22,0.0,1.14,0.0,14.13
2026-06-01 01:15:00,Cloudy,19.69,83.71,0.0,1.39,0.0,14.17
2026-06-01 01:16:00,Cloudy,19.51,85.16,0.0,1.36,0.0,14.05
2026-06-01 01:17:00,Cloudy,19.57,84.72,0.0,1.26,0.0,14.09
2026-06-01 01:18:00,Cloudy,19.63,84.62,0.0,1.16,0.0,14.13
2026-06-01 01:19:00,Cloudy,19.47,86.12,0.0,1.12,0.0,14.02
2026-06-01 01:20:00,Cloudy,19.56,83.92,0.0,1.34,0.0,14.08
2026-06-01 01:21:00,Cloudy,19.38,85.19,0.0,1.26,0.0,13.96
2026-06-01 01:22:00,Cloudy,19.4,85.31,0.0,1.22,0.0,13.97
2026-06-01 01:23:00,Cloudy,19.38,84.75,0.0,1.62,0.0,14.45
2026-06-01 01:24:00,Cloudy,19.24,85.6,0.0,1.33,0.0,13.92
2026-06-01 01:25:00,Cloudy,19.47,83.97,0.0,1.57,0.0,14.57
2026-06-01 01:26:00,Cloudy,19.31,86.22,0.0,1.24,0.0,13.91
2026-06-01 01:27:00,Cloudy,19.37,84.82,0.0,1.38,0.0,14.05
2026-06-01 01:28:00,Cloudy,19.42,86.3,0.0,1.33,0.0,13.99
2026-06-01 01:29:00,Cloudy,19.39,85.13,0.0,1.03,0.0,13.97
2026-06-01 01:30:00,Cloudy,19.41,85.73,0.0,1.6,0.0,14.18
2026-06-01 01:31:00,Cloudy,19.28,85.44,0.0,1.31,0.0,13.9
2026-06-01 01:32:00,Cloudy,19.21,85.64,0.0,1.47,0.0,14.2
2026-06-01 01:33:00,Cloudy,19.24,85.22,0.0,1.2,0.0,13.87
2026-06-01 01:34:00,Cloudy,18.98,86.36,0.0,1.31,0.0,13.87
2026-06-01 01:35:00,Cloudy,19.0,86.43,0.0,1.18,0.0,13.72
2026-06-01 01:36:00,Cloudy,19.0,85.76,0.0,1.56,0.0,14.17
2026-06-01 01:37:00,Cloudy,19.04,86.07,0.0,1.39,0.0,14.08
2026-06-01 01:38:00,Cloudy,19.23,85.25,0.0,1.4,0.0,14.11
2026-06-01 01:39:00,Cloudy,19.01,87.59,0.0,1.58,0.0,13.69
2026-06-01 01:40:00,Cloudy,19.08,85.98,0.0,1.54,0.0,14.11
2026-06-01 01:41:00,Cloudy,19.31,86.31,0.0,1.47,0.0,14.02
2026-06-01 01:42:00,Cloudy,19.05,86.0,0.0,1.08,0.0,13.75
2026-06-01 01:43:00,Cloudy,19.19,85.87,0.0,1.21,0.0,13.84
2026-06-01 01:44:00,Cloudy,18.92,85.66,0.0,1.15,0.0,13.67
2026-06-01 01:45:00,Cloudy,19.02,85.93,0.0,1.46,0.0,14.12
2026-06-01 01:46:00,Cloudy,18.89,86.68,0.0,1.36,0.0,13.93
2026-06-01 01:47:00,Cloudy,18.96,87.3,0.0,1.08,0.0,13.69
2026-06-01 01:48:00,Cloudy,19.12,86.04,0.0,1.3,0.0,13.84
2026-06-01 01:49:00,Cloudy,18.72,87.85,0.0,1.06,0.0,13.54
2026-06-01 01:50:00,Cloudy,19.03,86.55,0.0,1.32,0.0,13.9
2026-06-01 01:51:00,Cloudy,18.98,87.27,0.0,1.03,0.0,13.7
2026-06-01 01:52:00,Cloudy,18.84,86.65,0.0,1.43,0.0,13.93
2026-06-01 01:53:00,Cloudy,18.7,88.52,0.0,1.4,0.0,13.46
2026-06-01 01:54:00,Cloudy,18.91,86.21,0.0,1.68,0.0,14.05
2026-06-01 01:55:00,Cloudy,18.8,86.33,0.0,1.48,0.0,14.02
2026-06-01 01:56:00,Cloudy,18.9,85.79,0.0,1.26,0.0,13.74
2026-06-01 01:57:00,Cloudy,18.85,88.05,0.0,1.48,0.0,13.58
2026-06-01 01:58:00,Cloudy,19.08,86.53,0.0,1.08,0.0,13.77
2026-06-01 01:59:00,Cloudy,18.78,86.65,0.0,1.16,0.0,13.58
2026-06-01 02:00:00,Cloudy,18.65,87.97,0.0,1.39,0.0,13.6
2026-06-01 02:01:00,Cloudy,18.81,87.17,0.0,0.94,0.0,13.6
2026-06-01 02:02:00,Cloudy,18.81,87.97,0.0,1.33,0.0,13.6
2026-06-01 02:03:00,Cloudy,18.96,85.43,0.0,1.15,0.0,13.69
2026-06-01 02:04:00,Cloudy,18.87,86.46,0.0,1.35,0.0,13.97
2026-06-01 02:05:00,Cloudy,18.78,86.58,0.0,1.14,0.0,13.58
2026-06-01 02:06:00,Cloudy,18.93,85.25,0.0,1.41,0.0,14.13
2026-06-01 02:07:00,Cloudy,18.52,88.22,0.0,1.34,0.0,13.54
2026-06-01 02:08:00,Cloudy,18.59,87.24,0.0,1.58,0.0,13.78
2026-06-01 02:09:00,Cloudy,18.53,88.0,0.0,1.33,0.0,13.59
2026-06-01 02:10:00,Cloudy,18.59,88.79,0.0,1.19,0.0,13.4
2026-06-01 02:11:00,Cloudy,18.43,87.62,0.0,1.29,0.0,13.69
2026-06-01 02:12:00,Cloudy,18.72,86.78,0.0,1.09,0.0,13.54
2026-06-01 02:13:00,Cloudy,18.57,87.5,0.0,1.41,0.0,13.72
2026-06-01 02:14:00,Cloudy,18.37,88.58,0.0,1.44,0.0,13.45
2026-06-01 02:15:00,Cloudy,18.43,87.5,0.0,1.78,0.0,13.72
2026-06-01 02:16:00,Cloudy,18.61,86.95,0.0,1.22,0.0,13.64
2026-06-01 02:17:00,Cloudy,18.68,87.78,0.0,1.29,0.0,13.65
2026-06-01 02:18:00,Cloudy,18.84,86.93,0.0,1.23,0.0,13.67
2026-06-01 02:19:00,Cloudy,18.96,85.13,0.0,1.37,0.0,14.03
2026-06-01 02:20:00,Cloudy,18.57,86.7,0.0,1.4,0.0,13.92
2026-06-01 02:21:00,Cloudy,18.35,88.96,0.0,1.33,0.0,13.36
2026-06-01 02:22:00,Cloudy,18.16,88.82,0.0,1.53,0.0,13.39
2026-06-01 02:23:00,Cloudy,18.51,87.16,0.0,1.23,0.0,13.67
2026-06-01 02:24:00,Cloudy,18.33,88.0,0.0,1.51,0.0,13.59
2026-06-01 02:25:00,Cloudy,18.38,87.98,0.0,1.43,0.0,13.6
2026-06-01 02:26:00,Cloudy,18.34,88.53,0.0,1.34,0.0,13.46
2026-06-01 02:27:00,Cloudy,18.39,87.12,0.0,1.28,0.0,13.79
2026-06-01 02:28:00,Cloudy,18.56,86.96,0.0,1.77,0.0,13.85
2026-06-01 02:29:00,Cloudy,18.41,88.04,0.0,1.19,0.0,13.57
2026-06-01 02:30:00,Cloudy,18.35,87.99,0.0,1.39,0.0,13.59
2026-06-01 02:31:00,Cloudy,18.21,88.79,0.0,1.2,0.0,13.4
2026-06-01 02:32:00,Cloudy,18.1,88.01,0.0,1.66,0.0,13.59
2026-06-01 02:33:00,Cloudy,18.26,88.51,0.0,1.5,0.0,13.46
2026-06-01 02:34:00,Cloudy,18.32,88.8,0.0,1.22,0.0,13.39
2026-06-01 02:35:00,Cloudy,18.58,87.71,0.0,1.43,0.0,13.66
2026-06-01 02:36:00,Cloudy,18.32,88.22,0.0,1.39,0.0,13.54
2026-06-01 02:37:00,Cloudy,18.43,87.76,0.0,1.25,0.0,13.65
2026-06-01 02:38:00,Cloudy,18.2,87.97,0.0,1.48,0.0,13.6
2026-06-01 02:39:00,Cloudy,18.08,88.74,0.0,1.41,0.0,13.41
2026-06-01 02:40:00,Cloudy,18.11,89.48,0.0,1.38,0.0,13.23
2026-06-01 02:41:00,Cloudy,18.13,88.59,0.0,1.34,0.0,13.45
2026-06-01 02:42:00,Cloudy,18.55,86.97,0.0,1.42,0.0,13.85
2026-06-01 02:43:00,Cloudy,18.09,88.47,0.0,1.39,0.0,13.47
2026-06-01 02:44:00,Cloudy,18.33,88.23,0.0,1.36,0.0,13.53
2026-06-01 02:45:00,Cloudy,18.06,88.64,0.0,1.23,0.0,13.43
2026-06-01 02:46:00,Cloudy,18.32,88.42,0.0,1.65,0.0,13.49
2026-06-01 02:47:00,Cloudy,18.23,88.71,0.0,1.16,0.0,13.42
2026-06-01 02:48:00,Cloudy,18.14,89.18,0.0,1.43,0.0,13.3
2026-06-01 02:49:00,Cloudy,18.14,89.48,0.0,1.29,0.0,13.23
2026-06-01 02:50:00,Cloudy,18.04,89.51,0.0,1.67,0.0,13.23
2026-06-01 02:51:00,Cloudy,18.19,87.93,0.0,1.19,0.0,13.57
2026-06-01 02:52:00,Cloudy,18.05,88.35,0.0,1.22,0.0,13.5
2026-06-01 02:53:00,Cloudy,17.92,89.2,0.0,1.18,0.0,13.3
2026-06-01 02:54:00,Cloudy,17.9,89.03,0.0,1.41,0.0,13.34
2026-06-01 02:55:00,Cloudy,18.11,88.04,0.0,1.11,0.0,13.37
2026-06-01 02:56:00,Cloudy,18.31,87.9,0.0,1.27,0.0,13.62
2026-06-01 02:57:00,Cloudy,18.09,88.5,0.0,0.97,0.0,13.17
2026-06-01 02:58:00,Cloudy,18.03,88.52,0.0,1.4,0.0,13.46
2026-06-01 02:59:00,Cloudy,18.09,88.6,0.0,1.27,0.0,13.44
2026-06-01 03:00:00,Cloudy,18.23,89.1,0.0,1.09,0.0,13.32
2026-06-01 03:01:00,Cloudy,18.06,88.99,0.0,1.56,0.0,13.35
2026-06-01 03:02:00,Cloudy,17.95,90.64,0.0,1.13,0.0,13.11
2026-06-01 03:03:00,Cloudy,18.17,88.66,0.0,1.51,0.0,13.43
2026-06-01 03:04:00,Cloudy,18.06,88.69,0.0,1.24,0.0,13.42
2026-06-01 03:05:00,Cloudy,18.21,88.43,0.0,1.65,0.0,13.48
2026-06-01 03:06:00,Cloudy,18.0,89.17,0.0,1.5,0.0,13.31
2026-06-01 03:07:00,Cloudy,17.78,89.89,0.0,1.18,0.0,13.14
2026-06-01 03:08:00,Cloudy,17.75,90.96,0.0,1.2,0.0,13.11
2026-06-01 03:09:00,Cloudy,18.2,87.97,0.0,1.48,0.0,13.6
2026-06-01 03:10:00,Cloudy,18.2,88.99,0.0,1.32,0.0,13.35
2026-06-01 03:11:00,Cloudy,17.9,89.42,0.0,1.34,0.0,13.25
2026-06-01 03:12:00,Cloudy,17.86,88.46,0.0,1.6,0.0,13.48
2026-06-01 03:13:00,Cloudy,18.13,89.12,0.0,1.24,0.0,13.32
2026-06-01 03:14:00,Cloudy,17.74,90.51,0.0,1.39,0.0,13.11
2026-06-01 03:15:00,Cloudy,17.76,89.17,0.0,1.55,0.0,13.31
2026-06-01 03:16:00,Cloudy,17.98,89.06,0.0,1.52,0.0,13.33
2026-06-01 03:17:00,Cloudy,17.82,88.49,0.0,1.35,0.0,13.47
2026-06-01 03:18:00,Cloudy,17.87,88.63,0.0,1.33,0.0,13.44
2026-06-01 03:19:00,Cloudy,17.84,90.1,0.0,1.07,0.0,13.11
2026-06-01 03:20:00,Cloudy,17.91,89.0,0.0,1.19,0.0,13.35
2026-06-01 03:21:00,Cloudy,18.06,88.2,0.0,1.44,0.0,13.54
2026-06-01 03:22:00,Cloudy,17.85,89.57,0.0,1.36,0.0,13.21
2026-06-01 03:23:00,Cloudy,17.93,88.91,0.0,1.4,0.0,13.37
2026-06-01 03:24:00,Cloudy,17.52,90.08,0.0,1.57,0.0,13.11
2026-06-01 03:25:00,Cloudy,17.81,89.99,0.0,1.17,0.0,13.12
2026-06-01 03:26:00,Cloudy,17.68,89.2,0.0,1.35,0.0,13.3
2026-06-01 03:27:00,Cloudy,17.62,89.53,0.0,1.42,0.0,13.22
2026-06-01 03:28:00,Cloudy,17.66,90.05,0.0,1.26,0.0,13.11
2026-06-01 03:29:00,Cloudy,17.74,90.33,0.0,1.65,0.0,13.11
2026-06-01 03:30:00,Cloudy,17.92,89.99,0.0,1.56,0.0,13.12
2026-06-01 03:31:00,Cloudy,17.58,89.8,0.0,1.45,0.0,13.16
2026-06-01 03:32:00,Cloudy,17.77,90.21,0.0,1.72,0.0,13.11
2026-06-01 03:33:00,Cloudy,17.69,89.41,0.0,1.13,0.0,13.25
2026-06-01 03:34:00,Cloudy,17.71,90.93,0.0,1.4,0.0,13.11
2026-06-01 03:35:00,Cloudy,17.9,88.62,0.0,1.47,0.0,13.44
2026-06-01 03:36:00,Cloudy,17.83,90.31,0.0,1.24,0.0,13.11
2026-06-01 03:37:00,Cloudy,17.94,88.8,0.0,1.46,0.0,13.39
2026-06-01 03:38:00,Cloudy,17.71,91.04,0.0,1.21,0.0,13.11
2026-06-01 03:39:00,Cloudy,17.62,90.43,0.0,1.53,0.0,13.11
2026-06-01 03:40:00,Cloudy,17.69,89.28,0.0,1.6,0.0,13.28
2026-06-01 03:41:00,Cloudy,17.75,89.4,0.0,1.46,0.0,13.25
2026-06-01 03:42:00,Cloudy,17.74,90.22,0.0,1.08,0.0,13.11
2026-06-01 03:43:00,Cloudy,17.54,90.93,0.0,1.24,0.0,13.11
2026-06-01 03:44:00,Cloudy,17.71,89.78,0.0,1.52,0.0,13.16
2026-06-01 03:45:00,Cloudy,17.73,89.8,0.0,1.42,0.0,13.16
2026-06-01 03:46:00,Cloudy,18.07,89.29,0.0,0.93,0.0,13.15
2026-06-01 03:47:00,Cloudy,17.97,89.2,0.0,1.64,0.0,13.3
2026-06-01 03:48:00,Cloudy,17.55,89.49,0.0,1.44,0.0,13.23
2026-06-01 03:49:00,Cloudy,17.63,89.56,0.0,1.27,0.0,13.21
2026-06-01 03:50:00,Cloudy,17.45,90.69,0.0,1.6,0.0,13.11
2026-06-01 03:51:00,Cloudy,17.58,90.93,0.0,1.3,0.0,13.11
2026-06-01 03:52:00,Cloudy,17.71,90.8,0.0,1.3,0.0,13.11
2026-06-01 03:53:00,Cloudy,17.84,89.94,0.0,1.49,0.0,13.13
2026-06-01 03:54:00,Cloudy,17.54,90.46,0.0,1.75,0.0,13.11
2026-06-01 03:55:00,Cloudy,17.55,90.72,0.0,1.72,0.0,13.11
2026-06-01 03:56:00,Cloudy,17.32,90.5,0.0,1.5,0.0,13.11
2026-06-01 03:57:00,Cloudy,17.62,89.99,0.0,1.52,0.0,13.12
2026-06-01 03:58:00,Cloudy,17.48,89.98,0.0,1.58,0.0,13.12
2026-06-01 03:59:00,Cloudy,17.55,89.51,0.0,1.21,0.0,13.23
2026-06-01 04:00:00,Cloudy,17.5,90.61,0.0,1.56,0.0,13.11
2026-06-01 04:01:00,Cloudy,17.61,90.21,0.0,1.31,0.0,13.11
2026-06-01 04:02:00,Cloudy,17.36,91.21,0.0,1.5,0.0,13.11
2026-06-01 04:03:00,Cloudy,17.4,91.01,0.0,1.4,0.0,13.11
2026-06-01 04:04:00,Cloudy,17.94,89.34,0.0,1.54,0.0,13.27
2026-06-01 04:05:00,Cloudy,17.42,90.96,0.0,1.47,0.0,13.11
2026-06-01 04:06:00,Cloudy,17.45,90.53,0.0,0.9,0.0,13.11
2026-06-01 04:07:00,Cloudy,17.89,89.59,0.0,1.49,0.0,13.21
2026-06-01 04:08:00,Cloudy,18.04,88.47,0.0,1.57,0.0,13.47
2026-06-01 04:09:00,Cloudy,17.43,90.83,0.0,1.54,0.0,13.11
2026-06-01 04:10:00,Cloudy,17.55,90.68,0.0,1.44,0.0,13.11
2026-06-01 04:11:00,Cloudy,17.65,89.59,0.0,1.76,0.0,13.21
2026-06-01 04:12:00,Cloudy,17.86,89.45,0.0,1.52,0.0,13.24
2026-06-01 04:13:00,Cloudy,17.45,90.18,0.0,1.54,0.0,13.11
2026-06-01 04:14:00,Cloudy,17.56,89.94,0.0,1.65,0.0,13.13
2026-06-01 04:15:00,Cloudy,17.71,89.16,0.0,1.53,0.0,13.31
2026-06-01 04:16:00,Cloudy,17.66,90.74,0.0,1.31,0.0,13.11
2026-06-01 04:17:00,Cloudy,17.53,90.96,0.0,1.03,0.0,13.11
2026-06-01 04:18:00,Cloudy,17.57,90.55,0.0,1.39,0.0,13.11
2026-06-01 04:19:00,Cloudy,17.38,91.93,0.0,1.61,0.0,13.11
2026-06-01 04:20:00,Cloudy,17.55,90.16,0.0,1.41,0.0,13.11
2026-06-01 04:21:00,Cloudy,17.54,92.11,0.0,1.62,0.0,13.11
2026-06-01 04:22:00,Cloudy,17.62,89.95,0.0,1.51,0.0,13.13
2026-06-01 04:23:00,Cloudy,17.5,90.57,0.0,1.72,0.0,13.11
2026-06-01 04:24:00,Cloudy,17.65,89.75,0.0,1.43,0.0,13.17
2026-06-01 04:25:00,Cloudy,17.73,89.99,0.0,1.57,0.0,13.12
2026-06-01 04:26:00,Cloudy,17.6,90.62,0.0,1.58,0.0,13.11
2026-06-01 04:27:00,Cloudy,17.63,89.97,0.0,1.76,0.0,13.12
2026-06-01 04:28:00,Cloudy,17.59,91.23,0.0,1.19,0.0,13.11
2026-06-01 04:29:00,Cloudy,17.58,90.33,0.0,1.41,0.0,13.11
2026-06-01 04:30:00,Cloudy,17.47,90.65,0.0,1.65,0.0,13.11
2026-06-01 04:31:00,Cloudy,17.63,89.51,0.0,1.78,0.0,13.23
2026-06-01 04:32:00,Cloudy,17.57,90.48,0.0,1.55,0.0,13.11
2026-06-01 04:33:00,Cloudy,17.89,89.24,0.0,1.45,0.0,13.29
2026-06-01 04:34:00,Cloudy,17.82,89.17,0.0,1.64,0.0,13.31
2026-06-01 04:35:00,Cloudy,17.64,89.56,0.0,1.67,0.0,13.21
2026-06-01 04:36:00,Cloudy,17.47,92.11,0.0,1.45,0.0,13.11
2026-06-01 04:37:00,Cloudy,17.42,90.49,0.0,1.57,0.0,13.11
2026-06-01 04:38:00,Cloudy,17.76,88.81,0.0,1.73,0.0,13.39
2026-06-01 04:39:00,Cloudy,17.62,89.65,0.0,1.86,0.0,13.19
2026-06-01 04:40:00,Cloudy,17.66,89.94,0.0,1.66,0.0,13.13
2026-06-01 04:41:00,Cloudy,17.33,91.23,0.0,1.53,0.0,13.11
2026-06-01 04:42:00,Cloudy,17.73,90.11,0.0,1.52,0.0,13.11
2026-06-01 04:43:00,Cloudy,17.66,90.38,0.0,1.63,0.0,13.11
2026-06-01 04:44:00,Cloudy,17.42,90.23,0.0,1.51,0.0,13.11
2026-06-01 04:45:00,Cloudy,17.52,90.56,0.0,1.57,0.0,13.11
2026-06-01 04:46:00,Cloudy,17.63,89.51,0.0,1.34,0.0,13.23
2026-06-01 04:47:00,Cloudy,17.6,89.75,0.0,1.77,0.0,13.17
2026-06-01 04:48:00,Cloudy,17.55,89.71,0.0,1.33,0.0,13.18
2026-06-01 04:49:00,Cloudy,17.58,89.46,0.0,1.46,0.0,13.24
2026-06-01 04:50:00,Cloudy,17.56,90.87,0.0,1.56,0.0,13.11
2026-06-01 04:51:00,Cloudy,17.63,90.47,0.0,1.91,0.0,13.11
2026-06-01 04:52:00,Cloudy,17.83,90.09,0.0,1.47,0.0,13.11
2026-06-01 04:53:00,Cloudy,17.22,91.2,0.0,1.43,0.0,13.11
2026-06-01 04:54:00,Cloudy,17.58,90.66,0.0,1.46,0.0,13.11
2026-06-01 04:55:00,Cloudy,17.64,88.96,0.0,1.86,0.0,13.36
2026-06-01 04:56:00,Cloudy,17.66,90.48,0.0,1.05,0.0,13.11
2026-06-01 04:57:00,Cloudy,17.57,90.34,0.0,1.38,0.0,13.11
2026-06-01 04:58:00,Cloudy,17.36,91.17,0.0,2.06,0.0,13.11
2026-06-01 04:59:00,Cloudy,17.68,90.15,0.0,1.67,0.0,13.11
2026-06-01 05:00:00,Cloudy,17.89,88.74,0.0,1.37,0.0,13.41
2026-06-01 05:01:00,Cloudy,17.4,89.78,0.0,1.56,0.0,13.16
2026-06-01 05:02:00,Cloudy,17.77,89.24,0.0,1.59,0.0,13.29
2026-06-01 05:03:00,Cloudy,17.59,90.49,0.0,1.73,0.0,13.11
2026-06-01 05:04:00,Cloudy,17.64,90.45,0.0,1.91,0.0,13.11
2026-06-01 05:05:00,Cloudy,17.49,89.62,0.0,1.65,0.0,13.2
2026-06-01 05:06:00,Cloudy,17.6,89.54,0.0,1.49,0.0,13.22
2026-06-01 05:07:00,Cloudy,17.85,89.0,0.0,1.73,0.0,13.35
2026-06-01 05:08:00,Cloudy,17.75,89.51,0.0,1.46,0.0,13.23
2026-06-01 05:09:00,Cloudy,17.93,88.41,0.0,1.41,0.0,13.49
2026-06-01 05:10:00,Cloudy,17.85,88.6,0.0,1.28,0.0,13.44
2026-06-01 05:11:00,Cloudy,17.74,89.25,0.0,1.32,0.0,13.29
2026-06-01 05:12:00,Cloudy,17.94,89.24,0.0,1.44,0.0,13.29
2026-06-01 05:13:00,Cloudy,17.75,89.01,0.0,1.39,0.0,13.34
2026-06-01 05:14:00,Cloudy,17.81,89.47,0.0,1.66,0.0,13.24
2026-06-01 05:15:00,Cloudy,17.65,90.63,0.0,1.39,0.0,13.11
2026-06-01 05:16:00,Cloudy,17.71,89.05,0.0,1.04,0.0,13.21
2026-06-01 05:17:00,Cloudy,17.6,90.01,0.0,1.43,0.0,13.11
2026-06-01 05:18:00,Cloudy,17.86,90.03,0.0,1.53,0.0,13.11
2026-06-01 05:19:00,Cloudy,17.54,90.05,0.0,1.51,0.0,13.11
2026-06-01 05:20:00,Cloudy,17.84,89.13,0.0,1.89,0.0,13.32
2026-06-01 05:21:00,Cloudy,17.7,90.56,0.0,1.51,0.0,13.11
2026-06-01 05:22:00,Cloudy,17.91,89.09,0.0,1.79,0.0,13.33
2026-06-01 05:23:00,Cloudy,17.85,90.1,0.0,1.63,0.0,13.11
2026-06-01 05:24:00,Cloudy,18.02,89.23,0.0,1.62,0.0,13.29
2026-06-01 05:25:00,Cloudy,17.86,89.21,0.0,1.48,0.0,13.3
2026-06-01 05:26:00,Cloudy,17.52,90.64,0.0,1.63,0.0,13.11
2026-06-01 05:27:00,Cloudy,17.75,89.9,0.0,1.5,0.0,13.14
2026-06-01 05:28:00,Cloudy,17.59,90.76,0.0,1.67,0.0,13.11
2026-06-01 05:29:00,Cloudy,17.7,89.53,0.0,1.6,0.0,13.22
2026-06-01 05:30:00,Cloudy,18.01,89.02,0.0,1.48,0.0,13.34
2026-06-01 05:31:00,Cloudy,17.89,89.31,1.37,1.83,0.0,13.27
2026-06-01 05:32:00,Cloudy,17.69,90.3,2.63,1.73,0.0,13.11
2026-06-01 05:33:00,Cloudy,17.65,89.38,4.32,1.58,0.0,13.26
2026-06-01 05:34:00,Cloudy,17.82,90.15,5.66,1.69,0.0,13.11
2026-06-01 05:35:00,Cloudy,17.64,90.32,6.91,1.65,0.0,13.11
2026-06-01 05:36:00,Cloudy,17.72,89.0,7.88,1.51,0.0,13.35
2026-06-01 05:37:00,Cloudy,17.88,90.08,9.64,1.68,0.0,13.11
2026-06-01 05:38:00,Cloudy,18.01,90.33,10.58,1.56,0.0,13.11
2026-06-01 05:39:00,Cloudy,17.94,89.79,12.86,1.5,0.0,13.16
2026-06-01 05:40:00,Cloudy,17.51,91.24,14.02,1.39,0.0,13.11
2026-06-01 05:41:00,Cloudy,17.91,89.33,15.1,1.62,0.0,13.27
2026-06-01 05:42:00,Cloudy,17.88,88.35,15.22,1.79,0.0,13.5
2026-06-01 05:43:00,Cloudy,17.94,88.08,17.27,1.56,0.0,13.57
2026-06-01 05:44:00,Cloudy,18.13,88.82,19.55,2.14,0.0,13.39
2026-06-01 05:45:00,Cloudy,17.59,89.82,21.27,1.85,0.0,13.16
2026-06-01 05:46:00,Cloudy,17.82,88.99,22.62,1.93,0.0,13.35
2026-06-01 05:47:00,Cloudy,18.0,88.98,22.15,1.84,0.0,13.35
2026-06-01 05:48:00,Cloudy,17.68,90.27,24.85,2.03,0.0,13.11
2026-06-01 05:49:00,Cloudy,18.15,87.73,26.78,1.56,0.0,13.66
2026-06-01 05:50:00,Cloudy,17.99,88.77,26.0,1.25,0.0,13.4
2026-06-01 05:51:00,Cloudy,18.07,89.72,28.72,1.63,0.0,13.18
2026-06-01 05:52:00,Cloudy,17.87,88.74,30.33,1.81,0.0,13.41
2026-06-01 05:53:00,Cloudy,18.09,89.3,31.17,1.74,0.0,13.28
2026-06-01 05:54:00,Cloudy,18.14,88.36,30.99,1.77,0.0,13.5
2026-06-01 05:55:00,Cloudy,18.02,89.3,33.84,1.96,0.0,13.28
2026-06-01 05:56:00,Cloudy,18.03,89.6,35.19,1.79,0.0,13.21
2026-06-01 05:57:00,Cloudy,18.04,89.35,36.74,1.87,0.0,13.26
2026-06-01 05:58:00,Cloudy,17.88,89.89,37.62,1.56,0.0,13.14
2026-06-01 05:59:00,Cloudy,18.0,88.33,39.1,1.54,0.0,13.51
2026-06-01 06:00:00,Cloudy,18.01,89.67,40.94,2.03,0.0,13.19
2026-06-01 06:01:00,Cloudy,18.1,88.23,42.91,1.76,0.0,13.53
2026-06-01 06:02:00,Cloudy,18.2,88.62,43.31,1.63,0.0,13.44
2026-06-01 06:03:00,Cloudy,17.9,89.45,44.51,1.63,0.0,13.24
2026-06-01 06:04:00,Cloudy,18.05,89.16,46.55,1.63,0.0,13.31
2026-06-01 06:05:00,Cloudy,18.31,88.38,45.03,1.62,0.0,13.5
2026-06-01 06:06:00,Cloudy,17.98,88.57,49.84,1.52,0.0,13.45
2026-06-01 06:07:00,Cloudy,17.98,88.27,50.5,1.49,0.0,13.52
2026-06-01 06:08:00,Cloudy,18.15,89.14,51.91,1.73,0.0,13.31
2026-06-01 06:09:00,Cloudy,18.25,88.43,54.74,1.66,0.0,13.48
2026-06-01 06:10:00,Cloudy,18.14,89.33,51.36,1.97,0.0,13.27
2026-06-01 06:11:00,Cloudy,18.35,88.03,52.6,1.82,0.0,13.58
2026-06-01 06:12:00,Cloudy,18.29,87.38,57.74,1.82,0.0,13.75
2026-06-01 06:13:00,Cloudy,18.3,88.78,58.61,1.64,0.0,13.4
2026-06-01 06:14:00,Cloudy,18.26,88.07,60.28,1.76,0.0,13.57
2026-06-01 06:15:00,Cloudy,18.54,87.72,60.47,1.85,0.0,13.66
2026-06-01 06:16:00,Cloudy,18.17,88.15,63.92,1.92,0.0,13.55
2026-06-01 06:17:00,Cloudy,17.91,90.25,65.81,1.77,0.0,13.11
2026-06-01 06:18:00,Cloudy,18.47,87.2,66.32,1.99,0.0,13.79
2026-06-01 06:19:00,Cloudy,18.17,88.35,66.19,1.8,0.0,13.5
2026-06-01 06:20:00,Cloudy,18.27,88.35,63.76,1.94,0.0,13.5
2026-06-01 06:21:00,Cloudy,18.46,87.09,71.0,1.71,0.0,13.82
2026-06-01 06:22:00,Cloudy,18.03,89.13,73.34,1.48,0.0,13.32
2026-06-01 06:23:00,Cloudy,18.1,89.71,73.48,1.86,0.0,13.18
2026-06-01 06:24:00,Cloudy,18.06,88.57,71.49,1.94,0.0,13.45
2026-06-01 06:25:00,Cloudy,18.19,88.73,76.28,1.92,0.0,13.41
2026-06-01 06:26:00,Cloudy,18.39,86.29,78.08,1.9,0.0,14.03
2026-06-01 06:27:00,Cloudy,18.42,87.85,81.07,1.76,0.0,13.63
2026-06-01 06:28:00,Cloudy,18.39,87.75,76.72,1.68,0.0,13.65
2026-06-01 06:29:00,Cloudy,18.15,88.12,79.58,1.93,0.0,13.56
2026-06-01 06:30:00,Cloudy,18.03,89.59,83.29,1.91,0.0,13.21
2026-06-01 06:31:00,Cloudy,18.4,87.73,82.94,1.73,0.0,13.66
2026-06-01 06:32:00,Cloudy,18.33,88.0,81.31,2.04,0.0,13.59
2026-06-01 06:33:00,Cloudy,18.48,87.46,86.52,1.68,0.0,13.73
2026-06-01 06:34:00,Cloudy,18.53,86.39,88.3,1.74,0.0,14.0
2026-06-01 06:35:00,Cloudy,18.46,87.06,88.35,2.14,0.0,13.83
2026-06-01 06:36:00,Cloudy,18.57,88.02,90.04,2.01,0.0,13.59
2026-06-01 06:37:00,Cloudy,18.5,86.36,90.07,1.79,0.0,14.01
2026-06-01 06:38:00,Cloudy,18.56,87.01,96.19,1.91,0.0,13.84
2026-06-01 06:39:00,Cloudy,18.39,87.7,90.9,1.89,0.0,13.67
2026-06-01 06:40:00,Cloudy,18.48,88.73,93.08,1.37,0.0,13.41
2026-06-01 06:41:00,Cloudy,18.55,87.95,96.1,1.71,0.0,13.6
2026-06-01 06:42:00,Cloudy,18.66,86.86,99.96,1.86,0.0,13.88
2026-06-01 06:43:00,Cloudy,18.49,88.44,94.28,1.81,0.0,13.48
2026-06-01 06:44:00,Cloudy,18.64,86.79,96.1,1.92,0.0,13.9
2026-06-01 06:45:00,Cloudy,18.54,88.13,95.15,2.08,0.0,13.56
2026-06-01 06:46:00,Cloudy,18.58,86.61,102.76,1.83,0.0,13.94
2026-06-01 06:47:00,Cloudy,18.73,87.63,100.48,1.7,0.0,13.68
2026-06-01 06:48:00,Cloudy,18.32,87.88,104.07,1.95,0.0,13.62
2026-06-01 06:49:00,Cloudy,18.44,87.18,108.71,1.84,0.0,13.8
2026-06-01 06:50:00,Cloudy,18.43,87.7,105.83,1.87,0.0,13.67
2026-06-01 06:51:00,Cloudy,18.32,88.31,109.97,1.85,0.0,13.51
2026-06-01 06:52:00,Cloudy,18.58,87.12,109.53,2.31,0.0,13.81
2026-06-01 06:53:00,Cloudy,18.81,87.11,114.08,1.51,0.0,13.82
2026-06-01 06:54:00,Cloudy,18.67,86.82,114.74,1.84,0.0,13.89
2026-06-01 06:55:00,Cloudy,18.76,87.3,112.05,1.91,0.0,13.77
2026-06-01 06:56:00,Cloudy,18.91,86.77,115.14,1.78,0.0,13.9
2026-06-01 06:57:00,Cloudy,18.96,86.33,120.69,2.08,0.0,14.02
2026-06-01 06:58:00,Cloudy,18.76,86.64,119.72,2.07,0.0,13.94
2026-06-01 06:59:00,Cloudy,18.99,86.36,114.6,1.92,0.0,14.01
2026-06-01 07:00:00,Cloudy,18.82,87.08,123.29,1.88,0.0,13.82
2026-06-01 07:01:00,Cloudy,18.69,88.33,118.22,1.92,0.0,13.51
2026-06-01 07:02:00,Cloudy,18.75,87.52,128.72,1.92,0.0,13.71
2026-06-01 07:03:00,Cloudy,18.63,87.86,128.61,1.93,0.0,13.63
2026-06-01 07:04:00,Cloudy,18.73,88.84,127.16,1.91,0.0,13.38
2026-06-01 07:05:00,Cloudy,18.83,87.03,127.95,1.99,0.0,13.84
2026-06-01 07:06:00,Cloudy,19.02,86.48,127.82,2.09,0.0,13.98
2026-06-01 07:07:00,Cloudy,19.17,86.19,132.56,1.73,0.0,14.06
2026-06-01 07:08:00,Cloudy,18.72,86.41,129.73,1.77,0.0,14.0
2026-06-01 07:09:00,Cloudy,19.01,85.96,133.4,1.65,0.0,14.12
2026-06-01 07:10:00,Cloudy,18.81,86.48,137.24,2.12,0.0,13.98
2026-06-01 07:11:00,Cloudy,19.05,86.49,132.74,2.02,0.0,13.98
2026-06-01 07:12:00,Cloudy,18.98,86.2,133.77,2.06,0.0,14.05
2026-06-01 07:13:00,Cloudy,18.74,87.05,132.63,1.72,0.0,13.83
2026-06-01 07:14:00,Cloudy,19.17,86.43,134.39,2.3,0.0,13.99
2026-06-01 07:15:00,Cloudy,18.96,86.88,132.41,1.87,0.0,13.87
2026-06-01 07:16:00,Cloudy,18.98,86.19,144.45,2.02,0.0,14.06
2026-06-01 07:17:00,Cloudy,18.92,86.06,150.36,2.14,0.0,14.09
2026-06-01 07:18:00,Cloudy,19.0,86.93,150.03,1.82,0.0,13.86
2026-06-01 07:19:00,Cloudy,19.18,86.21,138.06,1.9,0.0,14.05
2026-06-01 07:20:00,Cloudy,19.1,84.99,149.58,2.03,0.0,14.38
2026-06-01 07:21:00,Cloudy,19.2,85.5,153.95,2.52,0.0,14.24
2026-06-01 07:22:00,Cloudy,19.22,85.73,146.86,2.06,0.0,14.18
2026-06-01 07:23:00,Cloudy,19.38,85.65,150.6,2.3,0.0,14.2
2026-06-01 07:24:00,Cloudy,19.15,86.37,142.28,2.23,0.0,14.01
2026-06-01 07:25:00,Cloudy,19.0,86.42,153.86,2.09,0.0,13.99
2026-06-01 07:26:00,Cloudy,19.4,85.49,148.97,1.84,0.0,14.24
2026-06-01 07:27:00,Cloudy,19.21,85.71,156.05,2.22,0.0,14.18
2026-06-01 07:28:00,Cloudy,19.44,84.62,149.04,1.76,0.0,14.48
2026-06-01 07:29:00,Cloudy,19.35,85.12,160.17,2.32,0.0,14.34
2026-06-01 07:30:00,Cloudy,19.29,85.45,163.72,2.07,0.0,14.25
2026-06-01 07:31:00,Cloudy,19.38,85.17,156.31,1.56,0.0,14.33
2026-06-01 07:32:00,Cloudy,19.64,83.34,155.8,1.98,0.0,14.84
2026-06-01 07:33:00,Cloudy,19.68,84.13,152.01,2.16,0.0,14.62
2026-06-01 07:34:00,Cloudy,19.39,85.19,162.44,2.01,0.0,14.32
2026-06-01 07:35:00,Cloudy,19.42,84.9,162.1,2.18,0.0,14.4
2026-06-01 07:36:00,Cloudy,19.58,84.48,158.46,1.9,0.0,14.52
2026-06-01 07:37:00,Cloudy,19.31,85.67,169.69,1.83,0.0,14.19
2026-06-01 07:38:00,Cloudy,19.51,84.19,166.36,2.05,0.0,14.6
2026-06-01 07:39:00,Cloudy,19.47,83.96,164.36,2.07,0.0,14.67
2026-06-01 07:40:00,Cloudy,19.54,84.53,168.21,2.01,0.0,14.51
2026-06-01 07:41:00,Cloudy,19.39,85.63,177.8,2.3,0.0,14.21
2026-06-01 07:42:00,Cloudy,19.29,86.44,176.61,1.93,0.0,13.99
2026-06-01 07:43:00,Cloudy,19.24,86.05,174.0,2.14,0.0,14.09
2026-06-01 07:44:00,Cloudy,19.4,84.25,179.15,2.1,0.0,14.59
2026-06-01 07:45:00,Cloudy,19.52,84.66,170.91,1.81,0.0,14.47
2026-06-01 07:46:00,Cloudy,19.56,84.83,178.45,1.86,0.0,14.42
2026-06-01 07:47:00,Cloudy,19.92,83.8,180.26,2.1,0.0,14.71
2026-06-01 07:48:00,Cloudy,19.81,84.31,178.12,2.46,0.0,14.57
2026-06-01 07:49:00,Cloudy,19.52,84.25,184.23,2.21,0.0,14.59
2026-06-01 07:50:00,Cloudy,19.74,84.24,178.75,1.8,0.0,14.59
2026-06-01 07:51:00,Cloudy,19.64,84.71,187.04,1.55,0.0,14.46
2026-06-01 07:52:00,Cloudy,19.68,84.85,188.48,2.25,0.0,14.42
2026-06-01 07:53:00,Cloudy,19.77,83.62,170.26,2.1,0.0,14.76
2026-06-01 07:54:00,Cloudy,19.86,83.66,194.47,2.33,0.0,14.75
2026-06-01 07:55:00,Cloudy,19.73,82.59,171.66,1.97,0.0,15.06
2026-06-01 07:56:00,Cloudy,19.96,83.2,186.59,2.19,0.0,14.88
2026-06-01 07:57:00,Cloudy,19.65,84.12,197.16,2.28,0.0,14.62
2026-06-01 07:58:00,Cloudy,19.84,83.29,190.61,2.05,0.0,14.86
2026-06-01 07:59:00,Cloudy,20.25,82.87,185.09,2.06,0.0,14.98
2026-06-01 08:00:00,Cloudy,19.92,83.67,188.38,2.15,0.0,14.75
2026-06-01 08:01:00,Cloudy,20.12,81.78,201.96,2.24,0.0,15.3
2026-06-01 08:02:00,Cloudy,19.94,83.77,185.72,2.15,0.0,14.72
2026-06-01 08:03:00,Cloudy,20.03,82.83,204.95,2.33,0.0,14.99
2026-06-01 08:04:00,Cloudy,19.96,83.88,199.05,2.07,0.0,14.69
2026-06-01 08:05:00,Cloudy,19.96,82.81,193.36,1.92,0.0,15.0
2026-06-01 08:06:00,Cloudy,19.89,83.8,198.14,2.52,0.0,14.71
2026-06-01 08:07:00,Cloudy,20.09,83.05,196.62,2.06,0.0,14.93
2026-06-01 08:08:00,Cloudy,19.92,83.88,209.25,2.07,0.0,14.69
2026-06-01 08:09:00,Cloudy,20.17,83.08,209.59,2.16,0.0,14.92
2026-06-01 08:10:00,Cloudy,20.25,82.62,195.58,2.19,0.0,15.05
2026-06-01 08:11:00,Cloudy,20.16,82.09,204.84,2.11,0.0,15.21
2026-06-01 08:12:00,Cloudy,20.09,82.34,203.08,2.18,0.0,15.14
2026-06-01 08:13:00,Cloudy,20.22,82.51,217.73,2.18,0.0,15.09
2026-06-01 08:14:00,Cloudy,20.12,83.12,202.19,2.22,0.0,14.91
2026-06-01 08:15:00,Cloudy,20.33,82.18,222.04,1.77,0.0,15.15
2026-06-01 08:16:00,Cloudy,19.94,84.02,212.74,2.54,0.0,14.65
2026-06-01 08:17:00,Cloudy,20.18,82.79,206.61,2.18,0.0,15.0
2026-06-01 08:18:00,Cloudy,19.96,83.01,210.8,2.31,0.0,14.94
2026-06-01 08:19:00,Cloudy,20.05,83.16,211.08,1.96,0.0,14.9
2026-06-01 08:20:00,Cloudy,20.5,82.21,209.07,2.13,0.0,15.17
2026-06-01 08:21:00,Cloudy,20.45,82.41,219.11,2.1,0.0,15.11
2026-06-01 08:22:00,Cloudy,20.23,83.95,211.49,2.48,0.0,14.67
2026-06-01 08:23:00,Cloudy,20.14,82.69,206.24,2.12,0.0,15.03
2026-06-01 08:24:00,Cloudy,19.94,83.6,219.24,2.36,0.0,14.77
2026-06-01 08:25:00,Cloudy,20.32,82.83,210.8,2.11,0.0,14.99
2026-06-01 08:26:00,Cloudy,20.79,81.26,218.89,2.15,0.0,15.46
2026-06-01 08:27:00,Cloudy,20.51,81.75,218.88,2.19,0.0,15.31
2026-06-01 08:28:00,Cloudy,20.38,81.47,220.19,2.47,0.0,15.15
2026-06-01 08:29:00,Cloudy,20.56,81.61,240.81,1.9,0.0,15.35
2026-06-01 08:30:00,Cloudy,20.28,82.05,228.63,2.01,0.0,15.22
2026-06-01 08:31:00,Cloudy,20.49,81.07,231.0,1.9,0.0,15.51
2026-06-01 08:32:00,Cloudy,20.57,81.41,218.1,2.06,0.0,15.41
2026-06-01 08:33:00,Cloudy,20.56,81.27,226.9,2.11,0.0,15.45
2026-06-01 08:34:00,Cloudy,20.72,81.83,234.0,1.97,0.0,15.29
2026-06-01 08:35:00,Cloudy,20.67,81.96,226.38,2.13,0.0,15.25
2026-06-01 08:36:00,Cloudy,20.74,80.86,241.0,1.91,0.0,15.47
2026-06-01 08:37:00,Cloudy,20.56,81.75,227.16,2.09,0.0,15.31
2026-06-01 08:38:00,Cloudy,20.82,80.07,234.67,2.49,0.0,15.11
2026-06-01 08:39:00,Cloudy,20.95,80.52,233.57,2.35,0.0,15.32
2026-06-01 08:40:00,Cloudy,20.59,82.08,239.97,2.32,0.0,15.21
2026-06-01 08:41:00,Cloudy,20.62,82.24,235.22,2.11,0.0,15.16
2026-06-01 08:42:00,Cloudy,20.98,80.33,238.9,2.01,0.0,15.23
2026-06-01 08:43:00,Cloudy,20.77,81.96,240.17,2.09,0.0,15.25
2026-06-01 08:44:00,Cloudy,21.03,79.7,237.56,2.29,0.0,15.11
2026-06-01 08:45:00,Cloudy,20.78,80.56,247.49,2.46,0.0,15.18
2026-06-01 08:46:00,Cloudy,21.08,80.88,246.71,2.47,0.0,15.15
2026-06-01 08:47:00,Cloudy,20.91,81.95,245.32,2.42,0.0,15.25
2026-06-01 08:48:00,Cloudy,20.95,81.13,243.79,2.18,0.0,15.5
2026-06-01 08:49:00,Cloudy,21.17,80.2,253.92,2.32,0.0,15.21
2026-06-01 08:50:00,Cloudy,20.9,79.65,247.24,2.26,0.0,15.02
2026-06-01 08:51:00,Cloudy,20.84,79.93,247.7,2.28,0.0,15.06
2026-06-01 08:52:00,Cloudy,20.93,80.95,251.79,2.69,0.0,15.13
2026-06-01 08:53:00,Cloudy,21.09,80.22,264.82,2.01,0.0,15.19
2026-06-01 08:54:00,Cloudy,20.81,80.55,242.81,2.29,0.0,15.33
2026-06-01 08:55:00,Cloudy,21.16,80.27,259.84,2.55,0.0,15.21
2026-06-01 08:56:00,Cloudy,21.01,80.73,240.48,2.07,0.0,15.41
2026-06-01 08:57:00,Cloudy,21.29,80.46,257.61,2.23,0.0,15.3
2026-06-01 08:58:00,Cloudy,20.78,81.39,269.05,2.25,0.0,15.42
2026-06-01 08:59:00,Cloudy,21.04,81.31,261.67,2.31,0.0,15.44
2026-06-01 09:00:00,Cloudy,20.93,80.89,260.18,2.06,0.0,15.49
2026-06-01 09:01:00,Cloudy,21.08,80.4,255.46,2.46,0.0,15.21
2026-06-01 09:02:00,Cloudy,21.26,80.59,261.03,2.48,0.0,15.33
2026-06-01 09:03:00,Cloudy,21.22,79.48,259.77,2.45,0.0,15.25
2026-06-01 09:04:00,Cloudy,21.24,81.72,256.51,2.21,0.0,15.32
2026-06-01 09:05:00,Cloudy,21.27,80.16,261.36,2.38,0.0,15.29
2026-06-01 09:06:00,Cloudy,21.35,79.95,266.18,2.21,0.0,15.35
2026-06-01 09:07:00,Cloudy,21.19,80.47,259.43,2.32,0.0,15.3
2026-06-01 09:08:00,Cloudy,21.47,80.51,260.04,2.77,0.0,15.44
2026-06-01 09:09:00,Cloudy,21.49,79.81,256.51,2.4,0.0,15.45
2026-06-01 09:10:00,Cloudy,21.47,78.42,271.5,2.17,0.0,15.44
2026-06-01 09:11:00,Cloudy,21.52,80.09,273.69,2.42,0.0,15.48
2026-06-01 09:12:00,Cloudy,21.5,79.09,272.09,2.15,0.0,15.46
2026-06-01 09:13:00,Cloudy,21.79,78.57,278.98,2.18,0.0,15.68
2026-06-01 09:14:00,Cloudy,21.49,78.56,272.77,2.21,0.0,15.45
2026-06-01 09:15:00,Cloudy,21.48,79.67,276.17,2.32,0.0,15.45
2026-06-01 09:16:00,Cloudy,21.44,79.08,276.37,2.57,0.0,15.41
2026-06-01 09:17:00,Cloudy,21.42,79.58,274.03,2.51,0.0,15.4
2026-06-01 09:18:00,Cloudy,21.41,79.38,271.29,2.51,0.0,15.39
2026-06-01 09:19:00,Cloudy,21.49,80.49,294.96,2.22,0.0,15.45
2026-06-01 09:20:00,Cloudy,21.63,80.12,273.72,2.32,0.0,15.56
2026-06-01 09:21:00,Cloudy,21.72,78.72,272.81,2.47,0.0,15.63
2026-06-01 09:22:00,Cloudy,21.7,78.79,282.89,2.31,0.0,15.61
2026-06-01 09:23:00,Cloudy,21.6,78.8,282.26,2.38,0.0,15.54
2026-06-01 09:24:00,Cloudy,21.87,78.93,269.18,2.51,0.0,15.74
2026-06-01 09:25:00,Cloudy,21.87,78.07,291.39,2.37,0.0,15.74
2026-06-01 09:26:00,Cloudy,21.76,78.32,281.97,2.48,0.0,15.66
2026-06-01 09:27:00,Cloudy,21.71,79.3,274.18,2.73,0.0,15.62
2026-06-01 09:28:00,Cloudy,21.91,77.83,294.64,2.41,0.0,15.77
2026-06-01 09:29:00,Cloudy,21.88,78.21,290.71,2.66,0.0,15.75
2026-06-01 09:30:00,Cloudy,21.66,77.9,275.36,2.55,0.0,15.58
2026-06-01 09:31:00,Cloudy,21.89,78.64,302.37,2.19,0.0,15.76
2026-06-01 09:32:00,Cloudy,21.96,79.18,293.6,2.26,0.0,15.81
2026-06-01 09:33:00,Cloudy,21.81,78.86,288.67,2.31,0.0,15.7
2026-06-01 09:34:00,Cloudy,22.0,78.79,303.41,2.31,0.0,15.84
2026-06-01 09:35:00,Cloudy,21.78,78.02,291.82,2.45,0.0,15.67
2026-06-01 09:36:00,Cloudy,22.22,77.44,291.02,2.58,0.0,16.01
2026-06-01 09:37:00,Cloudy,22.23,76.71,286.3,2.7,0.0,16.02
2026-06-01 09:38:00,Cloudy,22.03,77.7,298.03,2.53,0.0,15.86
2026-06-01 09:39:00,Cloudy,22.14,77.97,297.93,2.4,0.0,15.95
2026-06-01 09:40:00,Cloudy,21.75,78.66,294.68,2.11,0.0,15.65
2026-06-01 09:41:00,Cloudy,21.96,77.17,288.36,2.5,0.0,15.81
2026-06-01 09:42:00,Cloudy,22.12,76.8,297.32,2.5,0.0,15.93
2026-06-01 09:43:00,Cloudy,22.02,77.02,296.35,2.53,0.0,15.86
2026-06-01 09:44:00,Cloudy,22.31,77.33,285.85,2.88,0.0,16.05
2026-06-01 09:45:00,Cloudy,22.53,77.68,285.38,2.72,0.0,15.92
2026-06-01 09:46:00,Cloudy,22.08,78.51,304.43,2.64,0.0,15.9
2026-06-01 09:47:00,Cloudy,22.15,76.35,276.71,2.33,0.0,15.96
2026-06-01 09:48:00,Cloudy,22.34,77.83,302.77,2.42,0.0,16.03
2026-06-01 09:49:00,Cloudy,22.57,76.9,297.37,2.5,0.0,15.9
2026-06-01 09:50:00,Cloudy,22.16,76.53,314.34,2.38,0.0,15.97
2026-06-01 09:51:00,Cloudy,22.41,76.59,298.75,2.61,0.0,15.99
2026-06-01 09:52:00,Cloudy,22.67,76.71,310.02,2.59,0.0,15.84
2026-06-01 09:53:00,Cloudy,22.17,77.77,301.14,2.33,0.0,15.97
2026-06-01 09:54:00,Cloudy,22.25,76.43,306.56,2.74,0.0,16.04
2026-06-01 09:55:00,Cloudy,22.4,77.16,313.04,2.55,0.0,16.0
2026-06-01 09:56:00,Cloudy,22.41,75.49,302.76,2.22,0.0,15.99
2026-06-01 09:57:00,Cloudy,22.63,76.02,316.97,2.53,0.0,15.86
2026-06-01 09:58:00,Cloudy,22.57,77.01,299.31,2.59,0.0,15.9
2026-06-01 09:59:00,Cloudy,22.29,77.11,311.97,2.72,0.0,16.06
2026-06-01 10:00:00,Cloudy,22.66,75.78,318.55,2.49,0.0,15.85
2026-06-01 10:01:00,Cloudy,22.52,77.01,316.85,2.7,0.0,15.93
2026-06-01 10:02:00,Cloudy,22.82,76.22,329.32,2.59,0.0,15.75
2026-06-01 10:03:00,Cloudy,22.56,77.15,304.99,2.32,0.0,15.9
2026-06-01 10:04:00,Cloudy,22.58,76.83,299.9,2.3,0.0,15.89
2026-06-01 10:05:00,Cloudy,22.78,76.4,304.2,2.76,0.0,15.78
2026-06-01 10:06:00,Cloudy,22.84,76.03,320.49,2.78,0.0,15.74
2026-06-01 10:07:00,Cloudy,22.81,75.82,319.67,2.63,0.0,15.76
2026-06-01 10:08:00,Cloudy,22.51,76.54,316.62,2.84,0.0,15.93
2026-06-01 10:09:00,Cloudy,22.87,75.35,305.69,2.76,0.0,15.72
2026-06-01 10:10:00,Cloudy,22.66,75.36,324.33,2.7,0.0,15.85
2026-06-01 10:11:00,Cloudy,22.87,74.92,306.04,2.42,0.0,15.72
2026-06-01 10:12:00,Cloudy,22.64,75.95,329.46,2.89,0.0,15.86
2026-06-01 10:13:00,Cloudy,22.95,75.42,346.42,2.68,0.0,15.68
2026-06-01 10:14:00,Cloudy,22.78,76.6,323.25,2.52,0.0,15.78
2026-06-01 10:15:00,Cloudy,22.73,75.85,326.01,2.47,0.0,15.8
2026-06-01 10:16:00,Cloudy,23.06,75.58,316.31,2.64,0.0,15.62
2026-06-01 10:17:00,Cloudy,23.01,75.76,304.25,2.3,0.0,15.64
2026-06-01 10:18:00,Cloudy,22.9,75.27,316.54,2.73,0.0,15.71
2026-06-01 10:19:00,Cloudy,23.23,74.84,312.42,2.43,0.0,15.52
2026-06-01 10:20:00,Cloudy,22.97,75.06,309.61,2.67,0.0,15.67
2026-06-01 10:21:00,Cloudy,23.07,75.75,341.05,2.52,0.0,15.61
2026-06-01 10:22:00,Cloudy,23.12,75.17,327.59,2.56,0.0,15.58
2026-06-01 10:23:00,Cloudy,23.01,74.39,329.26,2.48,0.0,15.64
2026-06-01 10:24:00,Cloudy,23.2,74.68,323.16,2.59,0.0,15.54
2026-06-01 10:25:00,Cloudy,23.07,75.93,325.1,2.96,0.0,15.61
2026-06-01 10:26:00,Cloudy,23.11,74.73,336.89,2.87,0.0,15.59
2026-06-01 10:27:00,Cloudy,23.39,74.31,327.71,2.69,0.0,15.43
2026-06-01 10:28:00,Cloudy,23.05,75.31,333.86,2.62,0.0,15.62
2026-06-01 10:29:00,Cloudy,22.87,74.88,327.29,2.78,0.0,15.72
2026-06-01 10:30:00,Cloudy,23.49,74.08,326.44,2.84,0.0,15.37
2026-06-01 10:31:00,Cloudy,23.66,72.45,316.47,2.49,0.0,15.28
2026-06-01 10:32:00,Cloudy,23.25,74.06,311.37,2.63,0.0,15.51
2026-06-01 10:33:00,Cloudy,23.05,75.64,328.99,2.32,0.0,15.62
2026-06-01 10:34:00,Cloudy,23.32,74.45,332.73,2.85,0.0,15.47
2026-06-01 10:35:00,Cloudy,23.36,73.96,319.9,3.02,0.0,15.45
2026-06-01 10:36:00,Cloudy,23.4,74.29,332.96,2.67,0.0,15.42
2026-06-01 10:37:00,Cloudy,23.29,74.3,334.41,2.27,0.0,15.48
2026-06-01 10:38:00,Cloudy,23.57,73.56,312.8,2.77,0.0,15.33
2026-06-01 10:39:00,Cloudy,23.59,73.89,325.79,2.5,0.0,15.32
2026-06-01 10:40:00,Cloudy,23.32,73.82,339.63,2.54,0.0,15.47
2026-06-01 10:41:00,Cloudy,23.67,73.29,339.98,2.78,0.0,15.27
2026-06-01 10:42:00,Cloudy,23.9,72.44,324.97,2.71,0.0,15.14
2026-06-01 10:43:00,Cloudy,23.65,72.39,338.76,2.58,0.0,15.28
2026-06-01 10:44:00,Cloudy,23.6,72.92,348.05,2.56,0.0,15.31
2026-06-01 10:45:00,Cloudy,23.65,74.26,346.1,2.7,0.0,15.28
2026-06-01 10:46:00,Cloudy,23.79,73.16,337.77,2.61,0.0,15.2
2026-06-01 10:47:00,Cloudy,23.47,73.04,334.49,2.48,0.0,15.38
2026-06-01 10:48:00,Cloudy,23.78,72.04,333.35,2.62,0.0,15.21
2026-06-01 10:49:00,Cloudy,23.72,73.06,345.05,2.75,0.0,15.24
2026-06-01 10:50:00,Cloudy,24.09,73.06,342.77,2.66,0.0,15.04
2026-06-01 10:51:00,Cloudy,23.81,72.78,347.72,2.44,0.0,15.19
2026-06-01 10:52:00,Cloudy,24.11,72.83,343.12,2.87,0.0,15.03
2026-06-01 10:53:00,Cloudy,23.72,73.34,350.66,2.2,0.0,15.24
2026-06-01 10:54:00,Cloudy,24.0,72.63,343.71,2.62,0.0,15.09
2026-06-01 10:55:00,Cloudy,23.99,71.59,351.3,2.59,0.0,15.09
2026-06-01 10:56:00,Cloudy,23.84,73.38,352.67,2.73,0.0,15.18
2026-06-01 10:57:00,Cloudy,24.02,72.1,335.85,2.81,0.0,15.08
2026-06-01 10:58:00,Cloudy,24.2,72.32,325.93,2.91,0.0,14.98
2026-06-01 10:59:00,Cloudy,24.0,71.88,361.06,2.58,0.0,15.09
2026-06-01 11:00:00,Cloudy,23.82,72.98,348.2,2.82,0.0,15.19
2026-06-01 11:01:00,Cloudy,24.09,72.31,328.19,2.75,0.0,15.04
2026-06-01 11:02:00,Cloudy,23.99,72.3,339.01,2.41,0.0,15.09
2026-06-01 11:03:00,Cloudy,24.1,72.33,354.9,3.06,0.0,15.03
2026-06-01 11:04:00,Cloudy,24.16,71.75,344.39,2.47,0.0,15.0
2026-06-01 11:05:00,Cloudy,23.94,72.13,342.4,2.8,0.0,15.12
2026-06-01 11:06:00,Cloudy,23.98,73.37,362.79,2.8,0.0,15.1
2026-06-01 11:07:00,Cloudy,24.32,72.09,337.63,2.78,0.0,14.91
2026-06-01 11:08:00,Cloudy,24.2,71.36,340.64,2.65,0.0,14.98
2026-06-01 11:09:00,Cloudy,23.91,72.93,351.63,2.89,0.0,15.14
2026-06-01 11:10:00,Cloudy,24.44,70.68,353.91,2.46,0.0,14.85
2026-06-01 11:11:00,Cloudy,24.39,70.56,355.43,2.73,0.0,14.88
2026-06-01 11:12:00,Cloudy,24.27,72.23,360.2,2.64,0.0,14.94
2026-06-01 11:13:00,Cloudy,24.2,70.77,353.1,2.62,0.0,14.98
2026-06-01 11:14:00,Cloudy,24.55,71.38,356.55,2.83,0.0,14.79
2026-06-01 11:15:00,Cloudy,24.5,70.81,349.04,2.94,0.0,14.82
2026-06-01 11:16:00,Cloudy,24.83,69.92,352.81,2.69,0.0,14.96
2026-06-01 11:17:00,Cloudy,24.56,71.04,353.66,2.9,0.0,14.78
2026-06-01 11:18:00,Cloudy,24.58,71.09,355.16,2.77,0.0,14.77
2026-06-01 11:19:00,Cloudy,24.52,70.4,361.44,2.6,0.0,14.81
2026-06-01 11:20:00,Cloudy,24.7,70.85,359.5,2.72,0.0,14.71
2026-06-01 11:21:00,Cloudy,24.69,70.5,354.43,2.71,0.0,14.71
2026-06-01 11:22:00,Cloudy,24.81,69.35,345.7,2.64,0.0,17.07
2026-06-01 11:23:00,Cloudy,24.57,70.67,355.37,2.85,0.0,14.78
2026-06-01 11:24:00,Cloudy,24.61,71.5,354.69,2.81,0.0,14.76
2026-06-01 11:25:00,Cloudy,24.63,71.62,357.38,2.49,0.0,14.75
2026-06-01 11:26:00,Cloudy,24.84,70.45,379.19,2.48,0.0,14.63
2026-06-01 11:27:00,Cloudy,24.97,68.94,350.37,2.85,0.0,18.44
2026-06-01 11:28:00,Cloudy,24.7,70.7,360.8,2.63,0.0,14.71
2026-06-01 11:29:00,Cloudy,24.73,70.83,368.02,2.84,0.0,14.69
2026-06-01 11:30:00,Cloudy,24.87,70.38,357.95,2.93,0.0,14.62
2026-06-01 11:31:00,Cloudy,24.81,70.58,382.26,2.56,0.0,14.65
2026-06-01 11:32:00,Cloudy,25.01,69.77,353.45,2.53,0.0,15.42
2026-06-01 11:33:00,Cloudy,24.55,70.77,361.27,3.09,0.0,14.79
2026-06-01 11:34:00,Cloudy,24.79,69.79,349.5,2.86,0.0,15.49
2026-06-01 11:35:00,Cloudy,24.82,68.93,354.58,2.72,0.0,18.48
2026-06-01 11:36:00,Cloudy,24.62,70.85,361.32,2.63,0.0,14.75
2026-06-01 11:37:00,Cloudy,24.84,70.12,368.02,2.71,0.0,14.63
2026-06-01 11:38:00,Cloudy,24.88,70.26,362.62,2.59,0.0,14.61
2026-06-01 11:39:00,Cloudy,25.01,68.76,373.02,2.96,0.0,19.09
2026-06-01 11:40:00,Cloudy,25.23,69.33,358.67,2.67,0.0,16.99
2026-06-01 11:41:00,Cloudy,25.05,70.68,356.36,3.0,0.0,14.52
2026-06-01 11:42:00,Cloudy,24.95,69.76,389.42,2.74,0.0,15.5
2026-06-01 11:43:00,Cloudy,25.12,69.2,364.7,2.62,0.0,17.48
2026-06-01 11:44:00,Cloudy,25.31,68.9,352.89,2.74,0.0,18.58
2026-06-01 11:45:00,Cloudy,25.03,70.71,353.39,2.34,0.0,14.53
2026-06-01 11:46:00,Cloudy,25.07,68.78,350.92,2.8,0.0,19.02
2026-06-01 11:47:00,Cloudy,25.31,68.84,371.51,2.79,0.0,18.8
2026-06-01 11:48:00,Cloudy,25.22,68.5,357.62,2.97,0.0,20.01
2026-06-01 11:49:00,Cloudy,25.37,68.22,363.17,2.48,0.0,20.98
2026-06-01 11:50:00,Cloudy,25.29,68.73,361.3,3.03,0.0,19.2
2026-06-01 11:51:00,Cloudy,25.42,69.21,370.14,2.97,0.0,17.44
2026-06-01 11:52:00,Cloudy,25.19,70.14,353.18,3.05,0.0,14.45
2026-06-01 11:53:00,Cloudy,25.36,68.84,350.88,2.82,0.0,18.8
2026-06-01 11:54:00,Cloudy,25.36,68.36,365.21,3.02,0.0,20.5
2026-06-01 11:55:00,Cloudy,25.23,70.44,369.49,2.57,0.0,14.43
2026-06-01 11:56:00,Cloudy,25.2,68.77,366.75,2.96,0.0,19.05
2026-06-01 11:57:00,Cloudy,25.56,67.68,354.47,2.7,0.0,22.79
2026-06-01 11:58:00,Cloudy,25.43,67.32,370.85,2.54,0.0,23.96
2026-06-01 11:59:00,Cloudy,25.35,69.44,355.51,2.64,0.0,16.57
2026-06-01 12:00:00,Cloudy,25.51,68.74,358.09,2.84,0.0,19.16
2026-06-01 12:01:00,Cloudy,25.72,69.03,353.62,2.7,0.0,18.11
2026-06-01 12:02:00,Cloudy,25.23,68.11,378.29,2.91,0.0,21.36
2026-06-01 12:03:00,Cloudy,25.37,69.43,371.14,2.52,0.0,16.61
2026-06-01 12:04:00,Cloudy,25.48,68.29,370.96,2.47,0.0,20.74
2026-06-01 12:05:00,Cloudy,25.86,67.68,378.12,3.1,0.0,22.79
2026-06-01 12:06:00,Cloudy,25.7,66.63,395.37,3.02,0.0,26.11
2026-06-01 12:07:00,Cloudy,25.8,68.24,346.02,2.67,0.0,20.91
2026-06-01 12:08:00,Cloudy,25.54,68.56,356.76,2.86,0.0,19.8
2026-06-01 12:09:00,Cloudy,25.56,68.0,358.21,3.04,0.0,21.73
2026-06-01 12:10:00,Cloudy,25.82,67.69,355.74,2.94,0.0,22.76
2026-06-01 12:11:00,Cloudy,25.78,66.95,353.35,2.89,0.0,25.12
2026-06-01 12:12:00,Cloudy,25.88,66.79,361.97,3.06,0.0,25.62
2026-06-01 12:13:00,Cloudy,25.79,67.11,352.01,2.73,0.0,24.62
2026-06-01 12:14:00,Cloudy,25.88,66.02,369.1,2.87,0.0,27.92
2026-06-01 12:15:00,Cloudy,25.89,67.64,366.07,2.87,0.0,22.92
2026-06-01 12:16:00,Cloudy,26.0,67.51,370.85,2.82,0.0,23.35
2026-06-01 12:17:00,Cloudy,26.03,66.31,371.22,2.8,0.0,27.07
2026-06-01 12:18:00,Cloudy,25.68,67.89,372.33,2.89,0.0,22.1
2026-06-01 12:19:00,Cloudy,25.61,67.72,361.67,2.88,0.0,22.66
2026-06-01 12:20:00,Cloudy,26.12,66.66,389.1,2.69,0.0,26.01
2026-06-01 12:21:00,Cloudy,26.17,65.95,368.45,3.02,0.0,28.13
2026-06-01 12:22:00,Cloudy,25.86,66.66,345.47,2.7,0.0,26.01
2026-06-01 12:23:00,Cloudy,25.76,68.11,354.95,2.84,0.0,21.36
2026-06-01 12:24:00,Cloudy,26.07,66.56,346.88,2.83,0.0,26.32
2026-06-01 12:25:00,Cloudy,26.22,67.41,366.21,2.95,0.0,23.67
2026-06-01 12:26:00,Cloudy,26.37,65.8,364.7,2.5,0.0,28.56
2026-06-01 12:27:00,Cloudy,26.2,65.69,360.91,3.05,0.0,28.87
2026-06-01 12:28:00,Cloudy,26.09,67.3,388.15,2.77,0.0,24.02
2026-06-01 12:29:00,Cloudy,26.03,67.1,372.11,3.11,0.0,24.65
2026-06-01 12:30:00,Cloudy,26.19,66.72,374.05,2.8,0.0,25.83
2026-06-01 12:31:00,Cloudy,26.16,67.07,355.85,2.88,0.0,24.75
2026-06-01 12:32:00,Cloudy,26.07,66.2,355.1,3.24,0.0,27.39
2026-06-01 12:33:00,Cloudy,26.56,65.18,366.46,2.84,0.0,30.32
2026-06-01 12:34:00,Cloudy,26.54,65.21,367.94,3.12,0.0,30.23
2026-06-01 12:35:00,Cloudy,26.46,64.75,345.63,2.9,0.0,31.51
2026-06-01 12:36:00,Cloudy,26.17,66.16,364.01,2.97,0.0,27.51
2026-06-01 12:37:00,Cloudy,26.46,66.33,366.11,2.91,0.0,27.01
2026-06-01 12:38:00,Cloudy,26.45,65.7,363.55,3.05,0.0,28.85
2026-06-01 12:39:00,Cloudy,26.44,64.78,356.94,2.78,0.0,31.43
2026-06-01 12:40:00,Cloudy,26.58,64.26,359.9,2.73,0.0,32.86
2026-06-01 12:41:00,Cloudy,26.51,66.39,363.83,2.79,0.0,26.83
2026-06-01 12:42:00,Cloudy,26.54,65.23,366.71,2.92,0.0,30.18
2026-06-01 12:43:00,Cloudy,26.55,64.89,372.28,2.87,0.0,31.12
2026-06-01 12:44:00,Cloudy,26.52,65.18,377.43,3.04,0.0,30.32
2026-06-01 12:45:00,Cloudy,26.23,65.29,362.28,3.14,0.0,30.01
2026-06-01 12:46:00,Cloudy,26.53,66.19,360.42,2.73,0.0,27.42
2026-06-01 12:47:00,Cloudy,26.45,65.31,370.14,2.78,0.0,29.95
2026-06-01 12:48:00,Cloudy,26.36,66.62,371.94,2.65,0.0,26.14
2026-06-01 12:49:00,Cloudy,26.83,64.54,360.4,3.28,0.0,32.09
2026-06-01 12:50:00,Cloudy,26.85,65.29,373.71,2.97,0.0,30.01
2026-06-01 12:51:00,Cloudy,26.82,64.68,375.68,3.0,0.0,31.7
2026-06-01 12:52:00,Cloudy,26.67,65.45,378.98,2.68,0.0,29.56
2026-06-01 12:53:00,Cloudy,26.86,64.86,384.18,2.92,0.0,31.21
2026-06-01 12:54:00,Cloudy,26.67,65.3,355.13,3.01,0.0,29.98
2026-06-01 12:55:00,Cloudy,26.72,65.0,364.63,2.87,0.0,30.82
2026-06-01 12:56:00,Cloudy,26.55,65.14,364.47,3.11,0.0,30.43
2026-06-01 12:57:00,Cloudy,26.79,65.76,363.14,3.34,0.0,28.67
2026-06-01 12:58:00,Cloudy,26.76,64.15,356.98,2.75,0.0,33.16
2026-06-01 12:59:00,Cloudy,26.57,65.21,347.71,2.74,0.0,30.23
2026-06-01 13:00:00,Cloudy,26.78,64.64,364.79,2.77,0.0,31.82
2026-06-01 13:01:00,Cloudy,26.8,64.83,355.24,3.21,0.0,31.29
2026-06-01 13:02:00,Cloudy,27.1,63.5,364.4,3.11,0.0,34.96
2026-06-01 13:03:00,Cloudy,26.98,64.27,354.64,2.9,0.0,32.83
2026-06-01 13:04:00,Cloudy,26.87,64.29,351.14,2.93,0.0,32.78
2026-06-01 13:05:00,Cloudy,26.92,63.3,365.5,2.78,0.0,35.51
2026-06-01 13:06:00,Cloudy,26.91,64.28,364.41,3.09,0.0,32.81
2026-06-01 13:07:00,Cloudy,26.89,63.67,368.88,2.86,0.0,34.49
2026-06-01 13:08:00,Cloudy,26.78,63.6,386.15,2.88,0.0,34.68
2026-06-01 13:09:00,Cloudy,26.93,64.29,365.21,3.04,0.0,32.78
2026-06-01 13:10:00,Cloudy,26.86,64.69,367.26,2.9,0.0,31.68
2026-06-01 13:11:00,Cloudy,26.81,64.88,350.09,2.89,0.0,31.15
2026-06-01 13:12:00,Cloudy,27.09,64.12,347.61,2.94,0.0,33.25
2026-06-01 13:13:00,Cloudy,27.09,62.61,378.52,3.08,0.0,37.43
2026-06-01 13:14:00,Cloudy,26.78,63.81,351.13,3.23,0.0,34.1
2026-06-01 13:15:00,Cloudy,27.05,65.07,349.6,3.04,0.0,30.62
2026-06-01 13:16:00,Cloudy,27.23,62.74,360.25,3.08,0.0,37.06
2026-06-01 13:17:00,Cloudy,27.26,63.66,359.46,2.9,0.0,34.51
2026-06-01 13:18:00,Cloudy,27.27,62.85,350.44,2.81,0.0,36.76
2026-06-01 13:19:00,Cloudy,27.14,63.67,356.66,3.06,0.0,34.49
2026-06-01 13:20:00,Cloudy,27.03,63.56,372.96,2.97,0.0,34.79
2026-06-01 13:21:00,Cloudy,27.01,64.33,350.75,2.68,0.0,32.67
2026-06-01 13:22:00,Cloudy,27.24,63.43,344.16,2.88,0.0,35.15
2026-06-01 13:23:00,Cloudy,27.27,63.02,369.06,2.93,0.0,36.28
2026-06-01 13:24:00,Cloudy,27.42,62.23,363.94,2.85,0.0,38.49
2026-06-01 13:25:00,Cloudy,27.41,63.05,351.69,3.21,0.0,36.2
2026-06-01 13:26:00,Cloudy,27.24,62.63,341.08,3.03,0.0,37.37
2026-06-01 13:27:00,Cloudy,27.09,64.03,349.8,3.19,0.0,33.49
2026-06-01 13:28:00,Cloudy,27.25,64.91,356.91,2.99,0.0,31.07
2026-06-01 13:29:00,Cloudy,27.35,63.88,369.7,2.96,0.0,33.91
2026-06-01 13:30:00,Cloudy,27.3,63.62,345.8,2.78,0.0,34.62
2026-06-01 13:31:00,Cloudy,27.26,63.25,355.69,2.95,0.0,35.65
2026-06-01 13:32:00,Cloudy,27.4,61.75,363.5,2.95,0.0,39.85
2026-06-01 13:33:00,Cloudy,27.3,62.39,330.54,2.7,0.0,38.04
2026-06-01 13:34:00,Cloudy,27.3,63.95,366.67,2.85,0.0,33.71
2026-06-01 13:35:00,Cloudy,27.46,62.27,342.71,2.89,0.0,38.38
2026-06-01 13:36:00,Cloudy,27.37,62.58,358.52,3.02,0.0,37.51
2026-06-01 13:37:00,Cloudy,27.48,62.58,357.27,3.03,0.0,37.51
2026-06-01 13:38:00,Cloudy,27.5,61.99,365.83,2.84,0.0,39.17
2026-06-01 13:39:00,Cloudy,27.31,62.43,359.81,3.03,0.0,37.93
2026-06-01 13:40:00,Cloudy,27.42,62.82,328.39,2.92,0.0,36.84
2026-06-01 13:41:00,Cloudy,27.73,61.47,344.93,2.43,0.0,40.65
2026-06-01 13:42:00,Cloudy,27.35,62.6,354.35,2.86,0.0,37.45
2026-06-01 13:43:00,Cloudy,27.23,62.93,350.46,3.14,0.0,36.53
2026-06-01 13:44:00,Cloudy,27.28,63.56,357.19,2.65,0.0,34.79
2026-06-01 13:45:00,Cloudy,27.58,62.28,360.1,2.97,0.0,38.35
2026-06-01 13:46:00,Cloudy,27.59,62.26,357.81,3.24,0.0,38.41
2026-06-01 13:47:00,Cloudy,27.59,62.75,348.75,2.81,0.0,37.04
2026-06-01 13:48:00,Cloudy,27.8,61.71,331.19,2.95,0.0,39.96
2026-06-01 13:49:00,Cloudy,27.24,63.2,345.43,2.72,0.0,35.79
2026-06-01 13:50:00,Cloudy,27.71,62.33,354.19,3.24,0.0,38.21
2026-06-01 13:51:00,Cloudy,27.9,61.92,337.98,2.94,0.0,39.37
2026-06-01 13:52:00,Cloudy,27.51,62.51,355.61,2.96,0.0,37.71
2026-06-01 13:53:00,Cloudy,27.64,62.29,358.08,3.2,0.0,38.32
2026-06-01 13:54:00,Cloudy,27.6,61.89,349.49,3.07,0.0,39.45
2026-06-01 13:55:00,Cloudy,27.59,61.86,315.78,2.79,0.0,37.88
2026-06-01 13:56:00,Cloudy,27.69,62.56,333.99,2.84,0.0,37.57
2026-06-01 13:57:00,Cloudy,27.97,61.59,366.5,3.04,0.0,40.31
2026-06-01 13:58:00,Cloudy,28.05,61.39,340.75,2.84,0.0,40.88
2026-06-01 13:59:00,Cloudy,27.74,62.15,325.39,2.57,0.0,38.72
2026-06-01 14:00:00,Cloudy,28.09,61.03,358.34,2.94,0.0,41.92
2026-06-01 14:01:00,Cloudy,27.82,62.16,345.22,2.69,0.0,38.69
2026-06-01 14:02:00,Cloudy,28.09,61.55,356.05,3.24,0.0,40.42
2026-06-01 14:03:00,Cloudy,27.83,62.27,347.02,2.98,0.0,38.38
2026-06-01 14:04:00,Cloudy,27.88,61.53,348.42,2.79,0.0,40.48
2026-06-01 14:05:00,Cloudy,27.93,62.28,346.95,2.83,0.0,38.35
2026-06-01 14:06:00,Cloudy,28.36,60.37,349.91,2.61,0.0,43.88
2026-06-01 14:07:00,Cloudy,28.03,61.55,365.64,2.75,0.0,40.42
2026-06-01 14:08:00,Cloudy,27.81,61.95,351.72,3.13,0.0,39.28
2026-06-01 14:09:00,Cloudy,28.07,61.19,325.09,3.35,0.0,39.73
2026-06-01 14:10:00,Cloudy,27.89,61.12,345.34,3.08,0.0,41.66
2026-06-01 14:11:00,Cloudy,27.88,62.0,351.92,2.93,0.0,39.14
2026-06-01 14:12:00,Cloudy,28.1,62.66,352.02,2.87,0.0,37.29
2026-06-01 14:13:00,Cloudy,27.99,61.06,334.91,2.78,0.0,41.64
2026-06-01 14:14:00,Cloudy,28.04,61.19,350.57,3.32,0.0,41.46
2026-06-01 14:15:00,Cloudy,28.01,60.95,347.63,2.92,0.0,42.16
2026-06-01 14:16:00,Cloudy,28.07,60.75,363.75,3.33,0.0,42.75
2026-06-01 14:17:00,Cloudy,28.1,61.9,329.57,3.2,0.0,39.42
2026-06-01 14:18:00,Cloudy,27.76,61.52,331.5,2.64,0.0,40.51
2026-06-01 14:19:00,Cloudy,28.16,60.52,332.99,2.83,0.0,41.36
2026-06-01 14:20:00,Cloudy,27.93,60.5,330.6,2.83,0.0,40.91
2026-06-01 14:21:00,Cloudy,27.87,61.15,326.04,2.93,0.0,39.91
2026-06-01 14:22:00,Cloudy,28.09,59.97,306.71,2.94,0.0,37.17
2026-06-01 14:23:00,Cloudy,28.12,61.28,329.52,3.49,0.0,40.53
2026-06-01 14:24:00,Cloudy,28.02,62.87,337.0,2.75,0.0,36.7
2026-06-01 14:25:00,Cloudy,28.26,60.3,327.82,2.99,0.0,40.44
2026-06-01 14:26:00,Cloudy,27.95,60.39,351.45,3.06,0.0,43.82
2026-06-01 14:27:00,Cloudy,28.1,61.51,331.72,2.95,0.0,40.54
2026-06-01 14:28:00,Cloudy,28.08,60.58,343.83,2.97,0.0,43.25
2026-06-01 14:29:00,Cloudy,28.18,61.53,333.01,2.76,0.0,40.48
2026-06-01 14:30:00,Cloudy,28.24,60.42,338.0,2.96,0.0,42.37
2026-06-01 14:31:00,Cloudy,28.06,60.71,331.99,3.04,0.0,41.14
2026-06-01 14:32:00,Cloudy,28.33,60.23,342.12,3.0,0.0,43.25
2026-06-01 14:33:00,Cloudy,28.24,61.03,328.57,3.05,0.0,40.41
2026-06-01 14:34:00,Cloudy,27.96,61.22,332.29,3.2,0.0,41.08
2026-06-01 14:35:00,Cloudy,27.96,61.06,330.39,3.11,0.0,40.75
2026-06-01 14:36:00,Cloudy,28.26,60.39,323.36,2.95,0.0,39.64
2026-06-01 14:37:00,Cloudy,28.24,59.81,329.51,2.73,0.0,40.84
2026-06-01 14:38:00,Cloudy,28.27,60.73,346.71,2.83,0.0,42.8
2026-06-01 14:39:00,Cloudy,28.29,59.36,321.66,2.9,0.0,39.58
2026-06-01 14:40:00,Cloudy,28.34,60.03,327.73,2.99,0.0,40.48
2026-06-01 14:41:00,Cloudy,28.46,60.42,335.2,2.85,0.0,41.81
2026-06-01 14:42:00,Cloudy,28.16,60.97,333.4,2.77,0.0,41.36
2026-06-01 14:43:00,Cloudy,28.17,61.14,321.83,2.72,0.0,39.17
2026-06-01 14:44:00,Cloudy,28.19,60.68,298.11,2.64,0.0,35.78
2026-06-01 14:45:00,Cloudy,28.41,60.82,325.37,2.89,0.0,39.88
2026-06-01 14:46:00,Cloudy,28.56,60.24,298.45,2.67,0.0,35.98
2026-06-01 14:47:00,Cloudy,28.32,60.63,333.14,2.75,0.0,41.37
2026-06-01 14:48:00,Cloudy,28.02,61.75,320.01,2.86,0.0,38.64
2026-06-01 14:49:00,Cloudy,28.15,61.28,327.25,2.69,0.0,40.1
2026-06-01 14:50:00,Cloudy,28.29,60.18,308.45,3.0,0.0,37.36
2026-06-01 14:51:00,Cloudy,28.34,59.49,301.61,3.07,0.0,36.62
2026-06-01 14:52:00,Cloudy,28.37,60.46,318.13,2.83,0.0,38.75
2026-06-01 14:53:00,Cloudy,28.45,60.32,314.64,2.85,0.0,38.24
2026-06-01 14:54:00,Cloudy,28.41,60.77,309.63,3.03,0.0,37.34
2026-06-01 14:55:00,Cloudy,28.62,58.96,314.35,2.8,0.0,38.52
2026-06-01 14:56:00,Cloudy,28.37,59.67,338.82,2.79,0.0,42.63
2026-06-01 14:57:00,Cloudy,28.35,60.54,319.95,3.14,0.0,39.03
2026-06-01 14:58:00,Cloudy,28.56,59.64,321.22,3.09,0.0,39.45
2026-06-01 14:59:00,Cloudy,28.27,59.36,318.56,3.03,0.0,39.08
2026-06-01 15:00:00,Cloudy,28.57,59.89,323.73,3.09,0.0,39.82
2026-06-01 15:01:00,Cloudy,28.53,58.65,307.47,2.57,0.0,37.6
2026-06-01 15:02:00,Cloudy,28.5,59.28,289.49,3.17,0.0,35.2
2026-06-01 15:03:00,Cloudy,28.77,59.91,306.02,2.99,0.0,37.09
2026-06-01 15:04:00,Cloudy,28.45,61.09,314.5,3.1,0.0,37.97
2026-06-01 15:05:00,Cloudy,28.86,58.12,297.36,2.99,0.0,36.39
2026-06-01 15:06:00,Cloudy,28.53,59.58,303.9,2.93,0.0,36.9
2026-06-01 15:07:00,Cloudy,28.38,60.22,298.44,2.87,0.0,35.99
2026-06-01 15:08:00,Cloudy,28.59,60.68,317.7,2.98,0.0,38.62
2026-06-01 15:09:00,Cloudy,28.43,59.77,310.06,2.86,0.0,37.71
2026-06-01 15:10:00,Cloudy,28.48,59.62,308.38,3.07,0.0,37.5
2026-06-01 15:11:00,Cloudy,28.66,60.34,307.32,2.63,0.0,37.15
2026-06-01 15:12:00,Cloudy,28.69,59.09,300.58,2.81,0.0,36.59
2026-06-01 15:13:00,Cloudy,28.53,60.22,301.92,3.28,0.0,36.44
2026-06-01 15:14:00,Cloudy,28.77,58.21,288.71,2.8,0.0,35.37
2026-06-01 15:15:00,Cloudy,28.81,58.9,278.98,2.87,0.0,34.19
2026-06-01 15:16:00,Cloudy,28.86,57.87,299.11,2.75,0.0,36.65
2026-06-01 15:17:00,Cloudy,28.73,58.59,299.85,2.97,0.0,36.61
2026-06-01 15:18:00,Cloudy,28.86,59.36,306.91,2.77,0.0,37.36
2026-06-01 15:19:00,Cloudy,28.38,60.16,309.28,2.87,0.0,37.48
2026-06-01 15:20:00,Cloudy,28.62,59.32,308.42,3.06,0.0,37.58
2026-06-01 15:21:00,Cloudy,28.55,59.28,284.94,2.78,0.0,34.7
2026-06-01 15:22:00,Cloudy,28.7,59.16,289.82,3.04,0.0,35.27
2026-06-01 15:23:00,Cloudy,28.61,59.74,296.3,3.05,0.0,35.87
2026-06-01 15:24:00,Cloudy,28.67,59.97,313.39,3.09,0.0,38.14
2026-06-01 15:25:00,Cloudy,28.99,56.93,303.33,2.92,0.0,37.24
2026-06-01 15:26:00,Cloudy,28.69,58.84,299.32,3.48,0.0,36.48
2026-06-01 15:27:00,Cloudy,28.78,59.18,285.4,3.08,0.0,34.78
2026-06-01 15:28:00,Cloudy,28.69,59.27,280.28,2.95,0.0,34.22
2026-06-01 15:29:00,Cloudy,28.74,59.43,293.86,2.73,0.0,35.67
2026-06-01 15:30:00,Cloudy,28.74,59.36,276.76,2.87,0.0,33.85
2026-06-01 15:31:00,Cloudy,28.81,58.81,283.32,3.15,0.0,34.66
2026-06-01 15:32:00,Cloudy,28.92,58.37,283.52,3.2,0.0,34.78
2026-06-01 15:33:00,Cloudy,29.0,58.32,297.19,3.15,0.0,36.33
2026-06-01 15:34:00,Cloudy,28.81,59.7,279.76,3.03,0.0,34.04
2026-06-01 15:35:00,Cloudy,28.85,58.43,261.27,2.66,0.0,32.71
2026-06-01 15:36:00,Cloudy,28.6,59.55,285.27,2.97,0.0,34.66
2026-06-01 15:37:00,Cloudy,28.76,59.24,274.27,2.66,0.0,33.64
2026-06-01 15:38:00,Cloudy,28.92,59.62,279.61,2.61,0.0,34.05
2026-06-01 15:39:00,Cloudy,28.92,58.52,277.65,2.92,0.0,34.16
2026-06-01 15:40:00,Cloudy,28.82,59.53,275.2,2.97,0.0,33.64
2026-06-01 15:41:00,Cloudy,28.93,59.4,283.14,3.04,0.0,34.48
2026-06-01 15:42:00,Cloudy,28.88,58.77,263.01,2.96,0.0,32.77
2026-06-01 15:43:00,Cloudy,28.99,58.38,270.52,2.97,0.0,33.52
2026-06-01 15:44:00,Cloudy,28.86,58.67,279.5,2.69,0.0,34.3
2026-06-01 15:45:00,Cloudy,28.76,58.97,267.94,2.85,0.0,33.14
2026-06-01 15:46:00,Cloudy,28.87,59.34,258.92,2.6,0.0,32.27
2026-06-01 15:47:00,Cloudy,28.39,60.31,276.57,2.5,0.0,33.5
2026-06-01 15:48:00,Cloudy,28.89,58.92,279.31,3.0,0.0,34.22
2026-06-01 15:49:00,Cloudy,28.29,59.77,268.92,2.73,0.0,32.98
2026-06-01 15:50:00,Cloudy,28.58,59.06,252.57,3.02,0.0,31.85
2026-06-01 15:51:00,Cloudy,28.91,60.0,273.09,3.06,0.0,33.28
2026-06-01 15:52:00,Cloudy,28.92,58.59,253.22,2.75,0.0,32.03
2026-06-01 15:53:00,Cloudy,28.68,58.9,268.01,2.96,0.0,33.17
2026-06-01 15:54:00,Cloudy,28.75,60.03,257.56,2.73,0.0,31.91
2026-06-01 15:55:00,Cloudy,29.06,58.46,254.48,2.52,0.0,32.16
2026-06-01 15:56:00,Cloudy,28.79,59.4,259.22,2.87,0.0,32.27
2026-06-01 15:57:00,Cloudy,29.2,57.83,260.31,2.76,0.0,32.73
2026-06-01 15:58:00,Cloudy,28.87,58.65,255.75,2.77,0.0,32.21
2026-06-01 15:59:00,Cloudy,28.93,58.55,264.41,3.2,0.0,32.94
2026-06-01 16:00:00,Cloudy,29.12,57.31,255.39,2.57,0.0,32.38
2026-06-01 16:01:00,Cloudy,28.9,58.7,265.47,2.91,0.0,33.0
2026-06-01 16:02:00,Cloudy,28.73,59.4,259.08,2.66,0.0,32.26
2026-06-01 16:03:00,Cloudy,28.87,59.95,250.58,3.0,0.0,31.4
2026-06-01 16:04:00,Cloudy,28.88,58.85,248.33,2.89,0.0,31.59
2026-06-01 16:05:00,Cloudy,28.68,57.95,241.42,2.9,0.0,31.33
2026-06-01 16:06:00,Cloudy,28.85,58.82,255.19,2.66,0.0,32.12
2026-06-01 16:07:00,Cloudy,28.78,60.72,249.31,2.69,0.0,30.98
2026-06-01 16:08:00,Cloudy,29.03,58.89,233.14,3.0,0.0,30.54
2026-06-01 16:09:00,Cloudy,28.9,58.25,245.98,3.15,0.0,31.58
2026-06-01 16:10:00,Cloudy,28.86,59.22,242.27,2.91,0.0,31.05
2026-06-01 16:11:00,Cloudy,28.89,58.34,259.71,2.66,0.0,32.6
2026-06-01 16:12:00,Cloudy,28.94,57.83,234.37,2.88,0.0,30.88
2026-06-01 16:13:00,Cloudy,29.0,58.27,235.34,3.26,0.0,30.85
2026-06-01 16:14:00,Cloudy,28.76,59.2,253.11,2.84,0.0,31.85
2026-06-01 16:15:00,Cloudy,28.75,58.03,253.87,3.08,0.0,32.21
2026-06-01 16:16:00,Cloudy,29.08,57.57,237.48,2.68,0.0,31.11
2026-06-01 16:17:00,Cloudy,28.85,58.89,237.3,2.8,0.0,30.81
2026-06-01 16:18:00,Cloudy,28.7,59.06,245.31,2.92,0.0,31.32
2026-06-01 16:19:00,Cloudy,28.98,58.76,223.08,2.88,0.0,29.96
2026-06-01 16:20:00,Cloudy,28.98,57.78,225.46,2.67,0.0,30.8
2026-06-01 16:21:00,Cloudy,28.69,59.77,235.75,2.66,0.0,30.42
2026-06-01 16:22:00,Cloudy,28.95,57.89,247.71,2.98,0.0,31.78
2026-06-01 16:23:00,Cloudy,29.03,59.38,232.58,3.01,0.0,30.35
2026-06-01 16:24:00,Cloudy,28.97,57.51,235.32,3.07,0.0,31.0
2026-06-01 16:25:00,Cloudy,29.01,57.77,241.5,3.12,0.0,31.37
2026-06-01 16:26:00,Cloudy,28.71,59.53,247.2,2.82,0.0,31.3
2026-06-01 16:27:00,Cloudy,28.97,59.55,227.44,2.73,0.0,29.97
2026-06-01 16:28:00,Cloudy,28.87,59.01,230.27,3.03,0.0,30.32
2026-06-01 16:29:00,Cloudy,28.85,59.23,241.85,2.92,0.0,31.02
2026-06-01 16:30:00,Cloudy,29.05,58.34,217.82,2.61,0.0,31.07
2026-06-01 16:31:00,Cloudy,29.14,57.46,234.18,2.6,0.0,31.25
2026-06-01 16:32:00,Cloudy,29.19,57.65,219.19,2.87,0.0,29.93
2026-06-01 16:33:00,Cloudy,29.12,57.42,225.71,2.75,0.0,30.35
2026-06-01 16:34:00,Cloudy,28.9,57.97,222.31,2.77,0.0,30.15
2026-06-01 16:35:00,Cloudy,28.97,58.79,216.45,2.97,0.0,29.57
2026-06-01 16:36:00,Cloudy,29.03,57.7,215.23,2.91,0.0,29.76
2026-06-01 16:37:00,Cloudy,28.94,58.84,222.51,3.01,0.0,29.9
2026-06-01 16:38:00,Cloudy,28.94,57.86,226.14,2.42,0.0,32.57
2026-06-01 16:39:00,Cloudy,29.04,58.54,217.64,2.81,0.0,29.78
2026-06-01 16:40:00,Cloudy,28.91,58.44,217.84,2.89,0.0,29.74
2026-06-01 16:41:00,Cloudy,28.8,59.86,219.99,2.49,0.0,31.47
2026-06-01 16:42:00,Cloudy,28.85,59.08,208.9,2.64,0.0,30.67
2026-06-01 16:43:00,Cloudy,29.01,59.19,218.82,2.6,0.0,30.9
2026-06-01 16:44:00,Cloudy,28.91,58.26,218.19,2.76,0.0,30.14
2026-06-01 16:45:00,Cloudy,28.96,58.61,228.39,3.04,0.0,30.32
2026-06-01 16:46:00,Cloudy,29.01,57.86,208.34,3.11,0.0,29.36
2026-06-01 16:47:00,Cloudy,28.85,58.64,206.72,2.6,0.0,31.06
2026-06-01 16:48:00,Cloudy,29.02,58.26,213.29,2.84,0.0,29.68
2026-06-01 16:49:00,Cloudy,28.96,58.15,212.45,2.84,0.0,29.71
2026-06-01 16:50:00,Cloudy,28.71,58.53,202.91,2.81,0.0,29.78
2026-06-01 16:51:00,Cloudy,29.11,57.3,202.61,2.81,0.0,29.96
2026-06-01 16:52:00,Cloudy,28.82,57.56,207.26,2.79,0.0,30.12
2026-06-01 16:53:00,Cloudy,28.64,58.82,197.78,3.04,0.0,28.58
2026-06-01 16:54:00,Cloudy,28.73,59.58,199.19,2.93,0.0,28.8
2026-06-01 16:55:00,Cloudy,28.73,58.25,201.07,2.54,0.0,31.58
2026-06-01 16:56:00,Cloudy,28.89,57.94,205.34,2.87,0.0,29.59
2026-06-01 16:57:00,Cloudy,28.84,59.98,194.64,2.88,0.0,28.92
2026-06-01 16:58:00,Cloudy,28.83,58.56,186.19,2.78,0.0,29.95
2026-06-01 16:59:00,Cloudy,28.97,58.74,184.66,2.92,0.0,29.12
2026-06-01 17:00:00,Cloudy,28.92,59.06,187.41,2.75,0.0,29.98
2026-06-01 17:01:00,Cloudy,28.92,59.09,185.98,2.75,0.0,29.98
2026-06-01 17:02:00,Cloudy,28.93,57.75,191.55,2.73,0.0,30.43
2026-06-01 17:03:00,Cloudy,28.96,58.45,184.45,2.34,0.0,33.11
2026-06-01 17:04:00,Cloudy,28.54,58.76,186.1,2.69,0.0,30.44
2026-06-01 17:05:00,Cloudy,28.8,60.48,184.55,2.58,0.0,30.56
2026-06-01 17:06:00,Cloudy,28.53,58.83,185.28,2.49,0.0,31.8
2026-06-01 17:07:00,Cloudy,28.86,58.24,193.99,2.96,0.0,29.05
2026-06-01 17:08:00,Cloudy,28.85,58.27,189.09,2.79,0.0,29.96
2026-06-01 17:09:00,Cloudy,29.0,57.57,184.31,2.69,0.0,30.72
2026-06-01 17:10:00,Cloudy,29.02,59.23,180.51,2.59,0.0,30.96
2026-06-01 17:11:00,Cloudy,28.86,60.3,179.49,2.74,0.0,29.59
2026-06-01 17:12:00,Cloudy,28.75,58.86,182.44,2.86,0.0,29.41
2026-06-01 17:13:00,Cloudy,28.9,57.96,182.62,2.53,0.0,31.72
2026-06-01 17:14:00,Cloudy,28.74,57.84,173.42,2.68,0.0,30.73
2026-06-01 17:15:00,Cloudy,28.82,58.83,177.27,2.83,0.0,29.59
2026-06-01 17:16:00,Cloudy,28.96,58.39,165.16,2.32,0.0,33.29
2026-06-01 17:17:00,Cloudy,28.72,58.85,175.79,2.66,0.0,30.61
2026-06-01 17:18:00,Cloudy,28.92,58.81,177.44,2.59,0.0,31.09
2026-06-01 17:19:00,Cloudy,28.9,58.99,170.82,2.64,0.0,30.7
2026-06-01 17:20:00,Cloudy,28.65,59.64,180.38,2.57,0.0,30.96
2026-06-01 17:21:00,Cloudy,28.93,58.46,165.36,2.68,0.0,30.58
2026-06-01 17:22:00,Cloudy,28.89,58.12,169.73,3.0,0.0,28.88
2026-06-01 17:23:00,Cloudy,28.79,59.45,167.24,2.6,0.0,30.82
2026-06-01 17:24:00,Cloudy,28.66,59.43,165.7,2.7,0.0,30.17
2026-06-01 17:25:00,Cloudy,28.64,60.01,164.41,3.01,0.0,28.24
2026-06-01 17:26:00,Cloudy,28.68,59.83,164.28,2.55,0.0,31.04
2026-06-01 17:27:00,Cloudy,28.84,58.07,166.66,2.97,0.0,29.04
2026-06-01 17:28:00,Cloudy,28.6,58.7,167.97,2.64,0.0,30.78
2026-06-01 17:29:00,Cloudy,28.81,58.55,160.06,2.96,0.0,28.97
2026-06-01 17:30:00,Cloudy,28.55,59.08,162.72,2.77,0.0,29.86
2026-06-01 17:31:00,Cloudy,28.7,59.76,154.28,2.69,0.0,30.12
2026-06-01 17:32:00,Cloudy,28.74,59.4,159.96,2.62,0.0,30.7
2026-06-01 17:33:00,Cloudy,29.08,58.89,151.58,2.51,0.0,31.63
2026-06-01 17:34:00,Cloudy,28.5,60.08,158.92,2.64,0.0,30.32
2026-06-01 17:35:00,Cloudy,28.93,58.8,162.76,2.78,0.0,29.88
2026-06-01 17:36:00,Cloudy,28.72,59.96,150.84,2.62,0.0,30.5
2026-06-01 17:37:00,Cloudy,28.75,59.44,140.27,2.56,0.0,31.1
2026-06-01 17:38:00,Cloudy,28.7,59.34,146.45,2.57,0.0,31.06
2026-06-01 17:39:00,Cloudy,28.74,60.07,153.1,2.79,0.0,29.39
2026-06-01 17:40:00,Cloudy,28.65,59.52,148.82,2.83,0.0,29.37
2026-06-01 17:41:00,Cloudy,28.88,58.61,146.22,2.48,0.0,31.93
2026-06-01 17:42:00,Cloudy,28.59,59.11,148.23,2.48,0.0,31.79
2026-06-01 17:43:00,Cloudy,28.82,59.39,144.69,2.67,0.0,30.38
2026-06-01 17:44:00,Cloudy,28.54,60.47,146.52,2.87,0.0,28.77
2026-06-01 17:45:00,Cloudy,28.62,59.48,143.96,2.8,0.0,29.55
2026-06-01 17:46:00,Cloudy,28.47,60.74,145.16,2.36,0.0,32.16
2026-06-01 17:47:00,Cloudy,28.69,58.16,139.04,2.54,0.0,31.6
2026-06-01 17:48:00,Cloudy,28.83,58.91,139.99,2.42,0.0,32.32
2026-06-01 17:49:00,Cloudy,28.59,59.58,133.77,2.53,0.0,31.27
2026-06-01 17:50:00,Cloudy,28.57,59.24,131.33,2.87,0.0,29.24
2026-06-01 17:51:00,Cloudy,28.42,61.51,139.25,2.32,0.0,32.13
2026-06-01 17:52:00,Cloudy,28.54,59.69,132.04,2.28,0.0,33.29
2026-06-01 17:53:00,Cloudy,28.33,60.08,133.05,2.42,0.0,31.93
2026-06-01 17:54:00,Cloudy,28.42,60.08,129.11,2.62,0.0,30.45
2026-06-01 17:55:00,Cloudy,28.59,58.41,125.11,2.67,0.0,30.66
2026-06-01 17:56:00,Cloudy,28.74,58.73,126.11,2.64,0.0,30.77
2026-06-01 17:57:00,Cloudy,28.96,59.18,130.15,2.77,0.0,29.83
2026-06-01 17:58:00,Cloudy,28.44,59.65,125.55,2.24,0.0,33.68
2026-06-01 17:59:00,Cloudy,28.73,58.71,115.93,2.76,0.0,30.03
2026-06-01 18:00:00,Cloudy,28.55,60.52,120.13,2.49,0.0,31.2
2026-06-01 18:01:00,Cloudy,28.48,60.72,126.01,2.68,0.0,29.78
2026-06-01 18:02:00,Cloudy,28.56,60.01,117.56,2.3,0.0,32.99
2026-06-01 18:03:00,Cloudy,28.49,59.61,110.7,2.54,0.0,31.19
2026-06-01 18:04:00,Cloudy,28.49,59.74,122.3,2.58,0.0,30.86
2026-06-01 18:05:00,Cloudy,28.4,59.65,116.77,2.74,0.0,29.85
2026-06-01 18:06:00,Cloudy,28.24,59.97,112.89,2.24,0.0,33.57
2026-06-01 18:07:00,Cloudy,28.21,60.03,110.58,2.53,0.0,31.1
2026-06-01 18:08:00,Cloudy,28.53,59.4,114.11,2.33,0.0,32.93
2026-06-01 18:09:00,Cloudy,28.38,59.56,107.44,2.61,0.0,30.71
2026-06-01 18:10:00,Cloudy,28.32,59.41,111.62,2.66,0.0,30.43
2026-06-01 18:11:00,Cloudy,28.41,60.25,108.33,2.74,0.0,29.61
2026-06-01 18:12:00,Cloudy,28.51,59.96,106.06,2.41,0.0,32.06
2026-06-01 18:13:00,Cloudy,28.41,61.12,104.43,2.67,0.0,29.65
2026-06-01 18:14:00,Cloudy,28.28,60.08,102.12,2.75,0.0,29.62
2026-06-01 18:15:00,Cloudy,28.55,59.9,104.52,2.2,0.0,33.99
2026-06-01 18:16:00,Cloudy,28.59,59.8,97.43,2.61,0.0,30.63
2026-06-01 18:17:00,Cloudy,28.42,59.94,93.91,2.67,0.0,30.18
2026-06-01 18:18:00,Cloudy,28.48,60.37,99.19,2.44,0.0,31.65
2026-06-01 18:19:00,Cloudy,28.51,60.3,97.89,2.27,0.0,33.16
2026-06-01 18:20:00,Cloudy,28.48,60.11,96.11,2.65,0.0,30.24
2026-06-01 18:21:00,Cloudy,28.39,60.01,94.57,2.27,0.0,33.27
2026-06-01 18:22:00,Cloudy,28.38,59.98,91.22,2.45,0.0,31.73
2026-06-01 18:23:00,Cloudy,28.35,59.44,92.92,2.47,0.0,31.77
2026-06-01 18:24:00,Cloudy,28.1,60.48,89.33,2.6,0.0,30.42
2026-06-01 18:25:00,Cloudy,28.36,59.88,86.83,2.36,0.0,32.51
2026-06-01 18:26:00,Cloudy,28.04,60.46,85.98,2.34,0.0,32.45
2026-06-01 18:27:00,Cloudy,28.11,61.2,90.64,2.48,0.0,30.95
2026-06-01 18:28:00,Cloudy,28.41,60.81,79.75,2.64,0.0,30.0
2026-06-01 18:29:00,Cloudy,28.33,59.77,84.04,2.87,0.0,29.05
2026-06-01 18:30:00,Cloudy,28.42,60.25,77.36,2.18,0.0,34.07
2026-06-01 18:31:00,Cloudy,28.14,60.23,79.86,2.51,0.0,31.17
2026-06-01 18:32:00,Cloudy,28.0,61.07,77.76,2.25,0.0,33.02
2026-06-01 18:33:00,Cloudy,28.12,60.49,72.61,2.63,0.0,30.21
2026-06-01 18:34:00,Cloudy,28.16,61.15,77.0,2.27,0.0,32.79
2026-06-01 18:35:00,Cloudy,28.15,60.43,73.92,2.31,0.0,32.74
2026-06-01 18:36:00,Cloudy,28.29,61.04,68.81,2.33,0.0,32.28
2026-06-01 18:37:00,Cloudy,28.06,60.94,73.91,2.42,0.0,31.56
2026-06-01 18:38:00,Cloudy,28.15,60.44,73.79,2.48,0.0,31.31
2026-06-01 18:39:00,Cloudy,27.94,60.67,72.51,2.51,0.0,30.98
2026-06-01 18:40:00,Cloudy,28.14,61.01,68.79,2.42,0.0,31.53
2026-06-01 18:41:00,Cloudy,28.06,61.61,66.8,2.18,0.0,33.46
2026-06-01 18:42:00,Cloudy,27.93,61.59,67.97,2.54,0.0,30.29
2026-06-01 18:43:00,Cloudy,28.0,62.59,67.25,2.4,0.0,30.76
2026-06-01 18:44:00,Cloudy,27.99,62.12,64.8,2.61,0.0,29.48
2026-06-01 18:45:00,Cloudy,27.97,61.15,59.59,2.27,0.0,32.79
2026-06-01 18:46:00,Cloudy,28.26,60.33,60.33,2.11,0.0,34.81
2026-06-01 18:47:00,Cloudy,27.97,61.62,59.39,2.39,0.0,31.46
2026-06-01 18:48:00,Cloudy,27.93,60.93,54.16,2.63,0.0,30.01
2026-06-01 18:49:00,Cloudy,27.64,62.95,56.7,2.42,0.0,30.33
2026-06-01 18:50:00,Cloudy,27.81,62.0,58.28,2.35,0.0,31.58
2026-06-01 18:51:00,Cloudy,27.89,61.71,54.23,2.23,0.0,32.89
2026-06-01 18:52:00,Cloudy,27.81,62.18,54.14,2.7,0.0,28.84
2026-06-01 18:53:00,Cloudy,28.11,61.98,50.77,2.19,0.0,33.15
2026-06-01 18:54:00,Cloudy,27.86,61.73,49.03,2.24,0.0,32.78
2026-06-01 18:55:00,Cloudy,28.07,61.0,48.33,2.47,0.0,31.13
2026-06-01 18:56:00,Cloudy,27.87,62.52,45.29,2.03,0.0,33.53
2026-06-01 18:57:00,Cloudy,27.85,62.24,43.76,2.59,0.0,29.54
2026-06-01 18:58:00,Cloudy,27.82,61.56,45.37,2.47,0.0,30.84
2026-06-01 18:59:00,Cloudy,27.82,61.76,44.09,2.52,0.0,30.34
2026-06-01 19:00:00,Cloudy,28.06,61.2,39.77,2.45,0.0,31.19
2026-06-01 19:01:00,Cloudy,27.44,63.02,40.78,2.32,0.0,31.16
2026-06-01 19:02:00,Cloudy,27.47,61.9,38.17,2.15,0.0,33.63
2026-06-01 19:03:00,Cloudy,27.68,61.22,37.28,2.32,0.0,32.28
2026-06-01 19:04:00,Cloudy,27.74,61.42,36.03,2.16,0.0,33.78
2026-06-01 19:05:00,Cloudy,27.83,61.14,35.2,2.42,0.0,31.46
2026-06-01 19:06:00,Cloudy,27.78,61.46,32.9,2.48,0.0,30.82
2026-06-01 19:07:00,Cloudy,27.64,62.63,32.78,2.59,0.0,29.27
2026-06-01 19:08:00,Cloudy,27.84,61.6,30.37,2.39,0.0,31.47
2026-06-01 19:09:00,Cloudy,27.82,61.86,29.26,2.49,0.0,30.51
2026-06-01 19:10:00,Cloudy,27.68,61.4,26.67,2.26,0.0,32.76
2026-06-01 19:11:00,Cloudy,27.78,61.58,27.67,2.23,0.0,32.96
2026-06-01 19:12:00,Cloudy,27.66,62.54,24.97,2.4,0.0,30.8
2026-06-01 19:13:00,Cloudy,27.52,62.93,23.76,2.24,0.0,32.01
2026-06-01 19:14:00,Cloudy,27.69,61.66,20.84,2.35,0.0,31.78
2026-06-01 19:15:00,Cloudy,27.59,62.48,20.02,2.11,0.0,33.75
2026-06-01 19:16:00,Cloudy,27.56,63.79,19.87,2.14,0.0,32.4
2026-06-01 19:17:00,Cloudy,27.76,61.89,17.94,2.41,0.0,31.13
2026-06-01 19:18:00,Cloudy,27.16,63.17,15.48,2.45,0.0,29.91
2026-06-01 19:19:00,Cloudy,27.3,63.09,15.53,2.11,0.0,33.33
2026-06-01 19:20:00,Cloudy,27.32,63.2,13.46,2.4,0.0,30.3
2026-06-01 19:21:00,Cloudy,27.42,62.76,12.84,2.18,0.0,32.76
2026-06-01 19:22:00,Cloudy,27.42,62.83,10.92,2.28,0.0,31.68
2026-06-01 19:23:00,Cloudy,27.22,62.55,9.64,2.53,0.0,29.76
2026-06-01 19:24:00,Cloudy,27.28,62.66,8.5,2.41,0.0,30.63
2026-06-01 19:25:00,Cloudy,27.28,63.15,6.66,2.41,0.0,30.26
2026-06-01 19:26:00,Cloudy,27.77,61.8,5.31,2.61,0.0,29.67
2026-06-01 19:27:00,Cloudy,27.65,61.88,4.08,2.13,0.0,33.87
2026-06-01 19:28:00,Cloudy,27.3,63.08,2.81,2.08,0.0,33.71
2026-06-01 19:29:00,Cloudy,27.29,63.25,1.31,2.12,0.0,33.09
2026-06-01 19:30:00,Cloudy,27.16,64.12,0.0,2.2,0.0,31.41
2026-06-01 19:31:00,Cloudy,27.03,63.89,0.0,1.82,0.0,29.64
2026-06-01 19:32:00,Cloudy,27.28,63.49,0.0,2.2,0.0,31.98
2026-06-01 19:33:00,Cloudy,27.13,63.34,0.0,2.14,0.0,32.78
2026-06-01 19:34:00,Cloudy,27.25,63.68,0.0,2.37,0.0,30.16
2026-06-01 19:35:00,Cloudy,27.0,64.24,0.0,2.29,0.0,30.36
2026-06-01 19:36:00,Cloudy,27.11,64.23,0.0,2.12,0.0,32.23
2026-06-01 19:37:00,Cloudy,27.23,63.81,0.0,2.33,0.0,30.4
2026-06-01 19:38:00,Cloudy,27.25,63.69,0.0,2.35,0.0,30.33
2026-06-01 19:39:00,Cloudy,27.24,63.31,0.0,2.08,0.0,33.54
2026-06-01 19:40:00,Cloudy,26.96,64.29,0.0,2.12,0.0,32.17
2026-06-01 19:41:00,Cloudy,27.27,63.92,0.0,1.81,0.0,29.5
2026-06-01 19:42:00,Cloudy,27.0,63.63,0.0,2.01,0.0,32.39
2026-06-01 19:43:00,Cloudy,27.2,63.1,0.0,2.07,0.0,33.78
2026-06-01 19:44:00,Cloudy,27.08,63.9,0.0,2.21,0.0,31.51
2026-06-01 19:45:00,Cloudy,26.86,64.66,0.0,2.02,0.0,31.53
2026-06-01 19:46:00,Cloudy,27.0,63.52,0.0,2.1,0.0,33.12
2026-06-01 19:47:00,Cloudy,27.09,63.74,0.0,1.97,0.0,31.7
2026-06-01 19:48:00,Cloudy,27.1,63.68,0.0,2.22,0.0,31.61
2026-06-01 19:49:00,Cloudy,26.97,62.77,0.0,2.26,0.0,31.92
2026-06-01 19:50:00,Cloudy,27.21,63.32,0.0,2.25,0.0,31.6
2026-06-01 19:51:00,Cloudy,27.11,63.63,0.0,2.18,0.0,32.08
2026-06-01 19:52:00,Cloudy,26.9,64.2,0.0,1.89,0.0,30.18
2026-06-01 19:53:00,Cloudy,27.03,64.78,0.0,2.06,0.0,31.43
2026-06-01 19:54:00,Cloudy,27.19,62.76,0.0,2.09,0.0,33.81
2026-06-01 19:55:00,Cloudy,27.18,63.04,0.0,2.09,0.0,33.61
2026-06-01 19:56:00,Cloudy,26.68,63.34,0.0,2.17,0.0,32.44
2026-06-01 19:57:00,Cloudy,26.71,64.55,0.0,2.41,0.0,28.94
2026-06-01 19:58:00,Cloudy,27.05,63.65,0.0,2.3,0.0,30.83
2026-06-01 19:59:00,Cloudy,26.65,64.69,0.0,1.97,0.0,30.74
2026-06-01 20:00:00,Cloudy,26.59,65.83,0.0,2.26,0.0,28.47
2026-06-01 20:01:00,Cloudy,26.7,65.38,0.0,2.25,0.0,29.41
2026-06-01 20:02:00,Cloudy,26.81,64.59,0.0,1.99,0.0,31.14
2026-06-01 20:03:00,Cloudy,26.72,64.59,0.0,2.28,0.0,30.08
2026-06-01 20:04:00,Cloudy,26.61,65.71,0.0,2.1,0.0,28.82
2026-06-01 20:05:00,Cloudy,26.59,65.15,0.0,1.87,0.0,28.84
2026-06-01 20:06:00,Cloudy,26.57,64.74,0.0,2.2,0.0,30.75
2026-06-01 20:07:00,Cloudy,26.52,64.32,0.0,2.16,0.0,31.66
2026-06-01 20:08:00,Cloudy,26.98,63.83,0.0,2.07,0.0,33.19
2026-06-01 20:09:00,Cloudy,26.66,65.43,0.0,2.1,0.0,29.61
2026-06-01 20:10:00,Cloudy,26.73,66.15,0.0,1.98,0.0,27.54
2026-06-01 20:11:00,Cloudy,26.5,65.45,0.0,2.21,0.0,29.56
2026-06-01 20:12:00,Cloudy,26.53,64.88,0.0,2.09,0.0,31.15
2026-06-01 20:13:00,Cloudy,26.43,64.9,0.0,2.13,0.0,31.1
2026-06-01 20:14:00,Cloudy,26.12,66.81,0.0,2.16,0.0,25.55
2026-06-01 20:15:00,Cloudy,26.29,64.94,0.0,1.88,0.0,29.22
2026-06-01 20:16:00,Cloudy,26.2,66.57,0.0,1.92,0.0,26.29
2026-06-01 20:17:00,Cloudy,26.12,66.97,0.0,1.68,0.0,23.89
2026-06-01 20:18:00,Cloudy,26.25,66.36,0.0,2.18,0.0,26.92
2026-06-01 20:19:00,Cloudy,26.61,64.97,0.0,1.86,0.0,28.94
2026-06-01 20:20:00,Cloudy,26.39,66.07,0.0,2.1,0.0,27.78
2026-06-01 20:21:00,Cloudy,26.57,65.33,0.0,2.13,0.0,29.9
2026-06-01 20:22:00,Cloudy,26.41,65.19,0.0,2.17,0.0,30.29
2026-06-01 20:23:00,Cloudy,26.45,66.67,0.0,1.84,0.0,25.98
2026-06-01 20:24:00,Cloudy,26.18,66.1,0.0,2.05,0.0,27.69
2026-06-01 20:25:00,Cloudy,26.37,66.24,0.0,2.35,0.0,27.11
2026-06-01 20:26:00,Cloudy,26.38,64.3,0.0,2.36,0.0,29.64
2026-06-01 20:27:00,Cloudy,26.16,67.12,0.0,2.22,0.0,24.59
2026-06-01 20:28:00,Cloudy,26.31,66.82,0.0,2.1,0.0,25.52
2026-06-01 20:29:00,Cloudy,26.29,66.01,0.0,1.86,0.0,27.47
2026-06-01 20:30:00,Cloudy,26.1,66.85,0.0,2.17,0.0,25.43
2026-06-01 20:31:00,Cloudy,26.0,67.15,0.0,2.0,0.0,24.5
2026-06-01 20:32:00,Cloudy,25.97,66.51,0.0,2.13,0.0,26.47
2026-06-01 20:33:00,Cloudy,26.13,66.76,0.0,1.91,0.0,25.71
2026-06-01 20:34:00,Cloudy,26.15,65.9,0.0,1.99,0.0,28.27
2026-06-01 20:35:00,Cloudy,25.96,66.55,0.0,2.05,0.0,26.35
2026-06-01 20:36:00,Cloudy,26.06,67.31,0.0,2.06,0.0,23.99
2026-06-01 20:37:00,Cloudy,26.12,67.05,0.0,2.1,0.0,24.81
2026-06-01 20:38:00,Cloudy,26.11,66.08,0.0,1.9,0.0,27.75
2026-06-01 20:39:00,Cloudy,26.23,65.73,0.0,1.76,0.0,26.79
2026-06-01 20:40:00,Cloudy,26.16,65.96,0.0,2.29,0.0,28.1
2026-06-01 20:41:00,Cloudy,25.8,67.8,0.0,2.45,0.0,22.4
2026-06-01 20:42:00,Cloudy,26.18,65.7,0.0,2.07,0.0,28.85
2026-06-01 20:43:00,Cloudy,25.83,67.5,0.0,1.75,0.0,23.38
2026-06-01 20:44:00,Cloudy,26.04,67.14,0.0,1.85,0.0,24.53
2026-06-01 20:45:00,Cloudy,25.87,67.1,0.0,2.08,0.0,24.65
2026-06-01 20:46:00,Cloudy,25.78,68.02,0.0,2.22,0.0,21.66
2026-06-01 20:47:00,Cloudy,25.55,67.88,0.0,1.76,0.0,22.13
2026-06-01 20:48:00,Cloudy,25.77,67.31,0.0,1.95,0.0,23.99
2026-06-01 20:49:00,Cloudy,25.54,67.49,0.0,2.01,0.0,23.41
2026-06-01 20:50:00,Cloudy,25.9,67.7,0.0,2.12,0.0,22.73
2026-06-01 20:51:00,Cloudy,25.96,66.46,0.0,1.9,0.0,26.62
2026-06-01 20:52:00,Cloudy,25.59,68.16,0.0,1.68,0.0,21.16
2026-06-01 20:53:00,Cloudy,25.73,67.51,0.0,2.07,0.0,23.35
2026-06-01 20:54:00,Cloudy,25.55,67.41,0.0,2.16,0.0,23.67
2026-06-01 20:55:00,Cloudy,25.55,67.7,0.0,1.93,0.0,22.73
2026-06-01 20:56:00,Cloudy,25.73,68.37,0.0,2.02,0.0,20.47
2026-06-01 20:57:00,Cloudy,25.59,68.06,0.0,1.86,0.0,21.53
2026-06-01 20:58:00,Cloudy,25.83,66.66,0.0,1.79,0.0,25.54
2026-06-01 20:59:00,Cloudy,25.48,68.44,0.0,2.12,0.0,20.22
2026-06-01 21:00:00,Cloudy,25.68,67.61,0.0,2.0,0.0,23.02
2026-06-01 21:01:00,Cloudy,25.52,70.21,0.0,2.02,0.0,14.32
2026-06-01 21:02:00,Cloudy,25.6,68.08,0.0,2.2,0.0,21.46
2026-06-01 21:03:00,Cloudy,25.39,68.26,0.0,1.73,0.0,20.85
2026-06-01 21:04:00,Cloudy,25.43,69.24,0.0,1.82,0.0,17.33
2026-06-01 21:05:00,Cloudy,25.39,67.38,0.0,1.94,0.0,23.76
2026-06-01 21:06:00,Cloudy,25.26,68.9,0.0,1.81,0.0,18.58
2026-06-01 21:07:00,Cloudy,25.47,69.48,0.0,2.05,0.0,16.42
2026-06-01 21:08:00,Cloudy,25.44,68.29,0.0,1.87,0.0,20.74
2026-06-01 21:09:00,Cloudy,25.41,67.4,0.0,1.72,0.0,23.34
2026-06-01 21:10:00,Cloudy,25.53,67.88,0.0,1.91,0.0,22.13
2026-06-01 21:11:00,Cloudy,25.49,69.09,0.0,1.93,0.0,17.89
2026-06-01 21:12:00,Cloudy,25.19,69.27,0.0,2.06,0.0,17.22
2026-06-01 21:13:00,Cloudy,25.28,68.29,0.0,1.96,0.0,20.74
2026-06-01 21:14:00,Cloudy,25.11,68.87,0.0,1.97,0.0,18.69
2026-06-01 21:15:00,Cloudy,25.18,68.74,0.0,1.94,0.0,19.16
2026-06-01 21:16:00,Cloudy,25.07,69.61,0.0,1.84,0.0,15.96
2026-06-01 21:17:00,Cloudy,25.37,69.34,0.0,1.75,0.0,16.95
2026-06-01 21:18:00,Cloudy,25.16,69.76,0.0,1.92,0.0,15.36
2026-06-01 21:19:00,Cloudy,25.05,69.71,0.0,1.81,0.0,15.62
2026-06-01 21:20:00,Cloudy,25.24,68.11,0.0,2.17,0.0,21.36
2026-06-01 21:21:00,Cloudy,24.71,69.58,0.0,2.1,0.0,16.33
2026-06-01 21:22:00,Cloudy,24.71,70.7,0.0,1.97,0.0,14.7
2026-06-01 21:23:00,Cloudy,25.11,68.47,0.0,1.92,0.0,20.12
2026-06-01 21:24:00,Cloudy,24.97,69.52,0.0,1.84,0.0,16.35
2026-06-01 21:25:00,Cloudy,24.98,69.82,0.0,1.62,0.0,15.25
2026-06-01 21:26:00,Cloudy,24.72,69.68,0.0,1.81,0.0,15.96
2026-06-01 21:27:00,Cloudy,24.89,69.27,0.0,1.86,0.0,17.27
2026-06-01 21:28:00,Cloudy,25.17,69.05,0.0,1.88,0.0,18.04
2026-06-01 21:29:00,Cloudy,24.97,69.97,0.0,1.92,0.0,14.68
2026-06-01 21:30:00,Cloudy,24.85,70.64,0.0,2.0,0.0,14.63
2026-06-01 21:31:00,Cloudy,24.73,70.69,0.0,1.7,0.0,14.69
2026-06-01 21:32:00,Cloudy,24.71,70.42,0.0,1.7,0.0,14.7
2026-06-01 21:33:00,Cloudy,24.43,70.72,0.0,2.08,0.0,14.85
2026-06-01 21:34:00,Cloudy,24.76,69.6,0.0,1.96,0.0,16.22
2026-06-01 21:35:00,Cloudy,24.82,69.76,0.0,1.75,0.0,15.58
2026-06-01 21:36:00,Cloudy,24.44,71.39,0.0,1.79,0.0,14.85
2026-06-01 21:37:00,Cloudy,24.55,71.03,0.0,1.79,0.0,14.79
2026-06-01 21:38:00,Cloudy,24.45,69.84,0.0,1.81,0.0,15.51
2026-06-01 21:39:00,Cloudy,24.45,70.62,0.0,1.89,0.0,14.84
2026-06-01 21:40:00,Cloudy,24.58,71.46,0.0,2.26,0.0,14.77
2026-06-01 21:41:00,Cloudy,24.24,71.74,0.0,1.83,0.0,14.96
2026-06-01 21:42:00,Cloudy,24.62,69.79,0.0,1.91,0.0,15.6
2026-06-01 21:43:00,Cloudy,24.61,72.07,0.0,1.49,0.0,14.76
2026-06-01 21:44:00,Cloudy,24.44,71.12,0.0,1.7,0.0,14.85
2026-06-01 21:45:00,Cloudy,24.08,72.37,0.0,2.0,0.0,15.04
2026-06-01 21:46:00,Cloudy,24.28,71.83,0.0,1.85,0.0,14.94
2026-06-01 21:47:00,Cloudy,24.59,70.51,0.0,0.99,0.0,14.77
2026-06-01 21:48:00,Cloudy,23.96,72.04,0.0,1.9,0.0,15.11
2026-06-01 21:49:00,Cloudy,24.3,72.8,0.0,2.12,0.0,14.92
2026-06-01 21:50:00,Cloudy,24.15,72.55,0.0,1.41,0.0,15.01
2026-06-01 21:51:00,Cloudy,24.42,71.68,0.0,2.04,0.0,14.86
2026-06-01 21:52:00,Cloudy,24.17,72.22,0.0,1.26,0.0,15.0
2026-06-01 21:53:00,Cloudy,24.31,70.9,0.0,1.93,0.0,14.92
2026-06-01 21:54:00,Cloudy,24.31,72.27,0.0,1.75,0.0,14.92
2026-06-01 21:55:00,Cloudy,24.47,70.54,0.0,1.33,0.0,14.83
2026-06-01 21:56:00,Cloudy,24.14,72.13,0.0,1.83,0.0,15.01
2026-06-01 21:57:00,Cloudy,24.2,70.81,0.0,1.95,0.0,14.98
2026-06-01 21:58:00,Cloudy,23.9,71.42,0.0,1.81,0.0,15.14
2026-06-01 21:59:00,Cloudy,24.27,71.79,0.0,1.85,0.0,14.94
2026-06-01 22:00:00,Cloudy,23.96,72.0,0.0,1.66,0.0,15.11
2026-06-01 22:01:00,Cloudy,23.96,71.28,0.0,1.4,0.0,15.11
2026-06-01 22:02:00,Cloudy,24.01,72.64,0.0,1.86,0.0,15.08
2026-06-01 22:03:00,Cloudy,23.76,74.3,0.0,2.04,0.0,15.22
2026-06-01 22:04:00,Cloudy,24.0,73.19,0.0,1.93,0.0,15.09
2026-06-01 22:05:00,Cloudy,24.08,71.97,0.0,1.36,0.0,15.04
2026-06-01 22:06:00,Cloudy,23.96,72.48,0.0,1.45,0.0,15.11
2026-06-01 22:07:00,Cloudy,23.65,73.86,0.0,1.56,0.0,15.28
2026-06-01 22:08:00,Cloudy,23.84,73.47,0.0,1.43,0.0,15.18
2026-06-01 22:09:00,Cloudy,23.95,72.3,0.0,1.72,0.0,15.12
2026-06-01 22:10:00,Cloudy,23.53,73.69,0.0,1.78,0.0,15.35
2026-06-01 22:11:00,Cloudy,23.62,73.59,0.0,1.45,0.0,15.3
2026-06-01 22:12:00,Cloudy,23.89,73.0,0.0,1.84,0.0,15.15
2026-06-01 22:13:00,Cloudy,23.77,72.92,0.0,1.81,0.0,15.22
2026-06-01 22:14:00,Cloudy,23.76,72.94,0.0,1.6,0.0,15.22
2026-06-01 22:15:00,Cloudy,23.95,73.31,0.0,1.66,0.0,15.12
2026-06-01 22:16:00,Cloudy,23.72,73.86,0.0,1.34,0.0,15.24
2026-06-01 22:17:00,Cloudy,23.72,73.42,0.0,1.63,0.0,15.24
2026-06-01 22:18:00,Cloudy,24.0,73.39,0.0,1.68,0.0,15.09
2026-06-01 22:19:00,Cloudy,23.53,73.42,0.0,1.71,0.0,15.35
2026-06-01 22:20:00,Cloudy,23.42,74.94,0.0,1.75,0.0,15.41
2026-06-01 22:21:00,Cloudy,23.58,73.86,0.0,1.72,0.0,15.32
2026-06-01 22:22:00,Cloudy,23.55,75.57,0.0,1.62,0.0,15.34
2026-06-01 22:23:00,Cloudy,23.38,73.37,0.0,1.72,0.0,15.43
2026-06-01 22:24:00,Cloudy,23.27,73.96,0.0,1.85,0.0,15.5
2026-06-01 22:25:00,Cloudy,23.75,73.31,0.0,1.65,0.0,15.23
2026-06-01 22:26:00,Cloudy,23.42,74.21,0.0,1.72,0.0,15.41
2026-06-01 22:27:00,Cloudy,23.23,75.66,0.0,1.62,0.0,15.52
2026-06-01 22:28:00,Cloudy,23.45,73.48,0.0,1.54,0.0,15.39
2026-06-01 22:29:00,Cloudy,23.27,74.94,0.0,1.75,0.0,15.5
2026-06-01 22:30:00,Cloudy,23.21,75.24,0.0,1.55,0.0,15.53
2026-06-01 22:31:00,Cloudy,23.32,74.68,0.0,1.72,0.0,15.47
2026-06-01 22:32:00,Cloudy,23.02,74.51,0.0,1.65,0.0,15.64
2026-06-01 22:33:00,Cloudy,23.24,75.3,0.0,1.59,0.0,15.51
2026-06-01 22:34:00,Cloudy,23.46,74.61,0.0,1.58,0.0,15.39
2026-06-01 22:35:00,Cloudy,23.22,74.89,0.0,1.54,0.0,15.52
2026-06-01 22:36:00,Cloudy,23.07,75.06,0.0,1.34,0.0,15.61
2026-06-01 22:37:00,Cloudy,23.03,75.19,0.0,1.7,0.0,15.63
2026-06-01 22:38:00,Cloudy,23.02,75.03,0.0,1.67,0.0,15.64
2026-06-01 22:39:00,Cloudy,23.02,75.46,0.0,1.78,0.0,15.64
2026-06-01 22:40:00,Cloudy,22.98,75.2,0.0,1.53,0.0,15.66
2026-06-01 22:41:00,Cloudy,23.15,74.2,0.0,1.96,0.0,15.56
2026-06-01 22:42:00,Cloudy,22.73,75.24,0.0,1.55,0.0,15.8
2026-06-01 22:43:00,Cloudy,23.1,74.4,0.0,1.46,0.0,15.59
2026-06-01 22:44:00,Cloudy,22.89,75.57,0.0,1.43,0.0,15.71
2026-06-01 22:45:00,Cloudy,22.98,75.17,0.0,1.3,0.0,15.66
2026-06-01 22:46:00,Cloudy,22.73,76.0,0.0,1.88,0.0,15.8
2026-06-01 22:47:00,Cloudy,23.08,75.21,0.0,1.85,0.0,15.6
2026-06-01 22:48:00,Cloudy,23.05,74.63,0.0,1.71,0.0,15.62
2026-06-01 22:49:00,Cloudy,22.98,76.07,0.0,1.44,0.0,15.66
2026-06-01 22:50:00,Cloudy,22.59,76.13,0.0,1.92,0.0,15.89
2026-06-01 22:51:00,Cloudy,22.91,75.11,0.0,1.53,0.0,15.7
2026-06-01 22:52:00,Cloudy,22.83,75.9,0.0,1.54,0.0,15.75
2026-06-01 22:53:00,Cloudy,22.5,75.41,0.0,1.85,0.0,15.94
2026-06-01 22:54:00,Cloudy,22.72,75.45,0.0,1.7,0.0,15.81
2026-06-01 22:55:00,Cloudy,22.75,76.41,0.0,1.98,0.0,15.79
2026-06-01 22:56:00,Cloudy,22.76,74.76,0.0,1.62,0.0,15.79
2026-06-01 22:57:00,Cloudy,22.68,76.7,0.0,1.51,0.0,15.83
2026-06-01 22:58:00,Cloudy,22.67,76.95,0.0,1.46,0.0,15.84
2026-06-01 22:59:00,Cloudy,22.83,75.4,0.0,1.24,0.0,15.75
2026-06-01 23:00:00,Cloudy,22.77,75.96,0.0,1.52,0.0,15.78
2026-06-01 23:01:00,Cloudy,22.13,78.23,0.0,1.77,0.0,15.94
2026-06-01 23:02:00,Cloudy,22.49,76.28,0.0,1.67,0.0,15.94
2026-06-01 23:03:00,Cloudy,22.49,77.08,0.0,1.57,0.0,15.94
2026-06-01 23:04:00,Cloudy,22.23,76.88,0.0,1.38,0.0,16.02
2026-06-01 23:05:00,Cloudy,22.48,76.29,0.0,1.6,0.0,15.95
2026-06-01 23:06:00,Cloudy,22.63,75.69,0.0,1.74,0.0,15.86
2026-06-01 23:07:00,Cloudy,22.26,77.41,0.0,1.63,0.0,16.04
2026-06-01 23:08:00,Cloudy,22.45,77.37,0.0,1.58,0.0,15.97
2026-06-01 23:09:00,Cloudy,22.23,77.15,0.0,1.4,0.0,16.02
2026-06-01 23:10:00,Cloudy,22.25,76.46,0.0,1.7,0.0,16.04
2026-06-01 23:11:00,Cloudy,22.55,75.75,0.0,0.98,0.0,15.91
2026-06-01 23:12:00,Cloudy,22.22,77.54,0.0,1.61,0.0,16.01
2026-06-01 23:13:00,Cloudy,22.35,78.06,0.0,2.0,0.0,16.03
2026-06-01 23:14:00,Cloudy,21.97,78.22,0.0,1.26,0.0,15.82
2026-06-01 23:15:00,Cloudy,22.51,76.26,0.0,1.49,0.0,15.93
2026-06-01 23:16:00,Cloudy,22.3,77.55,0.0,1.53,0.0,16.05
2026-06-01 23:17:00,Cloudy,22.16,77.33,0.0,1.45,0.0,15.97
2026-06-01 23:18:00,Cloudy,22.25,77.0,0.0,1.71,0.0,16.04
2026-06-01 23:19:00,Cloudy,21.93,77.54,0.0,1.61,0.0,15.79
2026-06-01 23:20:00,Cloudy,22.29,77.95,0.0,1.55,0.0,16.06
2026-06-01 23:21:00,Cloudy,22.04,76.27,0.0,1.66,0.0,15.87
2026-06-01 23:22:00,Cloudy,22.04,78.29,0.0,1.52,0.0,15.87
2026-06-01 23:23:00,Cloudy,21.97,77.72,0.0,2.09,0.0,15.82
2026-06-01 23:24:00,Cloudy,21.93,77.85,0.0,1.54,0.0,15.79
2026-06-01 23:25:00,Cloudy,22.1,78.65,0.0,1.55,0.0,15.92
2026-06-01 23:26:00,Cloudy,22.01,77.45,0.0,1.2,0.0,15.85
2026-06-01 23:27:00,Cloudy,22.05,77.37,0.0,1.41,0.0,15.88
2026-06-01 23:28:00,Cloudy,21.92,78.05,0.0,1.71,0.0,15.78
2026-06-01 23:29:00,Cloudy,21.98,78.22,0.0,1.26,0.0,15.83
2026-06-01 23:30:00,Cloudy,21.82,78.16,0.0,1.11,0.0,15.7
2026-06-01 23:31:00,Cloudy,22.19,76.44,0.0,1.5,0.0,15.99
2026-06-01 23:32:00,Cloudy,21.6,78.51,0.0,1.74,0.0,15.54
2026-06-01 23:33:00,Cloudy,22.0,78.69,0.0,1.5,0.0,15.84
2026-06-01 23:34:00,Cloudy,21.99,77.99,0.0,1.43,0.0,15.83
2026-06-01 23:35:00,Cloudy,21.63,79.2,0.0,1.15,0.0,15.56
2026-06-01 23:36:00,Cloudy,22.07,77.55,0.0,1.57,0.0,15.9
2026-06-01 23:37:00,Cloudy,21.86,77.89,0.0,1.6,0.0,15.73
2026-06-01 23:38:00,Cloudy,21.84,79.37,0.0,1.16,0.0,15.72
2026-06-01 23:39:00,Cloudy,21.67,78.71,0.0,1.68,0.0,15.59
2026-06-01 23:40:00,Cloudy,21.61,78.72,0.0,1.62,0.0,15.54
2026-06-01 23:41:00,Cloudy,21.59,79.71,0.0,1.68,0.0,15.53
2026-06-01 23:42:00,Cloudy,21.66,78.43,0.0,1.58,0.0,15.58
2026-06-01 23:43:00,Cloudy,21.78,78.15,0.0,1.59,0.0,15.67
2026-06-01 23:44:00,Cloudy,21.58,79.09,0.0,1.56,0.0,15.52
2026-06-01 23:45:00,Cloudy,21.39,79.6,0.0,1.62,0.0,15.38
2026-06-01 23:46:00,Cloudy,21.63,79.1,0.0,1.14,0.0,15.56
2026-06-01 23:47:00,Cloudy,21.62,80.22,0.0,1.19,0.0,15.55
2026-06-01 23:48:00,Cloudy,21.56,79.35,0.0,1.33,0.0,15.51
2026-06-01 23:49:00,Cloudy,21.55,77.74,0.0,1.44,0.0,15.5
2026-06-01 23:50:00,Cloudy,21.37,79.85,0.0,1.53,0.0,15.36
2026-06-01 23:51:00,Cloudy,21.25,80.02,0.0,1.52,0.0,15.27
2026-06-01 23:52:00,Cloudy,21.24,80.06,0.0,1.66,0.0,15.27
2026-06-01 23:53:00,Cloudy,21.1,80.57,0.0,1.66,0.0,15.16
2026-06-01 23:54:00,Cloudy,21.36,79.69,0.0,1.29,0.0,15.36
2026-06-01 23:55:00,Cloudy,21.28,79.87,0.0,1.49,0.0,15.3
2026-06-01 23:56:00,Cloudy,21.21,80.48,0.0,1.3,0.0,15.24
2026-06-01 23:57:00,Cloudy,20.81,80.9,0.0,1.41,0.0,14.95
2026-06-01 23:58:00,Cloudy,21.04,80.01,0.0,1.5,0.0,15.12
2026-06-01 23:59:00,Cloudy,21.37,81.47,0.0,0.83,0.0,15.36
2026-06-01 00:00:00,Heatwave,30.1,49.75,0.0,2.04,0.0,35.18
2026-06-01 00:01:00,Heatwave,29.86,50.78,0.0,2.27,0.0,33.39
2026-06-01 00:02:00,Heatwave,30.09,50.06,0.0,1.82,0.0,31.98
2026-06-01 00:03:00,Heatwave,30.08,50.33,0.0,2.27,0.0,33.2
2026-06-01 00:04:00,Heatwave,29.6,50.96,0.0,1.97,0.0,34.19
2026-06-01 00:05:00,Heatwave,29.66,50.99,0.0,2.1,0.0,35.3
2026-06-01 00:06:00,Heatwave,29.83,50.63,0.0,2.52,0.0,31.34
2026-06-01 00:07:00,Heatwave,29.73,50.71,0.0,2.35,0.0,32.78
2026-06-01 00:08:00,Heatwave,29.73,50.37,0.0,2.38,0.0,32.42
2026-06-01 00:09:00,Heatwave,29.56,50.87,0.0,1.72,0.0,31.34
2026-06-01 00:10:00,Heatwave,29.78,49.97,0.0,2.73,0.0,29.77
2026-06-01 00:11:00,Heatwave,29.73,50.87,0.0,1.88,0.0,32.98
2026-06-01 00:12:00,Heatwave,29.58,50.96,0.0,2.64,0.0,30.68
2026-06-01 00:13:00,Heatwave,29.7,50.29,0.0,2.49,0.0,31.52
2026-06-01 00:14:00,Heatwave,29.56,50.68,0.0,2.37,0.0,32.61
2026-06-01 00:15:00,Heatwave,29.32,51.01,0.0,1.96,0.0,34.07
2026-06-01 00:16:00,Heatwave,29.47,51.93,0.0,2.24,0.0,33.96
2026-06-01 00:17:00,Heatwave,29.23,52.05,0.0,2.07,0.0,35.84
2026-06-01 00:18:00,Heatwave,29.46,50.83,0.0,2.2,0.0,34.22
2026-06-01 00:19:00,Heatwave,29.28,52.33,0.0,2.12,0.0,35.29
2026-06-01 00:20:00,Heatwave,29.22,51.68,0.0,1.62,0.0,30.66
2026-06-01 00:21:00,Heatwave,29.11,51.48,0.0,2.5,0.0,31.81
2026-06-01 00:22:00,Heatwave,29.36,52.26,0.0,2.16,0.0,34.83
2026-06-01 00:23:00,Heatwave,29.11,52.01,0.0,2.05,0.0,35.55
2026-06-01 00:24:00,Heatwave,29.03,52.31,0.0,2.02,0.0,35.17
2026-06-01 00:25:00,Heatwave,29.0,52.65,0.0,2.28,0.0,33.83
2026-06-01 00:26:00,Heatwave,29.1,53.05,0.0,1.93,0.0,33.97
2026-06-01 00:27:00,Heatwave,29.03,52.56,0.0,1.54,0.0,30.17
2026-06-01 00:28:00,Heatwave,29.0,51.92,0.0,2.29,0.0,33.63
2026-06-01 00:29:00,Heatwave,28.96,53.06,0.0,2.32,0.0,33.49
2026-06-01 00:30:00,Heatwave,29.18,51.84,0.0,2.11,0.0,35.41
2026-06-01 00:31:00,Heatwave,28.76,54.43,0.0,1.84,0.0,33.05
2026-06-01 00:32:00,Heatwave,28.71,53.45,0.0,2.19,0.0,34.78
2026-06-01 00:33:00,Heatwave,28.62,52.34,0.0,1.75,0.0,31.99
2026-06-01 00:34:00,Heatwave,28.8,53.41,0.0,1.87,0.0,33.37
2026-06-01 00:35:00,Heatwave,28.84,54.26,0.0,1.95,0.0,34.32
2026-06-01 00:36:00,Heatwave,28.61,54.66,0.0,2.39,0.0,33.01
2026-06-01 00:37:00,Heatwave,28.46,55.22,0.0,2.05,0.0,35.78
2026-06-01 00:38:00,Heatwave,28.43,53.61,0.0,2.03,0.0,35.47
2026-06-01 00:39:00,Heatwave,28.61,54.26,0.0,2.7,0.0,30.81
2026-06-01 00:40:00,Heatwave,28.59,53.35,0.0,2.25,0.0,34.22
2026-06-01 00:41:00,Heatwave,28.52,54.1,0.0,2.24,0.0,34.34
2026-06-01 00:42:00,Heatwave,28.3,53.81,0.0,2.04,0.0,35.63
2026-06-01 00:43:00,Heatwave,28.4,53.92,0.0,1.98,0.0,34.81
2026-06-01 00:44:00,Heatwave,28.34,54.05,0.0,1.53,0.0,30.3
2026-06-01 00:45:00,Heatwave,28.32,55.06,0.0,2.41,0.0,32.9
2026-06-01 00:46:00,Heatwave,28.38,54.83,0.0,2.26,0.0,34.18
2026-06-01 00:47:00,Heatwave,28.25,54.89,0.0,2.09,0.0,35.92
2026-06-01 00:48:00,Heatwave,28.28,53.83,0.0,2.1,0.0,35.78
2026-06-01 00:49:00,Heatwave,28.15,54.81,0.0,2.34,0.0,33.5
2026-06-01 00:50:00,Heatwave,28.15,54.56,0.0,1.69,0.0,31.66
2026-06-01 00:51:00,Heatwave,28.16,55.49,0.0,1.96,0.0,34.58
2026-06-01 00:52:00,Heatwave,27.81,56.65,0.0,1.81,0.0,32.76
2026-06-01 00:53:00,Heatwave,27.94,56.2,0.0,2.62,0.0,31.35
2026-06-01 00:54:00,Heatwave,27.88,55.28,0.0,2.37,0.0,33.25
2026-06-01 00:55:00,Heatwave,27.82,54.26,0.0,1.51,0.0,30.16
2026-06-01 00:56:00,Heatwave,27.84,54.79,0.0,1.7,0.0,31.76
2026-06-01 00:57:00,Heatwave,28.07,56.07,0.0,2.08,0.0,36.01
2026-06-01 00:58:00,Heatwave,27.68,56.06,0.0,1.99,0.0,34.95
2026-06-01 00:59:00,Heatwave,27.92,55.19,0.0,1.75,0.0,32.23
2026-06-01 01:00:00,Heatwave,27.48,57.83,0.0,2.66,0.0,30.86
2026-06-01 01:01:00,Heatwave,27.65,57.14,0.0,2.2,0.0,34.64
2026-06-01 01:02:00,Heatwave,27.69,56.29,0.0,2.25,0.0,34.25
2026-06-01 01:03:00,Heatwave,27.72,56.02,0.0,1.92,0.0,34.06
2026-06-01 01:04:00,Heatwave,27.7,56.16,0.0,2.31,0.0,33.72
2026-06-01 01:05:00,Heatwave,27.68,56.44,0.0,2.0,0.0,35.05
2026-06-01 01:06:00,Heatwave,27.47,57.84,0.0,2.03,0.0,35.29
2026-06-01 01:07:00,Heatwave,27.42,57.28,0.0,2.28,0.0,33.86
2026-06-01 01:08:00,Heatwave,27.58,57.01,0.0,1.65,0.0,31.17
2026-06-01 01:09:00,Heatwave,27.39,57.81,0.0,2.55,0.0,31.6
2026-06-01 01:10:00,Heatwave,27.19,56.95,0.0,2.15,0.0,35.17
2026-06-01 01:11:00,Heatwave,27.18,58.14,0.0,2.46,0.0,32.2
2026-06-01 01:12:00,Heatwave,27.18,57.52,0.0,1.8,0.0,32.53
2026-06-01 01:13:00,Heatwave,27.35,55.69,0.0,1.84,0.0,33.12
2026-06-01 01:14:00,Heatwave,27.27,56.17,0.0,1.77,0.0,32.37
2026-06-01 01:15:00,Heatwave,27.32,56.7,0.0,2.17,0.0,34.99
2026-06-01 01:16:00,Heatwave,27.11,58.19,0.0,2.11,0.0,35.41
2026-06-01 01:17:00,Heatwave,27.17,57.79,0.0,1.96,0.0,34.34
2026-06-01 01:18:00,Heatwave,27.2,57.73,0.0,1.81,0.0,32.59
2026-06-01 01:19:00,Heatwave,27.03,59.28,0.0,1.74,0.0,31.49
2026-06-01 01:20:00,Heatwave,27.11,57.12,0.0,2.08,0.0,35.91
2026-06-01 01:21:00,Heatwave,26.91,58.42,0.0,1.96,0.0,34.22
2026-06-01 01:22:00,Heatwave,26.92,58.59,0.0,1.9,0.0,33.42
2026-06-01 01:23:00,Heatwave,26.89,58.07,0.0,2.52,0.0,31.76
2026-06-01 01:24:00,Heatwave,26.73,58.96,0.0,2.06,0.0,35.5
2026-06-01 01:25:00,Heatwave,26.95,57.37,0.0,2.44,0.0,32.5
2026-06-01 01:26:00,Heatwave,26.77,59.67,0.0,1.94,0.0,33.61
2026-06-01 01:27:00,Heatwave,26.81,58.3,0.0,2.15,0.0,34.95
2026-06-01 01:28:00,Heatwave,26.85,59.82,0.0,2.07,0.0,35.41
2026-06-01 01:29:00,Heatwave,26.81,58.69,0.0,1.61,0.0,30.48
2026-06-01 01:30:00,Heatwave,26.81,59.33,0.0,2.48,0.0,31.72
2026-06-01 01:31:00,Heatwave,26.67,59.08,0.0,2.04,0.0,35.16
2026-06-01 01:32:00,Heatwave,26.59,59.32,0.0,2.29,0.0,33.31
2026-06-01 01:33:00,Heatwave,26.61,58.94,0.0,1.87,0.0,32.98
2026-06-01 01:34:00,Heatwave,26.33,60.12,0.0,2.03,0.0,34.7
2026-06-01 01:35:00,Heatwave,26.34,60.22,0.0,1.84,0.0,32.21
2026-06-01 01:36:00,Heatwave,26.32,59.6,0.0,2.42,0.0,32.11
2026-06-01 01:37:00,Heatwave,26.34,59.94,0.0,2.17,0.0,34.29
2026-06-01 01:38:00,Heatwave,26.52,59.16,0.0,2.18,0.0,34.43
2026-06-01 01:39:00,Heatwave,26.29,61.53,0.0,2.46,0.0,30.93
2026-06-01 01:40:00,Heatwave,26.34,59.97,0.0,2.4,0.0,32.14
2026-06-01 01:41:00,Heatwave,26.56,60.33,0.0,2.29,0.0,32.96
2026-06-01 01:42:00,Heatwave,26.28,60.06,0.0,1.68,0.0,30.64
2026-06-01 01:43:00,Heatwave,26.42,59.97,0.0,1.88,0.0,32.76
2026-06-01 01:44:00,Heatwave,26.14,59.8,0.0,1.79,0.0,31.82
2026-06-01 01:45:00,Heatwave,26.21,60.1,0.0,2.28,0.0,33.14
2026-06-01 01:46:00,Heatwave,26.07,60.89,0.0,2.12,0.0,34.47
2026-06-01 01:47:00,Heatwave,26.13,61.55,0.0,1.68,0.0,29.93
2026-06-01 01:48:00,Heatwave,26.28,60.32,0.0,2.02,0.0,34.48
2026-06-01 01:49:00,Heatwave,25.87,62.17,0.0,1.66,0.0,29.37
2026-06-01 01:50:00,Heatwave,26.16,60.9,0.0,2.06,0.0,34.85
2026-06-01 01:51:00,Heatwave,26.1,61.66,0.0,1.61,0.0,29.25
2026-06-01 01:52:00,Heatwave,25.95,61.07,0.0,2.22,0.0,33.32
2026-06-01 01:53:00,Heatwave,25.79,62.98,0.0,2.18,0.0,32.6
2026-06-01 01:54:00,Heatwave,25.99,60.7,0.0,2.61,0.0,30.25
2026-06-01 01:55:00,Heatwave,25.87,60.86,0.0,2.31,0.0,32.55
2026-06-01 01:56:00,Heatwave,25.96,60.36,0.0,1.95,0.0,33.49
2026-06-01 01:57:00,Heatwave,25.9,62.65,0.0,2.3,0.0,31.62
2026-06-01 01:58:00,Heatwave,26.11,61.16,0.0,1.68,0.0,30.14
2026-06-01 01:59:00,Heatwave,25.8,61.32,0.0,1.8,0.0,31.26
2026-06-01 02:00:00,Heatwave,25.66,62.67,0.0,2.17,0.0,32.93
2026-06-01 02:01:00,Heatwave,25.81,61.91,0.0,1.47,0.0,27.99
2026-06-01 02:02:00,Heatwave,25.79,62.74,0.0,2.06,0.0,33.86
2026-06-01 02:03:00,Heatwave,25.93,60.23,0.0,1.79,0.0,31.66
2026-06-01 02:04:00,Heatwave,25.82,61.3,0.0,2.1,0.0,34.52
2026-06-01 02:05:00,Heatwave,25.73,61.45,0.0,1.77,0.0,30.87
2026-06-01 02:06:00,Heatwave,25.86,60.16,0.0,2.19,0.0,34.0
2026-06-01 02:07:00,Heatwave,25.44,63.16,0.0,2.08,0.0,33.65
2026-06-01 02:08:00,Heatwave,25.5,62.21,0.0,2.46,0.0,30.53
2026-06-01 02:09:00,Heatwave,25.43,63.01,0.0,2.07,0.0,33.84
2026-06-01 02:10:00,Heatwave,25.48,63.83,0.0,1.86,0.0,30.17
2026-06-01 02:11:00,Heatwave,25.31,62.68,0.0,2.0,0.0,32.96
2026-06-01 02:12:00,Heatwave,25.58,61.88,0.0,1.7,0.0,29.93
2026-06-01 02:13:00,Heatwave,25.43,62.63,0.0,2.19,0.0,32.74
2026-06-01 02:14:00,Heatwave,25.21,63.74,0.0,2.24,0.0,31.34
2026-06-01 02:15:00,Heatwave,25.26,62.69,0.0,2.77,0.0,28.06
2026-06-01 02:16:00,Heatwave,25.43,62.17,0.0,1.9,0.0,31.94
2026-06-01 02:17:00,Heatwave,25.48,63.04,0.0,2.0,0.0,32.71
2026-06-01 02:18:00,Heatwave,25.63,62.22,0.0,1.91,0.0,32.03
2026-06-01 02:19:00,Heatwave,25.74,60.45,0.0,2.14,0.0,34.43
2026-06-01 02:20:00,Heatwave,25.35,62.05,0.0,2.18,0.0,33.22
2026-06-01 02:21:00,Heatwave,25.11,64.34,0.0,2.06,0.0,32.54
2026-06-01 02:22:00,Heatwave,24.91,64.23,0.0,2.38,0.0,29.54
2026-06-01 02:23:00,Heatwave,25.25,62.59,0.0,1.91,0.0,31.79
2026-06-01 02:24:00,Heatwave,25.06,63.47,0.0,2.36,0.0,30.43
2026-06-01 02:25:00,Heatwave,25.1,63.48,0.0,2.23,0.0,31.67
2026-06-01 02:26:00,Heatwave,25.05,64.06,0.0,2.08,0.0,32.9
2026-06-01 02:27:00,Heatwave,25.09,62.67,0.0,1.99,0.0,32.82
2026-06-01 02:28:00,Heatwave,25.25,62.54,0.0,2.76,0.0,28.23
2026-06-01 02:29:00,Heatwave,25.09,63.66,0.0,1.85,0.0,30.2
2026-06-01 02:30:00,Heatwave,25.02,63.63,0.0,2.17,0.0,32.2
2026-06-01 02:31:00,Heatwave,24.87,64.46,0.0,1.87,0.0,29.65
2026-06-01 02:32:00,Heatwave,24.75,63.71,0.0,2.58,0.0,28.46
2026-06-01 02:33:00,Heatwave,24.9,64.23,0.0,2.33,0.0,29.99
2026-06-01 02:34:00,Heatwave,24.95,64.55,0.0,1.9,0.0,29.93
2026-06-01 02:35:00,Heatwave,25.2,63.49,0.0,2.23,0.0,31.67
2026-06-01 02:36:00,Heatwave,24.93,64.03,0.0,2.16,0.0,31.95
2026-06-01 02:37:00,Heatwave,25.03,63.59,0.0,1.94,0.0,31.41
2026-06-01 02:38:00,Heatwave,24.79,63.83,0.0,2.3,0.0,30.66
2026-06-01 02:39:00,Heatwave,24.67,64.63,0.0,2.2,0.0,30.88
2026-06-01 02:40:00,Heatwave,24.68,65.4,0.0,2.15,0.0,29.7
2026-06-01 02:41:00,Heatwave,24.69,64.53,0.0,2.08,0.0,32.12
2026-06-01 02:42:00,Heatwave,25.1,62.93,0.0,2.21,0.0,32.32
2026-06-01 02:43:00,Heatwave,24.64,64.46,0.0,2.16,0.0,31.52
2026-06-01 02:44:00,Heatwave,24.86,64.24,0.0,2.11,0.0,32.34
2026-06-01 02:45:00,Heatwave,24.58,64.68,0.0,1.92,0.0,30.05
2026-06-01 02:46:00,Heatwave,24.84,64.49,0.0,2.57,0.0,27.75
2026-06-01 02:47:00,Heatwave,24.74,64.79,0.0,1.8,0.0,28.47
2026-06-01 02:48:00,Heatwave,24.63,65.29,0.0,2.22,0.0,29.85
2026-06-01 02:49:00,Heatwave,24.63,65.62,0.0,2.01,0.0,29.07
2026-06-01 02:50:00,Heatwave,24.52,65.68,0.0,2.59,0.0,26.12
2026-06-01 02:51:00,Heatwave,24.67,64.11,0.0,1.85,0.0,29.78
2026-06-01 02:52:00,Heatwave,24.51,64.56,0.0,1.9,0.0,29.92
2026-06-01 02:53:00,Heatwave,24.38,65.43,0.0,1.83,0.0,27.99
2026-06-01 02:54:00,Heatwave,24.35,65.28,0.0,2.2,0.0,30.04
2026-06-01 02:55:00,Heatwave,24.55,64.31,0.0,1.72,0.0,28.17
2026-06-01 02:56:00,Heatwave,24.74,64.2,0.0,1.98,0.0,31.41
2026-06-01 02:57:00,Heatwave,24.51,64.82,0.0,1.51,0.0,26.98
2026-06-01 02:58:00,Heatwave,24.45,64.87,0.0,2.18,0.0,30.82
2026-06-01 02:59:00,Heatwave,24.49,64.96,0.0,1.97,0.0,30.42
2026-06-01 03:00:00,Heatwave,24.63,65.48,0.0,1.7,0.0,26.56
2026-06-01 03:01:00,Heatwave,24.45,65.4,0.0,2.42,0.0,27.8
2026-06-01 03:02:00,Heatwave,24.34,67.07,0.0,1.75,0.0,24.32
2026-06-01 03:03:00,Heatwave,24.55,65.11,0.0,2.34,0.0,28.89
2026-06-01 03:04:00,Heatwave,24.43,65.16,0.0,1.92,0.0,29.46
2026-06-01 03:05:00,Heatwave,24.58,64.92,0.0,2.57,0.0,27.26
2026-06-01 03:06:00,Heatwave,24.36,65.68,0.0,2.33,0.0,28.19
2026-06-01 03:07:00,Heatwave,24.13,66.42,0.0,1.84,0.0,26.53
2026-06-01 03:08:00,Heatwave,24.09,67.51,0.0,1.87,0.0,23.35
2026-06-01 03:09:00,Heatwave,24.53,64.55,0.0,2.3,0.0,29.93
2026-06-01 03:10:00,Heatwave,24.52,65.58,0.0,2.06,0.0,29.19
2026-06-01 03:11:00,Heatwave,24.22,66.03,0.0,2.08,0.0,27.89
2026-06-01 03:12:00,Heatwave,24.18,65.09,0.0,2.49,0.0,27.65
2026-06-01 03:13:00,Heatwave,24.44,65.77,0.0,1.93,0.0,28.65
2026-06-01 03:14:00,Heatwave,24.04,67.18,0.0,2.16,0.0,24.4
2026-06-01 03:15:00,Heatwave,24.05,65.86,0.0,2.41,0.0,27.21
2026-06-01 03:16:00,Heatwave,24.27,65.77,0.0,2.37,0.0,27.7
2026-06-01 03:17:00,Heatwave,24.1,65.21,0.0,2.1,0.0,30.23
2026-06-01 03:18:00,Heatwave,24.14,65.37,0.0,2.06,0.0,29.78
2026-06-01 03:19:00,Heatwave,24.11,66.86,0.0,1.66,0.0,24.55
2026-06-01 03:20:00,Heatwave,24.17,65.78,0.0,1.85,0.0,27.71
2026-06-01 03:21:00,Heatwave,24.31,64.99,0.0,2.24,0.0,30.02
2026-06-01 03:22:00,Heatwave,24.1,66.38,0.0,2.11,0.0,26.86
2026-06-01 03:23:00,Heatwave,24.17,65.73,0.0,2.17,0.0,28.76
2026-06-01 03:24:00,Heatwave,23.75,66.92,0.0,2.45,0.0,25.1
2026-06-01 03:25:00,Heatwave,24.04,66.85,0.0,1.83,0.0,25.43
2026-06-01 03:26:00,Heatwave,23.91,66.08,0.0,2.09,0.0,27.75
2026-06-01 03:27:00,Heatwave,23.84,66.42,0.0,2.21,0.0,26.74
2026-06-01 03:28:00,Heatwave,23.88,66.95,0.0,1.97,0.0,25.12
2026-06-01 03:29:00,Heatwave,23.95,67.25,0.0,2.57,0.0,24.03
2026-06-01 03:30:00,Heatwave,24.12,66.92,0.0,2.42,0.0,25.22
2026-06-01 03:31:00,Heatwave,23.78,66.75,0.0,2.25,0.0,25.74
2026-06-01 03:32:00,Heatwave,23.97,67.17,0.0,2.67,0.0,24.17
2026-06-01 03:33:00,Heatwave,23.88,66.39,0.0,1.75,0.0,25.85
2026-06-01 03:34:00,Heatwave,23.89,67.92,0.0,2.17,0.0,22.53
2026-06-01 03:35:00,Heatwave,24.08,65.62,0.0,2.28,0.0,28.76
2026-06-01 03:36:00,Heatwave,24.0,67.32,0.0,1.92,0.0,23.96
2026-06-01 03:37:00,Heatwave,24.11,65.83,0.0,2.27,0.0,28.47
2026-06-01 03:38:00,Heatwave,23.87,68.08,0.0,1.88,0.0,22.13
2026-06-01 03:39:00,Heatwave,23.78,67.48,0.0,2.38,0.0,23.81
2026-06-01 03:40:00,Heatwave,23.84,66.35,0.0,2.49,0.0,26.0
2026-06-01 03:41:00,Heatwave,23.9,66.48,0.0,2.27,0.0,26.56
2026-06-01 03:42:00,Heatwave,23.88,67.32,0.0,1.68,0.0,24.0
2026-06-01 03:43:00,Heatwave,23.68,68.03,0.0,1.93,0.0,22.59
2026-06-01 03:44:00,Heatwave,23.85,66.89,0.0,2.36,0.0,25.31
2026-06-01 03:45:00,Heatwave,23.86,66.93,0.0,2.21,0.0,25.18
2026-06-01 03:46:00,Heatwave,24.2,66.43,0.0,1.45,0.0,25.2
2026-06-01 03:47:00,Heatwave,24.09,66.34,0.0,2.55,0.0,25.55
2026-06-01 03:48:00,Heatwave,23.67,66.65,0.0,2.25,0.0,26.04
2026-06-01 03:49:00,Heatwave,23.75,66.73,0.0,1.98,0.0,25.8
2026-06-01 03:50:00,Heatwave,23.57,67.87,0.0,2.49,0.0,23.23
2026-06-01 03:51:00,Heatwave,23.69,68.11,0.0,2.03,0.0,22.35
2026-06-01 03:52:00,Heatwave,23.82,68.0,0.0,2.03,0.0,22.43
2026-06-01 03:53:00,Heatwave,23.94,67.15,0.0,2.32,0.0,24.5
2026-06-01 03:54:00,Heatwave,23.65,67.68,0.0,2.72,0.0,23.57
2026-06-01 03:55:00,Heatwave,23.65,67.94,0.0,2.68,0.0,22.89
2026-06-01 03:56:00,Heatwave,23.42,67.74,0.0,2.33,0.0,23.86
2026-06-01 03:57:00,Heatwave,23.71,67.24,0.0,2.36,0.0,24.5
2026-06-01 03:58:00,Heatwave,23.57,67.23,0.0,2.46,0.0,24.79
2026-06-01 03:59:00,Heatwave,23.64,66.77,0.0,1.89,0.0,25.68
2026-06-01 04:00:00,Heatwave,23.58,67.88,0.0,2.42,0.0,23.18
2026-06-01 04:01:00,Heatwave,23.7,67.48,0.0,2.04,0.0,23.96
2026-06-01 04:02:00,Heatwave,23.44,68.49,0.0,2.34,0.0,21.64
2026-06-01 04:03:00,Heatwave,23.48,68.3,0.0,2.19,0.0,22.16
2026-06-01 04:04:00,Heatwave,24.01,66.63,0.0,2.39,0.0,26.05
2026-06-01 04:05:00,Heatwave,23.5,68.26,0.0,2.29,0.0,22.25
2026-06-01 04:06:00,Heatwave,23.52,67.83,0.0,1.4,0.0,23.43
2026-06-01 04:07:00,Heatwave,23.95,66.9,0.0,2.31,0.0,25.28
2026-06-01 04:08:00,Heatwave,24.11,65.78,0.0,2.44,0.0,27.09
2026-06-01 04:09:00,Heatwave,23.49,68.15,0.0,2.39,0.0,22.59
2026-06-01 04:10:00,Heatwave,23.61,68.01,0.0,2.24,0.0,22.77
2026-06-01 04:11:00,Heatwave,23.71,66.92,0.0,2.73,0.0,25.18
2026-06-01 04:12:00,Heatwave,23.92,66.78,0.0,2.36,0.0,25.65
2026-06-01 04:13:00,Heatwave,23.51,67.52,0.0,2.4,0.0,24.24
2026-06-01 04:14:00,Heatwave,23.61,67.28,0.0,2.57,0.0,24.6
2026-06-01 04:15:00,Heatwave,23.76,66.5,0.0,2.39,0.0,26.3
2026-06-01 04:16:00,Heatwave,23.71,68.09,0.0,2.04,0.0,22.37
2026-06-01 04:17:00,Heatwave,23.59,68.31,0.0,1.61,0.0,21.94
2026-06-01 04:18:00,Heatwave,23.62,67.9,0.0,2.16,0.0,23.05
2026-06-01 04:19:00,Heatwave,23.43,69.29,0.0,2.51,0.0,18.72
2026-06-01 04:20:00,Heatwave,23.6,67.52,0.0,2.2,0.0,24.06
2026-06-01 04:21:00,Heatwave,23.59,69.47,0.0,2.53,0.0,17.77
2026-06-01 04:22:00,Heatwave,23.67,67.31,0.0,2.35,0.0,24.42
2026-06-01 04:23:00,Heatwave,23.55,67.94,0.0,2.67,0.0,23.07
2026-06-01 04:24:00,Heatwave,23.7,67.12,0.0,2.23,0.0,24.78
2026-06-01 04:25:00,Heatwave,23.78,67.36,0.0,2.45,0.0,24.09
2026-06-01 04:26:00,Heatwave,23.65,68.0,0.0,2.46,0.0,22.73
2026-06-01 04:27:00,Heatwave,23.68,67.35,0.0,2.74,0.0,24.3
2026-06-01 04:28:00,Heatwave,23.63,68.61,0.0,1.85,0.0,20.93
2026-06-01 04:29:00,Heatwave,23.63,67.71,0.0,2.2,0.0,23.53
2026-06-01 04:30:00,Heatwave,23.52,68.03,0.0,2.57,0.0,22.88
2026-06-01 04:31:00,Heatwave,23.67,66.89,0.0,2.77,0.0,25.32
2026-06-01 04:32:00,Heatwave,23.61,67.86,0.0,2.41,0.0,23.18
2026-06-01 04:33:00,Heatwave,23.94,66.61,0.0,2.26,0.0,26.17
2026-06-01 04:34:00,Heatwave,23.86,66.54,0.0,2.56,0.0,25.62
2026-06-01 04:35:00,Heatwave,23.69,66.93,0.0,2.59,0.0,25.2
2026-06-01 04:36:00,Heatwave,23.51,69.48,0.0,2.25,0.0,17.82
2026-06-01 04:37:00,Heatwave,23.46,67.86,0.0,2.45,0.0,23.46
2026-06-01 04:38:00,Heatwave,23.81,66.18,0.0,2.69,0.0,26.35
2026-06-01 04:39:00,Heatwave,23.67,67.01,0.0,2.89,0.0,25.07
2026-06-01 04:40:00,Heatwave,23.71,67.31,0.0,2.57,0.0,24.34
2026-06-01 04:41:00,Heatwave,23.38,68.59,0.0,2.38,0.0,21.41
2026-06-01 04:42:00,Heatwave,23.78,67.47,0.0,2.36,0.0,23.84
2026-06-01 04:43:00,Heatwave,23.71,67.73,0.0,2.53,0.0,23.33
2026-06-01 04:44:00,Heatwave,23.48,67.59,0.0,2.35,0.0,24.12
2026-06-01 04:45:00,Heatwave,23.58,67.9,0.0,2.44,0.0,23.13
2026-06-01 04:46:00,Heatwave,23.69,66.86,0.0,2.09,0.0,25.4
2026-06-01 04:47:00,Heatwave,23.66,67.09,0.0,2.76,0.0,24.92
2026-06-01 04:48:00,Heatwave,23.61,67.05,0.0,2.08,0.0,25.1
2026-06-01 04:49:00,Heatwave,23.65,66.79,0.0,2.28,0.0,25.62
2026-06-01 04:50:00,Heatwave,23.63,68.2,0.0,2.43,0.0,22.2
2026-06-01 04:51:00,Heatwave,23.69,67.79,0.0,2.96,0.0,23.22
2026-06-01 04:52:00,Heatwave,23.89,67.4,0.0,2.29,0.0,23.8
2026-06-01 04:53:00,Heatwave,23.29,68.51,0.0,2.23,0.0,21.84
2026-06-01 04:54:00,Heatwave,23.65,67.97,0.0,2.26,0.0,22.81
2026-06-01 04:55:00,Heatwave,23.71,66.26,0.0,2.89,0.0,26.42
2026-06-01 04:56:00,Heatwave,23.74,67.77,0.0,1.64,0.0,23.18
2026-06-01 04:57:00,Heatwave,23.64,67.62,0.0,2.15,0.0,23.74
2026-06-01 04:58:00,Heatwave,23.44,68.45,0.0,3.2,0.0,21.77
2026-06-01 04:59:00,Heatwave,23.76,67.42,0.0,2.6,0.0,23.99
2026-06-01 05:00:00,Heatwave,23.98,66.0,0.0,2.13,0.0,27.98
2026-06-01 05:01:00,Heatwave,23.49,67.04,0.0,2.43,0.0,25.37
2026-06-01 05:02:00,Heatwave,23.86,66.49,0.0,2.47,0.0,25.71
2026-06-01 05:03:00,Heatwave,23.69,67.74,0.0,2.69,0.0,23.34
2026-06-01 05:04:00,Heatwave,23.73,67.68,0.0,2.97,0.0,23.42
2026-06-01 05:05:00,Heatwave,23.59,66.84,0.0,2.57,0.0,25.58
2026-06-01 05:06:00,Heatwave,23.71,66.75,0.0,2.31,0.0,25.74
2026-06-01 05:07:00,Heatwave,23.96,66.21,0.0,2.69,0.0,26.01
2026-06-01 05:08:00,Heatwave,23.86,66.7,0.0,2.28,0.0,25.89
2026-06-01 05:09:00,Heatwave,24.04,65.6,0.0,2.19,0.0,29.13
2026-06-01 05:10:00,Heatwave,23.96,65.77,0.0,1.99,0.0,28.65
2026-06-01 05:11:00,Heatwave,23.86,66.42,0.0,2.05,0.0,26.74
2026-06-01 05:12:00,Heatwave,24.06,66.4,0.0,2.24,0.0,26.8
2026-06-01 05:13:00,Heatwave,23.88,66.16,0.0,2.16,0.0,27.51
2026-06-01 05:14:00,Heatwave,23.94,66.61,0.0,2.58,0.0,25.34
2026-06-01 05:15:00,Heatwave,23.78,67.76,0.0,2.17,0.0,23.13
2026-06-01 05:16:00,Heatwave,23.85,66.16,0.0,1.63,0.0,26.31
2026-06-01 05:17:00,Heatwave,23.74,67.11,0.0,2.22,0.0,24.72
2026-06-01 05:18:00,Heatwave,24.01,67.12,0.0,2.38,0.0,24.59
2026-06-01 05:19:00,Heatwave,23.69,67.13,0.0,2.35,0.0,24.78
2026-06-01 05:20:00,Heatwave,23.99,66.2,0.0,2.95,0.0,25.97
2026-06-01 05:21:00,Heatwave,23.86,67.61,0.0,2.35,0.0,23.36
2026-06-01 05:22:00,Heatwave,24.07,66.14,0.0,2.78,0.0,25.92
2026-06-01 05:23:00,Heatwave,24.02,67.13,0.0,2.53,0.0,24.16
2026-06-01 05:24:00,Heatwave,24.19,66.25,0.0,2.53,0.0,25.65
2026-06-01 05:25:00,Heatwave,24.04,66.21,0.0,2.31,0.0,27.36
2026-06-01 05:26:00,Heatwave,23.7,67.63,0.0,2.53,0.0,23.6
2026-06-01 05:27:00,Heatwave,23.94,66.88,0.0,2.34,0.0,25.34
2026-06-01 05:28:00,Heatwave,23.79,67.73,0.0,2.6,0.0,23.19
2026-06-01 05:29:00,Heatwave,23.9,66.48,0.0,2.49,0.0,25.65
2026-06-01 05:30:00,Heatwave,24.21,65.95,0.0,2.3,0.0,28.06
2026-06-01 05:31:00,Heatwave,24.09,66.22,3.77,2.85,0.0,25.75
2026-06-01 05:32:00,Heatwave,23.91,67.21,7.24,2.69,0.0,24.19
2026-06-01 05:33:00,Heatwave,23.87,66.26,11.87,2.45,0.0,26.24
2026-06-01 05:34:00,Heatwave,24.04,67.02,15.57,2.62,0.0,24.36
2026-06-01 05:35:00,Heatwave,23.87,67.17,18.99,2.56,0.0,24.35
2026-06-01 05:36:00,Heatwave,23.96,65.84,21.68,2.35,0.0,27.77
2026-06-01 05:37:00,Heatwave,24.12,66.91,26.52,2.62,0.0,24.44
2026-06-01 05:38:00,Heatwave,24.26,67.14,29.1,2.43,0.0,24.53
2026-06-01 05:39:00,Heatwave,24.19,66.59,35.37,2.34,0.0,26.23
2026-06-01 05:40:00,Heatwave,23.77,68.01,38.56,2.15,0.0,22.49
2026-06-01 05:41:00,Heatwave,24.18,66.09,41.52,2.51,0.0,26.06
2026-06-01 05:42:00,Heatwave,24.16,65.09,41.87,2.78,0.0,27.27
2026-06-01 05:43:00,Heatwave,24.22,64.8,47.48,2.43,0.0,28.48
2026-06-01 05:44:00,Heatwave,24.42,65.52,53.77,3.33,0.0,26.24
2026-06-01 05:45:00,Heatwave,23.88,66.5,58.5,2.88,0.0,25.66
2026-06-01 05:46:00,Heatwave,24.11,65.66,62.21,3.0,0.0,26.59
2026-06-01 05:47:00,Heatwave,24.31,65.63,60.91,2.86,0.0,26.27
2026-06-01 05:48:00,Heatwave,24.0,66.9,68.33,3.16,0.0,24.67
2026-06-01 05:49:00,Heatwave,24.47,64.34,73.65,2.43,0.0,29.0
2026-06-01 05:50:00,Heatwave,24.32,65.36,71.49,1.94,0.0,29.47
2026-06-01 05:51:00,Heatwave,24.41,66.3,78.97,2.53,0.0,25.56
2026-06-01 05:52:00,Heatwave,24.21,65.29,83.42,2.82,0.0,26.92
2026-06-01 05:53:00,Heatwave,24.44,65.84,85.71,2.71,0.0,25.74
2026-06-01 05:54:00,Heatwave,24.49,64.87,85.23,2.75,0.0,26.96
2026-06-01 05:55:00,Heatwave,24.38,65.79,93.07,3.05,0.0,25.92
2026-06-01 05:56:00,Heatwave,24.4,66.07,96.78,2.79,0.0,25.45
2026-06-01 05:57:00,Heatwave,24.42,65.8,101.03,2.91,0.0,25.84
2026-06-01 05:58:00,Heatwave,24.27,66.32,103.45,2.43,0.0,26.29
2026-06-01 05:59:00,Heatwave,24.39,64.74,107.53,2.39,0.0,28.89
2026-06-01 06:00:00,Heatwave,24.41,66.05,112.58,3.15,0.0,25.47
2026-06-01 06:01:00,Heatwave,24.51,64.6,118.0,2.74,0.0,27.23
2026-06-01 06:02:00,Heatwave,24.62,64.96,119.1,2.54,0.0,27.43
2026-06-01 06:03:00,Heatwave,24.33,65.77,122.41,2.54,0.0,26.34
2026-06-01 06:04:00,Heatwave,24.49,65.46,128.02,2.54,0.0,26.78
2026-06-01 06:05:00,Heatwave,24.75,64.65,123.83,2.53,0.0,27.87
2026-06-01 06:06:00,Heatwave,24.43,64.82,137.07,2.37,0.0,28.97
2026-06-01 06:07:00,Heatwave,24.44,64.5,138.86,2.32,0.0,29.8
2026-06-01 06:08:00,Heatwave,24.61,65.35,142.76,2.69,0.0,26.15
2026-06-01 06:09:00,Heatwave,24.73,64.62,150.54,2.58,0.0,27.54
2026-06-01 06:10:00,Heatwave,24.62,65.49,141.25,3.06,0.0,25.95
2026-06-01 06:11:00,Heatwave,24.84,64.17,144.66,2.84,0.0,27.15
2026-06-01 06:12:00,Heatwave,24.79,63.5,158.78,2.83,0.0,27.86
2026-06-01 06:13:00,Heatwave,24.8,64.87,161.17,2.56,0.0,27.39
2026-06-01 06:14:00,Heatwave,24.78,64.13,165.76,2.74,0.0,27.29
2026-06-01 06:15:00,Heatwave,25.07,63.76,166.29,2.88,0.0,27.19
2026-06-01 06:16:00,Heatwave,24.71,64.17,175.78,2.98,0.0,27.36
2026-06-01 06:17:00,Heatwave,24.46,66.23,180.98,2.76,0.0,25.09
2026-06-01 06:18:00,Heatwave,25.02,63.16,182.37,3.09,0.0,27.79
2026-06-01 06:19:00,Heatwave,24.73,64.29,182.02,2.8,0.0,27.2
2026-06-01 06:20:00,Heatwave,24.84,64.26,175.33,3.02,0.0,27.06
2026-06-01 06:21:00,Heatwave,25.04,62.98,195.26,2.67,0.0,28.46
2026-06-01 06:22:00,Heatwave,24.63,64.98,201.69,2.3,0.0,29.43
2026-06-01 06:23:00,Heatwave,24.7,65.55,202.08,2.89,0.0,25.74
2026-06-01 06:24:00,Heatwave,24.67,64.37,196.61,3.02,0.0,27.22
2026-06-01 06:25:00,Heatwave,24.81,64.5,209.78,2.99,0.0,26.85
2026-06-01 06:26:00,Heatwave,25.02,62.04,214.71,2.95,0.0,28.59
2026-06-01 06:27:00,Heatwave,25.05,63.57,222.95,2.74,0.0,27.53
2026-06-01 06:28:00,Heatwave,25.04,63.45,210.97,2.61,0.0,28.48
2026-06-01 06:29:00,Heatwave,24.81,63.78,218.85,3.0,0.0,27.58
2026-06-01 06:30:00,Heatwave,24.7,65.23,229.04,2.97,0.0,26.16
2026-06-01 06:31:00,Heatwave,25.08,63.34,228.08,2.7,0.0,27.98
2026-06-01 06:32:00,Heatwave,25.02,63.58,223.6,3.17,0.0,27.43
2026-06-01 06:33:00,Heatwave,25.18,63.01,237.94,2.62,0.0,28.78
2026-06-01 06:34:00,Heatwave,25.24,61.92,242.82,2.71,0.0,29.87
2026-06-01 06:35:00,Heatwave,25.18,62.56,242.97,3.33,0.0,29.46
2026-06-01 06:36:00,Heatwave,25.3,63.49,247.6,3.12,0.0,29.07
2026-06-01 06:37:00,Heatwave,25.24,61.8,247.69,2.79,0.0,30.29
2026-06-01 06:38:00,Heatwave,25.31,62.41,264.51,2.97,0.0,31.28
2026-06-01 06:39:00,Heatwave,25.15,63.08,249.98,2.94,0.0,29.59
2026-06-01 06:40:00,Heatwave,25.26,64.08,255.97,2.13,0.0,32.25
2026-06-01 06:41:00,Heatwave,25.34,63.27,264.28,2.65,0.0,30.62
2026-06-01 06:42:00,Heatwave,25.46,62.14,274.89,2.9,0.0,32.43
2026-06-01 06:43:00,Heatwave,25.3,63.7,259.26,2.82,0.0,29.81
2026-06-01 06:44:00,Heatwave,25.46,62.02,264.26,2.99,0.0,31.51
2026-06-01 06:45:00,Heatwave,25.37,63.33,261.66,3.24,0.0,30.34
2026-06-01 06:46:00,Heatwave,25.42,61.77,282.59,2.84,0.0,33.44
2026-06-01 06:47:00,Heatwave,25.58,62.77,276.33,2.64,0.0,32.16
2026-06-01 06:48:00,Heatwave,25.19,62.98,286.19,3.03,0.0,33.08
2026-06-01 06:49:00,Heatwave,25.32,62.25,298.95,2.86,0.0,35.15
2026-06-01 06:50:00,Heatwave,25.32,62.74,291.02,2.91,0.0,33.82
2026-06-01 06:51:00,Heatwave,25.21,63.32,302.42,2.88,0.0,34.95
2026-06-01 06:52:00,Heatwave,25.49,62.09,301.19,3.59,0.0,35.55
2026-06-01 06:53:00,Heatwave,25.73,62.05,313.71,2.34,0.0,37.45
2026-06-01 06:54:00,Heatwave,25.6,61.72,315.53,2.87,0.0,37.9
2026-06-01 06:55:00,Heatwave,25.7,62.17,308.14,2.98,0.0,36.52
2026-06-01 06:56:00,Heatwave,25.86,61.61,316.64,2.77,0.0,38.12
2026-06-01 06:57:00,Heatwave,25.93,61.14,331.89,3.24,0.0,41.02
2026-06-01 06:58:00,Heatwave,25.74,61.41,329.22,3.22,0.0,40.44
2026-06-01 06:59:00,Heatwave,25.98,61.1,315.16,2.99,0.0,38.07
2026-06-01 07:00:00,Heatwave,25.82,61.79,339.04,2.93,0.0,39.74
2026-06-01 07:01:00,Heatwave,25.71,63.0,325.12,2.98,0.0,36.34
2026-06-01 07:02:00,Heatwave,25.78,62.15,353.99,2.99,0.0,38.72
2026-06-01 07:03:00,Heatwave,25.67,62.46,353.68,3.0,0.0,37.85
2026-06-01 07:04:00,Heatwave,25.79,63.41,349.69,2.97,0.0,35.2
2026-06-01 07:05:00,Heatwave,25.9,61.56,351.86,3.1,0.0,40.39
2026-06-01 07:06:00,Heatwave,26.1,60.98,351.52,3.25,0.0,42.07
2026-06-01 07:07:00,Heatwave,26.27,60.65,364.53,2.7,0.0,43.04
2026-06-01 07:08:00,Heatwave,25.83,60.83,356.76,2.75,0.0,42.51
2026-06-01 07:09:00,Heatwave,26.13,60.35,366.86,2.56,0.0,43.94
2026-06-01 07:10:00,Heatwave,25.94,60.83,377.42,3.3,0.0,42.51
2026-06-01 07:11:00,Heatwave,26.2,60.81,365.04,3.13,0.0,42.57
2026-06-01 07:12:00,Heatwave,26.14,60.49,367.87,3.21,0.0,43.52
2026-06-01 07:13:00,Heatwave,25.91,61.3,364.73,2.68,0.0,41.14
2026-06-01 07:14:00,Heatwave,26.35,60.64,369.58,3.58,0.0,43.07
2026-06-01 07:15:00,Heatwave,26.15,61.06,364.12,2.92,0.0,41.84
2026-06-01 07:16:00,Heatwave,26.2,60.33,397.24,3.14,0.0,44.0
2026-06-01 07:17:00,Heatwave,26.15,60.16,413.49,3.34,0.0,44.51
2026-06-01 07:18:00,Heatwave,26.24,60.99,412.58,2.83,0.0,42.04
2026-06-01 07:19:00,Heatwave,26.43,60.23,379.66,2.95,0.0,44.3
2026-06-01 07:20:00,Heatwave,26.37,58.98,411.33,3.16,0.0,45.0
2026-06-01 07:21:00,Heatwave,26.48,59.45,423.35,3.92,0.0,45.0
2026-06-01 07:22:00,Heatwave,26.51,59.64,403.86,3.21,0.0,45.0
2026-06-01 07:23:00,Heatwave,26.69,59.52,414.16,3.58,0.0,45.0
2026-06-01 07:24:00,Heatwave,26.47,60.21,391.26,3.47,0.0,44.36
2026-06-01 07:25:00,Heatwave,26.33,60.21,423.12,3.24,0.0,44.36
2026-06-01 07:26:00,Heatwave,26.75,59.25,409.68,2.87,0.0,45.0
2026-06-01 07:27:00,Heatwave,26.57,59.43,429.15,3.45,0.0,45.0
2026-06-01 07:28:00,Heatwave,26.82,58.3,409.86,2.74,0.0,45.0
2026-06-01 07:29:00,Heatwave,26.74,58.76,440.46,3.61,0.0,45.0
2026-06-01 07:30:00,Heatwave,26.69,59.05,450.22,3.22,0.0,45.0
2026-06-01 07:31:00,Heatwave,26.8,58.73,429.85,2.43,0.0,45.0
2026-06-01 07:32:00,Heatwave,27.07,56.86,428.44,3.08,0.0,45.0
2026-06-01 07:33:00,Heatwave,27.12,57.61,418.04,3.37,0.0,45.0
2026-06-01 07:34:00,Heatwave,26.85,58.63,446.72,3.12,0.0,45.0
2026-06-01 07:35:00,Heatwave,26.9,58.3,445.77,3.4,0.0,45.0
2026-06-01 07:36:00,Heatwave,27.07,57.85,435.77,2.96,0.0,45.0
2026-06-01 07:37:00,Heatwave,26.82,59.0,466.65,2.84,0.0,45.0
2026-06-01 07:38:00,Heatwave,27.03,57.47,457.48,3.19,0.0,45.0
2026-06-01 07:39:00,Heatwave,27.01,57.2,452.0,3.23,0.0,45.0
2026-06-01 07:40:00,Heatwave,27.09,57.73,462.58,3.12,0.0,45.0
2026-06-01 07:41:00,Heatwave,26.95,58.78,488.96,3.57,0.0,45.0
2026-06-01 07:42:00,Heatwave,26.87,59.56,485.68,3.0,0.0,45.0
2026-06-01 07:43:00,Heatwave,26.83,59.12,478.49,3.33,0.0,45.0
2026-06-01 07:44:00,Heatwave,27.01,57.28,492.65,3.26,0.0,45.0
2026-06-01 07:45:00,Heatwave,27.14,57.65,470.01,2.81,0.0,45.0
2026-06-01 07:46:00,Heatwave,27.2,57.78,490.74,2.89,0.0,45.0
2026-06-01 07:47:00,Heatwave,27.57,56.71,495.73,3.26,0.0,45.0
2026-06-01 07:48:00,Heatwave,27.48,57.18,489.82,3.82,0.0,45.0
2026-06-01 07:49:00,Heatwave,27.2,57.07,506.63,3.43,0.0,45.0
2026-06-01 07:50:00,Heatwave,27.44,57.02,491.57,2.79,0.0,45.0
2026-06-01 07:51:00,Heatwave,27.36,57.45,514.37,2.41,0.0,45.0
2026-06-01 07:52:00,Heatwave,27.41,57.54,518.31,3.49,0.0,45.0
2026-06-01 07:53:00,Heatwave,27.52,56.27,468.21,3.27,0.0,45.0
2026-06-01 07:54:00,Heatwave,27.62,56.27,534.78,3.62,0.0,45.0
2026-06-01 07:55:00,Heatwave,27.51,55.16,472.07,3.06,0.0,45.0
2026-06-01 07:56:00,Heatwave,27.75,55.72,513.13,3.41,0.0,45.0
2026-06-01 07:57:00,Heatwave,27.46,56.6,542.19,3.55,0.0,45.0
2026-06-01 07:58:00,Heatwave,27.67,55.73,524.18,3.2,0.0,45.0
2026-06-01 07:59:00,Heatwave,28.09,55.26,509.0,3.21,0.0,45.0
2026-06-01 08:00:00,Heatwave,27.77,56.02,518.03,3.34,0.0,45.0
2026-06-01 08:01:00,Heatwave,27.99,54.09,555.39,3.49,0.0,45.0
2026-06-01 08:02:00,Heatwave,27.82,56.03,510.73,3.34,0.0,45.0
2026-06-01 08:03:00,Heatwave,27.93,55.04,563.6,3.62,0.0,45.0
2026-06-01 08:04:00,Heatwave,27.87,56.06,547.39,3.22,0.0,45.0
2026-06-01 08:05:00,Heatwave,27.89,54.94,531.73,2.99,0.0,45.0
2026-06-01 08:06:00,Heatwave,27.84,55.88,544.9,3.92,0.0,45.0
2026-06-01 08:07:00,Heatwave,28.06,55.09,540.72,3.2,0.0,45.0
2026-06-01 08:08:00,Heatwave,27.9,55.87,575.44,3.22,0.0,45.0
2026-06-01 08:09:00,Heatwave,28.16,55.03,576.38,3.36,0.0,45.0
2026-06-01 08:10:00,Heatwave,28.26,54.52,537.86,3.41,0.0,45.0
2026-06-01 08:11:00,Heatwave,28.19,53.95,563.31,3.28,0.0,45.0
2026-06-01 08:12:00,Heatwave,28.13,54.16,558.47,3.39,0.0,45.0
2026-06-01 08:13:00,Heatwave,28.28,54.28,598.77,3.39,0.0,45.0
2026-06-01 08:14:00,Heatwave,28.2,54.84,556.01,3.46,0.0,45.0
2026-06-01 08:15:00,Heatwave,28.43,53.86,610.6,2.75,0.0,45.0
2026-06-01 08:16:00,Heatwave,28.05,55.65,585.04,3.95,0.0,45.0
2026-06-01 08:17:00,Heatwave,28.31,54.38,568.16,3.38,0.0,45.0
2026-06-01 08:18:00,Heatwave,28.1,54.55,579.71,3.59,0.0,45.0
2026-06-01 08:19:00,Heatwave,28.21,54.65,580.47,3.05,0.0,45.0
2026-06-01 08:20:00,Heatwave,28.68,53.66,574.95,3.31,0.0,45.0
2026-06-01 08:21:00,Heatwave,28.65,53.81,602.55,3.26,0.0,45.0
2026-06-01 08:22:00,Heatwave,28.44,55.3,581.61,3.86,0.0,45.0
2026-06-01 08:23:00,Heatwave,28.37,54.0,567.17,3.29,0.0,45.0
2026-06-01 08:24:00,Heatwave,28.18,54.86,602.91,3.68,0.0,45.0
2026-06-01 08:25:00,Heatwave,28.59,54.04,579.71,3.29,0.0,45.0
2026-06-01 08:26:00,Heatwave,29.07,52.43,601.94,3.35,0.0,45.0
2026-06-01 08:27:00,Heatwave,28.81,52.86,601.93,3.41,0.0,45.0
2026-06-01 08:28:00,Heatwave,28.7,52.54,605.52,3.85,0.0,45.0
2026-06-01 08:29:00,Heatwave,28.89,52.63,662.23,2.96,0.0,45.0
2026-06-01 08:30:00,Heatwave,28.63,53.03,628.74,3.13,0.0,45.0
2026-06-01 08:31:00,Heatwave,28.85,52.0,635.26,2.96,0.0,45.0
2026-06-01 08:32:00,Heatwave,28.95,52.29,599.79,3.2,0.0,45.0
2026-06-01 08:33:00,Heatwave,28.96,52.11,623.98,3.29,0.0,45.0
2026-06-01 08:34:00,Heatwave,29.13,52.61,643.51,3.07,0.0,45.0
2026-06-01 08:35:00,Heatwave,29.11,52.7,622.55,3.32,0.0,45.0
2026-06-01 08:36:00,Heatwave,29.19,51.55,662.76,2.96,0.0,45.0
2026-06-01 08:37:00,Heatwave,29.03,52.39,624.69,3.25,0.0,45.0
2026-06-01 08:38:00,Heatwave,29.31,50.66,645.35,3.88,0.0,45.0
2026-06-01 08:39:00,Heatwave,29.46,51.07,642.32,3.66,0.0,45.0
2026-06-01 08:40:00,Heatwave,29.11,52.58,659.91,3.6,0.0,45.0
2026-06-01 08:41:00,Heatwave,29.16,52.69,646.85,3.28,0.0,45.0
2026-06-01 08:42:00,Heatwave,29.53,50.73,656.98,3.13,0.0,45.0
2026-06-01 08:43:00,Heatwave,29.34,52.31,660.48,3.25,0.0,45.0
2026-06-01 08:44:00,Heatwave,29.62,50.0,653.29,3.56,0.0,45.0
2026-06-01 08:45:00,Heatwave,29.38,50.82,680.59,3.82,0.0,45.0
2026-06-01 08:46:00,Heatwave,29.71,51.09,678.44,3.84,0.0,45.0
2026-06-01 08:47:00,Heatwave,29.55,52.11,674.62,3.77,0.0,45.0
2026-06-01 08:48:00,Heatwave,29.61,51.24,670.43,3.39,0.0,45.0
2026-06-01 08:49:00,Heatwave,29.85,50.26,698.28,3.61,0.0,45.0
2026-06-01 08:50:00,Heatwave,29.6,49.66,679.9,3.51,0.0,45.0
2026-06-01 08:51:00,Heatwave,29.55,49.89,681.17,3.55,0.0,45.0
2026-06-01 08:52:00,Heatwave,29.66,50.87,692.41,4.19,0.0,45.0
2026-06-01 08:53:00,Heatwave,29.84,50.09,728.25,3.13,0.0,45.0
2026-06-01 08:54:00,Heatwave,29.58,50.37,667.73,3.56,0.0,45.0
2026-06-01 08:55:00,Heatwave,29.95,50.04,714.55,3.97,0.0,45.0
2026-06-01 08:56:00,Heatwave,29.81,50.44,661.31,3.23,0.0,45.0
2026-06-01 08:57:00,Heatwave,30.11,50.13,708.41,3.46,0.0,45.0
2026-06-01 08:58:00,Heatwave,29.62,51.0,739.9,3.5,0.0,45.0
2026-06-01 08:59:00,Heatwave,29.9,50.88,719.59,3.59,0.0,45.0
2026-06-01 09:00:00,Heatwave,29.8,50.41,715.5,3.21,0.0,45.0
2026-06-01 09:01:00,Heatwave,29.97,49.86,702.5,3.83,0.0,45.0
2026-06-01 09:02:00,Heatwave,30.18,50.01,717.83,3.86,0.0,45.0
2026-06-01 09:03:00,Heatwave,30.15,48.84,714.36,3.82,0.0,45.66
2026-06-01 09:04:00,Heatwave,30.18,51.04,705.39,3.44,0.0,45.0
2026-06-01 09:05:00,Heatwave,30.24,49.42,718.74,3.71,0.0,46.01
2026-06-01 09:06:00,Heatwave,30.33,49.16,731.98,3.44,0.0,46.39
2026-06-01 09:07:00,Heatwave,30.19,49.64,713.44,3.6,0.0,45.8
2026-06-01 09:08:00,Heatwave,30.49,49.62,715.11,4.3,0.0,45.89
2026-06-01 09:09:00,Heatwave,30.53,48.87,705.4,3.73,0.0,47.23
2026-06-01 09:10:00,Heatwave,30.53,47.43,746.63,3.38,0.0,47.44
2026-06-01 09:11:00,Heatwave,30.59,49.05,752.65,3.77,0.0,47.16
2026-06-01 09:12:00,Heatwave,30.6,48.0,748.24,3.34,0.0,47.62
2026-06-01 09:13:00,Heatwave,30.9,47.43,767.2,3.39,0.0,48.92
2026-06-01 09:14:00,Heatwave,30.62,47.37,750.11,3.44,0.0,47.83
2026-06-01 09:15:00,Heatwave,30.63,48.43,759.48,3.61,0.0,47.66
2026-06-01 09:16:00,Heatwave,30.6,47.79,760.02,4.0,0.0,47.66
2026-06-01 09:17:00,Heatwave,30.6,48.24,753.57,3.91,0.0,47.57
2026-06-01 09:18:00,Heatwave,30.61,47.98,746.06,3.9,0.0,47.66
2026-06-01 09:19:00,Heatwave,30.71,49.05,811.13,3.45,0.0,47.21
2026-06-01 09:20:00,Heatwave,30.87,48.62,752.72,3.61,0.0,48.19
2026-06-01 09:21:00,Heatwave,30.97,47.18,750.22,3.84,0.0,49.26
2026-06-01 09:22:00,Heatwave,30.97,47.19,777.95,3.6,0.0,49.25
2026-06-01 09:23:00,Heatwave,30.89,47.15,776.21,3.7,0.0,48.97
2026-06-01 09:24:00,Heatwave,31.18,47.23,740.23,3.91,0.0,50.06
2026-06-01 09:25:00,Heatwave,31.2,46.32,801.32,3.69,0.0,50.47
2026-06-01 09:26:00,Heatwave,31.11,46.52,775.41,3.86,0.0,50.04
2026-06-01 09:27:00,Heatwave,31.08,47.45,754.0,4.24,0.0,49.62
2026-06-01 09:28:00,Heatwave,31.3,45.92,810.27,3.76,0.0,51.06
2026-06-01 09:29:00,Heatwave,31.29,46.26,799.46,4.14,0.0,50.83
2026-06-01 09:30:00,Heatwave,31.08,45.9,757.23,3.97,0.0,50.24
2026-06-01 09:31:00,Heatwave,31.33,46.58,831.52,3.41,0.0,50.8
2026-06-01 09:32:00,Heatwave,31.42,47.07,807.41,3.52,0.0,51.17
2026-06-01 09:33:00,Heatwave,31.29,46.7,793.84,3.6,0.0,50.6
2026-06-01 09:34:00,Heatwave,31.5,46.58,834.38,3.6,0.0,51.55
2026-06-01 09:35:00,Heatwave,31.29,45.76,802.5,3.81,0.0,51.12
2026-06-01 09:36:00,Heatwave,31.75,45.13,800.3,4.02,0.0,53.19
2026-06-01 09:37:00,Heatwave,31.78,44.34,787.33,4.2,0.0,52.93
2026-06-01 09:38:00,Heatwave,31.6,45.28,819.57,3.94,0.0,52.57
2026-06-01 09:39:00,Heatwave,31.73,45.51,819.31,3.73,0.0,52.81
2026-06-01 09:40:00,Heatwave,31.36,46.14,810.36,3.28,0.0,51.14
2026-06-01 09:41:00,Heatwave,31.59,44.6,792.99,3.89,0.0,52.44
2026-06-01 09:42:00,Heatwave,31.76,44.18,817.63,3.88,0.0,52.83
2026-06-01 09:43:00,Heatwave,31.69,44.35,814.95,3.93,0.0,52.57
2026-06-01 09:44:00,Heatwave,31.99,44.61,786.1,4.47,0.0,54.03
2026-06-01 09:45:00,Heatwave,32.23,44.9,784.79,4.24,0.0,55.37
2026-06-01 09:46:00,Heatwave,31.8,45.69,837.17,4.11,0.0,53.03
2026-06-01 09:47:00,Heatwave,31.89,43.47,760.95,3.63,0.0,53.5
2026-06-01 09:48:00,Heatwave,32.09,44.9,832.63,3.76,0.0,54.58
2026-06-01 09:49:00,Heatwave,32.34,43.92,817.76,3.88,0.0,56.01
2026-06-01 09:50:00,Heatwave,31.96,43.5,864.44,3.7,0.0,53.87
2026-06-01 09:51:00,Heatwave,32.22,43.51,821.56,4.06,0.0,55.31
2026-06-01 09:52:00,Heatwave,32.5,43.58,852.55,4.02,0.0,56.99
2026-06-01 09:53:00,Heatwave,32.02,44.58,828.12,3.62,0.0,54.19
2026-06-01 09:54:00,Heatwave,32.11,43.2,843.05,4.27,0.0,54.69
2026-06-01 09:55:00,Heatwave,32.28,43.88,860.87,3.97,0.0,55.66
2026-06-01 09:56:00,Heatwave,32.31,42.15,832.59,3.46,0.0,55.83
2026-06-01 09:57:00,Heatwave,32.55,42.63,871.65,3.93,0.0,57.31
2026-06-01 09:58:00,Heatwave,32.51,43.57,823.09,4.03,0.0,57.06
2026-06-01 09:59:00,Heatwave,32.25,43.62,857.92,4.23,0.0,55.48
2026-06-01 10:00:00,Heatwave,32.63,42.24,876.01,3.87,0.0,57.84
2026-06-01 10:01:00,Heatwave,32.51,43.41,871.33,4.2,0.0,57.06
2026-06-01 10:02:00,Heatwave,32.83,42.58,905.63,4.02,0.0,60.5
2026-06-01 10:03:00,Heatwave,32.59,43.46,838.71,3.61,0.0,57.57
2026-06-01 10:04:00,Heatwave,32.63,43.09,824.74,3.58,0.0,57.84
2026-06-01 10:05:00,Heatwave,32.84,42.6,836.56,4.3,0.0,59.31
2026-06-01 10:06:00,Heatwave,32.92,42.19,881.34,4.33,0.0,59.92
2026-06-01 10:07:00,Heatwave,32.91,41.92,879.08,4.09,0.0,59.84
2026-06-01 10:08:00,Heatwave,32.63,42.59,870.72,4.42,0.0,57.84
2026-06-01 10:09:00,Heatwave,33.01,41.36,840.65,4.3,0.0,60.62
2026-06-01 10:10:00,Heatwave,32.81,41.31,891.9,4.2,0.0,59.09
2026-06-01 10:11:00,Heatwave,33.05,40.83,841.62,3.76,0.0,60.94
2026-06-01 10:12:00,Heatwave,32.84,41.81,906.03,4.5,0.0,60.66
2026-06-01 10:13:00,Heatwave,33.16,41.23,952.65,4.17,0.0,70.84
2026-06-01 10:14:00,Heatwave,33.01,42.36,888.94,3.92,0.0,60.62
2026-06-01 10:15:00,Heatwave,32.98,41.55,896.52,3.84,0.0,60.38
2026-06-01 10:16:00,Heatwave,33.32,41.24,869.87,4.11,0.0,63.31
2026-06-01 10:17:00,Heatwave,33.29,41.37,836.68,3.57,0.0,63.03
2026-06-01 10:18:00,Heatwave,33.2,40.83,870.48,4.24,0.0,62.22
2026-06-01 10:19:00,Heatwave,33.55,40.35,859.17,3.78,0.0,65.61
2026-06-01 10:20:00,Heatwave,33.31,40.53,851.42,4.16,0.0,63.21
2026-06-01 10:21:00,Heatwave,33.42,41.16,937.89,3.91,0.0,70.94
2026-06-01 10:22:00,Heatwave,33.49,40.54,900.86,3.99,0.0,65.16
2026-06-01 10:23:00,Heatwave,33.4,39.71,905.48,3.86,0.0,65.24
2026-06-01 10:24:00,Heatwave,33.6,39.95,888.68,4.03,0.0,66.15
2026-06-01 10:25:00,Heatwave,33.49,41.16,894.04,4.61,0.0,64.98
2026-06-01 10:26:00,Heatwave,33.54,39.9,926.44,4.47,0.0,70.35
2026-06-01 10:27:00,Heatwave,33.85,39.44,901.19,4.19,0.0,69.34
2026-06-01 10:28:00,Heatwave,33.52,40.39,918.12,4.08,0.0,68.79
2026-06-01 10:29:00,Heatwave,33.35,39.92,900.06,4.33,0.0,63.6
2026-06-01 10:30:00,Heatwave,33.99,39.08,897.71,4.42,0.0,70.97
2026-06-01 10:31:00,Heatwave,34.19,37.38,870.3,3.87,0.0,71.15
2026-06-01 10:32:00,Heatwave,33.8,38.92,856.26,4.09,0.0,68.47
2026-06-01 10:33:00,Heatwave,33.62,40.44,904.71,3.6,0.0,67.34
2026-06-01 10:34:00,Heatwave,33.92,39.18,915.0,4.43,0.0,72.68
2026-06-01 10:35:00,Heatwave,33.97,38.63,879.73,4.7,0.0,70.69
2026-06-01 10:36:00,Heatwave,34.04,38.9,915.65,4.15,0.0,73.78
2026-06-01 10:37:00,Heatwave,33.95,38.85,919.63,3.53,0.0,73.76
2026-06-01 10:38:00,Heatwave,34.25,38.05,860.2,4.3,0.0,71.17
2026-06-01 10:39:00,Heatwave,34.3,38.32,895.92,3.88,0.0,71.18
2026-06-01 10:40:00,Heatwave,34.04,38.19,934.0,3.96,0.0,76.23
2026-06-01 10:41:00,Heatwave,34.42,37.6,934.95,4.32,0.0,76.19
2026-06-01 10:42:00,Heatwave,34.67,36.69,893.67,4.22,0.0,71.26
2026-06-01 10:43:00,Heatwave,34.44,36.58,931.59,4.02,0.0,75.8
2026-06-01 10:44:00,Heatwave,34.41,37.05,957.12,3.98,0.0,78.35
2026-06-01 10:45:00,Heatwave,34.49,38.33,951.77,4.2,0.0,77.84
2026-06-01 10:46:00,Heatwave,34.65,37.17,928.86,4.05,0.0,75.41
2026-06-01 10:47:00,Heatwave,34.35,36.99,919.85,3.86,0.0,74.33
2026-06-01 10:48:00,Heatwave,34.68,35.94,916.71,4.08,0.0,73.85
2026-06-01 10:49:00,Heatwave,34.64,36.9,948.88,4.27,0.0,77.52
2026-06-01 10:50:00,Heatwave,35.02,36.84,942.61,4.13,0.0,76.79
2026-06-01 10:51:00,Heatwave,34.77,36.5,956.22,3.79,0.0,78.11
2026-06-01 10:52:00,Heatwave,35.09,36.5,943.57,4.47,0.0,76.86
2026-06-01 10:53:00,Heatwave,34.72,36.95,964.32,3.43,0.0,78.77
2026-06-01 10:54:00,Heatwave,35.02,36.19,945.2,4.07,0.0,77.04
2026-06-01 10:55:00,Heatwave,35.03,35.08,966.06,4.03,0.0,78.77
2026-06-01 10:56:00,Heatwave,34.9,36.81,969.84,4.25,0.0,79.1
2026-06-01 10:57:00,Heatwave,35.1,35.49,923.59,4.37,0.0,74.69
2026-06-01 10:58:00,Heatwave,35.3,35.64,896.3,4.53,0.0,71.38
2026-06-01 10:59:00,Heatwave,35.12,35.15,992.92,4.02,0.0,80.42
2026-06-01 11:00:00,Heatwave,34.96,36.19,957.54,4.39,0.0,78.14
2026-06-01 11:01:00,Heatwave,35.26,35.47,902.53,4.28,0.0,71.78
2026-06-01 11:02:00,Heatwave,35.17,35.4,932.29,3.75,0.0,75.69
2026-06-01 11:03:00,Heatwave,35.3,35.38,975.99,4.77,0.0,79.36
2026-06-01 11:04:00,Heatwave,35.38,34.74,947.08,3.84,0.0,77.11
2026-06-01 11:05:00,Heatwave,35.19,35.06,941.59,4.36,0.0,76.64
2026-06-01 11:06:00,Heatwave,35.25,36.25,997.69,4.36,0.0,80.61
2026-06-01 11:07:00,Heatwave,35.61,34.91,928.49,4.33,0.0,75.2
2026-06-01 11:08:00,Heatwave,35.5,34.12,936.77,4.12,0.0,76.1
2026-06-01 11:09:00,Heatwave,35.24,35.64,966.97,4.49,0.0,78.76
2026-06-01 11:10:00,Heatwave,35.79,33.34,973.26,3.82,0.0,79.03
2026-06-01 11:11:00,Heatwave,35.75,33.16,977.44,4.25,0.0,79.31
2026-06-01 11:12:00,Heatwave,35.65,34.78,990.55,4.11,0.0,80.11
2026-06-01 11:13:00,Heatwave,35.61,33.26,971.01,4.08,0.0,78.93
2026-06-01 11:14:00,Heatwave,35.97,33.82,980.51,4.4,0.0,79.45
2026-06-01 11:15:00,Heatwave,35.95,33.19,959.85,4.58,0.0,78.05
2026-06-01 11:16:00,Heatwave,36.3,32.24,970.23,4.19,0.0,78.73
2026-06-01 11:17:00,Heatwave,36.05,33.31,972.56,4.51,0.0,78.93
2026-06-01 11:18:00,Heatwave,36.09,33.3,976.7,4.3,0.0,79.19
2026-06-01 11:19:00,Heatwave,36.05,32.57,993.95,4.04,0.0,80.18
2026-06-01 11:20:00,Heatwave,36.24,32.96,988.61,4.22,0.0,79.86
2026-06-01 11:21:00,Heatwave,36.25,32.55,974.68,4.22,0.0,79.03
2026-06-01 11:22:00,Heatwave,36.39,31.35,950.69,4.11,0.0,77.29
2026-06-01 11:23:00,Heatwave,36.17,32.62,977.26,4.43,0.0,79.21
2026-06-01 11:24:00,Heatwave,36.23,33.39,975.39,4.38,0.0,79.08
2026-06-01 11:25:00,Heatwave,36.26,33.46,982.78,3.87,0.0,79.52
2026-06-01 11:26:00,Heatwave,36.5,32.24,1042.76,3.86,0.0,81.35
2026-06-01 11:27:00,Heatwave,36.65,30.68,963.52,4.44,0.0,78.38
2026-06-01 11:28:00,Heatwave,36.4,32.38,992.19,4.1,0.0,80.02
2026-06-01 11:29:00,Heatwave,36.45,32.46,1012.07,4.41,0.0,80.96
2026-06-01 11:30:00,Heatwave,36.6,31.96,984.37,4.55,0.0,79.59
2026-06-01 11:31:00,Heatwave,36.56,32.1,1051.21,3.98,0.0,81.33
2026-06-01 11:32:00,Heatwave,36.78,31.23,971.98,3.94,0.0,78.9
2026-06-01 11:33:00,Heatwave,36.35,32.19,993.5,4.81,0.0,80.1
2026-06-01 11:34:00,Heatwave,36.6,31.15,961.12,4.44,0.0,78.14
2026-06-01 11:35:00,Heatwave,36.65,30.24,975.1,4.23,0.0,79.25
2026-06-01 11:36:00,Heatwave,36.46,32.1,993.62,4.09,0.0,80.08
2026-06-01 11:37:00,Heatwave,36.71,31.33,1012.07,4.21,0.0,81.05
2026-06-01 11:38:00,Heatwave,36.76,31.41,997.2,4.02,0.0,80.34
2026-06-01 11:39:00,Heatwave,36.91,29.86,1025.8,4.61,0.0,80.66
2026-06-01 11:40:00,Heatwave,37.15,30.38,986.35,4.15,0.0,79.91
2026-06-01 11:41:00,Heatwave,36.99,31.68,980.0,4.67,0.0,79.36
2026-06-01 11:42:00,Heatwave,36.91,30.7,1070.89,4.26,0.0,80.91
2026-06-01 11:43:00,Heatwave,37.1,30.09,1002.93,4.08,0.0,80.73
2026-06-01 11:44:00,Heatwave,37.31,29.74,970.45,4.26,0.0,79.02
2026-06-01 11:45:00,Heatwave,37.05,31.5,971.82,3.64,0.0,78.86
2026-06-01 11:46:00,Heatwave,37.1,29.52,965.03,4.35,0.0,78.68
2026-06-01 11:47:00,Heatwave,37.36,29.53,1021.65,4.34,0.0,80.56
2026-06-01 11:48:00,Heatwave,37.29,29.13,983.46,4.62,0.0,79.99
2026-06-01 11:49:00,Heatwave,37.46,28.81,998.71,3.86,0.0,80.34
2026-06-01 11:50:00,Heatwave,37.4,29.27,993.58,4.72,0.0,80.48
2026-06-01 11:51:00,Heatwave,37.55,29.69,1017.89,4.63,0.0,80.61
2026-06-01 11:52:00,Heatwave,37.33,30.57,971.26,4.75,0.0,78.94
2026-06-01 11:53:00,Heatwave,37.53,29.22,964.92,4.39,0.0,78.73
2026-06-01 11:54:00,Heatwave,37.54,28.69,1004.32,4.69,0.0,80.31
2026-06-01 11:55:00,Heatwave,37.43,30.72,1016.1,4.0,0.0,80.91
2026-06-01 11:56:00,Heatwave,37.42,29.0,1008.55,4.61,0.0,80.4
2026-06-01 11:57:00,Heatwave,37.8,27.86,974.8,4.2,0.0,79.81
2026-06-01 11:58:00,Heatwave,37.68,27.46,1019.83,3.96,0.0,79.93
2026-06-01 11:59:00,Heatwave,37.62,29.52,977.65,4.11,0.0,79.55
2026-06-01 12:00:00,Heatwave,37.8,28.77,984.74,4.42,0.0,80.16
2026-06-01 12:01:00,Heatwave,38.03,29.02,972.46,4.2,0.0,79.32
2026-06-01 12:02:00,Heatwave,37.55,28.04,1040.29,4.53,0.0,80.11
2026-06-01 12:03:00,Heatwave,37.71,29.31,1020.62,3.93,0.0,80.49
2026-06-01 12:04:00,Heatwave,37.84,28.12,1020.15,3.84,0.0,80.13
2026-06-01 12:05:00,Heatwave,38.24,27.46,1039.83,4.82,0.0,79.93
2026-06-01 12:06:00,Heatwave,38.1,26.37,1087.27,4.69,0.0,79.6
2026-06-01 12:07:00,Heatwave,38.21,27.92,951.57,4.15,0.0,77.96
2026-06-01 12:08:00,Heatwave,37.97,28.2,981.09,4.44,0.0,80.1
2026-06-01 12:09:00,Heatwave,38.01,27.58,985.06,4.73,0.0,79.97
2026-06-01 12:10:00,Heatwave,38.28,27.23,978.28,4.57,0.0,79.86
2026-06-01 12:11:00,Heatwave,38.27,26.44,971.72,4.49,0.0,79.62
2026-06-01 12:12:00,Heatwave,38.38,26.23,995.41,4.76,0.0,79.56
2026-06-01 12:13:00,Heatwave,38.31,26.5,968.02,4.25,0.0,79.64
2026-06-01 12:14:00,Heatwave,38.42,25.36,1015.02,4.47,0.0,79.29
2026-06-01 12:15:00,Heatwave,38.44,26.93,1006.7,4.46,0.0,79.77
2026-06-01 12:16:00,Heatwave,38.57,26.76,1019.85,4.39,0.0,79.72
2026-06-01 12:17:00,Heatwave,38.61,25.51,1020.85,4.36,0.0,79.33
2026-06-01 12:18:00,Heatwave,38.29,27.04,1023.9,4.49,0.0,79.81
2026-06-01 12:19:00,Heatwave,38.23,26.83,994.6,4.48,0.0,79.74
2026-06-01 12:20:00,Heatwave,38.76,25.72,1070.03,4.18,0.0,79.4
2026-06-01 12:21:00,Heatwave,38.83,24.96,1013.23,4.7,0.0,79.19
2026-06-01 12:22:00,Heatwave,38.53,25.62,950.04,4.21,0.0,78.77
2026-06-01 12:23:00,Heatwave,38.45,27.03,976.11,4.42,0.0,79.8
2026-06-01 12:24:00,Heatwave,38.78,25.43,953.91,4.4,0.0,79.27
2026-06-01 12:25:00,Heatwave,38.94,26.23,1007.07,4.59,0.0,79.56
2026-06-01 12:26:00,Heatwave,39.11,24.58,1002.93,3.89,0.0,79.3
2026-06-01 12:27:00,Heatwave,38.96,24.43,992.51,4.74,0.0,79.35
2026-06-01 12:28:00,Heatwave,38.86,25.98,1067.42,4.3,0.0,79.48
2026-06-01 12:29:00,Heatwave,38.82,25.74,1023.29,4.84,0.0,79.4
2026-06-01 12:30:00,Heatwave,38.99,25.31,1028.65,4.36,0.0,79.27
2026-06-01 12:31:00,Heatwave,38.98,25.62,978.59,4.48,0.0,79.37
2026-06-01 12:32:00,Heatwave,38.91,24.7,976.52,5.04,0.0,79.27
2026-06-01 12:33:00,Heatwave,39.41,23.64,1007.77,4.42,0.0,79.6
2026-06-01 12:34:00,Heatwave,39.41,23.62,1011.83,4.85,0.0,79.6
2026-06-01 12:35:00,Heatwave,39.35,23.11,950.49,4.52,0.0,80.8
2026-06-01 12:36:00,Heatwave,39.08,24.49,1001.02,4.62,0.0,79.33
2026-06-01 12:37:00,Heatwave,39.38,24.6,1006.8,4.53,0.0,79.3
2026-06-01 12:38:00,Heatwave,39.38,23.93,999.77,4.75,0.0,79.51
2026-06-01 12:39:00,Heatwave,39.39,22.96,981.6,4.32,0.0,79.81
2026-06-01 12:40:00,Heatwave,39.55,22.4,989.73,4.24,0.0,79.98
2026-06-01 12:41:00,Heatwave,39.49,24.48,1000.53,4.34,0.0,79.34
2026-06-01 12:42:00,Heatwave,39.55,23.29,1008.45,4.55,0.0,79.7
2026-06-01 12:43:00,Heatwave,39.57,22.9,1023.77,4.46,0.0,79.82
2026-06-01 12:44:00,Heatwave,39.56,23.14,1037.94,4.72,0.0,79.75
2026-06-01 12:45:00,Heatwave,39.28,23.21,996.26,4.89,0.0,79.73
2026-06-01 12:46:00,Heatwave,39.59,24.07,991.17,4.25,0.0,79.46
2026-06-01 12:47:00,Heatwave,39.53,23.15,1017.88,4.32,0.0,79.75
2026-06-01 12:48:00,Heatwave,39.46,24.4,1022.85,4.13,0.0,79.36
2026-06-01 12:49:00,Heatwave,39.94,22.28,991.1,5.1,0.0,80.01
2026-06-01 12:50:00,Heatwave,39.98,22.99,1027.71,4.62,0.0,79.8
2026-06-01 12:51:00,Heatwave,39.96,22.34,1033.11,4.67,0.0,79.99
2026-06-01 12:52:00,Heatwave,39.83,23.06,1042.19,4.16,0.0,79.78
2026-06-01 12:53:00,Heatwave,40.03,22.43,1056.51,4.54,0.0,79.97
2026-06-01 12:54:00,Heatwave,39.86,22.83,976.61,4.68,0.0,79.85
2026-06-01 12:55:00,Heatwave,39.93,22.49,1002.74,4.47,0.0,79.95
2026-06-01 12:56:00,Heatwave,39.77,22.59,1002.3,4.84,0.0,79.92
2026-06-01 12:57:00,Heatwave,40.03,23.16,998.64,5.19,0.0,79.74
2026-06-01 12:58:00,Heatwave,40.01,21.51,981.7,4.28,0.0,80.34
2026-06-01 12:59:00,Heatwave,39.84,22.53,956.2,4.26,0.0,80.84
2026-06-01 13:00:00,Heatwave,40.06,21.92,1003.17,4.3,0.0,80.12
2026-06-01 13:01:00,Heatwave,40.09,22.07,976.91,5.0,0.0,80.16
2026-06-01 13:02:00,Heatwave,40.41,20.69,1002.1,4.84,0.0,80.31
2026-06-01 13:03:00,Heatwave,40.3,21.42,975.26,4.52,0.0,80.62
2026-06-01 13:04:00,Heatwave,40.21,21.41,965.65,4.56,0.0,81.03
2026-06-01 13:05:00,Heatwave,40.28,20.37,1005.12,4.33,0.0,80.41
2026-06-01 13:06:00,Heatwave,40.28,21.31,1002.13,4.81,0.0,80.31
2026-06-01 13:07:00,Heatwave,40.27,20.66,1014.42,4.45,0.0,80.49
2026-06-01 13:08:00,Heatwave,40.18,20.55,1061.92,4.49,0.0,80.53
2026-06-01 13:09:00,Heatwave,40.35,21.19,1004.32,4.73,0.0,80.34
2026-06-01 13:10:00,Heatwave,40.29,21.56,1009.96,4.51,0.0,80.23
2026-06-01 13:11:00,Heatwave,40.25,21.7,962.75,4.5,0.0,81.0
2026-06-01 13:12:00,Heatwave,40.55,20.9,955.94,4.57,0.0,81.58
2026-06-01 13:13:00,Heatwave,40.56,19.36,1040.92,4.79,0.0,79.85
2026-06-01 13:14:00,Heatwave,40.27,20.52,965.61,5.03,0.0,81.45
2026-06-01 13:15:00,Heatwave,40.55,21.74,961.41,4.73,0.0,81.05
2026-06-01 13:16:00,Heatwave,40.75,19.37,990.7,4.79,0.0,79.87
2026-06-01 13:17:00,Heatwave,40.79,20.25,988.52,4.51,0.0,79.86
2026-06-01 13:18:00,Heatwave,40.82,19.4,963.72,4.37,0.0,80.73
2026-06-01 13:19:00,Heatwave,40.7,20.18,980.81,4.76,0.0,80.23
2026-06-01 13:20:00,Heatwave,40.6,20.03,1025.65,4.62,0.0,79.9
2026-06-01 13:21:00,Heatwave,40.59,20.76,964.56,4.18,0.0,81.05
2026-06-01 13:22:00,Heatwave,40.84,19.83,946.44,4.48,0.0,81.29
2026-06-01 13:23:00,Heatwave,40.88,19.37,1014.92,4.55,0.0,79.37
2026-06-01 13:24:00,Heatwave,41.04,18.55,1000.82,4.43,0.0,79.2
2026-06-01 13:25:00,Heatwave,41.05,19.33,967.15,4.99,0.0,80.19
2026-06-01 13:26:00,Heatwave,40.89,18.87,937.98,4.71,0.0,80.71
2026-06-01 13:27:00,Heatwave,40.76,20.23,961.95,4.96,0.0,80.92
2026-06-01 13:28:00,Heatwave,40.93,21.08,981.51,4.65,0.0,79.84
2026-06-01 13:29:00,Heatwave,41.04,20.01,1016.66,4.6,0.0,79.22
2026-06-01 13:30:00,Heatwave,41.0,19.72,950.96,4.32,0.0,81.2
2026-06-01 13:31:00,Heatwave,40.98,19.31,978.15,4.59,0.0,79.87
2026-06-01 13:32:00,Heatwave,41.13,17.77,999.62,4.59,0.0,79.07
2026-06-01 13:33:00,Heatwave,41.05,18.37,908.97,4.2,0.0,79.91
2026-06-01 13:34:00,Heatwave,41.06,19.9,1008.35,4.43,0.0,79.17
2026-06-01 13:35:00,Heatwave,41.23,18.19,942.46,4.49,0.0,80.37
2026-06-01 13:36:00,Heatwave,41.15,18.46,985.93,4.7,0.0,79.34
2026-06-01 13:37:00,Heatwave,41.28,18.43,982.5,4.71,0.0,79.21
2026-06-01 13:38:00,Heatwave,41.31,17.8,1006.04,4.42,0.0,78.66
2026-06-01 13:39:00,Heatwave,41.13,18.2,989.47,4.72,0.0,79.29
2026-06-01 13:40:00,Heatwave,41.26,18.56,903.07,4.54,0.0,79.75
2026-06-01 13:41:00,Heatwave,41.57,17.17,948.56,3.78,0.0,80.08
2026-06-01 13:42:00,Heatwave,41.21,18.27,974.46,4.45,0.0,79.6
2026-06-01 13:43:00,Heatwave,41.1,18.56,963.76,4.89,0.0,80.26
2026-06-01 13:44:00,Heatwave,41.16,19.16,982.29,4.12,0.0,79.43
2026-06-01 13:45:00,Heatwave,41.48,17.84,990.28,4.62,0.0,78.63
2026-06-01 13:46:00,Heatwave,41.5,17.79,983.96,5.03,0.0,78.75
2026-06-01 13:47:00,Heatwave,41.51,18.24,959.06,4.38,0.0,79.73
2026-06-01 13:48:00,Heatwave,41.74,17.17,910.78,4.59,0.0,79.38
2026-06-01 13:49:00,Heatwave,41.18,18.63,949.94,4.23,0.0,80.95
2026-06-01 13:50:00,Heatwave,41.67,17.72,974.01,5.05,0.0,78.71
2026-06-01 13:51:00,Heatwave,41.87,17.28,929.44,4.57,0.0,79.36
2026-06-01 13:52:00,Heatwave,41.5,17.84,977.92,4.6,0.0,78.93
2026-06-01 13:53:00,Heatwave,41.63,17.59,984.73,4.97,0.0,78.47
2026-06-01 13:54:00,Heatwave,41.61,17.15,961.09,4.78,0.0,79.41
2026-06-01 13:55:00,Heatwave,41.61,17.09,868.38,4.35,0.0,79.48
2026-06-01 13:56:00,Heatwave,41.72,17.76,918.47,4.41,0.0,79.39
2026-06-01 13:57:00,Heatwave,42.01,16.76,1007.87,4.73,0.0,78.12
2026-06-01 13:58:00,Heatwave,42.1,16.52,937.07,4.42,0.0,79.58
2026-06-01 13:59:00,Heatwave,41.8,17.25,894.83,4.0,0.0,79.33
2026-06-01 14:00:00,Heatwave,42.16,16.1,985.44,4.58,0.0,78.89
2026-06-01 14:01:00,Heatwave,41.91,17.2,949.36,4.18,0.0,79.84
2026-06-01 14:02:00,Heatwave,42.19,16.55,979.13,5.04,0.0,79.14
2026-06-01 14:03:00,Heatwave,41.94,17.24,954.3,4.64,0.0,79.67
2026-06-01 14:04:00,Heatwave,42.0,16.47,958.15,4.34,0.0,79.59
2026-06-01 14:05:00,Heatwave,42.06,17.19,954.12,4.4,0.0,79.99
2026-06-01 14:06:00,Heatwave,42.51,15.26,962.25,4.06,0.0,80.53
2026-06-01 14:07:00,Heatwave,42.18,16.4,1005.5,4.28,0.0,78.53
2026-06-01 14:08:00,Heatwave,41.97,16.77,967.23,4.88,0.0,79.05
2026-06-01 14:09:00,Heatwave,42.25,15.98,894.0,5.22,0.0,79.72
2026-06-01 14:10:00,Heatwave,42.07,15.88,949.69,4.79,0.0,80.28
2026-06-01 14:11:00,Heatwave,42.08,16.73,967.79,4.56,0.0,79.3
2026-06-01 14:12:00,Heatwave,42.31,17.36,968.06,4.47,0.0,79.83
2026-06-01 14:13:00,Heatwave,42.2,15.73,921.0,4.32,0.0,79.67
2026-06-01 14:14:00,Heatwave,42.26,15.83,964.08,5.17,0.0,79.9
2026-06-01 14:15:00,Heatwave,42.25,15.56,955.97,4.54,0.0,80.33
2026-06-01 14:16:00,Heatwave,42.32,15.34,1000.31,5.18,0.0,78.91
2026-06-01 14:17:00,Heatwave,42.36,16.46,906.32,4.98,0.0,79.82
2026-06-01 14:18:00,Heatwave,42.03,16.05,911.62,4.1,0.0,79.51
2026-06-01 14:19:00,Heatwave,42.44,15.02,915.73,4.4,0.0,79.89
2026-06-01 14:20:00,Heatwave,42.22,14.97,909.15,4.4,0.0,79.69
2026-06-01 14:21:00,Heatwave,42.17,15.6,896.61,4.56,0.0,79.64
2026-06-01 14:22:00,Heatwave,42.4,14.39,843.46,4.57,0.0,79.85
2026-06-01 14:23:00,Heatwave,42.44,15.67,906.17,5.42,0.0,79.89
2026-06-01 14:24:00,Heatwave,42.35,17.24,926.75,4.28,0.0,79.81
2026-06-01 14:25:00,Heatwave,42.6,14.64,901.49,4.65,0.0,80.04
2026-06-01 14:26:00,Heatwave,42.29,14.7,966.49,4.76,0.0,79.85
2026-06-01 14:27:00,Heatwave,42.46,15.79,912.23,4.58,0.0,79.91
2026-06-01 14:28:00,Heatwave,42.45,14.83,945.52,4.61,0.0,80.86
2026-06-01 14:29:00,Heatwave,42.55,15.77,915.78,4.29,0.0,79.99
2026-06-01 14:30:00,Heatwave,42.62,14.62,929.51,4.61,0.0,80.36
2026-06-01 14:31:00,Heatwave,42.45,14.89,912.97,4.72,0.0,79.9
2026-06-01 14:32:00,Heatwave,42.73,14.38,940.84,4.67,0.0,81.13
2026-06-01 14:33:00,Heatwave,42.65,15.16,903.58,4.74,0.0,80.08
2026-06-01 14:34:00,Heatwave,42.38,15.33,913.79,4.97,0.0,79.84
2026-06-01 14:35:00,Heatwave,42.39,15.14,908.57,4.84,0.0,79.85
2026-06-01 14:36:00,Heatwave,42.7,14.45,889.24,4.6,0.0,80.13
2026-06-01 14:37:00,Heatwave,42.69,13.84,906.16,4.25,0.0,80.12
2026-06-01 14:38:00,Heatwave,42.73,14.73,953.45,4.41,0.0,81.48
2026-06-01 14:39:00,Heatwave,42.76,13.34,884.58,4.51,0.0,80.18
2026-06-01 14:40:00,Heatwave,42.82,13.98,901.26,4.64,0.0,80.24
2026-06-01 14:41:00,Heatwave,42.95,14.35,921.81,4.44,0.0,80.67
2026-06-01 14:42:00,Heatwave,42.66,14.88,916.84,4.31,0.0,80.09
2026-06-01 14:43:00,Heatwave,42.67,15.02,885.03,4.24,0.0,80.1
2026-06-01 14:44:00,Heatwave,42.7,14.55,819.79,4.11,0.0,80.13
2026-06-01 14:45:00,Heatwave,42.92,14.66,894.76,4.5,0.0,80.33
2026-06-01 14:46:00,Heatwave,43.09,14.06,820.73,4.16,0.0,80.48
2026-06-01 14:47:00,Heatwave,42.85,14.42,916.13,4.29,0.0,80.31
2026-06-01 14:48:00,Heatwave,42.56,15.52,880.04,4.45,0.0,80.0
2026-06-01 14:49:00,Heatwave,42.7,15.03,899.92,4.19,0.0,80.13
2026-06-01 14:50:00,Heatwave,42.85,13.91,848.25,4.67,0.0,80.26
2026-06-01 14:51:00,Heatwave,42.91,13.2,829.44,4.77,0.0,80.32
2026-06-01 14:52:00,Heatwave,42.95,14.15,874.85,4.41,0.0,80.35
2026-06-01 14:53:00,Heatwave,43.03,13.99,865.27,4.44,0.0,80.43
2026-06-01 14:54:00,Heatwave,42.99,14.41,851.47,4.71,0.0,80.39
2026-06-01 14:55:00,Heatwave,43.22,12.58,864.47,4.36,0.0,80.6
2026-06-01 14:56:00,Heatwave,42.97,13.27,931.76,4.34,0.0,81.1
2026-06-01 14:57:00,Heatwave,42.96,14.12,879.86,4.89,0.0,80.36
2026-06-01 14:58:00,Heatwave,43.18,13.2,883.36,4.8,0.0,80.56
2026-06-01 14:59:00,Heatwave,42.89,12.91,876.04,4.72,0.0,80.3
2026-06-01 15:00:00,Heatwave,43.2,13.42,890.25,4.81,0.0,80.58
2026-06-01 15:01:00,Heatwave,43.17,12.15,845.56,3.99,0.0,80.55
2026-06-01 15:02:00,Heatwave,43.15,12.76,796.09,4.93,0.0,80.53
2026-06-01 15:03:00,Heatwave,43.43,13.37,841.56,4.65,0.0,80.79
2026-06-01 15:04:00,Heatwave,43.11,14.53,864.87,4.83,0.0,80.5
2026-06-01 15:05:00,Heatwave,43.53,11.55,817.75,4.65,0.0,80.88
2026-06-01 15:06:00,Heatwave,43.2,12.99,835.74,4.55,0.0,80.58
2026-06-01 15:07:00,Heatwave,43.06,13.61,820.71,4.46,0.0,80.45
2026-06-01 15:08:00,Heatwave,43.28,14.05,873.68,4.64,0.0,80.65
2026-06-01 15:09:00,Heatwave,43.12,13.12,852.66,4.45,0.0,80.51
2026-06-01 15:10:00,Heatwave,43.18,12.96,848.05,4.78,0.0,80.56
2026-06-01 15:11:00,Heatwave,43.37,13.65,845.14,4.09,0.0,80.73
2026-06-01 15:12:00,Heatwave,43.41,12.39,826.6,4.38,0.0,80.77
2026-06-01 15:13:00,Heatwave,43.24,13.5,830.27,5.1,0.0,80.61
2026-06-01 15:14:00,Heatwave,43.5,11.47,793.94,4.35,0.0,80.85
2026-06-01 15:15:00,Heatwave,43.54,12.15,767.19,4.46,0.0,81.28
2026-06-01 15:16:00,Heatwave,43.59,11.1,822.54,4.28,0.0,80.93
2026-06-01 15:17:00,Heatwave,43.47,11.81,824.6,4.62,0.0,80.82
2026-06-01 15:18:00,Heatwave,43.61,12.56,844.0,4.31,0.0,80.95
2026-06-01 15:19:00,Heatwave,43.13,13.34,850.52,4.47,0.0,80.52
2026-06-01 15:20:00,Heatwave,43.38,12.49,848.16,4.75,0.0,80.74
2026-06-01 15:21:00,Heatwave,43.31,12.43,783.58,4.32,0.0,80.68
2026-06-01 15:22:00,Heatwave,43.47,12.3,797.0,4.73,0.0,80.82
2026-06-01 15:23:00,Heatwave,43.38,12.87,814.82,4.74,0.0,80.74
2026-06-01 15:24:00,Heatwave,43.45,13.08,861.81,4.8,0.0,80.8
2026-06-01 15:25:00,Heatwave,43.77,10.02,834.15,4.55,0.0,81.09
2026-06-01 15:26:00,Heatwave,43.48,11.92,823.13,5.41,0.0,80.83
2026-06-01 15:27:00,Heatwave,43.58,12.24,784.84,4.8,0.0,81.03
2026-06-01 15:28:00,Heatwave,43.49,12.33,770.78,4.59,0.0,81.14
2026-06-01 15:29:00,Heatwave,43.55,12.47,808.11,4.25,0.0,80.89
2026-06-01 15:30:00,Heatwave,43.55,12.38,761.1,4.47,0.0,81.43
2026-06-01 15:31:00,Heatwave,43.63,11.83,779.12,4.89,0.0,81.18
2026-06-01 15:32:00,Heatwave,43.74,11.37,779.67,4.97,0.0,81.32
2026-06-01 15:33:00,Heatwave,43.83,11.3,817.27,4.9,0.0,81.15
2026-06-01 15:34:00,Heatwave,43.64,12.67,769.33,4.71,0.0,81.37
2026-06-01 15:35:00,Heatwave,43.69,11.4,718.48,4.13,0.0,83.1
2026-06-01 15:36:00,Heatwave,43.44,12.5,784.5,4.62,0.0,80.84
2026-06-01 15:37:00,Heatwave,43.61,12.17,754.23,4.13,0.0,81.68
2026-06-01 15:38:00,Heatwave,43.77,12.54,768.94,4.06,0.0,81.55
2026-06-01 15:39:00,Heatwave,43.77,11.43,763.52,4.54,0.0,81.67
2026-06-01 15:40:00,Heatwave,43.68,12.44,756.8,4.62,0.0,81.71
2026-06-01 15:41:00,Heatwave,43.79,12.29,778.64,4.72,0.0,81.4
2026-06-01 15:42:00,Heatwave,43.74,11.66,723.27,4.61,0.0,82.94
2026-06-01 15:43:00,Heatwave,43.85,11.25,743.93,4.62,0.0,82.3
2026-06-01 15:44:00,Heatwave,43.73,11.53,768.61,4.19,0.0,81.51
2026-06-01 15:45:00,Heatwave,43.64,11.82,736.82,4.43,0.0,82.26
2026-06-01 15:46:00,Heatwave,43.75,12.18,712.03,4.04,0.0,83.51
2026-06-01 15:47:00,Heatwave,43.27,13.14,760.57,3.9,0.0,81.03
2026-06-01 15:48:00,Heatwave,43.77,11.74,768.12,4.66,0.0,81.57
2026-06-01 15:49:00,Heatwave,43.17,12.59,739.53,4.24,0.0,81.48
2026-06-01 15:50:00,Heatwave,43.47,11.86,694.57,4.69,0.0,84.25
2026-06-01 15:51:00,Heatwave,43.8,12.8,750.99,4.76,0.0,82.02
2026-06-01 15:52:00,Heatwave,43.81,11.38,696.34,4.27,0.0,84.54
2026-06-01 15:53:00,Heatwave,43.58,11.68,737.01,4.61,0.0,82.17
2026-06-01 15:54:00,Heatwave,43.65,12.8,708.28,4.25,0.0,83.59
2026-06-01 15:55:00,Heatwave,43.97,11.22,699.82,3.92,0.0,84.49
2026-06-01 15:56:00,Heatwave,43.7,12.16,712.85,4.47,0.0,83.4
2026-06-01 15:57:00,Heatwave,44.11,10.57,715.84,4.3,0.0,83.75
2026-06-01 15:58:00,Heatwave,43.78,11.38,703.3,4.31,0.0,84.05
2026-06-01 15:59:00,Heatwave,43.85,11.29,727.14,4.98,0.0,82.92
2026-06-01 16:00:00,Heatwave,44.04,10.04,702.33,4.0,0.0,84.41
2026-06-01 16:01:00,Heatwave,43.82,11.42,730.05,4.53,0.0,82.76
2026-06-01 16:02:00,Heatwave,43.65,12.11,712.47,4.14,0.0,83.36
2026-06-01 16:03:00,Heatwave,43.79,12.66,689.1,4.67,0.0,85.05
2026-06-01 16:04:00,Heatwave,43.81,11.55,682.92,4.5,0.0,85.58
2026-06-01 16:05:00,Heatwave,43.61,10.64,663.9,4.52,0.0,87.33
2026-06-01 16:06:00,Heatwave,43.78,11.51,701.77,4.14,0.0,84.15
2026-06-01 16:07:00,Heatwave,43.72,13.4,685.61,4.19,0.0,85.25
2026-06-01 16:08:00,Heatwave,43.97,11.57,641.12,4.66,0.0,89.41
2026-06-01 16:09:00,Heatwave,43.84,10.93,676.45,4.89,0.0,86.19
2026-06-01 16:10:00,Heatwave,43.8,11.89,666.23,4.53,0.0,87.21
2026-06-01 16:11:00,Heatwave,43.83,11.01,714.22,4.14,0.0,83.49
2026-06-01 16:12:00,Heatwave,43.88,10.49,644.51,4.48,0.0,89.37
2026-06-01 16:13:00,Heatwave,43.94,10.92,647.17,5.07,0.0,89.4
2026-06-01 16:14:00,Heatwave,43.7,11.85,696.06,4.41,0.0,84.43
2026-06-01 16:15:00,Heatwave,43.7,10.68,698.13,4.79,0.0,84.29
2026-06-01 16:16:00,Heatwave,44.02,10.22,653.08,4.17,0.0,89.0
2026-06-01 16:17:00,Heatwave,43.8,11.54,652.58,4.36,0.0,88.96
2026-06-01 16:18:00,Heatwave,43.65,11.7,674.61,4.54,0.0,86.18
2026-06-01 16:19:00,Heatwave,43.93,11.4,613.48,4.48,0.0,89.39
2026-06-01 16:20:00,Heatwave,43.94,10.42,620.01,4.15,0.0,89.4
2026-06-01 16:21:00,Heatwave,43.64,12.4,648.31,4.13,0.0,89.27
2026-06-01 16:22:00,Heatwave,43.9,10.53,681.21,4.63,0.0,85.81
2026-06-01 16:23:00,Heatwave,43.98,12.01,639.6,4.69,0.0,89.42
2026-06-01 16:24:00,Heatwave,43.93,10.14,647.14,4.77,0.0,89.39
2026-06-01 16:25:00,Heatwave,43.97,10.4,664.13,4.85,0.0,87.59
2026-06-01 16:26:00,Heatwave,43.66,12.15,679.8,4.38,0.0,85.69
2026-06-01 16:27:00,Heatwave,43.92,12.18,625.46,4.25,0.0,89.39
2026-06-01 16:28:00,Heatwave,43.83,11.63,633.23,4.72,0.0,89.35
2026-06-01 16:29:00,Heatwave,43.8,11.85,665.09,4.53,0.0,87.35
2026-06-01 16:30:00,Heatwave,44.01,10.96,599.02,4.06,0.0,89.43
2026-06-01 16:31:00,Heatwave,44.1,10.08,643.99,4.04,0.0,89.47
2026-06-01 16:32:00,Heatwave,44.14,10.27,602.78,4.46,0.0,89.48
2026-06-01 16:33:00,Heatwave,44.07,10.04,620.71,4.27,0.0,89.45
2026-06-01 16:34:00,Heatwave,43.86,10.6,611.35,4.31,0.0,89.36
2026-06-01 16:35:00,Heatwave,43.93,11.42,595.24,4.61,0.0,89.39
2026-06-01 16:36:00,Heatwave,43.99,10.33,591.87,4.52,0.0,89.42
2026-06-01 16:37:00,Heatwave,43.89,11.47,611.89,4.68,0.0,89.38
2026-06-01 16:38:00,Heatwave,43.89,10.5,621.89,3.76,0.0,89.38
2026-06-01 16:39:00,Heatwave,43.99,11.17,598.5,4.37,0.0,89.42
2026-06-01 16:40:00,Heatwave,43.86,11.07,599.07,4.49,0.0,89.36
2026-06-01 16:41:00,Heatwave,43.75,12.49,604.97,3.87,0.0,89.32
2026-06-01 16:42:00,Heatwave,43.8,11.72,574.49,4.11,0.0,89.34
2026-06-01 16:43:00,Heatwave,43.95,11.84,601.75,4.05,0.0,89.4
2026-06-01 16:44:00,Heatwave,43.86,10.91,600.02,4.29,0.0,89.36
2026-06-01 16:45:00,Heatwave,43.91,11.26,628.06,4.74,0.0,89.38
2026-06-01 16:46:00,Heatwave,43.95,10.51,572.95,4.84,0.0,89.4
2026-06-01 16:47:00,Heatwave,43.79,11.3,568.48,4.04,0.0,89.33
2026-06-01 16:48:00,Heatwave,43.96,10.93,586.54,4.42,0.0,89.41
2026-06-01 16:49:00,Heatwave,43.9,10.81,584.22,4.42,0.0,89.38
2026-06-01 16:50:00,Heatwave,43.65,11.2,558.0,4.37,0.0,89.27
2026-06-01 16:51:00,Heatwave,44.05,9.98,557.17,4.37,0.0,89.45
2026-06-01 16:52:00,Heatwave,43.76,10.24,569.97,4.34,0.0,89.32
2026-06-01 16:53:00,Heatwave,43.58,11.51,543.89,4.72,0.0,89.24
2026-06-01 16:54:00,Heatwave,43.67,12.27,547.77,4.55,0.0,89.28
2026-06-01 16:55:00,Heatwave,43.66,10.94,552.94,3.95,0.0,89.28
2026-06-01 16:56:00,Heatwave,43.82,10.64,564.68,4.46,0.0,89.35
2026-06-01 16:57:00,Heatwave,43.77,12.69,535.25,4.48,0.0,89.32
2026-06-01 16:58:00,Heatwave,43.75,11.27,512.01,4.32,0.0,89.32
2026-06-01 16:59:00,Heatwave,43.89,11.46,507.81,4.54,0.0,89.38
2026-06-01 17:00:00,Heatwave,43.84,11.79,515.37,4.28,0.0,89.35
2026-06-01 17:01:00,Heatwave,43.83,11.82,511.44,4.28,0.0,89.35
2026-06-01 17:02:00,Heatwave,43.84,10.49,526.76,4.25,0.0,89.35
2026-06-01 17:03:00,Heatwave,43.87,11.2,507.25,3.65,0.0,89.37
2026-06-01 17:04:00,Heatwave,43.45,11.52,511.77,4.18,0.0,89.18
2026-06-01 17:05:00,Heatwave,43.71,13.25,507.51,4.02,0.0,89.3
2026-06-01 17:06:00,Heatwave,43.43,11.6,509.52,3.87,0.0,89.17
2026-06-01 17:07:00,Heatwave,43.76,11.02,533.47,4.6,0.0,89.32
2026-06-01 17:08:00,Heatwave,43.74,11.06,519.99,4.33,0.0,89.31
2026-06-01 17:09:00,Heatwave,43.89,10.37,506.86,4.18,0.0,89.38
2026-06-01 17:10:00,Heatwave,43.91,12.04,496.4,4.03,0.0,89.38
2026-06-01 17:11:00,Heatwave,43.75,13.11,493.6,4.26,0.0,89.32
2026-06-01 17:12:00,Heatwave,43.64,11.69,501.71,4.45,0.0,89.27
2026-06-01 17:13:00,Heatwave,43.78,10.79,502.2,3.94,0.0,89.33
2026-06-01 17:14:00,Heatwave,43.62,10.68,476.91,4.17,0.0,89.26
2026-06-01 17:15:00,Heatwave,43.69,11.68,487.5,4.41,0.0,89.29
2026-06-01 17:16:00,Heatwave,43.83,11.25,454.19,3.62,0.0,89.35
2026-06-01 17:17:00,Heatwave,43.59,11.72,483.42,4.14,0.0,89.25
2026-06-01 17:18:00,Heatwave,43.79,11.7,487.96,4.03,0.0,89.33
2026-06-01 17:19:00,Heatwave,43.76,11.88,469.75,4.11,0.0,89.32
2026-06-01 17:20:00,Heatwave,43.5,12.54,496.04,4.0,0.0,89.21
2026-06-01 17:21:00,Heatwave,43.78,11.38,454.73,4.18,0.0,89.33
2026-06-01 17:22:00,Heatwave,43.73,11.05,466.76,4.67,0.0,89.31
2026-06-01 17:23:00,Heatwave,43.63,12.38,459.9,4.04,0.0,89.26
2026-06-01 17:24:00,Heatwave,43.49,12.38,455.67,4.21,0.0,89.2
2026-06-01 17:25:00,Heatwave,43.47,12.97,452.13,4.68,0.0,89.19
2026-06-01 17:26:00,Heatwave,43.51,12.81,451.77,3.96,0.0,89.21
2026-06-01 17:27:00,Heatwave,43.66,11.06,458.32,4.62,0.0,89.28
2026-06-01 17:28:00,Heatwave,43.43,11.7,461.91,4.11,0.0,89.17
2026-06-01 17:29:00,Heatwave,43.62,11.56,440.16,4.6,0.0,89.26
2026-06-01 17:30:00,Heatwave,43.36,12.11,447.48,4.31,0.0,89.14
2026-06-01 17:31:00,Heatwave,43.51,12.79,424.28,4.18,0.0,89.21
2026-06-01 17:32:00,Heatwave,43.54,12.45,439.88,4.07,0.0,89.22
2026-06-01 17:33:00,Heatwave,43.88,11.96,416.84,3.91,0.0,89.37
2026-06-01 17:34:00,Heatwave,43.3,13.16,437.03,4.1,0.0,89.12
2026-06-01 17:35:00,Heatwave,43.71,11.9,447.6,4.33,0.0,89.3
2026-06-01 17:36:00,Heatwave,43.5,13.07,414.81,4.07,0.0,89.21
2026-06-01 17:37:00,Heatwave,43.53,12.56,385.75,3.98,0.0,89.22
2026-06-01 17:38:00,Heatwave,43.47,12.48,402.74,3.99,0.0,89.19
2026-06-01 17:39:00,Heatwave,43.51,13.22,421.03,4.34,0.0,89.21
2026-06-01 17:40:00,Heatwave,43.41,12.69,409.26,4.4,0.0,89.17
2026-06-01 17:41:00,Heatwave,43.63,11.8,402.11,3.86,0.0,89.26
2026-06-01 17:42:00,Heatwave,43.34,12.31,407.64,3.86,0.0,89.13
2026-06-01 17:43:00,Heatwave,43.56,12.61,397.9,4.15,0.0,89.23
2026-06-01 17:44:00,Heatwave,43.28,13.71,402.93,4.46,0.0,89.11
2026-06-01 17:45:00,Heatwave,43.35,12.73,395.88,4.35,0.0,89.14
2026-06-01 17:46:00,Heatwave,43.19,14.0,399.2,3.68,0.0,89.07
2026-06-01 17:47:00,Heatwave,43.4,11.44,382.36,3.95,0.0,89.16
2026-06-01 17:48:00,Heatwave,43.54,12.21,384.97,3.76,0.0,89.22
2026-06-01 17:49:00,Heatwave,43.3,12.9,367.88,3.94,0.0,89.12
2026-06-01 17:50:00,Heatwave,43.26,12.57,361.16,4.46,0.0,89.1
2026-06-01 17:51:00,Heatwave,43.11,14.86,382.94,3.61,0.0,89.03
2026-06-01 17:52:00,Heatwave,43.23,13.07,363.12,3.55,0.0,89.09
2026-06-01 17:53:00,Heatwave,43.01,13.47,365.89,3.76,0.0,88.99
2026-06-01 17:54:00,Heatwave,43.1,13.49,355.05,4.07,0.0,89.03
2026-06-01 17:55:00,Heatwave,43.25,11.84,344.05,4.16,0.0,89.09
2026-06-01 17:56:00,Heatwave,43.4,12.17,346.79,4.1,0.0,89.16
2026-06-01 17:57:00,Heatwave,43.61,12.64,357.92,4.31,0.0,89.25
2026-06-01 17:58:00,Heatwave,43.09,13.13,345.25,3.48,0.0,89.02
2026-06-01 17:59:00,Heatwave,43.37,12.21,318.8,4.3,0.0,89.15
2026-06-01 18:00:00,Heatwave,43.18,14.04,330.35,3.87,0.0,89.06
2026-06-01 18:01:00,Heatwave,43.1,14.27,346.53,4.16,0.0,89.03
2026-06-01 18:02:00,Heatwave,43.17,13.57,323.29,3.58,0.0,89.06
2026-06-01 18:03:00,Heatwave,43.1,13.19,304.43,3.95,0.0,89.03
2026-06-01 18:04:00,Heatwave,43.09,13.35,336.32,4.01,0.0,89.02
2026-06-01 18:05:00,Heatwave,43.0,13.27,321.11,4.26,0.0,88.98
2026-06-01 18:06:00,Heatwave,42.83,13.62,310.44,3.49,0.0,88.91
2026-06-01 18:07:00,Heatwave,42.79,13.69,304.08,3.94,0.0,88.89
2026-06-01 18:08:00,Heatwave,43.1,13.08,313.79,3.62,0.0,89.03
2026-06-01 18:09:00,Heatwave,42.95,13.27,295.45,4.06,0.0,88.96
2026-06-01 18:10:00,Heatwave,42.88,13.13,306.96,4.13,0.0,88.93
2026-06-01 18:11:00,Heatwave,42.95,14.0,297.9,4.27,0.0,88.96
2026-06-01 18:12:00,Heatwave,43.05,13.73,291.66,3.75,0.0,89.01
2026-06-01 18:13:00,Heatwave,42.94,14.92,287.17,4.16,0.0,88.96
2026-06-01 18:14:00,Heatwave,42.8,13.9,280.83,4.28,0.0,88.89
2026-06-01 18:15:00,Heatwave,43.06,13.74,287.44,3.43,0.0,89.01
2026-06-01 18:16:00,Heatwave,43.1,13.66,267.93,4.06,0.0,89.03
2026-06-01 18:17:00,Heatwave,42.92,13.82,258.24,4.15,0.0,88.95
2026-06-01 18:18:00,Heatwave,42.97,14.28,272.76,3.8,0.0,88.97
2026-06-01 18:19:00,Heatwave,42.99,14.24,269.2,3.53,0.0,88.98
2026-06-01 18:20:00,Heatwave,42.95,14.07,264.31,4.13,0.0,88.96
2026-06-01 18:21:00,Heatwave,42.86,13.99,260.06,3.52,0.0,88.92
2026-06-01 18:22:00,Heatwave,42.84,13.99,250.84,3.8,0.0,88.91
2026-06-01 18:23:00,Heatwave,42.8,13.47,255.53,3.84,0.0,88.89
2026-06-01 18:24:00,Heatwave,42.54,14.54,245.65,4.04,0.0,88.77
2026-06-01 18:25:00,Heatwave,42.79,13.95,238.79,3.66,0.0,88.89
2026-06-01 18:26:00,Heatwave,42.46,14.57,236.44,3.64,0.0,88.74
2026-06-01 18:27:00,Heatwave,42.53,15.33,249.26,3.86,0.0,88.77
2026-06-01 18:28:00,Heatwave,42.82,14.97,219.31,4.11,0.0,88.9
2026-06-01 18:29:00,Heatwave,42.73,13.95,231.1,4.46,0.0,88.86
2026-06-01 18:30:00,Heatwave,42.8,14.46,212.73,3.39,0.0,88.89
2026-06-01 18:31:00,Heatwave,42.52,14.46,219.63,3.9,0.0,88.76
2026-06-01 18:32:00,Heatwave,42.37,15.32,213.85,3.5,0.0,88.69
2026-06-01 18:33:00,Heatwave,42.48,14.77,199.67,4.08,0.0,88.75
2026-06-01 18:34:00,Heatwave,42.51,15.46,211.75,3.53,0.0,88.76
2026-06-01 18:35:00,Heatwave,42.49,14.77,203.28,3.6,0.0,88.75
2026-06-01 18:36:00,Heatwave,42.62,15.4,189.22,3.62,0.0,88.81
2026-06-01 18:37:00,Heatwave,42.38,15.33,203.24,3.76,0.0,88.7
2026-06-01 18:38:00,Heatwave,42.46,14.85,202.93,3.86,0.0,88.74
2026-06-01 18:39:00,Heatwave,42.24,15.11,199.39,3.9,0.0,88.63
2026-06-01 18:40:00,Heatwave,42.43,15.48,189.18,3.76,0.0,88.72
2026-06-01 18:41:00,Heatwave,42.34,16.12,183.71,3.39,0.0,88.68
2026-06-01 18:42:00,Heatwave,42.2,16.12,186.92,3.96,0.0,88.61
2026-06-01 18:43:00,Heatwave,42.26,17.15,184.94,3.73,0.0,88.64
2026-06-01 18:44:00,Heatwave,42.24,16.71,178.2,4.07,0.0,88.63
2026-06-01 18:45:00,Heatwave,42.21,15.77,163.87,3.54,0.0,88.62
2026-06-01 18:46:00,Heatwave,42.49,14.97,165.91,3.28,0.0,88.75
2026-06-01 18:47:00,Heatwave,42.18,16.29,163.33,3.72,0.0,88.61
2026-06-01 18:48:00,Heatwave,42.14,15.64,148.94,4.08,0.0,88.59
2026-06-01 18:49:00,Heatwave,41.84,17.68,155.93,3.76,0.0,88.45
2026-06-01 18:50:00,Heatwave,41.99,16.76,160.28,3.65,0.0,88.52
2026-06-01 18:51:00,Heatwave,42.06,16.5,149.13,3.46,0.0,88.55
2026-06-01 18:52:00,Heatwave,41.98,17.0,148.9,4.19,0.0,88.51
2026-06-01 18:53:00,Heatwave,42.26,16.83,139.63,3.41,0.0,88.64
2026-06-01 18:54:00,Heatwave,42.0,16.62,134.84,3.49,0.0,88.52
2026-06-01 18:55:00,Heatwave,42.2,15.91,132.91,3.84,0.0,88.61
2026-06-01 18:56:00,Heatwave,41.99,17.46,124.54,3.16,0.0,88.52
2026-06-01 18:57:00,Heatwave,41.96,17.22,120.35,4.03,0.0,88.5
2026-06-01 18:58:00,Heatwave,41.91,16.57,124.76,3.84,0.0,88.48
2026-06-01 18:59:00,Heatwave,41.9,16.8,121.25,3.92,0.0,88.47
2026-06-01 19:00:00,Heatwave,42.13,16.27,109.37,3.81,0.0,88.58
2026-06-01 19:01:00,Heatwave,41.5,18.12,112.14,3.61,0.0,88.56
2026-06-01 19:02:00,Heatwave,41.52,17.03,104.96,3.35,0.0,88.55
2026-06-01 19:03:00,Heatwave,41.72,16.39,102.52,3.6,0.0,88.47
2026-06-01 19:04:00,Heatwave,41.77,16.62,99.09,3.36,0.0,88.46
2026-06-01 19:05:00,Heatwave,41.85,16.37,96.79,3.77,0.0,88.45
2026-06-01 19:06:00,Heatwave,41.79,16.72,90.47,3.85,0.0,88.45
2026-06-01 19:07:00,Heatwave,41.63,17.92,90.15,4.03,0.0,88.51
2026-06-01 19:08:00,Heatwave,41.82,16.93,83.51,3.72,0.0,88.44
2026-06-01 19:09:00,Heatwave,41.79,17.22,80.47,3.87,0.0,88.45
2026-06-01 19:10:00,Heatwave,41.64,16.79,73.35,3.52,0.0,88.51
2026-06-01 19:11:00,Heatwave,41.73,17.0,76.11,3.47,0.0,88.47
2026-06-01 19:12:00,Heatwave,41.6,18.0,68.68,3.73,0.0,88.52
2026-06-01 19:13:00,Heatwave,41.44,18.43,65.33,3.48,0.0,88.58
2026-06-01 19:14:00,Heatwave,41.6,17.19,57.3,3.66,0.0,88.52
2026-06-01 19:15:00,Heatwave,41.49,18.04,55.05,3.28,0.0,88.56
2026-06-01 19:16:00,Heatwave,41.44,19.39,54.64,3.33,0.0,88.58
2026-06-01 19:17:00,Heatwave,41.64,17.52,49.35,3.74,0.0,88.51
2026-06-01 19:18:00,Heatwave,41.02,18.83,42.57,3.81,0.0,88.75
2026-06-01 19:19:00,Heatwave,41.15,18.79,42.69,3.28,0.0,88.7
2026-06-01 19:20:00,Heatwave,41.15,18.94,37.03,3.74,0.0,88.7
2026-06-01 19:21:00,Heatwave,41.25,18.53,35.31,3.4,0.0,88.66
2026-06-01 19:22:00,Heatwave,41.23,18.63,30.04,3.54,0.0,88.67
2026-06-01 19:23:00,Heatwave,41.02,18.39,26.51,3.93,0.0,88.75
2026-06-01 19:24:00,Heatwave,41.07,18.54,23.39,3.76,0.0,88.73
2026-06-01 19:25:00,Heatwave,41.05,19.06,18.32,3.75,0.0,88.74
2026-06-01 19:26:00,Heatwave,41.52,17.75,14.61,4.05,0.0,88.55
2026-06-01 19:27:00,Heatwave,41.39,17.86,11.23,3.32,0.0,88.6
2026-06-01 19:28:00,Heatwave,41.03,19.1,7.72,3.23,0.0,88.74
2026-06-01 19:29:00,Heatwave,41.01,19.31,3.61,3.3,0.0,88.75
2026-06-01 19:30:00,Heatwave,40.86,20.22,0.0,3.43,0.0,88.23
2026-06-01 19:31:00,Heatwave,40.72,20.02,0.0,2.83,0.0,88.81
2026-06-01 19:32:00,Heatwave,40.96,19.66,0.0,3.43,0.0,88.77
2026-06-01 19:33:00,Heatwave,40.79,19.55,0.0,3.33,0.0,88.83
2026-06-01 19:34:00,Heatwave,40.9,19.92,0.0,3.69,0.0,88.79
2026-06-01 19:35:00,Heatwave,40.64,20.52,0.0,3.57,0.0,87.66
2026-06-01 19:36:00,Heatwave,40.74,20.55,0.0,3.3,0.0,87.52
2026-06-01 19:37:00,Heatwave,40.84,20.17,0.0,3.62,0.0,88.37
2026-06-01 19:38:00,Heatwave,40.84,20.09,0.0,3.66,0.0,88.58
2026-06-01 19:39:00,Heatwave,40.82,19.74,0.0,3.23,0.0,88.82
2026-06-01 19:40:00,Heatwave,40.53,20.76,0.0,3.3,0.0,87.23
2026-06-01 19:41:00,Heatwave,40.82,20.43,0.0,2.81,0.0,87.75
2026-06-01 19:42:00,Heatwave,40.54,20.18,0.0,3.13,0.0,88.49
2026-06-01 19:43:00,Heatwave,40.73,19.69,0.0,3.22,0.0,88.86
2026-06-01 19:44:00,Heatwave,40.6,20.53,0.0,3.44,0.0,87.66
2026-06-01 19:45:00,Heatwave,40.36,21.33,0.0,3.15,0.0,86.16
2026-06-01 19:46:00,Heatwave,40.49,20.23,0.0,3.27,0.0,88.4
2026-06-01 19:47:00,Heatwave,40.56,20.49,0.0,3.06,0.0,87.78
2026-06-01 19:48:00,Heatwave,40.56,20.46,0.0,3.45,0.0,87.84
2026-06-01 19:49:00,Heatwave,40.42,19.6,0.0,3.51,0.0,88.97
2026-06-01 19:50:00,Heatwave,40.63,20.19,0.0,3.5,0.0,88.42
2026-06-01 19:51:00,Heatwave,40.52,20.53,0.0,3.38,0.0,87.72
2026-06-01 19:52:00,Heatwave,40.3,21.15,0.0,2.94,0.0,86.55
2026-06-01 19:53:00,Heatwave,40.42,21.77,0.0,3.2,0.0,85.25
2026-06-01 19:54:00,Heatwave,40.56,19.79,0.0,3.25,0.0,88.92
2026-06-01 19:55:00,Heatwave,40.53,20.11,0.0,3.25,0.0,88.66
2026-06-01 19:56:00,Heatwave,40.02,20.46,0.0,3.37,0.0,88.07
2026-06-01 19:57:00,Heatwave,40.03,21.7,0.0,3.75,0.0,85.39
2026-06-01 19:58:00,Heatwave,40.36,20.84,0.0,3.57,0.0,87.2
2026-06-01 19:59:00,Heatwave,39.94,21.93,0.0,3.06,0.0,84.92
2026-06-01 20:00:00,Heatwave,39.87,23.1,0.0,3.52,0.0,82.64
2026-06-01 20:01:00,Heatwave,39.96,22.7,0.0,3.51,0.0,83.4
2026-06-01 20:02:00,Heatwave,40.06,21.95,0.0,3.1,0.0,84.88
2026-06-01 20:03:00,Heatwave,39.95,21.99,0.0,3.55,0.0,84.8
2026-06-01 20:04:00,Heatwave,39.83,23.16,0.0,3.27,0.0,82.52
2026-06-01 20:05:00,Heatwave,39.8,22.64,0.0,2.91,0.0,83.52
2026-06-01 20:06:00,Heatwave,39.75,22.27,0.0,3.43,0.0,84.24
2026-06-01 20:07:00,Heatwave,39.69,21.9,0.0,3.35,0.0,84.98
2026-06-01 20:08:00,Heatwave,40.13,21.44,0.0,3.22,0.0,85.93
2026-06-01 20:09:00,Heatwave,39.8,23.08,0.0,3.27,0.0,82.68
2026-06-01 20:10:00,Heatwave,39.85,23.85,0.0,3.08,0.0,81.24
2026-06-01 20:11:00,Heatwave,39.61,23.19,0.0,3.44,0.0,82.47
2026-06-01 20:12:00,Heatwave,39.62,22.67,0.0,3.25,0.0,83.46
2026-06-01 20:13:00,Heatwave,39.51,22.74,0.0,3.31,0.0,83.33
2026-06-01 20:14:00,Heatwave,39.18,24.68,0.0,3.36,0.0,79.74
2026-06-01 20:15:00,Heatwave,39.34,22.86,0.0,2.93,0.0,83.09
2026-06-01 20:16:00,Heatwave,39.24,24.53,0.0,2.99,0.0,80.01
2026-06-01 20:17:00,Heatwave,39.13,24.98,0.0,2.62,0.0,79.21
2026-06-01 20:18:00,Heatwave,39.26,24.41,0.0,3.39,0.0,80.23
2026-06-01 20:19:00,Heatwave,39.6,23.07,0.0,2.89,0.0,82.7
2026-06-01 20:20:00,Heatwave,39.36,24.21,0.0,3.26,0.0,80.59
2026-06-01 20:21:00,Heatwave,39.52,23.52,0.0,3.32,0.0,81.85
2026-06-01 20:22:00,Heatwave,39.35,23.42,0.0,3.38,0.0,82.04
2026-06-01 20:23:00,Heatwave,39.37,24.94,0.0,2.87,0.0,79.28
2026-06-01 20:24:00,Heatwave,39.08,24.42,0.0,3.18,0.0,80.21
2026-06-01 20:25:00,Heatwave,39.26,24.61,0.0,3.66,0.0,79.87
2026-06-01 20:26:00,Heatwave,39.25,22.71,0.0,3.67,0.0,83.38
2026-06-01 20:27:00,Heatwave,39.02,25.58,0.0,3.46,0.0,78.18
2026-06-01 20:28:00,Heatwave,39.15,25.32,0.0,3.27,0.0,78.62
2026-06-01 20:29:00,Heatwave,39.11,24.56,0.0,2.89,0.0,79.96
2026-06-01 20:30:00,Heatwave,38.91,25.45,0.0,3.37,0.0,78.4
2026-06-01 20:31:00,Heatwave,38.78,25.79,0.0,3.12,0.0,77.83
2026-06-01 20:32:00,Heatwave,38.74,25.2,0.0,3.31,0.0,78.82
2026-06-01 20:33:00,Heatwave,38.89,25.49,0.0,2.97,0.0,78.33
2026-06-01 20:34:00,Heatwave,38.89,24.68,0.0,3.1,0.0,79.74
2026-06-01 20:35:00,Heatwave,38.68,25.37,0.0,3.19,0.0,78.53
2026-06-01 20:36:00,Heatwave,38.77,26.18,0.0,3.2,0.0,77.19
2026-06-01 20:37:00,Heatwave,38.81,25.97,0.0,3.27,0.0,77.53
2026-06-01 20:38:00,Heatwave,38.78,25.05,0.0,2.96,0.0,79.09
2026-06-01 20:39:00,Heatwave,38.88,24.75,0.0,2.74,0.0,79.62
2026-06-01 20:40:00,Heatwave,38.8,25.02,0.0,3.57,0.0,79.14
2026-06-01 20:41:00,Heatwave,38.42,26.91,0.0,3.8,0.0,76.03
2026-06-01 20:42:00,Heatwave,38.78,24.86,0.0,3.23,0.0,79.42
2026-06-01 20:43:00,Heatwave,38.41,26.7,0.0,2.73,0.0,76.36
2026-06-01 20:44:00,Heatwave,38.61,26.39,0.0,2.88,0.0,76.85
2026-06-01 20:45:00,Heatwave,38.42,26.4,0.0,3.23,0.0,76.84
2026-06-01 20:46:00,Heatwave,38.31,27.37,0.0,3.46,0.0,75.32
2026-06-01 20:47:00,Heatwave,38.06,27.27,0.0,2.74,0.0,75.48
2026-06-01 20:48:00,Heatwave,38.27,26.75,0.0,3.04,0.0,76.28
2026-06-01 20:49:00,Heatwave,38.02,26.98,0.0,3.12,0.0,75.92
2026-06-01 20:50:00,Heatwave,38.36,27.24,0.0,3.3,0.0,75.52
2026-06-01 20:51:00,Heatwave,38.41,26.05,0.0,2.96,0.0,77.4
2026-06-01 20:52:00,Heatwave,38.02,27.79,0.0,2.61,0.0,74.69
2026-06-01 20:53:00,Heatwave,38.14,27.19,0.0,3.22,0.0,75.6
2026-06-01 20:54:00,Heatwave,37.95,27.14,0.0,3.35,0.0,75.68
2026-06-01 20:55:00,Heatwave,37.92,27.48,0.0,3.01,0.0,75.16
2026-06-01 20:56:00,Heatwave,38.09,28.2,0.0,3.14,0.0,74.07
2026-06-01 20:57:00,Heatwave,37.93,27.95,0.0,2.89,0.0,74.44
2026-06-01 20:58:00,Heatwave,38.16,26.59,0.0,2.78,0.0,76.53
2026-06-01 20:59:00,Heatwave,37.78,28.42,0.0,3.3,0.0,73.74
2026-06-01 21:00:00,Heatwave,37.97,27.64,0.0,3.11,0.0,74.91
2026-06-01 21:01:00,Heatwave,37.79,30.29,0.0,3.14,0.0,71.42
2026-06-01 21:02:00,Heatwave,37.85,28.21,0.0,3.42,0.0,74.05
2026-06-01 21:03:00,Heatwave,37.63,28.45,0.0,2.69,0.0,73.7
2026-06-01 21:04:00,Heatwave,37.64,29.47,0.0,2.83,0.0,72.18
2026-06-01 21:05:00,Heatwave,37.59,27.66,0.0,3.02,0.0,74.88
2026-06-01 21:06:00,Heatwave,37.44,29.24,0.0,2.82,0.0,72.52
2026-06-01 21:07:00,Heatwave,37.63,29.87,0.0,3.19,0.0,71.58
2026-06-01 21:08:00,Heatwave,37.58,28.72,0.0,2.91,0.0,73.29
2026-06-01 21:09:00,Heatwave,37.53,27.89,0.0,2.68,0.0,74.53
2026-06-01 21:10:00,Heatwave,37.63,28.41,0.0,2.97,0.0,73.76
2026-06-01 21:11:00,Heatwave,37.58,29.68,0.0,3.0,0.0,71.87
2026-06-01 21:12:00,Heatwave,37.26,29.9,0.0,3.2,0.0,71.54
2026-06-01 21:13:00,Heatwave,37.33,28.98,0.0,3.05,0.0,72.91
2026-06-01 21:14:00,Heatwave,37.14,29.6,0.0,3.06,0.0,71.99
2026-06-01 21:15:00,Heatwave,37.2,29.53,0.0,3.02,0.0,72.09
2026-06-01 21:16:00,Heatwave,37.06,30.46,0.0,2.87,0.0,71.43
2026-06-01 21:17:00,Heatwave,37.35,30.23,0.0,2.72,0.0,71.41
2026-06-01 21:18:00,Heatwave,37.12,30.7,0.0,2.99,0.0,71.45
2026-06-01 21:19:00,Heatwave,36.99,30.71,0.0,2.81,0.0,71.45
2026-06-01 21:20:00,Heatwave,37.16,29.16,0.0,3.37,0.0,72.64
2026-06-01 21:21:00,Heatwave,36.62,30.68,0.0,3.27,0.0,71.45
2026-06-01 21:22:00,Heatwave,36.6,31.85,0.0,3.07,0.0,71.54
2026-06-01 21:23:00,Heatwave,36.97,29.68,0.0,2.99,0.0,71.87
2026-06-01 21:24:00,Heatwave,36.82,30.77,0.0,2.86,0.0,71.46
2026-06-01 21:25:00,Heatwave,36.81,31.13,0.0,2.52,0.0,71.49
2026-06-01 21:26:00,Heatwave,36.53,31.04,0.0,2.81,0.0,71.48
2026-06-01 21:27:00,Heatwave,36.68,30.69,0.0,2.89,0.0,71.45
2026-06-01 21:28:00,Heatwave,36.94,30.52,0.0,2.92,0.0,71.44
2026-06-01 21:29:00,Heatwave,36.72,31.49,0.0,2.99,0.0,71.52
2026-06-01 21:30:00,Heatwave,36.58,32.22,0.0,3.11,0.0,71.57
2026-06-01 21:31:00,Heatwave,36.44,32.32,0.0,2.65,0.0,71.56
2026-06-01 21:32:00,Heatwave,36.41,32.1,0.0,2.65,0.0,71.56
2026-06-01 21:33:00,Heatwave,36.1,32.45,0.0,3.24,0.0,71.51
2026-06-01 21:34:00,Heatwave,36.42,31.39,0.0,3.05,0.0,71.51
2026-06-01 21:35:00,Heatwave,36.46,31.6,0.0,2.72,0.0,71.53
2026-06-01 21:36:00,Heatwave,36.06,33.28,0.0,2.79,0.0,71.51
2026-06-01 21:37:00,Heatwave,36.15,32.98,0.0,2.79,0.0,71.52
2026-06-01 21:38:00,Heatwave,36.03,31.85,0.0,2.82,0.0,71.5
2026-06-01 21:39:00,Heatwave,36.02,32.68,0.0,2.94,0.0,71.5
2026-06-01 21:40:00,Heatwave,36.12,33.57,0.0,3.51,0.0,71.52
2026-06-01 21:41:00,Heatwave,35.76,33.91,0.0,2.85,0.0,71.46
2026-06-01 21:42:00,Heatwave,36.12,32.01,0.0,2.98,0.0,71.52
2026-06-01 21:43:00,Heatwave,36.1,34.34,0.0,2.31,0.0,71.51
2026-06-01 21:44:00,Heatwave,35.9,33.45,0.0,2.64,0.0,71.48
2026-06-01 21:45:00,Heatwave,35.52,34.75,0.0,3.12,0.0,71.42
2026-06-01 21:46:00,Heatwave,35.7,34.26,0.0,2.88,0.0,71.45
2026-06-01 21:47:00,Heatwave,35.99,33.0,0.0,1.54,0.0,71.5
2026-06-01 21:48:00,Heatwave,35.34,34.58,0.0,2.95,0.0,71.39
2026-06-01 21:49:00,Heatwave,35.66,35.4,0.0,3.29,0.0,71.45
2026-06-01 21:50:00,Heatwave,35.49,35.2,0.0,2.19,0.0,71.42
2026-06-01 21:51:00,Heatwave,35.74,34.39,0.0,3.17,0.0,71.46
2026-06-01 21:52:00,Heatwave,35.48,34.99,0.0,1.96,0.0,71.42
2026-06-01 21:53:00,Heatwave,35.59,33.72,0.0,3.0,0.0,71.43
2026-06-01 21:54:00,Heatwave,35.57,35.14,0.0,2.73,0.0,71.43
2026-06-01 21:55:00,Heatwave,35.72,33.47,0.0,2.07,0.0,71.46
2026-06-01 21:56:00,Heatwave,35.37,35.12,0.0,2.85,0.0,71.4
2026-06-01 21:57:00,Heatwave,35.41,33.85,0.0,3.04,0.0,71.4
2026-06-01 21:58:00,Heatwave,35.08,34.51,0.0,2.81,0.0,71.34
2026-06-01 21:59:00,Heatwave,35.44,34.94,0.0,2.87,0.0,71.41
2026-06-01 22:00:00,Heatwave,35.1,35.21,0.0,2.59,0.0,71.35
2026-06-01 22:01:00,Heatwave,35.08,34.54,0.0,2.18,0.0,71.34
2026-06-01 22:02:00,Heatwave,35.12,35.97,0.0,2.89,0.0,71.35
2026-06-01 22:03:00,Heatwave,34.84,37.68,0.0,3.18,0.0,71.29
2026-06-01 22:04:00,Heatwave,35.06,36.63,0.0,3.0,0.0,71.34
2026-06-01 22:05:00,Heatwave,35.13,35.46,0.0,2.12,0.0,71.35
2026-06-01 22:06:00,Heatwave,34.98,36.03,0.0,2.25,0.0,71.32
2026-06-01 22:07:00,Heatwave,34.65,37.47,0.0,2.43,0.0,71.25
2026-06-01 22:08:00,Heatwave,34.82,37.13,0.0,2.22,0.0,71.29
2026-06-01 22:09:00,Heatwave,34.91,36.02,0.0,2.67,0.0,71.31
2026-06-01 22:10:00,Heatwave,34.47,37.47,0.0,2.77,0.0,71.22
2026-06-01 22:11:00,Heatwave,34.54,37.43,0.0,2.25,0.0,71.23
2026-06-01 22:12:00,Heatwave,34.78,36.9,0.0,2.86,0.0,71.28
2026-06-01 22:13:00,Heatwave,34.65,36.87,0.0,2.81,0.0,71.25
2026-06-01 22:14:00,Heatwave,34.62,36.96,0.0,2.48,0.0,71.25
2026-06-01 22:15:00,Heatwave,34.79,37.38,0.0,2.58,0.0,71.28
2026-06-01 22:16:00,Heatwave,34.53,38.0,0.0,2.08,0.0,71.23
2026-06-01 22:17:00,Heatwave,34.51,37.61,0.0,2.53,0.0,71.22
2026-06-01 22:18:00,Heatwave,34.77,37.64,0.0,2.62,0.0,71.28
2026-06-01 22:19:00,Heatwave,34.28,37.73,0.0,2.66,0.0,71.17
2026-06-01 22:20:00,Heatwave,34.15,39.31,0.0,2.72,0.0,71.15
2026-06-01 22:21:00,Heatwave,34.28,38.29,0.0,2.67,0.0,71.17
2026-06-01 22:22:00,Heatwave,34.23,40.06,0.0,2.53,0.0,70.85
2026-06-01 22:23:00,Heatwave,34.04,37.92,0.0,2.68,0.0,71.12
2026-06-01 22:24:00,Heatwave,33.91,38.57,0.0,2.87,0.0,68.06
2026-06-01 22:25:00,Heatwave,34.36,37.99,0.0,2.56,0.0,71.19
2026-06-01 22:26:00,Heatwave,34.02,38.94,0.0,2.67,0.0,71.12
2026-06-01 22:27:00,Heatwave,33.8,40.46,0.0,2.53,0.0,64.75
2026-06-01 22:28:00,Heatwave,34.0,38.35,0.0,2.39,0.0,71.11
2026-06-01 22:29:00,Heatwave,33.79,39.87,0.0,2.72,0.0,64.47
2026-06-01 22:30:00,Heatwave,33.71,40.24,0.0,2.41,0.0,62.33
2026-06-01 22:31:00,Heatwave,33.8,39.72,0.0,2.67,0.0,64.75
2026-06-01 22:32:00,Heatwave,33.49,39.6,0.0,2.56,0.0,57.31
2026-06-01 22:33:00,Heatwave,33.7,40.43,0.0,2.47,0.0,62.08
2026-06-01 22:34:00,Heatwave,33.89,39.78,0.0,2.46,0.0,67.42
2026-06-01 22:35:00,Heatwave,33.64,40.11,0.0,2.4,0.0,60.61
2026-06-01 22:36:00,Heatwave,33.47,40.33,0.0,2.08,0.0,56.9
2026-06-01 22:37:00,Heatwave,33.41,40.51,0.0,2.64,0.0,55.74
2026-06-01 22:38:00,Heatwave,33.39,40.39,0.0,2.6,0.0,55.36
2026-06-01 22:39:00,Heatwave,33.37,40.87,0.0,2.76,0.0,54.99
2026-06-01 22:40:00,Heatwave,33.32,40.67,0.0,2.37,0.0,54.1
2026-06-01 22:41:00,Heatwave,33.47,39.71,0.0,3.05,0.0,56.9
2026-06-01 22:42:00,Heatwave,33.03,40.8,0.0,2.41,0.0,49.62
2026-06-01 22:43:00,Heatwave,33.38,40.01,0.0,2.26,0.0,55.18
2026-06-01 22:44:00,Heatwave,33.16,41.22,0.0,2.23,0.0,51.49
2026-06-01 22:45:00,Heatwave,33.23,40.87,0.0,2.02,0.0,52.59
2026-06-01 22:46:00,Heatwave,32.96,41.76,0.0,2.93,0.0,48.68
2026-06-01 22:47:00,Heatwave,33.29,41.02,0.0,2.88,0.0,53.58
2026-06-01 22:48:00,Heatwave,33.24,40.49,0.0,2.66,0.0,52.75
2026-06-01 22:49:00,Heatwave,33.15,41.98,0.0,2.23,0.0,51.34
2026-06-01 22:50:00,Heatwave,32.74,42.08,0.0,2.99,0.0,46.05
2026-06-01 22:51:00,Heatwave,33.05,41.12,0.0,2.38,0.0,49.89
2026-06-01 22:52:00,Heatwave,32.95,41.96,0.0,2.4,0.0,48.55
2026-06-01 22:53:00,Heatwave,32.61,41.52,0.0,2.87,0.0,44.68
2026-06-01 22:54:00,Heatwave,32.8,41.6,0.0,2.65,0.0,46.73
2026-06-01 22:55:00,Heatwave,32.82,42.62,0.0,3.08,0.0,46.96
2026-06-01 22:56:00,Heatwave,32.81,41.02,0.0,2.53,0.0,46.84
2026-06-01 22:57:00,Heatwave,32.71,43.01,0.0,2.34,0.0,45.73
2026-06-01 22:58:00,Heatwave,32.68,43.31,0.0,2.28,0.0,45.4
2026-06-01 22:59:00,Heatwave,32.82,41.8,0.0,1.93,0.0,46.96
2026-06-01 23:00:00,Heatwave,32.74,42.42,0.0,2.36,0.0,46.05
2026-06-01 23:01:00,Heatwave,32.08,44.74,0.0,2.76,0.0,40.12
2026-06-01 23:02:00,Heatwave,32.43,42.84,0.0,2.6,0.0,42.97
2026-06-01 23:03:00,Heatwave,32.41,43.69,0.0,2.44,0.0,42.79
2026-06-01 23:04:00,Heatwave,32.13,43.55,0.0,2.15,0.0,40.5
2026-06-01 23:05:00,Heatwave,32.36,43.01,0.0,2.49,0.0,42.36
2026-06-01 23:06:00,Heatwave,32.49,42.45,0.0,2.7,0.0,43.52
2026-06-01 23:07:00,Heatwave,32.1,44.22,0.0,2.53,0.0,40.27
2026-06-01 23:08:00,Heatwave,32.27,44.24,0.0,2.46,0.0,41.6
2026-06-01 23:09:00,Heatwave,32.04,44.07,0.0,2.18,0.0,39.82
2026-06-01 23:10:00,Heatwave,32.04,43.43,0.0,2.65,0.0,39.82
2026-06-01 23:11:00,Heatwave,32.32,42.77,0.0,1.52,0.0,42.02
2026-06-01 23:12:00,Heatwave,31.97,44.61,0.0,2.5,0.0,39.32
2026-06-01 23:13:00,Heatwave,32.08,45.18,0.0,3.11,0.0,40.12
2026-06-01 23:14:00,Heatwave,31.69,45.4,0.0,1.97,0.0,38.07
2026-06-01 23:15:00,Heatwave,32.21,43.49,0.0,2.32,0.0,41.12
2026-06-01 23:16:00,Heatwave,31.98,44.82,0.0,2.38,0.0,39.39
2026-06-01 23:17:00,Heatwave,31.82,44.66,0.0,2.25,0.0,38.25
2026-06-01 23:18:00,Heatwave,31.89,44.38,0.0,2.66,0.0,38.76
2026-06-01 23:19:00,Heatwave,31.55,44.97,0.0,2.5,0.0,36.03
2026-06-01 23:20:00,Heatwave,31.9,45.43,0.0,2.41,0.0,38.83
2026-06-01 23:21:00,Heatwave,31.63,43.81,0.0,2.59,0.0,37.09
2026-06-01 23:22:00,Heatwave,31.61,45.88,0.0,2.36,0.0,36.92
2026-06-01 23:23:00,Heatwave,31.52,45.36,0.0,3.25,0.0,36.0
2026-06-01 23:24:00,Heatwave,31.47,45.54,0.0,2.4,0.0,35.73
2026-06-01 23:25:00,Heatwave,31.61,46.39,0.0,2.4,0.0,36.97
2026-06-01 23:26:00,Heatwave,31.51,45.24,0.0,1.87,0.0,35.85
2026-06-01 23:27:00,Heatwave,31.52,45.21,0.0,2.19,0.0,37.57
2026-06-01 23:28:00,Heatwave,31.38,45.94,0.0,2.66,0.0,35.32
2026-06-01 23:29:00,Heatwave,31.42,46.16,0.0,1.96,0.0,37.29
2026-06-01 23:30:00,Heatwave,31.24,46.15,0.0,1.73,0.0,34.48
2026-06-01 23:31:00,Heatwave,31.59,44.49,0.0,2.34,0.0,36.59
2026-06-01 23:32:00,Heatwave,30.98,46.61,0.0,2.71,0.0,33.04
2026-06-01 23:33:00,Heatwave,31.36,46.84,0.0,2.33,0.0,36.03
2026-06-01 23:34:00,Heatwave,31.34,46.18,0.0,2.23,0.0,36.89
2026-06-01 23:35:00,Heatwave,30.96,47.45,0.0,1.8,0.0,34.06
2026-06-01 23:36:00,Heatwave,31.38,45.85,0.0,2.44,0.0,35.27
2026-06-01 23:37:00,Heatwave,31.16,46.25,0.0,2.49,0.0,34.0
2026-06-01 23:38:00,Heatwave,31.11,47.77,0.0,1.81,0.0,34.59
2026-06-01 23:39:00,Heatwave,30.93,47.16,0.0,2.62,0.0,33.03
2026-06-01 23:40:00,Heatwave,30.85,47.23,0.0,2.51,0.0,32.9
2026-06-01 23:41:00,Heatwave,30.81,48.26,0.0,2.61,0.0,32.72
2026-06-01 23:42:00,Heatwave,30.86,47.04,0.0,2.46,0.0,33.26
2026-06-01 23:43:00,Heatwave,30.97,46.81,0.0,2.47,0.0,33.43
2026-06-01 23:44:00,Heatwave,30.74,47.8,0.0,2.43,0.0,33.5
2026-06-01 23:45:00,Heatwave,30.54,48.36,0.0,2.53,0.0,32.25
2026-06-01 23:46:00,Heatwave,30.76,47.91,0.0,1.77,0.0,33.25
2026-06-01 23:47:00,Heatwave,30.73,49.08,0.0,1.86,0.0,33.5
2026-06-01 23:48:00,Heatwave,30.65,48.26,0.0,2.07,0.0,37.19
2026-06-01 23:49:00,Heatwave,30.62,46.7,0.0,2.24,0.0,34.33
2026-06-01 23:50:00,Heatwave,30.43,48.87,0.0,2.38,0.0,33.35
2026-06-01 23:51:00,Heatwave,30.29,49.08,0.0,2.36,0.0,33.13
2026-06-01 23:52:00,Heatwave,30.26,49.17,0.0,2.58,0.0,31.3
2026-06-01 23:53:00,Heatwave,30.1,49.73,0.0,2.58,0.0,30.99
2026-06-01 23:54:00,Heatwave,30.34,48.9,0.0,2.01,0.0,35.31
2026-06-01 23:55:00,Heatwave,30.25,49.13,0.0,2.32,0.0,33.37
2026-06-01 23:56:00,Heatwave,30.15,49.79,0.0,2.01,0.0,34.73
2026-06-01 23:57:00,Heatwave,29.74,50.26,0.0,2.2,0.0,34.05
2026-06-01 23:58:00,Heatwave,29.95,49.42,0.0,2.34,0.0,32.4
2026-06-01 23:59:00,Heatwave,30.27,50.93,0.0,1.29,0.0,29.41
2026-06-01 00:00:00,Water Scarcity,24.19,68.11,0.0,1.53,0.0,21.55
2026-06-01 00:01:00,Water Scarcity,23.96,69.12,0.0,1.7,0.0,18.73
2026-06-01 00:02:00,Water Scarcity,24.19,68.39,0.0,1.36,0.0,20.78
2026-06-01 00:03:00,Water Scarcity,24.19,68.63,0.0,1.7,0.0,20.07
2026-06-01 00:04:00,Water Scarcity,23.72,69.25,0.0,1.48,0.0,18.52
2026-06-01 00:05:00,Water Scarcity,23.78,69.26,0.0,1.58,0.0,18.42
2026-06-01 00:06:00,Water Scarcity,23.96,68.88,0.0,1.89,0.0,19.57
2026-06-01 00:07:00,Water Scarcity,23.86,68.94,0.0,1.77,0.0,19.49
2026-06-01 00:08:00,Water Scarcity,23.87,68.58,0.0,1.78,0.0,20.67
2026-06-01 00:09:00,Water Scarcity,23.71,69.07,0.0,1.29,0.0,19.22
2026-06-01 00:10:00,Water Scarcity,23.94,68.15,0.0,2.05,0.0,21.83
2026-06-01 00:11:00,Water Scarcity,23.89,69.03,0.0,1.41,0.0,19.14
2026-06-01 00:12:00,Water Scarcity,23.75,69.11,0.0,1.98,0.0,19.02
2026-06-01 00:13:00,Water Scarcity,23.87,68.42,0.0,1.87,0.0,21.16
2026-06-01 00:14:00,Water Scarcity,23.74,68.79,0.0,1.77,0.0,20.17
2026-06-01 00:15:00,Water Scarcity,23.51,69.1,0.0,1.47,0.0,19.37
2026-06-01 00:16:00,Water Scarcity,23.66,70.0,0.0,1.68,0.0,15.28
2026-06-01 00:17:00,Water Scarcity,23.43,70.1,0.0,1.55,0.0,15.41
2026-06-01 00:18:00,Water Scarcity,23.67,68.87,0.0,1.65,0.0,19.99
2026-06-01 00:19:00,Water Scarcity,23.5,70.35,0.0,1.59,0.0,15.37
2026-06-01 00:20:00,Water Scarcity,23.44,69.68,0.0,1.21,0.0,16.98
2026-06-01 00:21:00,Water Scarcity,23.34,69.47,0.0,1.88,0.0,18.05
2026-06-01 00:22:00,Water Scarcity,23.59,70.22,0.0,1.62,0.0,15.32
2026-06-01 00:23:00,Water Scarcity,23.35,69.95,0.0,1.54,0.0,15.71
2026-06-01 00:24:00,Water Scarcity,23.27,70.24,0.0,1.52,0.0,15.5
2026-06-01 00:25:00,Water Scarcity,23.25,70.57,0.0,1.71,0.0,15.51
2026-06-01 00:26:00,Water Scarcity,23.35,70.95,0.0,1.44,0.0,15.45
2026-06-01 00:27:00,Water Scarcity,23.3,70.44,0.0,1.16,0.0,15.48
2026-06-01 00:28:00,Water Scarcity,23.27,69.78,0.0,1.71,0.0,16.65
2026-06-01 00:29:00,Water Scarcity,23.24,70.91,0.0,1.74,0.0,15.51
2026-06-01 00:30:00,Water Scarcity,23.46,69.67,0.0,1.58,0.0,17.01
2026-06-01 00:31:00,Water Scarcity,23.05,72.24,0.0,1.38,0.0,15.62
2026-06-01 00:32:00,Water Scarcity,23.0,71.24,0.0,1.64,0.0,15.65
2026-06-01 00:33:00,Water Scarcity,22.92,70.12,0.0,1.31,0.0,15.7
2026-06-01 00:34:00,Water Scarcity,23.1,71.17,0.0,1.4,0.0,15.59
2026-06-01 00:35:00,Water Scarcity,23.15,72.0,0.0,1.46,0.0,15.56
2026-06-01 00:36:00,Water Scarcity,22.93,72.38,0.0,1.79,0.0,15.69
2026-06-01 00:37:00,Water Scarcity,22.79,72.93,0.0,1.54,0.0,15.77
2026-06-01 00:38:00,Water Scarcity,22.76,71.3,0.0,1.52,0.0,15.79
2026-06-01 00:39:00,Water Scarcity,22.95,71.93,0.0,2.02,0.0,15.68
2026-06-01 00:40:00,Water Scarcity,22.93,71.0,0.0,1.69,0.0,15.69
2026-06-01 00:41:00,Water Scarcity,22.87,71.74,0.0,1.68,0.0,15.72
2026-06-01 00:42:00,Water Scarcity,22.66,71.44,0.0,1.53,0.0,15.85
2026-06-01 00:43:00,Water Scarcity,22.76,71.53,0.0,1.48,0.0,15.79
2026-06-01 00:44:00,Water Scarcity,22.71,71.64,0.0,1.15,0.0,15.82
2026-06-01 00:45:00,Water Scarcity,22.69,72.63,0.0,1.81,0.0,15.83
2026-06-01 00:46:00,Water Scarcity,22.76,72.39,0.0,1.7,0.0,15.79
2026-06-01 00:47:00,Water Scarcity,22.63,72.43,0.0,1.56,0.0,15.86
2026-06-01 00:48:00,Water Scarcity,22.67,71.35,0.0,1.57,0.0,15.84
2026-06-01 00:49:00,Water Scarcity,22.55,72.32,0.0,1.75,0.0,15.91
2026-06-01 00:50:00,Water Scarcity,22.55,72.05,0.0,1.27,0.0,15.91
2026-06-01 00:51:00,Water Scarcity,22.57,72.96,0.0,1.47,0.0,15.9
2026-06-01 00:52:00,Water Scarcity,22.22,74.11,0.0,1.36,0.0,16.01
2026-06-01 00:53:00,Water Scarcity,22.36,73.64,0.0,1.97,0.0,16.02
2026-06-01 00:54:00,Water Scarcity,22.31,72.71,0.0,1.78,0.0,16.05
2026-06-01 00:55:00,Water Scarcity,22.26,71.67,0.0,1.13,0.0,16.04
2026-06-01 00:56:00,Water Scarcity,22.28,72.19,0.0,1.27,0.0,16.06
2026-06-01 00:57:00,Water Scarcity,22.51,73.45,0.0,1.56,0.0,15.93
2026-06-01 00:58:00,Water Scarcity,22.13,73.42,0.0,1.49,0.0,15.94
2026-06-01 00:59:00,Water Scarcity,22.37,72.53,0.0,1.31,0.0,16.01
2026-06-01 01:00:00,Water Scarcity,21.95,75.16,0.0,1.99,0.0,15.8
2026-06-01 01:01:00,Water Scarcity,22.12,74.45,0.0,1.65,0.0,15.93
2026-06-01 01:02:00,Water Scarcity,22.16,73.58,0.0,1.68,0.0,15.97
2026-06-01 01:03:00,Water Scarcity,22.2,73.3,0.0,1.44,0.0,16.0
2026-06-01 01:04:00,Water Scarcity,22.19,73.43,0.0,1.73,0.0,15.99
2026-06-01 01:05:00,Water Scarcity,22.17,73.69,0.0,1.5,0.0,15.97
2026-06-01 01:06:00,Water Scarcity,21.97,75.07,0.0,1.52,0.0,15.82
2026-06-01 01:07:00,Water Scarcity,21.92,74.5,0.0,1.71,0.0,15.78
2026-06-01 01:08:00,Water Scarcity,22.09,74.21,0.0,1.24,0.0,15.91
2026-06-01 01:09:00,Water Scarcity,21.9,74.99,0.0,1.91,0.0,15.76
2026-06-01 01:10:00,Water Scarcity,21.71,74.12,0.0,1.61,0.0,15.62
2026-06-01 01:11:00,Water Scarcity,21.7,75.3,0.0,1.84,0.0,15.61
2026-06-01 01:12:00,Water Scarcity,21.71,74.66,0.0,1.35,0.0,15.62
2026-06-01 01:13:00,Water Scarcity,21.89,72.82,0.0,1.38,0.0,15.76
2026-06-01 01:14:00,Water Scarcity,21.81,73.28,0.0,1.33,0.0,15.7
2026-06-01 01:15:00,Water Scarcity,21.86,73.8,0.0,1.62,0.0,15.73
2026-06-01 01:16:00,Water Scarcity,21.67,75.27,0.0,1.59,0.0,15.59
2026-06-01 01:17:00,Water Scarcity,21.72,74.86,0.0,1.47,0.0,15.63
2026-06-01 01:18:00,Water Scarcity,21.77,74.78,0.0,1.36,0.0,15.66
2026-06-01 01:19:00,Water Scarcity,21.6,76.31,0.0,1.3,0.0,15.54
2026-06-01 01:20:00,Water Scarcity,21.68,74.14,0.0,1.56,0.0,15.6
2026-06-01 01:21:00,Water Scarcity,21.49,75.43,0.0,1.47,0.0,15.45
2026-06-01 01:22:00,Water Scarcity,21.51,75.58,0.0,1.42,0.0,15.47
2026-06-01 01:23:00,Water Scarcity,21.47,75.04,0.0,1.89,0.0,15.44
2026-06-01 01:24:00,Water Scarcity,21.32,75.92,0.0,1.55,0.0,15.32
2026-06-01 01:25:00,Water Scarcity,21.55,74.32,0.0,1.83,0.0,15.5
2026-06-01 01:26:00,Water Scarcity,21.38,76.6,0.0,1.45,0.0,15.37
2026-06-01 01:27:00,Water Scarcity,21.42,75.22,0.0,1.62,0.0,15.4
2026-06-01 01:28:00,Water Scarcity,21.47,76.73,0.0,1.55,0.0,15.44
2026-06-01 01:29:00,Water Scarcity,21.43,75.58,0.0,1.21,0.0,15.41
2026-06-01 01:30:00,Water Scarcity,21.44,76.2,0.0,1.86,0.0,15.41
2026-06-01 01:31:00,Water Scarcity,21.3,75.94,0.0,1.53,0.0,15.31
2026-06-01 01:32:00,Water Scarcity,21.22,76.17,0.0,1.72,0.0,15.25
2026-06-01 01:33:00,Water Scarcity,21.25,75.77,0.0,1.4,0.0,15.27
2026-06-01 01:34:00,Water Scarcity,20.98,76.93,0.0,1.53,0.0,15.07
2026-06-01 01:35:00,Water Scarcity,20.99,77.02,0.0,1.38,0.0,15.08
2026-06-01 01:36:00,Water Scarcity,20.98,76.38,0.0,1.82,0.0,15.07
2026-06-01 01:37:00,Water Scarcity,21.0,76.72,0.0,1.62,0.0,15.09
2026-06-01 01:38:00,Water Scarcity,21.19,75.92,0.0,1.64,0.0,15.23
2026-06-01 01:39:00,Water Scarcity,20.96,78.28,0.0,1.84,0.0,15.06
2026-06-01 01:40:00,Water Scarcity,21.02,76.7,0.0,1.8,0.0,15.1
2026-06-01 01:41:00,Water Scarcity,21.24,77.05,0.0,1.72,0.0,15.27
2026-06-01 01:42:00,Water Scarcity,20.97,76.77,0.0,1.26,0.0,15.07
2026-06-01 01:43:00,Water Scarcity,21.11,76.66,0.0,1.41,0.0,15.17
2026-06-01 01:44:00,Water Scarcity,20.83,76.48,0.0,1.35,0.0,14.96
2026-06-01 01:45:00,Water Scarcity,20.92,76.77,0.0,1.71,0.0,15.03
2026-06-01 01:46:00,Water Scarcity,20.78,77.54,0.0,1.59,0.0,14.93
2026-06-01 01:47:00,Water Scarcity,20.84,78.18,0.0,1.26,0.0,14.97
2026-06-01 01:48:00,Water Scarcity,21.0,76.94,0.0,1.52,0.0,15.09
2026-06-01 01:49:00,Water Scarcity,20.59,78.78,0.0,1.24,0.0,14.79
2026-06-01 01:50:00,Water Scarcity,20.89,77.5,0.0,1.54,0.0,15.01
2026-06-01 01:51:00,Water Scarcity,20.83,78.24,0.0,1.21,0.0,14.96
2026-06-01 01:52:00,Water Scarcity,20.68,77.65,0.0,1.67,0.0,14.86
2026-06-01 01:53:00,Water Scarcity,20.53,79.54,0.0,1.63,0.0,14.75
2026-06-01 01:54:00,Water Scarcity,20.73,77.25,0.0,1.95,0.0,14.89
2026-06-01 01:55:00,Water Scarcity,20.62,77.4,0.0,1.73,0.0,14.81
2026-06-01 01:56:00,Water Scarcity,20.71,76.88,0.0,1.47,0.0,14.88
2026-06-01 01:57:00,Water Scarcity,20.65,79.16,0.0,1.73,0.0,14.83
2026-06-01 01:58:00,Water Scarcity,20.87,77.66,0.0,1.26,0.0,14.99
2026-06-01 01:59:00,Water Scarcity,20.57,77.8,0.0,1.35,0.0,14.78
2026-06-01 02:00:00,Water Scarcity,20.43,79.14,0.0,1.62,0.0,14.71
2026-06-01 02:01:00,Water Scarcity,20.58,78.37,0.0,1.1,0.0,14.78
2026-06-01 02:02:00,Water Scarcity,20.57,79.18,0.0,1.55,0.0,14.78
2026-06-01 02:03:00,Water Scarcity,20.71,76.67,0.0,1.34,0.0,14.88
2026-06-01 02:04:00,Water Scarcity,20.61,77.72,0.0,1.58,0.0,14.81
2026-06-01 02:05:00,Water Scarcity,20.52,77.86,0.0,1.33,0.0,14.74
2026-06-01 02:06:00,Water Scarcity,20.66,76.56,0.0,1.64,0.0,14.84
2026-06-01 02:07:00,Water Scarcity,20.24,79.55,0.0,1.56,0.0,14.54
2026-06-01 02:08:00,Water Scarcity,20.3,78.58,0.0,1.85,0.0,14.59
2026-06-01 02:09:00,Water Scarcity,20.24,79.37,0.0,1.56,0.0,14.54
2026-06-01 02:10:00,Water Scarcity,20.29,80.18,0.0,1.39,0.0,14.58
2026-06-01 02:11:00,Water Scarcity,20.12,79.02,0.0,1.5,0.0,14.46
2026-06-01 02:12:00,Water Scarcity,20.4,78.21,0.0,1.27,0.0,14.66
2026-06-01 02:13:00,Water Scarcity,20.25,78.95,0.0,1.64,0.0,14.63
2026-06-01 02:14:00,Water Scarcity,20.04,80.05,0.0,1.68,0.0,14.88
2026-06-01 02:15:00,Water Scarcity,20.09,78.99,0.0,2.07,0.0,14.65
2026-06-01 02:16:00,Water Scarcity,20.27,78.45,0.0,1.43,0.0,14.56
2026-06-01 02:17:00,Water Scarcity,20.33,79.31,0.0,1.5,0.0,14.61
2026-06-01 02:18:00,Water Scarcity,20.48,78.48,0.0,1.44,0.0,14.71
2026-06-01 02:19:00,Water Scarcity,20.6,76.7,0.0,1.6,0.0,14.8
2026-06-01 02:20:00,Water Scarcity,20.2,78.29,0.0,1.64,0.0,14.52
2026-06-01 02:21:00,Water Scarcity,19.97,80.57,0.0,1.55,0.0,14.52
2026-06-01 02:22:00,Water Scarcity,19.78,80.44,0.0,1.79,0.0,15.21
2026-06-01 02:23:00,Water Scarcity,20.12,78.8,0.0,1.43,0.0,14.46
2026-06-01 02:24:00,Water Scarcity,19.93,79.66,0.0,1.77,0.0,14.94
2026-06-01 02:25:00,Water Scarcity,19.97,79.66,0.0,1.67,0.0,14.86
2026-06-01 02:26:00,Water Scarcity,19.92,80.23,0.0,1.56,0.0,14.54
2026-06-01 02:27:00,Water Scarcity,19.97,78.83,0.0,1.49,0.0,14.36
2026-06-01 02:28:00,Water Scarcity,20.14,78.7,0.0,2.07,0.0,14.53
2026-06-01 02:29:00,Water Scarcity,19.98,79.8,0.0,1.39,0.0,14.36
2026-06-01 02:30:00,Water Scarcity,19.91,79.76,0.0,1.62,0.0,14.71
2026-06-01 02:31:00,Water Scarcity,19.76,80.58,0.0,1.41,0.0,14.21
2026-06-01 02:32:00,Water Scarcity,19.65,79.82,0.0,1.94,0.0,15.01
2026-06-01 02:33:00,Water Scarcity,19.81,80.33,0.0,1.75,0.0,15.09
2026-06-01 02:34:00,Water Scarcity,19.85,80.64,0.0,1.42,0.0,14.27
2026-06-01 02:35:00,Water Scarcity,20.11,79.57,0.0,1.67,0.0,14.86
2026-06-01 02:36:00,Water Scarcity,19.84,80.1,0.0,1.62,0.0,14.71
2026-06-01 02:37:00,Water Scarcity,19.95,79.65,0.0,1.46,0.0,14.34
2026-06-01 02:38:00,Water Scarcity,19.71,79.88,0.0,1.73,0.0,15.03
2026-06-01 02:39:00,Water Scarcity,19.59,80.67,0.0,1.65,0.0,14.8
2026-06-01 02:40:00,Water Scarcity,19.61,81.43,0.0,1.61,0.0,14.68
2026-06-01 02:41:00,Water Scarcity,19.62,80.55,0.0,1.56,0.0,14.54
2026-06-01 02:42:00,Water Scarcity,20.03,78.95,0.0,1.66,0.0,14.63
2026-06-01 02:43:00,Water Scarcity,19.57,80.46,0.0,1.62,0.0,14.71
2026-06-01 02:44:00,Water Scarcity,19.81,80.24,0.0,1.58,0.0,14.6
2026-06-01 02:45:00,Water Scarcity,19.53,80.67,0.0,1.44,0.0,14.21
2026-06-01 02:46:00,Water Scarcity,19.79,80.46,0.0,1.93,0.0,15.29
2026-06-01 02:47:00,Water Scarcity,19.69,80.76,0.0,1.35,0.0,14.17
2026-06-01 02:48:00,Water Scarcity,19.59,81.25,0.0,1.66,0.0,14.83
2026-06-01 02:49:00,Water Scarcity,19.59,81.57,0.0,1.51,0.0,14.4
2026-06-01 02:50:00,Water Scarcity,19.48,81.62,0.0,1.95,0.0,15.35
2026-06-01 02:51:00,Water Scarcity,19.63,80.05,0.0,1.39,0.0,14.13
2026-06-01 02:52:00,Water Scarcity,19.48,80.48,0.0,1.42,0.0,14.16
2026-06-01 02:53:00,Water Scarcity,19.35,81.35,0.0,1.38,0.0,14.05
2026-06-01 02:54:00,Water Scarcity,19.32,81.19,0.0,1.65,0.0,14.8
2026-06-01 02:55:00,Water Scarcity,19.53,80.21,0.0,1.29,0.0,14.06
2026-06-01 02:56:00,Water Scarcity,19.72,80.09,0.0,1.48,0.0,14.32
2026-06-01 02:57:00,Water Scarcity,19.49,80.7,0.0,1.13,0.0,14.03
2026-06-01 02:58:00,Water Scarcity,19.44,80.74,0.0,1.63,0.0,14.74
2026-06-01 02:59:00,Water Scarcity,19.48,80.83,0.0,1.48,0.0,14.32
2026-06-01 03:00:00,Water Scarcity,19.62,81.34,0.0,1.27,0.0,14.12
2026-06-01 03:01:00,Water Scarcity,19.44,81.25,0.0,1.82,0.0,15.3
2026-06-01 03:02:00,Water Scarcity,19.33,82.92,0.0,1.31,0.0,13.93
2026-06-01 03:03:00,Water Scarcity,19.55,80.94,0.0,1.76,0.0,15.12
2026-06-01 03:04:00,Water Scarcity,19.43,80.99,0.0,1.44,0.0,14.21
2026-06-01 03:05:00,Water Scarcity,19.58,80.74,0.0,1.93,0.0,15.42
2026-06-01 03:06:00,Water Scarcity,19.36,81.5,0.0,1.75,0.0,15.09
2026-06-01 03:07:00,Water Scarcity,19.14,82.23,0.0,1.38,0.0,14.05
2026-06-01 03:08:00,Water Scarcity,19.1,83.31,0.0,1.4,0.0,14.11
2026-06-01 03:09:00,Water Scarcity,19.54,80.34,0.0,1.72,0.0,15.0
2026-06-01 03:10:00,Water Scarcity,19.54,81.37,0.0,1.54,0.0,14.49
2026-06-01 03:11:00,Water Scarcity,19.24,81.81,0.0,1.56,0.0,14.54
2026-06-01 03:12:00,Water Scarcity,19.2,80.86,0.0,1.87,0.0,15.45
2026-06-01 03:13:00,Water Scarcity,19.46,81.53,0.0,1.44,0.0,14.21
2026-06-01 03:14:00,Water Scarcity,19.06,82.94,0.0,1.62,0.0,14.71
2026-06-01 03:15:00,Water Scarcity,19.08,81.61,0.0,1.8,0.0,15.24
2026-06-01 03:16:00,Water Scarcity,19.3,81.51,0.0,1.78,0.0,15.18
2026-06-01 03:17:00,Water Scarcity,19.13,80.95,0.0,1.57,0.0,14.57
2026-06-01 03:18:00,Water Scarcity,19.18,81.1,0.0,1.55,0.0,14.52
2026-06-01 03:19:00,Water Scarcity,19.15,82.58,0.0,1.24,0.0,13.81
2026-06-01 03:20:00,Water Scarcity,19.21,81.5,0.0,1.39,0.0,14.08
2026-06-01 03:21:00,Water Scarcity,19.36,80.7,0.0,1.68,0.0,14.88
2026-06-01 03:22:00,Water Scarcity,19.15,82.08,0.0,1.58,0.0,14.6
2026-06-01 03:23:00,Water Scarcity,19.22,81.43,0.0,1.63,0.0,14.74
2026-06-01 03:24:00,Water Scarcity,18.8,82.62,0.0,1.84,0.0,15.05
2026-06-01 03:25:00,Water Scarcity,19.09,82.54,0.0,1.37,0.0,14.03
2026-06-01 03:26:00,Water Scarcity,18.96,81.76,0.0,1.57,0.0,14.57
2026-06-01 03:27:00,Water Scarcity,18.9,82.1,0.0,1.66,0.0,14.83
2026-06-01 03:28:00,Water Scarcity,18.94,82.62,0.0,1.47,0.0,14.29
2026-06-01 03:29:00,Water Scarcity,19.01,82.91,0.0,1.92,0.0,14.97
2026-06-01 03:30:00,Water Scarcity,19.19,82.58,0.0,1.82,0.0,15.06
2026-06-01 03:31:00,Water Scarcity,18.84,82.4,0.0,1.69,0.0,14.91
2026-06-01 03:32:00,Water Scarcity,19.03,82.83,0.0,2.01,0.0,14.99
2026-06-01 03:33:00,Water Scarcity,18.95,82.03,0.0,1.32,0.0,13.9
2026-06-01 03:34:00,Water Scarcity,18.96,83.56,0.0,1.63,0.0,14.74
2026-06-01 03:35:00,Water Scarcity,19.15,81.26,0.0,1.71,0.0,14.97
2026-06-01 03:36:00,Water Scarcity,19.07,82.95,0.0,1.44,0.0,14.21
2026-06-01 03:37:00,Water Scarcity,19.18,81.45,0.0,1.7,0.0,14.94
2026-06-01 03:38:00,Water Scarcity,18.95,83.7,0.0,1.41,0.0,14.13
2026-06-01 03:39:00,Water Scarcity,18.86,83.1,0.0,1.79,0.0,14.91
2026-06-01 03:40:00,Water Scarcity,18.92,81.96,0.0,1.86,0.0,15.25
2026-06-01 03:41:00,Water Scarcity,18.98,82.09,0.0,1.7,0.0,14.94
2026-06-01 03:42:00,Water Scarcity,18.97,82.92,0.0,1.26,0.0,13.74
2026-06-01 03:43:00,Water Scarcity,18.77,83.63,0.0,1.44,0.0,14.21
2026-06-01 03:44:00,Water Scarcity,18.94,82.49,0.0,1.77,0.0,15.09
2026-06-01 03:45:00,Water Scarcity,18.95,82.52,0.0,1.66,0.0,14.83
2026-06-01 03:46:00,Water Scarcity,19.29,82.02,0.0,1.09,0.0,13.9
2026-06-01 03:47:00,Water Scarcity,19.18,81.93,0.0,1.92,0.0,15.26
2026-06-01 03:48:00,Water Scarcity,18.77,82.23,0.0,1.69,0.0,14.91
2026-06-01 03:49:00,Water Scarcity,18.84,82.3,0.0,1.49,0.0,14.35
2026-06-01 03:50:00,Water Scarcity,18.66,83.44,0.0,1.87,0.0,14.82
2026-06-01 03:51:00,Water Scarcity,18.79,83.68,0.0,1.52,0.0,14.43
2026-06-01 03:52:00,Water Scarcity,18.91,83.56,0.0,1.52,0.0,14.43
2026-06-01 03:53:00,Water Scarcity,19.04,82.71,0.0,1.74,0.0,15.03
2026-06-01 03:54:00,Water Scarcity,18.75,83.24,0.0,2.04,0.0,14.87
2026-06-01 03:55:00,Water Scarcity,18.75,83.5,0.0,2.01,0.0,14.8
2026-06-01 03:56:00,Water Scarcity,18.52,83.29,0.0,1.75,0.0,14.86
2026-06-01 03:57:00,Water Scarcity,18.81,82.78,0.0,1.77,0.0,15.01
2026-06-01 03:58:00,Water Scarcity,18.67,82.77,0.0,1.84,0.0,15.01
2026-06-01 03:59:00,Water Scarcity,18.75,82.31,0.0,1.41,0.0,14.13
2026-06-01 04:00:00,Water Scarcity,18.69,83.42,0.0,1.82,0.0,14.82
2026-06-01 04:01:00,Water Scarcity,18.8,83.02,0.0,1.53,0.0,14.46
2026-06-01 04:02:00,Water Scarcity,18.55,84.03,0.0,1.75,0.0,14.65
2026-06-01 04:03:00,Water Scarcity,18.59,83.83,0.0,1.64,0.0,14.7
2026-06-01 04:04:00,Water Scarcity,19.12,82.16,0.0,1.79,0.0,15.19
2026-06-01 04:05:00,Water Scarcity,18.6,83.79,0.0,1.72,0.0,14.72
2026-06-01 04:06:00,Water Scarcity,18.63,83.36,0.0,1.05,0.0,13.49
2026-06-01 04:07:00,Water Scarcity,19.07,82.42,0.0,1.73,0.0,15.03
2026-06-01 04:08:00,Water Scarcity,19.22,81.3,0.0,1.83,0.0,15.32
2026-06-01 04:09:00,Water Scarcity,18.61,83.67,0.0,1.79,0.0,14.75
2026-06-01 04:10:00,Water Scarcity,18.72,83.53,0.0,1.68,0.0,14.79
2026-06-01 04:11:00,Water Scarcity,18.83,82.44,0.0,2.05,0.0,15.11
2026-06-01 04:12:00,Water Scarcity,19.03,82.3,0.0,1.77,0.0,15.15
2026-06-01 04:13:00,Water Scarcity,18.62,83.03,0.0,1.8,0.0,14.93
2026-06-01 04:14:00,Water Scarcity,18.73,82.79,0.0,1.93,0.0,15.0
2026-06-01 04:15:00,Water Scarcity,18.88,82.01,0.0,1.79,0.0,15.21
2026-06-01 04:16:00,Water Scarcity,18.83,83.6,0.0,1.53,0.0,14.46
2026-06-01 04:17:00,Water Scarcity,18.7,83.82,0.0,1.21,0.0,13.62
2026-06-01 04:18:00,Water Scarcity,18.74,83.41,0.0,1.62,0.0,14.71
2026-06-01 04:19:00,Water Scarcity,18.55,84.79,0.0,1.88,0.0,14.43
2026-06-01 04:20:00,Water Scarcity,18.72,83.03,0.0,1.65,0.0,14.8
2026-06-01 04:21:00,Water Scarcity,18.71,84.98,0.0,1.9,0.0,14.38
2026-06-01 04:22:00,Water Scarcity,18.79,82.82,0.0,1.76,0.0,14.99
2026-06-01 04:23:00,Water Scarcity,18.67,83.44,0.0,2.0,0.0,14.82
2026-06-01 04:24:00,Water Scarcity,18.82,82.62,0.0,1.67,0.0,14.86
2026-06-01 04:25:00,Water Scarcity,18.9,82.86,0.0,1.84,0.0,14.98
2026-06-01 04:26:00,Water Scarcity,18.77,83.5,0.0,1.85,0.0,14.8
2026-06-01 04:27:00,Water Scarcity,18.8,82.85,0.0,2.06,0.0,14.99
2026-06-01 04:28:00,Water Scarcity,18.75,84.11,0.0,1.39,0.0,14.08
2026-06-01 04:29:00,Water Scarcity,18.75,83.21,0.0,1.65,0.0,14.8
2026-06-01 04:30:00,Water Scarcity,18.64,83.53,0.0,1.93,0.0,14.79
2026-06-01 04:31:00,Water Scarcity,18.79,82.39,0.0,2.08,0.0,15.12
2026-06-01 04:32:00,Water Scarcity,18.73,83.36,0.0,1.8,0.0,14.84
2026-06-01 04:33:00,Water Scarcity,19.06,82.11,0.0,1.7,0.0,14.94
2026-06-01 04:34:00,Water Scarcity,18.98,82.04,0.0,1.92,0.0,15.22
2026-06-01 04:35:00,Water Scarcity,18.81,82.43,0.0,1.94,0.0,15.11
2026-06-01 04:36:00,Water Scarcity,18.63,84.98,0.0,1.69,0.0,14.38
2026-06-01 04:37:00,Water Scarcity,18.58,83.36,0.0,1.84,0.0,14.84
2026-06-01 04:38:00,Water Scarcity,18.93,81.68,0.0,2.02,0.0,15.33
2026-06-01 04:39:00,Water Scarcity,18.79,82.52,0.0,2.17,0.0,15.08
2026-06-01 04:40:00,Water Scarcity,18.83,82.81,0.0,1.93,0.0,15.0
2026-06-01 04:41:00,Water Scarcity,18.49,84.09,0.0,1.79,0.0,14.63
2026-06-01 04:42:00,Water Scarcity,18.9,82.98,0.0,1.77,0.0,14.95
2026-06-01 04:43:00,Water Scarcity,18.83,83.24,0.0,1.9,0.0,14.87
2026-06-01 04:44:00,Water Scarcity,18.6,83.09,0.0,1.76,0.0,14.92
2026-06-01 04:45:00,Water Scarcity,18.69,83.41,0.0,1.83,0.0,14.82
2026-06-01 04:46:00,Water Scarcity,18.81,82.37,0.0,1.57,0.0,14.57
2026-06-01 04:47:00,Water Scarcity,18.78,82.6,0.0,2.07,0.0,15.06
2026-06-01 04:48:00,Water Scarcity,18.73,82.56,0.0,1.56,0.0,14.54
2026-06-01 04:49:00,Water Scarcity,18.76,82.31,0.0,1.71,0.0,14.97
2026-06-01 04:50:00,Water Scarcity,18.74,83.71,0.0,1.82,0.0,14.74
2026-06-01 04:51:00,Water Scarcity,18.81,83.31,0.0,2.22,0.0,14.85
2026-06-01 04:52:00,Water Scarcity,19.01,82.92,0.0,1.72,0.0,14.97
2026-06-01 04:53:00,Water Scarcity,18.4,84.03,0.0,1.67,0.0,14.65
2026-06-01 04:54:00,Water Scarcity,18.76,83.49,0.0,1.7,0.0,14.8
2026-06-01 04:55:00,Water Scarcity,18.82,81.79,0.0,2.16,0.0,15.3
2026-06-01 04:56:00,Water Scarcity,18.85,83.3,0.0,1.23,0.0,13.67
2026-06-01 04:57:00,Water Scarcity,18.75,83.15,0.0,1.61,0.0,14.68
2026-06-01 04:58:00,Water Scarcity,18.55,83.99,0.0,2.4,0.0,14.66
2026-06-01 04:59:00,Water Scarcity,18.87,82.96,0.0,1.95,0.0,14.95
2026-06-01 05:00:00,Water Scarcity,19.08,81.54,0.0,1.6,0.0,14.66
2026-06-01 05:01:00,Water Scarcity,18.6,82.58,0.0,1.82,0.0,15.06
2026-06-01 05:02:00,Water Scarcity,18.96,82.04,0.0,1.85,0.0,15.22
2026-06-01 05:03:00,Water Scarcity,18.79,83.28,0.0,2.02,0.0,14.86
2026-06-01 05:04:00,Water Scarcity,18.83,83.23,0.0,2.23,0.0,14.88
2026-06-01 05:05:00,Water Scarcity,18.69,82.39,0.0,1.93,0.0,15.12
2026-06-01 05:06:00,Water Scarcity,18.8,82.31,0.0,1.74,0.0,15.06
2026-06-01 05:07:00,Water Scarcity,19.06,81.77,0.0,2.02,0.0,15.3
2026-06-01 05:08:00,Water Scarcity,18.95,82.27,0.0,1.71,0.0,14.97
2026-06-01 05:09:00,Water Scarcity,19.13,81.17,0.0,1.64,0.0,14.77
2026-06-01 05:10:00,Water Scarcity,19.06,81.34,0.0,1.49,0.0,14.35
2026-06-01 05:11:00,Water Scarcity,18.95,81.99,0.0,1.53,0.0,14.46
2026-06-01 05:12:00,Water Scarcity,19.16,81.97,0.0,1.68,0.0,14.88
2026-06-01 05:13:00,Water Scarcity,18.97,81.74,0.0,1.62,0.0,14.71
2026-06-01 05:14:00,Water Scarcity,19.03,82.19,0.0,1.94,0.0,15.18
2026-06-01 05:15:00,Water Scarcity,18.87,83.35,0.0,1.62,0.0,14.71
2026-06-01 05:16:00,Water Scarcity,18.93,81.76,0.0,1.22,0.0,13.67
2026-06-01 05:17:00,Water Scarcity,18.83,82.71,0.0,1.66,0.0,14.83
2026-06-01 05:18:00,Water Scarcity,19.09,82.73,0.0,1.79,0.0,15.02
2026-06-01 05:19:00,Water Scarcity,18.77,82.74,0.0,1.76,0.0,15.02
2026-06-01 05:20:00,Water Scarcity,19.07,81.81,0.0,2.21,0.0,15.29
2026-06-01 05:21:00,Water Scarcity,18.94,83.23,0.0,1.77,0.0,14.88
2026-06-01 05:22:00,Water Scarcity,19.15,81.76,0.0,2.08,0.0,15.31
2026-06-01 05:23:00,Water Scarcity,19.1,82.75,0.0,1.9,0.0,15.02
2026-06-01 05:24:00,Water Scarcity,19.26,81.88,0.0,1.9,0.0,15.27
2026-06-01 05:25:00,Water Scarcity,19.11,81.84,0.0,1.73,0.0,15.03
2026-06-01 05:26:00,Water Scarcity,18.77,83.27,0.0,1.9,0.0,14.86
2026-06-01 05:27:00,Water Scarcity,19.01,82.52,0.0,1.75,0.0,15.08
2026-06-01 05:28:00,Water Scarcity,18.85,83.38,0.0,1.95,0.0,14.83
2026-06-01 05:29:00,Water Scarcity,18.96,82.14,0.0,1.87,0.0,15.19
2026-06-01 05:30:00,Water Scarcity,19.28,81.62,0.0,1.73,0.0,15.03
2026-06-01 05:31:00,Water Scarcity,19.15,81.89,3.43,2.14,0.0,15.27
2026-06-01 05:32:00,Water Scarcity,18.96,82.88,6.58,2.02,0.0,14.98
2026-06-01 05:33:00,Water Scarcity,18.93,81.94,10.79,1.84,0.0,15.25
2026-06-01 05:34:00,Water Scarcity,19.1,82.7,14.15,1.97,0.0,15.03
2026-06-01 05:35:00,Water Scarcity,18.92,82.86,17.27,1.92,0.0,14.98
2026-06-01 05:36:00,Water Scarcity,19.01,81.53,19.71,1.76,0.0,15.12
2026-06-01 05:37:00,Water Scarcity,19.17,82.61,24.11,1.96,0.0,15.06
2026-06-01 05:38:00,Water Scarcity,19.31,82.84,26.46,1.82,0.0,14.99
2026-06-01 05:39:00,Water Scarcity,19.24,82.3,32.15,1.76,0.0,15.12
2026-06-01 05:40:00,Water Scarcity,18.81,83.73,35.05,1.62,0.0,14.71
2026-06-01 05:41:00,Water Scarcity,19.22,81.81,37.75,1.89,0.0,15.29
2026-06-01 05:42:00,Water Scarcity,19.19,80.83,38.06,2.08,0.0,15.46
2026-06-01 05:43:00,Water Scarcity,19.26,80.54,43.17,1.82,0.0,15.3
2026-06-01 05:44:00,Water Scarcity,19.45,81.26,48.89,2.5,0.0,15.09
2026-06-01 05:45:00,Water Scarcity,18.91,82.25,53.18,2.16,0.0,15.16
2026-06-01 05:46:00,Water Scarcity,19.14,81.41,56.55,2.25,0.0,15.41
2026-06-01 05:47:00,Water Scarcity,19.33,81.4,55.37,2.15,0.0,15.41
2026-06-01 05:48:00,Water Scarcity,19.02,82.67,62.12,2.37,0.0,15.04
2026-06-01 05:49:00,Water Scarcity,19.49,80.12,66.96,1.82,0.0,15.14
2026-06-01 05:50:00,Water Scarcity,19.34,81.15,64.99,1.45,0.0,14.24
2026-06-01 05:51:00,Water Scarcity,19.42,82.09,71.79,1.9,0.0,15.21
2026-06-01 05:52:00,Water Scarcity,19.22,81.09,75.84,2.12,0.0,15.51
2026-06-01 05:53:00,Water Scarcity,19.45,81.64,77.92,2.03,0.0,15.34
2026-06-01 05:54:00,Water Scarcity,19.5,80.68,77.48,2.06,0.0,15.39
2026-06-01 05:55:00,Water Scarcity,19.39,81.61,84.61,2.29,0.0,15.35
2026-06-01 05:56:00,Water Scarcity,19.4,81.9,87.98,2.09,0.0,15.27
2026-06-01 05:57:00,Water Scarcity,19.42,81.63,91.85,2.18,0.0,15.35
2026-06-01 05:58:00,Water Scarcity,19.26,82.17,94.05,1.82,0.0,15.19
2026-06-01 05:59:00,Water Scarcity,19.39,80.59,97.75,1.79,0.0,15.21
2026-06-01 06:00:00,Water Scarcity,19.4,81.91,102.35,2.37,0.0,15.26
2026-06-01 06:01:00,Water Scarcity,19.5,80.47,107.28,2.05,0.0,15.3
2026-06-01 06:02:00,Water Scarcity,19.6,80.84,108.27,1.9,0.0,15.46
2026-06-01 06:03:00,Water Scarcity,19.31,81.65,111.28,1.91,0.0,15.34
2026-06-01 06:04:00,Water Scarcity,19.47,81.36,116.38,1.9,0.0,15.43
2026-06-01 06:05:00,Water Scarcity,19.72,80.55,112.57,1.9,0.0,15.33
2026-06-01 06:06:00,Water Scarcity,19.4,80.73,124.61,1.78,0.0,15.18
2026-06-01 06:07:00,Water Scarcity,19.41,80.41,126.24,1.74,0.0,15.06
2026-06-01 06:08:00,Water Scarcity,19.58,81.28,129.78,2.01,0.0,15.45
2026-06-01 06:09:00,Water Scarcity,19.69,80.55,136.85,1.93,0.0,15.33
2026-06-01 06:10:00,Water Scarcity,19.58,81.43,128.41,2.3,0.0,15.41
2026-06-01 06:11:00,Water Scarcity,19.8,80.12,131.51,2.13,0.0,15.14
2026-06-01 06:12:00,Water Scarcity,19.74,79.45,144.34,2.13,0.0,14.85
2026-06-01 06:13:00,Water Scarcity,19.76,80.84,146.52,1.92,0.0,15.46
2026-06-01 06:14:00,Water Scarcity,19.73,80.11,150.69,2.05,0.0,15.14
2026-06-01 06:15:00,Water Scarcity,20.01,79.75,151.18,2.16,0.0,14.98
2026-06-01 06:16:00,Water Scarcity,19.65,80.16,159.8,2.24,0.0,15.16
2026-06-01 06:17:00,Water Scarcity,19.4,82.24,164.52,2.07,0.0,15.16
2026-06-01 06:18:00,Water Scarcity,19.96,79.17,165.79,2.32,0.0,14.73
2026-06-01 06:19:00,Water Scarcity,19.66,80.31,165.48,2.1,0.0,15.23
2026-06-01 06:20:00,Water Scarcity,19.77,80.29,159.39,2.27,0.0,15.22
2026-06-01 06:21:00,Water Scarcity,19.97,79.02,177.51,2.0,0.0,14.66
2026-06-01 06:22:00,Water Scarcity,19.55,81.04,183.35,1.73,0.0,15.03
2026-06-01 06:23:00,Water Scarcity,19.62,81.61,183.71,2.17,0.0,15.35
2026-06-01 06:24:00,Water Scarcity,19.58,80.44,178.73,2.27,0.0,15.28
2026-06-01 06:25:00,Water Scarcity,19.72,80.58,190.71,2.24,0.0,15.35
2026-06-01 06:26:00,Water Scarcity,19.93,78.13,195.19,2.21,0.0,14.33
2026-06-01 06:27:00,Water Scarcity,19.96,79.67,202.68,2.05,0.0,14.94
2026-06-01 06:28:00,Water Scarcity,19.94,79.56,191.79,1.96,0.0,14.9
2026-06-01 06:29:00,Water Scarcity,19.71,79.9,198.95,2.25,0.0,15.04
2026-06-01 06:30:00,Water Scarcity,19.59,81.36,208.22,2.23,0.0,15.43
2026-06-01 06:31:00,Water Scarcity,19.96,79.48,207.34,2.02,0.0,14.86
2026-06-01 06:32:00,Water Scarcity,19.91,79.74,203.27,2.38,0.0,14.97
2026-06-01 06:33:00,Water Scarcity,20.06,79.17,216.31,1.96,0.0,14.73
2026-06-01 06:34:00,Water Scarcity,20.12,78.09,220.74,2.03,0.0,14.46
2026-06-01 06:35:00,Water Scarcity,20.06,78.74,220.88,2.5,0.0,14.55
2026-06-01 06:36:00,Water Scarcity,20.17,79.68,225.09,2.34,0.0,14.95
2026-06-01 06:37:00,Water Scarcity,20.11,78.01,225.18,2.09,0.0,14.45
2026-06-01 06:38:00,Water Scarcity,20.18,78.63,240.46,2.23,0.0,14.5
2026-06-01 06:39:00,Water Scarcity,20.01,79.31,227.25,2.2,0.0,14.79
2026-06-01 06:40:00,Water Scarcity,20.11,80.32,232.7,1.6,0.0,14.71
2026-06-01 06:41:00,Water Scarcity,20.19,79.52,240.25,1.99,0.0,14.88
2026-06-01 06:42:00,Water Scarcity,20.3,78.4,249.9,2.17,0.0,14.59
2026-06-01 06:43:00,Water Scarcity,20.14,79.97,235.69,2.11,0.0,15.08
2026-06-01 06:44:00,Water Scarcity,20.3,78.3,240.24,2.24,0.0,14.59
2026-06-01 06:45:00,Water Scarcity,20.2,79.62,237.87,2.43,0.0,14.92
2026-06-01 06:46:00,Water Scarcity,20.25,78.08,256.9,2.13,0.0,14.55
2026-06-01 06:47:00,Water Scarcity,20.41,79.08,251.21,1.98,0.0,14.69
2026-06-01 06:48:00,Water Scarcity,20.01,79.31,260.17,2.28,0.0,14.79
2026-06-01 06:49:00,Water Scarcity,20.14,78.58,271.77,2.14,0.0,14.48
2026-06-01 06:50:00,Water Scarcity,20.13,79.09,264.57,2.18,0.0,14.69
2026-06-01 06:51:00,Water Scarcity,20.02,79.68,274.92,2.16,0.0,14.95
2026-06-01 06:52:00,Water Scarcity,20.3,78.46,273.81,2.69,0.0,14.59
2026-06-01 06:53:00,Water Scarcity,20.53,78.43,285.19,1.76,0.0,14.75
2026-06-01 06:54:00,Water Scarcity,20.4,78.12,286.84,2.15,0.0,14.66
2026-06-01 06:55:00,Water Scarcity,20.49,78.58,280.13,2.23,0.0,14.72
2026-06-01 06:56:00,Water Scarcity,20.65,78.04,287.85,2.07,0.0,14.83
2026-06-01 06:57:00,Water Scarcity,20.71,77.57,301.72,2.43,0.0,14.88
2026-06-01 06:58:00,Water Scarcity,20.52,77.86,299.29,2.42,0.0,14.74
2026-06-01 06:59:00,Water Scarcity,20.76,77.56,286.51,2.24,0.0,14.91
2026-06-01 07:00:00,Water Scarcity,20.59,78.26,308.22,2.2,0.0,14.79
2026-06-01 07:01:00,Water Scarcity,20.48,79.49,295.56,2.23,0.0,14.87
2026-06-01 07:02:00,Water Scarcity,20.54,78.65,321.81,2.24,0.0,14.76
2026-06-01 07:03:00,Water Scarcity,20.43,78.97,321.53,2.25,0.0,14.68
2026-06-01 07:04:00,Water Scarcity,20.54,79.93,317.9,2.23,0.0,15.06
2026-06-01 07:05:00,Water Scarcity,20.65,78.1,319.87,2.33,0.0,14.83
2026-06-01 07:06:00,Water Scarcity,20.84,77.53,319.56,2.44,0.0,14.97
2026-06-01 07:07:00,Water Scarcity,21.01,77.21,331.39,2.02,0.0,15.1
2026-06-01 07:08:00,Water Scarcity,20.56,77.41,324.33,2.07,0.0,14.77
2026-06-01 07:09:00,Water Scarcity,20.86,76.94,333.51,1.92,0.0,14.99
2026-06-01 07:10:00,Water Scarcity,20.66,77.43,343.11,2.48,0.0,14.84
2026-06-01 07:11:00,Water Scarcity,20.92,77.42,331.85,2.35,0.0,15.03
2026-06-01 07:12:00,Water Scarcity,20.85,77.11,334.42,2.41,0.0,14.98
2026-06-01 07:13:00,Water Scarcity,20.62,77.94,331.58,2.01,0.0,14.81
2026-06-01 07:14:00,Water Scarcity,21.06,77.29,335.98,2.69,0.0,15.13
2026-06-01 07:15:00,Water Scarcity,20.86,77.72,331.02,2.19,0.0,14.99
2026-06-01 07:16:00,Water Scarcity,20.89,77.01,361.13,2.35,0.0,15.01
2026-06-01 07:17:00,Water Scarcity,20.84,76.85,375.9,2.5,0.0,14.97
2026-06-01 07:18:00,Water Scarcity,20.92,77.69,375.08,2.12,0.0,15.03
2026-06-01 07:19:00,Water Scarcity,21.11,76.95,345.14,2.22,0.0,15.17
2026-06-01 07:20:00,Water Scarcity,21.05,75.71,373.94,2.37,0.0,15.13
2026-06-01 07:21:00,Water Scarcity,21.15,76.2,384.86,2.94,0.0,15.2
2026-06-01 07:22:00,Water Scarcity,21.18,76.4,367.14,2.41,0.0,15.22
2026-06-01 07:23:00,Water Scarcity,21.35,76.29,376.51,2.68,0.0,15.35
2026-06-01 07:24:00,Water Scarcity,21.13,76.99,355.69,2.6,0.0,15.18
2026-06-01 07:25:00,Water Scarcity,20.98,77.02,384.66,2.43,0.0,15.07
2026-06-01 07:26:00,Water Scarcity,21.39,76.06,372.44,2.15,0.0,15.38
2026-06-01 07:27:00,Water Scarcity,21.21,76.26,390.14,2.59,0.0,15.24
2026-06-01 07:28:00,Water Scarcity,21.45,75.14,372.6,2.05,0.0,15.42
2026-06-01 07:29:00,Water Scarcity,21.37,75.62,400.42,2.71,0.0,15.36
2026-06-01 07:30:00,Water Scarcity,21.32,75.92,409.3,2.42,0.0,15.32
2026-06-01 07:31:00,Water Scarcity,21.42,75.62,390.77,1.82,0.0,15.4
2026-06-01 07:32:00,Water Scarcity,21.69,73.76,389.49,2.31,0.0,15.6
2026-06-01 07:33:00,Water Scarcity,21.73,74.53,380.04,2.53,0.0,15.63
2026-06-01 07:34:00,Water Scarcity,21.46,75.56,406.11,2.34,0.0,15.43
2026-06-01 07:35:00,Water Scarcity,21.5,75.24,405.24,2.55,0.0,15.46
2026-06-01 07:36:00,Water Scarcity,21.67,74.81,396.16,2.22,0.0,15.59
2026-06-01 07:37:00,Water Scarcity,21.4,75.97,424.23,2.13,0.0,15.38
2026-06-01 07:38:00,Water Scarcity,21.61,74.46,415.89,2.39,0.0,15.54
2026-06-01 07:39:00,Water Scarcity,21.58,74.2,410.91,2.42,0.0,15.52
2026-06-01 07:40:00,Water Scarcity,21.66,74.75,420.53,2.34,0.0,15.58
2026-06-01 07:41:00,Water Scarcity,21.52,75.82,444.51,2.68,0.0,15.48
2026-06-01 07:42:00,Water Scarcity,21.43,76.61,441.53,2.25,0.0,15.41
2026-06-01 07:43:00,Water Scarcity,21.39,76.19,434.99,2.49,0.0,15.38
2026-06-01 07:44:00,Water Scarcity,21.56,74.36,447.87,2.45,0.0,15.51
2026-06-01 07:45:00,Water Scarcity,21.69,74.75,427.28,2.11,0.0,15.6
2026-06-01 07:46:00,Water Scarcity,21.74,74.89,446.12,2.16,0.0,15.64
2026-06-01 07:47:00,Water Scarcity,22.11,73.84,450.66,2.45,0.0,15.93
2026-06-01 07:48:00,Water Scarcity,22.01,74.32,445.29,2.87,0.0,15.85
2026-06-01 07:49:00,Water Scarcity,21.73,74.23,460.57,2.58,0.0,15.63
2026-06-01 07:50:00,Water Scarcity,21.95,74.19,446.89,2.1,0.0,15.8
2026-06-01 07:51:00,Water Scarcity,21.87,74.63,467.61,1.81,0.0,15.74
2026-06-01 07:52:00,Water Scarcity,21.92,74.75,471.19,2.62,0.0,15.78
2026-06-01 07:53:00,Water Scarcity,22.02,73.49,425.64,2.45,0.0,15.86
2026-06-01 07:54:00,Water Scarcity,22.11,73.5,486.17,2.71,0.0,15.93
2026-06-01 07:55:00,Water Scarcity,22.0,72.4,429.15,2.29,0.0,15.84
2026-06-01 07:56:00,Water Scarcity,22.24,72.99,466.49,2.56,0.0,16.03
2026-06-01 07:57:00,Water Scarcity,21.94,73.88,492.9,2.66,0.0,15.8
2026-06-01 07:58:00,Water Scarcity,22.14,73.02,476.53,2.4,0.0,15.95
2026-06-01 07:59:00,Water Scarcity,22.56,72.57,462.72,2.41,0.0,15.9
2026-06-01 08:00:00,Water Scarcity,22.23,73.34,470.94,2.5,0.0,16.02
2026-06-01 08:01:00,Water Scarcity,22.44,71.43,504.9,2.62,0.0,15.97
2026-06-01 08:02:00,Water Scarcity,22.27,73.39,464.3,2.5,0.0,16.05
2026-06-01 08:03:00,Water Scarcity,22.38,72.42,512.36,2.72,0.0,16.01
2026-06-01 08:04:00,Water Scarcity,22.31,73.45,497.63,2.42,0.0,16.05
2026-06-01 08:05:00,Water Scarcity,22.33,72.35,483.39,2.24,0.0,16.04
2026-06-01 08:06:00,Water Scarcity,22.27,73.31,495.36,2.94,0.0,16.05
2026-06-01 08:07:00,Water Scarcity,22.48,72.53,491.56,2.4,0.0,15.95
2026-06-01 08:08:00,Water Scarcity,22.32,73.33,523.13,2.41,0.0,16.04
2026-06-01 08:09:00,Water Scarcity,22.57,72.5,523.98,2.52,0.0,15.9
2026-06-01 08:10:00,Water Scarcity,22.67,72.01,488.96,2.55,0.0,15.84
2026-06-01 08:11:00,Water Scarcity,22.59,71.46,512.1,2.46,0.0,15.89
2026-06-01 08:12:00,Water Scarcity,22.52,71.68,507.7,2.54,0.0,15.93
2026-06-01 08:13:00,Water Scarcity,22.67,71.82,544.34,2.54,0.0,15.84
2026-06-01 08:14:00,Water Scarcity,22.58,72.4,505.47,2.59,0.0,15.89
2026-06-01 08:15:00,Water Scarcity,22.8,71.43,555.09,2.07,0.0,15.76
2026-06-01 08:16:00,Water Scarcity,22.42,73.24,531.86,2.96,0.0,15.98
2026-06-01 08:17:00,Water Scarcity,22.67,71.98,516.51,2.54,0.0,15.84
2026-06-01 08:18:00,Water Scarcity,22.46,72.17,527.01,2.7,0.0,15.96
2026-06-01 08:19:00,Water Scarcity,22.56,72.29,527.7,2.29,0.0,15.9
2026-06-01 08:20:00,Water Scarcity,23.02,71.31,522.68,2.48,0.0,15.64
2026-06-01 08:21:00,Water Scarcity,22.99,71.48,547.77,2.44,0.0,15.66
2026-06-01 08:22:00,Water Scarcity,22.78,72.99,528.73,2.9,0.0,15.78
2026-06-01 08:23:00,Water Scarcity,22.69,71.7,515.61,2.47,0.0,15.83
2026-06-01 08:24:00,Water Scarcity,22.5,72.58,548.1,2.76,0.0,15.94
2026-06-01 08:25:00,Water Scarcity,22.9,71.78,527.01,2.47,0.0,15.71
2026-06-01 08:26:00,Water Scarcity,23.38,70.19,547.22,2.51,0.0,15.43
2026-06-01 08:27:00,Water Scarcity,23.11,70.64,547.21,2.56,0.0,15.59
2026-06-01 08:28:00,Water Scarcity,22.99,70.33,550.48,2.88,0.0,15.66
2026-06-01 08:29:00,Water Scarcity,23.18,70.44,602.03,2.22,0.0,15.55
2026-06-01 08:30:00,Water Scarcity,22.91,70.86,571.58,2.35,0.0,15.7
2026-06-01 08:31:00,Water Scarcity,23.13,69.85,577.51,2.22,0.0,16.4
2026-06-01 08:32:00,Water Scarcity,23.22,70.15,545.26,2.4,0.0,15.52
2026-06-01 08:33:00,Water Scarcity,23.23,69.99,567.26,2.46,0.0,15.57
2026-06-01 08:34:00,Water Scarcity,23.39,70.51,585.01,2.3,0.0,15.43
2026-06-01 08:35:00,Water Scarcity,23.36,70.61,565.95,2.49,0.0,15.45
2026-06-01 08:36:00,Water Scarcity,23.44,69.48,602.51,2.22,0.0,17.89
2026-06-01 08:37:00,Water Scarcity,23.27,70.34,567.9,2.44,0.0,15.5
2026-06-01 08:38:00,Water Scarcity,23.54,68.63,586.68,2.91,0.0,21.01
2026-06-01 08:39:00,Water Scarcity,23.68,69.05,583.92,2.74,0.0,19.33
2026-06-01 08:40:00,Water Scarcity,23.33,70.58,599.92,2.7,0.0,15.46
2026-06-01 08:41:00,Water Scarcity,23.37,70.71,588.04,2.46,0.0,15.44
2026-06-01 08:42:00,Water Scarcity,23.74,68.77,597.25,2.35,0.0,20.24
2026-06-01 08:43:00,Water Scarcity,23.54,70.37,600.44,2.44,0.0,15.34
2026-06-01 08:44:00,Water Scarcity,23.82,68.07,593.9,2.67,0.0,22.24
2026-06-01 08:45:00,Water Scarcity,23.57,68.91,618.72,2.87,0.0,19.99
2026-06-01 08:46:00,Water Scarcity,23.89,69.2,616.77,2.88,0.0,18.52
2026-06-01 08:47:00,Water Scarcity,23.73,70.23,613.29,2.82,0.0,15.24
2026-06-01 08:48:00,Water Scarcity,23.78,69.38,609.48,2.54,0.0,17.94
2026-06-01 08:49:00,Water Scarcity,24.01,68.42,634.8,2.7,0.0,20.95
2026-06-01 08:50:00,Water Scarcity,23.75,67.84,618.09,2.64,0.0,22.98
2026-06-01 08:51:00,Water Scarcity,23.7,68.09,619.25,2.67,0.0,22.39
2026-06-01 08:52:00,Water Scarcity,23.81,69.08,629.47,3.14,0.0,19.06
2026-06-01 08:53:00,Water Scarcity,23.98,68.32,662.05,2.35,0.0,21.29
2026-06-01 08:54:00,Water Scarcity,23.71,68.62,607.03,2.67,0.0,20.78
2026-06-01 08:55:00,Water Scarcity,24.07,68.31,649.59,2.98,0.0,21.18
2026-06-01 08:56:00,Water Scarcity,23.93,68.73,601.19,2.42,0.0,20.1
2026-06-01 08:57:00,Water Scarcity,24.22,68.43,644.01,2.6,0.0,20.62
2026-06-01 08:58:00,Water Scarcity,23.72,69.33,672.64,2.62,0.0,18.21
2026-06-01 08:59:00,Water Scarcity,24.0,69.22,654.17,2.69,0.0,18.32
2026-06-01 09:00:00,Water Scarcity,23.89,68.76,650.46,2.41,0.0,20.06
2026-06-01 09:01:00,Water Scarcity,24.06,68.24,638.64,2.87,0.0,21.39
2026-06-01 09:02:00,Water Scarcity,24.25,68.4,652.57,2.89,0.0,20.67
2026-06-01 09:03:00,Water Scarcity,24.22,67.26,649.42,2.86,0.0,24.15
2026-06-01 09:04:00,Water Scarcity,24.25,69.47,641.27,2.58,0.0,17.13
2026-06-01 09:05:00,Water Scarcity,24.3,67.87,653.4,2.78,0.0,22.16
2026-06-01 09:06:00,Water Scarcity,24.39,67.63,665.44,2.58,0.0,22.96
2026-06-01 09:07:00,Water Scarcity,24.24,68.12,648.58,2.7,0.0,21.45
2026-06-01 09:08:00,Water Scarcity,24.53,68.12,650.1,3.23,0.0,21.32
2026-06-01 09:09:00,Water Scarcity,24.56,67.39,641.27,2.8,0.0,23.73
2026-06-01 09:10:00,Water Scarcity,24.55,65.97,678.75,2.53,0.0,28.07
2026-06-01 09:11:00,Water Scarcity,24.61,67.61,684.23,2.82,0.0,23.02
2026-06-01 09:12:00,Water Scarcity,24.61,66.58,680.22,2.51,0.0,26.26
2026-06-01 09:13:00,Water Scarcity,24.9,66.02,697.46,2.54,0.0,27.92
2026-06-01 09:14:00,Water Scarcity,24.62,65.98,681.92,2.58,0.0,28.04
2026-06-01 09:15:00,Water Scarcity,24.62,67.06,690.44,2.71,0.0,24.78
2026-06-01 09:16:00,Water Scarcity,24.59,66.44,690.93,3.0,0.0,26.68
2026-06-01 09:17:00,Water Scarcity,24.58,66.91,685.07,2.93,0.0,25.25
2026-06-01 09:18:00,Water Scarcity,24.59,66.67,678.24,2.92,0.0,25.98
2026-06-01 09:19:00,Water Scarcity,24.67,67.75,737.39,2.59,0.0,22.56
2026-06-01 09:20:00,Water Scarcity,24.83,67.35,684.29,2.71,0.0,23.86
2026-06-01 09:21:00,Water Scarcity,24.93,65.92,682.02,2.88,0.0,28.21
2026-06-01 09:22:00,Water Scarcity,24.92,65.95,707.23,2.7,0.0,28.13
2026-06-01 09:23:00,Water Scarcity,24.83,65.93,705.64,2.78,0.0,28.18
2026-06-01 09:24:00,Water Scarcity,25.12,66.03,672.94,2.93,0.0,27.89
2026-06-01 09:25:00,Water Scarcity,25.13,65.14,728.47,2.77,0.0,30.43
2026-06-01 09:26:00,Water Scarcity,25.03,65.36,704.92,2.89,0.0,29.81
2026-06-01 09:27:00,Water Scarcity,24.99,66.31,685.45,3.18,0.0,27.07
2026-06-01 09:28:00,Water Scarcity,25.2,64.8,736.61,2.82,0.0,31.37
2026-06-01 09:29:00,Water Scarcity,25.19,65.15,726.78,3.1,0.0,30.4
2026-06-01 09:30:00,Water Scarcity,24.98,64.81,688.39,2.98,0.0,31.35
2026-06-01 09:31:00,Water Scarcity,25.22,65.51,755.92,2.56,0.0,29.39
2026-06-01 09:32:00,Water Scarcity,25.3,66.01,734.01,2.64,0.0,27.95
2026-06-01 09:33:00,Water Scarcity,25.16,65.67,721.67,2.7,0.0,28.93
2026-06-01 09:34:00,Water Scarcity,25.36,65.56,758.53,2.7,0.0,29.25
2026-06-01 09:35:00,Water Scarcity,25.15,64.76,729.55,2.86,0.0,31.48
2026-06-01 09:36:00,Water Scarcity,25.6,64.15,727.54,3.01,0.0,33.16
2026-06-01 09:37:00,Water Scarcity,25.63,63.38,715.76,3.15,0.0,35.29
2026-06-01 09:38:00,Water Scarcity,25.44,64.34,745.06,2.96,0.0,32.64
2026-06-01 09:39:00,Water Scarcity,25.56,64.59,744.83,2.8,0.0,31.95
2026-06-01 09:40:00,Water Scarcity,25.18,65.24,736.69,2.46,0.0,30.15
2026-06-01 09:41:00,Water Scarcity,25.41,63.71,720.9,2.92,0.0,34.38
2026-06-01 09:42:00,Water Scarcity,25.57,63.31,743.3,2.91,0.0,35.48
2026-06-01 09:43:00,Water Scarcity,25.49,63.5,740.86,2.95,0.0,34.96
2026-06-01 09:44:00,Water Scarcity,25.79,63.78,714.64,3.36,0.0,34.18
2026-06-01 09:45:00,Water Scarcity,26.02,64.09,713.44,3.18,0.0,33.33
2026-06-01 09:46:00,Water Scarcity,25.58,64.9,761.07,3.09,0.0,31.1
2026-06-01 09:47:00,Water Scarcity,25.67,62.7,691.77,2.72,0.0,37.17
2026-06-01 09:48:00,Water Scarcity,25.86,64.15,756.93,2.82,0.0,33.16
2026-06-01 09:49:00,Water Scarcity,26.1,63.19,743.42,2.91,0.0,35.81
2026-06-01 09:50:00,Water Scarcity,25.71,62.78,785.85,2.77,0.0,36.95
2026-06-01 09:51:00,Water Scarcity,25.97,62.82,746.87,3.04,0.0,36.84
2026-06-01 09:52:00,Water Scarcity,26.24,62.9,775.05,3.02,0.0,36.62
2026-06-01 09:53:00,Water Scarcity,25.75,63.92,752.84,2.72,0.0,33.8
2026-06-01 09:54:00,Water Scarcity,25.85,62.56,766.41,3.2,0.0,37.57
2026-06-01 09:55:00,Water Scarcity,26.01,63.25,782.61,2.98,0.0,35.65
2026-06-01 09:56:00,Water Scarcity,26.03,61.55,756.9,2.59,0.0,40.42
2026-06-01 09:57:00,Water Scarcity,26.26,62.04,792.41,2.95,0.0,39.03
2026-06-01 09:58:00,Water Scarcity,26.21,63.0,748.27,3.02,0.0,36.34
2026-06-01 09:59:00,Water Scarcity,25.95,63.07,779.93,3.17,0.0,36.15
2026-06-01 10:00:00,Water Scarcity,26.32,61.71,796.37,2.9,0.0,39.96
2026-06-01 10:01:00,Water Scarcity,26.2,62.9,792.12,3.15,0.0,36.62
2026-06-01 10:02:00,Water Scarcity,26.51,62.09,823.3,3.02,0.0,38.89
2026-06-01 10:03:00,Water Scarcity,26.26,62.98,762.46,2.71,0.0,36.4
2026-06-01 10:04:00,Water Scarcity,26.29,62.63,749.76,2.69,0.0,37.37
2026-06-01 10:05:00,Water Scarcity,26.5,62.17,760.51,3.22,0.0,38.66
2026-06-01 10:06:00,Water Scarcity,26.57,61.77,801.22,3.24,0.0,39.79
2026-06-01 10:07:00,Water Scarcity,26.56,61.52,799.16,3.06,0.0,40.51
2026-06-01 10:08:00,Water Scarcity,26.27,62.21,791.56,3.31,0.0,38.55
2026-06-01 10:09:00,Water Scarcity,26.64,60.99,764.23,3.23,0.0,42.04
2026-06-01 10:10:00,Water Scarcity,26.44,60.97,810.82,3.15,0.0,42.1
2026-06-01 10:11:00,Water Scarcity,26.66,60.5,765.11,2.82,0.0,43.49
2026-06-01 10:12:00,Water Scarcity,26.45,61.5,823.66,3.38,0.0,40.56
2026-06-01 10:13:00,Water Scarcity,26.76,60.94,866.05,3.13,0.0,42.19
2026-06-01 10:14:00,Water Scarcity,26.61,62.08,808.13,2.94,0.0,38.91
2026-06-01 10:15:00,Water Scarcity,26.57,61.3,815.02,2.88,0.0,41.14
2026-06-01 10:16:00,Water Scarcity,26.91,61.0,790.79,3.08,0.0,42.01
2026-06-01 10:17:00,Water Scarcity,26.87,61.15,760.62,2.68,0.0,41.57
2026-06-01 10:18:00,Water Scarcity,26.77,60.62,791.35,3.18,0.0,43.13
2026-06-01 10:19:00,Water Scarcity,27.12,60.17,781.06,2.84,0.0,44.48
2026-06-01 10:20:00,Water Scarcity,26.87,60.36,774.02,3.12,0.0,43.91
2026-06-01 10:21:00,Water Scarcity,26.97,61.01,852.63,2.93,0.0,41.98
2026-06-01 10:22:00,Water Scarcity,27.04,60.41,818.97,2.99,0.0,43.76
2026-06-01 10:23:00,Water Scarcity,26.94,59.59,823.16,2.89,0.0,45.0
2026-06-01 10:24:00,Water Scarcity,27.14,59.86,807.89,3.02,0.0,45.0
2026-06-01 10:25:00,Water Scarcity,27.02,61.08,812.76,3.45,0.0,41.78
2026-06-01 10:26:00,Water Scarcity,27.07,59.84,842.22,3.35,0.0,45.0
2026-06-01 10:27:00,Water Scarcity,27.36,59.39,819.26,3.14,0.0,45.0
2026-06-01 10:28:00,Water Scarcity,27.04,60.36,834.65,3.06,0.0,43.91
2026-06-01 10:29:00,Water Scarcity,26.86,59.9,818.24,3.25,0.0,45.0
2026-06-01 10:30:00,Water Scarcity,27.49,59.08,816.1,3.31,0.0,45.0
2026-06-01 10:31:00,Water Scarcity,27.68,57.41,791.18,2.9,0.0,45.0
2026-06-01 10:32:00,Water Scarcity,27.28,58.97,778.42,3.06,0.0,45.0
2026-06-01 10:33:00,Water Scarcity,27.1,60.51,822.47,2.7,0.0,43.46
2026-06-01 10:34:00,Water Scarcity,27.39,59.28,831.82,3.32,0.0,45.0
2026-06-01 10:35:00,Water Scarcity,27.43,58.75,799.75,3.52,0.0,45.0
2026-06-01 10:36:00,Water Scarcity,27.49,59.05,832.41,3.11,0.0,45.0
2026-06-01 10:37:00,Water Scarcity,27.39,59.01,836.02,2.65,0.0,45.0
2026-06-01 10:38:00,Water Scarcity,27.69,58.23,782.0,3.23,0.0,45.0
2026-06-01 10:39:00,Water Scarcity,27.72,58.53,814.47,2.91,0.0,45.0
2026-06-01 10:40:00,Water Scarcity,27.46,58.42,849.09,2.97,0.0,45.0
2026-06-01 10:41:00,Water Scarcity,27.83,57.85,849.96,3.24,0.0,45.0
2026-06-01 10:42:00,Water Scarcity,28.07,56.96,812.43,3.17,0.0,45.0
2026-06-01 10:43:00,Water Scarcity,27.83,56.87,846.9,3.01,0.0,45.0
2026-06-01 10:44:00,Water Scarcity,27.8,57.37,870.11,2.98,0.0,45.0
2026-06-01 10:45:00,Water Scarcity,27.87,58.67,865.25,3.15,0.0,45.0
2026-06-01 10:46:00,Water Scarcity,28.02,57.53,844.42,3.04,0.0,45.0
2026-06-01 10:47:00,Water Scarcity,27.71,57.37,836.22,2.9,0.0,45.0
2026-06-01 10:48:00,Water Scarcity,28.03,56.34,833.37,3.06,0.0,45.0
2026-06-01 10:49:00,Water Scarcity,27.99,57.32,862.62,3.21,0.0,45.0
2026-06-01 10:50:00,Water Scarcity,28.36,57.28,856.92,3.1,0.0,45.0
2026-06-01 10:51:00,Water Scarcity,28.1,56.96,869.29,2.84,0.0,45.0
2026-06-01 10:52:00,Water Scarcity,28.42,56.98,857.79,3.35,0.0,45.0
2026-06-01 10:53:00,Water Scarcity,28.04,57.46,876.65,2.57,0.0,45.0
2026-06-01 10:54:00,Water Scarcity,28.33,56.71,859.27,3.06,0.0,45.0
2026-06-01 10:55:00,Water Scarcity,28.33,55.63,878.24,3.02,0.0,45.0
2026-06-01 10:56:00,Water Scarcity,28.19,57.38,881.67,3.19,0.0,45.0
2026-06-01 10:57:00,Water Scarcity,28.39,56.07,839.63,3.28,0.0,45.0
2026-06-01 10:58:00,Water Scarcity,28.58,56.25,814.82,3.4,0.0,45.0
2026-06-01 10:59:00,Water Scarcity,28.39,55.78,902.65,3.01,0.0,45.0
2026-06-01 11:00:00,Water Scarcity,28.23,56.84,870.49,3.29,0.0,45.0
2026-06-01 11:01:00,Water Scarcity,28.52,56.14,820.48,3.21,0.0,45.0
2026-06-01 11:02:00,Water Scarcity,28.42,56.09,847.53,2.81,0.0,45.0
2026-06-01 11:03:00,Water Scarcity,28.54,56.09,887.26,3.58,0.0,45.0
2026-06-01 11:04:00,Water Scarcity,28.62,55.47,860.98,2.88,0.0,45.0
2026-06-01 11:05:00,Water Scarcity,28.42,55.81,855.99,3.27,0.0,45.0
2026-06-01 11:06:00,Water Scarcity,28.47,57.02,906.99,3.27,0.0,45.0
2026-06-01 11:07:00,Water Scarcity,28.82,55.71,844.08,3.25,0.0,45.0
2026-06-01 11:08:00,Water Scarcity,28.71,54.93,851.61,3.09,0.0,45.0
2026-06-01 11:09:00,Water Scarcity,28.44,56.48,879.06,3.37,0.0,45.0
2026-06-01 11:10:00,Water Scarcity,28.98,54.19,884.78,2.87,0.0,45.0
2026-06-01 11:11:00,Water Scarcity,28.94,54.03,888.58,3.18,0.0,45.0
2026-06-01 11:12:00,Water Scarcity,28.83,55.67,900.5,3.08,0.0,45.0
2026-06-01 11:13:00,Water Scarcity,28.78,54.17,882.74,3.06,0.0,45.0
2026-06-01 11:14:00,Water Scarcity,29.14,54.75,891.38,3.3,0.0,45.0
2026-06-01 11:15:00,Water Scarcity,29.1,54.14,872.59,3.44,0.0,45.0
2026-06-01 11:16:00,Water Scarcity,29.45,53.21,882.03,3.14,0.0,45.0
2026-06-01 11:17:00,Water Scarcity,29.19,54.3,884.15,3.38,0.0,45.0
2026-06-01 11:18:00,Water Scarcity,29.22,54.31,887.91,3.23,0.0,45.0
2026-06-01 11:19:00,Water Scarcity,29.17,53.6,903.59,3.03,0.0,45.0
2026-06-01 11:20:00,Water Scarcity,29.36,54.01,898.74,3.17,0.0,45.0
2026-06-01 11:21:00,Water Scarcity,29.37,53.62,886.07,3.16,0.0,45.0
2026-06-01 11:22:00,Water Scarcity,29.5,52.44,864.26,3.08,0.0,45.0
2026-06-01 11:23:00,Water Scarcity,29.27,53.73,888.42,3.32,0.0,45.0
2026-06-01 11:24:00,Water Scarcity,29.32,54.52,886.71,3.28,0.0,45.0
2026-06-01 11:25:00,Water Scarcity,29.35,54.61,893.44,2.9,0.0,45.0
2026-06-01 11:26:00,Water Scarcity,29.58,53.41,947.96,2.89,0.0,45.0
2026-06-01 11:27:00,Water Scarcity,29.72,51.86,875.93,3.33,0.0,45.0
2026-06-01 11:28:00,Water Scarcity,29.46,53.59,901.99,3.07,0.0,45.0
2026-06-01 11:29:00,Water Scarcity,29.5,53.69,920.06,3.31,0.0,45.0
2026-06-01 11:30:00,Water Scarcity,29.65,53.2,894.88,3.41,0.0,45.0
2026-06-01 11:31:00,Water Scarcity,29.6,53.37,955.64,2.98,0.0,45.0
2026-06-01 11:32:00,Water Scarcity,29.82,52.52,883.62,2.96,0.0,45.0
2026-06-01 11:33:00,Water Scarcity,29.38,53.49,903.18,3.61,0.0,45.0
2026-06-01 11:34:00,Water Scarcity,29.63,52.47,873.75,3.33,0.0,45.0
2026-06-01 11:35:00,Water Scarcity,29.67,51.58,886.46,3.17,0.0,45.0
2026-06-01 11:36:00,Water Scarcity,29.47,53.46,903.29,3.07,0.0,45.0
2026-06-01 11:37:00,Water Scarcity,29.71,52.71,920.06,3.16,0.0,45.0
2026-06-01 11:38:00,Water Scarcity,29.76,52.81,906.54,3.02,0.0,45.0
2026-06-01 11:39:00,Water Scarcity,29.9,51.28,932.55,3.46,0.0,45.0
2026-06-01 11:40:00,Water Scarcity,30.13,51.82,896.68,3.11,0.0,45.0
2026-06-01 11:41:00,Water Scarcity,29.96,53.13,890.91,3.51,0.0,45.0
2026-06-01 11:42:00,Water Scarcity,29.88,52.17,973.54,3.19,0.0,45.0
2026-06-01 11:43:00,Water Scarcity,30.06,51.59,911.75,3.06,0.0,45.45
2026-06-01 11:44:00,Water Scarcity,30.27,51.25,882.23,3.19,0.0,45.0
2026-06-01 11:45:00,Water Scarcity,30.0,53.03,883.48,2.73,0.0,45.0
2026-06-01 11:46:00,Water Scarcity,30.04,51.07,877.3,3.26,0.0,45.0
2026-06-01 11:47:00,Water Scarcity,30.3,51.1,928.77,3.25,0.0,47.21
2026-06-01 11:48:00,Water Scarcity,30.22,50.72,894.05,3.46,0.0,45.0
2026-06-01 11:49:00,Water Scarcity,30.38,50.41,907.92,2.9,0.0,47.79
2026-06-01 11:50:00,Water Scarcity,30.32,50.89,903.25,3.54,0.0,46.31
2026-06-01 11:51:00,Water Scarcity,30.46,51.33,925.35,3.47,0.0,48.37
2026-06-01 11:52:00,Water Scarcity,30.23,52.23,882.96,3.56,0.0,45.0
2026-06-01 11:53:00,Water Scarcity,30.42,50.9,877.2,3.29,0.0,45.0
2026-06-01 11:54:00,Water Scarcity,30.43,50.39,913.02,3.52,0.0,48.15
2026-06-01 11:55:00,Water Scarcity,30.31,52.43,923.73,3.0,0.0,47.29
2026-06-01 11:56:00,Water Scarcity,30.29,50.73,916.87,3.46,0.0,47.14
2026-06-01 11:57:00,Water Scarcity,30.66,49.61,886.18,3.15,0.0,45.94
2026-06-01 11:58:00,Water Scarcity,30.54,49.23,927.12,2.97,0.0,49.57
2026-06-01 11:59:00,Water Scarcity,30.48,51.31,888.77,3.08,0.0,45.0
2026-06-01 12:00:00,Water Scarcity,30.65,50.58,895.22,3.32,0.0,45.0
2026-06-01 12:01:00,Water Scarcity,30.87,50.84,884.06,3.15,0.0,45.0
2026-06-01 12:02:00,Water Scarcity,30.39,49.88,945.72,3.4,0.0,47.97
2026-06-01 12:03:00,Water Scarcity,30.54,51.17,927.84,2.94,0.0,48.95
2026-06-01 12:04:00,Water Scarcity,30.66,50.0,927.41,2.88,0.0,49.81
2026-06-01 12:05:00,Water Scarcity,31.05,49.36,945.3,3.62,0.0,53.05
2026-06-01 12:06:00,Water Scarcity,30.91,48.28,988.43,3.52,0.0,52.87
2026-06-01 12:07:00,Water Scarcity,31.02,49.86,865.06,3.11,0.0,45.37
2026-06-01 12:08:00,Water Scarcity,30.76,50.15,891.9,3.33,0.0,45.0
2026-06-01 12:09:00,Water Scarcity,30.8,49.55,895.51,3.55,0.0,46.11
2026-06-01 12:10:00,Water Scarcity,31.07,49.22,889.35,3.43,0.0,46.97
2026-06-01 12:11:00,Water Scarcity,31.04,48.44,883.38,3.37,0.0,48.67
2026-06-01 12:12:00,Water Scarcity,31.15,48.26,904.92,3.57,0.0,50.37
2026-06-01 12:13:00,Water Scarcity,31.07,48.54,880.02,3.19,0.0,48.48
2026-06-01 12:14:00,Water Scarcity,31.18,47.42,922.74,3.35,0.0,55.12
2026-06-01 12:15:00,Water Scarcity,31.19,49.01,915.18,3.34,0.0,52.09
2026-06-01 12:16:00,Water Scarcity,31.32,48.86,927.13,3.29,0.0,55.31
2026-06-01 12:17:00,Water Scarcity,31.36,47.62,928.04,3.27,0.0,56.38
2026-06-01 12:18:00,Water Scarcity,31.02,49.17,930.82,3.37,0.0,52.97
2026-06-01 12:19:00,Water Scarcity,30.96,48.97,904.18,3.36,0.0,48.62
2026-06-01 12:20:00,Water Scarcity,31.48,47.88,972.76,3.14,0.0,57.05
2026-06-01 12:21:00,Water Scarcity,31.54,47.14,921.11,3.53,0.0,56.37
2026-06-01 12:22:00,Water Scarcity,31.24,47.82,863.68,3.15,0.0,50.07
2026-06-01 12:23:00,Water Scarcity,31.15,49.24,887.37,3.31,0.0,46.96
2026-06-01 12:24:00,Water Scarcity,31.48,47.66,867.19,3.3,0.0,50.66
2026-06-01 12:25:00,Water Scarcity,31.63,48.48,915.52,3.44,0.0,53.4
2026-06-01 12:26:00,Water Scarcity,31.79,46.84,911.75,2.92,0.0,55.38
2026-06-01 12:27:00,Water Scarcity,31.63,46.7,902.28,3.55,0.0,52.72
2026-06-01 12:28:00,Water Scarcity,31.53,48.28,970.38,3.23,0.0,57.18
2026-06-01 12:29:00,Water Scarcity,31.49,48.05,930.27,3.63,0.0,57.02
2026-06-01 12:30:00,Water Scarcity,31.65,47.64,935.14,3.27,0.0,58.41
2026-06-01 12:31:00,Water Scarcity,31.64,47.96,889.63,3.36,0.0,50.27
2026-06-01 12:32:00,Water Scarcity,31.56,47.07,887.74,3.78,0.0,51.84
2026-06-01 12:33:00,Water Scarcity,32.05,46.02,916.15,3.32,0.0,57.9
2026-06-01 12:34:00,Water Scarcity,32.05,46.02,919.85,3.64,0.0,58.64
2026-06-01 12:35:00,Water Scarcity,31.98,45.53,864.08,3.39,0.0,53.98
2026-06-01 12:36:00,Water Scarcity,31.7,46.91,910.02,3.47,0.0,54.69
2026-06-01 12:37:00,Water Scarcity,32.0,47.05,915.27,3.4,0.0,56.46
2026-06-01 12:38:00,Water Scarcity,32.0,46.39,908.89,3.56,0.0,55.92
2026-06-01 12:39:00,Water Scarcity,32.0,45.44,892.36,3.24,0.0,54.09
2026-06-01 12:40:00,Water Scarcity,32.15,44.89,899.76,3.18,0.0,54.91
2026-06-01 12:41:00,Water Scarcity,32.09,46.99,909.57,3.25,0.0,55.48
2026-06-01 12:42:00,Water Scarcity,32.14,45.81,916.77,3.41,0.0,58.51
2026-06-01 12:43:00,Water Scarcity,32.15,45.44,930.7,3.34,0.0,61.2
2026-06-01 12:44:00,Water Scarcity,32.14,45.7,943.58,3.54,0.0,62.93
2026-06-01 12:45:00,Water Scarcity,31.85,45.78,905.69,3.67,0.0,54.61
2026-06-01 12:46:00,Water Scarcity,32.16,46.66,901.06,3.19,0.0,54.09
2026-06-01 12:47:00,Water Scarcity,32.09,45.75,925.34,3.24,0.0,59.91
2026-06-01 12:48:00,Water Scarcity,32.01,47.03,929.86,3.1,0.0,59.61
2026-06-01 12:49:00,Water Scarcity,32.49,44.92,901.0,3.83,0.0,55.95
2026-06-01 12:50:00,Water Scarcity,32.53,45.64,934.28,3.46,0.0,61.87
2026-06-01 12:51:00,Water Scarcity,32.5,45.01,939.19,3.5,0.0,62.95
2026-06-01 12:52:00,Water Scarcity,32.36,45.75,947.45,3.12,0.0,63.96
2026-06-01 12:53:00,Water Scarcity,32.56,45.13,960.46,3.4,0.0,64.17
2026-06-01 12:54:00,Water Scarcity,32.39,45.55,887.82,3.51,0.0,55.67
2026-06-01 12:55:00,Water Scarcity,32.44,45.22,911.58,3.35,0.0,58.15
2026-06-01 12:56:00,Water Scarcity,32.28,45.33,911.18,3.63,0.0,58.14
2026-06-01 12:57:00,Water Scarcity,32.53,45.92,907.86,3.89,0.0,56.6
2026-06-01 12:58:00,Water Scarcity,32.51,44.29,892.46,3.21,0.0,56.25
2026-06-01 12:59:00,Water Scarcity,32.33,45.32,869.27,3.2,0.0,55.7
2026-06-01 13:00:00,Water Scarcity,32.55,44.73,911.97,3.23,0.0,58.23
2026-06-01 13:01:00,Water Scarcity,32.57,44.89,888.1,3.75,0.0,55.76
2026-06-01 13:02:00,Water Scarcity,32.88,43.53,911.0,3.63,0.0,60.47
2026-06-01 13:03:00,Water Scarcity,32.78,44.28,886.6,3.39,0.0,56.87
2026-06-01 13:04:00,Water Scarcity,32.67,44.27,877.86,3.42,0.0,56.64
2026-06-01 13:05:00,Water Scarcity,32.74,43.25,913.75,3.25,0.0,61.35
2026-06-01 13:06:00,Water Scarcity,32.73,44.21,911.02,3.6,0.0,59.09
2026-06-01 13:07:00,Water Scarcity,32.73,43.57,922.2,3.34,0.0,62.3
2026-06-01 13:08:00,Water Scarcity,32.62,43.48,965.38,3.37,0.0,67.19
2026-06-01 13:09:00,Water Scarcity,32.79,44.14,913.01,3.55,0.0,59.68
2026-06-01 13:10:00,Water Scarcity,32.73,44.52,918.15,3.38,0.0,59.97
2026-06-01 13:11:00,Water Scarcity,32.68,44.68,875.22,3.37,0.0,56.16
2026-06-01 13:12:00,Water Scarcity,32.97,43.89,869.03,3.43,0.0,57.81
2026-06-01 13:13:00,Water Scarcity,32.98,42.36,946.29,3.59,0.0,68.72
2026-06-01 13:14:00,Water Scarcity,32.68,43.54,877.82,3.77,0.0,57.75
2026-06-01 13:15:00,Water Scarcity,32.96,44.77,874.01,3.55,0.0,56.29
2026-06-01 13:16:00,Water Scarcity,33.15,42.42,900.63,3.6,0.0,61.15
2026-06-01 13:17:00,Water Scarcity,33.19,43.31,898.66,3.39,0.0,59.18
2026-06-01 13:18:00,Water Scarcity,33.21,42.47,876.11,3.28,0.0,60.99
2026-06-01 13:19:00,Water Scarcity,33.09,43.27,891.64,3.57,0.0,59.07
2026-06-01 13:20:00,Water Scarcity,32.98,43.14,932.41,3.47,0.0,65.2
2026-06-01 13:21:00,Water Scarcity,32.97,43.88,876.87,3.13,0.0,57.82
2026-06-01 13:22:00,Water Scarcity,33.21,42.95,860.4,3.36,0.0,59.91
2026-06-01 13:23:00,Water Scarcity,33.25,42.52,922.65,3.41,0.0,65.3
2026-06-01 13:24:00,Water Scarcity,33.41,41.7,909.84,3.33,0.0,65.46
2026-06-01 13:25:00,Water Scarcity,33.41,42.5,879.23,3.74,0.0,61.24
2026-06-01 13:26:00,Water Scarcity,33.25,42.05,852.71,3.53,0.0,62.15
2026-06-01 13:27:00,Water Scarcity,33.11,43.43,874.5,3.72,0.0,58.82
2026-06-01 13:28:00,Water Scarcity,33.27,44.29,892.29,3.49,0.0,57.39
2026-06-01 13:29:00,Water Scarcity,33.38,43.23,924.24,3.45,0.0,64.04
2026-06-01 13:30:00,Water Scarcity,33.34,42.96,864.51,3.24,0.0,60.12
2026-06-01 13:31:00,Water Scarcity,33.31,42.56,889.23,3.44,0.0,60.94
2026-06-01 13:32:00,Water Scarcity,33.46,41.03,908.75,3.44,0.0,66.48
2026-06-01 13:33:00,Water Scarcity,33.37,41.65,826.34,3.15,0.0,63.54
2026-06-01 13:34:00,Water Scarcity,33.38,43.19,916.68,3.32,0.0,62.86
2026-06-01 13:35:00,Water Scarcity,33.54,41.49,856.78,3.37,0.0,64.29
2026-06-01 13:36:00,Water Scarcity,33.46,41.77,896.3,3.53,0.0,63.29
2026-06-01 13:37:00,Water Scarcity,33.58,41.76,893.18,3.54,0.0,63.48
2026-06-01 13:38:00,Water Scarcity,33.61,41.14,914.58,3.32,0.0,68.45
2026-06-01 13:39:00,Water Scarcity,33.42,41.56,899.52,3.54,0.0,63.9
2026-06-01 13:40:00,Water Scarcity,33.54,41.92,820.97,3.4,0.0,62.95
2026-06-01 13:41:00,Water Scarcity,33.86,40.55,862.33,2.84,0.0,68.28
2026-06-01 13:42:00,Water Scarcity,33.49,41.66,885.88,3.34,0.0,63.67
2026-06-01 13:43:00,Water Scarcity,33.37,41.97,876.15,3.67,0.0,62.57
2026-06-01 13:44:00,Water Scarcity,33.43,42.58,892.99,3.09,0.0,61.09
2026-06-01 13:45:00,Water Scarcity,33.74,41.27,900.26,3.47,0.0,65.33
2026-06-01 13:46:00,Water Scarcity,33.76,41.24,894.51,3.78,0.0,65.4
2026-06-01 13:47:00,Water Scarcity,33.77,41.7,871.87,3.28,0.0,63.9
2026-06-01 13:48:00,Water Scarcity,33.99,40.64,827.98,3.44,0.0,67.97
2026-06-01 13:49:00,Water Scarcity,33.43,42.11,863.58,3.17,0.0,62.26
2026-06-01 13:50:00,Water Scarcity,33.91,41.22,885.46,3.78,0.0,65.63
2026-06-01 13:51:00,Water Scarcity,34.11,40.79,844.95,3.43,0.0,67.43
2026-06-01 13:52:00,Water Scarcity,33.73,41.35,889.02,3.45,0.0,64.98
2026-06-01 13:53:00,Water Scarcity,33.86,41.12,895.21,3.73,0.0,65.94
2026-06-01 13:54:00,Water Scarcity,33.83,40.69,873.72,3.58,0.0,67.64
2026-06-01 13:55:00,Water Scarcity,33.83,40.64,789.44,3.26,0.0,67.86
2026-06-01 13:56:00,Water Scarcity,33.94,41.32,834.98,3.31,0.0,65.31
2026-06-01 13:57:00,Water Scarcity,34.22,40.33,916.25,3.55,0.0,72.26
2026-06-01 13:58:00,Water Scarcity,34.31,40.11,851.88,3.31,0.0,70.61
2026-06-01 13:59:00,Water Scarcity,34.0,40.85,813.48,3.0,0.0,67.1
2026-06-01 14:00:00,Water Scarcity,34.36,39.71,895.85,3.43,0.0,71.19
2026-06-01 14:01:00,Water Scarcity,34.1,40.82,863.05,3.13,0.0,67.3
2026-06-01 14:02:00,Water Scarcity,34.38,40.19,890.12,3.78,0.0,70.24
2026-06-01 14:03:00,Water Scarcity,34.13,40.89,867.55,3.48,0.0,67.04
2026-06-01 14:04:00,Water Scarcity,34.18,40.13,871.04,3.25,0.0,70.47
2026-06-01 14:05:00,Water Scarcity,34.24,40.86,867.38,3.3,0.0,67.24
2026-06-01 14:06:00,Water Scarcity,34.68,38.94,874.77,3.05,0.0,71.26
2026-06-01 14:07:00,Water Scarcity,34.35,40.09,914.09,3.21,0.0,73.06
2026-06-01 14:08:00,Water Scarcity,34.14,40.47,879.3,3.66,0.0,68.82
2026-06-01 14:09:00,Water Scarcity,34.41,39.69,812.73,3.91,0.0,71.2
2026-06-01 14:10:00,Water Scarcity,34.23,39.6,863.35,3.6,0.0,71.16
2026-06-01 14:11:00,Water Scarcity,34.23,40.46,879.81,3.42,0.0,68.91
2026-06-01 14:12:00,Water Scarcity,34.46,41.11,880.06,3.35,0.0,66.48
2026-06-01 14:13:00,Water Scarcity,34.35,39.49,837.28,3.24,0.0,71.19
2026-06-01 14:14:00,Water Scarcity,34.41,39.6,876.43,3.87,0.0,71.2
2026-06-01 14:15:00,Water Scarcity,34.39,39.34,869.07,3.4,0.0,71.2
2026-06-01 14:16:00,Water Scarcity,34.46,39.13,909.37,3.89,0.0,72.78
2026-06-01 14:17:00,Water Scarcity,34.49,40.25,823.93,3.73,0.0,69.99
2026-06-01 14:18:00,Water Scarcity,34.16,39.85,828.74,3.08,0.0,71.15
2026-06-01 14:19:00,Water Scarcity,34.57,38.84,832.48,3.3,0.0,71.24
2026-06-01 14:20:00,Water Scarcity,34.34,38.8,826.5,3.3,0.0,71.19
2026-06-01 14:21:00,Water Scarcity,34.29,39.44,815.1,3.42,0.0,71.18
2026-06-01 14:22:00,Water Scarcity,34.51,38.24,766.78,3.43,0.0,71.22
2026-06-01 14:23:00,Water Scarcity,34.55,39.53,823.79,4.07,0.0,71.23
2026-06-01 14:24:00,Water Scarcity,34.46,41.1,842.5,3.21,0.0,66.51
2026-06-01 14:25:00,Water Scarcity,34.7,38.52,819.54,3.49,0.0,71.26
2026-06-01 14:26:00,Water Scarcity,34.4,38.59,878.63,3.57,0.0,71.2
2026-06-01 14:27:00,Water Scarcity,34.55,39.69,829.3,3.44,0.0,71.23
2026-06-01 14:28:00,Water Scarcity,34.55,38.74,859.56,3.46,0.0,71.23
2026-06-01 14:29:00,Water Scarcity,34.64,39.68,832.52,3.22,0.0,71.25
2026-06-01 14:30:00,Water Scarcity,34.71,38.55,845.01,3.46,0.0,71.27
2026-06-01 14:31:00,Water Scarcity,34.54,38.82,829.97,3.54,0.0,71.23
2026-06-01 14:32:00,Water Scarcity,34.81,38.33,855.31,3.5,0.0,71.29
2026-06-01 14:33:00,Water Scarcity,34.73,39.11,821.44,3.55,0.0,71.27
2026-06-01 14:34:00,Water Scarcity,34.45,39.29,830.72,3.73,0.0,71.21
2026-06-01 14:35:00,Water Scarcity,34.46,39.11,825.98,3.63,0.0,71.21
2026-06-01 14:36:00,Water Scarcity,34.77,38.43,808.4,3.45,0.0,71.28
2026-06-01 14:37:00,Water Scarcity,34.76,37.83,823.78,3.19,0.0,71.28
2026-06-01 14:38:00,Water Scarcity,34.79,38.73,866.77,3.31,0.0,71.28
2026-06-01 14:39:00,Water Scarcity,34.82,37.34,804.16,3.38,0.0,71.29
2026-06-01 14:40:00,Water Scarcity,34.87,38.0,819.32,3.48,0.0,71.3
2026-06-01 14:41:00,Water Scarcity,35.0,38.37,838.01,3.33,0.0,71.33
2026-06-01 14:42:00,Water Scarcity,34.71,38.91,833.49,3.23,0.0,71.27
2026-06-01 14:43:00,Water Scarcity,34.71,39.07,804.58,3.18,0.0,71.27
2026-06-01 14:44:00,Water Scarcity,34.74,38.6,745.26,3.08,0.0,71.27
2026-06-01 14:45:00,Water Scarcity,34.96,38.72,813.42,3.38,0.0,71.32
2026-06-01 14:46:00,Water Scarcity,35.12,38.13,746.12,3.12,0.0,71.35
2026-06-01 14:47:00,Water Scarcity,34.89,38.5,832.85,3.21,0.0,71.3
2026-06-01 14:48:00,Water Scarcity,34.59,39.61,800.03,3.34,0.0,71.24
2026-06-01 14:49:00,Water Scarcity,34.73,39.12,818.11,3.14,0.0,71.27
2026-06-01 14:50:00,Water Scarcity,34.87,38.01,771.14,3.5,0.0,71.3
2026-06-01 14:51:00,Water Scarcity,34.93,37.31,754.03,3.58,0.0,71.31
2026-06-01 14:52:00,Water Scarcity,34.96,38.26,795.31,3.3,0.0,71.32
2026-06-01 14:53:00,Water Scarcity,35.05,38.11,786.61,3.33,0.0,71.34
2026-06-01 14:54:00,Water Scarcity,35.01,38.54,774.07,3.53,0.0,71.33
2026-06-01 14:55:00,Water Scarcity,35.23,36.72,785.88,3.27,0.0,71.37
2026-06-01 14:56:00,Water Scarcity,34.98,37.42,847.05,3.25,0.0,71.32
2026-06-01 14:57:00,Water Scarcity,34.97,38.28,799.87,3.67,0.0,71.32
2026-06-01 14:58:00,Water Scarcity,35.18,37.36,803.05,3.6,0.0,71.36
2026-06-01 14:59:00,Water Scarcity,34.89,37.07,796.4,3.54,0.0,71.3
2026-06-01 15:00:00,Water Scarcity,35.2,37.59,809.32,3.61,0.0,71.36
2026-06-01 15:01:00,Water Scarcity,35.17,36.34,768.69,3.0,0.0,71.36
2026-06-01 15:02:00,Water Scarcity,35.14,36.95,723.72,3.69,0.0,71.35
2026-06-01 15:03:00,Water Scarcity,35.42,37.56,765.06,3.49,0.0,71.4
2026-06-01 15:04:00,Water Scarcity,35.1,38.73,786.24,3.62,0.0,71.35
2026-06-01 15:05:00,Water Scarcity,35.51,35.76,743.4,3.49,0.0,71.42
2026-06-01 15:06:00,Water Scarcity,35.18,37.2,759.76,3.42,0.0,71.36
2026-06-01 15:07:00,Water Scarcity,35.04,37.83,746.1,3.35,0.0,71.33
2026-06-01 15:08:00,Water Scarcity,35.25,38.28,794.26,3.48,0.0,71.37
2026-06-01 15:09:00,Water Scarcity,35.09,37.36,775.14,3.34,0.0,71.34
2026-06-01 15:10:00,Water Scarcity,35.15,37.2,770.95,3.58,0.0,71.35
2026-06-01 15:11:00,Water Scarcity,35.34,37.9,768.31,3.07,0.0,71.39
2026-06-01 15:12:00,Water Scarcity,35.37,36.65,751.46,3.28,0.0,71.4
2026-06-01 15:13:00,Water Scarcity,35.21,37.76,754.79,3.83,0.0,71.37
2026-06-01 15:14:00,Water Scarcity,35.46,35.74,721.77,3.26,0.0,71.41
2026-06-01 15:15:00,Water Scarcity,35.5,36.42,697.44,3.34,0.0,71.42
2026-06-01 15:16:00,Water Scarcity,35.55,35.38,747.77,3.21,0.0,71.43
2026-06-01 15:17:00,Water Scarcity,35.43,36.09,749.64,3.46,0.0,71.41
2026-06-01 15:18:00,Water Scarcity,35.56,36.85,767.27,3.24,0.0,71.43
2026-06-01 15:19:00,Water Scarcity,35.09,37.64,773.2,3.35,0.0,71.34
2026-06-01 15:20:00,Water Scarcity,35.33,36.8,771.05,3.57,0.0,71.39
2026-06-01 15:21:00,Water Scarcity,35.26,36.74,712.34,3.24,0.0,71.38
2026-06-01 15:22:00,Water Scarcity,35.42,36.61,724.54,3.55,0.0,71.4
2026-06-01 15:23:00,Water Scarcity,35.33,37.19,740.75,3.56,0.0,71.39
2026-06-01 15:24:00,Water Scarcity,35.4,37.4,783.46,3.6,0.0,71.4
2026-06-01 15:25:00,Water Scarcity,35.71,34.35,758.32,3.41,0.0,71.45
2026-06-01 15:26:00,Water Scarcity,35.42,36.26,748.3,4.06,0.0,71.4
2026-06-01 15:27:00,Water Scarcity,35.51,36.58,713.49,3.6,0.0,71.42
2026-06-01 15:28:00,Water Scarcity,35.43,36.67,700.71,3.44,0.0,71.41
2026-06-01 15:29:00,Water Scarcity,35.48,36.82,734.65,3.19,0.0,71.42
2026-06-01 15:30:00,Water Scarcity,35.48,36.74,691.91,3.35,0.0,71.42
2026-06-01 15:31:00,Water Scarcity,35.56,36.19,708.29,3.67,0.0,71.43
2026-06-01 15:32:00,Water Scarcity,35.67,35.73,708.79,3.73,0.0,71.45
2026-06-01 15:33:00,Water Scarcity,35.75,35.67,742.97,3.68,0.0,71.46
2026-06-01 15:34:00,Water Scarcity,35.56,37.04,699.39,3.53,0.0,71.43
2026-06-01 15:35:00,Water Scarcity,35.61,35.77,653.17,3.1,0.0,71.44
2026-06-01 15:36:00,Water Scarcity,35.36,36.88,713.18,3.46,0.0,71.39
2026-06-01 15:37:00,Water Scarcity,35.53,36.56,685.66,3.1,0.0,71.42
2026-06-01 15:38:00,Water Scarcity,35.69,36.94,699.03,3.05,0.0,71.45
2026-06-01 15:39:00,Water Scarcity,35.69,35.83,694.11,3.41,0.0,71.45
2026-06-01 15:40:00,Water Scarcity,35.6,36.83,688.0,3.47,0.0,71.44
2026-06-01 15:41:00,Water Scarcity,35.7,36.7,707.85,3.54,0.0,71.45
2026-06-01 15:42:00,Water Scarcity,35.65,36.06,657.52,3.46,0.0,71.44
2026-06-01 15:43:00,Water Scarcity,35.77,35.66,676.3,3.46,0.0,71.46
2026-06-01 15:44:00,Water Scarcity,35.64,35.95,698.74,3.14,0.0,71.44
2026-06-01 15:45:00,Water Scarcity,35.55,36.24,669.84,3.32,0.0,71.43
2026-06-01 15:46:00,Water Scarcity,35.66,36.6,647.3,3.03,0.0,71.45
2026-06-01 15:47:00,Water Scarcity,35.17,37.57,691.43,2.92,0.0,71.36
2026-06-01 15:48:00,Water Scarcity,35.68,36.17,698.29,3.5,0.0,71.45
2026-06-01 15:49:00,Water Scarcity,35.08,37.02,672.3,3.18,0.0,71.34
2026-06-01 15:50:00,Water Scarcity,35.37,36.29,631.42,3.52,0.0,71.4
2026-06-01 15:51:00,Water Scarcity,35.71,37.24,682.72,3.57,0.0,71.45
2026-06-01 15:52:00,Water Scarcity,35.72,35.82,633.04,3.2,0.0,71.46
2026-06-01 15:53:00,Water Scarcity,35.48,36.13,670.01,3.46,0.0,71.42
2026-06-01 15:54:00,Water Scarcity,35.55,37.25,643.89,3.19,0.0,71.43
2026-06-01 15:55:00,Water Scarcity,35.87,35.67,636.2,2.94,0.0,71.48
2026-06-01 15:56:00,Water Scarcity,35.59,36.61,648.05,3.35,0.0,71.43
2026-06-01 15:57:00,Water Scarcity,36.01,35.03,650.77,3.22,0.0,71.5
2026-06-01 15:58:00,Water Scarcity,35.68,35.84,639.37,3.23,0.0,71.45
2026-06-01 15:59:00,Water Scarcity,35.74,35.75,661.03,3.73,0.0,71.46
2026-06-01 16:00:00,Water Scarcity,35.93,34.5,638.48,3.0,0.0,71.49
2026-06-01 16:01:00,Water Scarcity,35.71,35.89,663.68,3.4,0.0,71.45
2026-06-01 16:02:00,Water Scarcity,35.54,36.58,647.7,3.1,0.0,71.43
2026-06-01 16:03:00,Water Scarcity,35.68,37.13,626.45,3.5,0.0,71.45
2026-06-01 16:04:00,Water Scarcity,35.7,36.03,620.83,3.37,0.0,71.45
2026-06-01 16:05:00,Water Scarcity,35.5,35.12,603.55,3.39,0.0,71.42
2026-06-01 16:06:00,Water Scarcity,35.67,35.99,637.98,3.11,0.0,71.45
2026-06-01 16:07:00,Water Scarcity,35.6,37.88,623.28,3.14,0.0,71.44
2026-06-01 16:08:00,Water Scarcity,35.86,36.05,582.84,3.5,0.0,71.48
2026-06-01 16:09:00,Water Scarcity,35.73,35.41,614.95,3.67,0.0,71.46
2026-06-01 16:10:00,Water Scarcity,35.68,36.37,605.67,3.4,0.0,71.45
2026-06-01 16:11:00,Water Scarcity,35.71,35.49,649.29,3.11,0.0,71.45
2026-06-01 16:12:00,Water Scarcity,35.76,34.98,585.92,3.36,0.0,71.46
2026-06-01 16:13:00,Water Scarcity,35.83,35.41,588.34,3.8,0.0,71.47
2026-06-01 16:14:00,Water Scarcity,35.59,36.34,632.78,3.31,0.0,71.43
2026-06-01 16:15:00,Water Scarcity,35.58,35.17,634.66,3.59,0.0,71.43
2026-06-01 16:16:00,Water Scarcity,35.91,34.71,593.71,3.13,0.0,71.49
2026-06-01 16:17:00,Water Scarcity,35.68,36.03,593.25,3.27,0.0,71.45
2026-06-01 16:18:00,Water Scarcity,35.53,36.19,613.28,3.41,0.0,71.42
2026-06-01 16:19:00,Water Scarcity,35.81,35.89,557.71,3.36,0.0,71.47
2026-06-01 16:20:00,Water Scarcity,35.82,34.91,563.64,3.11,0.0,71.47
2026-06-01 16:21:00,Water Scarcity,35.52,36.9,589.37,3.1,0.0,71.42
2026-06-01 16:22:00,Water Scarcity,35.78,35.02,619.28,3.48,0.0,71.47
2026-06-01 16:23:00,Water Scarcity,35.86,36.5,581.45,3.52,0.0,71.48
2026-06-01 16:24:00,Water Scarcity,35.81,34.64,588.31,3.58,0.0,71.47
2026-06-01 16:25:00,Water Scarcity,35.85,34.9,603.76,3.64,0.0,71.48
2026-06-01 16:26:00,Water Scarcity,35.54,36.65,618.0,3.29,0.0,71.43
2026-06-01 16:27:00,Water Scarcity,35.8,36.68,568.6,3.19,0.0,71.47
2026-06-01 16:28:00,Water Scarcity,35.71,36.13,575.66,3.54,0.0,71.45
2026-06-01 16:29:00,Water Scarcity,35.68,36.35,604.63,3.4,0.0,71.45
2026-06-01 16:30:00,Water Scarcity,35.89,35.46,544.56,3.04,0.0,71.48
2026-06-01 16:31:00,Water Scarcity,35.98,34.58,585.45,3.03,0.0,71.5
2026-06-01 16:32:00,Water Scarcity,36.02,34.77,547.98,3.35,0.0,71.5
2026-06-01 16:33:00,Water Scarcity,35.95,34.54,564.28,3.2,0.0,71.49
2026-06-01 16:34:00,Water Scarcity,35.74,35.1,555.78,3.23,0.0,71.46
2026-06-01 16:35:00,Water Scarcity,35.81,35.91,541.13,3.46,0.0,71.47
2026-06-01 16:36:00,Water Scarcity,35.87,34.83,538.07,3.39,0.0,71.48
2026-06-01 16:37:00,Water Scarcity,35.77,35.97,556.27,3.51,0.0,71.46
2026-06-01 16:38:00,Water Scarcity,35.77,34.99,565.35,2.82,0.0,71.46
2026-06-01 16:39:00,Water Scarcity,35.87,35.67,544.09,3.28,0.0,71.48
2026-06-01 16:40:00,Water Scarcity,35.74,35.57,544.61,3.37,0.0,71.46
2026-06-01 16:41:00,Water Scarcity,35.64,36.99,549.97,2.9,0.0,71.44
2026-06-01 16:42:00,Water Scarcity,35.68,36.21,522.26,3.08,0.0,71.45
2026-06-01 16:43:00,Water Scarcity,35.84,36.33,547.04,3.04,0.0,71.48
2026-06-01 16:44:00,Water Scarcity,35.74,35.4,545.47,3.22,0.0,71.46
2026-06-01 16:45:00,Water Scarcity,35.79,35.75,570.97,3.55,0.0,71.47
2026-06-01 16:46:00,Water Scarcity,35.84,35.0,520.86,3.63,0.0,71.48
2026-06-01 16:47:00,Water Scarcity,35.68,35.78,516.8,3.03,0.0,71.45
2026-06-01 16:48:00,Water Scarcity,35.84,35.41,533.22,3.31,0.0,71.48
2026-06-01 16:49:00,Water Scarcity,35.78,35.3,531.11,3.32,0.0,71.47
2026-06-01 16:50:00,Water Scarcity,35.54,35.69,507.27,3.28,0.0,71.43
2026-06-01 16:51:00,Water Scarcity,35.94,34.46,506.52,3.28,0.0,71.49
2026-06-01 16:52:00,Water Scarcity,35.64,34.72,518.16,3.25,0.0,71.44
2026-06-01 16:53:00,Water Scarcity,35.47,35.98,494.45,3.54,0.0,71.41
2026-06-01 16:54:00,Water Scarcity,35.55,36.75,497.97,3.42,0.0,71.43
2026-06-01 16:55:00,Water Scarcity,35.55,35.41,502.67,2.96,0.0,71.43
2026-06-01 16:56:00,Water Scarcity,35.71,35.12,513.35,3.35,0.0,71.45
2026-06-01 16:57:00,Water Scarcity,35.66,37.16,486.59,3.36,0.0,71.45
2026-06-01 16:58:00,Water Scarcity,35.64,35.74,465.47,3.24,0.0,71.44
2026-06-01 16:59:00,Water Scarcity,35.78,35.93,461.65,3.41,0.0,71.47
2026-06-01 17:00:00,Water Scarcity,35.74,36.25,468.52,3.21,0.0,71.46
2026-06-01 17:01:00,Water Scarcity,35.73,36.29,464.95,3.21,0.0,71.46
2026-06-01 17:02:00,Water Scarcity,35.74,34.95,478.87,3.19,0.0,71.46
2026-06-01 17:03:00,Water Scarcity,35.76,35.65,461.14,2.73,0.0,71.46
2026-06-01 17:04:00,Water Scarcity,35.35,35.97,465.25,3.14,0.0,71.39
2026-06-01 17:05:00,Water Scarcity,35.61,37.7,461.37,3.01,0.0,71.44
2026-06-01 17:06:00,Water Scarcity,35.33,36.04,463.2,2.9,0.0,71.39
2026-06-01 17:07:00,Water Scarcity,35.66,35.46,484.97,3.45,0.0,71.45
2026-06-01 17:08:00,Water Scarcity,35.64,35.5,472.72,3.25,0.0,71.44
2026-06-01 17:09:00,Water Scarcity,35.8,34.81,460.78,3.13,0.0,71.47
2026-06-01 17:10:00,Water Scarcity,35.81,36.47,451.27,3.02,0.0,71.47
2026-06-01 17:11:00,Water Scarcity,35.66,37.54,448.72,3.2,0.0,71.45
2026-06-01 17:12:00,Water Scarcity,35.54,36.11,456.1,3.34,0.0,71.43
2026-06-01 17:13:00,Water Scarcity,35.69,35.21,456.54,2.95,0.0,71.45
2026-06-01 17:14:00,Water Scarcity,35.53,35.11,433.56,3.12,0.0,71.42
2026-06-01 17:15:00,Water Scarcity,35.6,36.1,443.18,3.3,0.0,71.44
2026-06-01 17:16:00,Water Scarcity,35.74,35.67,412.9,2.71,0.0,71.46
2026-06-01 17:17:00,Water Scarcity,35.5,36.13,439.47,3.1,0.0,71.42
2026-06-01 17:18:00,Water Scarcity,35.7,36.1,443.6,3.02,0.0,71.45
2026-06-01 17:19:00,Water Scarcity,35.67,36.28,427.05,3.08,0.0,71.45
2026-06-01 17:20:00,Water Scarcity,35.42,36.94,450.95,3.0,0.0,71.4
2026-06-01 17:21:00,Water Scarcity,35.7,35.77,413.39,3.13,0.0,71.45
2026-06-01 17:22:00,Water Scarcity,35.65,35.44,424.33,3.5,0.0,71.44
2026-06-01 17:23:00,Water Scarcity,35.56,36.77,418.09,3.03,0.0,71.43
2026-06-01 17:24:00,Water Scarcity,35.42,36.76,414.24,3.15,0.0,71.4
2026-06-01 17:25:00,Water Scarcity,35.39,37.35,411.02,3.51,0.0,71.4
2026-06-01 17:26:00,Water Scarcity,35.43,37.18,410.7,2.97,0.0,71.41
2026-06-01 17:27:00,Water Scarcity,35.59,35.43,416.65,3.47,0.0,71.43
2026-06-01 17:28:00,Water Scarcity,35.35,36.07,419.91,3.08,0.0,71.39
2026-06-01 17:29:00,Water Scarcity,35.55,35.92,400.14,3.45,0.0,71.43
2026-06-01 17:30:00,Water Scarcity,35.29,36.46,406.8,3.23,0.0,71.38
2026-06-01 17:31:00,Water Scarcity,35.44,37.14,385.71,3.14,0.0,71.41
2026-06-01 17:32:00,Water Scarcity,35.48,36.8,399.89,3.05,0.0,71.42
2026-06-01 17:33:00,Water Scarcity,35.82,36.3,378.95,2.93,0.0,71.47
2026-06-01 17:34:00,Water Scarcity,35.24,37.5,397.3,3.08,0.0,71.37
2026-06-01 17:35:00,Water Scarcity,35.65,36.22,406.91,3.25,0.0,71.44
2026-06-01 17:36:00,Water Scarcity,35.44,37.4,377.1,3.05,0.0,71.41
2026-06-01 17:37:00,Water Scarcity,35.47,36.88,350.68,2.98,0.0,71.41
2026-06-01 17:38:00,Water Scarcity,35.42,36.79,366.12,3.0,0.0,71.4
2026-06-01 17:39:00,Water Scarcity,35.46,37.53,382.76,3.25,0.0,71.41
2026-06-01 17:40:00,Water Scarcity,35.36,36.99,372.05,3.3,0.0,71.39
2026-06-01 17:41:00,Water Scarcity,35.59,36.1,365.55,2.9,0.0,71.43
2026-06-01 17:42:00,Water Scarcity,35.29,36.6,370.58,2.89,0.0,71.38
2026-06-01 17:43:00,Water Scarcity,35.52,36.9,361.73,3.11,0.0,71.42
2026-06-01 17:44:00,Water Scarcity,35.24,37.99,366.3,3.35,0.0,71.37
2026-06-01 17:45:00,Water Scarcity,35.32,37.0,359.89,3.26,0.0,71.39
2026-06-01 17:46:00,Water Scarcity,35.15,38.27,362.91,2.76,0.0,71.35
2026-06-01 17:47:00,Water Scarcity,35.37,35.7,347.6,2.96,0.0,71.4
2026-06-01 17:48:00,Water Scarcity,35.51,36.47,349.98,2.82,0.0,71.42
2026-06-01 17:49:00,Water Scarcity,35.27,37.15,334.43,2.95,0.0,71.38
2026-06-01 17:50:00,Water Scarcity,35.24,36.82,328.33,3.34,0.0,71.37
2026-06-01 17:51:00,Water Scarcity,35.09,39.1,348.13,2.7,0.0,71.34
2026-06-01 17:52:00,Water Scarcity,35.21,37.29,330.11,2.66,0.0,71.37
2026-06-01 17:53:00,Water Scarcity,34.99,37.69,332.62,2.82,0.0,71.32
2026-06-01 17:54:00,Water Scarcity,35.08,37.7,322.77,3.05,0.0,71.34
2026-06-01 17:55:00,Water Scarcity,35.24,36.05,312.77,3.12,0.0,71.37
2026-06-01 17:56:00,Water Scarcity,35.39,36.37,315.26,3.08,0.0,71.4
2026-06-01 17:57:00,Water Scarcity,35.6,36.84,325.38,3.23,0.0,71.44
2026-06-01 17:58:00,Water Scarcity,35.08,37.32,313.87,2.61,0.0,71.34
2026-06-01 17:59:00,Water Scarcity,35.37,36.39,289.81,3.22,0.0,71.4
2026-06-01 18:00:00,Water Scarcity,35.18,38.21,300.32,2.91,0.0,71.36
2026-06-01 18:01:00,Water Scarcity,35.1,38.43,315.03,3.12,0.0,71.35
2026-06-01 18:02:00,Water Scarcity,35.18,37.73,293.9,2.69,0.0,71.36
2026-06-01 18:03:00,Water Scarcity,35.11,37.34,276.76,2.96,0.0,71.35
2026-06-01 18:04:00,Water Scarcity,35.1,37.49,305.75,3.01,0.0,71.35
2026-06-01 18:05:00,Water Scarcity,35.01,37.41,291.92,3.2,0.0,71.33
2026-06-01 18:06:00,Water Scarcity,34.85,37.75,282.22,2.62,0.0,71.3
2026-06-01 18:07:00,Water Scarcity,34.81,37.82,276.44,2.95,0.0,71.29
2026-06-01 18:08:00,Water Scarcity,35.12,37.2,285.27,2.71,0.0,71.35
2026-06-01 18:09:00,Water Scarcity,34.97,37.38,268.59,3.05,0.0,71.32
2026-06-01 18:10:00,Water Scarcity,34.91,37.23,279.05,3.1,0.0,71.31
2026-06-01 18:11:00,Water Scarcity,34.98,38.09,270.82,3.2,0.0,71.32
2026-06-01 18:12:00,Water Scarcity,35.09,37.82,265.14,2.82,0.0,71.34
2026-06-01 18:13:00,Water Scarcity,34.98,38.99,261.07,3.12,0.0,71.32
2026-06-01 18:14:00,Water Scarcity,34.84,37.96,255.3,3.21,0.0,71.29
2026-06-01 18:15:00,Water Scarcity,35.1,37.8,261.31,2.57,0.0,71.35
2026-06-01 18:16:00,Water Scarcity,35.14,37.71,243.58,3.04,0.0,71.35
2026-06-01 18:17:00,Water Scarcity,34.96,37.87,234.77,3.11,0.0,71.32
2026-06-01 18:18:00,Water Scarcity,35.02,38.31,247.96,2.85,0.0,71.33
2026-06-01 18:19:00,Water Scarcity,35.04,38.26,244.72,2.65,0.0,71.33
2026-06-01 18:20:00,Water Scarcity,35.01,38.08,240.28,3.1,0.0,71.33
2026-06-01 18:21:00,Water Scarcity,34.92,37.99,236.42,2.64,0.0,71.31
2026-06-01 18:22:00,Water Scarcity,34.9,37.99,228.04,2.85,0.0,71.31
2026-06-01 18:23:00,Water Scarcity,34.87,37.46,232.3,2.88,0.0,71.3
2026-06-01 18:24:00,Water Scarcity,34.61,38.52,223.31,3.03,0.0,71.25
2026-06-01 18:25:00,Water Scarcity,34.86,37.93,217.08,2.75,0.0,71.3
2026-06-01 18:26:00,Water Scarcity,34.54,38.53,214.95,2.73,0.0,71.23
2026-06-01 18:27:00,Water Scarcity,34.6,39.28,226.6,2.89,0.0,71.24
2026-06-01 18:28:00,Water Scarcity,34.9,38.91,199.37,3.08,0.0,71.31
2026-06-01 18:29:00,Water Scarcity,34.81,37.89,210.09,3.34,0.0,71.29
2026-06-01 18:30:00,Water Scarcity,34.89,38.38,193.39,2.54,0.0,71.3
2026-06-01 18:31:00,Water Scarcity,34.61,38.37,199.66,2.92,0.0,71.25
2026-06-01 18:32:00,Water Scarcity,34.46,39.23,194.41,2.62,0.0,71.21
2026-06-01 18:33:00,Water Scarcity,34.58,38.67,181.52,3.06,0.0,71.24
2026-06-01 18:34:00,Water Scarcity,34.61,39.35,192.5,2.65,0.0,71.25
2026-06-01 18:35:00,Water Scarcity,34.59,38.64,184.8,2.7,0.0,71.24
2026-06-01 18:36:00,Water Scarcity,34.73,39.27,172.02,2.71,0.0,71.27
2026-06-01 18:37:00,Water Scarcity,34.49,39.19,184.76,2.82,0.0,71.22
2026-06-01 18:38:00,Water Scarcity,34.58,38.7,184.48,2.9,0.0,71.24
2026-06-01 18:39:00,Water Scarcity,34.36,38.95,181.26,2.93,0.0,71.19
2026-06-01 18:40:00,Water Scarcity,34.55,39.31,171.98,2.82,0.0,71.23
2026-06-01 18:41:00,Water Scarcity,34.47,39.93,167.01,2.54,0.0,71.22
2026-06-01 18:42:00,Water Scarcity,34.33,39.93,169.93,2.97,0.0,71.19
2026-06-01 18:43:00,Water Scarcity,34.39,40.95,168.12,2.8,0.0,67.0
2026-06-01 18:44:00,Water Scarcity,34.38,40.49,162.0,3.05,0.0,68.85
2026-06-01 18:45:00,Water Scarcity,34.35,39.54,148.97,2.65,0.0,71.19
2026-06-01 18:46:00,Water Scarcity,34.63,38.74,150.83,2.46,0.0,71.25
2026-06-01 18:47:00,Water Scarcity,34.33,40.05,148.48,2.79,0.0,70.93
2026-06-01 18:48:00,Water Scarcity,34.29,39.38,135.4,3.06,0.0,71.18
2026-06-01 18:49:00,Water Scarcity,33.99,41.41,141.76,2.82,0.0,64.9
2026-06-01 18:50:00,Water Scarcity,34.15,40.48,145.7,2.74,0.0,68.78
2026-06-01 18:51:00,Water Scarcity,34.23,40.21,135.57,2.6,0.0,70.09
2026-06-01 18:52:00,Water Scarcity,34.14,40.71,135.36,3.14,0.0,67.77
2026-06-01 18:53:00,Water Scarcity,34.43,40.52,126.93,2.56,0.0,68.75
2026-06-01 18:54:00,Water Scarcity,34.18,40.29,122.58,2.62,0.0,69.68
2026-06-01 18:55:00,Water Scarcity,34.38,39.58,120.82,2.88,0.0,71.2
2026-06-01 18:56:00,Water Scarcity,34.17,41.12,113.22,2.37,0.0,66.22
2026-06-01 18:57:00,Water Scarcity,34.15,40.86,109.41,3.02,0.0,67.18
2026-06-01 18:58:00,Water Scarcity,34.11,40.2,113.42,2.88,0.0,70.09
2026-06-01 18:59:00,Water Scarcity,34.1,40.42,110.23,2.94,0.0,69.02
2026-06-01 19:00:00,Water Scarcity,34.33,39.88,99.42,2.86,0.0,71.19
2026-06-01 19:01:00,Water Scarcity,33.71,41.72,101.94,2.71,0.0,59.65
2026-06-01 19:02:00,Water Scarcity,33.73,40.62,95.41,2.51,0.0,62.85
2026-06-01 19:03:00,Water Scarcity,33.93,39.96,93.2,2.7,0.0,68.71
2026-06-01 19:04:00,Water Scarcity,33.99,40.18,90.08,2.52,0.0,69.94
2026-06-01 19:05:00,Water Scarcity,34.07,39.92,88.0,2.83,0.0,71.13
2026-06-01 19:06:00,Water Scarcity,34.01,40.26,82.24,2.89,0.0,69.75
2026-06-01 19:07:00,Water Scarcity,33.86,41.45,81.95,3.03,0.0,62.66
2026-06-01 19:08:00,Water Scarcity,34.05,40.45,75.92,2.79,0.0,68.86
2026-06-01 19:09:00,Water Scarcity,34.03,40.72,73.15,2.9,0.0,67.66
2026-06-01 19:10:00,Water Scarcity,33.88,40.29,66.68,2.64,0.0,67.11
2026-06-01 19:11:00,Water Scarcity,33.97,40.49,69.19,2.6,0.0,68.05
2026-06-01 19:12:00,Water Scarcity,33.85,41.47,62.43,2.79,0.0,62.44
2026-06-01 19:13:00,Water Scarcity,33.7,41.88,59.39,2.61,0.0,59.16
2026-06-01 19:14:00,Water Scarcity,33.86,40.63,52.09,2.74,0.0,65.37
2026-06-01 19:15:00,Water Scarcity,33.75,41.47,50.05,2.46,0.0,60.86
2026-06-01 19:16:00,Water Scarcity,33.71,42.81,49.68,2.49,0.0,57.58
2026-06-01 19:17:00,Water Scarcity,33.91,40.93,44.86,2.81,0.0,65.17
2026-06-01 19:18:00,Water Scarcity,33.3,42.23,38.7,2.86,0.0,53.14
2026-06-01 19:19:00,Water Scarcity,33.43,42.17,38.81,2.46,0.0,54.91
2026-06-01 19:20:00,Water Scarcity,33.44,42.3,33.66,2.8,0.0,54.86
2026-06-01 19:21:00,Water Scarcity,33.54,41.88,32.1,2.55,0.0,56.87
2026-06-01 19:22:00,Water Scarcity,33.53,41.98,27.31,2.66,0.0,56.56
2026-06-01 19:23:00,Water Scarcity,33.32,41.72,24.1,2.95,0.0,54.07
2026-06-01 19:24:00,Water Scarcity,33.37,41.86,21.26,2.82,0.0,54.55
2026-06-01 19:25:00,Water Scarcity,33.37,42.36,16.65,2.81,0.0,53.88
2026-06-01 19:26:00,Water Scarcity,33.84,41.04,13.28,3.04,0.0,63.57
2026-06-01 19:27:00,Water Scarcity,33.71,41.14,10.21,2.49,0.0,61.1
2026-06-01 19:28:00,Water Scarcity,33.36,42.37,7.02,2.42,0.0,53.74
2026-06-01 19:29:00,Water Scarcity,33.34,42.56,3.29,2.47,0.0,53.27
2026-06-01 19:30:00,Water Scarcity,33.2,43.46,0.0,2.57,0.0,50.88
2026-06-01 19:31:00,Water Scarcity,33.06,43.25,0.0,2.12,0.0,49.46
2026-06-01 19:32:00,Water Scarcity,33.3,42.87,0.0,2.57,0.0,52.47
2026-06-01 19:33:00,Water Scarcity,33.14,42.75,0.0,2.5,0.0,50.68
2026-06-01 19:34:00,Water Scarcity,33.25,43.11,0.0,2.77,0.0,51.68
2026-06-01 19:35:00,Water Scarcity,33.0,43.69,0.0,2.68,0.0,48.63
2026-06-01 19:36:00,Water Scarcity,33.1,43.71,0.0,2.47,0.0,49.67
2026-06-01 19:37:00,Water Scarcity,33.21,43.31,0.0,2.72,0.0,51.09
2026-06-01 19:38:00,Water Scarcity,33.22,43.22,0.0,2.74,0.0,51.26
2026-06-01 19:39:00,Water Scarcity,33.2,42.86,0.0,2.42,0.0,51.3
2026-06-01 19:40:00,Water Scarcity,32.91,43.86,0.0,2.48,0.0,47.66
2026-06-01 19:41:00,Water Scarcity,33.21,43.52,0.0,2.11,0.0,50.95
2026-06-01 19:42:00,Water Scarcity,32.94,43.25,0.0,2.34,0.0,48.16
2026-06-01 19:43:00,Water Scarcity,33.12,42.74,0.0,2.41,0.0,50.46
2026-06-01 19:44:00,Water Scarcity,33.0,43.57,0.0,2.58,0.0,48.68
2026-06-01 19:45:00,Water Scarcity,32.77,44.36,0.0,2.36,0.0,46.21
2026-06-01 19:46:00,Water Scarcity,32.9,43.25,0.0,2.45,0.0,47.73
2026-06-01 19:47:00,Water Scarcity,32.98,43.49,0.0,2.3,0.0,48.5
2026-06-01 19:48:00,Water Scarcity,32.99,43.45,0.0,2.58,0.0,48.62
2026-06-01 19:49:00,Water Scarcity,32.85,42.57,0.0,2.63,0.0,47.32
2026-06-01 19:50:00,Water Scarcity,33.07,43.14,0.0,2.62,0.0,49.63
2026-06-01 19:51:00,Water Scarcity,32.96,43.48,0.0,2.54,0.0,48.29
2026-06-01 19:52:00,Water Scarcity,32.75,44.08,0.0,2.21,0.0,46.04
2026-06-01 19:53:00,Water Scarcity,32.87,44.68,0.0,2.4,0.0,47.02
2026-06-01 19:54:00,Water Scarcity,33.02,42.69,0.0,2.44,0.0,49.33
2026-06-01 19:55:00,Water Scarcity,32.99,42.99,0.0,2.43,0.0,48.82
2026-06-01 19:56:00,Water Scarcity,32.49,43.32,0.0,2.53,0.0,43.52
2026-06-01 19:57:00,Water Scarcity,32.5,44.56,0.0,2.81,0.0,43.7
2026-06-01 19:58:00,Water Scarcity,32.84,43.68,0.0,2.68,0.0,46.99
2026-06-01 19:59:00,Water Scarcity,32.43,44.75,0.0,2.3,0.0,43.07
2026-06-01 20:00:00,Water Scarcity,32.36,45.91,0.0,2.64,0.0,41.83
2026-06-01 20:01:00,Water Scarcity,32.46,45.5,0.0,2.63,0.0,43.17
2026-06-01 20:02:00,Water Scarcity,32.56,44.73,0.0,2.32,0.0,44.26
2026-06-01 20:03:00,Water Scarcity,32.46,44.76,0.0,2.66,0.0,43.35
2026-06-01 20:04:00,Water Scarcity,32.34,45.9,0.0,2.45,0.0,41.73
2026-06-01 20:05:00,Water Scarcity,32.31,45.37,0.0,2.18,0.0,41.96
2026-06-01 20:06:00,Water Scarcity,32.28,44.99,0.0,2.57,0.0,41.68
2026-06-01 20:07:00,Water Scarcity,32.22,44.6,0.0,2.52,0.0,41.2
2026-06-01 20:08:00,Water Scarcity,32.67,44.13,0.0,2.42,0.0,45.27
2026-06-01 20:09:00,Water Scarcity,32.34,45.75,0.0,2.45,0.0,42.0
2026-06-01 20:10:00,Water Scarcity,32.4,46.5,0.0,2.31,0.0,40.95
2026-06-01 20:11:00,Water Scarcity,32.16,45.83,0.0,2.58,0.0,40.73
2026-06-01 20:12:00,Water Scarcity,32.18,45.29,0.0,2.44,0.0,40.88
2026-06-01 20:13:00,Water Scarcity,32.07,45.34,0.0,2.48,0.0,40.05
2026-06-01 20:14:00,Water Scarcity,31.75,47.28,0.0,2.52,0.0,36.78
2026-06-01 20:15:00,Water Scarcity,31.91,45.44,0.0,2.19,0.0,38.99
2026-06-01 20:16:00,Water Scarcity,31.81,47.09,0.0,2.25,0.0,37.31
2026-06-01 20:17:00,Water Scarcity,31.72,47.52,0.0,1.96,0.0,36.71
2026-06-01 20:18:00,Water Scarcity,31.85,46.94,0.0,2.54,0.0,37.72
2026-06-01 20:19:00,Water Scarcity,32.19,45.58,0.0,2.17,0.0,40.96
2026-06-01 20:20:00,Water Scarcity,31.96,46.7,0.0,2.44,0.0,38.54
2026-06-01 20:21:00,Water Scarcity,32.13,46.0,0.0,2.49,0.0,40.5
2026-06-01 20:22:00,Water Scarcity,31.96,45.88,0.0,2.53,0.0,39.25
2026-06-01 20:23:00,Water Scarcity,31.99,47.39,0.0,2.15,0.0,37.53
2026-06-01 20:24:00,Water Scarcity,31.71,46.85,0.0,2.39,0.0,37.48
2026-06-01 20:25:00,Water Scarcity,31.89,47.02,0.0,2.75,0.0,37.69
2026-06-01 20:26:00,Water Scarcity,31.89,45.11,0.0,2.75,0.0,38.7
2026-06-01 20:27:00,Water Scarcity,31.66,47.95,0.0,2.6,0.0,35.22
2026-06-01 20:28:00,Water Scarcity,31.8,47.68,0.0,2.45,0.0,36.11
2026-06-01 20:29:00,Water Scarcity,31.77,46.91,0.0,2.17,0.0,38.48
2026-06-01 20:30:00,Water Scarcity,31.57,47.78,0.0,2.53,0.0,35.36
2026-06-01 20:31:00,Water Scarcity,31.45,48.1,0.0,2.34,0.0,34.58
2026-06-01 20:32:00,Water Scarcity,31.41,47.49,0.0,2.49,0.0,35.55
2026-06-01 20:33:00,Water Scarcity,31.57,47.77,0.0,2.23,0.0,36.28
2026-06-01 20:34:00,Water Scarcity,31.57,46.94,0.0,2.32,0.0,36.73
2026-06-01 20:35:00,Water Scarcity,31.37,47.62,0.0,2.39,0.0,35.23
2026-06-01 20:36:00,Water Scarcity,31.47,48.41,0.0,2.4,0.0,33.9
2026-06-01 20:37:00,Water Scarcity,31.51,48.18,0.0,2.45,0.0,34.44
2026-06-01 20:38:00,Water Scarcity,31.49,47.24,0.0,2.22,0.0,37.52
2026-06-01 20:39:00,Water Scarcity,31.6,46.92,0.0,2.06,0.0,39.64
2026-06-01 20:40:00,Water Scarcity,31.52,47.18,0.0,2.68,0.0,36.37
2026-06-01 20:41:00,Water Scarcity,31.15,49.05,0.0,2.85,0.0,32.12
2026-06-01 20:42:00,Water Scarcity,31.52,46.98,0.0,2.42,0.0,36.43
2026-06-01 20:43:00,Water Scarcity,31.15,48.81,0.0,2.04,0.0,36.13
2026-06-01 20:44:00,Water Scarcity,31.36,48.48,0.0,2.16,0.0,35.96
2026-06-01 20:45:00,Water Scarcity,31.18,48.47,0.0,2.42,0.0,33.47
2026-06-01 20:46:00,Water Scarcity,31.07,49.43,0.0,2.59,0.0,31.26
2026-06-01 20:47:00,Water Scarcity,30.83,49.31,0.0,2.05,0.0,35.63
2026-06-01 20:48:00,Water Scarcity,31.04,48.77,0.0,2.28,0.0,34.44
2026-06-01 20:49:00,Water Scarcity,30.8,48.99,0.0,2.34,0.0,33.71
2026-06-01 20:50:00,Water Scarcity,31.15,49.22,0.0,2.48,0.0,31.77
2026-06-01 20:51:00,Water Scarcity,31.2,48.02,0.0,2.22,0.0,36.37
2026-06-01 20:52:00,Water Scarcity,30.82,49.74,0.0,1.96,0.0,33.36
2026-06-01 20:53:00,Water Scarcity,30.95,49.13,0.0,2.41,0.0,32.6
2026-06-01 20:54:00,Water Scarcity,30.76,49.06,0.0,2.51,0.0,32.15
2026-06-01 20:55:00,Water Scarcity,30.74,49.38,0.0,2.26,0.0,33.8
2026-06-01 20:56:00,Water Scarcity,30.92,50.08,0.0,2.36,0.0,31.31
2026-06-01 20:57:00,Water Scarcity,30.76,49.81,0.0,2.17,0.0,33.83
2026-06-01 20:58:00,Water Scarcity,30.99,48.43,0.0,2.08,0.0,37.52
2026-06-01 20:59:00,Water Scarcity,30.63,50.24,0.0,2.47,0.0,30.83
2026-06-01 21:00:00,Water Scarcity,30.81,49.45,0.0,2.34,0.0,32.79
2026-06-01 21:01:00,Water Scarcity,30.65,52.08,0.0,2.35,0.0,31.8
2026-06-01 21:02:00,Water Scarcity,30.72,49.98,0.0,2.56,0.0,30.06
2026-06-01 21:03:00,Water Scarcity,30.49,50.2,0.0,2.02,0.0,34.09
2026-06-01 21:04:00,Water Scarcity,30.52,51.21,0.0,2.12,0.0,34.28
2026-06-01 21:05:00,Water Scarcity,30.48,49.38,0.0,2.27,0.0,34.0
2026-06-01 21:06:00,Water Scarcity,30.33,50.93,0.0,2.11,0.0,34.61
2026-06-01 21:07:00,Water Scarcity,30.52,51.54,0.0,2.39,0.0,31.63
2026-06-01 21:08:00,Water Scarcity,30.49,50.38,0.0,2.18,0.0,33.66
2026-06-01 21:09:00,Water Scarcity,30.44,49.53,0.0,2.01,0.0,34.98
2026-06-01 21:10:00,Water Scarcity,30.55,50.04,0.0,2.23,0.0,33.07
2026-06-01 21:11:00,Water Scarcity,30.5,51.28,0.0,2.25,0.0,32.93
2026-06-01 21:12:00,Water Scarcity,30.19,51.49,0.0,2.4,0.0,31.93
2026-06-01 21:13:00,Water Scarcity,30.27,50.55,0.0,2.29,0.0,32.82
2026-06-01 21:14:00,Water Scarcity,30.09,51.15,0.0,2.3,0.0,32.91
2026-06-01 21:15:00,Water Scarcity,30.15,51.06,0.0,2.26,0.0,33.22
2026-06-01 21:16:00,Water Scarcity,30.02,51.97,0.0,2.15,0.0,34.47
2026-06-01 21:17:00,Water Scarcity,30.32,51.73,0.0,2.04,0.0,34.58
2026-06-01 21:18:00,Water Scarcity,30.09,52.18,0.0,2.24,0.0,33.48
2026-06-01 21:19:00,Water Scarcity,29.97,52.16,0.0,2.11,0.0,34.95
2026-06-01 21:20:00,Water Scarcity,30.14,50.6,0.0,2.53,0.0,30.97
2026-06-01 21:21:00,Water Scarcity,29.6,52.1,0.0,2.45,0.0,32.06
2026-06-01 21:22:00,Water Scarcity,29.59,53.25,0.0,2.3,0.0,33.32
2026-06-01 21:23:00,Water Scarcity,29.98,51.06,0.0,2.24,0.0,33.58
2026-06-01 21:24:00,Water Scarcity,29.83,52.13,0.0,2.14,0.0,34.73
2026-06-01 21:25:00,Water Scarcity,29.82,52.47,0.0,1.89,0.0,33.03
2026-06-01 21:26:00,Water Scarcity,29.55,52.36,0.0,2.11,0.0,35.25
2026-06-01 21:27:00,Water Scarcity,29.71,51.99,0.0,2.17,0.0,34.5
2026-06-01 21:28:00,Water Scarcity,29.98,51.8,0.0,2.19,0.0,34.08
2026-06-01 21:29:00,Water Scarcity,29.77,52.76,0.0,2.24,0.0,33.75
2026-06-01 21:30:00,Water Scarcity,29.63,53.46,0.0,2.33,0.0,33.03
2026-06-01 21:31:00,Water Scarcity,29.5,53.55,0.0,1.99,0.0,34.54
2026-06-01 21:32:00,Water Scarcity,29.47,53.31,0.0,1.99,0.0,34.56
2026-06-01 21:33:00,Water Scarcity,29.18,53.64,0.0,2.43,0.0,32.47
2026-06-01 21:34:00,Water Scarcity,29.5,52.55,0.0,2.28,0.0,33.57
2026-06-01 21:35:00,Water Scarcity,29.55,52.75,0.0,2.04,0.0,35.22
2026-06-01 21:36:00,Water Scarcity,29.15,54.41,0.0,2.09,0.0,35.69
2026-06-01 21:37:00,Water Scarcity,29.25,54.09,0.0,2.09,0.0,35.64
2026-06-01 21:38:00,Water Scarcity,29.14,52.94,0.0,2.11,0.0,35.47
2026-06-01 21:39:00,Water Scarcity,29.13,53.75,0.0,2.2,0.0,34.53
2026-06-01 21:40:00,Water Scarcity,29.25,54.62,0.0,2.63,0.0,30.99
2026-06-01 21:41:00,Water Scarcity,28.89,54.94,0.0,2.14,0.0,35.24
2026-06-01 21:42:00,Water Scarcity,29.25,53.02,0.0,2.23,0.0,34.18
2026-06-01 21:43:00,Water Scarcity,29.24,55.33,0.0,1.73,0.0,31.71
2026-06-01 21:44:00,Water Scarcity,29.05,54.42,0.0,1.98,0.0,34.63
2026-06-01 21:45:00,Water Scarcity,28.68,55.7,0.0,2.34,0.0,33.41
2026-06-01 21:46:00,Water Scarcity,28.86,55.2,0.0,2.16,0.0,35.04
2026-06-01 21:47:00,Water Scarcity,29.16,53.91,0.0,1.15,0.0,28.39
2026-06-01 21:48:00,Water Scarcity,28.52,55.47,0.0,2.21,0.0,34.63
2026-06-01 21:49:00,Water Scarcity,28.85,56.27,0.0,2.47,0.0,32.31
2026-06-01 21:50:00,Water Scarcity,28.68,56.06,0.0,1.64,0.0,31.12
2026-06-01 21:51:00,Water Scarcity,28.94,55.23,0.0,2.38,0.0,32.98
2026-06-01 21:52:00,Water Scarcity,28.68,55.8,0.0,1.47,0.0,29.78
2026-06-01 21:53:00,Water Scarcity,28.81,54.51,0.0,2.25,0.0,34.17
2026-06-01 21:54:00,Water Scarcity,28.79,55.92,0.0,2.05,0.0,35.71
2026-06-01 21:55:00,Water Scarcity,28.95,54.22,0.0,1.55,0.0,30.28
2026-06-01 21:56:00,Water Scarcity,28.6,55.85,0.0,2.13,0.0,35.43
2026-06-01 21:57:00,Water Scarcity,28.65,54.56,0.0,2.28,0.0,33.94
2026-06-01 21:58:00,Water Scarcity,28.33,55.21,0.0,2.11,0.0,35.69
2026-06-01 21:59:00,Water Scarcity,28.7,55.61,0.0,2.15,0.0,35.19
2026-06-01 22:00:00,Water Scarcity,28.37,55.86,0.0,1.94,0.0,34.31
2026-06-01 22:01:00,Water Scarcity,28.36,55.17,0.0,1.63,0.0,31.11
2026-06-01 22:02:00,Water Scarcity,28.4,56.57,0.0,2.16,0.0,35.11
2026-06-01 22:03:00,Water Scarcity,28.13,58.27,0.0,2.38,0.0,32.81
2026-06-01 22:04:00,Water Scarcity,28.36,57.2,0.0,2.25,0.0,34.15
2026-06-01 22:05:00,Water Scarcity,28.43,56.01,0.0,1.59,0.0,30.76
2026-06-01 22:06:00,Water Scarcity,28.29,56.56,0.0,1.69,0.0,31.58
2026-06-01 22:07:00,Water Scarcity,27.97,57.98,0.0,1.82,0.0,32.65
2026-06-01 22:08:00,Water Scarcity,28.15,57.62,0.0,1.66,0.0,31.16
2026-06-01 22:09:00,Water Scarcity,28.24,56.49,0.0,2.0,0.0,35.05
2026-06-01 22:10:00,Water Scarcity,27.81,57.92,0.0,2.07,0.0,35.87
2026-06-01 22:11:00,Water Scarcity,27.89,57.85,0.0,1.69,0.0,31.39
2026-06-01 22:12:00,Water Scarcity,28.14,57.3,0.0,2.15,0.0,35.13
2026-06-01 22:13:00,Water Scarcity,28.01,57.25,0.0,2.11,0.0,35.56
2026-06-01 22:14:00,Water Scarcity,27.99,57.31,0.0,1.86,0.0,33.21
2026-06-01 22:15:00,Water Scarcity,28.17,57.72,0.0,1.94,0.0,34.1
2026-06-01 22:16:00,Water Scarcity,27.92,58.31,0.0,1.56,0.0,30.17
2026-06-01 22:17:00,Water Scarcity,27.91,57.91,0.0,1.9,0.0,33.57
2026-06-01 22:18:00,Water Scarcity,28.17,57.91,0.0,1.97,0.0,34.45
2026-06-01 22:19:00,Water Scarcity,27.69,57.98,0.0,2.0,0.0,34.84
2026-06-01 22:20:00,Water Scarcity,27.56,59.54,0.0,2.04,0.0,35.04
2026-06-01 22:21:00,Water Scarcity,27.71,58.5,0.0,2.0,0.0,34.73
2026-06-01 22:22:00,Water Scarcity,27.67,60.24,0.0,1.89,0.0,32.78
2026-06-01 22:23:00,Water Scarcity,27.48,58.09,0.0,2.01,0.0,34.96
2026-06-01 22:24:00,Water Scarcity,27.36,58.71,0.0,2.15,0.0,34.86
2026-06-01 22:25:00,Water Scarcity,27.82,58.1,0.0,1.92,0.0,33.78
2026-06-01 22:26:00,Water Scarcity,27.48,59.04,0.0,2.0,0.0,34.6
2026-06-01 22:27:00,Water Scarcity,27.28,60.53,0.0,1.89,0.0,32.66
2026-06-01 22:28:00,Water Scarcity,27.48,58.4,0.0,1.79,0.0,32.24
2026-06-01 22:29:00,Water Scarcity,27.28,59.89,0.0,2.04,0.0,34.92
2026-06-01 22:30:00,Water Scarcity,27.21,60.24,0.0,1.81,0.0,31.87
2026-06-01 22:31:00,Water Scarcity,27.31,59.71,0.0,2.0,0.0,34.4
2026-06-01 22:32:00,Water Scarcity,27.0,59.56,0.0,1.92,0.0,33.39
2026-06-01 22:33:00,Water Scarcity,27.21,60.39,0.0,1.85,0.0,32.25
2026-06-01 22:34:00,Water Scarcity,27.42,59.72,0.0,1.84,0.0,32.39
2026-06-01 22:35:00,Water Scarcity,27.17,60.03,0.0,1.8,0.0,31.84
2026-06-01 22:36:00,Water Scarcity,27.01,60.23,0.0,1.56,0.0,29.54
2026-06-01 22:37:00,Water Scarcity,26.96,60.39,0.0,1.98,0.0,33.88
2026-06-01 22:38:00,Water Scarcity,26.94,60.26,0.0,1.95,0.0,33.53
2026-06-01 22:39:00,Water Scarcity,26.93,60.72,0.0,2.07,0.0,35.09
2026-06-01 22:40:00,Water Scarcity,26.88,60.5,0.0,1.78,0.0,31.44
2026-06-01 22:41:00,Water Scarcity,27.04,59.52,0.0,2.29,0.0,33.25
2026-06-01 22:42:00,Water Scarcity,26.61,60.6,0.0,1.81,0.0,31.72
2026-06-01 22:43:00,Water Scarcity,26.96,59.79,0.0,1.7,0.0,30.93
2026-06-01 22:44:00,Water Scarcity,26.74,60.99,0.0,1.67,0.0,30.14
2026-06-01 22:45:00,Water Scarcity,26.82,60.61,0.0,1.51,0.0,28.98
2026-06-01 22:46:00,Water Scarcity,26.56,61.48,0.0,2.19,0.0,33.42
2026-06-01 22:47:00,Water Scarcity,26.9,60.72,0.0,2.16,0.0,34.1
2026-06-01 22:48:00,Water Scarcity,26.85,60.18,0.0,1.99,0.0,34.1
2026-06-01 22:49:00,Water Scarcity,26.77,61.65,0.0,1.68,0.0,29.88
2026-06-01 22:50:00,Water Scarcity,26.37,61.73,0.0,2.24,0.0,32.78
2026-06-01 22:51:00,Water Scarcity,26.68,60.75,0.0,1.78,0.0,31.33
2026-06-01 22:52:00,Water Scarcity,26.59,61.57,0.0,1.8,0.0,31.13
2026-06-01 22:53:00,Water Scarcity,26.25,61.12,0.0,2.15,0.0,34.03
2026-06-01 22:54:00,Water Scarcity,26.45,61.18,0.0,1.99,0.0,33.68
2026-06-01 22:55:00,Water Scarcity,26.48,62.18,0.0,2.31,0.0,31.84
2026-06-01 22:56:00,Water Scarcity,26.47,60.56,0.0,1.89,0.0,32.65
2026-06-01 22:57:00,Water Scarcity,26.38,62.53,0.0,1.76,0.0,30.1
2026-06-01 22:58:00,Water Scarcity,26.36,62.82,0.0,1.71,0.0,29.39
2026-06-01 22:59:00,Water Scarcity,26.5,61.29,0.0,1.45,0.0,28.2
2026-06-01 23:00:00,Water Scarcity,26.43,61.89,0.0,1.77,0.0,30.62
2026-06-01 23:01:00,Water Scarcity,25.78,64.19,0.0,2.07,0.0,32.86
2026-06-01 23:02:00,Water Scarcity,26.13,62.27,0.0,1.95,0.0,32.52
2026-06-01 23:03:00,Water Scarcity,26.12,63.11,0.0,1.83,0.0,30.43
2026-06-01 23:04:00,Water Scarcity,25.84,62.94,0.0,1.61,0.0,28.39
2026-06-01 23:05:00,Water Scarcity,26.09,62.39,0.0,1.86,0.0,31.31
2026-06-01 23:06:00,Water Scarcity,26.22,61.81,0.0,2.03,0.0,33.95
2026-06-01 23:07:00,Water Scarcity,25.84,63.56,0.0,1.9,0.0,30.91
2026-06-01 23:08:00,Water Scarcity,26.02,63.56,0.0,1.84,0.0,30.17
2026-06-01 23:09:00,Water Scarcity,25.79,63.37,0.0,1.64,0.0,28.3
2026-06-01 23:10:00,Water Scarcity,25.8,62.72,0.0,1.98,0.0,32.65
2026-06-01 23:11:00,Water Scarcity,26.08,62.03,0.0,1.14,0.0,27.16
2026-06-01 23:12:00,Water Scarcity,25.75,63.86,0.0,1.88,0.0,30.38
2026-06-01 23:13:00,Water Scarcity,25.86,64.41,0.0,2.33,0.0,29.8
2026-06-01 23:14:00,Water Scarcity,25.48,64.61,0.0,1.47,0.0,25.75
2026-06-01 23:15:00,Water Scarcity,26.0,62.68,0.0,1.74,0.0,29.79
2026-06-01 23:16:00,Water Scarcity,25.78,63.99,0.0,1.78,0.0,29.11
2026-06-01 23:17:00,Water Scarcity,25.62,63.82,0.0,1.69,0.0,28.36
2026-06-01 23:18:00,Water Scarcity,25.7,63.51,0.0,2.0,0.0,32.34
2026-06-01 23:19:00,Water Scarcity,25.37,64.09,0.0,1.88,0.0,30.16
2026-06-01 23:20:00,Water Scarcity,25.72,64.53,0.0,1.81,0.0,28.87
2026-06-01 23:21:00,Water Scarcity,25.46,62.89,0.0,1.94,0.0,31.97
2026-06-01 23:22:00,Water Scarcity,25.44,64.94,0.0,1.77,0.0,27.96
2026-06-01 23:23:00,Water Scarcity,25.37,64.4,0.0,2.43,0.0,28.93
2026-06-01 23:24:00,Water Scarcity,25.32,64.56,0.0,1.8,0.0,28.73
2026-06-01 23:25:00,Water Scarcity,25.47,65.39,0.0,1.8,0.0,27.7
2026-06-01 23:26:00,Water Scarcity,25.37,64.23,0.0,1.4,0.0,26.31
2026-06-01 23:27:00,Water Scarcity,25.4,64.18,0.0,1.64,0.0,27.55
2026-06-01 23:28:00,Water Scarcity,25.26,64.88,0.0,2.0,0.0,30.96
2026-06-01 23:29:00,Water Scarcity,25.3,65.09,0.0,1.47,0.0,25.44
2026-06-01 23:30:00,Water Scarcity,25.13,65.06,0.0,1.3,0.0,25.72
2026-06-01 23:31:00,Water Scarcity,25.49,63.38,0.0,1.75,0.0,29.34
2026-06-01 23:32:00,Water Scarcity,24.89,65.48,0.0,2.03,0.0,29.47
2026-06-01 23:33:00,Water Scarcity,25.28,65.69,0.0,1.75,0.0,26.75
2026-06-01 23:34:00,Water Scarcity,25.26,65.02,0.0,1.67,0.0,26.88
2026-06-01 23:35:00,Water Scarcity,24.89,66.27,0.0,1.35,0.0,24.36
2026-06-01 23:36:00,Water Scarcity,25.32,64.65,0.0,1.83,0.0,28.97
2026-06-01 23:37:00,Water Scarcity,25.1,65.03,0.0,1.87,0.0,28.99
2026-06-01 23:38:00,Water Scarcity,25.06,66.54,0.0,1.36,0.0,23.66
2026-06-01 23:39:00,Water Scarcity,24.88,65.91,0.0,1.97,0.0,28.24
2026-06-01 23:40:00,Water Scarcity,24.81,65.95,0.0,1.89,0.0,27.93
2026-06-01 23:41:00,Water Scarcity,24.78,66.97,0.0,1.96,0.0,25.06
2026-06-01 23:42:00,Water Scarcity,24.83,65.73,0.0,1.84,0.0,27.67
2026-06-01 23:43:00,Water Scarcity,24.95,65.48,0.0,1.86,0.0,28.27
2026-06-01 23:44:00,Water Scarcity,24.73,66.45,0.0,1.82,0.0,26.25
2026-06-01 23:45:00,Water Scarcity,24.53,66.99,0.0,1.9,0.0,25.0
2026-06-01 23:46:00,Water Scarcity,24.76,66.52,0.0,1.33,0.0,24.13
2026-06-01 23:47:00,Water Scarcity,24.74,67.68,0.0,1.39,0.0,21.83
2026-06-01 23:48:00,Water Scarcity,24.66,66.83,0.0,1.55,0.0,23.72
2026-06-01 23:49:00,Water Scarcity,24.64,65.26,0.0,1.68,0.0,26.67
2026-06-01 23:50:00,Water Scarcity,24.45,67.41,0.0,1.78,0.0,23.67
2026-06-01 23:51:00,Water Scarcity,24.32,67.6,0.0,1.77,0.0,23.05
2026-06-01 23:52:00,Water Scarcity,24.29,67.68,0.0,1.93,0.0,22.79
2026-06-01 23:53:00,Water Scarcity,24.14,68.22,0.0,1.94,0.0,21.33
2026-06-01 23:54:00,Water Scarcity,24.39,67.37,0.0,1.51,0.0,23.04
2026-06-01 23:55:00,Water Scarcity,24.31,67.58,0.0,1.74,0.0,23.1
2026-06-01 23:56:00,Water Scarcity,24.22,68.23,0.0,1.51,0.0,21.19
2026-06-01 23:57:00,Water Scarcity,23.81,68.68,0.0,1.65,0.0,20.43
2026-06-01 23:58:00,Water Scarcity,24.03,67.82,0.0,1.75,0.0,22.55
2026-06-01 23:59:00,Water Scarcity,24.35,69.31,0.0,0.97,0.0,17.63
