timestamp,temperature,humidity,solar_radiation,wind_speed,rainfall
2026-06-01 00:00:00,19.8,82.4,0.0,1.8,0.0
2026-06-01 00:01:00,19.79,82.42833333333334,0.0,1.7966666666666666,0.0
2026-06-01 00:02:00,19.78,82.45666666666668,0.0,1.7933333333333334,0.0
2026-06-01 00:03:00,19.77,82.485,0.0,1.79,0.0
2026-06-01 00:04:00,19.76,82.51333333333334,0.0,1.7866666666666666,0.0
2026-06-01 00:05:00,19.75,82.54166666666667,0.0,1.7833333333333334,0.0
2026-06-01 00:06:00,19.740000000000002,82.57000000000001,0.0,1.78,0.0
2026-06-01 00:07:00,19.73,82.59833333333334,0.0,1.7766666666666666,0.0
2026-06-01 00:08:00,19.72,82.62666666666667,0.0,1.7733333333333334,0.0
2026-06-01 00:09:00,19.71,82.655,0.0,1.77,0.0
2026-06-01 00:10:00,19.7,82.68333333333334,0.0,1.7666666666666666,0.0
2026-06-01 00:11:00,19.69,82.71166666666667,0.0,1.7633333333333334,0.0
2026-06-01 00:12:00,19.68,82.74000000000001,0.0,1.76,0.0
2026-06-01 00:13:00,19.67,82.76833333333333,0.0,1.7566666666666668,0.0
2026-06-01 00:14:00,19.66,82.79666666666667,0.0,1.7533333333333334,0.0
2026-06-01 00:15:00,19.65,82.825,0.0,1.75,0.0
2026-06-01 00:16:00,19.64,82.85333333333334,0.0,1.7466666666666668,0.0
2026-06-01 00:17:00,19.63,82.88166666666667,0.0,1.7433333333333334,0.0
2026-06-01 00:18:00,19.62,82.91,0.0,1.74,0.0
2026-06-01 00:19:00,19.61,82.93833333333333,0.0,1.7366666666666668,0.0
2026-06-01 00:20:00,19.6,82.96666666666667,0.0,1.7333333333333334,0.0
2026-06-01 00:21:00,19.59,82.995,0.0,1.73,0.0
2026-06-01 00:22:00,19.580000000000002,83.02333333333334,0.0,1.7266666666666668,0.0
2026-06-01 00:23:00,19.57,83.05166666666666,0.0,1.7233333333333334,0.0
2026-06-01 00:24:00,19.56,83.08,0.0,1.72,0.0
2026-06-01 00:25:00,19.55,83.10833333333333,0.0,1.7166666666666668,0.0
2026-06-01 00:26:00,19.54,83.13666666666667,0.0,1.7133333333333334,0.0
2026-06-01 00:27:00,19.53,83.165,0.0,1.71,0.0
2026-06-01 00:28:00,19.52,83.19333333333333,0.0,1.7066666666666668,0.0
2026-06-01 00:29:00,19.51,83.22166666666666,0.0,1.7033333333333334,0.0
2026-06-01 00:30:00,19.5,83.25,0.0,1.7000000000000002,0.0
2026-06-01 00:31:00,19.49,83.27833333333334,0.0,1.6966666666666668,0.0
2026-06-01 00:32:00,19.48,83.30666666666667,0.0,1.6933333333333334,0.0
2026-06-01 00:33:00,19.47,83.335,0.0,1.6900000000000002,0.0
2026-06-01 00:34:00,19.46,83.36333333333333,0.0,1.6866666666666668,0.0
2026-06-01 00:35:00,19.45,83.39166666666667,0.0,1.6833333333333333,0.0
2026-06-01 00:36:00,19.44,83.42,0.0,1.6800000000000002,0.0
2026-06-01 00:37:00,19.43,83.44833333333334,0.0,1.6766666666666667,0.0
2026-06-01 00:38:00,19.419999999999998,83.47666666666666,0.0,1.6733333333333333,0.0
2026-06-01 00:39:00,19.41,83.505,0.0,1.6700000000000002,0.0
2026-06-01 00:40:00,19.4,83.53333333333333,0.0,1.6666666666666667,0.0
2026-06-01 00:41:00,19.39,83.56166666666667,0.0,1.6633333333333333,0.0
2026-06-01 00:42:00,19.38,83.59,0.0,1.6600000000000001,0.0
2026-06-01 00:43:00,19.37,83.61833333333333,0.0,1.6566666666666667,0.0
2026-06-01 00:44:00,19.36,83.64666666666666,0.0,1.6533333333333333,0.0
2026-06-01 00:45:00,19.349999999999998,83.675,0.0,1.6500000000000001,0.0
2026-06-01 00:46:00,19.34,83.70333333333333,0.0,1.6466666666666667,0.0
2026-06-01 00:47:00,19.33,83.73166666666667,0.0,1.6433333333333335,0.0
2026-06-01 00:48:00,19.32,83.75999999999999,0.0,1.6400000000000001,0.0
2026-06-01 00:49:00,19.31,83.78833333333333,0.0,1.6366666666666667,0.0
2026-06-01 00:50:00,19.3,83.81666666666666,0.0,1.6333333333333333,0.0
2026-06-01 00:51:00,19.29,83.845,0.0,1.6300000000000001,0.0
2026-06-01 00:52:00,19.28,83.87333333333333,0.0,1.6266666666666667,0.0
2026-06-01 00:53:00,19.27,83.90166666666666,0.0,1.6233333333333335,0.0
2026-06-01 00:54:00,19.259999999999998,83.92999999999999,0.0,1.62,0.0
2026-06-01 00:55:00,19.25,83.95833333333333,0.0,1.6166666666666667,0.0
2026-06-01 00:56:00,19.24,83.98666666666666,0.0,1.6133333333333335,0.0
2026-06-01 00:57:00,19.23,84.015,0.0,1.61,0.0
2026-06-01 00:58:00,19.22,84.04333333333332,0.0,1.6066666666666667,0.0
2026-06-01 00:59:00,19.21,84.07166666666666,0.0,1.6033333333333335,0.0
2026-06-01 01:00:00,19.2,84.1,0.0,1.6,0.0
2026-06-01 01:01:00,19.191666666666666,84.125,0.0,1.5983333333333334,0.0
2026-06-01 01:02:00,19.183333333333334,84.14999999999999,0.0,1.5966666666666667,0.0
2026-06-01 01:03:00,19.175,84.175,0.0,1.5950000000000002,0.0
2026-06-01 01:04:00,19.166666666666664,84.19999999999999,0.0,1.5933333333333335,0.0
2026-06-01 01:05:00,19.15833333333333,84.225,0.0,1.5916666666666668,0.0
2026-06-01 01:06:00,19.15,84.25,0.0,1.59,0.0
2026-06-01 01:07:00,19.141666666666666,84.27499999999999,0.0,1.5883333333333334,0.0
2026-06-01 01:08:00,19.133333333333333,84.3,0.0,1.5866666666666667,0.0
2026-06-01 01:09:00,19.125,84.32499999999999,0.0,1.585,0.0
2026-06-01 01:10:00,19.116666666666667,84.35,0.0,1.5833333333333335,0.0
2026-06-01 01:11:00,19.108333333333334,84.375,0.0,1.5816666666666668,0.0
2026-06-01 01:12:00,19.099999999999998,84.39999999999999,0.0,1.58,0.0
2026-06-01 01:13:00,19.091666666666665,84.425,0.0,1.5783333333333334,0.0
2026-06-01 01:14:00,19.083333333333332,84.44999999999999,0.0,1.5766666666666667,0.0
2026-06-01 01:15:00,19.075,84.475,0.0,1.5750000000000002,0.0
2026-06-01 01:16:00,19.066666666666666,84.5,0.0,1.5733333333333335,0.0
2026-06-01 01:17:00,19.058333333333334,84.52499999999999,0.0,1.5716666666666668,0.0
2026-06-01 01:18:00,19.05,84.55,0.0,1.57,0.0
2026-06-01 01:19:00,19.041666666666664,84.57499999999999,0.0,1.5683333333333334,0.0
2026-06-01 01:20:00,19.03333333333333,84.6,0.0,1.5666666666666667,0.0
2026-06-01 01:21:00,19.025,84.625,0.0,1.565,0.0
2026-06-01 01:22:00,19.016666666666666,84.64999999999999,0.0,1.5633333333333335,0.0
2026-06-01 01:23:00,19.008333333333333,84.675,0.0,1.5616666666666668,0.0
2026-06-01 01:24:00,19.0,84.69999999999999,0.0,1.56,0.0
2026-06-01 01:25:00,18.991666666666667,84.725,0.0,1.5583333333333333,0.0
2026-06-01 01:26:00,18.983333333333334,84.75,0.0,1.5566666666666666,0.0
2026-06-01 01:27:00,18.974999999999998,84.77499999999999,0.0,1.5550000000000002,0.0
2026-06-01 01:28:00,18.966666666666665,84.8,0.0,1.5533333333333335,0.0
2026-06-01 01:29:00,18.958333333333332,84.82499999999999,0.0,1.5516666666666667,0.0
2026-06-01 01:30:00,18.95,84.85,0.0,1.55,0.0
2026-06-01 01:31:00,18.941666666666666,84.875,0.0,1.5483333333333333,0.0
2026-06-01 01:32:00,18.933333333333334,84.89999999999999,0.0,1.5466666666666666,0.0
2026-06-01 01:33:00,18.925,84.925,0.0,1.545,0.0
2026-06-01 01:34:00,18.916666666666664,84.94999999999999,0.0,1.5433333333333334,0.0
2026-06-01 01:35:00,18.90833333333333,84.975,0.0,1.5416666666666667,0.0
2026-06-01 01:36:00,18.9,85.0,0.0,1.54,0.0
2026-06-01 01:37:00,18.891666666666666,85.02499999999999,0.0,1.5383333333333333,0.0
2026-06-01 01:38:00,18.883333333333333,85.05,0.0,1.5366666666666666,0.0
2026-06-01 01:39:00,18.875,85.07499999999999,0.0,1.5350000000000001,0.0
2026-06-01 01:40:00,18.866666666666667,85.1,0.0,1.5333333333333334,0.0
2026-06-01 01:41:00,18.858333333333334,85.125,0.0,1.5316666666666667,0.0
2026-06-01 01:42:00,18.849999999999998,85.14999999999999,0.0,1.53,0.0
2026-06-01 01:43:00,18.841666666666665,85.175,0.0,1.5283333333333333,0.0
2026-06-01 01:44:00,18.833333333333332,85.19999999999999,0.0,1.5266666666666666,0.0
2026-06-01 01:45:00,18.825,85.225,0.0,1.525,0.0
2026-06-01 01:46:00,18.816666666666666,85.25,0.0,1.5233333333333334,0.0
2026-06-01 01:47:00,18.808333333333334,85.27499999999999,0.0,1.5216666666666667,0.0
2026-06-01 01:48:00,18.8,85.3,0.0,1.52,0.0
2026-06-01 01:49:00,18.791666666666664,85.32499999999999,0.0,1.5183333333333333,0.0
2026-06-01 01:50:00,18.78333333333333,85.35,0.0,1.5166666666666666,0.0
2026-06-01 01:51:00,18.775,85.375,0.0,1.5150000000000001,0.0
2026-06-01 01:52:00,18.766666666666666,85.39999999999999,0.0,1.5133333333333334,0.0
2026-06-01 01:53:00,18.758333333333333,85.425,0.0,1.5116666666666667,0.0
2026-06-01 01:54:00,18.75,85.44999999999999,0.0,1.51,0.0
2026-06-01 01:55:00,18.741666666666667,85.475,0.0,1.5083333333333333,0.0
2026-06-01 01:56:00,18.733333333333334,85.5,0.0,1.5066666666666666,0.0
2026-06-01 01:57:00,18.724999999999998,85.52499999999999,0.0,1.505,0.0
2026-06-01 01:58:00,18.716666666666665,85.55,0.0,1.5033333333333334,0.0
2026-06-01 01:59:00,18.708333333333332,85.57499999999999,0.0,1.5016666666666667,0.0
2026-06-01 02:00:00,18.7,85.6,0.0,1.5,0.0
2026-06-01 02:01:00,18.69333333333333,85.61999999999999,0.0,1.4983333333333333,0.0
2026-06-01 02:02:00,18.686666666666667,85.64,0.0,1.4966666666666666,0.0
2026-06-01 02:03:00,18.68,85.66,0.0,1.495,0.0
2026-06-01 02:04:00,18.673333333333332,85.67999999999999,0.0,1.4933333333333334,0.0
2026-06-01 02:05:00,18.666666666666664,85.69999999999999,0.0,1.4916666666666667,0.0
2026-06-01 02:06:00,18.66,85.72,0.0,1.49,0.0
2026-06-01 02:07:00,18.653333333333332,85.74,0.0,1.4883333333333333,0.0
2026-06-01 02:08:00,18.646666666666665,85.75999999999999,0.0,1.4866666666666666,0.0
2026-06-01 02:09:00,18.64,85.78,0.0,1.4849999999999999,0.0
2026-06-01 02:10:00,18.633333333333333,85.8,0.0,1.4833333333333334,0.0
2026-06-01 02:11:00,18.626666666666665,85.82,0.0,1.4816666666666667,0.0
2026-06-01 02:12:00,18.62,85.83999999999999,0.0,1.48,0.0
2026-06-01 02:13:00,18.613333333333333,85.86,0.0,1.4783333333333333,0.0
2026-06-01 02:14:00,18.606666666666666,85.88,0.0,1.4766666666666666,0.0
2026-06-01 02:15:00,18.6,85.89999999999999,0.0,1.475,0.0
2026-06-01 02:16:00,18.593333333333334,85.92,0.0,1.4733333333333334,0.0
2026-06-01 02:17:00,18.586666666666666,85.94,0.0,1.4716666666666667,0.0
2026-06-01 02:18:00,18.58,85.96,0.0,1.47,0.0
2026-06-01 02:19:00,18.573333333333334,85.97999999999999,0.0,1.4683333333333333,0.0
2026-06-01 02:20:00,18.566666666666666,86.0,0.0,1.4666666666666666,0.0
2026-06-01 02:21:00,18.56,86.02,0.0,1.4649999999999999,0.0
2026-06-01 02:22:00,18.553333333333335,86.03999999999999,0.0,1.4633333333333334,0.0
2026-06-01 02:23:00,18.546666666666667,86.06,0.0,1.4616666666666667,0.0
2026-06-01 02:24:00,18.54,86.08,0.0,1.46,0.0
2026-06-01 02:25:00,18.53333333333333,86.1,0.0,1.4583333333333333,0.0
2026-06-01 02:26:00,18.526666666666667,86.11999999999999,0.0,1.4566666666666666,0.0
2026-06-01 02:27:00,18.52,86.14,0.0,1.455,0.0
2026-06-01 02:28:00,18.513333333333332,86.16,0.0,1.4533333333333334,0.0
2026-06-01 02:29:00,18.506666666666668,86.17999999999999,0.0,1.4516666666666667,0.0
2026-06-01 02:30:00,18.5,86.19999999999999,0.0,1.45,0.0
2026-06-01 02:31:00,18.493333333333332,86.22,0.0,1.4483333333333333,0.0
2026-06-01 02:32:00,18.486666666666668,86.24,0.0,1.4466666666666665,0.0
2026-06-01 02:33:00,18.48,86.25999999999999,0.0,1.4449999999999998,0.0
2026-06-01 02:34:00,18.473333333333333,86.28,0.0,1.4433333333333334,0.0
2026-06-01 02:35:00,18.46666666666667,86.3,0.0,1.4416666666666667,0.0
2026-06-01 02:36:00,18.46,86.32,0.0,1.44,0.0
2026-06-01 02:37:00,18.453333333333333,86.33999999999999,0.0,1.4383333333333332,0.0
2026-06-01 02:38:00,18.446666666666665,86.36,0.0,1.4366666666666665,0.0
2026-06-01 02:39:00,18.44,86.38,0.0,1.435,0.0
2026-06-01 02:40:00,18.433333333333334,86.39999999999999,0.0,1.4333333333333333,0.0
2026-06-01 02:41:00,18.426666666666666,86.42,0.0,1.4316666666666666,0.0
2026-06-01 02:42:00,18.42,86.44,0.0,1.43,0.0
2026-06-01 02:43:00,18.413333333333334,86.46,0.0,1.4283333333333332,0.0
2026-06-01 02:44:00,18.406666666666666,86.47999999999999,0.0,1.4266666666666665,0.0
2026-06-01 02:45:00,18.4,86.5,0.0,1.4249999999999998,0.0
2026-06-01 02:46:00,18.393333333333334,86.52,0.0,1.4233333333333333,0.0
2026-06-01 02:47:00,18.386666666666667,86.53999999999999,0.0,1.4216666666666666,0.0
2026-06-01 02:48:00,18.38,86.56,0.0,1.42,0.0
2026-06-01 02:49:00,18.373333333333335,86.58,0.0,1.4183333333333332,0.0
2026-06-01 02:50:00,18.366666666666667,86.6,0.0,1.4166666666666665,0.0
2026-06-01 02:51:00,18.36,86.61999999999999,0.0,1.415,0.0
2026-06-01 02:52:00,18.353333333333335,86.64,0.0,1.4133333333333333,0.0
2026-06-01 02:53:00,18.346666666666668,86.66,0.0,1.4116666666666666,0.0
2026-06-01 02:54:00,18.34,86.67999999999999,0.0,1.41,0.0
2026-06-01 02:55:00,18.333333333333336,86.7,0.0,1.4083333333333332,0.0
2026-06-01 02:56:00,18.326666666666668,86.72,0.0,1.4066666666666665,0.0
2026-06-01 02:57:00,18.32,86.74,0.0,1.4049999999999998,0.0
2026-06-01 02:58:00,18.313333333333333,86.75999999999999,0.0,1.4033333333333333,0.0
2026-06-01 02:59:00,18.30666666666667,86.78,0.0,1.4016666666666666,0.0
2026-06-01 03:00:00,18.3,86.8,0.0,1.4,0.0
2026-06-01 03:01:00,18.295,86.81166666666667,0.0,1.4016666666666666,0.0
2026-06-01 03:02:00,18.29,86.82333333333332,0.0,1.4033333333333333,0.0
2026-06-01 03:03:00,18.285,86.835,0.0,1.4049999999999998,0.0
2026-06-01 03:04:00,18.28,86.84666666666666,0.0,1.4066666666666665,0.0
2026-06-01 03:05:00,18.275000000000002,86.85833333333333,0.0,1.4083333333333332,0.0
2026-06-01 03:06:00,18.27,86.87,0.0,1.41,0.0
2026-06-01 03:07:00,18.265,86.88166666666666,0.0,1.4116666666666666,0.0
2026-06-01 03:08:00,18.26,86.89333333333333,0.0,1.4133333333333333,0.0
2026-06-01 03:09:00,18.255,86.905,0.0,1.415,0.0
2026-06-01 03:10:00,18.25,86.91666666666666,0.0,1.4166666666666665,0.0
2026-06-01 03:11:00,18.245,86.92833333333333,0.0,1.4183333333333332,0.0
2026-06-01 03:12:00,18.240000000000002,86.94,0.0,1.42,0.0
2026-06-01 03:13:00,18.235,86.95166666666667,0.0,1.4216666666666666,0.0
2026-06-01 03:14:00,18.23,86.96333333333334,0.0,1.4233333333333333,0.0
2026-06-01 03:15:00,18.225,86.975,0.0,1.4249999999999998,0.0
2026-06-01 03:16:00,18.22,86.98666666666666,0.0,1.4266666666666665,0.0
2026-06-01 03:17:00,18.215,86.99833333333333,0.0,1.4283333333333332,0.0
2026-06-01 03:18:00,18.21,87.00999999999999,0.0,1.43,0.0
2026-06-01 03:19:00,18.205000000000002,87.02166666666666,0.0,1.4316666666666666,0.0
2026-06-01 03:20:00,18.2,87.03333333333333,0.0,1.4333333333333333,0.0
2026-06-01 03:21:00,18.195,87.045,0.0,1.435,0.0
2026-06-01 03:22:00,18.19,87.05666666666667,0.0,1.4366666666666665,0.0
2026-06-01 03:23:00,18.185,87.06833333333333,0.0,1.4383333333333332,0.0
2026-06-01 03:24:00,18.18,87.08,0.0,1.44,0.0
2026-06-01 03:25:00,18.175,87.09166666666667,0.0,1.4416666666666667,0.0
2026-06-01 03:26:00,18.17,87.10333333333332,0.0,1.4433333333333334,0.0
2026-06-01 03:27:00,18.165,87.115,0.0,1.4449999999999998,0.0
2026-06-01 03:28:00,18.16,87.12666666666667,0.0,1.4466666666666665,0.0
2026-06-01 03:29:00,18.155,87.13833333333334,0.0,1.4483333333333333,0.0
2026-06-01 03:30:00,18.15,87.15,0.0,1.45,0.0
2026-06-01 03:31:00,18.145,87.16166666666666,0.0,1.4516666666666667,0.0
2026-06-01 03:32:00,18.14,87.17333333333333,0.0,1.4533333333333334,0.0
2026-06-01 03:33:00,18.135,87.185,0.0,1.455,0.0
2026-06-01 03:34:00,18.13,87.19666666666666,0.0,1.4566666666666666,0.0
2026-06-01 03:35:00,18.125,87.20833333333333,0.0,1.4583333333333333,0.0
2026-06-01 03:36:00,18.12,87.22,0.0,1.46,0.0
2026-06-01 03:37:00,18.115000000000002,87.23166666666667,0.0,1.4616666666666667,0.0
2026-06-01 03:38:00,18.11,87.24333333333334,0.0,1.4633333333333334,0.0
2026-06-01 03:39:00,18.105,87.255,0.0,1.4649999999999999,0.0
2026-06-01 03:40:00,18.1,87.26666666666667,0.0,1.4666666666666666,0.0
2026-06-01 03:41:00,18.095,87.27833333333334,0.0,1.4683333333333333,0.0
2026-06-01 03:42:00,18.09,87.28999999999999,0.0,1.47,0.0
2026-06-01 03:43:00,18.085,87.30166666666666,0.0,1.4716666666666667,0.0
2026-06-01 03:44:00,18.080000000000002,87.31333333333333,0.0,1.4733333333333334,0.0
2026-06-01 03:45:00,18.075,87.325,0.0,1.475,0.0
2026-06-01 03:46:00,18.07,87.33666666666667,0.0,1.4766666666666666,0.0
2026-06-01 03:47:00,18.065,87.34833333333333,0.0,1.4783333333333333,0.0
2026-06-01 03:48:00,18.06,87.36,0.0,1.48,0.0
2026-06-01 03:49:00,18.055,87.37166666666667,0.0,1.4816666666666667,0.0
2026-06-01 03:50:00,18.05,87.38333333333333,0.0,1.4833333333333334,0.0
2026-06-01 03:51:00,18.045,87.395,0.0,1.4849999999999999,0.0
2026-06-01 03:52:00,18.04,87.40666666666667,0.0,1.4866666666666666,0.0
2026-06-01 03:53:00,18.035,87.41833333333334,0.0,1.4883333333333333,0.0
2026-06-01 03:54:00,18.03,87.43,0.0,1.49,0.0
2026-06-01 03:55:00,18.025,87.44166666666666,0.0,1.4916666666666667,0.0
2026-06-01 03:56:00,18.02,87.45333333333333,0.0,1.4933333333333334,0.0
2026-06-01 03:57:00,18.015,87.465,0.0,1.495,0.0
2026-06-01 03:58:00,18.01,87.47666666666666,0.0,1.4966666666666666,0.0
2026-06-01 03:59:00,18.005,87.48833333333333,0.0,1.4983333333333333,0.0
2026-06-01 04:00:00,18.0,87.5,0.0,1.5,0.0
2026-06-01 04:01:00,18.006666666666668,87.47833333333334,0.25333333333333335,1.5033333333333334,0.0
2026-06-01 04:02:00,18.013333333333332,87.45666666666666,0.5066666666666667,1.5066666666666666,0.0
2026-06-01 04:03:00,18.02,87.435,0.76,1.51,0.0
2026-06-01 04:04:00,18.026666666666667,87.41333333333333,1.0133333333333334,1.5133333333333334,0.0
2026-06-01 04:05:00,18.03333333333333,87.39166666666667,1.2666666666666666,1.5166666666666666,0.0
2026-06-01 04:06:00,18.04,87.37,1.52,1.52,0.0
2026-06-01 04:07:00,18.046666666666667,87.34833333333333,1.7733333333333334,1.5233333333333334,0.0
2026-06-01 04:08:00,18.053333333333335,87.32666666666667,2.026666666666667,1.5266666666666666,0.0
2026-06-01 04:09:00,18.06,87.305,2.28,1.53,0.0
2026-06-01 04:10:00,18.066666666666666,87.28333333333333,2.533333333333333,1.5333333333333332,0.0
2026-06-01 04:11:00,18.073333333333334,87.26166666666667,2.7866666666666666,1.5366666666666666,0.0
2026-06-01 04:12:00,18.08,87.24,3.04,1.54,0.0
2026-06-01 04:13:00,18.086666666666666,87.21833333333333,3.2933333333333334,1.5433333333333332,0.0
2026-06-01 04:14:00,18.093333333333334,87.19666666666667,3.546666666666667,1.5466666666666666,0.0
2026-06-01 04:15:00,18.1,87.175,3.8,1.55,0.0
2026-06-01 04:16:00,18.106666666666666,87.15333333333334,4.053333333333334,1.5533333333333332,0.0
2026-06-01 04:17:00,18.113333333333333,87.13166666666666,4.306666666666667,1.5566666666666666,0.0
2026-06-01 04:18:00,18.12,87.11,4.56,1.56,0.0
2026-06-01 04:19:00,18.126666666666665,87.08833333333334,4.8133333333333335,1.5633333333333332,0.0
2026-06-01 04:20:00,18.133333333333333,87.06666666666666,5.066666666666666,1.5666666666666667,0.0
2026-06-01 04:21:00,18.14,87.045,5.32,1.57,0.0
2026-06-01 04:22:00,18.146666666666665,87.02333333333334,5.573333333333333,1.5733333333333333,0.0
2026-06-01 04:23:00,18.153333333333332,87.00166666666667,5.826666666666667,1.5766666666666667,0.0
2026-06-01 04:24:00,18.16,86.98,6.08,1.58,0.0
2026-06-01 04:25:00,18.166666666666664,86.95833333333333,6.333333333333333,1.5833333333333333,0.0
2026-06-01 04:26:00,18.173333333333332,86.93666666666667,6.586666666666667,1.5866666666666667,0.0
2026-06-01 04:27:00,18.18,86.915,6.84,1.5899999999999999,0.0
2026-06-01 04:28:00,18.186666666666667,86.89333333333333,7.093333333333334,1.5933333333333333,0.0
2026-06-01 04:29:00,18.19333333333333,86.87166666666667,7.346666666666667,1.5966666666666667,0.0
2026-06-01 04:30:00,18.2,86.85,7.6,1.6,0.0
2026-06-01 04:31:00,18.206666666666667,86.82833333333333,7.8533333333333335,1.6033333333333333,0.0
2026-06-01 04:32:00,18.21333333333333,86.80666666666667,8.106666666666667,1.6066666666666667,0.0
2026-06-01 04:33:00,18.22,86.785,8.36,1.6099999999999999,0.0
2026-06-01 04:34:00,18.226666666666667,86.76333333333334,8.613333333333333,1.6133333333333333,0.0
2026-06-01 04:35:00,18.233333333333334,86.74166666666667,8.866666666666667,1.6166666666666667,0.0
2026-06-01 04:36:00,18.24,86.72,9.12,1.6199999999999999,0.0
2026-06-01 04:37:00,18.246666666666666,86.69833333333334,9.373333333333333,1.6233333333333333,0.0
2026-06-01 04:38:00,18.253333333333334,86.67666666666666,9.626666666666667,1.6266666666666667,0.0
2026-06-01 04:39:00,18.259999999999998,86.655,9.88,1.63,0.0
2026-06-01 04:40:00,18.266666666666666,86.63333333333334,10.133333333333333,1.6333333333333333,0.0
2026-06-01 04:41:00,18.273333333333333,86.61166666666666,10.386666666666667,1.6366666666666667,0.0
2026-06-01 04:42:00,18.279999999999998,86.59,10.64,1.64,0.0
2026-06-01 04:43:00,18.286666666666665,86.56833333333334,10.893333333333333,1.6433333333333333,0.0
2026-06-01 04:44:00,18.293333333333333,86.54666666666667,11.146666666666667,1.6466666666666667,0.0
2026-06-01 04:45:00,18.299999999999997,86.525,11.4,1.65,0.0
2026-06-01 04:46:00,18.306666666666665,86.50333333333333,11.653333333333334,1.6533333333333333,0.0
2026-06-01 04:47:00,18.313333333333333,86.48166666666667,11.906666666666666,1.6566666666666667,0.0
2026-06-01 04:48:00,18.32,86.46000000000001,12.16,1.66,0.0
2026-06-01 04:49:00,18.326666666666664,86.43833333333333,12.413333333333334,1.6633333333333333,0.0
2026-06-01 04:50:00,18.333333333333332,86.41666666666667,12.666666666666666,1.6666666666666665,0.0
2026-06-01 04:51:00,18.34,86.395,12.92,1.67,0.0
2026-06-01 04:52:00,18.346666666666664,86.37333333333333,13.173333333333334,1.6733333333333333,0.0
2026-06-01 04:53:00,18.35333333333333,86.35166666666667,13.426666666666668,1.6766666666666665,0.0
2026-06-01 04:54:00,18.36,86.33,13.68,1.68,0.0
2026-06-01 04:55:00,18.366666666666667,86.30833333333334,13.933333333333334,1.6833333333333333,0.0
2026-06-01 04:56:00,18.37333333333333,86.28666666666668,14.186666666666667,1.6866666666666665,0.0
2026-06-01 04:57:00,18.38,86.265,14.44,1.69,0.0
2026-06-01 04:58:00,18.386666666666667,86.24333333333334,14.693333333333333,1.6933333333333334,0.0
2026-06-01 04:59:00,18.39333333333333,86.22166666666666,14.946666666666667,1.6966666666666665,0.0
2026-06-01 05:00:00,18.4,86.2,15.2,1.7,0.0
2026-06-01 05:01:00,18.42833333333333,86.11333333333333,16.953333333333333,1.7033333333333334,0.0
2026-06-01 05:02:00,18.456666666666667,86.02666666666667,18.706666666666667,1.7066666666666666,0.0
2026-06-01 05:03:00,18.485,85.94,20.46,1.71,0.0
2026-06-01 05:04:00,18.513333333333332,85.85333333333334,22.21333333333333,1.7133333333333334,0.0
2026-06-01 05:05:00,18.541666666666664,85.76666666666667,23.96666666666667,1.7166666666666666,0.0
2026-06-01 05:06:00,18.57,85.68,25.72,1.72,0.0
2026-06-01 05:07:00,18.598333333333333,85.59333333333333,27.473333333333333,1.7233333333333334,0.0
2026-06-01 05:08:00,18.626666666666665,85.50666666666667,29.226666666666667,1.7266666666666666,0.0
2026-06-01 05:09:00,18.654999999999998,85.42,30.98,1.73,0.0
2026-06-01 05:10:00,18.683333333333334,85.33333333333334,32.733333333333334,1.7333333333333334,0.0
2026-06-01 05:11:00,18.711666666666666,85.24666666666667,34.486666666666665,1.7366666666666666,0.0
2026-06-01 05:12:00,18.74,85.16,36.24,1.74,0.0
2026-06-01 05:13:00,18.76833333333333,85.07333333333334,37.99333333333333,1.7433333333333332,0.0
2026-06-01 05:14:00,18.796666666666667,84.98666666666666,39.74666666666667,1.7466666666666666,0.0
2026-06-01 05:15:00,18.825,84.9,41.5,1.75,0.0
2026-06-01 05:16:00,18.85333333333333,84.81333333333333,43.25333333333333,1.7533333333333332,0.0
2026-06-01 05:17:00,18.881666666666668,84.72666666666667,45.00666666666667,1.7566666666666666,0.0
2026-06-01 05:18:00,18.91,84.64,46.760000000000005,1.76,0.0
2026-06-01 05:19:00,18.938333333333333,84.55333333333334,48.513333333333335,1.7633333333333332,0.0
2026-06-01 05:20:00,18.966666666666665,84.46666666666667,50.266666666666666,1.7666666666666666,0.0
2026-06-01 05:21:00,18.995,84.38,52.019999999999996,1.77,0.0
2026-06-01 05:22:00,19.023333333333333,84.29333333333334,53.77333333333334,1.7733333333333332,0.0
2026-06-01 05:23:00,19.051666666666666,84.20666666666666,55.52666666666667,1.7766666666666666,0.0
2026-06-01 05:24:00,19.08,84.12,57.28,1.78,0.0
2026-06-01 05:25:00,19.108333333333334,84.03333333333333,59.03333333333333,1.7833333333333332,0.0
2026-06-01 05:26:00,19.136666666666667,83.94666666666667,60.78666666666666,1.7866666666666666,0.0
2026-06-01 05:27:00,19.165,83.86,62.540000000000006,1.79,0.0
2026-06-01 05:28:00,19.19333333333333,83.77333333333334,64.29333333333334,1.7933333333333332,0.0
2026-06-01 05:29:00,19.221666666666668,83.68666666666667,66.04666666666667,1.7966666666666666,0.0
2026-06-01 05:30:00,19.25,83.6,67.8,1.7999999999999998,0.0
2026-06-01 05:31:00,19.278333333333332,83.51333333333334,69.55333333333334,1.8033333333333332,0.0
2026-06-01 05:32:00,19.30666666666667,83.42666666666666,71.30666666666667,1.8066666666666666,0.0
2026-06-01 05:33:00,19.335,83.34,73.06,1.8099999999999998,0.0
2026-06-01 05:34:00,19.363333333333333,83.25333333333333,74.81333333333333,1.8133333333333332,0.0
2026-06-01 05:35:00,19.391666666666666,83.16666666666667,76.56666666666666,1.8166666666666667,0.0
2026-06-01 05:36:00,19.42,83.08,78.32000000000001,1.8199999999999998,0.0
2026-06-01 05:37:00,19.448333333333334,82.99333333333334,80.07333333333334,1.8233333333333333,0.0
2026-06-01 05:38:00,19.476666666666667,82.90666666666667,81.82666666666667,1.8266666666666667,0.0
2026-06-01 05:39:00,19.505,82.82000000000001,83.58000000000001,1.8299999999999998,0.0
2026-06-01 05:40:00,19.533333333333335,82.73333333333333,85.33333333333334,1.8333333333333333,0.0
2026-06-01 05:41:00,19.561666666666667,82.64666666666666,87.08666666666667,1.8366666666666667,0.0
2026-06-01 05:42:00,19.59,82.56,88.84,1.8399999999999999,0.0
2026-06-01 05:43:00,19.618333333333332,82.47333333333333,90.59333333333333,1.8433333333333333,0.0
2026-06-01 05:44:00,19.64666666666667,82.38666666666667,92.34666666666668,1.8466666666666667,0.0
2026-06-01 05:45:00,19.675,82.3,94.10000000000001,1.8499999999999999,0.0
2026-06-01 05:46:00,19.703333333333333,82.21333333333334,95.85333333333334,1.8533333333333333,0.0
2026-06-01 05:47:00,19.73166666666667,82.12666666666667,97.60666666666667,1.8566666666666665,0.0
2026-06-01 05:48:00,19.76,82.04,99.36000000000001,1.8599999999999999,0.0
2026-06-01 05:49:00,19.788333333333334,81.95333333333333,101.11333333333334,1.8633333333333333,0.0
2026-06-01 05:50:00,19.816666666666666,81.86666666666667,102.86666666666667,1.8666666666666667,0.0
2026-06-01 05:51:00,19.845000000000002,81.78,104.62,1.8699999999999999,0.0
2026-06-01 05:52:00,19.873333333333335,81.69333333333333,106.37333333333333,1.8733333333333333,0.0
2026-06-01 05:53:00,19.901666666666667,81.60666666666667,108.12666666666668,1.8766666666666665,0.0
2026-06-01 05:54:00,19.93,81.52,109.88000000000001,1.88,0.0
2026-06-01 05:55:00,19.958333333333336,81.43333333333334,111.63333333333334,1.8833333333333333,0.0
2026-06-01 05:56:00,19.986666666666668,81.34666666666666,113.38666666666667,1.8866666666666665,0.0
2026-06-01 05:57:00,20.015,81.26,115.14,1.89,0.0
2026-06-01 05:58:00,20.043333333333333,81.17333333333333,116.89333333333335,1.8933333333333333,0.0
2026-06-01 05:59:00,20.07166666666667,81.08666666666667,118.64666666666668,1.8966666666666665,0.0
2026-06-01 06:00:00,20.1,81.0,120.4,1.9,0.0
2026-06-01 06:01:00,20.14166666666667,80.875,123.57333333333334,1.9049999999999998,0.0
2026-06-01 06:02:00,20.183333333333334,80.75,126.74666666666667,1.91,0.0
2026-06-01 06:03:00,20.225,80.625,129.92000000000002,1.915,0.0
2026-06-01 06:04:00,20.26666666666667,80.5,133.09333333333333,1.92,0.0
2026-06-01 06:05:00,20.308333333333334,80.375,136.26666666666668,1.9249999999999998,0.0
2026-06-01 06:06:00,20.35,80.25,139.44,1.93,0.0
2026-06-01 06:07:00,20.39166666666667,80.125,142.61333333333334,1.935,0.0
2026-06-01 06:08:00,20.433333333333334,80.0,145.78666666666666,1.94,0.0
2026-06-01 06:09:00,20.475,79.875,148.96,1.9449999999999998,0.0
2026-06-01 06:10:00,20.51666666666667,79.75,152.13333333333333,1.95,0.0
2026-06-01 06:11:00,20.558333333333334,79.625,155.30666666666667,1.955,0.0
2026-06-01 06:12:00,20.6,79.5,158.48000000000002,1.96,0.0
2026-06-01 06:13:00,20.64166666666667,79.375,161.65333333333334,1.9649999999999999,0.0
2026-06-01 06:14:00,20.683333333333334,79.25,164.82666666666668,1.97,0.0
2026-06-01 06:15:00,20.725,79.125,168.0,1.975,0.0
2026-06-01 06:16:00,20.76666666666667,79.0,171.17333333333335,1.98,0.0
2026-06-01 06:17:00,20.808333333333334,78.875,174.34666666666666,1.9849999999999999,0.0
2026-06-01 06:18:00,20.85,78.75,177.52,1.99,0.0
2026-06-01 06:19:00,20.89166666666667,78.625,180.69333333333333,1.995,0.0
2026-06-01 06:20:00,20.933333333333334,78.5,183.86666666666667,2.0,0.0
2026-06-01 06:21:00,20.975,78.375,187.04000000000002,2.005,0.0
2026-06-01 06:22:00,21.01666666666667,78.25,190.21333333333334,2.01,0.0
2026-06-01 06:23:00,21.058333333333334,78.125,193.38666666666666,2.015,0.0
2026-06-01 06:24:00,21.1,78.0,196.56,2.02,0.0
2026-06-01 06:25:00,21.14166666666667,77.875,199.73333333333335,2.025,0.0
2026-06-01 06:26:00,21.183333333333334,77.75,202.9066666666667,2.0300000000000002,0.0
2026-06-01 06:27:00,21.225,77.625,206.08,2.035,0.0
2026-06-01 06:28:00,21.26666666666667,77.5,209.25333333333333,2.04,0.0
2026-06-01 06:29:00,21.308333333333334,77.375,212.42666666666668,2.045,0.0
2026-06-01 06:30:00,21.35,77.25,215.60000000000002,2.05,0.0
2026-06-01 06:31:00,21.39166666666667,77.125,218.77333333333334,2.055,0.0
2026-06-01 06:32:00,21.433333333333334,77.0,221.94666666666666,2.06,0.0
2026-06-01 06:33:00,21.475,76.875,225.12,2.065,0.0
2026-06-01 06:34:00,21.51666666666667,76.75,228.29333333333335,2.0700000000000003,0.0
2026-06-01 06:35:00,21.558333333333334,76.625,231.46666666666667,2.075,0.0
2026-06-01 06:36:00,21.6,76.5,234.64000000000001,2.08,0.0
2026-06-01 06:37:00,21.64166666666667,76.375,237.81333333333333,2.085,0.0
2026-06-01 06:38:00,21.683333333333334,76.25,240.98666666666668,2.09,0.0
2026-06-01 06:39:00,21.725,76.125,244.16000000000003,2.095,0.0
2026-06-01 06:40:00,21.76666666666667,76.0,247.33333333333334,2.1,0.0
2026-06-01 06:41:00,21.808333333333334,75.875,250.5066666666667,2.105,0.0
2026-06-01 06:42:00,21.85,75.75,253.68,2.1100000000000003,0.0
2026-06-01 06:43:00,21.89166666666667,75.625,256.85333333333335,2.115,0.0
2026-06-01 06:44:00,21.933333333333334,75.5,260.02666666666664,2.12,0.0
2026-06-01 06:45:00,21.975,75.375,263.20000000000005,2.125,0.0
2026-06-01 06:46:00,22.01666666666667,75.25,266.37333333333333,2.13,0.0
2026-06-01 06:47:00,22.058333333333334,75.125,269.5466666666667,2.1350000000000002,0.0
2026-06-01 06:48:00,22.1,75.0,272.72,2.14,0.0
2026-06-01 06:49:00,22.14166666666667,74.875,275.8933333333333,2.145,0.0
2026-06-01 06:50:00,22.183333333333334,74.75,279.06666666666666,2.1500000000000004,0.0
2026-06-01 06:51:00,22.225,74.625,282.24,2.1550000000000002,0.0
2026-06-01 06:52:00,22.26666666666667,74.5,285.41333333333336,2.16,0.0
2026-06-01 06:53:00,22.308333333333334,74.375,288.5866666666667,2.165,0.0
2026-06-01 06:54:00,22.35,74.25,291.76,2.17,0.0
2026-06-01 06:55:00,22.39166666666667,74.125,294.93333333333334,2.1750000000000003,0.0
2026-06-01 06:56:00,22.433333333333334,74.0,298.1066666666667,2.18,0.0
2026-06-01 06:57:00,22.475,73.875,301.28,2.185,0.0
2026-06-01 06:58:00,22.51666666666667,73.75,304.4533333333334,2.1900000000000004,0.0
2026-06-01 06:59:00,22.558333333333334,73.625,307.62666666666667,2.1950000000000003,0.0
2026-06-01 07:00:00,22.6,73.5,310.8,2.2,0.0
2026-06-01 07:01:00,22.64666666666667,73.36166666666666,314.28833333333336,2.205,0.0
2026-06-01 07:02:00,22.693333333333335,73.22333333333333,317.7766666666667,2.21,0.0
2026-06-01 07:03:00,22.740000000000002,73.085,321.265,2.2150000000000003,0.0
2026-06-01 07:04:00,22.78666666666667,72.94666666666667,324.75333333333333,2.22,0.0
2026-06-01 07:05:00,22.833333333333336,72.80833333333334,328.2416666666667,2.225,0.0
2026-06-01 07:06:00,22.880000000000003,72.67,331.73,2.23,0.0
2026-06-01 07:07:00,22.92666666666667,72.53166666666667,335.21833333333336,2.2350000000000003,0.0
2026-06-01 07:08:00,22.973333333333333,72.39333333333333,338.7066666666667,2.24,0.0
2026-06-01 07:09:00,23.02,72.255,342.195,2.245,0.0
2026-06-01 07:10:00,23.066666666666666,72.11666666666666,345.68333333333334,2.25,0.0
2026-06-01 07:11:00,23.113333333333333,71.97833333333334,349.1716666666667,2.2550000000000003,0.0
2026-06-01 07:12:00,23.16,71.84,352.66,2.2600000000000002,0.0
2026-06-01 07:13:00,23.206666666666667,71.70166666666667,356.14833333333337,2.265,0.0
2026-06-01 07:14:00,23.253333333333334,71.56333333333333,359.63666666666666,2.27,0.0
2026-06-01 07:15:00,23.3,71.425,363.125,2.2750000000000004,0.0
2026-06-01 07:16:00,23.346666666666668,71.28666666666666,366.61333333333334,2.2800000000000002,0.0
2026-06-01 07:17:00,23.393333333333334,71.14833333333334,370.1016666666667,2.285,0.0
2026-06-01 07:18:00,23.44,71.01,373.59000000000003,2.29,0.0
2026-06-01 07:19:00,23.486666666666668,70.87166666666667,377.0783333333334,2.295,0.0
2026-06-01 07:20:00,23.533333333333335,70.73333333333333,380.5666666666667,2.3000000000000003,0.0
2026-06-01 07:21:00,23.580000000000002,70.595,384.055,2.305,0.0
2026-06-01 07:22:00,23.62666666666667,70.45666666666666,387.54333333333335,2.31,0.0
2026-06-01 07:23:00,23.673333333333332,70.31833333333333,391.0316666666667,2.315,0.0
2026-06-01 07:24:00,23.72,70.18,394.52000000000004,2.3200000000000003,0.0
2026-06-01 07:25:00,23.766666666666666,70.04166666666667,398.0083333333333,2.325,0.0
2026-06-01 07:26:00,23.813333333333333,69.90333333333334,401.49666666666667,2.33,0.0
2026-06-01 07:27:00,23.86,69.765,404.985,2.335,0.0
2026-06-01 07:28:00,23.906666666666666,69.62666666666667,408.47333333333336,2.34,0.0
2026-06-01 07:29:00,23.953333333333333,69.48833333333333,411.9616666666667,2.345,0.0
2026-06-01 07:30:00,24.0,69.35,415.45000000000005,2.35,0.0
2026-06-01 07:31:00,24.046666666666667,69.21166666666667,418.9383333333334,2.355,0.0
2026-06-01 07:32:00,24.093333333333334,69.07333333333334,422.4266666666667,2.36,0.0
2026-06-01 07:33:00,24.14,68.935,425.915,2.365,0.0
2026-06-01 07:34:00,24.186666666666667,68.79666666666667,429.40333333333336,2.37,0.0
2026-06-01 07:35:00,24.233333333333334,68.65833333333333,432.8916666666667,2.375,0.0
2026-06-01 07:36:00,24.28,68.52,436.38,2.38,0.0
2026-06-01 07:37:00,24.326666666666668,68.38166666666666,439.86833333333334,2.3850000000000002,0.0
2026-06-01 07:38:00,24.373333333333335,68.24333333333334,443.3566666666667,2.39,0.0
2026-06-01 07:39:00,24.419999999999998,68.105,446.845,2.395,0.0
2026-06-01 07:40:00,24.466666666666665,67.96666666666667,450.33333333333337,2.4,0.0
2026-06-01 07:41:00,24.513333333333332,67.82833333333333,453.8216666666667,2.4050000000000002,0.0
2026-06-01 07:42:00,24.56,67.69,457.31000000000006,2.41,0.0
2026-06-01 07:43:00,24.606666666666666,67.55166666666666,460.79833333333335,2.415,0.0
2026-06-01 07:44:00,24.653333333333332,67.41333333333334,464.2866666666667,2.42,0.0
2026-06-01 07:45:00,24.7,67.275,467.77500000000003,2.425,0.0
2026-06-01 07:46:00,24.746666666666666,67.13666666666667,471.2633333333333,2.43,0.0
2026-06-01 07:47:00,24.793333333333333,66.99833333333333,474.75166666666667,2.435,0.0
2026-06-01 07:48:00,24.84,66.86,478.24,2.44,0.0
2026-06-01 07:49:00,24.886666666666667,66.72166666666666,481.72833333333335,2.445,0.0
2026-06-01 07:50:00,24.933333333333334,66.58333333333333,485.2166666666667,2.45,0.0
2026-06-01 07:51:00,24.98,66.44500000000001,488.70500000000004,2.455,0.0
2026-06-01 07:52:00,25.026666666666667,66.30666666666667,492.1933333333334,2.46,0.0
2026-06-01 07:53:00,25.07333333333333,66.16833333333334,495.68166666666673,2.465,0.0
2026-06-01 07:54:00,25.119999999999997,66.03,499.17,2.4699999999999998,0.0
2026-06-01 07:55:00,25.166666666666664,65.89166666666667,502.65833333333336,2.475,0.0
2026-06-01 07:56:00,25.21333333333333,65.75333333333333,506.1466666666667,2.48,0.0
2026-06-01 07:57:00,25.259999999999998,65.61500000000001,509.635,2.485,0.0
2026-06-01 07:58:00,25.306666666666665,65.47666666666667,513.1233333333333,2.49,0.0
2026-06-01 07:59:00,25.35333333333333,65.33833333333334,516.6116666666667,2.495,0.0
2026-06-01 08:00:00,25.4,65.2,520.1,2.5,0.0
2026-06-01 08:01:00,25.439999999999998,65.09166666666667,522.94,2.505,0.0
2026-06-01 08:02:00,25.479999999999997,64.98333333333333,525.78,2.51,0.0
2026-06-01 08:03:00,25.52,64.875,528.62,2.515,0.0
2026-06-01 08:04:00,25.56,64.76666666666667,531.46,2.52,0.0
2026-06-01 08:05:00,25.599999999999998,64.65833333333333,534.3000000000001,2.525,0.0
2026-06-01 08:06:00,25.64,64.55,537.14,2.53,0.0
2026-06-01 08:07:00,25.68,64.44166666666666,539.98,2.535,0.0
2026-06-01 08:08:00,25.72,64.33333333333334,542.82,2.54,0.0
2026-06-01 08:09:00,25.759999999999998,64.22500000000001,545.66,2.545,0.0
2026-06-01 08:10:00,25.799999999999997,64.11666666666667,548.5,2.55,0.0
2026-06-01 08:11:00,25.84,64.00833333333334,551.34,2.555,0.0
2026-06-01 08:12:00,25.88,63.900000000000006,554.1800000000001,2.56,0.0
2026-06-01 08:13:00,25.919999999999998,63.79166666666667,557.02,2.565,0.0
2026-06-01 08:14:00,25.96,63.68333333333334,559.86,2.57,0.0
2026-06-01 08:15:00,26.0,63.575,562.7,2.575,0.0
2026-06-01 08:16:00,26.04,63.46666666666667,565.54,2.58,0.0
2026-06-01 08:17:00,26.08,63.358333333333334,568.38,2.585,0.0
2026-06-01 08:18:00,26.119999999999997,63.25,571.22,2.59,0.0
2026-06-01 08:19:00,26.16,63.14166666666667,574.0600000000001,2.5949999999999998,0.0
2026-06-01 08:20:00,26.2,63.03333333333334,576.9,2.6,0.0
2026-06-01 08:21:00,26.24,62.925000000000004,579.74,2.605,0.0
2026-06-01 08:22:00,26.28,62.81666666666667,582.58,2.61,0.0
2026-06-01 08:23:00,26.32,62.708333333333336,585.4200000000001,2.6149999999999998,0.0
2026-06-01 08:24:00,26.36,62.6,588.26,2.62,0.0
2026-06-01 08:25:00,26.4,62.49166666666667,591.1,2.625,0.0
2026-06-01 08:26:00,26.439999999999998,62.38333333333334,593.94,2.63,0.0
2026-06-01 08:27:00,26.48,62.275000000000006,596.78,2.635,0.0
2026-06-01 08:28:00,26.52,62.16666666666667,599.62,2.6399999999999997,0.0
2026-06-01 08:29:00,26.56,62.05833333333334,602.46,2.645,0.0
2026-06-01 08:30:00,26.6,61.95,605.3,2.65,0.0
2026-06-01 08:31:00,26.64,61.84166666666667,608.14,2.655,0.0
2026-06-01 08:32:00,26.68,61.733333333333334,610.98,2.6599999999999997,0.0
2026-06-01 08:33:00,26.72,61.625,613.82,2.665,0.0
2026-06-01 08:34:00,26.759999999999998,61.51666666666667,616.66,2.67,0.0
2026-06-01 08:35:00,26.8,61.40833333333334,619.5,2.675,0.0
2026-06-01 08:36:00,26.84,61.300000000000004,622.34,2.6799999999999997,0.0
2026-06-01 08:37:00,26.88,61.19166666666667,625.1800000000001,2.685,0.0
2026-06-01 08:38:00,26.92,61.083333333333336,628.02,2.69,0.0
2026-06-01 08:39:00,26.96,60.975,630.86,2.695,0.0
2026-06-01 08:40:00,27.0,60.86666666666667,633.7,2.6999999999999997,0.0
2026-06-01 08:41:00,27.04,60.75833333333334,636.54,2.705,0.0
2026-06-01 08:42:00,27.08,60.650000000000006,639.38,2.71,0.0
2026-06-01 08:43:00,27.12,60.54166666666667,642.22,2.715,0.0
2026-06-01 08:44:00,27.16,60.43333333333334,645.06,2.7199999999999998,0.0
2026-06-01 08:45:00,27.2,60.325,647.9,2.7249999999999996,0.0
2026-06-01 08:46:00,27.240000000000002,60.21666666666667,650.74,2.73,0.0
2026-06-01 08:47:00,27.28,60.108333333333334,653.58,2.735,0.0
2026-06-01 08:48:00,27.32,60.0,656.4200000000001,2.7399999999999998,0.0
2026-06-01 08:49:00,27.36,59.89166666666667,659.26,2.7449999999999997,0.0
2026-06-01 08:50:00,27.4,59.78333333333334,662.1,2.75,0.0
2026-06-01 08:51:00,27.44,59.675000000000004,664.94,2.755,0.0
2026-06-01 08:52:00,27.48,59.56666666666667,667.78,2.76,0.0
2026-06-01 08:53:00,27.52,59.458333333333336,670.62,2.7649999999999997,0.0
2026-06-01 08:54:00,27.560000000000002,59.35,673.46,2.7699999999999996,0.0
2026-06-01 08:55:00,27.6,59.24166666666667,676.3,2.775,0.0
2026-06-01 08:56:00,27.64,59.13333333333334,679.14,2.78,0.0
2026-06-01 08:57:00,27.68,59.025000000000006,681.98,2.7849999999999997,0.0
2026-06-01 08:58:00,27.72,58.91666666666667,684.8199999999999,2.79,0.0
2026-06-01 08:59:00,27.76,58.80833333333334,687.66,2.795,0.0
2026-06-01 09:00:00,27.8,58.7,690.5,2.8,0.0
2026-06-01 09:01:00,27.84,58.593333333333334,692.6583333333333,2.8049999999999997,0.0
2026-06-01 09:02:00,27.88,58.48666666666667,694.8166666666667,2.8099999999999996,0.0
2026-06-01 09:03:00,27.92,58.38,696.975,2.815,0.0
2026-06-01 09:04:00,27.96,58.27333333333333,699.1333333333333,2.82,0.0
2026-06-01 09:05:00,28.0,58.16666666666667,701.2916666666666,2.8249999999999997,0.0
2026-06-01 09:06:00,28.04,58.06,703.45,2.83,0.0
2026-06-01 09:07:00,28.080000000000002,57.95333333333333,705.6083333333333,2.835,0.0
2026-06-01 09:08:00,28.12,57.84666666666667,707.7666666666667,2.84,0.0
2026-06-01 09:09:00,28.16,57.74,709.925,2.8449999999999998,0.0
2026-06-01 09:10:00,28.2,57.63333333333333,712.0833333333334,2.8499999999999996,0.0
2026-06-01 09:11:00,28.240000000000002,57.52666666666667,714.2416666666667,2.855,0.0
2026-06-01 09:12:00,28.28,57.42,716.4,2.86,0.0
2026-06-01 09:13:00,28.32,57.31333333333333,718.5583333333333,2.8649999999999998,0.0
2026-06-01 09:14:00,28.36,57.20666666666667,720.7166666666667,2.87,0.0
2026-06-01 09:15:00,28.4,57.1,722.875,2.875,0.0
2026-06-01 09:16:00,28.44,56.99333333333333,725.0333333333333,2.88,0.0
2026-06-01 09:17:00,28.48,56.88666666666667,727.1916666666666,2.885,0.0
2026-06-01 09:18:00,28.52,56.78,729.35,2.8899999999999997,0.0
2026-06-01 09:19:00,28.56,56.67333333333333,731.5083333333333,2.895,0.0
2026-06-01 09:20:00,28.6,56.56666666666667,733.6666666666666,2.9,0.0
2026-06-01 09:21:00,28.64,56.46,735.825,2.905,0.0
2026-06-01 09:22:00,28.68,56.35333333333333,737.9833333333333,2.91,0.0
2026-06-01 09:23:00,28.72,56.24666666666667,740.1416666666667,2.915,0.0
2026-06-01 09:24:00,28.76,56.14,742.3,2.92,0.0
2026-06-01 09:25:00,28.8,56.03333333333333,744.4583333333334,2.925,0.0
2026-06-01 09:26:00,28.84,55.92666666666667,746.6166666666667,2.9299999999999997,0.0
2026-06-01 09:27:00,28.88,55.82,748.775,2.935,0.0
2026-06-01 09:28:00,28.92,55.71333333333333,750.9333333333333,2.94,0.0
2026-06-01 09:29:00,28.96,55.60666666666667,753.0916666666667,2.945,0.0
2026-06-01 09:30:00,29.0,55.5,755.25,2.95,0.0
2026-06-01 09:31:00,29.04,55.39333333333333,757.4083333333333,2.955,0.0
2026-06-01 09:32:00,29.08,55.28666666666667,759.5666666666666,2.96,0.0
2026-06-01 09:33:00,29.12,55.18,761.725,2.965,0.0
2026-06-01 09:34:00,29.16,55.07333333333333,763.8833333333333,2.9699999999999998,0.0
2026-06-01 09:35:00,29.2,54.96666666666667,766.0416666666666,2.975,0.0
2026-06-01 09:36:00,29.24,54.86,768.2,2.98,0.0
2026-06-01 09:37:00,29.28,54.75333333333333,770.3583333333333,2.985,0.0
2026-06-01 09:38:00,29.32,54.64666666666667,772.5166666666667,2.99,0.0
2026-06-01 09:39:00,29.36,54.54,774.675,2.995,0.0
2026-06-01 09:40:00,29.4,54.43333333333333,776.8333333333334,3.0,0.0
2026-06-01 09:41:00,29.44,54.32666666666667,778.9916666666667,3.005,0.0
2026-06-01 09:42:00,29.48,54.22,781.15,3.01,0.0
2026-06-01 09:43:00,29.52,54.11333333333333,783.3083333333334,3.015,0.0
2026-06-01 09:44:00,29.56,54.00666666666667,785.4666666666667,3.02,0.0
2026-06-01 09:45:00,29.599999999999998,53.9,787.625,3.025,0.0
2026-06-01 09:46:00,29.64,53.79333333333333,789.7833333333333,3.0300000000000002,0.0
2026-06-01 09:47:00,29.68,53.68666666666667,791.9416666666666,3.035,0.0
2026-06-01 09:48:00,29.72,53.58,794.1,3.04,0.0
2026-06-01 09:49:00,29.759999999999998,53.47333333333333,796.2583333333333,3.045,0.0
2026-06-01 09:50:00,29.8,53.36666666666667,798.4166666666666,3.05,0.0
2026-06-01 09:51:00,29.84,53.26,800.575,3.055,0.0
2026-06-01 09:52:00,29.88,53.15333333333333,802.7333333333333,3.06,0.0
2026-06-01 09:53:00,29.919999999999998,53.04666666666667,804.8916666666667,3.065,0.0
2026-06-01 09:54:00,29.96,52.94,807.05,3.0700000000000003,0.0
2026-06-01 09:55:00,30.0,52.83333333333333,809.2083333333334,3.075,0.0
2026-06-01 09:56:00,30.04,52.72666666666667,811.3666666666667,3.08,0.0
2026-06-01 09:57:00,30.08,52.62,813.525,3.085,0.0
2026-06-01 09:58:00,30.119999999999997,52.51333333333333,815.6833333333333,3.09,0.0
2026-06-01 09:59:00,30.16,52.406666666666666,817.8416666666667,3.095,0.0
2026-06-01 10:00:00,30.2,52.3,820.0,3.1,0.0
2026-06-01 10:01:00,30.231666666666666,52.224999999999994,821.2566666666667,3.1033333333333335,0.0
2026-06-01 10:02:00,30.263333333333332,52.15,822.5133333333333,3.106666666666667,0.0
2026-06-01 10:03:00,30.294999999999998,52.074999999999996,823.77,3.11,0.0
2026-06-01 10:04:00,30.326666666666664,52.0,825.0266666666666,3.1133333333333333,0.0
2026-06-01 10:05:00,30.358333333333334,51.925,826.2833333333333,3.1166666666666667,0.0
2026-06-01 10:06:00,30.39,51.849999999999994,827.54,3.12,0.0
2026-06-01 10:07:00,30.421666666666667,51.775,828.7966666666666,3.1233333333333335,0.0
2026-06-01 10:08:00,30.453333333333333,51.699999999999996,830.0533333333333,3.126666666666667,0.0
2026-06-01 10:09:00,30.485,51.625,831.31,3.13,0.0
2026-06-01 10:10:00,30.516666666666666,51.55,832.5666666666666,3.1333333333333333,0.0
2026-06-01 10:11:00,30.548333333333332,51.474999999999994,833.8233333333334,3.1366666666666667,0.0
2026-06-01 10:12:00,30.58,51.4,835.08,3.14,0.0
2026-06-01 10:13:00,30.611666666666668,51.324999999999996,836.3366666666667,3.1433333333333335,0.0
2026-06-01 10:14:00,30.643333333333334,51.25,837.5933333333334,3.1466666666666665,0.0
2026-06-01 10:15:00,30.675,51.175,838.85,3.15,0.0
2026-06-01 10:16:00,30.706666666666667,51.099999999999994,840.1066666666667,3.1533333333333333,0.0
2026-06-01 10:17:00,30.738333333333333,51.025,841.3633333333333,3.1566666666666667,0.0
2026-06-01 10:18:00,30.77,50.949999999999996,842.62,3.16,0.0
2026-06-01 10:19:00,30.801666666666666,50.875,843.8766666666667,3.1633333333333336,0.0
2026-06-01 10:20:00,30.833333333333332,50.8,845.1333333333333,3.1666666666666665,0.0
2026-06-01 10:21:00,30.865,50.724999999999994,846.39,3.17,0.0
2026-06-01 10:22:00,30.89666666666667,50.65,847.6466666666666,3.1733333333333333,0.0
2026-06-01 10:23:00,30.928333333333335,50.574999999999996,848.9033333333333,3.1766666666666667,0.0
2026-06-01 10:24:00,30.96,50.5,850.16,3.18,0.0
2026-06-01 10:25:00,30.991666666666667,50.425,851.4166666666666,3.183333333333333,0.0
2026-06-01 10:26:00,31.023333333333333,50.349999999999994,852.6733333333333,3.1866666666666665,0.0
2026-06-01 10:27:00,31.055,50.275,853.93,3.19,0.0
2026-06-01 10:28:00,31.086666666666666,50.199999999999996,855.1866666666666,3.1933333333333334,0.0
2026-06-01 10:29:00,31.118333333333332,50.125,856.4433333333333,3.1966666666666668,0.0
2026-06-01 10:30:00,31.150000000000002,50.05,857.7,3.2,0.0
2026-06-01 10:31:00,31.18166666666667,49.974999999999994,858.9566666666667,3.203333333333333,0.0
2026-06-01 10:32:00,31.213333333333335,49.9,860.2133333333334,3.2066666666666666,0.0
2026-06-01 10:33:00,31.245,49.824999999999996,861.47,3.21,0.0
2026-06-01 10:34:00,31.276666666666667,49.75,862.7266666666667,3.2133333333333334,0.0
2026-06-01 10:35:00,31.308333333333334,49.675,863.9833333333333,3.216666666666667,0.0
2026-06-01 10:36:00,31.34,49.599999999999994,865.24,3.2199999999999998,0.0
2026-06-01 10:37:00,31.371666666666666,49.525,866.4966666666667,3.223333333333333,0.0
2026-06-01 10:38:00,31.403333333333332,49.449999999999996,867.7533333333333,3.2266666666666666,0.0
2026-06-01 10:39:00,31.435000000000002,49.375,869.01,3.23,0.0
2026-06-01 10:40:00,31.46666666666667,49.3,870.2666666666667,3.2333333333333334,0.0
2026-06-01 10:41:00,31.498333333333335,49.224999999999994,871.5233333333333,3.2366666666666664,0.0
2026-06-01 10:42:00,31.53,49.15,872.78,3.2399999999999998,0.0
2026-06-01 10:43:00,31.561666666666667,49.074999999999996,874.0366666666666,3.243333333333333,0.0
2026-06-01 10:44:00,31.593333333333334,49.0,875.2933333333333,3.2466666666666666,0.0
2026-06-01 10:45:00,31.625,48.925,876.55,3.25,0.0
2026-06-01 10:46:00,31.656666666666666,48.849999999999994,877.8066666666666,3.2533333333333334,0.0
2026-06-01 10:47:00,31.688333333333333,48.775,879.0633333333333,3.2566666666666664,0.0
2026-06-01 10:48:00,31.720000000000002,48.699999999999996,880.3199999999999,3.26,0.0
2026-06-01 10:49:00,31.75166666666667,48.625,881.5766666666666,3.263333333333333,0.0
2026-06-01 10:50:00,31.783333333333335,48.55,882.8333333333333,3.2666666666666666,0.0
2026-06-01 10:51:00,31.815,48.474999999999994,884.09,3.27,0.0
2026-06-01 10:52:00,31.846666666666668,48.4,885.3466666666667,3.2733333333333334,0.0
2026-06-01 10:53:00,31.878333333333334,48.324999999999996,886.6033333333334,3.2766666666666664,0.0
2026-06-01 10:54:00,31.91,48.25,887.86,3.28,0.0
2026-06-01 10:55:00,31.941666666666666,48.175,889.1166666666667,3.283333333333333,0.0
2026-06-01 10:56:00,31.973333333333336,48.099999999999994,890.3733333333333,3.2866666666666666,0.0
2026-06-01 10:57:00,32.005,48.025,891.63,3.29,0.0
2026-06-01 10:58:00,32.03666666666667,47.949999999999996,892.8866666666667,3.293333333333333,0.0
2026-06-01 10:59:00,32.068333333333335,47.875,894.1433333333333,3.2966666666666664,0.0
2026-06-01 11:00:00,32.1,47.8,895.4,3.3,0.0
2026-06-01 11:01:00,32.123333333333335,47.739999999999995,895.73,3.3033333333333332,0.0
2026-06-01 11:02:00,32.14666666666667,47.68,896.06,3.3066666666666666,0.0
2026-06-01 11:03:00,32.17,47.62,896.39,3.3099999999999996,0.0
2026-06-01 11:04:00,32.193333333333335,47.559999999999995,896.72,3.313333333333333,0.0
2026-06-01 11:05:00,32.21666666666667,47.5,897.05,3.3166666666666664,0.0
2026-06-01 11:06:00,32.24,47.44,897.38,3.32,0.0
2026-06-01 11:07:00,32.263333333333335,47.379999999999995,897.71,3.3233333333333333,0.0
2026-06-01 11:08:00,32.28666666666667,47.32,898.04,3.3266666666666667,0.0
2026-06-01 11:09:00,32.31,47.26,898.37,3.33,0.0
2026-06-01 11:10:00,32.333333333333336,47.199999999999996,898.7,3.333333333333333,0.0
2026-06-01 11:11:00,32.35666666666667,47.14,899.03,3.3366666666666664,0.0
2026-06-01 11:12:00,32.38,47.08,899.36,3.34,0.0
2026-06-01 11:13:00,32.403333333333336,47.019999999999996,899.6899999999999,3.3433333333333333,0.0
2026-06-01 11:14:00,32.42666666666667,46.96,900.02,3.3466666666666667,0.0
2026-06-01 11:15:00,32.45,46.9,900.35,3.3499999999999996,0.0
2026-06-01 11:16:00,32.473333333333336,46.839999999999996,900.68,3.353333333333333,0.0
2026-06-01 11:17:00,32.49666666666667,46.78,901.01,3.3566666666666665,0.0
2026-06-01 11:18:00,32.52,46.72,901.34,3.36,0.0
2026-06-01 11:19:00,32.54333333333334,46.66,901.67,3.3633333333333333,0.0
2026-06-01 11:20:00,32.56666666666667,46.6,902.0,3.3666666666666667,0.0
2026-06-01 11:21:00,32.59,46.54,902.33,3.37,0.0
2026-06-01 11:22:00,32.61333333333334,46.48,902.66,3.373333333333333,0.0
2026-06-01 11:23:00,32.63666666666667,46.42,902.99,3.3766666666666665,0.0
2026-06-01 11:24:00,32.660000000000004,46.36,903.32,3.38,0.0
2026-06-01 11:25:00,32.68333333333334,46.3,903.65,3.3833333333333333,0.0
2026-06-01 11:26:00,32.70666666666667,46.24,903.98,3.3866666666666667,0.0
2026-06-01 11:27:00,32.730000000000004,46.18,904.3100000000001,3.3899999999999997,0.0
2026-06-01 11:28:00,32.75333333333334,46.12,904.64,3.393333333333333,0.0
2026-06-01 11:29:00,32.77666666666667,46.06,904.97,3.3966666666666665,0.0
2026-06-01 11:30:00,32.8,46.0,905.3,3.4,0.0
2026-06-01 11:31:00,32.82333333333333,45.94,905.63,3.4033333333333333,0.0
2026-06-01 11:32:00,32.846666666666664,45.88,905.96,3.4066666666666667,0.0
2026-06-01 11:33:00,32.87,45.82,906.29,3.41,0.0
2026-06-01 11:34:00,32.89333333333333,45.76,906.62,3.413333333333333,0.0
2026-06-01 11:35:00,32.916666666666664,45.7,906.95,3.4166666666666665,0.0
2026-06-01 11:36:00,32.94,45.64,907.28,3.42,0.0
2026-06-01 11:37:00,32.96333333333333,45.58,907.61,3.4233333333333333,0.0
2026-06-01 11:38:00,32.986666666666665,45.52,907.94,3.4266666666666667,0.0
2026-06-01 11:39:00,33.01,45.46,908.27,3.4299999999999997,0.0
2026-06-01 11:40:00,33.03333333333333,45.4,908.6,3.433333333333333,0.0
2026-06-01 11:41:00,33.056666666666665,45.34,908.9300000000001,3.4366666666666665,0.0
2026-06-01 11:42:00,33.08,45.28,909.26,3.44,0.0
2026-06-01 11:43:00,33.10333333333333,45.22,909.59,3.4433333333333334,0.0
2026-06-01 11:44:00,33.126666666666665,45.160000000000004,909.9200000000001,3.4466666666666668,0.0
2026-06-01 11:45:00,33.15,45.1,910.25,3.45,0.0
2026-06-01 11:46:00,33.17333333333333,45.04,910.58,3.453333333333333,0.0
2026-06-01 11:47:00,33.196666666666665,44.980000000000004,910.9100000000001,3.4566666666666666,0.0
2026-06-01 11:48:00,33.22,44.92,911.24,3.46,0.0
2026-06-01 11:49:00,33.24333333333333,44.86,911.57,3.4633333333333334,0.0
2026-06-01 11:50:00,33.266666666666666,44.800000000000004,911.9000000000001,3.466666666666667,0.0
2026-06-01 11:51:00,33.29,44.74,912.23,3.4699999999999998,0.0
2026-06-01 11:52:00,33.31333333333333,44.68,912.5600000000001,3.473333333333333,0.0
2026-06-01 11:53:00,33.336666666666666,44.620000000000005,912.89,3.4766666666666666,0.0
2026-06-01 11:54:00,33.36,44.56,913.22,3.48,0.0
2026-06-01 11:55:00,33.38333333333333,44.5,913.5500000000001,3.4833333333333334,0.0
2026-06-01 11:56:00,33.406666666666666,44.440000000000005,913.88,3.486666666666667,0.0
2026-06-01 11:57:00,33.43,44.38,914.21,3.49,0.0
2026-06-01 11:58:00,33.45333333333333,44.32,914.5400000000001,3.493333333333333,0.0
2026-06-01 11:59:00,33.47666666666667,44.260000000000005,914.87,3.4966666666666666,0.0
2026-06-01 12:00:00,33.5,44.2,915.2,3.5,0.0
2026-06-01 12:01:00,33.51166666666667,44.17166666666667,914.6233333333333,3.5016666666666665,0.0
2026-06-01 12:02:00,33.52333333333333,44.14333333333334,914.0466666666667,3.5033333333333334,0.0
2026-06-01 12:03:00,33.535,44.115,913.47,3.505,0.0
2026-06-01 12:04:00,33.54666666666667,44.086666666666666,912.8933333333334,3.506666666666667,0.0
2026-06-01 12:05:00,33.55833333333334,44.05833333333334,912.3166666666667,3.5083333333333333,0.0
2026-06-01 12:06:00,33.57,44.03,911.74,3.51,0.0
2026-06-01 12:07:00,33.58166666666666,44.00166666666667,911.1633333333334,3.5116666666666667,0.0
2026-06-01 12:08:00,33.593333333333334,43.973333333333336,910.5866666666667,3.513333333333333,0.0
2026-06-01 12:09:00,33.605000000000004,43.945,910.01,3.515,0.0
2026-06-01 12:10:00,33.61666666666667,43.91666666666667,909.4333333333334,3.5166666666666666,0.0
2026-06-01 12:11:00,33.62833333333333,43.888333333333335,908.8566666666667,3.5183333333333335,0.0
2026-06-01 12:12:00,33.64,43.86,908.2800000000001,3.52,0.0
2026-06-01 12:13:00,33.65166666666667,43.83166666666667,907.7033333333334,3.5216666666666665,0.0
2026-06-01 12:14:00,33.663333333333334,43.803333333333335,907.1266666666667,3.5233333333333334,0.0
2026-06-01 12:15:00,33.675,43.775000000000006,906.5500000000001,3.525,0.0
2026-06-01 12:16:00,33.68666666666667,43.74666666666667,905.9733333333334,3.526666666666667,0.0
2026-06-01 12:17:00,33.69833333333334,43.718333333333334,905.3966666666668,3.5283333333333333,0.0
2026-06-01 12:18:00,33.71,43.690000000000005,904.82,3.5300000000000002,0.0
2026-06-01 12:19:00,33.721666666666664,43.66166666666667,904.2433333333333,3.5316666666666667,0.0
2026-06-01 12:20:00,33.733333333333334,43.63333333333333,903.6666666666667,3.533333333333333,0.0
2026-06-01 12:21:00,33.745000000000005,43.605000000000004,903.09,3.535,0.0
2026-06-01 12:22:00,33.75666666666667,43.57666666666667,902.5133333333333,3.5366666666666666,0.0
2026-06-01 12:23:00,33.76833333333333,43.54833333333333,901.9366666666667,3.5383333333333336,0.0
2026-06-01 12:24:00,33.78,43.52,901.36,3.54,0.0
2026-06-01 12:25:00,33.79166666666667,43.49166666666667,900.7833333333334,3.5416666666666665,0.0
2026-06-01 12:26:00,33.803333333333335,43.46333333333334,900.2066666666667,3.5433333333333334,0.0
2026-06-01 12:27:00,33.815,43.435,899.63,3.545,0.0
2026-06-01 12:28:00,33.82666666666667,43.406666666666666,899.0533333333334,3.546666666666667,0.0
2026-06-01 12:29:00,33.83833333333334,43.37833333333334,898.4766666666667,3.5483333333333333,0.0
2026-06-01 12:30:00,33.85,43.35,897.9000000000001,3.55,0.0
2026-06-01 12:31:00,33.861666666666665,43.321666666666665,897.3233333333334,3.5516666666666667,0.0
2026-06-01 12:32:00,33.873333333333335,43.29333333333334,896.7466666666667,3.5533333333333332,0.0
2026-06-01 12:33:00,33.885000000000005,43.265,896.1700000000001,3.555,0.0
2026-06-01 12:34:00,33.89666666666667,43.236666666666665,895.5933333333334,3.5566666666666666,0.0
2026-06-01 12:35:00,33.90833333333333,43.208333333333336,895.0166666666667,3.5583333333333336,0.0
2026-06-01 12:36:00,33.92,43.18,894.44,3.56,0.0
2026-06-01 12:37:00,33.93166666666667,43.15166666666667,893.8633333333333,3.5616666666666665,0.0
2026-06-01 12:38:00,33.943333333333335,43.123333333333335,893.2866666666667,3.5633333333333335,0.0
2026-06-01 12:39:00,33.955,43.095,892.71,3.565,0.0
2026-06-01 12:40:00,33.96666666666667,43.06666666666667,892.1333333333333,3.566666666666667,0.0
2026-06-01 12:41:00,33.97833333333334,43.038333333333334,891.5566666666667,3.5683333333333334,0.0
2026-06-01 12:42:00,33.99,43.01,890.98,3.5700000000000003,0.0
2026-06-01 12:43:00,34.001666666666665,42.98166666666667,890.4033333333334,3.5716666666666668,0.0
2026-06-01 12:44:00,34.013333333333335,42.95333333333333,889.8266666666667,3.5733333333333333,0.0
2026-06-01 12:45:00,34.025000000000006,42.925,889.25,3.575,0.0
2026-06-01 12:46:00,34.03666666666667,42.89666666666667,888.6733333333334,3.5766666666666667,0.0
2026-06-01 12:47:00,34.04833333333333,42.86833333333333,888.0966666666667,3.5783333333333336,0.0
2026-06-01 12:48:00,34.06,42.84,887.52,3.58,0.0
2026-06-01 12:49:00,34.07166666666667,42.81166666666667,886.9433333333334,3.5816666666666666,0.0
2026-06-01 12:50:00,34.083333333333336,42.78333333333333,886.3666666666667,3.5833333333333335,0.0
2026-06-01 12:51:00,34.095,42.755,885.7900000000001,3.585,0.0
2026-06-01 12:52:00,34.10666666666667,42.72666666666667,885.2133333333334,3.586666666666667,0.0
2026-06-01 12:53:00,34.11833333333334,42.69833333333333,884.6366666666667,3.5883333333333334,0.0
2026-06-01 12:54:00,34.13,42.67,884.0600000000001,3.59,0.0
2026-06-01 12:55:00,34.141666666666666,42.641666666666666,883.4833333333333,3.591666666666667,0.0
2026-06-01 12:56:00,34.153333333333336,42.61333333333334,882.9066666666668,3.5933333333333333,0.0
2026-06-01 12:57:00,34.165000000000006,42.585,882.33,3.595,0.0
2026-06-01 12:58:00,34.17666666666667,42.556666666666665,881.7533333333333,3.5966666666666667,0.0
2026-06-01 12:59:00,34.18833333333333,42.528333333333336,881.1766666666667,3.5983333333333336,0.0
2026-06-01 13:00:00,34.2,42.5,880.6,3.6,0.0
2026-06-01 13:01:00,34.19666666666667,42.51,879.1783333333334,3.5966666666666667,0.0
2026-06-01 13:02:00,34.193333333333335,42.52,877.7566666666667,3.5933333333333333,0.0
2026-06-01 13:03:00,34.190000000000005,42.53,876.335,3.59,0.0
2026-06-01 13:04:00,34.18666666666667,42.54,874.9133333333333,3.586666666666667,0.0
2026-06-01 13:05:00,34.18333333333334,42.55,873.4916666666667,3.5833333333333335,0.0
2026-06-01 13:06:00,34.18,42.56,872.07,3.58,0.0
2026-06-01 13:07:00,34.17666666666667,42.57,870.6483333333333,3.5766666666666667,0.0
2026-06-01 13:08:00,34.17333333333334,42.58,869.2266666666667,3.5733333333333333,0.0
2026-06-01 13:09:00,34.17,42.59,867.8050000000001,3.5700000000000003,0.0
2026-06-01 13:10:00,34.16666666666667,42.6,866.3833333333333,3.566666666666667,0.0
2026-06-01 13:11:00,34.163333333333334,42.61,864.9616666666667,3.5633333333333335,0.0
2026-06-01 13:12:00,34.160000000000004,42.62,863.54,3.56,0.0
2026-06-01 13:13:00,34.156666666666666,42.63,862.1183333333333,3.5566666666666666,0.0
2026-06-01 13:14:00,34.153333333333336,42.64,860.6966666666667,3.5533333333333332,0.0
2026-06-01 13:15:00,34.150000000000006,42.65,859.275,3.55,0.0
2026-06-01 13:16:00,34.14666666666667,42.660000000000004,857.8533333333334,3.546666666666667,0.0
2026-06-01 13:17:00,34.14333333333334,42.67,856.4316666666666,3.5433333333333334,0.0
2026-06-01 13:18:00,34.14,42.68,855.01,3.54,0.0
2026-06-01 13:19:00,34.13666666666667,42.69,853.5883333333334,3.5366666666666666,0.0
2026-06-01 13:20:00,34.13333333333333,42.7,852.1666666666666,3.533333333333333,0.0
2026-06-01 13:21:00,34.13,42.71,850.745,3.5300000000000002,0.0
2026-06-01 13:22:00,34.126666666666665,42.72,849.3233333333334,3.526666666666667,0.0
2026-06-01 13:23:00,34.123333333333335,42.730000000000004,847.9016666666666,3.5233333333333334,0.0
2026-06-01 13:24:00,34.120000000000005,42.74,846.48,3.52,0.0
2026-06-01 13:25:00,34.11666666666667,42.75,845.0583333333333,3.5166666666666666,0.0
2026-06-01 13:26:00,34.11333333333334,42.76,843.6366666666667,3.513333333333333,0.0
2026-06-01 13:27:00,34.11,42.77,842.215,3.51,0.0
2026-06-01 13:28:00,34.10666666666667,42.78,840.7933333333333,3.506666666666667,0.0
2026-06-01 13:29:00,34.10333333333333,42.79,839.3716666666667,3.5033333333333334,0.0
2026-06-01 13:30:00,34.1,42.8,837.95,3.5,0.0
2026-06-01 13:31:00,34.09666666666667,42.81,836.5283333333333,3.4966666666666666,0.0
2026-06-01 13:32:00,34.093333333333334,42.82,835.1066666666667,3.493333333333333,0.0
2026-06-01 13:33:00,34.09,42.83,833.685,3.49,0.0
2026-06-01 13:34:00,34.086666666666666,42.84,832.2633333333333,3.486666666666667,0.0
2026-06-01 13:35:00,34.083333333333336,42.85,830.8416666666667,3.4833333333333334,0.0
2026-06-01 13:36:00,34.08,42.86,829.42,3.48,0.0
2026-06-01 13:37:00,34.07666666666667,42.87,827.9983333333333,3.4766666666666666,0.0
2026-06-01 13:38:00,34.07333333333334,42.88,826.5766666666666,3.473333333333333,0.0
2026-06-01 13:39:00,34.07,42.89,825.155,3.4699999999999998,0.0
2026-06-01 13:40:00,34.06666666666667,42.9,823.7333333333333,3.466666666666667,0.0
2026-06-01 13:41:00,34.06333333333333,42.910000000000004,822.3116666666666,3.4633333333333334,0.0
2026-06-01 13:42:00,34.06,42.92,820.89,3.46,0.0
2026-06-01 13:43:00,34.056666666666665,42.93,819.4683333333332,3.4566666666666666,0.0
2026-06-01 13:44:00,34.053333333333335,42.94,818.0466666666666,3.453333333333333,0.0
2026-06-01 13:45:00,34.05,42.95,816.625,3.45,0.0
2026-06-01 13:46:00,34.04666666666667,42.96,815.2033333333333,3.4466666666666668,0.0
2026-06-01 13:47:00,34.04333333333334,42.97,813.7816666666666,3.4433333333333334,0.0
2026-06-01 13:48:00,34.04,42.980000000000004,812.36,3.44,0.0
2026-06-01 13:49:00,34.03666666666667,42.99,810.9383333333333,3.4366666666666665,0.0
2026-06-01 13:50:00,34.03333333333333,43.0,809.5166666666667,3.433333333333333,0.0
2026-06-01 13:51:00,34.03,43.01,808.095,3.4299999999999997,0.0
2026-06-01 13:52:00,34.026666666666664,43.02,806.6733333333333,3.4266666666666667,0.0
2026-06-01 13:53:00,34.02333333333333,43.03,805.2516666666667,3.4233333333333333,0.0
2026-06-01 13:54:00,34.02,43.04,803.8299999999999,3.42,0.0
2026-06-01 13:55:00,34.016666666666666,43.050000000000004,802.4083333333333,3.4166666666666665,0.0
2026-06-01 13:56:00,34.013333333333335,43.06,800.9866666666667,3.413333333333333,0.0
2026-06-01 13:57:00,34.01,43.07,799.5649999999999,3.41,0.0
2026-06-01 13:58:00,34.00666666666667,43.08,798.1433333333333,3.4066666666666667,0.0
2026-06-01 13:59:00,34.00333333333333,43.09,796.7216666666666,3.4033333333333333,0.0
2026-06-01 14:00:00,34.0,43.1,795.3,3.4,0.0
2026-06-01 14:01:00,33.985,43.145,792.7149999999999,3.3966666666666665,0.0
2026-06-01 14:02:00,33.97,43.19,790.13,3.393333333333333,0.0
2026-06-01 14:03:00,33.955,43.235,787.545,3.39,0.0
2026-06-01 14:04:00,33.94,43.28,784.9599999999999,3.3866666666666667,0.0
2026-06-01 14:05:00,33.925,43.325,782.375,3.3833333333333333,0.0
2026-06-01 14:06:00,33.91,43.370000000000005,779.79,3.38,0.0
2026-06-01 14:07:00,33.895,43.415,777.2049999999999,3.3766666666666665,0.0
2026-06-01 14:08:00,33.88,43.46,774.62,3.373333333333333,0.0
2026-06-01 14:09:00,33.865,43.505,772.035,3.37,0.0
2026-06-01 14:10:00,33.85,43.55,769.4499999999999,3.3666666666666667,0.0
2026-06-01 14:11:00,33.835,43.595,766.865,3.3633333333333333,0.0
2026-06-01 14:12:00,33.82,43.64,764.28,3.36,0.0
2026-06-01 14:13:00,33.805,43.685,761.6949999999999,3.3566666666666665,0.0
2026-06-01 14:14:00,33.79,43.730000000000004,759.11,3.3533333333333335,0.0
2026-06-01 14:15:00,33.775,43.775,756.525,3.35,0.0
2026-06-01 14:16:00,33.76,43.82,753.9399999999999,3.3466666666666667,0.0
2026-06-01 14:17:00,33.745,43.865,751.355,3.3433333333333333,0.0
2026-06-01 14:18:00,33.730000000000004,43.91,748.77,3.34,0.0
2026-06-01 14:19:00,33.715,43.955,746.185,3.3366666666666664,0.0
2026-06-01 14:20:00,33.7,44.0,743.6,3.3333333333333335,0.0
2026-06-01 14:21:00,33.685,44.045,741.015,3.33,0.0
2026-06-01 14:22:00,33.67,44.09,738.43,3.3266666666666667,0.0
2026-06-01 14:23:00,33.655,44.135,735.845,3.3233333333333333,0.0
2026-06-01 14:24:00,33.64,44.18,733.26,3.32,0.0
2026-06-01 14:25:00,33.625,44.225,730.675,3.316666666666667,0.0
2026-06-01 14:26:00,33.61,44.269999999999996,728.09,3.3133333333333335,0.0
2026-06-01 14:27:00,33.595,44.315,725.505,3.31,0.0
2026-06-01 14:28:00,33.58,44.36,722.92,3.3066666666666666,0.0
2026-06-01 14:29:00,33.565,44.405,720.335,3.3033333333333332,0.0
2026-06-01 14:30:00,33.55,44.45,717.75,3.3,0.0
2026-06-01 14:31:00,33.535000000000004,44.495,715.165,3.296666666666667,0.0
2026-06-01 14:32:00,33.52,44.54,712.58,3.2933333333333334,0.0
2026-06-01 14:33:00,33.505,44.585,709.995,3.29,0.0
2026-06-01 14:34:00,33.49,44.629999999999995,707.41,3.2866666666666666,0.0
2026-06-01 14:35:00,33.475,44.675,704.825,3.283333333333333,0.0
2026-06-01 14:36:00,33.46,44.72,702.24,3.2800000000000002,0.0
2026-06-01 14:37:00,33.445,44.765,699.655,3.276666666666667,0.0
2026-06-01 14:38:00,33.43,44.81,697.07,3.2733333333333334,0.0
2026-06-01 14:39:00,33.415,44.855,694.485,3.27,0.0
2026-06-01 14:40:00,33.4,44.9,691.9,3.2666666666666666,0.0
2026-06-01 14:41:00,33.385,44.945,689.315,3.2633333333333336,0.0
2026-06-01 14:42:00,33.370000000000005,44.989999999999995,686.73,3.2600000000000002,0.0
2026-06-01 14:43:00,33.355000000000004,45.035,684.145,3.256666666666667,0.0
2026-06-01 14:44:00,33.34,45.08,681.5600000000001,3.2533333333333334,0.0
2026-06-01 14:45:00,33.325,45.125,678.975,3.25,0.0
2026-06-01 14:46:00,33.31,45.17,676.39,3.2466666666666666,0.0
2026-06-01 14:47:00,33.295,45.214999999999996,673.8050000000001,3.2433333333333336,0.0
2026-06-01 14:48:00,33.28,45.26,671.22,3.24,0.0
2026-06-01 14:49:00,33.265,45.305,668.635,3.236666666666667,0.0
2026-06-01 14:50:00,33.25,45.349999999999994,666.0500000000001,3.2333333333333334,0.0
2026-06-01 14:51:00,33.235,45.394999999999996,663.465,3.23,0.0
2026-06-01 14:52:00,33.22,45.44,660.8800000000001,3.2266666666666666,0.0
2026-06-01 14:53:00,33.205,45.485,658.2950000000001,3.2233333333333336,0.0
2026-06-01 14:54:00,33.19,45.53,655.71,3.22,0.0
2026-06-01 14:55:00,33.175000000000004,45.574999999999996,653.125,3.216666666666667,0.0
2026-06-01 14:56:00,33.160000000000004,45.62,650.5400000000001,3.2133333333333334,0.0
2026-06-01 14:57:00,33.145,45.665,647.955,3.21,0.0
2026-06-01 14:58:00,33.13,45.709999999999994,645.3700000000001,3.206666666666667,0.0
2026-06-01 14:59:00,33.115,45.754999999999995,642.7850000000001,3.2033333333333336,0.0
2026-06-01 15:00:00,33.1,45.8,640.2,3.2,0.0
2026-06-01 15:01:00,33.071666666666665,45.87333333333333,637.0416666666667,3.1950000000000003,0.0
2026-06-01 15:02:00,33.04333333333334,45.946666666666665,633.8833333333333,3.1900000000000004,0.0
2026-06-01 15:03:00,33.015,46.019999999999996,630.725,3.185,0.0
2026-06-01 15:04:00,32.986666666666665,46.093333333333334,627.5666666666667,3.18,0.0
2026-06-01 15:05:00,32.958333333333336,46.166666666666664,624.4083333333334,3.1750000000000003,0.0
2026-06-01 15:06:00,32.93,46.239999999999995,621.25,3.17,0.0
2026-06-01 15:07:00,32.90166666666667,46.31333333333333,618.0916666666667,3.165,0.0
2026-06-01 15:08:00,32.873333333333335,46.38666666666666,614.9333333333334,3.16,0.0
2026-06-01 15:09:00,32.845,46.46,611.7750000000001,3.1550000000000002,0.0
2026-06-01 15:10:00,32.81666666666667,46.53333333333333,608.6166666666667,3.1500000000000004,0.0
2026-06-01 15:11:00,32.788333333333334,46.60666666666666,605.4583333333334,3.145,0.0
2026-06-01 15:12:00,32.76,46.68,602.3000000000001,3.14,0.0
2026-06-01 15:13:00,32.73166666666667,46.75333333333333,599.1416666666667,3.1350000000000002,0.0
2026-06-01 15:14:00,32.70333333333333,46.82666666666667,595.9833333333333,3.13,0.0
2026-06-01 15:15:00,32.675,46.9,592.825,3.125,0.0
2026-06-01 15:16:00,32.64666666666667,46.97333333333333,589.6666666666667,3.12,0.0
2026-06-01 15:17:00,32.61833333333333,47.04666666666667,586.5083333333333,3.115,0.0
2026-06-01 15:18:00,32.59,47.12,583.35,3.1100000000000003,0.0
2026-06-01 15:19:00,32.56166666666667,47.193333333333335,580.1916666666667,3.105,0.0
2026-06-01 15:20:00,32.53333333333333,47.266666666666666,577.0333333333333,3.1,0.0
2026-06-01 15:21:00,32.505,47.339999999999996,573.875,3.095,0.0
2026-06-01 15:22:00,32.47666666666667,47.413333333333334,570.7166666666667,3.09,0.0
2026-06-01 15:23:00,32.44833333333333,47.486666666666665,567.5583333333334,3.085,0.0
2026-06-01 15:24:00,32.42,47.56,564.4,3.08,0.0
2026-06-01 15:25:00,32.391666666666666,47.63333333333333,561.2416666666667,3.075,0.0
2026-06-01 15:26:00,32.36333333333334,47.70666666666666,558.0833333333334,3.0700000000000003,0.0
2026-06-01 15:27:00,32.335,47.78,554.9250000000001,3.065,0.0
2026-06-01 15:28:00,32.306666666666665,47.85333333333333,551.7666666666667,3.06,0.0
2026-06-01 15:29:00,32.278333333333336,47.92666666666667,548.6083333333333,3.055,0.0
2026-06-01 15:30:00,32.25,48.0,545.45,3.05,0.0
2026-06-01 15:31:00,32.221666666666664,48.07333333333333,542.2916666666667,3.045,0.0
2026-06-01 15:32:00,32.193333333333335,48.14666666666667,539.1333333333333,3.04,0.0
2026-06-01 15:33:00,32.165,48.22,535.975,3.035,0.0
2026-06-01 15:34:00,32.13666666666666,48.29333333333334,532.8166666666667,3.0300000000000002,0.0
2026-06-01 15:35:00,32.108333333333334,48.36666666666667,529.6583333333333,3.025,0.0
2026-06-01 15:36:00,32.08,48.44,526.5,3.02,0.0
2026-06-01 15:37:00,32.05166666666667,48.513333333333335,523.3416666666667,3.015,0.0
2026-06-01 15:38:00,32.02333333333333,48.586666666666666,520.1833333333334,3.01,0.0
2026-06-01 15:39:00,31.995,48.660000000000004,517.025,3.005,0.0
2026-06-01 15:40:00,31.966666666666665,48.733333333333334,513.8666666666667,3.0,0.0
2026-06-01 15:41:00,31.938333333333333,48.806666666666665,510.70833333333337,2.995,0.0
2026-06-01 15:42:00,31.91,48.88,507.55,2.99,0.0
2026-06-01 15:43:00,31.881666666666668,48.95333333333333,504.39166666666665,2.985,0.0
2026-06-01 15:44:00,31.85333333333333,49.02666666666667,501.23333333333335,2.98,0.0
2026-06-01 15:45:00,31.825,49.1,498.075,2.975,0.0
2026-06-01 15:46:00,31.796666666666667,49.17333333333333,494.91666666666663,2.9699999999999998,0.0
2026-06-01 15:47:00,31.76833333333333,49.24666666666667,491.7583333333333,2.965,0.0
2026-06-01 15:48:00,31.74,49.32,488.6,2.96,0.0
2026-06-01 15:49:00,31.711666666666666,49.39333333333334,485.44166666666666,2.955,0.0
2026-06-01 15:50:00,31.683333333333334,49.46666666666667,482.2833333333333,2.95,0.0
2026-06-01 15:51:00,31.654999999999998,49.54,479.125,2.945,0.0
2026-06-01 15:52:00,31.626666666666665,49.61333333333334,475.9666666666667,2.94,0.0
2026-06-01 15:53:00,31.598333333333333,49.68666666666667,472.80833333333334,2.935,0.0
2026-06-01 15:54:00,31.57,49.760000000000005,469.65,2.9299999999999997,0.0
2026-06-01 15:55:00,31.541666666666664,49.833333333333336,466.4916666666667,2.925,0.0
2026-06-01 15:56:00,31.513333333333332,49.906666666666666,463.3333333333333,2.92,0.0
2026-06-01 15:57:00,31.485,49.980000000000004,460.17499999999995,2.915,0.0
2026-06-01 15:58:00,31.456666666666667,50.053333333333335,457.01666666666665,2.91,0.0
2026-06-01 15:59:00,31.42833333333333,50.126666666666665,453.85833333333335,2.905,0.0
2026-06-01 16:00:00,31.4,50.2,450.7,2.9,0.0
2026-06-01 16:01:00,31.368333333333332,50.29666666666667,447.19,2.895,0.0
2026-06-01 16:02:00,31.336666666666666,50.39333333333334,443.68,2.89,0.0
2026-06-01 16:03:00,31.305,50.49,440.17,2.885,0.0
2026-06-01 16:04:00,31.273333333333333,50.586666666666666,436.65999999999997,2.88,0.0
2026-06-01 16:05:00,31.241666666666667,50.68333333333334,433.15,2.875,0.0
2026-06-01 16:06:00,31.209999999999997,50.78,429.64,2.87,0.0
2026-06-01 16:07:00,31.17833333333333,50.87666666666667,426.13,2.8649999999999998,0.0
2026-06-01 16:08:00,31.146666666666665,50.973333333333336,422.62,2.86,0.0
2026-06-01 16:09:00,31.115,51.07,419.11,2.855,0.0
2026-06-01 16:10:00,31.083333333333332,51.16666666666667,415.59999999999997,2.85,0.0
2026-06-01 16:11:00,31.051666666666666,51.263333333333335,412.09,2.8449999999999998,0.0
2026-06-01 16:12:00,31.02,51.36,408.58,2.84,0.0
2026-06-01 16:13:00,30.988333333333333,51.45666666666667,405.07,2.835,0.0
2026-06-01 16:14:00,30.956666666666667,51.553333333333335,401.56,2.83,0.0
2026-06-01 16:15:00,30.924999999999997,51.650000000000006,398.05,2.825,0.0
2026-06-01 16:16:00,30.89333333333333,51.74666666666667,394.53999999999996,2.82,0.0
2026-06-01 16:17:00,30.861666666666665,51.843333333333334,391.03,2.815,0.0
2026-06-01 16:18:00,30.83,51.940000000000005,387.52,2.81,0.0
2026-06-01 16:19:00,30.798333333333332,52.03666666666667,384.01,2.805,0.0
2026-06-01 16:20:00,30.766666666666666,52.13333333333333,380.5,2.8,0.0
2026-06-01 16:21:00,30.735,52.230000000000004,376.99,2.795,0.0
2026-06-01 16:22:00,30.703333333333333,52.32666666666667,373.48,2.79,0.0
2026-06-01 16:23:00,30.671666666666667,52.42333333333333,369.96999999999997,2.785,0.0
2026-06-01 16:24:00,30.64,52.52,366.46,2.78,0.0
2026-06-01 16:25:00,30.608333333333334,52.61666666666667,362.95,2.775,0.0
2026-06-01 16:26:00,30.576666666666664,52.71333333333334,359.44,2.77,0.0
2026-06-01 16:27:00,30.544999999999998,52.81,355.93,2.765,0.0
2026-06-01 16:28:00,30.513333333333332,52.906666666666666,352.41999999999996,2.76,0.0
2026-06-01 16:29:00,30.481666666666666,53.00333333333334,348.90999999999997,2.755,0.0
2026-06-01 16:30:00,30.45,53.1,345.4,2.75,0.0
2026-06-01 16:31:00,30.418333333333333,53.196666666666665,341.89,2.745,0.0
2026-06-01 16:32:00,30.386666666666667,53.29333333333334,338.38,2.74,0.0
2026-06-01 16:33:00,30.355,53.39,334.87,2.735,0.0
2026-06-01 16:34:00,30.323333333333334,53.486666666666665,331.36,2.73,0.0
2026-06-01 16:35:00,30.291666666666664,53.583333333333336,327.84999999999997,2.725,0.0
2026-06-01 16:36:00,30.259999999999998,53.68,324.34,2.72,0.0
2026-06-01 16:37:00,30.22833333333333,53.77666666666667,320.83,2.715,0.0
2026-06-01 16:38:00,30.196666666666665,53.873333333333335,317.32,2.71,0.0
2026-06-01 16:39:00,30.165,53.97,313.80999999999995,2.705,0.0
2026-06-01 16:40:00,30.133333333333333,54.06666666666667,310.29999999999995,2.7,0.0
2026-06-01 16:41:00,30.101666666666667,54.163333333333334,306.78999999999996,2.695,0.0
2026-06-01 16:42:00,30.07,54.26,303.28,2.69,0.0
2026-06-01 16:43:00,30.038333333333334,54.35666666666667,299.77,2.685,0.0
2026-06-01 16:44:00,30.006666666666668,54.45333333333333,296.26,2.68,0.0
2026-06-01 16:45:00,29.975,54.55,292.75,2.6750000000000003,0.0
2026-06-01 16:46:00,29.94333333333333,54.64666666666667,289.24,2.67,0.0
2026-06-01 16:47:00,29.911666666666665,54.74333333333333,285.73,2.665,0.0
2026-06-01 16:48:00,29.88,54.84,282.22,2.66,0.0
2026-06-01 16:49:00,29.848333333333333,54.93666666666667,278.71,2.6550000000000002,0.0
2026-06-01 16:50:00,29.816666666666666,55.03333333333333,275.2,2.65,0.0
2026-06-01 16:51:00,29.785,55.13,271.69,2.645,0.0
2026-06-01 16:52:00,29.753333333333334,55.22666666666667,268.17999999999995,2.64,0.0
2026-06-01 16:53:00,29.721666666666668,55.32333333333334,264.66999999999996,2.6350000000000002,0.0
2026-06-01 16:54:00,29.69,55.42,261.15999999999997,2.63,0.0
2026-06-01 16:55:00,29.65833333333333,55.516666666666666,257.65,2.625,0.0
2026-06-01 16:56:00,29.626666666666665,55.61333333333333,254.14,2.62,0.0
2026-06-01 16:57:00,29.595,55.71,250.63,2.615,0.0
2026-06-01 16:58:00,29.563333333333333,55.806666666666665,247.11999999999998,2.6100000000000003,0.0
2026-06-01 16:59:00,29.531666666666666,55.903333333333336,243.60999999999999,2.605,0.0
2026-06-01 17:00:00,29.5,56.0,240.1,2.6,0.0
2026-06-01 17:01:00,29.461666666666666,56.11333333333334,237.35333333333332,2.595,0.0
2026-06-01 17:02:00,29.423333333333332,56.22666666666667,234.60666666666665,2.59,0.0
2026-06-01 17:03:00,29.385,56.34,231.85999999999999,2.585,0.0
2026-06-01 17:04:00,29.346666666666668,56.45333333333333,229.11333333333332,2.58,0.0
2026-06-01 17:05:00,29.308333333333334,56.56666666666667,226.36666666666667,2.575,0.0
2026-06-01 17:06:00,29.27,56.68,223.62,2.5700000000000003,0.0
2026-06-01 17:07:00,29.231666666666666,56.79333333333334,220.87333333333333,2.565,0.0
2026-06-01 17:08:00,29.19333333333333,56.906666666666666,218.12666666666667,2.56,0.0
2026-06-01 17:09:00,29.155,57.019999999999996,215.38,2.555,0.0
2026-06-01 17:10:00,29.116666666666667,57.13333333333333,212.63333333333333,2.55,0.0
2026-06-01 17:11:00,29.078333333333333,57.24666666666667,209.88666666666666,2.545,0.0
2026-06-01 17:12:00,29.04,57.36,207.14,2.54,0.0
2026-06-01 17:13:00,29.001666666666665,57.473333333333336,204.39333333333332,2.535,0.0
2026-06-01 17:14:00,28.963333333333335,57.586666666666666,201.64666666666665,2.5300000000000002,0.0
2026-06-01 17:15:00,28.925,57.7,198.89999999999998,2.525,0.0
2026-06-01 17:16:00,28.886666666666667,57.81333333333333,196.15333333333334,2.52,0.0
2026-06-01 17:17:00,28.848333333333333,57.92666666666667,193.40666666666667,2.515,0.0
2026-06-01 17:18:00,28.81,58.04,190.66,2.51,0.0
2026-06-01 17:19:00,28.771666666666665,58.153333333333336,187.91333333333333,2.505,0.0
2026-06-01 17:20:00,28.733333333333334,58.266666666666666,185.16666666666666,2.5,0.0
2026-06-01 17:21:00,28.695,58.38,182.42,2.495,0.0
2026-06-01 17:22:00,28.656666666666666,58.49333333333333,179.67333333333332,2.49,0.0
2026-06-01 17:23:00,28.618333333333332,58.60666666666667,176.92666666666665,2.485,0.0
2026-06-01 17:24:00,28.58,58.72,174.18,2.48,0.0
2026-06-01 17:25:00,28.541666666666668,58.833333333333336,171.43333333333334,2.475,0.0
2026-06-01 17:26:00,28.503333333333334,58.946666666666665,168.68666666666667,2.4699999999999998,0.0
2026-06-01 17:27:00,28.465,59.06,165.94,2.465,0.0
2026-06-01 17:28:00,28.426666666666666,59.17333333333333,163.19333333333333,2.46,0.0
2026-06-01 17:29:00,28.388333333333332,59.28666666666667,160.44666666666666,2.455,0.0
2026-06-01 17:30:00,28.35,59.4,157.7,2.45,0.0
2026-06-01 17:31:00,28.311666666666667,59.513333333333335,154.95333333333332,2.445,0.0
2026-06-01 17:32:00,28.273333333333333,59.626666666666665,152.20666666666665,2.44,0.0
2026-06-01 17:33:00,28.235,59.74,149.45999999999998,2.435,0.0
2026-06-01 17:34:00,28.196666666666665,59.85333333333333,146.7133333333333,2.4299999999999997,0.0
2026-06-01 17:35:00,28.15833333333333,59.96666666666667,143.96666666666664,2.425,0.0
2026-06-01 17:36:00,28.12,60.08,141.21999999999997,2.42,0.0
2026-06-01 17:37:00,28.081666666666667,60.19333333333333,138.47333333333333,2.415,0.0
2026-06-01 17:38:00,28.043333333333333,60.306666666666665,135.72666666666666,2.41,0.0
2026-06-01 17:39:00,28.005,60.42,132.98,2.405,0.0
2026-06-01 17:40:00,27.966666666666665,60.53333333333333,130.23333333333332,2.4,0.0
2026-06-01 17:41:00,27.928333333333335,60.64666666666667,127.48666666666665,2.395,0.0
2026-06-01 17:42:00,27.89,60.76,124.74,2.3899999999999997,0.0
2026-06-01 17:43:00,27.851666666666667,60.873333333333335,121.99333333333333,2.385,0.0
2026-06-01 17:44:00,27.813333333333333,60.986666666666665,119.24666666666666,2.38,0.0
2026-06-01 17:45:00,27.775,61.1,116.49999999999999,2.375,0.0
2026-06-01 17:46:00,27.736666666666665,61.21333333333333,113.75333333333332,2.37,0.0
2026-06-01 17:47:00,27.698333333333334,61.32666666666667,111.00666666666666,2.3649999999999998,0.0
2026-06-01 17:48:00,27.66,61.44,108.25999999999999,2.36,0.0
2026-06-01 17:49:00,27.621666666666666,61.553333333333335,105.51333333333332,2.355,0.0
2026-06-01 17:50:00,27.583333333333332,61.666666666666664,102.76666666666665,2.3499999999999996,0.0
2026-06-01 17:51:00,27.544999999999998,61.78,100.01999999999998,2.3449999999999998,0.0
2026-06-01 17:52:00,27.506666666666668,61.89333333333333,97.27333333333331,2.34,0.0
2026-06-01 17:53:00,27.468333333333334,62.00666666666667,94.52666666666664,2.335,0.0
2026-06-01 17:54:00,27.43,62.12,91.78,2.33,0.0
2026-06-01 17:55:00,27.391666666666666,62.233333333333334,89.03333333333333,2.3249999999999997,0.0
2026-06-01 17:56:00,27.35333333333333,62.346666666666664,86.28666666666666,2.32,0.0
2026-06-01 17:57:00,27.314999999999998,62.46,83.53999999999999,2.315,0.0
2026-06-01 17:58:00,27.276666666666667,62.57333333333333,80.79333333333332,2.3099999999999996,0.0
2026-06-01 17:59:00,27.238333333333333,62.68666666666667,78.04666666666665,2.3049999999999997,0.0
2026-06-01 18:00:00,27.2,62.8,75.3,2.3,0.0
2026-06-01 18:01:00,27.163333333333334,62.91166666666666,74.08,2.295,0.0
2026-06-01 18:02:00,27.126666666666665,63.02333333333333,72.86,2.29,0.0
2026-06-01 18:03:00,27.09,63.135,71.64,2.2849999999999997,0.0
2026-06-01 18:04:00,27.05333333333333,63.24666666666666,70.42,2.28,0.0
2026-06-01 18:05:00,27.016666666666666,63.358333333333334,69.2,2.275,0.0
2026-06-01 18:06:00,26.98,63.47,67.97999999999999,2.27,0.0
2026-06-01 18:07:00,26.94333333333333,63.58166666666666,66.75999999999999,2.2649999999999997,0.0
2026-06-01 18:08:00,26.906666666666666,63.69333333333333,65.53999999999999,2.26,0.0
2026-06-01 18:09:00,26.87,63.805,64.32,2.255,0.0
2026-06-01 18:10:00,26.833333333333332,63.916666666666664,63.099999999999994,2.25,0.0
2026-06-01 18:11:00,26.796666666666667,64.02833333333334,61.879999999999995,2.2449999999999997,0.0
2026-06-01 18:12:00,26.759999999999998,64.14,60.66,2.2399999999999998,0.0
2026-06-01 18:13:00,26.723333333333333,64.25166666666667,59.44,2.235,0.0
2026-06-01 18:14:00,26.686666666666667,64.36333333333333,58.22,2.23,0.0
2026-06-01 18:15:00,26.65,64.475,57.0,2.2249999999999996,0.0
2026-06-01 18:16:00,26.613333333333333,64.58666666666666,55.78,2.2199999999999998,0.0
2026-06-01 18:17:00,26.576666666666664,64.69833333333334,54.56,2.215,0.0
2026-06-01 18:18:00,26.54,64.81,53.339999999999996,2.21,0.0
2026-06-01 18:19:00,26.503333333333334,64.92166666666667,52.12,2.205,0.0
2026-06-01 18:20:00,26.466666666666665,65.03333333333333,50.9,2.1999999999999997,0.0
2026-06-01 18:21:00,26.43,65.145,49.67999999999999,2.195,0.0
2026-06-01 18:22:00,26.393333333333334,65.25666666666666,48.459999999999994,2.19,0.0
2026-06-01 18:23:00,26.356666666666666,65.36833333333333,47.239999999999995,2.185,0.0
2026-06-01 18:24:00,26.32,65.48,46.019999999999996,2.1799999999999997,0.0
2026-06-01 18:25:00,26.28333333333333,65.59166666666667,44.8,2.175,0.0
2026-06-01 18:26:00,26.246666666666666,65.70333333333333,43.58,2.17,0.0
2026-06-01 18:27:00,26.21,65.815,42.36,2.165,0.0
2026-06-01 18:28:00,26.173333333333332,65.92666666666666,41.13999999999999,2.16,0.0
2026-06-01 18:29:00,26.136666666666667,66.03833333333333,39.919999999999995,2.155,0.0
2026-06-01 18:30:00,26.1,66.15,38.699999999999996,2.15,0.0
2026-06-01 18:31:00,26.063333333333333,66.26166666666667,37.48,2.145,0.0
2026-06-01 18:32:00,26.026666666666667,66.37333333333333,36.26,2.14,0.0
2026-06-01 18:33:00,25.99,66.485,35.04,2.135,0.0
2026-06-01 18:34:00,25.953333333333333,66.59666666666666,33.82,2.13,0.0
2026-06-01 18:35:00,25.916666666666668,66.70833333333333,32.599999999999994,2.125,0.0
2026-06-01 18:36:00,25.88,66.82,31.379999999999995,2.12,0.0
2026-06-01 18:37:00,25.843333333333334,66.93166666666667,30.159999999999997,2.1149999999999998,0.0
2026-06-01 18:38:00,25.806666666666665,67.04333333333334,28.939999999999998,2.11,0.0
2026-06-01 18:39:00,25.77,67.155,27.72,2.105,0.0
2026-06-01 18:40:00,25.733333333333334,67.26666666666667,26.5,2.1,0.0
2026-06-01 18:41:00,25.696666666666665,67.37833333333333,25.279999999999994,2.0949999999999998,0.0
2026-06-01 18:42:00,25.66,67.49,24.059999999999995,2.09,0.0
2026-06-01 18:43:00,25.623333333333335,67.60166666666666,22.839999999999996,2.085,0.0
2026-06-01 18:44:00,25.586666666666666,67.71333333333334,21.619999999999997,2.08,0.0
2026-06-01 18:45:00,25.55,67.825,20.4,2.075,0.0
2026-06-01 18:46:00,25.513333333333332,67.93666666666667,19.18,2.07,0.0
2026-06-01 18:47:00,25.476666666666667,68.04833333333333,17.959999999999994,2.065,0.0
2026-06-01 18:48:00,25.44,68.16,16.739999999999995,2.06,0.0
2026-06-01 18:49:00,25.403333333333332,68.27166666666666,15.519999999999996,2.055,0.0
2026-06-01 18:50:00,25.366666666666667,68.38333333333333,14.299999999999997,2.05,0.0
2026-06-01 18:51:00,25.33,68.495,13.079999999999998,2.045,0.0
2026-06-01 18:52:00,25.293333333333333,68.60666666666667,11.86,2.04,0.0
2026-06-01 18:53:00,25.256666666666668,68.71833333333333,10.64,2.035,0.0
2026-06-01 18:54:00,25.22,68.83,9.420000000000002,2.0300000000000002,0.0
2026-06-01 18:55:00,25.183333333333334,68.94166666666666,8.200000000000003,2.025,0.0
2026-06-01 18:56:00,25.14666666666667,69.05333333333333,6.97999999999999,2.02,0.0
2026-06-01 18:57:00,25.11,69.165,5.759999999999991,2.015,0.0
2026-06-01 18:58:00,25.073333333333334,69.27666666666667,4.539999999999992,2.01,0.0
2026-06-01 18:59:00,25.036666666666665,69.38833333333334,3.319999999999993,2.005,0.0
2026-06-01 19:00:00,25.0,69.5,2.1,2.0,0.0
2026-06-01 19:01:00,24.973333333333333,69.57666666666667,2.065,1.9983333333333333,0.0
2026-06-01 19:02:00,24.946666666666665,69.65333333333334,2.0300000000000002,1.9966666666666666,0.0
2026-06-01 19:03:00,24.92,69.73,1.995,1.995,0.0
2026-06-01 19:04:00,24.893333333333334,69.80666666666667,1.96,1.9933333333333334,0.0
2026-06-01 19:05:00,24.866666666666667,69.88333333333333,1.925,1.9916666666666667,0.0
2026-06-01 19:06:00,24.84,69.96,1.8900000000000001,1.99,0.0
2026-06-01 19:07:00,24.813333333333333,70.03666666666666,1.855,1.9883333333333333,0.0
2026-06-01 19:08:00,24.786666666666665,70.11333333333333,1.82,1.9866666666666666,0.0
2026-06-01 19:09:00,24.759999999999998,70.19,1.7850000000000001,1.9849999999999999,0.0
2026-06-01 19:10:00,24.733333333333334,70.26666666666667,1.75,1.9833333333333334,0.0
2026-06-01 19:11:00,24.706666666666667,70.34333333333333,1.715,1.9816666666666667,0.0
2026-06-01 19:12:00,24.68,70.42,1.6800000000000002,1.98,0.0
2026-06-01 19:13:00,24.653333333333332,70.49666666666667,1.645,1.9783333333333333,0.0
2026-06-01 19:14:00,24.626666666666665,70.57333333333334,1.61,1.9766666666666666,0.0
2026-06-01 19:15:00,24.6,70.65,1.5750000000000002,1.975,0.0
2026-06-01 19:16:00,24.573333333333334,70.72666666666666,1.54,1.9733333333333334,0.0
2026-06-01 19:17:00,24.546666666666667,70.80333333333333,1.505,1.9716666666666667,0.0
2026-06-01 19:18:00,24.52,70.88,1.4700000000000002,1.97,0.0
2026-06-01 19:19:00,24.493333333333332,70.95666666666666,1.435,1.9683333333333333,0.0
2026-06-01 19:20:00,24.466666666666665,71.03333333333333,1.4,1.9666666666666666,0.0
2026-06-01 19:21:00,24.439999999999998,71.11,1.365,1.9649999999999999,0.0
2026-06-01 19:22:00,24.413333333333334,71.18666666666667,1.33,1.9633333333333334,0.0
2026-06-01 19:23:00,24.386666666666667,71.26333333333334,1.295,1.9616666666666667,0.0
2026-06-01 19:24:00,24.36,71.34,1.26,1.96,0.0
2026-06-01 19:25:00,24.333333333333332,71.41666666666666,1.225,1.9583333333333333,0.0
2026-06-01 19:26:00,24.306666666666665,71.49333333333333,1.19,1.9566666666666666,0.0
2026-06-01 19:27:00,24.28,71.57,1.155,1.955,0.0
2026-06-01 19:28:00,24.253333333333334,71.64666666666666,1.12,1.9533333333333334,0.0
2026-06-01 19:29:00,24.226666666666667,71.72333333333333,1.085,1.9516666666666667,0.0
2026-06-01 19:30:00,24.2,71.8,1.05,1.95,0.0
2026-06-01 19:31:00,24.173333333333332,71.87666666666667,1.015,1.9483333333333333,0.0
2026-06-01 19:32:00,24.146666666666665,71.95333333333333,0.98,1.9466666666666665,0.0
2026-06-01 19:33:00,24.119999999999997,72.03,0.9450000000000001,1.9449999999999998,0.0
2026-06-01 19:34:00,24.093333333333334,72.10666666666667,0.9099999999999999,1.9433333333333334,0.0
2026-06-01 19:35:00,24.066666666666666,72.18333333333334,0.875,1.9416666666666667,0.0
2026-06-01 19:36:00,24.04,72.25999999999999,0.8400000000000001,1.94,0.0
2026-06-01 19:37:00,24.013333333333332,72.33666666666666,0.8049999999999999,1.9383333333333332,0.0
2026-06-01 19:38:00,23.986666666666665,72.41333333333333,0.77,1.9366666666666665,0.0
2026-06-01 19:39:00,23.96,72.49,0.7349999999999999,1.935,0.0
2026-06-01 19:40:00,23.933333333333334,72.56666666666666,0.7,1.9333333333333333,0.0
2026-06-01 19:41:00,23.906666666666666,72.64333333333333,0.665,1.9316666666666666,0.0
2026-06-01 19:42:00,23.88,72.72,0.6299999999999999,1.93,0.0
2026-06-01 19:43:00,23.85333333333333,72.79666666666667,0.595,1.9283333333333332,0.0
2026-06-01 19:44:00,23.826666666666664,72.87333333333333,0.56,1.9266666666666665,0.0
2026-06-01 19:45:00,23.799999999999997,72.94999999999999,0.5249999999999999,1.9249999999999998,0.0
2026-06-01 19:46:00,23.773333333333333,73.02666666666666,0.49,1.9233333333333333,0.0
2026-06-01 19:47:00,23.746666666666666,73.10333333333332,0.45499999999999985,1.9216666666666666,0.0
2026-06-01 19:48:00,23.72,73.17999999999999,0.41999999999999993,1.92,0.0
2026-06-01 19:49:00,23.69333333333333,73.25666666666666,0.385,1.9183333333333332,0.0
2026-06-01 19:50:00,23.666666666666664,73.33333333333333,0.34999999999999987,1.9166666666666665,0.0
2026-06-01 19:51:00,23.64,73.41,0.31499999999999995,1.915,0.0
2026-06-01 19:52:00,23.613333333333333,73.48666666666666,0.28,1.9133333333333333,0.0
2026-06-01 19:53:00,23.586666666666666,73.56333333333333,0.24499999999999988,1.9116666666666666,0.0
2026-06-01 19:54:00,23.56,73.64,0.20999999999999996,1.91,0.0
2026-06-01 19:55:00,23.53333333333333,73.71666666666667,0.17499999999999982,1.9083333333333332,0.0
2026-06-01 19:56:00,23.506666666666664,73.79333333333332,0.1399999999999999,1.9066666666666665,0.0
2026-06-01 19:57:00,23.479999999999997,73.86999999999999,0.10499999999999998,1.9049999999999998,0.0
2026-06-01 19:58:00,23.453333333333333,73.94666666666666,0.06999999999999984,1.9033333333333333,0.0
2026-06-01 19:59:00,23.426666666666666,74.02333333333333,0.0349999999999997,1.9016666666666666,0.0
2026-06-01 20:00:00,23.4,74.1,0.0,1.9,0.0
2026-06-01 20:01:00,23.37833333333333,74.15833333333333,0.0,1.8983333333333332,0.0
2026-06-01 20:02:00,23.356666666666666,74.21666666666665,0.0,1.8966666666666665,0.0
2026-06-01 20:03:00,23.334999999999997,74.27499999999999,0.0,1.895,0.0
2026-06-01 20:04:00,23.313333333333333,74.33333333333333,0.0,1.8933333333333333,0.0
2026-06-01 20:05:00,23.291666666666664,74.39166666666667,0.0,1.8916666666666666,0.0
2026-06-01 20:06:00,23.27,74.44999999999999,0.0,1.89,0.0
2026-06-01 20:07:00,23.24833333333333,74.50833333333333,0.0,1.8883333333333332,0.0
2026-06-01 20:08:00,23.226666666666667,74.56666666666666,0.0,1.8866666666666665,0.0
2026-06-01 20:09:00,23.205,74.625,0.0,1.885,0.0
2026-06-01 20:10:00,23.183333333333334,74.68333333333332,0.0,1.8833333333333333,0.0
2026-06-01 20:11:00,23.161666666666665,74.74166666666666,0.0,1.8816666666666666,0.0
2026-06-01 20:12:00,23.14,74.8,0.0,1.88,0.0
2026-06-01 20:13:00,23.118333333333332,74.85833333333333,0.0,1.8783333333333332,0.0
2026-06-01 20:14:00,23.096666666666668,74.91666666666666,0.0,1.8766666666666667,0.0
2026-06-01 20:15:00,23.075,74.975,0.0,1.875,0.0
2026-06-01 20:16:00,23.05333333333333,75.03333333333333,0.0,1.8733333333333333,0.0
2026-06-01 20:17:00,23.031666666666666,75.09166666666665,0.0,1.8716666666666666,0.0
2026-06-01 20:18:00,23.009999999999998,75.14999999999999,0.0,1.8699999999999999,0.0
2026-06-01 20:19:00,22.988333333333333,75.20833333333333,0.0,1.8683333333333332,0.0
2026-06-01 20:20:00,22.966666666666665,75.26666666666667,0.0,1.8666666666666667,0.0
2026-06-01 20:21:00,22.945,75.32499999999999,0.0,1.865,0.0
2026-06-01 20:22:00,22.923333333333332,75.38333333333333,0.0,1.8633333333333333,0.0
2026-06-01 20:23:00,22.901666666666667,75.44166666666666,0.0,1.8616666666666666,0.0
2026-06-01 20:24:00,22.88,75.5,0.0,1.8599999999999999,0.0
2026-06-01 20:25:00,22.858333333333334,75.55833333333332,0.0,1.8583333333333334,0.0
2026-06-01 20:26:00,22.836666666666666,75.61666666666666,0.0,1.8566666666666667,0.0
2026-06-01 20:27:00,22.815,75.675,0.0,1.855,0.0
2026-06-01 20:28:00,22.793333333333333,75.73333333333333,0.0,1.8533333333333333,0.0
2026-06-01 20:29:00,22.77166666666667,75.79166666666666,0.0,1.8516666666666666,0.0
2026-06-01 20:30:00,22.75,75.85,0.0,1.85,0.0
2026-06-01 20:31:00,22.72833333333333,75.90833333333333,0.0,1.8483333333333334,0.0
2026-06-01 20:32:00,22.706666666666667,75.96666666666665,0.0,1.8466666666666667,0.0
2026-06-01 20:33:00,22.685,76.02499999999999,0.0,1.845,0.0
2026-06-01 20:34:00,22.663333333333334,76.08333333333333,0.0,1.8433333333333333,0.0
2026-06-01 20:35:00,22.641666666666666,76.14166666666667,0.0,1.8416666666666666,0.0
2026-06-01 20:36:00,22.62,76.19999999999999,0.0,1.84,0.0
2026-06-01 20:37:00,22.598333333333333,76.25833333333333,0.0,1.8383333333333334,0.0
2026-06-01 20:38:00,22.576666666666668,76.31666666666666,0.0,1.8366666666666667,0.0
2026-06-01 20:39:00,22.555,76.375,0.0,1.835,0.0
2026-06-01 20:40:00,22.533333333333335,76.43333333333332,0.0,1.8333333333333333,0.0
2026-06-01 20:41:00,22.511666666666667,76.49166666666666,0.0,1.8316666666666666,0.0
2026-06-01 20:42:00,22.490000000000002,76.55,0.0,1.83,0.0
2026-06-01 20:43:00,22.468333333333334,76.60833333333333,0.0,1.8283333333333334,0.0
2026-06-01 20:44:00,22.446666666666665,76.66666666666666,0.0,1.8266666666666667,0.0
2026-06-01 20:45:00,22.425,76.725,0.0,1.825,0.0
2026-06-01 20:46:00,22.403333333333332,76.78333333333333,0.0,1.8233333333333333,0.0
2026-06-01 20:47:00,22.381666666666668,76.84166666666667,0.0,1.8216666666666668,0.0
2026-06-01 20:48:00,22.36,76.89999999999999,0.0,1.82,0.0
2026-06-01 20:49:00,22.338333333333335,76.95833333333333,0.0,1.8183333333333334,0.0
2026-06-01 20:50:00,22.316666666666666,77.01666666666667,0.0,1.8166666666666667,0.0
2026-06-01 20:51:00,22.295,77.07499999999999,0.0,1.815,0.0
2026-06-01 20:52:00,22.273333333333333,77.13333333333333,0.0,1.8133333333333335,0.0
2026-06-01 20:53:00,22.25166666666667,77.19166666666666,0.0,1.8116666666666668,0.0
2026-06-01 20:54:00,22.23,77.25,0.0,1.81,0.0
2026-06-01 20:55:00,22.208333333333336,77.30833333333332,0.0,1.8083333333333333,0.0
2026-06-01 20:56:00,22.186666666666667,77.36666666666666,0.0,1.8066666666666666,0.0
2026-06-01 20:57:00,22.165000000000003,77.425,0.0,1.805,0.0
2026-06-01 20:58:00,22.143333333333334,77.48333333333333,0.0,1.8033333333333335,0.0
2026-06-01 20:59:00,22.12166666666667,77.54166666666666,0.0,1.8016666666666667,0.0
2026-06-01 21:00:00,22.1,77.6,0.0,1.8,0.0
2026-06-01 21:01:00,22.085,77.63666666666666,0.0,1.7983333333333333,0.0
2026-06-01 21:02:00,22.07,77.67333333333333,0.0,1.7966666666666666,0.0
2026-06-01 21:03:00,22.055,77.71,0.0,1.795,0.0
2026-06-01 21:04:00,22.040000000000003,77.74666666666666,0.0,1.7933333333333334,0.0
2026-06-01 21:05:00,22.025000000000002,77.78333333333333,0.0,1.7916666666666667,0.0
2026-06-01 21:06:00,22.01,77.82,0.0,1.79,0.0
2026-06-01 21:07:00,21.995,77.85666666666665,0.0,1.7883333333333333,0.0
2026-06-01 21:08:00,21.98,77.89333333333333,0.0,1.7866666666666666,0.0
2026-06-01 21:09:00,21.965,77.92999999999999,0.0,1.7850000000000001,0.0
2026-06-01 21:10:00,21.950000000000003,77.96666666666667,0.0,1.7833333333333334,0.0
2026-06-01 21:11:00,21.935000000000002,78.00333333333333,0.0,1.7816666666666667,0.0
2026-06-01 21:12:00,21.92,78.03999999999999,0.0,1.78,0.0
2026-06-01 21:13:00,21.905,78.07666666666667,0.0,1.7783333333333333,0.0
2026-06-01 21:14:00,21.89,78.11333333333333,0.0,1.7766666666666666,0.0
2026-06-01 21:15:00,21.875,78.14999999999999,0.0,1.775,0.0
2026-06-01 21:16:00,21.86,78.18666666666667,0.0,1.7733333333333334,0.0
2026-06-01 21:17:00,21.845000000000002,78.22333333333333,0.0,1.7716666666666667,0.0
2026-06-01 21:18:00,21.830000000000002,78.25999999999999,0.0,1.77,0.0
2026-06-01 21:19:00,21.815,78.29666666666667,0.0,1.7683333333333333,0.0
2026-06-01 21:20:00,21.8,78.33333333333333,0.0,1.7666666666666666,0.0
2026-06-01 21:21:00,21.785,78.36999999999999,0.0,1.7650000000000001,0.0
2026-06-01 21:22:00,21.77,78.40666666666667,0.0,1.7633333333333334,0.0
2026-06-01 21:23:00,21.755,78.44333333333333,0.0,1.7616666666666667,0.0
2026-06-01 21:24:00,21.740000000000002,78.47999999999999,0.0,1.76,0.0
2026-06-01 21:25:00,21.725,78.51666666666667,0.0,1.7583333333333333,0.0
2026-06-01 21:26:00,21.71,78.55333333333333,0.0,1.7566666666666666,0.0
2026-06-01 21:27:00,21.695,78.58999999999999,0.0,1.755,0.0
2026-06-01 21:28:00,21.68,78.62666666666667,0.0,1.7533333333333334,0.0
2026-06-01 21:29:00,21.665,78.66333333333333,0.0,1.7516666666666667,0.0
2026-06-01 21:30:00,21.65,78.69999999999999,0.0,1.75,0.0
2026-06-01 21:31:00,21.635,78.73666666666666,0.0,1.7483333333333333,0.0
2026-06-01 21:32:00,21.62,78.77333333333333,0.0,1.7466666666666666,0.0
2026-06-01 21:33:00,21.605,78.81,0.0,1.745,0.0
2026-06-01 21:34:00,21.59,78.84666666666666,0.0,1.7433333333333334,0.0
2026-06-01 21:35:00,21.575,78.88333333333333,0.0,1.7416666666666667,0.0
2026-06-01 21:36:00,21.56,78.92,0.0,1.74,0.0
2026-06-01 21:37:00,21.545,78.95666666666666,0.0,1.7383333333333333,0.0
2026-06-01 21:38:00,21.53,78.99333333333333,0.0,1.7366666666666666,0.0
2026-06-01 21:39:00,21.515,79.03,0.0,1.7349999999999999,0.0
2026-06-01 21:40:00,21.5,79.06666666666666,0.0,1.7333333333333334,0.0
2026-06-01 21:41:00,21.485,79.10333333333332,0.0,1.7316666666666667,0.0
2026-06-01 21:42:00,21.47,79.14,0.0,1.73,0.0
2026-06-01 21:43:00,21.455,79.17666666666666,0.0,1.7283333333333333,0.0
2026-06-01 21:44:00,21.44,79.21333333333332,0.0,1.7266666666666666,0.0
2026-06-01 21:45:00,21.425,79.25,0.0,1.725,0.0
2026-06-01 21:46:00,21.41,79.28666666666666,0.0,1.7233333333333334,0.0
2026-06-01 21:47:00,21.395,79.32333333333332,0.0,1.7216666666666667,0.0
2026-06-01 21:48:00,21.38,79.36,0.0,1.72,0.0
2026-06-01 21:49:00,21.365,79.39666666666666,0.0,1.7183333333333333,0.0
2026-06-01 21:50:00,21.35,79.43333333333332,0.0,1.7166666666666666,0.0
2026-06-01 21:51:00,21.335,79.47,0.0,1.7149999999999999,0.0
2026-06-01 21:52:00,21.32,79.50666666666666,0.0,1.7133333333333334,0.0
2026-06-01 21:53:00,21.305,79.54333333333334,0.0,1.7116666666666667,0.0
2026-06-01 21:54:00,21.29,79.58,0.0,1.71,0.0
2026-06-01 21:55:00,21.275,79.61666666666666,0.0,1.7083333333333333,0.0
2026-06-01 21:56:00,21.259999999999998,79.65333333333334,0.0,1.7066666666666666,0.0
2026-06-01 21:57:00,21.245,79.69,0.0,1.705,0.0
2026-06-01 21:58:00,21.23,79.72666666666666,0.0,1.7033333333333334,0.0
2026-06-01 21:59:00,21.215,79.76333333333334,0.0,1.7016666666666667,0.0
2026-06-01 22:00:00,21.2,79.8,0.0,1.7,0.0
2026-06-01 22:01:00,21.188333333333333,79.825,0.0,1.6983333333333333,0.0
2026-06-01 22:02:00,21.176666666666666,79.85,0.0,1.6966666666666665,0.0
2026-06-01 22:03:00,21.165,79.875,0.0,1.695,0.0
2026-06-01 22:04:00,21.153333333333332,79.89999999999999,0.0,1.6933333333333334,0.0
2026-06-01 22:05:00,21.141666666666666,79.925,0.0,1.6916666666666667,0.0
2026-06-01 22:06:00,21.13,79.95,0.0,1.69,0.0
2026-06-01 22:07:00,21.118333333333332,79.975,0.0,1.6883333333333332,0.0
2026-06-01 22:08:00,21.106666666666666,80.0,0.0,1.6866666666666665,0.0
2026-06-01 22:09:00,21.095,80.02499999999999,0.0,1.685,0.0
2026-06-01 22:10:00,21.083333333333332,80.05,0.0,1.6833333333333333,0.0
2026-06-01 22:11:00,21.071666666666665,80.075,0.0,1.6816666666666666,0.0
2026-06-01 22:12:00,21.06,80.1,0.0,1.68,0.0
2026-06-01 22:13:00,21.048333333333332,80.125,0.0,1.6783333333333332,0.0
2026-06-01 22:14:00,21.036666666666665,80.14999999999999,0.0,1.6766666666666667,0.0
2026-06-01 22:15:00,21.025,80.175,0.0,1.675,0.0
2026-06-01 22:16:00,21.013333333333332,80.2,0.0,1.6733333333333333,0.0
2026-06-01 22:17:00,21.001666666666665,80.225,0.0,1.6716666666666666,0.0
2026-06-01 22:18:00,20.99,80.25,0.0,1.67,0.0
2026-06-01 22:19:00,20.97833333333333,80.27499999999999,0.0,1.6683333333333332,0.0
2026-06-01 22:20:00,20.966666666666665,80.3,0.0,1.6666666666666667,0.0
2026-06-01 22:21:00,20.955,80.325,0.0,1.665,0.0
2026-06-01 22:22:00,20.94333333333333,80.35,0.0,1.6633333333333333,0.0
2026-06-01 22:23:00,20.931666666666665,80.375,0.0,1.6616666666666666,0.0
2026-06-01 22:24:00,20.919999999999998,80.39999999999999,0.0,1.66,0.0
2026-06-01 22:25:00,20.90833333333333,80.425,0.0,1.6583333333333334,0.0
2026-06-01 22:26:00,20.896666666666665,80.45,0.0,1.6566666666666667,0.0
2026-06-01 22:27:00,20.884999999999998,80.475,0.0,1.655,0.0
2026-06-01 22:28:00,20.87333333333333,80.5,0.0,1.6533333333333333,0.0
2026-06-01 22:29:00,20.861666666666665,80.52499999999999,0.0,1.6516666666666666,0.0
2026-06-01 22:30:00,20.85,80.55,0.0,1.65,0.0
2026-06-01 22:31:00,20.838333333333335,80.575,0.0,1.6483333333333334,0.0
2026-06-01 22:32:00,20.826666666666668,80.6,0.0,1.6466666666666667,0.0
2026-06-01 22:33:00,20.815,80.625,0.0,1.645,0.0
2026-06-01 22:34:00,20.803333333333335,80.64999999999999,0.0,1.6433333333333333,0.0
2026-06-01 22:35:00,20.791666666666668,80.675,0.0,1.6416666666666666,0.0
2026-06-01 22:36:00,20.78,80.7,0.0,1.6400000000000001,0.0
2026-06-01 22:37:00,20.768333333333334,80.725,0.0,1.6383333333333334,0.0
2026-06-01 22:38:00,20.756666666666668,80.75,0.0,1.6366666666666667,0.0
2026-06-01 22:39:00,20.745,80.77499999999999,0.0,1.635,0.0
2026-06-01 22:40:00,20.733333333333334,80.8,0.0,1.6333333333333333,0.0
2026-06-01 22:41:00,20.721666666666668,80.825,0.0,1.6316666666666668,0.0
2026-06-01 22:42:00,20.71,80.85,0.0,1.6300000000000001,0.0
2026-06-01 22:43:00,20.698333333333334,80.875,0.0,1.6283333333333334,0.0
2026-06-01 22:44:00,20.686666666666667,80.89999999999999,0.0,1.6266666666666667,0.0
2026-06-01 22:45:00,20.675,80.925,0.0,1.625,0.0
2026-06-01 22:46:00,20.663333333333334,80.95,0.0,1.6233333333333333,0.0
2026-06-01 22:47:00,20.651666666666667,80.975,0.0,1.6216666666666668,0.0
2026-06-01 22:48:00,20.64,81.0,0.0,1.62,0.0
2026-06-01 22:49:00,20.628333333333334,81.02499999999999,0.0,1.6183333333333334,0.0
2026-06-01 22:50:00,20.616666666666667,81.05,0.0,1.6166666666666667,0.0
2026-06-01 22:51:00,20.605,81.075,0.0,1.615,0.0
2026-06-01 22:52:00,20.593333333333334,81.1,0.0,1.6133333333333333,0.0
2026-06-01 22:53:00,20.581666666666667,81.125,0.0,1.6116666666666668,0.0
2026-06-01 22:54:00,20.57,81.14999999999999,0.0,1.61,0.0
2026-06-01 22:55:00,20.558333333333334,81.175,0.0,1.6083333333333334,0.0
2026-06-01 22:56:00,20.546666666666667,81.2,0.0,1.6066666666666667,0.0
2026-06-01 22:57:00,20.535,81.225,0.0,1.605,0.0
2026-06-01 22:58:00,20.523333333333333,81.25,0.0,1.6033333333333335,0.0
2026-06-01 22:59:00,20.511666666666667,81.27499999999999,0.0,1.6016666666666668,0.0
2026-06-01 23:00:00,20.5,81.3,0.0,1.6,0.0
2026-06-01 23:01:00,20.49,81.325,0.0,1.6016666666666668,0.0
2026-06-01 23:02:00,20.48,81.35,0.0,1.6033333333333335,0.0
2026-06-01 23:03:00,20.47,81.375,0.0,1.605,0.0
2026-06-01 23:04:00,20.46,81.39999999999999,0.0,1.6066666666666667,0.0
2026-06-01 23:05:00,20.45,81.425,0.0,1.6083333333333334,0.0
2026-06-01 23:06:00,20.44,81.45,0.0,1.61,0.0
2026-06-01 23:07:00,20.43,81.475,0.0,1.6116666666666668,0.0
2026-06-01 23:08:00,20.419999999999998,81.5,0.0,1.6133333333333335,0.0
2026-06-01 23:09:00,20.41,81.52499999999999,0.0,1.615,0.0
2026-06-01 23:10:00,20.4,81.55,0.0,1.6166666666666667,0.0
2026-06-01 23:11:00,20.39,81.575,0.0,1.6183333333333334,0.0
2026-06-01 23:12:00,20.38,81.6,0.0,1.62,0.0
2026-06-01 23:13:00,20.37,81.625,0.0,1.6216666666666668,0.0
2026-06-01 23:14:00,20.36,81.64999999999999,0.0,1.6233333333333333,0.0
2026-06-01 23:15:00,20.35,81.675,0.0,1.625,0.0
2026-06-01 23:16:00,20.34,81.7,0.0,1.6266666666666667,0.0
2026-06-01 23:17:00,20.33,81.725,0.0,1.6283333333333334,0.0
2026-06-01 23:18:00,20.32,81.75,0.0,1.6300000000000001,0.0
2026-06-01 23:19:00,20.31,81.77499999999999,0.0,1.6316666666666668,0.0
2026-06-01 23:20:00,20.3,81.8,0.0,1.6333333333333333,0.0
2026-06-01 23:21:00,20.29,81.825,0.0,1.635,0.0
2026-06-01 23:22:00,20.28,81.85,0.0,1.6366666666666667,0.0
2026-06-01 23:23:00,20.27,81.875,0.0,1.6383333333333334,0.0
2026-06-01 23:24:00,20.259999999999998,81.89999999999999,0.0,1.6400000000000001,0.0
2026-06-01 23:25:00,20.25,81.925,0.0,1.6416666666666666,0.0
2026-06-01 23:26:00,20.24,81.95,0.0,1.6433333333333333,0.0
2026-06-01 23:27:00,20.23,81.975,0.0,1.645,0.0
2026-06-01 23:28:00,20.22,82.0,0.0,1.6466666666666667,0.0
2026-06-01 23:29:00,20.21,82.02499999999999,0.0,1.6483333333333334,0.0
2026-06-01 23:30:00,20.2,82.05,0.0,1.65,0.0
2026-06-01 23:31:00,20.189999999999998,82.075,0.0,1.6516666666666666,0.0
2026-06-01 23:32:00,20.18,82.1,0.0,1.6533333333333333,0.0
2026-06-01 23:33:00,20.169999999999998,82.125,0.0,1.655,0.0
2026-06-01 23:34:00,20.16,82.14999999999999,0.0,1.6566666666666667,0.0
2026-06-01 23:35:00,20.15,82.175,0.0,1.6583333333333334,0.0
2026-06-01 23:36:00,20.14,82.2,0.0,1.66,0.0
2026-06-01 23:37:00,20.13,82.225,0.0,1.6616666666666666,0.0
2026-06-01 23:38:00,20.119999999999997,82.25,0.0,1.6633333333333333,0.0
2026-06-01 23:39:00,20.11,82.27499999999999,0.0,1.665,0.0
2026-06-01 23:40:00,20.099999999999998,82.3,0.0,1.6666666666666667,0.0
2026-06-01 23:41:00,20.09,82.325,0.0,1.6683333333333334,0.0
2026-06-01 23:42:00,20.08,82.35,0.0,1.67,0.0
2026-06-01 23:43:00,20.07,82.375,0.0,1.6716666666666666,0.0
2026-06-01 23:44:00,20.06,82.39999999999999,0.0,1.6733333333333333,0.0
2026-06-01 23:45:00,20.049999999999997,82.425,0.0,1.675,0.0
2026-06-01 23:46:00,20.04,82.45,0.0,1.6766666666666667,0.0
2026-06-01 23:47:00,20.029999999999998,82.475,0.0,1.6783333333333332,0.0
2026-06-01 23:48:00,20.02,82.5,0.0,1.68,0.0
2026-06-01 23:49:00,20.009999999999998,82.52499999999999,0.0,1.6816666666666666,0.0
2026-06-01 23:50:00,20.0,82.55,0.0,1.6833333333333333,0.0
2026-06-01 23:51:00,19.99,82.575,0.0,1.685,0.0
2026-06-01 23:52:00,19.98,82.6,0.0,1.6866666666666665,0.0
2026-06-01 23:53:00,19.97,82.625,0.0,1.6883333333333332,0.0
2026-06-01 23:54:00,19.959999999999997,82.64999999999999,0.0,1.69,0.0
2026-06-01 23:55:00,19.95,82.675,0.0,1.6916666666666667,0.0
2026-06-01 23:56:00,19.939999999999998,82.7,0.0,1.6933333333333334,0.0
2026-06-01 23:57:00,19.93,82.725,0.0,1.695,0.0
2026-06-01 23:58:00,19.919999999999998,82.75,0.0,1.6966666666666665,0.0
2026-06-01 23:59:00,19.91,82.77499999999999,0.0,1.6983333333333333,0.0
2026-06-02 00:00:00,19.9,82.8,0.0,1.7,0.0
